{"type":"FeatureCollection","features":[{"type":"Feature","properties":{"jobs":75,"pop":112,"pointCount":5,"homeWorkCommuteMedian":43884,"workHomeCommuteMedian":25442},"geometry":{"type":"Polygon","coordinates":[[[132.43268005474536,33.55406378435145],[132.43268005474536,33.563056987988695],[132.4416732583826,33.563056987988695],[132.4416732583826,33.55406378435145],[132.43268005474536,33.55406378435145]]]}},{"type":"Feature","properties":{"jobs":20,"pop":52,"pointCount":2,"homeWorkCommuteMedian":30352,"workHomeCommuteMedian":57439},"geometry":{"type":"Polygon","coordinates":[[[132.4416732583826,33.563056987988695],[132.4416732583826,33.57205019162594],[132.45066646201983,33.57205019162594],[132.45066646201983,33.563056987988695],[132.4416732583826,33.563056987988695]]]}},{"type":"Feature","properties":{"jobs":14,"pop":141,"pointCount":3,"homeWorkCommuteMedian":13383,"workHomeCommuteMedian":23934},"geometry":{"type":"Polygon","coordinates":[[[132.4416732583826,33.57205019162594],[132.4416732583826,33.58104339526319],[132.45066646201983,33.58104339526319],[132.45066646201983,33.57205019162594],[132.4416732583826,33.57205019162594]]]}},{"type":"Feature","properties":{"jobs":12,"pop":47,"pointCount":3,"homeWorkCommuteMedian":22671,"workHomeCommuteMedian":23577},"geometry":{"type":"Polygon","coordinates":[[[132.45066646201983,33.5450705807142],[132.45066646201983,33.55406378435145],[132.45965966565706,33.55406378435145],[132.45965966565706,33.5450705807142],[132.45066646201983,33.5450705807142]]]}},{"type":"Feature","properties":{"jobs":0,"pop":13,"pointCount":1,"homeWorkCommuteMedian":25785,"workHomeCommuteMedian":-1},"geometry":{"type":"Polygon","coordinates":[[[132.45066646201983,33.55406378435145],[132.45066646201983,33.563056987988695],[132.45965966565706,33.563056987988695],[132.45965966565706,33.55406378435145],[132.45066646201983,33.55406378435145]]]}},{"type":"Feature","properties":{"jobs":0,"pop":17,"pointCount":1,"homeWorkCommuteMedian":9205,"workHomeCommuteMedian":-1},"geometry":{"type":"Polygon","coordinates":[[[132.45066646201983,33.563056987988695],[132.45066646201983,33.57205019162594],[132.45965966565706,33.57205019162594],[132.45965966565706,33.563056987988695],[132.45066646201983,33.563056987988695]]]}},{"type":"Feature","properties":{"jobs":0,"pop":30,"pointCount":1,"homeWorkCommuteMedian":49031,"workHomeCommuteMedian":-1},"geometry":{"type":"Polygon","coordinates":[[[132.45066646201983,33.57205019162594],[132.45066646201983,33.58104339526319],[132.45965966565706,33.58104339526319],[132.45965966565706,33.57205019162594],[132.45066646201983,33.57205019162594]]]}},{"type":"Feature","properties":{"jobs":5,"pop":16,"pointCount":1,"homeWorkCommuteMedian":17734,"workHomeCommuteMedian":8509},"geometry":{"type":"Polygon","coordinates":[[[132.45066646201983,33.58104339526319],[132.45066646201983,33.59003659890043],[132.45965966565706,33.59003659890043],[132.45965966565706,33.58104339526319],[132.45066646201983,33.58104339526319]]]}},{"type":"Feature","properties":{"jobs":50,"pop":33,"pointCount":3,"homeWorkCommuteMedian":71720,"workHomeCommuteMedian":18451},"geometry":{"type":"Polygon","coordinates":[[[132.45965966565706,33.55406378435145],[132.45965966565706,33.563056987988695],[132.4686528692943,33.563056987988695],[132.4686528692943,33.55406378435145],[132.45965966565706,33.55406378435145]]]}},{"type":"Feature","properties":{"jobs":0,"pop":20,"pointCount":1,"homeWorkCommuteMedian":20323,"workHomeCommuteMedian":-1},"geometry":{"type":"Polygon","coordinates":[[[132.45965966565706,33.563056987988695],[132.45965966565706,33.57205019162594],[132.4686528692943,33.57205019162594],[132.4686528692943,33.563056987988695],[132.45965966565706,33.563056987988695]]]}},{"type":"Feature","properties":{"jobs":0,"pop":51,"pointCount":1,"homeWorkCommuteMedian":18488,"workHomeCommuteMedian":-1},"geometry":{"type":"Polygon","coordinates":[[[132.45965966565706,33.58104339526319],[132.45965966565706,33.59003659890043],[132.4686528692943,33.59003659890043],[132.4686528692943,33.58104339526319],[132.45965966565706,33.58104339526319]]]}},{"type":"Feature","properties":{"jobs":0,"pop":19,"pointCount":1,"homeWorkCommuteMedian":27697,"workHomeCommuteMedian":-1},"geometry":{"type":"Polygon","coordinates":[[[132.4686528692943,33.48211815525348],[132.4686528692943,33.49111135889073],[132.47764607293152,33.49111135889073],[132.47764607293152,33.48211815525348],[132.4686528692943,33.48211815525348]]]}},{"type":"Feature","properties":{"jobs":0,"pop":12,"pointCount":1,"homeWorkCommuteMedian":24599,"workHomeCommuteMedian":-1},"geometry":{"type":"Polygon","coordinates":[[[132.4686528692943,33.5450705807142],[132.4686528692943,33.55406378435145],[132.47764607293152,33.55406378435145],[132.47764607293152,33.5450705807142],[132.4686528692943,33.5450705807142]]]}},{"type":"Feature","properties":{"jobs":15,"pop":39,"pointCount":3,"homeWorkCommuteMedian":49345,"workHomeCommuteMedian":17942},"geometry":{"type":"Polygon","coordinates":[[[132.4686528692943,33.55406378435145],[132.4686528692943,33.563056987988695],[132.47764607293152,33.563056987988695],[132.47764607293152,33.55406378435145],[132.4686528692943,33.55406378435145]]]}},{"type":"Feature","properties":{"jobs":0,"pop":19,"pointCount":1,"homeWorkCommuteMedian":11054,"workHomeCommuteMedian":-1},"geometry":{"type":"Polygon","coordinates":[[[132.4686528692943,33.58104339526319],[132.4686528692943,33.59003659890043],[132.47764607293152,33.59003659890043],[132.47764607293152,33.58104339526319],[132.4686528692943,33.58104339526319]]]}},{"type":"Feature","properties":{"jobs":0,"pop":55,"pointCount":1,"homeWorkCommuteMedian":50227,"workHomeCommuteMedian":-1},"geometry":{"type":"Polygon","coordinates":[[[132.4686528692943,33.59003659890043],[132.4686528692943,33.59902980253768],[132.47764607293152,33.59902980253768],[132.47764607293152,33.59003659890043],[132.4686528692943,33.59003659890043]]]}},{"type":"Feature","properties":{"jobs":0,"pop":15,"pointCount":1,"homeWorkCommuteMedian":110482,"workHomeCommuteMedian":-1},"geometry":{"type":"Polygon","coordinates":[[[132.4686528692943,33.59902980253768],[132.4686528692943,33.608023006174925],[132.47764607293152,33.608023006174925],[132.47764607293152,33.59902980253768],[132.4686528692943,33.59902980253768]]]}},{"type":"Feature","properties":{"jobs":34,"pop":57,"pointCount":1,"homeWorkCommuteMedian":46295,"workHomeCommuteMedian":55960},"geometry":{"type":"Polygon","coordinates":[[[132.4686528692943,33.608023006174925],[132.4686528692943,33.61701620981217],[132.47764607293152,33.61701620981217],[132.47764607293152,33.608023006174925],[132.4686528692943,33.608023006174925]]]}},{"type":"Feature","properties":{"jobs":0,"pop":30,"pointCount":2,"homeWorkCommuteMedian":10722,"workHomeCommuteMedian":-1},"geometry":{"type":"Polygon","coordinates":[[[132.47764607293152,33.49111135889073],[132.47764607293152,33.50010456252797],[132.48663927656875,33.50010456252797],[132.48663927656875,33.49111135889073],[132.47764607293152,33.49111135889073]]]}},{"type":"Feature","properties":{"jobs":0,"pop":14,"pointCount":1,"homeWorkCommuteMedian":12180,"workHomeCommuteMedian":-1},"geometry":{"type":"Polygon","coordinates":[[[132.47764607293152,33.50909776616522],[132.47764607293152,33.518090969802465],[132.48663927656875,33.518090969802465],[132.48663927656875,33.50909776616522],[132.47764607293152,33.50909776616522]]]}},{"type":"Feature","properties":{"jobs":0,"pop":12,"pointCount":1,"homeWorkCommuteMedian":55282,"workHomeCommuteMedian":-1},"geometry":{"type":"Polygon","coordinates":[[[132.47764607293152,33.55406378435145],[132.47764607293152,33.563056987988695],[132.48663927656875,33.563056987988695],[132.48663927656875,33.55406378435145],[132.47764607293152,33.55406378435145]]]}},{"type":"Feature","properties":{"jobs":1,"pop":0,"pointCount":1,"homeWorkCommuteMedian":-1,"workHomeCommuteMedian":10477},"geometry":{"type":"Polygon","coordinates":[[[132.47764607293152,33.58104339526319],[132.47764607293152,33.59003659890043],[132.48663927656875,33.59003659890043],[132.48663927656875,33.58104339526319],[132.47764607293152,33.58104339526319]]]}},{"type":"Feature","properties":{"jobs":66,"pop":172,"pointCount":8,"homeWorkCommuteMedian":34288,"workHomeCommuteMedian":15361},"geometry":{"type":"Polygon","coordinates":[[[132.47764607293152,33.59902980253768],[132.47764607293152,33.608023006174925],[132.48663927656875,33.608023006174925],[132.48663927656875,33.59902980253768],[132.47764607293152,33.59902980253768]]]}},{"type":"Feature","properties":{"jobs":1267,"pop":694,"pointCount":13,"homeWorkCommuteMedian":19902,"workHomeCommuteMedian":11547},"geometry":{"type":"Polygon","coordinates":[[[132.47764607293152,33.608023006174925],[132.47764607293152,33.61701620981217],[132.48663927656875,33.61701620981217],[132.48663927656875,33.608023006174925],[132.47764607293152,33.608023006174925]]]}},{"type":"Feature","properties":{"jobs":0,"pop":34,"pointCount":2,"homeWorkCommuteMedian":20358,"workHomeCommuteMedian":-1},"geometry":{"type":"Polygon","coordinates":[[[132.48663927656875,33.49111135889073],[132.48663927656875,33.50010456252797],[132.49563248020598,33.50010456252797],[132.49563248020598,33.49111135889073],[132.48663927656875,33.49111135889073]]]}},{"type":"Feature","properties":{"jobs":0,"pop":14,"pointCount":1,"homeWorkCommuteMedian":61657,"workHomeCommuteMedian":-1},"geometry":{"type":"Polygon","coordinates":[[[132.48663927656875,33.52708417343971],[132.48663927656875,33.53607737707696],[132.49563248020598,33.53607737707696],[132.49563248020598,33.52708417343971],[132.48663927656875,33.52708417343971]]]}},{"type":"Feature","properties":{"jobs":20,"pop":62,"pointCount":3,"homeWorkCommuteMedian":20158,"workHomeCommuteMedian":43972},"geometry":{"type":"Polygon","coordinates":[[[132.48663927656875,33.58104339526319],[132.48663927656875,33.59003659890043],[132.49563248020598,33.59003659890043],[132.49563248020598,33.58104339526319],[132.48663927656875,33.58104339526319]]]}},{"type":"Feature","properties":{"jobs":40,"pop":138,"pointCount":6,"homeWorkCommuteMedian":34536,"workHomeCommuteMedian":19909},"geometry":{"type":"Polygon","coordinates":[[[132.48663927656875,33.59003659890043],[132.48663927656875,33.59902980253768],[132.49563248020598,33.59902980253768],[132.49563248020598,33.59003659890043],[132.48663927656875,33.59003659890043]]]}},{"type":"Feature","properties":{"jobs":22,"pop":96,"pointCount":4,"homeWorkCommuteMedian":38609,"workHomeCommuteMedian":22980},"geometry":{"type":"Polygon","coordinates":[[[132.48663927656875,33.59902980253768],[132.48663927656875,33.608023006174925],[132.49563248020598,33.608023006174925],[132.49563248020598,33.59902980253768],[132.48663927656875,33.59902980253768]]]}},{"type":"Feature","properties":{"jobs":78,"pop":167,"pointCount":6,"homeWorkCommuteMedian":31096,"workHomeCommuteMedian":31140},"geometry":{"type":"Polygon","coordinates":[[[132.48663927656875,33.608023006174925],[132.48663927656875,33.61701620981217],[132.49563248020598,33.61701620981217],[132.49563248020598,33.608023006174925],[132.48663927656875,33.608023006174925]]]}},{"type":"Feature","properties":{"jobs":0,"pop":3,"pointCount":1,"homeWorkCommuteMedian":41888,"workHomeCommuteMedian":-1},"geometry":{"type":"Polygon","coordinates":[[[132.48663927656875,33.73392785709637],[132.48663927656875,33.742921060733615],[132.49563248020598,33.742921060733615],[132.49563248020598,33.73392785709637],[132.48663927656875,33.73392785709637]]]}},{"type":"Feature","properties":{"jobs":190,"pop":306,"pointCount":7,"homeWorkCommuteMedian":9976,"workHomeCommuteMedian":9057},"geometry":{"type":"Polygon","coordinates":[[[132.49563248020598,33.473124951616235],[132.49563248020598,33.48211815525348],[132.50462568384322,33.48211815525348],[132.50462568384322,33.473124951616235],[132.49563248020598,33.473124951616235]]]}},{"type":"Feature","properties":{"jobs":59,"pop":0,"pointCount":1,"homeWorkCommuteMedian":-1,"workHomeCommuteMedian":7589},"geometry":{"type":"Polygon","coordinates":[[[132.49563248020598,33.50010456252797],[132.49563248020598,33.50909776616522],[132.50462568384322,33.50909776616522],[132.50462568384322,33.50010456252797],[132.49563248020598,33.50010456252797]]]}},{"type":"Feature","properties":{"jobs":52,"pop":44,"pointCount":3,"homeWorkCommuteMedian":13282,"workHomeCommuteMedian":14027},"geometry":{"type":"Polygon","coordinates":[[[132.49563248020598,33.52708417343971],[132.49563248020598,33.53607737707696],[132.50462568384322,33.53607737707696],[132.50462568384322,33.52708417343971],[132.49563248020598,33.52708417343971]]]}},{"type":"Feature","properties":{"jobs":11,"pop":59,"pointCount":3,"homeWorkCommuteMedian":14264,"workHomeCommuteMedian":10282},"geometry":{"type":"Polygon","coordinates":[[[132.49563248020598,33.53607737707696],[132.49563248020598,33.5450705807142],[132.50462568384322,33.5450705807142],[132.50462568384322,33.53607737707696],[132.49563248020598,33.53607737707696]]]}},{"type":"Feature","properties":{"jobs":0,"pop":52,"pointCount":1,"homeWorkCommuteMedian":14765,"workHomeCommuteMedian":-1},"geometry":{"type":"Polygon","coordinates":[[[132.49563248020598,33.55406378435145],[132.49563248020598,33.563056987988695],[132.50462568384322,33.563056987988695],[132.50462568384322,33.55406378435145],[132.49563248020598,33.55406378435145]]]}},{"type":"Feature","properties":{"jobs":0,"pop":27,"pointCount":2,"homeWorkCommuteMedian":41317,"workHomeCommuteMedian":-1},"geometry":{"type":"Polygon","coordinates":[[[132.49563248020598,33.58104339526319],[132.49563248020598,33.59003659890043],[132.50462568384322,33.59003659890043],[132.50462568384322,33.58104339526319],[132.49563248020598,33.58104339526319]]]}},{"type":"Feature","properties":{"jobs":94,"pop":212,"pointCount":9,"homeWorkCommuteMedian":35423,"workHomeCommuteMedian":13247},"geometry":{"type":"Polygon","coordinates":[[[132.49563248020598,33.59003659890043],[132.49563248020598,33.59902980253768],[132.50462568384322,33.59902980253768],[132.50462568384322,33.59003659890043],[132.49563248020598,33.59003659890043]]]}},{"type":"Feature","properties":{"jobs":456,"pop":93,"pointCount":3,"homeWorkCommuteMedian":28400,"workHomeCommuteMedian":18096},"geometry":{"type":"Polygon","coordinates":[[[132.49563248020598,33.61701620981217],[132.49563248020598,33.62600941344942],[132.50462568384322,33.62600941344942],[132.50462568384322,33.61701620981217],[132.49563248020598,33.61701620981217]]]}},{"type":"Feature","properties":{"jobs":0,"pop":6,"pointCount":1,"homeWorkCommuteMedian":61618,"workHomeCommuteMedian":-1},"geometry":{"type":"Polygon","coordinates":[[[132.50462568384322,33.4461453407045],[132.50462568384322,33.45513854434174],[132.51361888748045,33.45513854434174],[132.51361888748045,33.4461453407045],[132.50462568384322,33.4461453407045]]]}},{"type":"Feature","properties":{"jobs":0,"pop":14,"pointCount":1,"homeWorkCommuteMedian":58600,"workHomeCommuteMedian":-1},"geometry":{"type":"Polygon","coordinates":[[[132.50462568384322,33.46413174797899],[132.50462568384322,33.473124951616235],[132.51361888748045,33.473124951616235],[132.51361888748045,33.46413174797899],[132.50462568384322,33.46413174797899]]]}},{"type":"Feature","properties":{"jobs":99,"pop":0,"pointCount":1,"homeWorkCommuteMedian":-1,"workHomeCommuteMedian":10511},"geometry":{"type":"Polygon","coordinates":[[[132.50462568384322,33.473124951616235],[132.50462568384322,33.48211815525348],[132.51361888748045,33.48211815525348],[132.51361888748045,33.473124951616235],[132.50462568384322,33.473124951616235]]]}},{"type":"Feature","properties":{"jobs":127,"pop":190,"pointCount":9,"homeWorkCommuteMedian":9594,"workHomeCommuteMedian":9253},"geometry":{"type":"Polygon","coordinates":[[[132.50462568384322,33.48211815525348],[132.50462568384322,33.49111135889073],[132.51361888748045,33.49111135889073],[132.51361888748045,33.48211815525348],[132.50462568384322,33.48211815525348]]]}},{"type":"Feature","properties":{"jobs":0,"pop":31,"pointCount":2,"homeWorkCommuteMedian":3050,"workHomeCommuteMedian":-1},"geometry":{"type":"Polygon","coordinates":[[[132.50462568384322,33.49111135889073],[132.50462568384322,33.50010456252797],[132.51361888748045,33.50010456252797],[132.51361888748045,33.49111135889073],[132.50462568384322,33.49111135889073]]]}},{"type":"Feature","properties":{"jobs":36,"pop":26,"pointCount":2,"homeWorkCommuteMedian":39409,"workHomeCommuteMedian":44776},"geometry":{"type":"Polygon","coordinates":[[[132.50462568384322,33.50010456252797],[132.50462568384322,33.50909776616522],[132.51361888748045,33.50909776616522],[132.51361888748045,33.50010456252797],[132.50462568384322,33.50010456252797]]]}},{"type":"Feature","properties":{"jobs":0,"pop":18,"pointCount":1,"homeWorkCommuteMedian":11226,"workHomeCommuteMedian":-1},"geometry":{"type":"Polygon","coordinates":[[[132.50462568384322,33.518090969802465],[132.50462568384322,33.52708417343971],[132.51361888748045,33.52708417343971],[132.51361888748045,33.518090969802465],[132.50462568384322,33.518090969802465]]]}},{"type":"Feature","properties":{"jobs":0,"pop":38,"pointCount":3,"homeWorkCommuteMedian":14619,"workHomeCommuteMedian":-1},"geometry":{"type":"Polygon","coordinates":[[[132.50462568384322,33.53607737707696],[132.50462568384322,33.5450705807142],[132.51361888748045,33.5450705807142],[132.51361888748045,33.53607737707696],[132.50462568384322,33.53607737707696]]]}},{"type":"Feature","properties":{"jobs":0,"pop":11,"pointCount":1,"homeWorkCommuteMedian":10696,"workHomeCommuteMedian":-1},"geometry":{"type":"Polygon","coordinates":[[[132.50462568384322,33.563056987988695],[132.50462568384322,33.57205019162594],[132.51361888748045,33.57205019162594],[132.51361888748045,33.563056987988695],[132.50462568384322,33.563056987988695]]]}},{"type":"Feature","properties":{"jobs":12,"pop":29,"pointCount":3,"homeWorkCommuteMedian":11714,"workHomeCommuteMedian":44851},"geometry":{"type":"Polygon","coordinates":[[[132.50462568384322,33.59003659890043],[132.50462568384322,33.59902980253768],[132.51361888748045,33.59902980253768],[132.51361888748045,33.59003659890043],[132.50462568384322,33.59003659890043]]]}},{"type":"Feature","properties":{"jobs":197,"pop":0,"pointCount":1,"homeWorkCommuteMedian":-1,"workHomeCommuteMedian":30896},"geometry":{"type":"Polygon","coordinates":[[[132.50462568384322,33.61701620981217],[132.50462568384322,33.62600941344942],[132.51361888748045,33.62600941344942],[132.51361888748045,33.61701620981217],[132.50462568384322,33.61701620981217]]]}},{"type":"Feature","properties":{"jobs":16,"pop":0,"pointCount":1,"homeWorkCommuteMedian":-1,"workHomeCommuteMedian":983},"geometry":{"type":"Polygon","coordinates":[[[132.50462568384322,33.967751151664764],[132.50462568384322,33.97674435530201],[132.51361888748045,33.97674435530201],[132.51361888748045,33.967751151664764],[132.50462568384322,33.967751151664764]]]}},{"type":"Feature","properties":{"jobs":62,"pop":131,"pointCount":5,"homeWorkCommuteMedian":38185,"workHomeCommuteMedian":42106},"geometry":{"type":"Polygon","coordinates":[[[132.50462568384322,33.97674435530201],[132.50462568384322,33.985737558939256],[132.51361888748045,33.985737558939256],[132.51361888748045,33.97674435530201],[132.50462568384322,33.97674435530201]]]}},{"type":"Feature","properties":{"jobs":106,"pop":204,"pointCount":8,"homeWorkCommuteMedian":10239,"workHomeCommuteMedian":12295},"geometry":{"type":"Polygon","coordinates":[[[132.51361888748045,33.48211815525348],[132.51361888748045,33.49111135889073],[132.52261209111768,33.49111135889073],[132.52261209111768,33.48211815525348],[132.51361888748045,33.48211815525348]]]}},{"type":"Feature","properties":{"jobs":302,"pop":197,"pointCount":12,"homeWorkCommuteMedian":5363,"workHomeCommuteMedian":8772},"geometry":{"type":"Polygon","coordinates":[[[132.51361888748045,33.49111135889073],[132.51361888748045,33.50010456252797],[132.52261209111768,33.50010456252797],[132.52261209111768,33.49111135889073],[132.51361888748045,33.49111135889073]]]}},{"type":"Feature","properties":{"jobs":51,"pop":18,"pointCount":2,"homeWorkCommuteMedian":43848,"workHomeCommuteMedian":9002},"geometry":{"type":"Polygon","coordinates":[[[132.51361888748045,33.50010456252797],[132.51361888748045,33.50909776616522],[132.52261209111768,33.50909776616522],[132.52261209111768,33.50010456252797],[132.51361888748045,33.50010456252797]]]}},{"type":"Feature","properties":{"jobs":17,"pop":37,"pointCount":2,"homeWorkCommuteMedian":47165,"workHomeCommuteMedian":6482},"geometry":{"type":"Polygon","coordinates":[[[132.51361888748045,33.518090969802465],[132.51361888748045,33.52708417343971],[132.52261209111768,33.52708417343971],[132.52261209111768,33.518090969802465],[132.51361888748045,33.518090969802465]]]}},{"type":"Feature","properties":{"jobs":0,"pop":98,"pointCount":1,"homeWorkCommuteMedian":49188,"workHomeCommuteMedian":-1},"geometry":{"type":"Polygon","coordinates":[[[132.51361888748045,33.563056987988695],[132.51361888748045,33.57205019162594],[132.52261209111768,33.57205019162594],[132.52261209111768,33.563056987988695],[132.51361888748045,33.563056987988695]]]}},{"type":"Feature","properties":{"jobs":136,"pop":86,"pointCount":6,"homeWorkCommuteMedian":10725,"workHomeCommuteMedian":11807},"geometry":{"type":"Polygon","coordinates":[[[132.51361888748045,33.57205019162594],[132.51361888748045,33.58104339526319],[132.52261209111768,33.58104339526319],[132.52261209111768,33.57205019162594],[132.51361888748045,33.57205019162594]]]}},{"type":"Feature","properties":{"jobs":22,"pop":82,"pointCount":5,"homeWorkCommuteMedian":11826,"workHomeCommuteMedian":20770},"geometry":{"type":"Polygon","coordinates":[[[132.51361888748045,33.58104339526319],[132.51361888748045,33.59003659890043],[132.52261209111768,33.59003659890043],[132.52261209111768,33.58104339526319],[132.51361888748045,33.58104339526319]]]}},{"type":"Feature","properties":{"jobs":0,"pop":22,"pointCount":1,"homeWorkCommuteMedian":28993,"workHomeCommuteMedian":-1},"geometry":{"type":"Polygon","coordinates":[[[132.51361888748045,33.61701620981217],[132.51361888748045,33.62600941344942],[132.52261209111768,33.62600941344942],[132.52261209111768,33.61701620981217],[132.51361888748045,33.61701620981217]]]}},{"type":"Feature","properties":{"jobs":0,"pop":37,"pointCount":2,"homeWorkCommuteMedian":34944,"workHomeCommuteMedian":-1},"geometry":{"type":"Polygon","coordinates":[[[132.51361888748045,33.62600941344942],[132.51361888748045,33.63500261708666],[132.52261209111768,33.63500261708666],[132.52261209111768,33.62600941344942],[132.51361888748045,33.62600941344942]]]}},{"type":"Feature","properties":{"jobs":0,"pop":24,"pointCount":1,"homeWorkCommuteMedian":50469,"workHomeCommuteMedian":-1},"geometry":{"type":"Polygon","coordinates":[[[132.51361888748045,33.97674435530201],[132.51361888748045,33.985737558939256],[132.52261209111768,33.985737558939256],[132.52261209111768,33.97674435530201],[132.51361888748045,33.97674435530201]]]}},{"type":"Feature","properties":{"jobs":0,"pop":35,"pointCount":2,"homeWorkCommuteMedian":39756,"workHomeCommuteMedian":-1},"geometry":{"type":"Polygon","coordinates":[[[132.52261209111768,33.45513854434174],[132.52261209111768,33.46413174797899],[132.5316052947549,33.46413174797899],[132.5316052947549,33.45513854434174],[132.52261209111768,33.45513854434174]]]}},{"type":"Feature","properties":{"jobs":711,"pop":558,"pointCount":14,"homeWorkCommuteMedian":7167,"workHomeCommuteMedian":9837},"geometry":{"type":"Polygon","coordinates":[[[132.52261209111768,33.50010456252797],[132.52261209111768,33.50909776616522],[132.5316052947549,33.50909776616522],[132.5316052947549,33.50010456252797],[132.52261209111768,33.50010456252797]]]}},{"type":"Feature","properties":{"jobs":0,"pop":105,"pointCount":4,"homeWorkCommuteMedian":21735,"workHomeCommuteMedian":-1},"geometry":{"type":"Polygon","coordinates":[[[132.52261209111768,33.50909776616522],[132.52261209111768,33.518090969802465],[132.5316052947549,33.518090969802465],[132.5316052947549,33.50909776616522],[132.52261209111768,33.50909776616522]]]}},{"type":"Feature","properties":{"jobs":0,"pop":63,"pointCount":3,"homeWorkCommuteMedian":53080,"workHomeCommuteMedian":-1},"geometry":{"type":"Polygon","coordinates":[[[132.52261209111768,33.55406378435145],[132.52261209111768,33.563056987988695],[132.5316052947549,33.563056987988695],[132.5316052947549,33.55406378435145],[132.52261209111768,33.55406378435145]]]}},{"type":"Feature","properties":{"jobs":53,"pop":85,"pointCount":5,"homeWorkCommuteMedian":8924,"workHomeCommuteMedian":13383},"geometry":{"type":"Polygon","coordinates":[[[132.52261209111768,33.563056987988695],[132.52261209111768,33.57205019162594],[132.5316052947549,33.57205019162594],[132.5316052947549,33.563056987988695],[132.52261209111768,33.563056987988695]]]}},{"type":"Feature","properties":{"jobs":94,"pop":135,"pointCount":8,"homeWorkCommuteMedian":12888,"workHomeCommuteMedian":10244},"geometry":{"type":"Polygon","coordinates":[[[132.52261209111768,33.57205019162594],[132.52261209111768,33.58104339526319],[132.5316052947549,33.58104339526319],[132.5316052947549,33.57205019162594],[132.52261209111768,33.57205019162594]]]}},{"type":"Feature","properties":{"jobs":0,"pop":15,"pointCount":1,"homeWorkCommuteMedian":8598,"workHomeCommuteMedian":-1},"geometry":{"type":"Polygon","coordinates":[[[132.52261209111768,33.58104339526319],[132.52261209111768,33.59003659890043],[132.5316052947549,33.59003659890043],[132.5316052947549,33.58104339526319],[132.52261209111768,33.58104339526319]]]}},{"type":"Feature","properties":{"jobs":6,"pop":49,"pointCount":2,"homeWorkCommuteMedian":29465,"workHomeCommuteMedian":49188},"geometry":{"type":"Polygon","coordinates":[[[132.52261209111768,33.59902980253768],[132.52261209111768,33.608023006174925],[132.5316052947549,33.608023006174925],[132.5316052947549,33.59902980253768],[132.52261209111768,33.59902980253768]]]}},{"type":"Feature","properties":{"jobs":0,"pop":78,"pointCount":5,"homeWorkCommuteMedian":38834,"workHomeCommuteMedian":-1},"geometry":{"type":"Polygon","coordinates":[[[132.52261209111768,33.62600941344942],[132.52261209111768,33.63500261708666],[132.5316052947549,33.63500261708666],[132.5316052947549,33.62600941344942],[132.52261209111768,33.62600941344942]]]}},{"type":"Feature","properties":{"jobs":0,"pop":28,"pointCount":1,"homeWorkCommuteMedian":61084,"workHomeCommuteMedian":-1},"geometry":{"type":"Polygon","coordinates":[[[132.5316052947549,33.4461453407045],[132.5316052947549,33.45513854434174],[132.54059849839214,33.45513854434174],[132.54059849839214,33.4461453407045],[132.5316052947549,33.4461453407045]]]}},{"type":"Feature","properties":{"jobs":10,"pop":0,"pointCount":1,"homeWorkCommuteMedian":-1,"workHomeCommuteMedian":9525},"geometry":{"type":"Polygon","coordinates":[[[132.5316052947549,33.45513854434174],[132.5316052947549,33.46413174797899],[132.54059849839214,33.46413174797899],[132.54059849839214,33.45513854434174],[132.5316052947549,33.45513854434174]]]}},{"type":"Feature","properties":{"jobs":0,"pop":63,"pointCount":3,"homeWorkCommuteMedian":10371,"workHomeCommuteMedian":-1},"geometry":{"type":"Polygon","coordinates":[[[132.5316052947549,33.46413174797899],[132.5316052947549,33.473124951616235],[132.54059849839214,33.473124951616235],[132.54059849839214,33.46413174797899],[132.5316052947549,33.46413174797899]]]}},{"type":"Feature","properties":{"jobs":2,"pop":0,"pointCount":1,"homeWorkCommuteMedian":-1,"workHomeCommuteMedian":3833},"geometry":{"type":"Polygon","coordinates":[[[132.5316052947549,33.473124951616235],[132.5316052947549,33.48211815525348],[132.54059849839214,33.48211815525348],[132.54059849839214,33.473124951616235],[132.5316052947549,33.473124951616235]]]}},{"type":"Feature","properties":{"jobs":17,"pop":45,"pointCount":3,"homeWorkCommuteMedian":4885,"workHomeCommuteMedian":16712},"geometry":{"type":"Polygon","coordinates":[[[132.5316052947549,33.48211815525348],[132.5316052947549,33.49111135889073],[132.54059849839214,33.49111135889073],[132.54059849839214,33.48211815525348],[132.5316052947549,33.48211815525348]]]}},{"type":"Feature","properties":{"jobs":123,"pop":84,"pointCount":3,"homeWorkCommuteMedian":4579,"workHomeCommuteMedian":9940},"geometry":{"type":"Polygon","coordinates":[[[132.5316052947549,33.49111135889073],[132.5316052947549,33.50010456252797],[132.54059849839214,33.50010456252797],[132.54059849839214,33.49111135889073],[132.5316052947549,33.49111135889073]]]}},{"type":"Feature","properties":{"jobs":607,"pop":714,"pointCount":12,"homeWorkCommuteMedian":6299,"workHomeCommuteMedian":9330},"geometry":{"type":"Polygon","coordinates":[[[132.5316052947549,33.50010456252797],[132.5316052947549,33.50909776616522],[132.54059849839214,33.50909776616522],[132.54059849839214,33.50010456252797],[132.5316052947549,33.50010456252797]]]}},{"type":"Feature","properties":{"jobs":105,"pop":422,"pointCount":9,"homeWorkCommuteMedian":6861,"workHomeCommuteMedian":38672},"geometry":{"type":"Polygon","coordinates":[[[132.5316052947549,33.50909776616522],[132.5316052947549,33.518090969802465],[132.54059849839214,33.518090969802465],[132.54059849839214,33.50909776616522],[132.5316052947549,33.50909776616522]]]}},{"type":"Feature","properties":{"jobs":25,"pop":100,"pointCount":4,"homeWorkCommuteMedian":15978,"workHomeCommuteMedian":16220},"geometry":{"type":"Polygon","coordinates":[[[132.5316052947549,33.518090969802465],[132.5316052947549,33.52708417343971],[132.54059849839214,33.52708417343971],[132.54059849839214,33.518090969802465],[132.5316052947549,33.518090969802465]]]}},{"type":"Feature","properties":{"jobs":23,"pop":0,"pointCount":1,"homeWorkCommuteMedian":-1,"workHomeCommuteMedian":16908},"geometry":{"type":"Polygon","coordinates":[[[132.5316052947549,33.53607737707696],[132.5316052947549,33.5450705807142],[132.54059849839214,33.5450705807142],[132.54059849839214,33.53607737707696],[132.5316052947549,33.53607737707696]]]}},{"type":"Feature","properties":{"jobs":60,"pop":121,"pointCount":5,"homeWorkCommuteMedian":18721,"workHomeCommuteMedian":11028},"geometry":{"type":"Polygon","coordinates":[[[132.5316052947549,33.55406378435145],[132.5316052947549,33.563056987988695],[132.54059849839214,33.563056987988695],[132.54059849839214,33.55406378435145],[132.5316052947549,33.55406378435145]]]}},{"type":"Feature","properties":{"jobs":99,"pop":178,"pointCount":6,"homeWorkCommuteMedian":8200,"workHomeCommuteMedian":8626},"geometry":{"type":"Polygon","coordinates":[[[132.5316052947549,33.563056987988695],[132.5316052947549,33.57205019162594],[132.54059849839214,33.57205019162594],[132.54059849839214,33.563056987988695],[132.5316052947549,33.563056987988695]]]}},{"type":"Feature","properties":{"jobs":0,"pop":14,"pointCount":1,"homeWorkCommuteMedian":55802,"workHomeCommuteMedian":-1},"geometry":{"type":"Polygon","coordinates":[[[132.5316052947549,33.57205019162594],[132.5316052947549,33.58104339526319],[132.54059849839214,33.58104339526319],[132.54059849839214,33.57205019162594],[132.5316052947549,33.57205019162594]]]}},{"type":"Feature","properties":{"jobs":0,"pop":18,"pointCount":1,"homeWorkCommuteMedian":39137,"workHomeCommuteMedian":-1},"geometry":{"type":"Polygon","coordinates":[[[132.5316052947549,33.62600941344942],[132.5316052947549,33.63500261708666],[132.54059849839214,33.63500261708666],[132.54059849839214,33.62600941344942],[132.5316052947549,33.62600941344942]]]}},{"type":"Feature","properties":{"jobs":10,"pop":32,"pointCount":3,"homeWorkCommuteMedian":29123,"workHomeCommuteMedian":22807},"geometry":{"type":"Polygon","coordinates":[[[132.5316052947549,33.63500261708666],[132.5316052947549,33.64399582072391],[132.54059849839214,33.64399582072391],[132.54059849839214,33.63500261708666],[132.5316052947549,33.63500261708666]]]}},{"type":"Feature","properties":{"jobs":0,"pop":20,"pointCount":1,"homeWorkCommuteMedian":40024,"workHomeCommuteMedian":-1},"geometry":{"type":"Polygon","coordinates":[[[132.5316052947549,33.93177833711578],[132.5316052947549,33.940771540753026],[132.54059849839214,33.940771540753026],[132.54059849839214,33.93177833711578],[132.5316052947549,33.93177833711578]]]}},{"type":"Feature","properties":{"jobs":0,"pop":5,"pointCount":1,"homeWorkCommuteMedian":60590,"workHomeCommuteMedian":-1},"geometry":{"type":"Polygon","coordinates":[[[132.54059849839214,33.43715213706725],[132.54059849839214,33.4461453407045],[132.54959170202937,33.4461453407045],[132.54959170202937,33.43715213706725],[132.54059849839214,33.43715213706725]]]}},{"type":"Feature","properties":{"jobs":43,"pop":0,"pointCount":1,"homeWorkCommuteMedian":-1,"workHomeCommuteMedian":12496},"geometry":{"type":"Polygon","coordinates":[[[132.54059849839214,33.45513854434174],[132.54059849839214,33.46413174797899],[132.54959170202937,33.46413174797899],[132.54959170202937,33.45513854434174],[132.54059849839214,33.45513854434174]]]}},{"type":"Feature","properties":{"jobs":258,"pop":79,"pointCount":6,"homeWorkCommuteMedian":10631,"workHomeCommuteMedian":11930},"geometry":{"type":"Polygon","coordinates":[[[132.54059849839214,33.46413174797899],[132.54059849839214,33.473124951616235],[132.54959170202937,33.473124951616235],[132.54959170202937,33.46413174797899],[132.54059849839214,33.46413174797899]]]}},{"type":"Feature","properties":{"jobs":39,"pop":22,"pointCount":2,"homeWorkCommuteMedian":6825,"workHomeCommuteMedian":7446},"geometry":{"type":"Polygon","coordinates":[[[132.54059849839214,33.473124951616235],[132.54059849839214,33.48211815525348],[132.54959170202937,33.48211815525348],[132.54959170202937,33.473124951616235],[132.54059849839214,33.473124951616235]]]}},{"type":"Feature","properties":{"jobs":30,"pop":43,"pointCount":3,"homeWorkCommuteMedian":52725,"workHomeCommuteMedian":98813},"geometry":{"type":"Polygon","coordinates":[[[132.54059849839214,33.48211815525348],[132.54059849839214,33.49111135889073],[132.54959170202937,33.49111135889073],[132.54959170202937,33.48211815525348],[132.54059849839214,33.48211815525348]]]}},{"type":"Feature","properties":{"jobs":362,"pop":487,"pointCount":14,"homeWorkCommuteMedian":6140,"workHomeCommuteMedian":9513},"geometry":{"type":"Polygon","coordinates":[[[132.54059849839214,33.49111135889073],[132.54059849839214,33.50010456252797],[132.54959170202937,33.50010456252797],[132.54959170202937,33.49111135889073],[132.54059849839214,33.49111135889073]]]}},{"type":"Feature","properties":{"jobs":1656,"pop":766,"pointCount":15,"homeWorkCommuteMedian":3878,"workHomeCommuteMedian":6963},"geometry":{"type":"Polygon","coordinates":[[[132.54059849839214,33.50010456252797],[132.54059849839214,33.50909776616522],[132.54959170202937,33.50909776616522],[132.54959170202937,33.50010456252797],[132.54059849839214,33.50010456252797]]]}},{"type":"Feature","properties":{"jobs":1300,"pop":1378,"pointCount":12,"homeWorkCommuteMedian":5155,"workHomeCommuteMedian":4735},"geometry":{"type":"Polygon","coordinates":[[[132.54059849839214,33.50909776616522],[132.54059849839214,33.518090969802465],[132.54959170202937,33.518090969802465],[132.54959170202937,33.50909776616522],[132.54059849839214,33.50909776616522]]]}},{"type":"Feature","properties":{"jobs":696,"pop":655,"pointCount":11,"homeWorkCommuteMedian":4996,"workHomeCommuteMedian":3196},"geometry":{"type":"Polygon","coordinates":[[[132.54059849839214,33.518090969802465],[132.54059849839214,33.52708417343971],[132.54959170202937,33.52708417343971],[132.54959170202937,33.518090969802465],[132.54059849839214,33.518090969802465]]]}},{"type":"Feature","properties":{"jobs":15,"pop":24,"pointCount":2,"homeWorkCommuteMedian":48759,"workHomeCommuteMedian":6531},"geometry":{"type":"Polygon","coordinates":[[[132.54059849839214,33.52708417343971],[132.54059849839214,33.53607737707696],[132.54959170202937,33.53607737707696],[132.54959170202937,33.52708417343971],[132.54059849839214,33.52708417343971]]]}},{"type":"Feature","properties":{"jobs":0,"pop":35,"pointCount":1,"homeWorkCommuteMedian":7948,"workHomeCommuteMedian":-1},"geometry":{"type":"Polygon","coordinates":[[[132.54059849839214,33.53607737707696],[132.54059849839214,33.5450705807142],[132.54959170202937,33.5450705807142],[132.54959170202937,33.53607737707696],[132.54059849839214,33.53607737707696]]]}},{"type":"Feature","properties":{"jobs":50,"pop":29,"pointCount":3,"homeWorkCommuteMedian":30561,"workHomeCommuteMedian":43687},"geometry":{"type":"Polygon","coordinates":[[[132.54059849839214,33.5450705807142],[132.54059849839214,33.55406378435145],[132.54959170202937,33.55406378435145],[132.54959170202937,33.5450705807142],[132.54059849839214,33.5450705807142]]]}},{"type":"Feature","properties":{"jobs":41,"pop":64,"pointCount":3,"homeWorkCommuteMedian":7751,"workHomeCommuteMedian":14124},"geometry":{"type":"Polygon","coordinates":[[[132.54059849839214,33.55406378435145],[132.54059849839214,33.563056987988695],[132.54959170202937,33.563056987988695],[132.54959170202937,33.55406378435145],[132.54059849839214,33.55406378435145]]]}},{"type":"Feature","properties":{"jobs":308,"pop":362,"pointCount":11,"homeWorkCommuteMedian":10129,"workHomeCommuteMedian":7327},"geometry":{"type":"Polygon","coordinates":[[[132.54059849839214,33.563056987988695],[132.54059849839214,33.57205019162594],[132.54959170202937,33.57205019162594],[132.54959170202937,33.563056987988695],[132.54059849839214,33.563056987988695]]]}},{"type":"Feature","properties":{"jobs":4,"pop":17,"pointCount":2,"homeWorkCommuteMedian":43332,"workHomeCommuteMedian":12533},"geometry":{"type":"Polygon","coordinates":[[[132.54059849839214,33.57205019162594],[132.54059849839214,33.58104339526319],[132.54959170202937,33.58104339526319],[132.54959170202937,33.57205019162594],[132.54059849839214,33.57205019162594]]]}},{"type":"Feature","properties":{"jobs":0,"pop":11,"pointCount":1,"homeWorkCommuteMedian":10521,"workHomeCommuteMedian":-1},"geometry":{"type":"Polygon","coordinates":[[[132.54059849839214,33.58104339526319],[132.54059849839214,33.59003659890043],[132.54959170202937,33.59003659890043],[132.54959170202937,33.58104339526319],[132.54059849839214,33.58104339526319]]]}},{"type":"Feature","properties":{"jobs":13,"pop":33,"pointCount":2,"homeWorkCommuteMedian":34070,"workHomeCommuteMedian":37088},"geometry":{"type":"Polygon","coordinates":[[[132.54059849839214,33.63500261708666],[132.54059849839214,33.64399582072391],[132.54959170202937,33.64399582072391],[132.54959170202937,33.63500261708666],[132.54059849839214,33.63500261708666]]]}},{"type":"Feature","properties":{"jobs":7,"pop":0,"pointCount":1,"homeWorkCommuteMedian":-1,"workHomeCommuteMedian":25915},"geometry":{"type":"Polygon","coordinates":[[[132.54059849839214,33.922785133478534],[132.54059849839214,33.93177833711578],[132.54959170202937,33.93177833711578],[132.54959170202937,33.922785133478534],[132.54059849839214,33.922785133478534]]]}},{"type":"Feature","properties":{"jobs":5,"pop":10,"pointCount":2,"homeWorkCommuteMedian":41406,"workHomeCommuteMedian":731},"geometry":{"type":"Polygon","coordinates":[[[132.54059849839214,33.93177833711578],[132.54059849839214,33.940771540753026],[132.54959170202937,33.940771540753026],[132.54959170202937,33.93177833711578],[132.54059849839214,33.93177833711578]]]}},{"type":"Feature","properties":{"jobs":22,"pop":234,"pointCount":3,"homeWorkCommuteMedian":37995,"workHomeCommuteMedian":1356},"geometry":{"type":"Polygon","coordinates":[[[132.54059849839214,33.967751151664764],[132.54059849839214,33.97674435530201],[132.54959170202937,33.97674435530201],[132.54959170202937,33.967751151664764],[132.54059849839214,33.967751151664764]]]}},{"type":"Feature","properties":{"jobs":28,"pop":0,"pointCount":1,"homeWorkCommuteMedian":-1,"workHomeCommuteMedian":52734},"geometry":{"type":"Polygon","coordinates":[[[132.54059849839214,33.97674435530201],[132.54059849839214,33.985737558939256],[132.54959170202937,33.985737558939256],[132.54959170202937,33.97674435530201],[132.54059849839214,33.97674435530201]]]}},{"type":"Feature","properties":{"jobs":0,"pop":116,"pointCount":2,"homeWorkCommuteMedian":23473,"workHomeCommuteMedian":-1},"geometry":{"type":"Polygon","coordinates":[[[132.54959170202937,33.45513854434174],[132.54959170202937,33.46413174797899],[132.5585849056666,33.46413174797899],[132.5585849056666,33.45513854434174],[132.54959170202937,33.45513854434174]]]}},{"type":"Feature","properties":{"jobs":0,"pop":175,"pointCount":1,"homeWorkCommuteMedian":55109,"workHomeCommuteMedian":-1},"geometry":{"type":"Polygon","coordinates":[[[132.54959170202937,33.49111135889073],[132.54959170202937,33.50010456252797],[132.5585849056666,33.50010456252797],[132.5585849056666,33.49111135889073],[132.54959170202937,33.49111135889073]]]}},{"type":"Feature","properties":{"jobs":296,"pop":142,"pointCount":7,"homeWorkCommuteMedian":3785,"workHomeCommuteMedian":4366},"geometry":{"type":"Polygon","coordinates":[[[132.54959170202937,33.50010456252797],[132.54959170202937,33.50909776616522],[132.5585849056666,33.50909776616522],[132.5585849056666,33.50010456252797],[132.54959170202937,33.50010456252797]]]}},{"type":"Feature","properties":{"jobs":1977,"pop":636,"pointCount":15,"homeWorkCommuteMedian":5936,"workHomeCommuteMedian":7024},"geometry":{"type":"Polygon","coordinates":[[[132.54959170202937,33.50909776616522],[132.54959170202937,33.518090969802465],[132.5585849056666,33.518090969802465],[132.5585849056666,33.50909776616522],[132.54959170202937,33.50909776616522]]]}},{"type":"Feature","properties":{"jobs":1367,"pop":1413,"pointCount":13,"homeWorkCommuteMedian":3711,"workHomeCommuteMedian":8514},"geometry":{"type":"Polygon","coordinates":[[[132.54959170202937,33.518090969802465],[132.54959170202937,33.52708417343971],[132.5585849056666,33.52708417343971],[132.5585849056666,33.518090969802465],[132.54959170202937,33.518090969802465]]]}},{"type":"Feature","properties":{"jobs":0,"pop":120,"pointCount":5,"homeWorkCommuteMedian":10511,"workHomeCommuteMedian":-1},"geometry":{"type":"Polygon","coordinates":[[[132.54959170202937,33.52708417343971],[132.54959170202937,33.53607737707696],[132.5585849056666,33.53607737707696],[132.5585849056666,33.52708417343971],[132.54959170202937,33.52708417343971]]]}},{"type":"Feature","properties":{"jobs":0,"pop":69,"pointCount":3,"homeWorkCommuteMedian":9253,"workHomeCommuteMedian":-1},"geometry":{"type":"Polygon","coordinates":[[[132.54959170202937,33.53607737707696],[132.54959170202937,33.5450705807142],[132.5585849056666,33.5450705807142],[132.5585849056666,33.53607737707696],[132.54959170202937,33.53607737707696]]]}},{"type":"Feature","properties":{"jobs":390,"pop":26,"pointCount":5,"homeWorkCommuteMedian":6353,"workHomeCommuteMedian":7337},"geometry":{"type":"Polygon","coordinates":[[[132.54959170202937,33.5450705807142],[132.54959170202937,33.55406378435145],[132.5585849056666,33.55406378435145],[132.5585849056666,33.5450705807142],[132.54959170202937,33.5450705807142]]]}},{"type":"Feature","properties":{"jobs":73,"pop":296,"pointCount":8,"homeWorkCommuteMedian":9837,"workHomeCommuteMedian":42527},"geometry":{"type":"Polygon","coordinates":[[[132.54959170202937,33.55406378435145],[132.54959170202937,33.563056987988695],[132.5585849056666,33.563056987988695],[132.5585849056666,33.55406378435145],[132.54959170202937,33.55406378435145]]]}},{"type":"Feature","properties":{"jobs":133,"pop":42,"pointCount":2,"homeWorkCommuteMedian":18329,"workHomeCommuteMedian":13382},"geometry":{"type":"Polygon","coordinates":[[[132.54959170202937,33.563056987988695],[132.54959170202937,33.57205019162594],[132.5585849056666,33.57205019162594],[132.5585849056666,33.563056987988695],[132.54959170202937,33.563056987988695]]]}},{"type":"Feature","properties":{"jobs":0,"pop":18,"pointCount":1,"homeWorkCommuteMedian":13634,"workHomeCommuteMedian":-1},"geometry":{"type":"Polygon","coordinates":[[[132.54959170202937,33.57205019162594],[132.54959170202937,33.58104339526319],[132.5585849056666,33.58104339526319],[132.5585849056666,33.57205019162594],[132.54959170202937,33.57205019162594]]]}},{"type":"Feature","properties":{"jobs":15,"pop":120,"pointCount":4,"homeWorkCommuteMedian":34437,"workHomeCommuteMedian":31596},"geometry":{"type":"Polygon","coordinates":[[[132.54959170202937,33.97674435530201],[132.54959170202937,33.985737558939256],[132.5585849056666,33.985737558939256],[132.5585849056666,33.97674435530201],[132.54959170202937,33.97674435530201]]]}},{"type":"Feature","properties":{"jobs":0,"pop":20,"pointCount":1,"homeWorkCommuteMedian":55520,"workHomeCommuteMedian":-1},"geometry":{"type":"Polygon","coordinates":[[[132.5585849056666,33.48211815525348],[132.5585849056666,33.49111135889073],[132.56757810930384,33.49111135889073],[132.56757810930384,33.48211815525348],[132.5585849056666,33.48211815525348]]]}},{"type":"Feature","properties":{"jobs":640,"pop":0,"pointCount":4,"homeWorkCommuteMedian":-1,"workHomeCommuteMedian":5291},"geometry":{"type":"Polygon","coordinates":[[[132.5585849056666,33.50010456252797],[132.5585849056666,33.50909776616522],[132.56757810930384,33.50909776616522],[132.56757810930384,33.50010456252797],[132.5585849056666,33.50010456252797]]]}},{"type":"Feature","properties":{"jobs":38,"pop":216,"pointCount":4,"homeWorkCommuteMedian":2633,"workHomeCommuteMedian":6825},"geometry":{"type":"Polygon","coordinates":[[[132.5585849056666,33.50909776616522],[132.5585849056666,33.518090969802465],[132.56757810930384,33.518090969802465],[132.56757810930384,33.50909776616522],[132.5585849056666,33.50909776616522]]]}},{"type":"Feature","properties":{"jobs":499,"pop":294,"pointCount":8,"homeWorkCommuteMedian":6819,"workHomeCommuteMedian":12834},"geometry":{"type":"Polygon","coordinates":[[[132.5585849056666,33.518090969802465],[132.5585849056666,33.52708417343971],[132.56757810930384,33.52708417343971],[132.56757810930384,33.518090969802465],[132.5585849056666,33.518090969802465]]]}},{"type":"Feature","properties":{"jobs":495,"pop":456,"pointCount":7,"homeWorkCommuteMedian":5767,"workHomeCommuteMedian":10371},"geometry":{"type":"Polygon","coordinates":[[[132.5585849056666,33.52708417343971],[132.5585849056666,33.53607737707696],[132.56757810930384,33.53607737707696],[132.56757810930384,33.52708417343971],[132.5585849056666,33.52708417343971]]]}},{"type":"Feature","properties":{"jobs":18,"pop":133,"pointCount":5,"homeWorkCommuteMedian":18451,"workHomeCommuteMedian":18641},"geometry":{"type":"Polygon","coordinates":[[[132.5585849056666,33.53607737707696],[132.5585849056666,33.5450705807142],[132.56757810930384,33.5450705807142],[132.56757810930384,33.53607737707696],[132.5585849056666,33.53607737707696]]]}},{"type":"Feature","properties":{"jobs":18,"pop":56,"pointCount":4,"homeWorkCommuteMedian":8316,"workHomeCommuteMedian":7428},"geometry":{"type":"Polygon","coordinates":[[[132.5585849056666,33.5450705807142],[132.5585849056666,33.55406378435145],[132.56757810930384,33.55406378435145],[132.56757810930384,33.5450705807142],[132.5585849056666,33.5450705807142]]]}},{"type":"Feature","properties":{"jobs":0,"pop":15,"pointCount":1,"homeWorkCommuteMedian":33028,"workHomeCommuteMedian":-1},"geometry":{"type":"Polygon","coordinates":[[[132.5585849056666,33.55406378435145],[132.5585849056666,33.563056987988695],[132.56757810930384,33.563056987988695],[132.56757810930384,33.55406378435145],[132.5585849056666,33.55406378435145]]]}},{"type":"Feature","properties":{"jobs":4,"pop":13,"pointCount":2,"homeWorkCommuteMedian":58987,"workHomeCommuteMedian":9608},"geometry":{"type":"Polygon","coordinates":[[[132.5585849056666,33.563056987988695],[132.5585849056666,33.57205019162594],[132.56757810930384,33.57205019162594],[132.56757810930384,33.563056987988695],[132.5585849056666,33.563056987988695]]]}},{"type":"Feature","properties":{"jobs":0,"pop":12,"pointCount":1,"homeWorkCommuteMedian":45670,"workHomeCommuteMedian":-1},"geometry":{"type":"Polygon","coordinates":[[[132.5585849056666,33.57205019162594],[132.5585849056666,33.58104339526319],[132.56757810930384,33.58104339526319],[132.56757810930384,33.57205019162594],[132.5585849056666,33.57205019162594]]]}},{"type":"Feature","properties":{"jobs":0,"pop":31,"pointCount":1,"homeWorkCommuteMedian":29750,"workHomeCommuteMedian":-1},"geometry":{"type":"Polygon","coordinates":[[[132.5585849056666,33.62600941344942],[132.5585849056666,33.63500261708666],[132.56757810930384,33.63500261708666],[132.56757810930384,33.62600941344942],[132.5585849056666,33.62600941344942]]]}},{"type":"Feature","properties":{"jobs":0,"pop":67,"pointCount":2,"homeWorkCommuteMedian":24177,"workHomeCommuteMedian":-1},"geometry":{"type":"Polygon","coordinates":[[[132.5585849056666,33.63500261708666],[132.5585849056666,33.64399582072391],[132.56757810930384,33.64399582072391],[132.56757810930384,33.63500261708666],[132.5585849056666,33.63500261708666]]]}},{"type":"Feature","properties":{"jobs":0,"pop":13,"pointCount":1,"homeWorkCommuteMedian":44541,"workHomeCommuteMedian":-1},"geometry":{"type":"Polygon","coordinates":[[[132.56757810930384,33.48211815525348],[132.56757810930384,33.49111135889073],[132.57657131294107,33.49111135889073],[132.57657131294107,33.48211815525348],[132.56757810930384,33.48211815525348]]]}},{"type":"Feature","properties":{"jobs":35,"pop":25,"pointCount":2,"homeWorkCommuteMedian":16011,"workHomeCommuteMedian":13841},"geometry":{"type":"Polygon","coordinates":[[[132.56757810930384,33.49111135889073],[132.56757810930384,33.50010456252797],[132.57657131294107,33.50010456252797],[132.57657131294107,33.49111135889073],[132.56757810930384,33.49111135889073]]]}},{"type":"Feature","properties":{"jobs":127,"pop":32,"pointCount":4,"homeWorkCommuteMedian":13125,"workHomeCommuteMedian":8772},"geometry":{"type":"Polygon","coordinates":[[[132.56757810930384,33.50010456252797],[132.56757810930384,33.50909776616522],[132.57657131294107,33.50909776616522],[132.57657131294107,33.50010456252797],[132.56757810930384,33.50010456252797]]]}},{"type":"Feature","properties":{"jobs":252,"pop":282,"pointCount":5,"homeWorkCommuteMedian":11096,"workHomeCommuteMedian":7421},"geometry":{"type":"Polygon","coordinates":[[[132.56757810930384,33.50909776616522],[132.56757810930384,33.518090969802465],[132.57657131294107,33.518090969802465],[132.57657131294107,33.50909776616522],[132.56757810930384,33.50909776616522]]]}},{"type":"Feature","properties":{"jobs":60,"pop":167,"pointCount":3,"homeWorkCommuteMedian":5431,"workHomeCommuteMedian":11221},"geometry":{"type":"Polygon","coordinates":[[[132.56757810930384,33.518090969802465],[132.56757810930384,33.52708417343971],[132.57657131294107,33.52708417343971],[132.57657131294107,33.518090969802465],[132.56757810930384,33.518090969802465]]]}},{"type":"Feature","properties":{"jobs":1898,"pop":127,"pointCount":12,"homeWorkCommuteMedian":6210,"workHomeCommuteMedian":5907},"geometry":{"type":"Polygon","coordinates":[[[132.56757810930384,33.52708417343971],[132.56757810930384,33.53607737707696],[132.57657131294107,33.53607737707696],[132.57657131294107,33.52708417343971],[132.56757810930384,33.52708417343971]]]}},{"type":"Feature","properties":{"jobs":137,"pop":239,"pointCount":7,"homeWorkCommuteMedian":5820,"workHomeCommuteMedian":4968},"geometry":{"type":"Polygon","coordinates":[[[132.56757810930384,33.53607737707696],[132.56757810930384,33.5450705807142],[132.57657131294107,33.5450705807142],[132.57657131294107,33.53607737707696],[132.56757810930384,33.53607737707696]]]}},{"type":"Feature","properties":{"jobs":0,"pop":19,"pointCount":1,"homeWorkCommuteMedian":56254,"workHomeCommuteMedian":-1},"geometry":{"type":"Polygon","coordinates":[[[132.56757810930384,33.55406378435145],[132.56757810930384,33.563056987988695],[132.57657131294107,33.563056987988695],[132.57657131294107,33.55406378435145],[132.56757810930384,33.55406378435145]]]}},{"type":"Feature","properties":{"jobs":0,"pop":37,"pointCount":2,"homeWorkCommuteMedian":32940,"workHomeCommuteMedian":-1},"geometry":{"type":"Polygon","coordinates":[[[132.56757810930384,33.63500261708666],[132.56757810930384,33.64399582072391],[132.57657131294107,33.64399582072391],[132.57657131294107,33.63500261708666],[132.56757810930384,33.63500261708666]]]}},{"type":"Feature","properties":{"jobs":63,"pop":97,"pointCount":2,"homeWorkCommuteMedian":30595,"workHomeCommuteMedian":23999},"geometry":{"type":"Polygon","coordinates":[[[132.56757810930384,33.64399582072391],[132.56757810930384,33.652989024361155],[132.57657131294107,33.652989024361155],[132.57657131294107,33.64399582072391],[132.56757810930384,33.64399582072391]]]}},{"type":"Feature","properties":{"jobs":0,"pop":16,"pointCount":1,"homeWorkCommuteMedian":47154,"workHomeCommuteMedian":-1},"geometry":{"type":"Polygon","coordinates":[[[132.57657131294107,33.48211815525348],[132.57657131294107,33.49111135889073],[132.5855645165783,33.49111135889073],[132.5855645165783,33.48211815525348],[132.57657131294107,33.48211815525348]]]}},{"type":"Feature","properties":{"jobs":0,"pop":18,"pointCount":1,"homeWorkCommuteMedian":7278,"workHomeCommuteMedian":-1},"geometry":{"type":"Polygon","coordinates":[[[132.57657131294107,33.49111135889073],[132.57657131294107,33.50010456252797],[132.5855645165783,33.50010456252797],[132.5855645165783,33.49111135889073],[132.57657131294107,33.49111135889073]]]}},{"type":"Feature","properties":{"jobs":248,"pop":240,"pointCount":7,"homeWorkCommuteMedian":7139,"workHomeCommuteMedian":9149},"geometry":{"type":"Polygon","coordinates":[[[132.57657131294107,33.50010456252797],[132.57657131294107,33.50909776616522],[132.5855645165783,33.50909776616522],[132.5855645165783,33.50010456252797],[132.57657131294107,33.50010456252797]]]}},{"type":"Feature","properties":{"jobs":164,"pop":234,"pointCount":6,"homeWorkCommuteMedian":16311,"workHomeCommuteMedian":6279},"geometry":{"type":"Polygon","coordinates":[[[132.57657131294107,33.50909776616522],[132.57657131294107,33.518090969802465],[132.5855645165783,33.518090969802465],[132.5855645165783,33.50909776616522],[132.57657131294107,33.50909776616522]]]}},{"type":"Feature","properties":{"jobs":738,"pop":986,"pointCount":10,"homeWorkCommuteMedian":5208,"workHomeCommuteMedian":7797},"geometry":{"type":"Polygon","coordinates":[[[132.57657131294107,33.518090969802465],[132.57657131294107,33.52708417343971],[132.5855645165783,33.52708417343971],[132.5855645165783,33.518090969802465],[132.57657131294107,33.518090969802465]]]}},{"type":"Feature","properties":{"jobs":1521,"pop":535,"pointCount":11,"homeWorkCommuteMedian":4118,"workHomeCommuteMedian":8457},"geometry":{"type":"Polygon","coordinates":[[[132.57657131294107,33.52708417343971],[132.57657131294107,33.53607737707696],[132.5855645165783,33.53607737707696],[132.5855645165783,33.52708417343971],[132.57657131294107,33.52708417343971]]]}},{"type":"Feature","properties":{"jobs":65,"pop":77,"pointCount":5,"homeWorkCommuteMedian":9146,"workHomeCommuteMedian":44088},"geometry":{"type":"Polygon","coordinates":[[[132.57657131294107,33.53607737707696],[132.57657131294107,33.5450705807142],[132.5855645165783,33.5450705807142],[132.5855645165783,33.53607737707696],[132.57657131294107,33.53607737707696]]]}},{"type":"Feature","properties":{"jobs":0,"pop":24,"pointCount":1,"homeWorkCommuteMedian":54590,"workHomeCommuteMedian":-1},"geometry":{"type":"Polygon","coordinates":[[[132.57657131294107,33.59902980253768],[132.57657131294107,33.608023006174925],[132.5855645165783,33.608023006174925],[132.5855645165783,33.59902980253768],[132.57657131294107,33.59902980253768]]]}},{"type":"Feature","properties":{"jobs":131,"pop":234,"pointCount":7,"homeWorkCommuteMedian":19915,"workHomeCommuteMedian":22387},"geometry":{"type":"Polygon","coordinates":[[[132.57657131294107,33.64399582072391],[132.57657131294107,33.652989024361155],[132.5855645165783,33.652989024361155],[132.5855645165783,33.64399582072391],[132.57657131294107,33.64399582072391]]]}},{"type":"Feature","properties":{"jobs":5,"pop":83,"pointCount":1,"homeWorkCommuteMedian":28214,"workHomeCommuteMedian":39988},"geometry":{"type":"Polygon","coordinates":[[[132.57657131294107,33.967751151664764],[132.57657131294107,33.97674435530201],[132.5855645165783,33.97674435530201],[132.5855645165783,33.967751151664764],[132.57657131294107,33.967751151664764]]]}},{"type":"Feature","properties":{"jobs":0,"pop":19,"pointCount":1,"homeWorkCommuteMedian":16925,"workHomeCommuteMedian":-1},"geometry":{"type":"Polygon","coordinates":[[[132.5855645165783,33.45513854434174],[132.5855645165783,33.46413174797899],[132.59455772021553,33.46413174797899],[132.59455772021553,33.45513854434174],[132.5855645165783,33.45513854434174]]]}},{"type":"Feature","properties":{"jobs":0,"pop":87,"pointCount":1,"homeWorkCommuteMedian":6801,"workHomeCommuteMedian":-1},"geometry":{"type":"Polygon","coordinates":[[[132.5855645165783,33.50010456252797],[132.5855645165783,33.50909776616522],[132.59455772021553,33.50909776616522],[132.59455772021553,33.50010456252797],[132.5855645165783,33.50010456252797]]]}},{"type":"Feature","properties":{"jobs":495,"pop":811,"pointCount":16,"homeWorkCommuteMedian":6453,"workHomeCommuteMedian":7637},"geometry":{"type":"Polygon","coordinates":[[[132.5855645165783,33.50909776616522],[132.5855645165783,33.518090969802465],[132.59455772021553,33.518090969802465],[132.59455772021553,33.50909776616522],[132.5855645165783,33.50909776616522]]]}},{"type":"Feature","properties":{"jobs":239,"pop":752,"pointCount":7,"homeWorkCommuteMedian":8386,"workHomeCommuteMedian":36148},"geometry":{"type":"Polygon","coordinates":[[[132.5855645165783,33.518090969802465],[132.5855645165783,33.52708417343971],[132.59455772021553,33.52708417343971],[132.59455772021553,33.518090969802465],[132.5855645165783,33.518090969802465]]]}},{"type":"Feature","properties":{"jobs":325,"pop":156,"pointCount":9,"homeWorkCommuteMedian":6414,"workHomeCommuteMedian":7831},"geometry":{"type":"Polygon","coordinates":[[[132.5855645165783,33.52708417343971],[132.5855645165783,33.53607737707696],[132.59455772021553,33.53607737707696],[132.59455772021553,33.52708417343971],[132.5855645165783,33.52708417343971]]]}},{"type":"Feature","properties":{"jobs":15,"pop":97,"pointCount":5,"homeWorkCommuteMedian":8866,"workHomeCommuteMedian":7709},"geometry":{"type":"Polygon","coordinates":[[[132.5855645165783,33.53607737707696],[132.5855645165783,33.5450705807142],[132.59455772021553,33.5450705807142],[132.59455772021553,33.53607737707696],[132.5855645165783,33.53607737707696]]]}},{"type":"Feature","properties":{"jobs":17,"pop":0,"pointCount":1,"homeWorkCommuteMedian":-1,"workHomeCommuteMedian":49486},"geometry":{"type":"Polygon","coordinates":[[[132.5855645165783,33.5450705807142],[132.5855645165783,33.55406378435145],[132.59455772021553,33.55406378435145],[132.59455772021553,33.5450705807142],[132.5855645165783,33.5450705807142]]]}},{"type":"Feature","properties":{"jobs":0,"pop":16,"pointCount":1,"homeWorkCommuteMedian":18978,"workHomeCommuteMedian":-1},"geometry":{"type":"Polygon","coordinates":[[[132.5855645165783,33.57205019162594],[132.5855645165783,33.58104339526319],[132.59455772021553,33.58104339526319],[132.59455772021553,33.57205019162594],[132.5855645165783,33.57205019162594]]]}},{"type":"Feature","properties":{"jobs":0,"pop":24,"pointCount":1,"homeWorkCommuteMedian":20669,"workHomeCommuteMedian":-1},"geometry":{"type":"Polygon","coordinates":[[[132.5855645165783,33.59003659890043],[132.5855645165783,33.59902980253768],[132.59455772021553,33.59902980253768],[132.59455772021553,33.59003659890043],[132.5855645165783,33.59003659890043]]]}},{"type":"Feature","properties":{"jobs":14,"pop":22,"pointCount":3,"homeWorkCommuteMedian":39368,"workHomeCommuteMedian":70707},"geometry":{"type":"Polygon","coordinates":[[[132.5855645165783,33.59902980253768],[132.5855645165783,33.608023006174925],[132.59455772021553,33.608023006174925],[132.59455772021553,33.59902980253768],[132.5855645165783,33.59902980253768]]]}},{"type":"Feature","properties":{"jobs":0,"pop":55,"pointCount":3,"homeWorkCommuteMedian":34466,"workHomeCommuteMedian":-1},"geometry":{"type":"Polygon","coordinates":[[[132.5855645165783,33.63500261708666],[132.5855645165783,33.64399582072391],[132.59455772021553,33.64399582072391],[132.59455772021553,33.63500261708666],[132.5855645165783,33.63500261708666]]]}},{"type":"Feature","properties":{"jobs":0,"pop":16,"pointCount":1,"homeWorkCommuteMedian":26578,"workHomeCommuteMedian":-1},"geometry":{"type":"Polygon","coordinates":[[[132.5855645165783,33.652989024361155],[132.5855645165783,33.6619822279984],[132.59455772021553,33.6619822279984],[132.59455772021553,33.652989024361155],[132.5855645165783,33.652989024361155]]]}},{"type":"Feature","properties":{"jobs":23,"pop":29,"pointCount":3,"homeWorkCommuteMedian":18277,"workHomeCommuteMedian":16011},"geometry":{"type":"Polygon","coordinates":[[[132.59455772021553,33.45513854434174],[132.59455772021553,33.46413174797899],[132.60355092385277,33.46413174797899],[132.60355092385277,33.45513854434174],[132.59455772021553,33.45513854434174]]]}},{"type":"Feature","properties":{"jobs":0,"pop":12,"pointCount":1,"homeWorkCommuteMedian":11838,"workHomeCommuteMedian":-1},"geometry":{"type":"Polygon","coordinates":[[[132.59455772021553,33.473124951616235],[132.59455772021553,33.48211815525348],[132.60355092385277,33.48211815525348],[132.60355092385277,33.473124951616235],[132.59455772021553,33.473124951616235]]]}},{"type":"Feature","properties":{"jobs":0,"pop":15,"pointCount":1,"homeWorkCommuteMedian":6844,"workHomeCommuteMedian":-1},"geometry":{"type":"Polygon","coordinates":[[[132.59455772021553,33.49111135889073],[132.59455772021553,33.50010456252797],[132.60355092385277,33.50010456252797],[132.60355092385277,33.49111135889073],[132.59455772021553,33.49111135889073]]]}},{"type":"Feature","properties":{"jobs":21,"pop":69,"pointCount":3,"homeWorkCommuteMedian":11676,"workHomeCommuteMedian":12000},"geometry":{"type":"Polygon","coordinates":[[[132.59455772021553,33.50010456252797],[132.59455772021553,33.50909776616522],[132.60355092385277,33.50909776616522],[132.60355092385277,33.50010456252797],[132.59455772021553,33.50010456252797]]]}},{"type":"Feature","properties":{"jobs":0,"pop":24,"pointCount":2,"homeWorkCommuteMedian":13392,"workHomeCommuteMedian":-1},"geometry":{"type":"Polygon","coordinates":[[[132.59455772021553,33.50909776616522],[132.59455772021553,33.518090969802465],[132.60355092385277,33.518090969802465],[132.60355092385277,33.50909776616522],[132.59455772021553,33.50909776616522]]]}},{"type":"Feature","properties":{"jobs":175,"pop":380,"pointCount":11,"homeWorkCommuteMedian":6023,"workHomeCommuteMedian":30553},"geometry":{"type":"Polygon","coordinates":[[[132.59455772021553,33.52708417343971],[132.59455772021553,33.53607737707696],[132.60355092385277,33.53607737707696],[132.60355092385277,33.52708417343971],[132.59455772021553,33.52708417343971]]]}},{"type":"Feature","properties":{"jobs":597,"pop":534,"pointCount":11,"homeWorkCommuteMedian":10244,"workHomeCommuteMedian":6584},"geometry":{"type":"Polygon","coordinates":[[[132.59455772021553,33.53607737707696],[132.59455772021553,33.5450705807142],[132.60355092385277,33.5450705807142],[132.60355092385277,33.53607737707696],[132.59455772021553,33.53607737707696]]]}},{"type":"Feature","properties":{"jobs":0,"pop":16,"pointCount":1,"homeWorkCommuteMedian":29903,"workHomeCommuteMedian":-1},"geometry":{"type":"Polygon","coordinates":[[[132.59455772021553,33.563056987988695],[132.59455772021553,33.57205019162594],[132.60355092385277,33.57205019162594],[132.60355092385277,33.563056987988695],[132.59455772021553,33.563056987988695]]]}},{"type":"Feature","properties":{"jobs":16,"pop":22,"pointCount":2,"homeWorkCommuteMedian":50289,"workHomeCommuteMedian":18721},"geometry":{"type":"Polygon","coordinates":[[[132.59455772021553,33.57205019162594],[132.59455772021553,33.58104339526319],[132.60355092385277,33.58104339526319],[132.60355092385277,33.57205019162594],[132.59455772021553,33.57205019162594]]]}},{"type":"Feature","properties":{"jobs":0,"pop":16,"pointCount":1,"homeWorkCommuteMedian":38899,"workHomeCommuteMedian":-1},"geometry":{"type":"Polygon","coordinates":[[[132.59455772021553,33.58104339526319],[132.59455772021553,33.59003659890043],[132.60355092385277,33.59003659890043],[132.60355092385277,33.58104339526319],[132.59455772021553,33.58104339526319]]]}},{"type":"Feature","properties":{"jobs":0,"pop":20,"pointCount":1,"homeWorkCommuteMedian":45118,"workHomeCommuteMedian":-1},"geometry":{"type":"Polygon","coordinates":[[[132.59455772021553,33.64399582072391],[132.59455772021553,33.652989024361155],[132.60355092385277,33.652989024361155],[132.60355092385277,33.64399582072391],[132.59455772021553,33.64399582072391]]]}},{"type":"Feature","properties":{"jobs":0,"pop":14,"pointCount":1,"homeWorkCommuteMedian":29059,"workHomeCommuteMedian":-1},"geometry":{"type":"Polygon","coordinates":[[[132.59455772021553,33.652989024361155],[132.59455772021553,33.6619822279984],[132.60355092385277,33.6619822279984],[132.60355092385277,33.652989024361155],[132.59455772021553,33.652989024361155]]]}},{"type":"Feature","properties":{"jobs":13,"pop":0,"pointCount":1,"homeWorkCommuteMedian":-1,"workHomeCommuteMedian":396},"geometry":{"type":"Polygon","coordinates":[[[132.59455772021553,33.94976474439027],[132.59455772021553,33.95875794802752],[132.60355092385277,33.95875794802752],[132.60355092385277,33.94976474439027],[132.59455772021553,33.94976474439027]]]}},{"type":"Feature","properties":{"jobs":0,"pop":24,"pointCount":1,"homeWorkCommuteMedian":19190,"workHomeCommuteMedian":-1},"geometry":{"type":"Polygon","coordinates":[[[132.60355092385277,33.45513854434174],[132.60355092385277,33.46413174797899],[132.61254412749,33.46413174797899],[132.61254412749,33.45513854434174],[132.60355092385277,33.45513854434174]]]}},{"type":"Feature","properties":{"jobs":0,"pop":15,"pointCount":1,"homeWorkCommuteMedian":128408,"workHomeCommuteMedian":-1},"geometry":{"type":"Polygon","coordinates":[[[132.60355092385277,33.473124951616235],[132.60355092385277,33.48211815525348],[132.61254412749,33.48211815525348],[132.61254412749,33.473124951616235],[132.60355092385277,33.473124951616235]]]}},{"type":"Feature","properties":{"jobs":0,"pop":33,"pointCount":2,"homeWorkCommuteMedian":11028,"workHomeCommuteMedian":-1},"geometry":{"type":"Polygon","coordinates":[[[132.60355092385277,33.50010456252797],[132.60355092385277,33.50909776616522],[132.61254412749,33.50909776616522],[132.61254412749,33.50010456252797],[132.60355092385277,33.50010456252797]]]}},{"type":"Feature","properties":{"jobs":54,"pop":87,"pointCount":3,"homeWorkCommuteMedian":6800,"workHomeCommuteMedian":9026},"geometry":{"type":"Polygon","coordinates":[[[132.60355092385277,33.52708417343971],[132.60355092385277,33.53607737707696],[132.61254412749,33.53607737707696],[132.61254412749,33.52708417343971],[132.60355092385277,33.52708417343971]]]}},{"type":"Feature","properties":{"jobs":110,"pop":110,"pointCount":3,"homeWorkCommuteMedian":6246,"workHomeCommuteMedian":7070},"geometry":{"type":"Polygon","coordinates":[[[132.60355092385277,33.53607737707696],[132.60355092385277,33.5450705807142],[132.61254412749,33.5450705807142],[132.61254412749,33.53607737707696],[132.60355092385277,33.53607737707696]]]}},{"type":"Feature","properties":{"jobs":0,"pop":47,"pointCount":3,"homeWorkCommuteMedian":9894,"workHomeCommuteMedian":-1},"geometry":{"type":"Polygon","coordinates":[[[132.60355092385277,33.55406378435145],[132.60355092385277,33.563056987988695],[132.61254412749,33.563056987988695],[132.61254412749,33.55406378435145],[132.60355092385277,33.55406378435145]]]}},{"type":"Feature","properties":{"jobs":17,"pop":20,"pointCount":2,"homeWorkCommuteMedian":23281,"workHomeCommuteMedian":33228},"geometry":{"type":"Polygon","coordinates":[[[132.60355092385277,33.58104339526319],[132.60355092385277,33.59003659890043],[132.61254412749,33.59003659890043],[132.61254412749,33.58104339526319],[132.60355092385277,33.58104339526319]]]}},{"type":"Feature","properties":{"jobs":0,"pop":10,"pointCount":1,"homeWorkCommuteMedian":16844,"workHomeCommuteMedian":-1},"geometry":{"type":"Polygon","coordinates":[[[132.60355092385277,33.64399582072391],[132.60355092385277,33.652989024361155],[132.61254412749,33.652989024361155],[132.61254412749,33.64399582072391],[132.60355092385277,33.64399582072391]]]}},{"type":"Feature","properties":{"jobs":0,"pop":13,"pointCount":1,"homeWorkCommuteMedian":15189,"workHomeCommuteMedian":-1},"geometry":{"type":"Polygon","coordinates":[[[132.60355092385277,33.652989024361155],[132.60355092385277,33.6619822279984],[132.61254412749,33.6619822279984],[132.61254412749,33.652989024361155],[132.60355092385277,33.652989024361155]]]}},{"type":"Feature","properties":{"jobs":51,"pop":11,"pointCount":3,"homeWorkCommuteMedian":35487,"workHomeCommuteMedian":15670},"geometry":{"type":"Polygon","coordinates":[[[132.60355092385277,33.6619822279984],[132.60355092385277,33.67097543163565],[132.61254412749,33.67097543163565],[132.61254412749,33.6619822279984],[132.60355092385277,33.6619822279984]]]}},{"type":"Feature","properties":{"jobs":0,"pop":15,"pointCount":1,"homeWorkCommuteMedian":22422,"workHomeCommuteMedian":-1},"geometry":{"type":"Polygon","coordinates":[[[132.60355092385277,33.940771540753026],[132.60355092385277,33.94976474439027],[132.61254412749,33.94976474439027],[132.61254412749,33.940771540753026],[132.60355092385277,33.940771540753026]]]}},{"type":"Feature","properties":{"jobs":0,"pop":198,"pointCount":3,"homeWorkCommuteMedian":31117,"workHomeCommuteMedian":-1},"geometry":{"type":"Polygon","coordinates":[[[132.60355092385277,33.94976474439027],[132.60355092385277,33.95875794802752],[132.61254412749,33.95875794802752],[132.61254412749,33.94976474439027],[132.60355092385277,33.94976474439027]]]}},{"type":"Feature","properties":{"jobs":0,"pop":40,"pointCount":2,"homeWorkCommuteMedian":17381,"workHomeCommuteMedian":-1},"geometry":{"type":"Polygon","coordinates":[[[132.61254412749,33.45513854434174],[132.61254412749,33.46413174797899],[132.62153733112723,33.46413174797899],[132.62153733112723,33.45513854434174],[132.61254412749,33.45513854434174]]]}},{"type":"Feature","properties":{"jobs":0,"pop":12,"pointCount":1,"homeWorkCommuteMedian":52378,"workHomeCommuteMedian":-1},"geometry":{"type":"Polygon","coordinates":[[[132.61254412749,33.48211815525348],[132.61254412749,33.49111135889073],[132.62153733112723,33.49111135889073],[132.62153733112723,33.48211815525348],[132.61254412749,33.48211815525348]]]}},{"type":"Feature","properties":{"jobs":0,"pop":19,"pointCount":1,"homeWorkCommuteMedian":9553,"workHomeCommuteMedian":-1},"geometry":{"type":"Polygon","coordinates":[[[132.61254412749,33.49111135889073],[132.61254412749,33.50010456252797],[132.62153733112723,33.50010456252797],[132.62153733112723,33.49111135889073],[132.61254412749,33.49111135889073]]]}},{"type":"Feature","properties":{"jobs":33,"pop":150,"pointCount":4,"homeWorkCommuteMedian":7288,"workHomeCommuteMedian":11593},"geometry":{"type":"Polygon","coordinates":[[[132.61254412749,33.50010456252797],[132.61254412749,33.50909776616522],[132.62153733112723,33.50909776616522],[132.62153733112723,33.50010456252797],[132.61254412749,33.50010456252797]]]}},{"type":"Feature","properties":{"jobs":43,"pop":79,"pointCount":2,"homeWorkCommuteMedian":22558,"workHomeCommuteMedian":8166},"geometry":{"type":"Polygon","coordinates":[[[132.61254412749,33.52708417343971],[132.61254412749,33.53607737707696],[132.62153733112723,33.53607737707696],[132.62153733112723,33.52708417343971],[132.61254412749,33.52708417343971]]]}},{"type":"Feature","properties":{"jobs":0,"pop":134,"pointCount":2,"homeWorkCommuteMedian":6613,"workHomeCommuteMedian":-1},"geometry":{"type":"Polygon","coordinates":[[[132.61254412749,33.53607737707696],[132.61254412749,33.5450705807142],[132.62153733112723,33.5450705807142],[132.62153733112723,33.53607737707696],[132.61254412749,33.53607737707696]]]}},{"type":"Feature","properties":{"jobs":0,"pop":16,"pointCount":1,"homeWorkCommuteMedian":26086,"workHomeCommuteMedian":-1},"geometry":{"type":"Polygon","coordinates":[[[132.61254412749,33.563056987988695],[132.61254412749,33.57205019162594],[132.62153733112723,33.57205019162594],[132.62153733112723,33.563056987988695],[132.61254412749,33.563056987988695]]]}},{"type":"Feature","properties":{"jobs":0,"pop":19,"pointCount":1,"homeWorkCommuteMedian":20770,"workHomeCommuteMedian":-1},"geometry":{"type":"Polygon","coordinates":[[[132.61254412749,33.57205019162594],[132.61254412749,33.58104339526319],[132.62153733112723,33.58104339526319],[132.62153733112723,33.57205019162594],[132.61254412749,33.57205019162594]]]}},{"type":"Feature","properties":{"jobs":0,"pop":24,"pointCount":1,"homeWorkCommuteMedian":18833,"workHomeCommuteMedian":-1},"geometry":{"type":"Polygon","coordinates":[[[132.61254412749,33.58104339526319],[132.61254412749,33.59003659890043],[132.62153733112723,33.59003659890043],[132.62153733112723,33.58104339526319],[132.61254412749,33.58104339526319]]]}},{"type":"Feature","properties":{"jobs":0,"pop":15,"pointCount":1,"homeWorkCommuteMedian":46418,"workHomeCommuteMedian":-1},"geometry":{"type":"Polygon","coordinates":[[[132.61254412749,33.61701620981217],[132.61254412749,33.62600941344942],[132.62153733112723,33.62600941344942],[132.62153733112723,33.61701620981217],[132.61254412749,33.61701620981217]]]}},{"type":"Feature","properties":{"jobs":0,"pop":15,"pointCount":1,"homeWorkCommuteMedian":45865,"workHomeCommuteMedian":-1},"geometry":{"type":"Polygon","coordinates":[[[132.61254412749,33.63500261708666],[132.61254412749,33.64399582072391],[132.62153733112723,33.64399582072391],[132.62153733112723,33.63500261708666],[132.61254412749,33.63500261708666]]]}},{"type":"Feature","properties":{"jobs":0,"pop":12,"pointCount":1,"homeWorkCommuteMedian":26622,"workHomeCommuteMedian":-1},"geometry":{"type":"Polygon","coordinates":[[[132.61254412749,33.6619822279984],[132.61254412749,33.67097543163565],[132.62153733112723,33.67097543163565],[132.62153733112723,33.6619822279984],[132.61254412749,33.6619822279984]]]}},{"type":"Feature","properties":{"jobs":0,"pop":17,"pointCount":1,"homeWorkCommuteMedian":14458,"workHomeCommuteMedian":-1},"geometry":{"type":"Polygon","coordinates":[[[132.61254412749,33.67097543163565],[132.61254412749,33.67996863527289],[132.62153733112723,33.67996863527289],[132.62153733112723,33.67097543163565],[132.61254412749,33.67097543163565]]]}},{"type":"Feature","properties":{"jobs":0,"pop":12,"pointCount":1,"homeWorkCommuteMedian":33232,"workHomeCommuteMedian":-1},"geometry":{"type":"Polygon","coordinates":[[[132.61254412749,33.985737558939256],[132.61254412749,33.9947307625765],[132.62153733112723,33.9947307625765],[132.62153733112723,33.985737558939256],[132.61254412749,33.985737558939256]]]}},{"type":"Feature","properties":{"jobs":0,"pop":71,"pointCount":1,"homeWorkCommuteMedian":63591,"workHomeCommuteMedian":-1},"geometry":{"type":"Polygon","coordinates":[[[132.62153733112723,33.43715213706725],[132.62153733112723,33.4461453407045],[132.63053053476446,33.4461453407045],[132.63053053476446,33.43715213706725],[132.62153733112723,33.43715213706725]]]}},{"type":"Feature","properties":{"jobs":0,"pop":18,"pointCount":1,"homeWorkCommuteMedian":50952,"workHomeCommuteMedian":-1},"geometry":{"type":"Polygon","coordinates":[[[132.62153733112723,33.46413174797899],[132.62153733112723,33.473124951616235],[132.63053053476446,33.473124951616235],[132.63053053476446,33.46413174797899],[132.62153733112723,33.46413174797899]]]}},{"type":"Feature","properties":{"jobs":0,"pop":13,"pointCount":1,"homeWorkCommuteMedian":55096,"workHomeCommuteMedian":-1},"geometry":{"type":"Polygon","coordinates":[[[132.62153733112723,33.49111135889073],[132.62153733112723,33.50010456252797],[132.63053053476446,33.50010456252797],[132.63053053476446,33.49111135889073],[132.62153733112723,33.49111135889073]]]}},{"type":"Feature","properties":{"jobs":0,"pop":35,"pointCount":2,"homeWorkCommuteMedian":10155,"workHomeCommuteMedian":-1},"geometry":{"type":"Polygon","coordinates":[[[132.62153733112723,33.50010456252797],[132.62153733112723,33.50909776616522],[132.63053053476446,33.50909776616522],[132.63053053476446,33.50010456252797],[132.62153733112723,33.50010456252797]]]}},{"type":"Feature","properties":{"jobs":24,"pop":32,"pointCount":3,"homeWorkCommuteMedian":8159,"workHomeCommuteMedian":12888},"geometry":{"type":"Polygon","coordinates":[[[132.62153733112723,33.52708417343971],[132.62153733112723,33.53607737707696],[132.63053053476446,33.53607737707696],[132.63053053476446,33.52708417343971],[132.62153733112723,33.52708417343971]]]}},{"type":"Feature","properties":{"jobs":10,"pop":41,"pointCount":3,"homeWorkCommuteMedian":13437,"workHomeCommuteMedian":1454},"geometry":{"type":"Polygon","coordinates":[[[132.62153733112723,33.5450705807142],[132.62153733112723,33.55406378435145],[132.63053053476446,33.55406378435145],[132.63053053476446,33.5450705807142],[132.62153733112723,33.5450705807142]]]}},{"type":"Feature","properties":{"jobs":0,"pop":38,"pointCount":2,"homeWorkCommuteMedian":42580,"workHomeCommuteMedian":-1},"geometry":{"type":"Polygon","coordinates":[[[132.62153733112723,33.55406378435145],[132.62153733112723,33.563056987988695],[132.63053053476446,33.563056987988695],[132.63053053476446,33.55406378435145],[132.62153733112723,33.55406378435145]]]}},{"type":"Feature","properties":{"jobs":11,"pop":14,"pointCount":1,"homeWorkCommuteMedian":41158,"workHomeCommuteMedian":17287},"geometry":{"type":"Polygon","coordinates":[[[132.62153733112723,33.57205019162594],[132.62153733112723,33.58104339526319],[132.63053053476446,33.58104339526319],[132.63053053476446,33.57205019162594],[132.62153733112723,33.57205019162594]]]}},{"type":"Feature","properties":{"jobs":0,"pop":51,"pointCount":2,"homeWorkCommuteMedian":19568,"workHomeCommuteMedian":-1},"geometry":{"type":"Polygon","coordinates":[[[132.62153733112723,33.608023006174925],[132.62153733112723,33.61701620981217],[132.63053053476446,33.61701620981217],[132.63053053476446,33.608023006174925],[132.62153733112723,33.608023006174925]]]}},{"type":"Feature","properties":{"jobs":0,"pop":64,"pointCount":3,"homeWorkCommuteMedian":18914,"workHomeCommuteMedian":-1},"geometry":{"type":"Polygon","coordinates":[[[132.62153733112723,33.67097543163565],[132.62153733112723,33.67996863527289],[132.63053053476446,33.67996863527289],[132.63053053476446,33.67097543163565],[132.62153733112723,33.67097543163565]]]}},{"type":"Feature","properties":{"jobs":28,"pop":13,"pointCount":1,"homeWorkCommuteMedian":22396,"workHomeCommuteMedian":39419},"geometry":{"type":"Polygon","coordinates":[[[132.62153733112723,33.67996863527289],[132.62153733112723,33.68896183891014],[132.63053053476446,33.68896183891014],[132.63053053476446,33.67996863527289],[132.62153733112723,33.67996863527289]]]}},{"type":"Feature","properties":{"jobs":60,"pop":52,"pointCount":3,"homeWorkCommuteMedian":25849,"workHomeCommuteMedian":2676},"geometry":{"type":"Polygon","coordinates":[[[132.62153733112723,33.94976474439027],[132.62153733112723,33.95875794802752],[132.63053053476446,33.95875794802752],[132.63053053476446,33.94976474439027],[132.62153733112723,33.94976474439027]]]}},{"type":"Feature","properties":{"jobs":334,"pop":257,"pointCount":7,"homeWorkCommuteMedian":26198,"workHomeCommuteMedian":24449},"geometry":{"type":"Polygon","coordinates":[[[132.62153733112723,33.95875794802752],[132.62153733112723,33.967751151664764],[132.63053053476446,33.967751151664764],[132.63053053476446,33.95875794802752],[132.62153733112723,33.95875794802752]]]}},{"type":"Feature","properties":{"jobs":536,"pop":242,"pointCount":13,"homeWorkCommuteMedian":40044,"workHomeCommuteMedian":35169},"geometry":{"type":"Polygon","coordinates":[[[132.62153733112723,33.967751151664764],[132.62153733112723,33.97674435530201],[132.63053053476446,33.97674435530201],[132.63053053476446,33.967751151664764],[132.62153733112723,33.967751151664764]]]}},{"type":"Feature","properties":{"jobs":14,"pop":121,"pointCount":2,"homeWorkCommuteMedian":30246,"workHomeCommuteMedian":95972},"geometry":{"type":"Polygon","coordinates":[[[132.62153733112723,33.97674435530201],[132.62153733112723,33.985737558939256],[132.63053053476446,33.985737558939256],[132.63053053476446,33.97674435530201],[132.62153733112723,33.97674435530201]]]}},{"type":"Feature","properties":{"jobs":0,"pop":16,"pointCount":1,"homeWorkCommuteMedian":42990,"workHomeCommuteMedian":-1},"geometry":{"type":"Polygon","coordinates":[[[132.62153733112723,33.985737558939256],[132.62153733112723,33.9947307625765],[132.63053053476446,33.9947307625765],[132.63053053476446,33.985737558939256],[132.62153733112723,33.985737558939256]]]}},{"type":"Feature","properties":{"jobs":16,"pop":16,"pointCount":1,"homeWorkCommuteMedian":56946,"workHomeCommuteMedian":7908},"geometry":{"type":"Polygon","coordinates":[[[132.63053053476446,33.473124951616235],[132.63053053476446,33.48211815525348],[132.6395237384017,33.48211815525348],[132.6395237384017,33.473124951616235],[132.63053053476446,33.473124951616235]]]}},{"type":"Feature","properties":{"jobs":13,"pop":33,"pointCount":2,"homeWorkCommuteMedian":11122,"workHomeCommuteMedian":8528},"geometry":{"type":"Polygon","coordinates":[[[132.63053053476446,33.48211815525348],[132.63053053476446,33.49111135889073],[132.6395237384017,33.49111135889073],[132.6395237384017,33.48211815525348],[132.63053053476446,33.48211815525348]]]}},{"type":"Feature","properties":{"jobs":0,"pop":28,"pointCount":1,"homeWorkCommuteMedian":8821,"workHomeCommuteMedian":-1},"geometry":{"type":"Polygon","coordinates":[[[132.63053053476446,33.49111135889073],[132.63053053476446,33.50010456252797],[132.6395237384017,33.50010456252797],[132.6395237384017,33.49111135889073],[132.63053053476446,33.49111135889073]]]}},{"type":"Feature","properties":{"jobs":255,"pop":12,"pointCount":4,"homeWorkCommuteMedian":42217,"workHomeCommuteMedian":6861},"geometry":{"type":"Polygon","coordinates":[[[132.63053053476446,33.52708417343971],[132.63053053476446,33.53607737707696],[132.6395237384017,33.53607737707696],[132.6395237384017,33.52708417343971],[132.63053053476446,33.52708417343971]]]}},{"type":"Feature","properties":{"jobs":19,"pop":42,"pointCount":3,"homeWorkCommuteMedian":11879,"workHomeCommuteMedian":52189},"geometry":{"type":"Polygon","coordinates":[[[132.63053053476446,33.53607737707696],[132.63053053476446,33.5450705807142],[132.6395237384017,33.5450705807142],[132.6395237384017,33.53607737707696],[132.63053053476446,33.53607737707696]]]}},{"type":"Feature","properties":{"jobs":0,"pop":20,"pointCount":1,"homeWorkCommuteMedian":3790,"workHomeCommuteMedian":-1},"geometry":{"type":"Polygon","coordinates":[[[132.63053053476446,33.563056987988695],[132.63053053476446,33.57205019162594],[132.6395237384017,33.57205019162594],[132.6395237384017,33.563056987988695],[132.63053053476446,33.563056987988695]]]}},{"type":"Feature","properties":{"jobs":20,"pop":10,"pointCount":2,"homeWorkCommuteMedian":13268,"workHomeCommuteMedian":12564},"geometry":{"type":"Polygon","coordinates":[[[132.63053053476446,33.57205019162594],[132.63053053476446,33.58104339526319],[132.6395237384017,33.58104339526319],[132.6395237384017,33.57205019162594],[132.63053053476446,33.57205019162594]]]}},{"type":"Feature","properties":{"jobs":8,"pop":35,"pointCount":2,"homeWorkCommuteMedian":7097,"workHomeCommuteMedian":7225},"geometry":{"type":"Polygon","coordinates":[[[132.63053053476446,33.59003659890043],[132.63053053476446,33.59902980253768],[132.6395237384017,33.59902980253768],[132.6395237384017,33.59003659890043],[132.63053053476446,33.59003659890043]]]}},{"type":"Feature","properties":{"jobs":26,"pop":29,"pointCount":4,"homeWorkCommuteMedian":21824,"workHomeCommuteMedian":1324},"geometry":{"type":"Polygon","coordinates":[[[132.63053053476446,33.61701620981217],[132.63053053476446,33.62600941344942],[132.6395237384017,33.62600941344942],[132.6395237384017,33.61701620981217],[132.63053053476446,33.61701620981217]]]}},{"type":"Feature","properties":{"jobs":0,"pop":62,"pointCount":3,"homeWorkCommuteMedian":24749,"workHomeCommuteMedian":-1},"geometry":{"type":"Polygon","coordinates":[[[132.63053053476446,33.62600941344942],[132.63053053476446,33.63500261708666],[132.6395237384017,33.63500261708666],[132.6395237384017,33.62600941344942],[132.63053053476446,33.62600941344942]]]}},{"type":"Feature","properties":{"jobs":0,"pop":68,"pointCount":1,"homeWorkCommuteMedian":29355,"workHomeCommuteMedian":-1},"geometry":{"type":"Polygon","coordinates":[[[132.63053053476446,33.67097543163565],[132.63053053476446,33.67996863527289],[132.6395237384017,33.67996863527289],[132.6395237384017,33.67097543163565],[132.63053053476446,33.67097543163565]]]}},{"type":"Feature","properties":{"jobs":318,"pop":212,"pointCount":11,"homeWorkCommuteMedian":26097,"workHomeCommuteMedian":9697},"geometry":{"type":"Polygon","coordinates":[[[132.63053053476446,33.67996863527289],[132.63053053476446,33.68896183891014],[132.6395237384017,33.68896183891014],[132.6395237384017,33.67996863527289],[132.63053053476446,33.67996863527289]]]}},{"type":"Feature","properties":{"jobs":5,"pop":16,"pointCount":2,"homeWorkCommuteMedian":18120,"workHomeCommuteMedian":108},"geometry":{"type":"Polygon","coordinates":[[[132.63053053476446,33.88681231892955],[132.63053053476446,33.895805522566796],[132.6395237384017,33.895805522566796],[132.6395237384017,33.88681231892955],[132.63053053476446,33.88681231892955]]]}},{"type":"Feature","properties":{"jobs":59,"pop":0,"pointCount":2,"homeWorkCommuteMedian":-1,"workHomeCommuteMedian":34051},"geometry":{"type":"Polygon","coordinates":[[[132.63053053476446,33.967751151664764],[132.63053053476446,33.97674435530201],[132.6395237384017,33.97674435530201],[132.6395237384017,33.967751151664764],[132.63053053476446,33.967751151664764]]]}},{"type":"Feature","properties":{"jobs":20,"pop":24,"pointCount":2,"homeWorkCommuteMedian":2676,"workHomeCommuteMedian":40529},"geometry":{"type":"Polygon","coordinates":[[[132.63053053476446,33.97674435530201],[132.63053053476446,33.985737558939256],[132.6395237384017,33.985737558939256],[132.6395237384017,33.97674435530201],[132.63053053476446,33.97674435530201]]]}},{"type":"Feature","properties":{"jobs":5,"pop":39,"pointCount":2,"homeWorkCommuteMedian":31895,"workHomeCommuteMedian":46000},"geometry":{"type":"Polygon","coordinates":[[[132.63053053476446,33.985737558939256],[132.63053053476446,33.9947307625765],[132.6395237384017,33.9947307625765],[132.6395237384017,33.985737558939256],[132.63053053476446,33.985737558939256]]]}},{"type":"Feature","properties":{"jobs":0,"pop":35,"pointCount":1,"homeWorkCommuteMedian":55176,"workHomeCommuteMedian":-1},"geometry":{"type":"Polygon","coordinates":[[[132.6395237384017,33.43715213706725],[132.6395237384017,33.4461453407045],[132.64851694203892,33.4461453407045],[132.64851694203892,33.43715213706725],[132.6395237384017,33.43715213706725]]]}},{"type":"Feature","properties":{"jobs":0,"pop":10,"pointCount":1,"homeWorkCommuteMedian":21306,"workHomeCommuteMedian":-1},"geometry":{"type":"Polygon","coordinates":[[[132.6395237384017,33.45513854434174],[132.6395237384017,33.46413174797899],[132.64851694203892,33.46413174797899],[132.64851694203892,33.45513854434174],[132.6395237384017,33.45513854434174]]]}},{"type":"Feature","properties":{"jobs":0,"pop":51,"pointCount":2,"homeWorkCommuteMedian":50928,"workHomeCommuteMedian":-1},"geometry":{"type":"Polygon","coordinates":[[[132.6395237384017,33.473124951616235],[132.6395237384017,33.48211815525348],[132.64851694203892,33.48211815525348],[132.64851694203892,33.473124951616235],[132.6395237384017,33.473124951616235]]]}},{"type":"Feature","properties":{"jobs":0,"pop":12,"pointCount":1,"homeWorkCommuteMedian":51054,"workHomeCommuteMedian":-1},"geometry":{"type":"Polygon","coordinates":[[[132.6395237384017,33.48211815525348],[132.6395237384017,33.49111135889073],[132.64851694203892,33.49111135889073],[132.64851694203892,33.48211815525348],[132.6395237384017,33.48211815525348]]]}},{"type":"Feature","properties":{"jobs":123,"pop":0,"pointCount":2,"homeWorkCommuteMedian":-1,"workHomeCommuteMedian":8341},"geometry":{"type":"Polygon","coordinates":[[[132.6395237384017,33.52708417343971],[132.6395237384017,33.53607737707696],[132.64851694203892,33.53607737707696],[132.64851694203892,33.52708417343971],[132.6395237384017,33.52708417343971]]]}},{"type":"Feature","properties":{"jobs":206,"pop":130,"pointCount":4,"homeWorkCommuteMedian":5846,"workHomeCommuteMedian":11510},"geometry":{"type":"Polygon","coordinates":[[[132.6395237384017,33.53607737707696],[132.6395237384017,33.5450705807142],[132.64851694203892,33.5450705807142],[132.64851694203892,33.53607737707696],[132.6395237384017,33.53607737707696]]]}},{"type":"Feature","properties":{"jobs":895,"pop":1046,"pointCount":11,"homeWorkCommuteMedian":5094,"workHomeCommuteMedian":7184},"geometry":{"type":"Polygon","coordinates":[[[132.6395237384017,33.5450705807142],[132.6395237384017,33.55406378435145],[132.64851694203892,33.55406378435145],[132.64851694203892,33.5450705807142],[132.6395237384017,33.5450705807142]]]}},{"type":"Feature","properties":{"jobs":70,"pop":106,"pointCount":3,"homeWorkCommuteMedian":4316,"workHomeCommuteMedian":1449},"geometry":{"type":"Polygon","coordinates":[[[132.6395237384017,33.55406378435145],[132.6395237384017,33.563056987988695],[132.64851694203892,33.563056987988695],[132.64851694203892,33.55406378435145],[132.6395237384017,33.55406378435145]]]}},{"type":"Feature","properties":{"jobs":59,"pop":43,"pointCount":5,"homeWorkCommuteMedian":39035,"workHomeCommuteMedian":19915},"geometry":{"type":"Polygon","coordinates":[[[132.6395237384017,33.57205019162594],[132.6395237384017,33.58104339526319],[132.64851694203892,33.58104339526319],[132.64851694203892,33.57205019162594],[132.6395237384017,33.57205019162594]]]}},{"type":"Feature","properties":{"jobs":0,"pop":11,"pointCount":1,"homeWorkCommuteMedian":12736,"workHomeCommuteMedian":-1},"geometry":{"type":"Polygon","coordinates":[[[132.6395237384017,33.59003659890043],[132.6395237384017,33.59902980253768],[132.64851694203892,33.59902980253768],[132.64851694203892,33.59003659890043],[132.6395237384017,33.59003659890043]]]}},{"type":"Feature","properties":{"jobs":15,"pop":99,"pointCount":2,"homeWorkCommuteMedian":28536,"workHomeCommuteMedian":14506},"geometry":{"type":"Polygon","coordinates":[[[132.6395237384017,33.62600941344942],[132.6395237384017,33.63500261708666],[132.64851694203892,33.63500261708666],[132.64851694203892,33.62600941344942],[132.6395237384017,33.62600941344942]]]}},{"type":"Feature","properties":{"jobs":278,"pop":209,"pointCount":7,"homeWorkCommuteMedian":19756,"workHomeCommuteMedian":16603},"geometry":{"type":"Polygon","coordinates":[[[132.6395237384017,33.67996863527289],[132.6395237384017,33.68896183891014],[132.64851694203892,33.68896183891014],[132.64851694203892,33.67996863527289],[132.6395237384017,33.67996863527289]]]}},{"type":"Feature","properties":{"jobs":51,"pop":21,"pointCount":2,"homeWorkCommuteMedian":13614,"workHomeCommuteMedian":17224},"geometry":{"type":"Polygon","coordinates":[[[132.6395237384017,33.68896183891014],[132.6395237384017,33.697955042547385],[132.64851694203892,33.697955042547385],[132.64851694203892,33.68896183891014],[132.6395237384017,33.68896183891014]]]}},{"type":"Feature","properties":{"jobs":0,"pop":31,"pointCount":2,"homeWorkCommuteMedian":68297,"workHomeCommuteMedian":-1},"geometry":{"type":"Polygon","coordinates":[[[132.64851694203892,33.428158933430005],[132.64851694203892,33.43715213706725],[132.65751014567616,33.43715213706725],[132.65751014567616,33.428158933430005],[132.64851694203892,33.428158933430005]]]}},{"type":"Feature","properties":{"jobs":0,"pop":33,"pointCount":2,"homeWorkCommuteMedian":21880,"workHomeCommuteMedian":-1},"geometry":{"type":"Polygon","coordinates":[[[132.64851694203892,33.4461453407045],[132.64851694203892,33.45513854434174],[132.65751014567616,33.45513854434174],[132.65751014567616,33.4461453407045],[132.64851694203892,33.4461453407045]]]}},{"type":"Feature","properties":{"jobs":96,"pop":63,"pointCount":4,"homeWorkCommuteMedian":16220,"workHomeCommuteMedian":9559},"geometry":{"type":"Polygon","coordinates":[[[132.64851694203892,33.48211815525348],[132.64851694203892,33.49111135889073],[132.65751014567616,33.49111135889073],[132.65751014567616,33.48211815525348],[132.64851694203892,33.48211815525348]]]}},{"type":"Feature","properties":{"jobs":0,"pop":35,"pointCount":1,"homeWorkCommuteMedian":25633,"workHomeCommuteMedian":-1},"geometry":{"type":"Polygon","coordinates":[[[132.64851694203892,33.518090969802465],[132.64851694203892,33.52708417343971],[132.65751014567616,33.52708417343971],[132.65751014567616,33.518090969802465],[132.64851694203892,33.518090969802465]]]}},{"type":"Feature","properties":{"jobs":291,"pop":545,"pointCount":11,"homeWorkCommuteMedian":2150,"workHomeCommuteMedian":6330},"geometry":{"type":"Polygon","coordinates":[[[132.64851694203892,33.52708417343971],[132.64851694203892,33.53607737707696],[132.65751014567616,33.53607737707696],[132.65751014567616,33.52708417343971],[132.64851694203892,33.52708417343971]]]}},{"type":"Feature","properties":{"jobs":326,"pop":274,"pointCount":14,"homeWorkCommuteMedian":15777,"workHomeCommuteMedian":3925},"geometry":{"type":"Polygon","coordinates":[[[132.64851694203892,33.53607737707696],[132.64851694203892,33.5450705807142],[132.65751014567616,33.5450705807142],[132.65751014567616,33.53607737707696],[132.64851694203892,33.53607737707696]]]}},{"type":"Feature","properties":{"jobs":1446,"pop":960,"pointCount":16,"homeWorkCommuteMedian":10147,"workHomeCommuteMedian":9302},"geometry":{"type":"Polygon","coordinates":[[[132.64851694203892,33.5450705807142],[132.64851694203892,33.55406378435145],[132.65751014567616,33.55406378435145],[132.65751014567616,33.5450705807142],[132.64851694203892,33.5450705807142]]]}},{"type":"Feature","properties":{"jobs":506,"pop":717,"pointCount":14,"homeWorkCommuteMedian":9957,"workHomeCommuteMedian":4731},"geometry":{"type":"Polygon","coordinates":[[[132.64851694203892,33.55406378435145],[132.64851694203892,33.563056987988695],[132.65751014567616,33.563056987988695],[132.65751014567616,33.55406378435145],[132.64851694203892,33.55406378435145]]]}},{"type":"Feature","properties":{"jobs":0,"pop":81,"pointCount":2,"homeWorkCommuteMedian":19421,"workHomeCommuteMedian":-1},"geometry":{"type":"Polygon","coordinates":[[[132.64851694203892,33.563056987988695],[132.64851694203892,33.57205019162594],[132.65751014567616,33.57205019162594],[132.65751014567616,33.563056987988695],[132.64851694203892,33.563056987988695]]]}},{"type":"Feature","properties":{"jobs":0,"pop":27,"pointCount":2,"homeWorkCommuteMedian":6522,"workHomeCommuteMedian":-1},"geometry":{"type":"Polygon","coordinates":[[[132.64851694203892,33.57205019162594],[132.64851694203892,33.58104339526319],[132.65751014567616,33.58104339526319],[132.65751014567616,33.57205019162594],[132.64851694203892,33.57205019162594]]]}},{"type":"Feature","properties":{"jobs":0,"pop":69,"pointCount":2,"homeWorkCommuteMedian":35654,"workHomeCommuteMedian":-1},"geometry":{"type":"Polygon","coordinates":[[[132.64851694203892,33.58104339526319],[132.64851694203892,33.59003659890043],[132.65751014567616,33.59003659890043],[132.65751014567616,33.58104339526319],[132.64851694203892,33.58104339526319]]]}},{"type":"Feature","properties":{"jobs":26,"pop":94,"pointCount":6,"homeWorkCommuteMedian":12730,"workHomeCommuteMedian":39409},"geometry":{"type":"Polygon","coordinates":[[[132.64851694203892,33.67996863527289],[132.64851694203892,33.68896183891014],[132.65751014567616,33.68896183891014],[132.65751014567616,33.67996863527289],[132.64851694203892,33.67996863527289]]]}},{"type":"Feature","properties":{"jobs":0,"pop":84,"pointCount":3,"homeWorkCommuteMedian":8574,"workHomeCommuteMedian":-1},"geometry":{"type":"Polygon","coordinates":[[[132.64851694203892,33.68896183891014],[132.64851694203892,33.697955042547385],[132.65751014567616,33.697955042547385],[132.65751014567616,33.68896183891014],[132.64851694203892,33.68896183891014]]]}},{"type":"Feature","properties":{"jobs":51,"pop":36,"pointCount":4,"homeWorkCommuteMedian":59425,"workHomeCommuteMedian":20020},"geometry":{"type":"Polygon","coordinates":[[[132.65751014567616,33.428158933430005],[132.65751014567616,33.43715213706725],[132.6665033493134,33.43715213706725],[132.6665033493134,33.428158933430005],[132.65751014567616,33.428158933430005]]]}},{"type":"Feature","properties":{"jobs":15,"pop":13,"pointCount":2,"homeWorkCommuteMedian":14631,"workHomeCommuteMedian":9129},"geometry":{"type":"Polygon","coordinates":[[[132.65751014567616,33.473124951616235],[132.65751014567616,33.48211815525348],[132.6665033493134,33.48211815525348],[132.6665033493134,33.473124951616235],[132.65751014567616,33.473124951616235]]]}},{"type":"Feature","properties":{"jobs":26,"pop":64,"pointCount":5,"homeWorkCommuteMedian":11639,"workHomeCommuteMedian":11296},"geometry":{"type":"Polygon","coordinates":[[[132.65751014567616,33.48211815525348],[132.65751014567616,33.49111135889073],[132.6665033493134,33.49111135889073],[132.6665033493134,33.48211815525348],[132.65751014567616,33.48211815525348]]]}},{"type":"Feature","properties":{"jobs":0,"pop":20,"pointCount":1,"homeWorkCommuteMedian":53027,"workHomeCommuteMedian":-1},"geometry":{"type":"Polygon","coordinates":[[[132.65751014567616,33.49111135889073],[132.65751014567616,33.50010456252797],[132.6665033493134,33.50010456252797],[132.6665033493134,33.49111135889073],[132.65751014567616,33.49111135889073]]]}},{"type":"Feature","properties":{"jobs":48,"pop":0,"pointCount":3,"homeWorkCommuteMedian":-1,"workHomeCommuteMedian":12375},"geometry":{"type":"Polygon","coordinates":[[[132.65751014567616,33.50010456252797],[132.65751014567616,33.50909776616522],[132.6665033493134,33.50909776616522],[132.6665033493134,33.50010456252797],[132.65751014567616,33.50010456252797]]]}},{"type":"Feature","properties":{"jobs":18,"pop":44,"pointCount":2,"homeWorkCommuteMedian":14492,"workHomeCommuteMedian":15978},"geometry":{"type":"Polygon","coordinates":[[[132.65751014567616,33.50909776616522],[132.65751014567616,33.518090969802465],[132.6665033493134,33.518090969802465],[132.6665033493134,33.50909776616522],[132.65751014567616,33.50909776616522]]]}},{"type":"Feature","properties":{"jobs":23,"pop":47,"pointCount":2,"homeWorkCommuteMedian":4954,"workHomeCommuteMedian":22250},"geometry":{"type":"Polygon","coordinates":[[[132.65751014567616,33.518090969802465],[132.65751014567616,33.52708417343971],[132.6665033493134,33.52708417343971],[132.6665033493134,33.518090969802465],[132.65751014567616,33.518090969802465]]]}},{"type":"Feature","properties":{"jobs":830,"pop":694,"pointCount":13,"homeWorkCommuteMedian":7697,"workHomeCommuteMedian":3388},"geometry":{"type":"Polygon","coordinates":[[[132.65751014567616,33.52708417343971],[132.65751014567616,33.53607737707696],[132.6665033493134,33.53607737707696],[132.6665033493134,33.52708417343971],[132.65751014567616,33.52708417343971]]]}},{"type":"Feature","properties":{"jobs":96,"pop":457,"pointCount":6,"homeWorkCommuteMedian":12164,"workHomeCommuteMedian":2263},"geometry":{"type":"Polygon","coordinates":[[[132.65751014567616,33.53607737707696],[132.65751014567616,33.5450705807142],[132.6665033493134,33.5450705807142],[132.6665033493134,33.53607737707696],[132.65751014567616,33.53607737707696]]]}},{"type":"Feature","properties":{"jobs":0,"pop":46,"pointCount":1,"homeWorkCommuteMedian":19083,"workHomeCommuteMedian":-1},"geometry":{"type":"Polygon","coordinates":[[[132.65751014567616,33.5450705807142],[132.65751014567616,33.55406378435145],[132.6665033493134,33.55406378435145],[132.6665033493134,33.5450705807142],[132.65751014567616,33.5450705807142]]]}},{"type":"Feature","properties":{"jobs":263,"pop":292,"pointCount":10,"homeWorkCommuteMedian":7848,"workHomeCommuteMedian":3417},"geometry":{"type":"Polygon","coordinates":[[[132.65751014567616,33.55406378435145],[132.65751014567616,33.563056987988695],[132.6665033493134,33.563056987988695],[132.6665033493134,33.55406378435145],[132.65751014567616,33.55406378435145]]]}},{"type":"Feature","properties":{"jobs":94,"pop":0,"pointCount":2,"homeWorkCommuteMedian":-1,"workHomeCommuteMedian":11517},"geometry":{"type":"Polygon","coordinates":[[[132.65751014567616,33.563056987988695],[132.65751014567616,33.57205019162594],[132.6665033493134,33.57205019162594],[132.6665033493134,33.563056987988695],[132.65751014567616,33.563056987988695]]]}},{"type":"Feature","properties":{"jobs":0,"pop":51,"pointCount":3,"homeWorkCommuteMedian":9616,"workHomeCommuteMedian":-1},"geometry":{"type":"Polygon","coordinates":[[[132.65751014567616,33.57205019162594],[132.65751014567616,33.58104339526319],[132.6665033493134,33.58104339526319],[132.6665033493134,33.57205019162594],[132.65751014567616,33.57205019162594]]]}},{"type":"Feature","properties":{"jobs":0,"pop":29,"pointCount":2,"homeWorkCommuteMedian":11414,"workHomeCommuteMedian":-1},"geometry":{"type":"Polygon","coordinates":[[[132.65751014567616,33.58104339526319],[132.65751014567616,33.59003659890043],[132.6665033493134,33.59003659890043],[132.6665033493134,33.58104339526319],[132.65751014567616,33.58104339526319]]]}},{"type":"Feature","properties":{"jobs":0,"pop":46,"pointCount":2,"homeWorkCommuteMedian":23626,"workHomeCommuteMedian":-1},"geometry":{"type":"Polygon","coordinates":[[[132.65751014567616,33.59003659890043],[132.65751014567616,33.59902980253768],[132.6665033493134,33.59902980253768],[132.6665033493134,33.59003659890043],[132.65751014567616,33.59003659890043]]]}},{"type":"Feature","properties":{"jobs":0,"pop":42,"pointCount":3,"homeWorkCommuteMedian":26118,"workHomeCommuteMedian":-1},"geometry":{"type":"Polygon","coordinates":[[[132.65751014567616,33.62600941344942],[132.65751014567616,33.63500261708666],[132.6665033493134,33.63500261708666],[132.6665033493134,33.62600941344942],[132.65751014567616,33.62600941344942]]]}},{"type":"Feature","properties":{"jobs":0,"pop":30,"pointCount":2,"homeWorkCommuteMedian":40631,"workHomeCommuteMedian":-1},"geometry":{"type":"Polygon","coordinates":[[[132.65751014567616,33.63500261708666],[132.65751014567616,33.64399582072391],[132.6665033493134,33.64399582072391],[132.6665033493134,33.63500261708666],[132.65751014567616,33.63500261708666]]]}},{"type":"Feature","properties":{"jobs":0,"pop":34,"pointCount":2,"homeWorkCommuteMedian":10437,"workHomeCommuteMedian":-1},"geometry":{"type":"Polygon","coordinates":[[[132.65751014567616,33.67996863527289],[132.65751014567616,33.68896183891014],[132.6665033493134,33.68896183891014],[132.6665033493134,33.67996863527289],[132.65751014567616,33.67996863527289]]]}},{"type":"Feature","properties":{"jobs":0,"pop":57,"pointCount":2,"homeWorkCommuteMedian":20877,"workHomeCommuteMedian":-1},"geometry":{"type":"Polygon","coordinates":[[[132.65751014567616,33.697955042547385],[132.65751014567616,33.70694824618463],[132.6665033493134,33.70694824618463],[132.6665033493134,33.697955042547385],[132.65751014567616,33.697955042547385]]]}},{"type":"Feature","properties":{"jobs":70,"pop":10,"pointCount":3,"homeWorkCommuteMedian":7705,"workHomeCommuteMedian":17479},"geometry":{"type":"Polygon","coordinates":[[[132.65751014567616,33.70694824618463],[132.65751014567616,33.71594144982188],[132.6665033493134,33.71594144982188],[132.6665033493134,33.70694824618463],[132.65751014567616,33.70694824618463]]]}},{"type":"Feature","properties":{"jobs":0,"pop":34,"pointCount":1,"homeWorkCommuteMedian":110619,"workHomeCommuteMedian":-1},"geometry":{"type":"Polygon","coordinates":[[[132.65751014567616,33.895805522566796],[132.65751014567616,33.90479872620404],[132.6665033493134,33.90479872620404],[132.6665033493134,33.895805522566796],[132.65751014567616,33.895805522566796]]]}},{"type":"Feature","properties":{"jobs":9,"pop":0,"pointCount":1,"homeWorkCommuteMedian":-1,"workHomeCommuteMedian":383},"geometry":{"type":"Polygon","coordinates":[[[132.65751014567616,33.94976474439027],[132.65751014567616,33.95875794802752],[132.6665033493134,33.95875794802752],[132.6665033493134,33.94976474439027],[132.65751014567616,33.94976474439027]]]}},{"type":"Feature","properties":{"jobs":25,"pop":84,"pointCount":2,"homeWorkCommuteMedian":25698,"workHomeCommuteMedian":24357},"geometry":{"type":"Polygon","coordinates":[[[132.65751014567616,33.95875794802752],[132.65751014567616,33.967751151664764],[132.6665033493134,33.967751151664764],[132.6665033493134,33.95875794802752],[132.65751014567616,33.95875794802752]]]}},{"type":"Feature","properties":{"jobs":10,"pop":53,"pointCount":3,"homeWorkCommuteMedian":24316,"workHomeCommuteMedian":23793},"geometry":{"type":"Polygon","coordinates":[[[132.6665033493134,33.428158933430005],[132.6665033493134,33.43715213706725],[132.67549655295062,33.43715213706725],[132.67549655295062,33.428158933430005],[132.6665033493134,33.428158933430005]]]}},{"type":"Feature","properties":{"jobs":11,"pop":24,"pointCount":2,"homeWorkCommuteMedian":17463,"workHomeCommuteMedian":47499},"geometry":{"type":"Polygon","coordinates":[[[132.6665033493134,33.4461453407045],[132.6665033493134,33.45513854434174],[132.67549655295062,33.45513854434174],[132.67549655295062,33.4461453407045],[132.6665033493134,33.4461453407045]]]}},{"type":"Feature","properties":{"jobs":0,"pop":18,"pointCount":1,"homeWorkCommuteMedian":57778,"workHomeCommuteMedian":-1},"geometry":{"type":"Polygon","coordinates":[[[132.6665033493134,33.46413174797899],[132.6665033493134,33.473124951616235],[132.67549655295062,33.473124951616235],[132.67549655295062,33.46413174797899],[132.6665033493134,33.46413174797899]]]}},{"type":"Feature","properties":{"jobs":10,"pop":0,"pointCount":1,"homeWorkCommuteMedian":-1,"workHomeCommuteMedian":26710},"geometry":{"type":"Polygon","coordinates":[[[132.6665033493134,33.473124951616235],[132.6665033493134,33.48211815525348],[132.67549655295062,33.48211815525348],[132.67549655295062,33.473124951616235],[132.6665033493134,33.473124951616235]]]}},{"type":"Feature","properties":{"jobs":26,"pop":17,"pointCount":2,"homeWorkCommuteMedian":73467,"workHomeCommuteMedian":12190},"geometry":{"type":"Polygon","coordinates":[[[132.6665033493134,33.48211815525348],[132.6665033493134,33.49111135889073],[132.67549655295062,33.49111135889073],[132.67549655295062,33.48211815525348],[132.6665033493134,33.48211815525348]]]}},{"type":"Feature","properties":{"jobs":7,"pop":0,"pointCount":1,"homeWorkCommuteMedian":-1,"workHomeCommuteMedian":11676},"geometry":{"type":"Polygon","coordinates":[[[132.6665033493134,33.49111135889073],[132.6665033493134,33.50010456252797],[132.67549655295062,33.50010456252797],[132.67549655295062,33.49111135889073],[132.6665033493134,33.49111135889073]]]}},{"type":"Feature","properties":{"jobs":0,"pop":45,"pointCount":3,"homeWorkCommuteMedian":11593,"workHomeCommuteMedian":-1},"geometry":{"type":"Polygon","coordinates":[[[132.6665033493134,33.50010456252797],[132.6665033493134,33.50909776616522],[132.67549655295062,33.50909776616522],[132.67549655295062,33.50010456252797],[132.6665033493134,33.50010456252797]]]}},{"type":"Feature","properties":{"jobs":12,"pop":42,"pointCount":2,"homeWorkCommuteMedian":11007,"workHomeCommuteMedian":2901},"geometry":{"type":"Polygon","coordinates":[[[132.6665033493134,33.50909776616522],[132.6665033493134,33.518090969802465],[132.67549655295062,33.518090969802465],[132.67549655295062,33.50909776616522],[132.6665033493134,33.50909776616522]]]}},{"type":"Feature","properties":{"jobs":0,"pop":44,"pointCount":2,"homeWorkCommuteMedian":22097,"workHomeCommuteMedian":-1},"geometry":{"type":"Polygon","coordinates":[[[132.6665033493134,33.518090969802465],[132.6665033493134,33.52708417343971],[132.67549655295062,33.52708417343971],[132.67549655295062,33.518090969802465],[132.6665033493134,33.518090969802465]]]}},{"type":"Feature","properties":{"jobs":15,"pop":146,"pointCount":4,"homeWorkCommuteMedian":10317,"workHomeCommuteMedian":12827},"geometry":{"type":"Polygon","coordinates":[[[132.6665033493134,33.52708417343971],[132.6665033493134,33.53607737707696],[132.67549655295062,33.53607737707696],[132.67549655295062,33.52708417343971],[132.6665033493134,33.52708417343971]]]}},{"type":"Feature","properties":{"jobs":0,"pop":15,"pointCount":1,"homeWorkCommuteMedian":1067,"workHomeCommuteMedian":-1},"geometry":{"type":"Polygon","coordinates":[[[132.6665033493134,33.53607737707696],[132.6665033493134,33.5450705807142],[132.67549655295062,33.5450705807142],[132.67549655295062,33.53607737707696],[132.6665033493134,33.53607737707696]]]}},{"type":"Feature","properties":{"jobs":38,"pop":0,"pointCount":1,"homeWorkCommuteMedian":-1,"workHomeCommuteMedian":13636},"geometry":{"type":"Polygon","coordinates":[[[132.6665033493134,33.55406378435145],[132.6665033493134,33.563056987988695],[132.67549655295062,33.563056987988695],[132.67549655295062,33.55406378435145],[132.6665033493134,33.55406378435145]]]}},{"type":"Feature","properties":{"jobs":0,"pop":53,"pointCount":3,"homeWorkCommuteMedian":12524,"workHomeCommuteMedian":-1},"geometry":{"type":"Polygon","coordinates":[[[132.6665033493134,33.563056987988695],[132.6665033493134,33.57205019162594],[132.67549655295062,33.57205019162594],[132.67549655295062,33.563056987988695],[132.6665033493134,33.563056987988695]]]}},{"type":"Feature","properties":{"jobs":11,"pop":37,"pointCount":2,"homeWorkCommuteMedian":40274,"workHomeCommuteMedian":19321},"geometry":{"type":"Polygon","coordinates":[[[132.6665033493134,33.57205019162594],[132.6665033493134,33.58104339526319],[132.67549655295062,33.58104339526319],[132.67549655295062,33.57205019162594],[132.6665033493134,33.57205019162594]]]}},{"type":"Feature","properties":{"jobs":46,"pop":0,"pointCount":1,"homeWorkCommuteMedian":-1,"workHomeCommuteMedian":46715},"geometry":{"type":"Polygon","coordinates":[[[132.6665033493134,33.58104339526319],[132.6665033493134,33.59003659890043],[132.67549655295062,33.59003659890043],[132.67549655295062,33.58104339526319],[132.6665033493134,33.58104339526319]]]}},{"type":"Feature","properties":{"jobs":37,"pop":67,"pointCount":4,"homeWorkCommuteMedian":10683,"workHomeCommuteMedian":3724},"geometry":{"type":"Polygon","coordinates":[[[132.6665033493134,33.59003659890043],[132.6665033493134,33.59902980253768],[132.67549655295062,33.59902980253768],[132.67549655295062,33.59003659890043],[132.6665033493134,33.59003659890043]]]}},{"type":"Feature","properties":{"jobs":7,"pop":56,"pointCount":1,"homeWorkCommuteMedian":12450,"workHomeCommuteMedian":19756},"geometry":{"type":"Polygon","coordinates":[[[132.6665033493134,33.608023006174925],[132.6665033493134,33.61701620981217],[132.67549655295062,33.61701620981217],[132.67549655295062,33.608023006174925],[132.6665033493134,33.608023006174925]]]}},{"type":"Feature","properties":{"jobs":0,"pop":12,"pointCount":1,"homeWorkCommuteMedian":12673,"workHomeCommuteMedian":-1},"geometry":{"type":"Polygon","coordinates":[[[132.6665033493134,33.61701620981217],[132.6665033493134,33.62600941344942],[132.67549655295062,33.62600941344942],[132.67549655295062,33.61701620981217],[132.6665033493134,33.61701620981217]]]}},{"type":"Feature","properties":{"jobs":0,"pop":40,"pointCount":3,"homeWorkCommuteMedian":28383,"workHomeCommuteMedian":-1},"geometry":{"type":"Polygon","coordinates":[[[132.6665033493134,33.62600941344942],[132.6665033493134,33.63500261708666],[132.67549655295062,33.63500261708666],[132.67549655295062,33.62600941344942],[132.6665033493134,33.62600941344942]]]}},{"type":"Feature","properties":{"jobs":20,"pop":18,"pointCount":2,"homeWorkCommuteMedian":10039,"workHomeCommuteMedian":18275},"geometry":{"type":"Polygon","coordinates":[[[132.6665033493134,33.63500261708666],[132.6665033493134,33.64399582072391],[132.67549655295062,33.64399582072391],[132.67549655295062,33.63500261708666],[132.6665033493134,33.63500261708666]]]}},{"type":"Feature","properties":{"jobs":0,"pop":30,"pointCount":2,"homeWorkCommuteMedian":6183,"workHomeCommuteMedian":-1},"geometry":{"type":"Polygon","coordinates":[[[132.6665033493134,33.6619822279984],[132.6665033493134,33.67097543163565],[132.67549655295062,33.67097543163565],[132.67549655295062,33.6619822279984],[132.6665033493134,33.6619822279984]]]}},{"type":"Feature","properties":{"jobs":38,"pop":19,"pointCount":2,"homeWorkCommuteMedian":33413,"workHomeCommuteMedian":3077},"geometry":{"type":"Polygon","coordinates":[[[132.6665033493134,33.67097543163565],[132.6665033493134,33.67996863527289],[132.67549655295062,33.67996863527289],[132.67549655295062,33.67097543163565],[132.6665033493134,33.67097543163565]]]}},{"type":"Feature","properties":{"jobs":31,"pop":91,"pointCount":2,"homeWorkCommuteMedian":24746,"workHomeCommuteMedian":17531},"geometry":{"type":"Polygon","coordinates":[[[132.6665033493134,33.67996863527289],[132.6665033493134,33.68896183891014],[132.67549655295062,33.68896183891014],[132.67549655295062,33.67996863527289],[132.6665033493134,33.67996863527289]]]}},{"type":"Feature","properties":{"jobs":224,"pop":22,"pointCount":2,"homeWorkCommuteMedian":5296,"workHomeCommuteMedian":12633},"geometry":{"type":"Polygon","coordinates":[[[132.6665033493134,33.70694824618463],[132.6665033493134,33.71594144982188],[132.67549655295062,33.71594144982188],[132.67549655295062,33.70694824618463],[132.6665033493134,33.70694824618463]]]}},{"type":"Feature","properties":{"jobs":0,"pop":54,"pointCount":2,"homeWorkCommuteMedian":17952,"workHomeCommuteMedian":-1},"geometry":{"type":"Polygon","coordinates":[[[132.6665033493134,33.86882591165506],[132.6665033493134,33.877819115292304],[132.67549655295062,33.877819115292304],[132.67549655295062,33.86882591165506],[132.6665033493134,33.86882591165506]]]}},{"type":"Feature","properties":{"jobs":77,"pop":18,"pointCount":3,"homeWorkCommuteMedian":9206,"workHomeCommuteMedian":4090},"geometry":{"type":"Polygon","coordinates":[[[132.6665033493134,33.88681231892955],[132.6665033493134,33.895805522566796],[132.67549655295062,33.895805522566796],[132.67549655295062,33.88681231892955],[132.6665033493134,33.88681231892955]]]}},{"type":"Feature","properties":{"jobs":0,"pop":86,"pointCount":2,"homeWorkCommuteMedian":16155,"workHomeCommuteMedian":-1},"geometry":{"type":"Polygon","coordinates":[[[132.6665033493134,33.895805522566796],[132.6665033493134,33.90479872620404],[132.67549655295062,33.90479872620404],[132.67549655295062,33.895805522566796],[132.6665033493134,33.895805522566796]]]}},{"type":"Feature","properties":{"jobs":0,"pop":45,"pointCount":1,"homeWorkCommuteMedian":23181,"workHomeCommuteMedian":-1},"geometry":{"type":"Polygon","coordinates":[[[132.6665033493134,33.94976474439027],[132.6665033493134,33.95875794802752],[132.67549655295062,33.95875794802752],[132.67549655295062,33.94976474439027],[132.6665033493134,33.94976474439027]]]}},{"type":"Feature","properties":{"jobs":0,"pop":35,"pointCount":2,"homeWorkCommuteMedian":58630,"workHomeCommuteMedian":-1},"geometry":{"type":"Polygon","coordinates":[[[132.67549655295062,33.428158933430005],[132.67549655295062,33.43715213706725],[132.68448975658785,33.43715213706725],[132.68448975658785,33.428158933430005],[132.67549655295062,33.428158933430005]]]}},{"type":"Feature","properties":{"jobs":66,"pop":19,"pointCount":3,"homeWorkCommuteMedian":55494,"workHomeCommuteMedian":10062},"geometry":{"type":"Polygon","coordinates":[[[132.67549655295062,33.4461453407045],[132.67549655295062,33.45513854434174],[132.68448975658785,33.45513854434174],[132.68448975658785,33.4461453407045],[132.67549655295062,33.4461453407045]]]}},{"type":"Feature","properties":{"jobs":274,"pop":64,"pointCount":7,"homeWorkCommuteMedian":22554,"workHomeCommuteMedian":21187},"geometry":{"type":"Polygon","coordinates":[[[132.67549655295062,33.45513854434174],[132.67549655295062,33.46413174797899],[132.68448975658785,33.46413174797899],[132.68448975658785,33.45513854434174],[132.67549655295062,33.45513854434174]]]}},{"type":"Feature","properties":{"jobs":79,"pop":12,"pointCount":3,"homeWorkCommuteMedian":47812,"workHomeCommuteMedian":23473},"geometry":{"type":"Polygon","coordinates":[[[132.67549655295062,33.46413174797899],[132.67549655295062,33.473124951616235],[132.68448975658785,33.473124951616235],[132.68448975658785,33.46413174797899],[132.67549655295062,33.46413174797899]]]}},{"type":"Feature","properties":{"jobs":55,"pop":0,"pointCount":2,"homeWorkCommuteMedian":-1,"workHomeCommuteMedian":12417},"geometry":{"type":"Polygon","coordinates":[[[132.67549655295062,33.473124951616235],[132.67549655295062,33.48211815525348],[132.68448975658785,33.48211815525348],[132.68448975658785,33.473124951616235],[132.67549655295062,33.473124951616235]]]}},{"type":"Feature","properties":{"jobs":17,"pop":87,"pointCount":1,"homeWorkCommuteMedian":21104,"workHomeCommuteMedian":18521},"geometry":{"type":"Polygon","coordinates":[[[132.67549655295062,33.48211815525348],[132.67549655295062,33.49111135889073],[132.68448975658785,33.49111135889073],[132.68448975658785,33.48211815525348],[132.67549655295062,33.48211815525348]]]}},{"type":"Feature","properties":{"jobs":0,"pop":11,"pointCount":1,"homeWorkCommuteMedian":8488,"workHomeCommuteMedian":-1},"geometry":{"type":"Polygon","coordinates":[[[132.67549655295062,33.50010456252797],[132.67549655295062,33.50909776616522],[132.68448975658785,33.50909776616522],[132.68448975658785,33.50010456252797],[132.67549655295062,33.50010456252797]]]}},{"type":"Feature","properties":{"jobs":0,"pop":21,"pointCount":2,"homeWorkCommuteMedian":23221,"workHomeCommuteMedian":-1},"geometry":{"type":"Polygon","coordinates":[[[132.67549655295062,33.518090969802465],[132.67549655295062,33.52708417343971],[132.68448975658785,33.52708417343971],[132.68448975658785,33.518090969802465],[132.67549655295062,33.518090969802465]]]}},{"type":"Feature","properties":{"jobs":0,"pop":71,"pointCount":1,"homeWorkCommuteMedian":21234,"workHomeCommuteMedian":-1},"geometry":{"type":"Polygon","coordinates":[[[132.67549655295062,33.52708417343971],[132.67549655295062,33.53607737707696],[132.68448975658785,33.53607737707696],[132.68448975658785,33.52708417343971],[132.67549655295062,33.52708417343971]]]}},{"type":"Feature","properties":{"jobs":0,"pop":26,"pointCount":1,"homeWorkCommuteMedian":15794,"workHomeCommuteMedian":-1},"geometry":{"type":"Polygon","coordinates":[[[132.67549655295062,33.53607737707696],[132.67549655295062,33.5450705807142],[132.68448975658785,33.5450705807142],[132.68448975658785,33.53607737707696],[132.67549655295062,33.53607737707696]]]}},{"type":"Feature","properties":{"jobs":0,"pop":50,"pointCount":3,"homeWorkCommuteMedian":5808,"workHomeCommuteMedian":-1},"geometry":{"type":"Polygon","coordinates":[[[132.67549655295062,33.55406378435145],[132.67549655295062,33.563056987988695],[132.68448975658785,33.563056987988695],[132.68448975658785,33.55406378435145],[132.67549655295062,33.55406378435145]]]}},{"type":"Feature","properties":{"jobs":47,"pop":38,"pointCount":4,"homeWorkCommuteMedian":19717,"workHomeCommuteMedian":12450},"geometry":{"type":"Polygon","coordinates":[[[132.67549655295062,33.563056987988695],[132.67549655295062,33.57205019162594],[132.68448975658785,33.57205019162594],[132.68448975658785,33.563056987988695],[132.67549655295062,33.563056987988695]]]}},{"type":"Feature","properties":{"jobs":25,"pop":39,"pointCount":2,"homeWorkCommuteMedian":36509,"workHomeCommuteMedian":8089},"geometry":{"type":"Polygon","coordinates":[[[132.67549655295062,33.59003659890043],[132.67549655295062,33.59902980253768],[132.68448975658785,33.59902980253768],[132.68448975658785,33.59003659890043],[132.67549655295062,33.59003659890043]]]}},{"type":"Feature","properties":{"jobs":148,"pop":86,"pointCount":4,"homeWorkCommuteMedian":31892,"workHomeCommuteMedian":10626},"geometry":{"type":"Polygon","coordinates":[[[132.67549655295062,33.59902980253768],[132.67549655295062,33.608023006174925],[132.68448975658785,33.608023006174925],[132.68448975658785,33.59902980253768],[132.67549655295062,33.59902980253768]]]}},{"type":"Feature","properties":{"jobs":0,"pop":35,"pointCount":2,"homeWorkCommuteMedian":13316,"workHomeCommuteMedian":-1},"geometry":{"type":"Polygon","coordinates":[[[132.67549655295062,33.608023006174925],[132.67549655295062,33.61701620981217],[132.68448975658785,33.61701620981217],[132.68448975658785,33.608023006174925],[132.67549655295062,33.608023006174925]]]}},{"type":"Feature","properties":{"jobs":0,"pop":21,"pointCount":1,"homeWorkCommuteMedian":16913,"workHomeCommuteMedian":-1},"geometry":{"type":"Polygon","coordinates":[[[132.67549655295062,33.61701620981217],[132.67549655295062,33.62600941344942],[132.68448975658785,33.62600941344942],[132.68448975658785,33.61701620981217],[132.67549655295062,33.61701620981217]]]}},{"type":"Feature","properties":{"jobs":12,"pop":25,"pointCount":1,"homeWorkCommuteMedian":37206,"workHomeCommuteMedian":21629},"geometry":{"type":"Polygon","coordinates":[[[132.67549655295062,33.63500261708666],[132.67549655295062,33.64399582072391],[132.68448975658785,33.64399582072391],[132.68448975658785,33.63500261708666],[132.67549655295062,33.63500261708666]]]}},{"type":"Feature","properties":{"jobs":0,"pop":76,"pointCount":2,"homeWorkCommuteMedian":22594,"workHomeCommuteMedian":-1},"geometry":{"type":"Polygon","coordinates":[[[132.67549655295062,33.67996863527289],[132.67549655295062,33.68896183891014],[132.68448975658785,33.68896183891014],[132.68448975658785,33.67996863527289],[132.67549655295062,33.67996863527289]]]}},{"type":"Feature","properties":{"jobs":0,"pop":19,"pointCount":1,"homeWorkCommuteMedian":10949,"workHomeCommuteMedian":-1},"geometry":{"type":"Polygon","coordinates":[[[132.67549655295062,33.70694824618463],[132.67549655295062,33.71594144982188],[132.68448975658785,33.71594144982188],[132.68448975658785,33.70694824618463],[132.67549655295062,33.70694824618463]]]}},{"type":"Feature","properties":{"jobs":35,"pop":60,"pointCount":4,"homeWorkCommuteMedian":12924,"workHomeCommuteMedian":34540},"geometry":{"type":"Polygon","coordinates":[[[132.67549655295062,33.71594144982188],[132.67549655295062,33.72493465345912],[132.68448975658785,33.72493465345912],[132.68448975658785,33.71594144982188],[132.67549655295062,33.71594144982188]]]}},{"type":"Feature","properties":{"jobs":165,"pop":244,"pointCount":9,"homeWorkCommuteMedian":15708,"workHomeCommuteMedian":6917},"geometry":{"type":"Polygon","coordinates":[[[132.67549655295062,33.73392785709637],[132.67549655295062,33.742921060733615],[132.68448975658785,33.742921060733615],[132.68448975658785,33.73392785709637],[132.67549655295062,33.73392785709637]]]}},{"type":"Feature","properties":{"jobs":360,"pop":0,"pointCount":3,"homeWorkCommuteMedian":-1,"workHomeCommuteMedian":12075},"geometry":{"type":"Polygon","coordinates":[[[132.67549655295062,33.742921060733615],[132.67549655295062,33.75191426437086],[132.68448975658785,33.75191426437086],[132.68448975658785,33.742921060733615],[132.67549655295062,33.742921060733615]]]}},{"type":"Feature","properties":{"jobs":0,"pop":21,"pointCount":1,"homeWorkCommuteMedian":10764,"workHomeCommuteMedian":-1},"geometry":{"type":"Polygon","coordinates":[[[132.67549655295062,33.86882591165506],[132.67549655295062,33.877819115292304],[132.68448975658785,33.877819115292304],[132.68448975658785,33.86882591165506],[132.67549655295062,33.86882591165506]]]}},{"type":"Feature","properties":{"jobs":81,"pop":106,"pointCount":7,"homeWorkCommuteMedian":10284,"workHomeCommuteMedian":18224},"geometry":{"type":"Polygon","coordinates":[[[132.67549655295062,33.877819115292304],[132.67549655295062,33.88681231892955],[132.68448975658785,33.88681231892955],[132.68448975658785,33.877819115292304],[132.67549655295062,33.877819115292304]]]}},{"type":"Feature","properties":{"jobs":98,"pop":95,"pointCount":6,"homeWorkCommuteMedian":14282,"workHomeCommuteMedian":10872},"geometry":{"type":"Polygon","coordinates":[[[132.67549655295062,33.895805522566796],[132.67549655295062,33.90479872620404],[132.68448975658785,33.90479872620404],[132.68448975658785,33.895805522566796],[132.67549655295062,33.895805522566796]]]}},{"type":"Feature","properties":{"jobs":0,"pop":55,"pointCount":2,"homeWorkCommuteMedian":11984,"workHomeCommuteMedian":-1},"geometry":{"type":"Polygon","coordinates":[[[132.67549655295062,33.90479872620404],[132.67549655295062,33.91379192984129],[132.68448975658785,33.91379192984129],[132.68448975658785,33.90479872620404],[132.67549655295062,33.90479872620404]]]}},{"type":"Feature","properties":{"jobs":39,"pop":28,"pointCount":1,"homeWorkCommuteMedian":54745,"workHomeCommuteMedian":20936},"geometry":{"type":"Polygon","coordinates":[[[132.68448975658785,33.4461453407045],[132.68448975658785,33.45513854434174],[132.69348296022508,33.45513854434174],[132.69348296022508,33.4461453407045],[132.68448975658785,33.4461453407045]]]}},{"type":"Feature","properties":{"jobs":44,"pop":58,"pointCount":3,"homeWorkCommuteMedian":20331,"workHomeCommuteMedian":30659},"geometry":{"type":"Polygon","coordinates":[[[132.68448975658785,33.45513854434174],[132.68448975658785,33.46413174797899],[132.69348296022508,33.46413174797899],[132.69348296022508,33.45513854434174],[132.68448975658785,33.45513854434174]]]}},{"type":"Feature","properties":{"jobs":0,"pop":30,"pointCount":1,"homeWorkCommuteMedian":102968,"workHomeCommuteMedian":-1},"geometry":{"type":"Polygon","coordinates":[[[132.68448975658785,33.473124951616235],[132.68448975658785,33.48211815525348],[132.69348296022508,33.48211815525348],[132.69348296022508,33.473124951616235],[132.68448975658785,33.473124951616235]]]}},{"type":"Feature","properties":{"jobs":22,"pop":37,"pointCount":3,"homeWorkCommuteMedian":52784,"workHomeCommuteMedian":906},"geometry":{"type":"Polygon","coordinates":[[[132.68448975658785,33.48211815525348],[132.68448975658785,33.49111135889073],[132.69348296022508,33.49111135889073],[132.69348296022508,33.48211815525348],[132.68448975658785,33.48211815525348]]]}},{"type":"Feature","properties":{"jobs":15,"pop":65,"pointCount":2,"homeWorkCommuteMedian":11244,"workHomeCommuteMedian":9854},"geometry":{"type":"Polygon","coordinates":[[[132.68448975658785,33.49111135889073],[132.68448975658785,33.50010456252797],[132.69348296022508,33.50010456252797],[132.69348296022508,33.49111135889073],[132.68448975658785,33.49111135889073]]]}},{"type":"Feature","properties":{"jobs":12,"pop":13,"pointCount":1,"homeWorkCommuteMedian":48274,"workHomeCommuteMedian":53854},"geometry":{"type":"Polygon","coordinates":[[[132.68448975658785,33.50010456252797],[132.68448975658785,33.50909776616522],[132.69348296022508,33.50909776616522],[132.69348296022508,33.50010456252797],[132.68448975658785,33.50010456252797]]]}},{"type":"Feature","properties":{"jobs":21,"pop":26,"pointCount":2,"homeWorkCommuteMedian":47030,"workHomeCommuteMedian":3941},"geometry":{"type":"Polygon","coordinates":[[[132.68448975658785,33.52708417343971],[132.68448975658785,33.53607737707696],[132.69348296022508,33.53607737707696],[132.69348296022508,33.52708417343971],[132.68448975658785,33.52708417343971]]]}},{"type":"Feature","properties":{"jobs":0,"pop":59,"pointCount":4,"homeWorkCommuteMedian":45346,"workHomeCommuteMedian":-1},"geometry":{"type":"Polygon","coordinates":[[[132.68448975658785,33.53607737707696],[132.68448975658785,33.5450705807142],[132.69348296022508,33.5450705807142],[132.69348296022508,33.53607737707696],[132.68448975658785,33.53607737707696]]]}},{"type":"Feature","properties":{"jobs":38,"pop":0,"pointCount":1,"homeWorkCommuteMedian":-1,"workHomeCommuteMedian":13316},"geometry":{"type":"Polygon","coordinates":[[[132.68448975658785,33.5450705807142],[132.68448975658785,33.55406378435145],[132.69348296022508,33.55406378435145],[132.69348296022508,33.5450705807142],[132.68448975658785,33.5450705807142]]]}},{"type":"Feature","properties":{"jobs":0,"pop":24,"pointCount":2,"homeWorkCommuteMedian":78281,"workHomeCommuteMedian":-1},"geometry":{"type":"Polygon","coordinates":[[[132.68448975658785,33.55406378435145],[132.68448975658785,33.563056987988695],[132.69348296022508,33.563056987988695],[132.69348296022508,33.55406378435145],[132.68448975658785,33.55406378435145]]]}},{"type":"Feature","properties":{"jobs":0,"pop":11,"pointCount":1,"homeWorkCommuteMedian":9199,"workHomeCommuteMedian":-1},"geometry":{"type":"Polygon","coordinates":[[[132.68448975658785,33.563056987988695],[132.68448975658785,33.57205019162594],[132.69348296022508,33.57205019162594],[132.69348296022508,33.563056987988695],[132.68448975658785,33.563056987988695]]]}},{"type":"Feature","properties":{"jobs":0,"pop":43,"pointCount":2,"homeWorkCommuteMedian":8826,"workHomeCommuteMedian":-1},"geometry":{"type":"Polygon","coordinates":[[[132.68448975658785,33.58104339526319],[132.68448975658785,33.59003659890043],[132.69348296022508,33.59003659890043],[132.69348296022508,33.58104339526319],[132.68448975658785,33.58104339526319]]]}},{"type":"Feature","properties":{"jobs":0,"pop":41,"pointCount":2,"homeWorkCommuteMedian":26570,"workHomeCommuteMedian":-1},"geometry":{"type":"Polygon","coordinates":[[[132.68448975658785,33.608023006174925],[132.68448975658785,33.61701620981217],[132.69348296022508,33.61701620981217],[132.69348296022508,33.608023006174925],[132.68448975658785,33.608023006174925]]]}},{"type":"Feature","properties":{"jobs":0,"pop":11,"pointCount":1,"homeWorkCommuteMedian":19340,"workHomeCommuteMedian":-1},"geometry":{"type":"Polygon","coordinates":[[[132.68448975658785,33.61701620981217],[132.68448975658785,33.62600941344942],[132.69348296022508,33.62600941344942],[132.69348296022508,33.61701620981217],[132.68448975658785,33.61701620981217]]]}},{"type":"Feature","properties":{"jobs":28,"pop":0,"pointCount":1,"homeWorkCommuteMedian":-1,"workHomeCommuteMedian":26095},"geometry":{"type":"Polygon","coordinates":[[[132.68448975658785,33.63500261708666],[132.68448975658785,33.64399582072391],[132.69348296022508,33.64399582072391],[132.69348296022508,33.63500261708666],[132.68448975658785,33.63500261708666]]]}},{"type":"Feature","properties":{"jobs":10,"pop":13,"pointCount":1,"homeWorkCommuteMedian":30635,"workHomeCommuteMedian":25351},"geometry":{"type":"Polygon","coordinates":[[[132.68448975658785,33.64399582072391],[132.68448975658785,33.652989024361155],[132.69348296022508,33.652989024361155],[132.69348296022508,33.64399582072391],[132.68448975658785,33.64399582072391]]]}},{"type":"Feature","properties":{"jobs":0,"pop":16,"pointCount":1,"homeWorkCommuteMedian":17714,"workHomeCommuteMedian":-1},"geometry":{"type":"Polygon","coordinates":[[[132.68448975658785,33.6619822279984],[132.68448975658785,33.67097543163565],[132.69348296022508,33.67097543163565],[132.69348296022508,33.6619822279984],[132.68448975658785,33.6619822279984]]]}},{"type":"Feature","properties":{"jobs":17,"pop":123,"pointCount":4,"homeWorkCommuteMedian":17601,"workHomeCommuteMedian":16098},"geometry":{"type":"Polygon","coordinates":[[[132.68448975658785,33.67097543163565],[132.68448975658785,33.67996863527289],[132.69348296022508,33.67996863527289],[132.69348296022508,33.67097543163565],[132.68448975658785,33.67097543163565]]]}},{"type":"Feature","properties":{"jobs":0,"pop":47,"pointCount":3,"homeWorkCommuteMedian":15181,"workHomeCommuteMedian":-1},"geometry":{"type":"Polygon","coordinates":[[[132.68448975658785,33.67996863527289],[132.68448975658785,33.68896183891014],[132.69348296022508,33.68896183891014],[132.69348296022508,33.67996863527289],[132.68448975658785,33.67996863527289]]]}},{"type":"Feature","properties":{"jobs":0,"pop":32,"pointCount":2,"homeWorkCommuteMedian":14733,"workHomeCommuteMedian":-1},"geometry":{"type":"Polygon","coordinates":[[[132.68448975658785,33.71594144982188],[132.68448975658785,33.72493465345912],[132.69348296022508,33.72493465345912],[132.69348296022508,33.71594144982188],[132.68448975658785,33.71594144982188]]]}},{"type":"Feature","properties":{"jobs":128,"pop":152,"pointCount":5,"homeWorkCommuteMedian":12535,"workHomeCommuteMedian":13444},"geometry":{"type":"Polygon","coordinates":[[[132.68448975658785,33.72493465345912],[132.68448975658785,33.73392785709637],[132.69348296022508,33.73392785709637],[132.69348296022508,33.72493465345912],[132.68448975658785,33.72493465345912]]]}},{"type":"Feature","properties":{"jobs":167,"pop":372,"pointCount":9,"homeWorkCommuteMedian":11321,"workHomeCommuteMedian":13480},"geometry":{"type":"Polygon","coordinates":[[[132.68448975658785,33.73392785709637],[132.68448975658785,33.742921060733615],[132.69348296022508,33.742921060733615],[132.69348296022508,33.73392785709637],[132.68448975658785,33.73392785709637]]]}},{"type":"Feature","properties":{"jobs":73,"pop":338,"pointCount":7,"homeWorkCommuteMedian":10274,"workHomeCommuteMedian":12862},"geometry":{"type":"Polygon","coordinates":[[[132.68448975658785,33.742921060733615],[132.68448975658785,33.75191426437086],[132.69348296022508,33.75191426437086],[132.69348296022508,33.742921060733615],[132.68448975658785,33.742921060733615]]]}},{"type":"Feature","properties":{"jobs":499,"pop":0,"pointCount":1,"homeWorkCommuteMedian":-1,"workHomeCommuteMedian":14192},"geometry":{"type":"Polygon","coordinates":[[[132.68448975658785,33.79688028255709],[132.68448975658785,33.805873486194336],[132.69348296022508,33.805873486194336],[132.69348296022508,33.79688028255709],[132.68448975658785,33.79688028255709]]]}},{"type":"Feature","properties":{"jobs":374,"pop":0,"pointCount":2,"homeWorkCommuteMedian":-1,"workHomeCommuteMedian":10723},"geometry":{"type":"Polygon","coordinates":[[[132.68448975658785,33.805873486194336],[132.68448975658785,33.81486668983158],[132.69348296022508,33.81486668983158],[132.69348296022508,33.805873486194336],[132.68448975658785,33.805873486194336]]]}},{"type":"Feature","properties":{"jobs":13,"pop":50,"pointCount":3,"homeWorkCommuteMedian":14855,"workHomeCommuteMedian":26763},"geometry":{"type":"Polygon","coordinates":[[[132.68448975658785,33.895805522566796],[132.68448975658785,33.90479872620404],[132.69348296022508,33.90479872620404],[132.69348296022508,33.895805522566796],[132.68448975658785,33.895805522566796]]]}},{"type":"Feature","properties":{"jobs":0,"pop":12,"pointCount":1,"homeWorkCommuteMedian":22267,"workHomeCommuteMedian":-1},"geometry":{"type":"Polygon","coordinates":[[[132.68448975658785,33.90479872620404],[132.68448975658785,33.91379192984129],[132.69348296022508,33.91379192984129],[132.69348296022508,33.90479872620404],[132.68448975658785,33.90479872620404]]]}},{"type":"Feature","properties":{"jobs":16,"pop":21,"pointCount":2,"homeWorkCommuteMedian":37281,"workHomeCommuteMedian":35344},"geometry":{"type":"Polygon","coordinates":[[[132.68448975658785,33.967751151664764],[132.68448975658785,33.97674435530201],[132.69348296022508,33.97674435530201],[132.69348296022508,33.967751151664764],[132.68448975658785,33.967751151664764]]]}},{"type":"Feature","properties":{"jobs":0,"pop":38,"pointCount":2,"homeWorkCommuteMedian":59807,"workHomeCommuteMedian":-1},"geometry":{"type":"Polygon","coordinates":[[[132.69348296022508,33.43715213706725],[132.69348296022508,33.4461453407045],[132.70247616386231,33.4461453407045],[132.70247616386231,33.43715213706725],[132.69348296022508,33.43715213706725]]]}},{"type":"Feature","properties":{"jobs":16,"pop":25,"pointCount":1,"homeWorkCommuteMedian":22229,"workHomeCommuteMedian":61028},"geometry":{"type":"Polygon","coordinates":[[[132.69348296022508,33.4461453407045],[132.69348296022508,33.45513854434174],[132.70247616386231,33.45513854434174],[132.70247616386231,33.4461453407045],[132.69348296022508,33.4461453407045]]]}},{"type":"Feature","properties":{"jobs":0,"pop":28,"pointCount":1,"homeWorkCommuteMedian":56262,"workHomeCommuteMedian":-1},"geometry":{"type":"Polygon","coordinates":[[[132.69348296022508,33.45513854434174],[132.69348296022508,33.46413174797899],[132.70247616386231,33.46413174797899],[132.70247616386231,33.45513854434174],[132.69348296022508,33.45513854434174]]]}},{"type":"Feature","properties":{"jobs":0,"pop":20,"pointCount":2,"homeWorkCommuteMedian":52160,"workHomeCommuteMedian":-1},"geometry":{"type":"Polygon","coordinates":[[[132.69348296022508,33.50010456252797],[132.69348296022508,33.50909776616522],[132.70247616386231,33.50909776616522],[132.70247616386231,33.50010456252797],[132.69348296022508,33.50010456252797]]]}},{"type":"Feature","properties":{"jobs":47,"pop":51,"pointCount":3,"homeWorkCommuteMedian":46933,"workHomeCommuteMedian":15427},"geometry":{"type":"Polygon","coordinates":[[[132.69348296022508,33.518090969802465],[132.69348296022508,33.52708417343971],[132.70247616386231,33.52708417343971],[132.70247616386231,33.518090969802465],[132.69348296022508,33.518090969802465]]]}},{"type":"Feature","properties":{"jobs":0,"pop":19,"pointCount":1,"homeWorkCommuteMedian":26888,"workHomeCommuteMedian":-1},"geometry":{"type":"Polygon","coordinates":[[[132.69348296022508,33.52708417343971],[132.69348296022508,33.53607737707696],[132.70247616386231,33.53607737707696],[132.70247616386231,33.52708417343971],[132.69348296022508,33.52708417343971]]]}},{"type":"Feature","properties":{"jobs":11,"pop":64,"pointCount":5,"homeWorkCommuteMedian":29736,"workHomeCommuteMedian":11414},"geometry":{"type":"Polygon","coordinates":[[[132.69348296022508,33.563056987988695],[132.69348296022508,33.57205019162594],[132.70247616386231,33.57205019162594],[132.70247616386231,33.563056987988695],[132.69348296022508,33.563056987988695]]]}},{"type":"Feature","properties":{"jobs":0,"pop":52,"pointCount":2,"homeWorkCommuteMedian":14622,"workHomeCommuteMedian":-1},"geometry":{"type":"Polygon","coordinates":[[[132.69348296022508,33.61701620981217],[132.69348296022508,33.62600941344942],[132.70247616386231,33.62600941344942],[132.70247616386231,33.61701620981217],[132.69348296022508,33.61701620981217]]]}},{"type":"Feature","properties":{"jobs":0,"pop":27,"pointCount":2,"homeWorkCommuteMedian":23361,"workHomeCommuteMedian":-1},"geometry":{"type":"Polygon","coordinates":[[[132.69348296022508,33.62600941344942],[132.69348296022508,33.63500261708666],[132.70247616386231,33.63500261708666],[132.70247616386231,33.62600941344942],[132.69348296022508,33.62600941344942]]]}},{"type":"Feature","properties":{"jobs":0,"pop":26,"pointCount":1,"homeWorkCommuteMedian":118646,"workHomeCommuteMedian":-1},"geometry":{"type":"Polygon","coordinates":[[[132.69348296022508,33.63500261708666],[132.69348296022508,33.64399582072391],[132.70247616386231,33.64399582072391],[132.70247616386231,33.63500261708666],[132.69348296022508,33.63500261708666]]]}},{"type":"Feature","properties":{"jobs":0,"pop":30,"pointCount":1,"homeWorkCommuteMedian":4264,"workHomeCommuteMedian":-1},"geometry":{"type":"Polygon","coordinates":[[[132.69348296022508,33.64399582072391],[132.69348296022508,33.652989024361155],[132.70247616386231,33.652989024361155],[132.70247616386231,33.64399582072391],[132.69348296022508,33.64399582072391]]]}},{"type":"Feature","properties":{"jobs":52,"pop":33,"pointCount":3,"homeWorkCommuteMedian":18138,"workHomeCommuteMedian":12740},"geometry":{"type":"Polygon","coordinates":[[[132.69348296022508,33.6619822279984],[132.69348296022508,33.67097543163565],[132.70247616386231,33.67097543163565],[132.70247616386231,33.6619822279984],[132.69348296022508,33.6619822279984]]]}},{"type":"Feature","properties":{"jobs":98,"pop":43,"pointCount":2,"homeWorkCommuteMedian":23632,"workHomeCommuteMedian":10923},"geometry":{"type":"Polygon","coordinates":[[[132.69348296022508,33.67097543163565],[132.69348296022508,33.67996863527289],[132.70247616386231,33.67996863527289],[132.70247616386231,33.67097543163565],[132.69348296022508,33.67097543163565]]]}},{"type":"Feature","properties":{"jobs":0,"pop":73,"pointCount":1,"homeWorkCommuteMedian":9307,"workHomeCommuteMedian":-1},"geometry":{"type":"Polygon","coordinates":[[[132.69348296022508,33.67996863527289],[132.69348296022508,33.68896183891014],[132.70247616386231,33.68896183891014],[132.70247616386231,33.67996863527289],[132.69348296022508,33.67996863527289]]]}},{"type":"Feature","properties":{"jobs":220,"pop":194,"pointCount":12,"homeWorkCommuteMedian":10474,"workHomeCommuteMedian":8078},"geometry":{"type":"Polygon","coordinates":[[[132.69348296022508,33.72493465345912],[132.69348296022508,33.73392785709637],[132.70247616386231,33.73392785709637],[132.70247616386231,33.72493465345912],[132.69348296022508,33.72493465345912]]]}},{"type":"Feature","properties":{"jobs":434,"pop":291,"pointCount":16,"homeWorkCommuteMedian":12618,"workHomeCommuteMedian":3316},"geometry":{"type":"Polygon","coordinates":[[[132.69348296022508,33.73392785709637],[132.69348296022508,33.742921060733615],[132.70247616386231,33.742921060733615],[132.70247616386231,33.73392785709637],[132.69348296022508,33.73392785709637]]]}},{"type":"Feature","properties":{"jobs":769,"pop":1578,"pointCount":17,"homeWorkCommuteMedian":9783,"workHomeCommuteMedian":8211},"geometry":{"type":"Polygon","coordinates":[[[132.69348296022508,33.742921060733615],[132.69348296022508,33.75191426437086],[132.70247616386231,33.75191426437086],[132.70247616386231,33.742921060733615],[132.69348296022508,33.742921060733615]]]}},{"type":"Feature","properties":{"jobs":1377,"pop":1129,"pointCount":10,"homeWorkCommuteMedian":9189,"workHomeCommuteMedian":6720},"geometry":{"type":"Polygon","coordinates":[[[132.69348296022508,33.75191426437086],[132.69348296022508,33.76090746800811],[132.70247616386231,33.76090746800811],[132.70247616386231,33.75191426437086],[132.69348296022508,33.75191426437086]]]}},{"type":"Feature","properties":{"jobs":312,"pop":838,"pointCount":5,"homeWorkCommuteMedian":5789,"workHomeCommuteMedian":5594},"geometry":{"type":"Polygon","coordinates":[[[132.69348296022508,33.76090746800811],[132.69348296022508,33.76990067164535],[132.70247616386231,33.76990067164535],[132.70247616386231,33.76090746800811],[132.69348296022508,33.76090746800811]]]}},{"type":"Feature","properties":{"jobs":0,"pop":680,"pointCount":2,"homeWorkCommuteMedian":11806,"workHomeCommuteMedian":-1},"geometry":{"type":"Polygon","coordinates":[[[132.69348296022508,33.76990067164535],[132.69348296022508,33.7788938752826],[132.70247616386231,33.7788938752826],[132.70247616386231,33.76990067164535],[132.69348296022508,33.76990067164535]]]}},{"type":"Feature","properties":{"jobs":238,"pop":439,"pointCount":5,"homeWorkCommuteMedian":3284,"workHomeCommuteMedian":16363},"geometry":{"type":"Polygon","coordinates":[[[132.69348296022508,33.7788938752826],[132.69348296022508,33.787887078919844],[132.70247616386231,33.787887078919844],[132.70247616386231,33.7788938752826],[132.69348296022508,33.7788938752826]]]}},{"type":"Feature","properties":{"jobs":2594,"pop":953,"pointCount":9,"homeWorkCommuteMedian":6439,"workHomeCommuteMedian":6765},"geometry":{"type":"Polygon","coordinates":[[[132.69348296022508,33.787887078919844],[132.69348296022508,33.79688028255709],[132.70247616386231,33.79688028255709],[132.70247616386231,33.787887078919844],[132.69348296022508,33.787887078919844]]]}},{"type":"Feature","properties":{"jobs":2073,"pop":661,"pointCount":11,"homeWorkCommuteMedian":5067,"workHomeCommuteMedian":7865},"geometry":{"type":"Polygon","coordinates":[[[132.69348296022508,33.79688028255709],[132.69348296022508,33.805873486194336],[132.70247616386231,33.805873486194336],[132.70247616386231,33.79688028255709],[132.69348296022508,33.79688028255709]]]}},{"type":"Feature","properties":{"jobs":801,"pop":1750,"pointCount":11,"homeWorkCommuteMedian":8959,"workHomeCommuteMedian":8857},"geometry":{"type":"Polygon","coordinates":[[[132.69348296022508,33.805873486194336],[132.69348296022508,33.81486668983158],[132.70247616386231,33.81486668983158],[132.70247616386231,33.805873486194336],[132.69348296022508,33.805873486194336]]]}},{"type":"Feature","properties":{"jobs":1945,"pop":276,"pointCount":8,"homeWorkCommuteMedian":10923,"workHomeCommuteMedian":8861},"geometry":{"type":"Polygon","coordinates":[[[132.69348296022508,33.81486668983158],[132.69348296022508,33.82385989346883],[132.70247616386231,33.82385989346883],[132.70247616386231,33.81486668983158],[132.69348296022508,33.81486668983158]]]}},{"type":"Feature","properties":{"jobs":2680,"pop":0,"pointCount":5,"homeWorkCommuteMedian":-1,"workHomeCommuteMedian":8696},"geometry":{"type":"Polygon","coordinates":[[[132.69348296022508,33.82385989346883],[132.69348296022508,33.832853097106074],[132.70247616386231,33.832853097106074],[132.70247616386231,33.82385989346883],[132.69348296022508,33.82385989346883]]]}},{"type":"Feature","properties":{"jobs":49,"pop":0,"pointCount":1,"homeWorkCommuteMedian":-1,"workHomeCommuteMedian":5981},"geometry":{"type":"Polygon","coordinates":[[[132.69348296022508,33.832853097106074],[132.69348296022508,33.84184630074332],[132.70247616386231,33.84184630074332],[132.70247616386231,33.832853097106074],[132.69348296022508,33.832853097106074]]]}},{"type":"Feature","properties":{"jobs":58,"pop":261,"pointCount":1,"homeWorkCommuteMedian":7569,"workHomeCommuteMedian":22115},"geometry":{"type":"Polygon","coordinates":[[[132.69348296022508,33.86882591165506],[132.69348296022508,33.877819115292304],[132.70247616386231,33.877819115292304],[132.70247616386231,33.86882591165506],[132.69348296022508,33.86882591165506]]]}},{"type":"Feature","properties":{"jobs":936,"pop":279,"pointCount":5,"homeWorkCommuteMedian":4082,"workHomeCommuteMedian":13530},"geometry":{"type":"Polygon","coordinates":[[[132.69348296022508,33.877819115292304],[132.69348296022508,33.88681231892955],[132.70247616386231,33.88681231892955],[132.70247616386231,33.877819115292304],[132.69348296022508,33.877819115292304]]]}},{"type":"Feature","properties":{"jobs":0,"pop":11,"pointCount":1,"homeWorkCommuteMedian":16662,"workHomeCommuteMedian":-1},"geometry":{"type":"Polygon","coordinates":[[[132.69348296022508,33.922785133478534],[132.69348296022508,33.93177833711578],[132.70247616386231,33.93177833711578],[132.70247616386231,33.922785133478534],[132.69348296022508,33.922785133478534]]]}},{"type":"Feature","properties":{"jobs":81,"pop":84,"pointCount":5,"homeWorkCommuteMedian":64197,"workHomeCommuteMedian":57803},"geometry":{"type":"Polygon","coordinates":[[[132.70247616386231,33.428158933430005],[132.70247616386231,33.43715213706725],[132.71146936749955,33.43715213706725],[132.71146936749955,33.428158933430005],[132.70247616386231,33.428158933430005]]]}},{"type":"Feature","properties":{"jobs":0,"pop":13,"pointCount":1,"homeWorkCommuteMedian":47936,"workHomeCommuteMedian":-1},"geometry":{"type":"Polygon","coordinates":[[[132.70247616386231,33.518090969802465],[132.70247616386231,33.52708417343971],[132.71146936749955,33.52708417343971],[132.71146936749955,33.518090969802465],[132.70247616386231,33.518090969802465]]]}},{"type":"Feature","properties":{"jobs":0,"pop":15,"pointCount":1,"homeWorkCommuteMedian":11517,"workHomeCommuteMedian":-1},"geometry":{"type":"Polygon","coordinates":[[[132.70247616386231,33.52708417343971],[132.70247616386231,33.53607737707696],[132.71146936749955,33.53607737707696],[132.71146936749955,33.52708417343971],[132.70247616386231,33.52708417343971]]]}},{"type":"Feature","properties":{"jobs":0,"pop":15,"pointCount":1,"homeWorkCommuteMedian":8604,"workHomeCommuteMedian":-1},"geometry":{"type":"Polygon","coordinates":[[[132.70247616386231,33.53607737707696],[132.70247616386231,33.5450705807142],[132.71146936749955,33.5450705807142],[132.71146936749955,33.53607737707696],[132.70247616386231,33.53607737707696]]]}},{"type":"Feature","properties":{"jobs":0,"pop":52,"pointCount":1,"homeWorkCommuteMedian":21642,"workHomeCommuteMedian":-1},"geometry":{"type":"Polygon","coordinates":[[[132.70247616386231,33.5450705807142],[132.70247616386231,33.55406378435145],[132.71146936749955,33.55406378435145],[132.71146936749955,33.5450705807142],[132.70247616386231,33.5450705807142]]]}},{"type":"Feature","properties":{"jobs":40,"pop":32,"pointCount":3,"homeWorkCommuteMedian":15427,"workHomeCommuteMedian":11340},"geometry":{"type":"Polygon","coordinates":[[[132.70247616386231,33.563056987988695],[132.70247616386231,33.57205019162594],[132.71146936749955,33.57205019162594],[132.71146936749955,33.563056987988695],[132.70247616386231,33.563056987988695]]]}},{"type":"Feature","properties":{"jobs":24,"pop":18,"pointCount":1,"homeWorkCommuteMedian":35409,"workHomeCommuteMedian":10445},"geometry":{"type":"Polygon","coordinates":[[[132.70247616386231,33.57205019162594],[132.70247616386231,33.58104339526319],[132.71146936749955,33.58104339526319],[132.71146936749955,33.57205019162594],[132.70247616386231,33.57205019162594]]]}},{"type":"Feature","properties":{"jobs":0,"pop":28,"pointCount":1,"homeWorkCommuteMedian":22055,"workHomeCommuteMedian":-1},"geometry":{"type":"Polygon","coordinates":[[[132.70247616386231,33.608023006174925],[132.70247616386231,33.61701620981217],[132.71146936749955,33.61701620981217],[132.71146936749955,33.608023006174925],[132.70247616386231,33.608023006174925]]]}},{"type":"Feature","properties":{"jobs":25,"pop":25,"pointCount":2,"homeWorkCommuteMedian":27686,"workHomeCommuteMedian":6690},"geometry":{"type":"Polygon","coordinates":[[[132.70247616386231,33.62600941344942],[132.70247616386231,33.63500261708666],[132.71146936749955,33.63500261708666],[132.71146936749955,33.62600941344942],[132.70247616386231,33.62600941344942]]]}},{"type":"Feature","properties":{"jobs":635,"pop":202,"pointCount":11,"homeWorkCommuteMedian":20814,"workHomeCommuteMedian":13428},"geometry":{"type":"Polygon","coordinates":[[[132.70247616386231,33.63500261708666],[132.70247616386231,33.64399582072391],[132.71146936749955,33.64399582072391],[132.71146936749955,33.63500261708666],[132.70247616386231,33.63500261708666]]]}},{"type":"Feature","properties":{"jobs":123,"pop":68,"pointCount":4,"homeWorkCommuteMedian":24121,"workHomeCommuteMedian":24321},"geometry":{"type":"Polygon","coordinates":[[[132.70247616386231,33.64399582072391],[132.70247616386231,33.652989024361155],[132.71146936749955,33.652989024361155],[132.71146936749955,33.64399582072391],[132.70247616386231,33.64399582072391]]]}},{"type":"Feature","properties":{"jobs":14,"pop":0,"pointCount":1,"homeWorkCommuteMedian":-1,"workHomeCommuteMedian":27478},"geometry":{"type":"Polygon","coordinates":[[[132.70247616386231,33.652989024361155],[132.70247616386231,33.6619822279984],[132.71146936749955,33.6619822279984],[132.71146936749955,33.652989024361155],[132.70247616386231,33.652989024361155]]]}},{"type":"Feature","properties":{"jobs":29,"pop":71,"pointCount":2,"homeWorkCommuteMedian":14027,"workHomeCommuteMedian":11321},"geometry":{"type":"Polygon","coordinates":[[[132.70247616386231,33.67097543163565],[132.70247616386231,33.67996863527289],[132.71146936749955,33.67996863527289],[132.71146936749955,33.67097543163565],[132.70247616386231,33.67097543163565]]]}},{"type":"Feature","properties":{"jobs":17,"pop":38,"pointCount":4,"homeWorkCommuteMedian":7878,"workHomeCommuteMedian":12970},"geometry":{"type":"Polygon","coordinates":[[[132.70247616386231,33.68896183891014],[132.70247616386231,33.697955042547385],[132.71146936749955,33.697955042547385],[132.71146936749955,33.68896183891014],[132.70247616386231,33.68896183891014]]]}},{"type":"Feature","properties":{"jobs":0,"pop":25,"pointCount":2,"homeWorkCommuteMedian":17860,"workHomeCommuteMedian":-1},"geometry":{"type":"Polygon","coordinates":[[[132.70247616386231,33.697955042547385],[132.70247616386231,33.70694824618463],[132.71146936749955,33.70694824618463],[132.71146936749955,33.697955042547385],[132.70247616386231,33.697955042547385]]]}},{"type":"Feature","properties":{"jobs":105,"pop":108,"pointCount":5,"homeWorkCommuteMedian":16671,"workHomeCommuteMedian":3424},"geometry":{"type":"Polygon","coordinates":[[[132.70247616386231,33.70694824618463],[132.70247616386231,33.71594144982188],[132.71146936749955,33.71594144982188],[132.71146936749955,33.70694824618463],[132.70247616386231,33.70694824618463]]]}},{"type":"Feature","properties":{"jobs":106,"pop":310,"pointCount":6,"homeWorkCommuteMedian":15159,"workHomeCommuteMedian":9480},"geometry":{"type":"Polygon","coordinates":[[[132.70247616386231,33.71594144982188],[132.70247616386231,33.72493465345912],[132.71146936749955,33.72493465345912],[132.71146936749955,33.71594144982188],[132.70247616386231,33.71594144982188]]]}},{"type":"Feature","properties":{"jobs":52,"pop":179,"pointCount":4,"homeWorkCommuteMedian":30200,"workHomeCommuteMedian":19727},"geometry":{"type":"Polygon","coordinates":[[[132.70247616386231,33.72493465345912],[132.70247616386231,33.73392785709637],[132.71146936749955,33.73392785709637],[132.71146936749955,33.72493465345912],[132.70247616386231,33.72493465345912]]]}},{"type":"Feature","properties":{"jobs":27,"pop":205,"pointCount":3,"homeWorkCommuteMedian":38325,"workHomeCommuteMedian":1333},"geometry":{"type":"Polygon","coordinates":[[[132.70247616386231,33.73392785709637],[132.70247616386231,33.742921060733615],[132.71146936749955,33.742921060733615],[132.71146936749955,33.73392785709637],[132.70247616386231,33.73392785709637]]]}},{"type":"Feature","properties":{"jobs":184,"pop":804,"pointCount":13,"homeWorkCommuteMedian":9610,"workHomeCommuteMedian":11109},"geometry":{"type":"Polygon","coordinates":[[[132.70247616386231,33.742921060733615],[132.70247616386231,33.75191426437086],[132.71146936749955,33.75191426437086],[132.71146936749955,33.742921060733615],[132.70247616386231,33.742921060733615]]]}},{"type":"Feature","properties":{"jobs":2753,"pop":1720,"pointCount":16,"homeWorkCommuteMedian":5283,"workHomeCommuteMedian":4224},"geometry":{"type":"Polygon","coordinates":[[[132.70247616386231,33.75191426437086],[132.70247616386231,33.76090746800811],[132.71146936749955,33.76090746800811],[132.71146936749955,33.75191426437086],[132.70247616386231,33.75191426437086]]]}},{"type":"Feature","properties":{"jobs":2801,"pop":2389,"pointCount":14,"homeWorkCommuteMedian":9670,"workHomeCommuteMedian":6905},"geometry":{"type":"Polygon","coordinates":[[[132.70247616386231,33.76090746800811],[132.70247616386231,33.76990067164535],[132.71146936749955,33.76990067164535],[132.71146936749955,33.76090746800811],[132.70247616386231,33.76090746800811]]]}},{"type":"Feature","properties":{"jobs":536,"pop":2694,"pointCount":15,"homeWorkCommuteMedian":6609,"workHomeCommuteMedian":5854},"geometry":{"type":"Polygon","coordinates":[[[132.70247616386231,33.76990067164535],[132.70247616386231,33.7788938752826],[132.71146936749955,33.7788938752826],[132.71146936749955,33.76990067164535],[132.70247616386231,33.76990067164535]]]}},{"type":"Feature","properties":{"jobs":1953,"pop":3007,"pointCount":16,"homeWorkCommuteMedian":6631,"workHomeCommuteMedian":6073},"geometry":{"type":"Polygon","coordinates":[[[132.70247616386231,33.7788938752826],[132.70247616386231,33.787887078919844],[132.71146936749955,33.787887078919844],[132.71146936749955,33.7788938752826],[132.70247616386231,33.7788938752826]]]}},{"type":"Feature","properties":{"jobs":672,"pop":3469,"pointCount":13,"homeWorkCommuteMedian":7069,"workHomeCommuteMedian":5926},"geometry":{"type":"Polygon","coordinates":[[[132.70247616386231,33.787887078919844],[132.70247616386231,33.79688028255709],[132.71146936749955,33.79688028255709],[132.71146936749955,33.787887078919844],[132.70247616386231,33.787887078919844]]]}},{"type":"Feature","properties":{"jobs":95,"pop":308,"pointCount":7,"homeWorkCommuteMedian":5928,"workHomeCommuteMedian":4195},"geometry":{"type":"Polygon","coordinates":[[[132.70247616386231,33.79688028255709],[132.70247616386231,33.805873486194336],[132.71146936749955,33.805873486194336],[132.71146936749955,33.79688028255709],[132.70247616386231,33.79688028255709]]]}},{"type":"Feature","properties":{"jobs":1811,"pop":2008,"pointCount":14,"homeWorkCommuteMedian":7805,"workHomeCommuteMedian":7502},"geometry":{"type":"Polygon","coordinates":[[[132.70247616386231,33.805873486194336],[132.70247616386231,33.81486668983158],[132.71146936749955,33.81486668983158],[132.71146936749955,33.805873486194336],[132.70247616386231,33.805873486194336]]]}},{"type":"Feature","properties":{"jobs":1060,"pop":1498,"pointCount":10,"homeWorkCommuteMedian":7430,"workHomeCommuteMedian":11647},"geometry":{"type":"Polygon","coordinates":[[[132.70247616386231,33.81486668983158],[132.70247616386231,33.82385989346883],[132.71146936749955,33.82385989346883],[132.71146936749955,33.81486668983158],[132.70247616386231,33.81486668983158]]]}},{"type":"Feature","properties":{"jobs":6400,"pop":1509,"pointCount":15,"homeWorkCommuteMedian":6387,"workHomeCommuteMedian":10297},"geometry":{"type":"Polygon","coordinates":[[[132.70247616386231,33.82385989346883],[132.70247616386231,33.832853097106074],[132.71146936749955,33.832853097106074],[132.71146936749955,33.82385989346883],[132.70247616386231,33.82385989346883]]]}},{"type":"Feature","properties":{"jobs":738,"pop":651,"pointCount":11,"homeWorkCommuteMedian":7040,"workHomeCommuteMedian":12904},"geometry":{"type":"Polygon","coordinates":[[[132.70247616386231,33.832853097106074],[132.70247616386231,33.84184630074332],[132.71146936749955,33.84184630074332],[132.71146936749955,33.832853097106074],[132.70247616386231,33.832853097106074]]]}},{"type":"Feature","properties":{"jobs":1574,"pop":0,"pointCount":7,"homeWorkCommuteMedian":-1,"workHomeCommuteMedian":8094},"geometry":{"type":"Polygon","coordinates":[[[132.70247616386231,33.84184630074332],[132.70247616386231,33.850839504380566],[132.71146936749955,33.850839504380566],[132.71146936749955,33.84184630074332],[132.70247616386231,33.84184630074332]]]}},{"type":"Feature","properties":{"jobs":225,"pop":0,"pointCount":1,"homeWorkCommuteMedian":-1,"workHomeCommuteMedian":19219},"geometry":{"type":"Polygon","coordinates":[[[132.70247616386231,33.850839504380566],[132.70247616386231,33.85983270801781],[132.71146936749955,33.85983270801781],[132.71146936749955,33.850839504380566],[132.70247616386231,33.850839504380566]]]}},{"type":"Feature","properties":{"jobs":947,"pop":0,"pointCount":3,"homeWorkCommuteMedian":-1,"workHomeCommuteMedian":12048},"geometry":{"type":"Polygon","coordinates":[[[132.70247616386231,33.85983270801781],[132.70247616386231,33.86882591165506],[132.71146936749955,33.86882591165506],[132.71146936749955,33.85983270801781],[132.70247616386231,33.85983270801781]]]}},{"type":"Feature","properties":{"jobs":644,"pop":77,"pointCount":7,"homeWorkCommuteMedian":13166,"workHomeCommuteMedian":8239},"geometry":{"type":"Polygon","coordinates":[[[132.70247616386231,33.86882591165506],[132.70247616386231,33.877819115292304],[132.71146936749955,33.877819115292304],[132.71146936749955,33.86882591165506],[132.70247616386231,33.86882591165506]]]}},{"type":"Feature","properties":{"jobs":98,"pop":75,"pointCount":4,"homeWorkCommuteMedian":11338,"workHomeCommuteMedian":16700},"geometry":{"type":"Polygon","coordinates":[[[132.70247616386231,33.877819115292304],[132.70247616386231,33.88681231892955],[132.71146936749955,33.88681231892955],[132.71146936749955,33.877819115292304],[132.70247616386231,33.877819115292304]]]}},{"type":"Feature","properties":{"jobs":727,"pop":468,"pointCount":9,"homeWorkCommuteMedian":12719,"workHomeCommuteMedian":14030},"geometry":{"type":"Polygon","coordinates":[[[132.70247616386231,33.88681231892955],[132.70247616386231,33.895805522566796],[132.71146936749955,33.895805522566796],[132.71146936749955,33.88681231892955],[132.70247616386231,33.88681231892955]]]}},{"type":"Feature","properties":{"jobs":0,"pop":6,"pointCount":1,"homeWorkCommuteMedian":41997,"workHomeCommuteMedian":-1},"geometry":{"type":"Polygon","coordinates":[[[132.70247616386231,34.06667639167447],[132.70247616386231,34.075669595311716],[132.71146936749955,34.075669595311716],[132.71146936749955,34.06667639167447],[132.70247616386231,34.06667639167447]]]}},{"type":"Feature","properties":{"jobs":0,"pop":12,"pointCount":1,"homeWorkCommuteMedian":19270,"workHomeCommuteMedian":-1},"geometry":{"type":"Polygon","coordinates":[[[132.71146936749955,33.473124951616235],[132.71146936749955,33.48211815525348],[132.72046257113678,33.48211815525348],[132.72046257113678,33.473124951616235],[132.71146936749955,33.473124951616235]]]}},{"type":"Feature","properties":{"jobs":0,"pop":15,"pointCount":1,"homeWorkCommuteMedian":19016,"workHomeCommuteMedian":-1},"geometry":{"type":"Polygon","coordinates":[[[132.71146936749955,33.5450705807142],[132.71146936749955,33.55406378435145],[132.72046257113678,33.55406378435145],[132.72046257113678,33.5450705807142],[132.71146936749955,33.5450705807142]]]}},{"type":"Feature","properties":{"jobs":0,"pop":35,"pointCount":2,"homeWorkCommuteMedian":47536,"workHomeCommuteMedian":-1},"geometry":{"type":"Polygon","coordinates":[[[132.71146936749955,33.55406378435145],[132.71146936749955,33.563056987988695],[132.72046257113678,33.563056987988695],[132.72046257113678,33.55406378435145],[132.71146936749955,33.55406378435145]]]}},{"type":"Feature","properties":{"jobs":14,"pop":100,"pointCount":4,"homeWorkCommuteMedian":38976,"workHomeCommuteMedian":10285},"geometry":{"type":"Polygon","coordinates":[[[132.71146936749955,33.563056987988695],[132.71146936749955,33.57205019162594],[132.72046257113678,33.57205019162594],[132.72046257113678,33.563056987988695],[132.71146936749955,33.563056987988695]]]}},{"type":"Feature","properties":{"jobs":216,"pop":164,"pointCount":10,"homeWorkCommuteMedian":9676,"workHomeCommuteMedian":6594},"geometry":{"type":"Polygon","coordinates":[[[132.71146936749955,33.57205019162594],[132.71146936749955,33.58104339526319],[132.72046257113678,33.58104339526319],[132.72046257113678,33.57205019162594],[132.71146936749955,33.57205019162594]]]}},{"type":"Feature","properties":{"jobs":0,"pop":14,"pointCount":1,"homeWorkCommuteMedian":15700,"workHomeCommuteMedian":-1},"geometry":{"type":"Polygon","coordinates":[[[132.71146936749955,33.59902980253768],[132.71146936749955,33.608023006174925],[132.72046257113678,33.608023006174925],[132.72046257113678,33.59902980253768],[132.71146936749955,33.59902980253768]]]}},{"type":"Feature","properties":{"jobs":0,"pop":30,"pointCount":2,"homeWorkCommuteMedian":72556,"workHomeCommuteMedian":-1},"geometry":{"type":"Polygon","coordinates":[[[132.71146936749955,33.61701620981217],[132.71146936749955,33.62600941344942],[132.72046257113678,33.62600941344942],[132.72046257113678,33.61701620981217],[132.71146936749955,33.61701620981217]]]}},{"type":"Feature","properties":{"jobs":0,"pop":23,"pointCount":2,"homeWorkCommuteMedian":6955,"workHomeCommuteMedian":-1},"geometry":{"type":"Polygon","coordinates":[[[132.71146936749955,33.62600941344942],[132.71146936749955,33.63500261708666],[132.72046257113678,33.63500261708666],[132.72046257113678,33.62600941344942],[132.71146936749955,33.62600941344942]]]}},{"type":"Feature","properties":{"jobs":92,"pop":51,"pointCount":3,"homeWorkCommuteMedian":27901,"workHomeCommuteMedian":14997},"geometry":{"type":"Polygon","coordinates":[[[132.71146936749955,33.63500261708666],[132.71146936749955,33.64399582072391],[132.72046257113678,33.64399582072391],[132.72046257113678,33.63500261708666],[132.71146936749955,33.63500261708666]]]}},{"type":"Feature","properties":{"jobs":45,"pop":56,"pointCount":4,"homeWorkCommuteMedian":27319,"workHomeCommuteMedian":15485},"geometry":{"type":"Polygon","coordinates":[[[132.71146936749955,33.64399582072391],[132.71146936749955,33.652989024361155],[132.72046257113678,33.652989024361155],[132.72046257113678,33.64399582072391],[132.71146936749955,33.64399582072391]]]}},{"type":"Feature","properties":{"jobs":0,"pop":27,"pointCount":2,"homeWorkCommuteMedian":34678,"workHomeCommuteMedian":-1},"geometry":{"type":"Polygon","coordinates":[[[132.71146936749955,33.652989024361155],[132.71146936749955,33.6619822279984],[132.72046257113678,33.6619822279984],[132.72046257113678,33.652989024361155],[132.71146936749955,33.652989024361155]]]}},{"type":"Feature","properties":{"jobs":0,"pop":11,"pointCount":1,"homeWorkCommuteMedian":15819,"workHomeCommuteMedian":-1},"geometry":{"type":"Polygon","coordinates":[[[132.71146936749955,33.67097543163565],[132.71146936749955,33.67996863527289],[132.72046257113678,33.67996863527289],[132.72046257113678,33.67097543163565],[132.71146936749955,33.67097543163565]]]}},{"type":"Feature","properties":{"jobs":75,"pop":50,"pointCount":5,"homeWorkCommuteMedian":13750,"workHomeCommuteMedian":21449},"geometry":{"type":"Polygon","coordinates":[[[132.71146936749955,33.67996863527289],[132.71146936749955,33.68896183891014],[132.72046257113678,33.68896183891014],[132.72046257113678,33.67996863527289],[132.71146936749955,33.67996863527289]]]}},{"type":"Feature","properties":{"jobs":10,"pop":25,"pointCount":2,"homeWorkCommuteMedian":11295,"workHomeCommuteMedian":12341},"geometry":{"type":"Polygon","coordinates":[[[132.71146936749955,33.68896183891014],[132.71146936749955,33.697955042547385],[132.72046257113678,33.697955042547385],[132.72046257113678,33.68896183891014],[132.71146936749955,33.68896183891014]]]}},{"type":"Feature","properties":{"jobs":20,"pop":117,"pointCount":2,"homeWorkCommuteMedian":14328,"workHomeCommuteMedian":7876},"geometry":{"type":"Polygon","coordinates":[[[132.71146936749955,33.70694824618463],[132.71146936749955,33.71594144982188],[132.72046257113678,33.71594144982188],[132.72046257113678,33.70694824618463],[132.71146936749955,33.70694824618463]]]}},{"type":"Feature","properties":{"jobs":0,"pop":11,"pointCount":1,"homeWorkCommuteMedian":20030,"workHomeCommuteMedian":-1},"geometry":{"type":"Polygon","coordinates":[[[132.71146936749955,33.71594144982188],[132.71146936749955,33.72493465345912],[132.72046257113678,33.72493465345912],[132.72046257113678,33.71594144982188],[132.71146936749955,33.71594144982188]]]}},{"type":"Feature","properties":{"jobs":18,"pop":199,"pointCount":6,"homeWorkCommuteMedian":5926,"workHomeCommuteMedian":3291},"geometry":{"type":"Polygon","coordinates":[[[132.71146936749955,33.742921060733615],[132.71146936749955,33.75191426437086],[132.72046257113678,33.75191426437086],[132.72046257113678,33.742921060733615],[132.71146936749955,33.742921060733615]]]}},{"type":"Feature","properties":{"jobs":113,"pop":230,"pointCount":8,"homeWorkCommuteMedian":6442,"workHomeCommuteMedian":9512},"geometry":{"type":"Polygon","coordinates":[[[132.71146936749955,33.75191426437086],[132.71146936749955,33.76090746800811],[132.72046257113678,33.76090746800811],[132.72046257113678,33.75191426437086],[132.71146936749955,33.75191426437086]]]}},{"type":"Feature","properties":{"jobs":262,"pop":1139,"pointCount":6,"homeWorkCommuteMedian":7984,"workHomeCommuteMedian":12700},"geometry":{"type":"Polygon","coordinates":[[[132.71146936749955,33.76090746800811],[132.71146936749955,33.76990067164535],[132.72046257113678,33.76990067164535],[132.72046257113678,33.76090746800811],[132.71146936749955,33.76090746800811]]]}},{"type":"Feature","properties":{"jobs":771,"pop":416,"pointCount":9,"homeWorkCommuteMedian":3604,"workHomeCommuteMedian":3827},"geometry":{"type":"Polygon","coordinates":[[[132.71146936749955,33.76990067164535],[132.71146936749955,33.7788938752826],[132.72046257113678,33.7788938752826],[132.72046257113678,33.76990067164535],[132.71146936749955,33.76990067164535]]]}},{"type":"Feature","properties":{"jobs":1316,"pop":477,"pointCount":8,"homeWorkCommuteMedian":6820,"workHomeCommuteMedian":7458},"geometry":{"type":"Polygon","coordinates":[[[132.71146936749955,33.7788938752826],[132.71146936749955,33.787887078919844],[132.72046257113678,33.787887078919844],[132.72046257113678,33.7788938752826],[132.71146936749955,33.7788938752826]]]}},{"type":"Feature","properties":{"jobs":2236,"pop":420,"pointCount":7,"homeWorkCommuteMedian":7323,"workHomeCommuteMedian":5579},"geometry":{"type":"Polygon","coordinates":[[[132.71146936749955,33.787887078919844],[132.71146936749955,33.79688028255709],[132.72046257113678,33.79688028255709],[132.72046257113678,33.787887078919844],[132.71146936749955,33.787887078919844]]]}},{"type":"Feature","properties":{"jobs":433,"pop":1391,"pointCount":9,"homeWorkCommuteMedian":6309,"workHomeCommuteMedian":4683},"geometry":{"type":"Polygon","coordinates":[[[132.71146936749955,33.79688028255709],[132.71146936749955,33.805873486194336],[132.72046257113678,33.805873486194336],[132.72046257113678,33.79688028255709],[132.71146936749955,33.79688028255709]]]}},{"type":"Feature","properties":{"jobs":538,"pop":1272,"pointCount":8,"homeWorkCommuteMedian":7541,"workHomeCommuteMedian":8527},"geometry":{"type":"Polygon","coordinates":[[[132.71146936749955,33.805873486194336],[132.71146936749955,33.81486668983158],[132.72046257113678,33.81486668983158],[132.72046257113678,33.805873486194336],[132.71146936749955,33.805873486194336]]]}},{"type":"Feature","properties":{"jobs":544,"pop":957,"pointCount":11,"homeWorkCommuteMedian":6313,"workHomeCommuteMedian":9685},"geometry":{"type":"Polygon","coordinates":[[[132.71146936749955,33.81486668983158],[132.71146936749955,33.82385989346883],[132.72046257113678,33.82385989346883],[132.72046257113678,33.81486668983158],[132.71146936749955,33.81486668983158]]]}},{"type":"Feature","properties":{"jobs":2368,"pop":2572,"pointCount":17,"homeWorkCommuteMedian":6462,"workHomeCommuteMedian":6908},"geometry":{"type":"Polygon","coordinates":[[[132.71146936749955,33.82385989346883],[132.71146936749955,33.832853097106074],[132.72046257113678,33.832853097106074],[132.72046257113678,33.82385989346883],[132.71146936749955,33.82385989346883]]]}},{"type":"Feature","properties":{"jobs":17,"pop":450,"pointCount":2,"homeWorkCommuteMedian":4804,"workHomeCommuteMedian":12783},"geometry":{"type":"Polygon","coordinates":[[[132.71146936749955,33.832853097106074],[132.71146936749955,33.84184630074332],[132.72046257113678,33.84184630074332],[132.72046257113678,33.832853097106074],[132.71146936749955,33.832853097106074]]]}},{"type":"Feature","properties":{"jobs":1087,"pop":928,"pointCount":7,"homeWorkCommuteMedian":6940,"workHomeCommuteMedian":8442},"geometry":{"type":"Polygon","coordinates":[[[132.71146936749955,33.84184630074332],[132.71146936749955,33.850839504380566],[132.72046257113678,33.850839504380566],[132.72046257113678,33.84184630074332],[132.71146936749955,33.84184630074332]]]}},{"type":"Feature","properties":{"jobs":3129,"pop":1942,"pointCount":18,"homeWorkCommuteMedian":6330,"workHomeCommuteMedian":7047},"geometry":{"type":"Polygon","coordinates":[[[132.71146936749955,33.850839504380566],[132.71146936749955,33.85983270801781],[132.72046257113678,33.85983270801781],[132.72046257113678,33.850839504380566],[132.71146936749955,33.850839504380566]]]}},{"type":"Feature","properties":{"jobs":1781,"pop":2600,"pointCount":16,"homeWorkCommuteMedian":8341,"workHomeCommuteMedian":7818},"geometry":{"type":"Polygon","coordinates":[[[132.71146936749955,33.85983270801781],[132.71146936749955,33.86882591165506],[132.72046257113678,33.86882591165506],[132.72046257113678,33.85983270801781],[132.71146936749955,33.85983270801781]]]}},{"type":"Feature","properties":{"jobs":493,"pop":1866,"pointCount":13,"homeWorkCommuteMedian":8162,"workHomeCommuteMedian":13174},"geometry":{"type":"Polygon","coordinates":[[[132.71146936749955,33.86882591165506],[132.71146936749955,33.877819115292304],[132.72046257113678,33.877819115292304],[132.72046257113678,33.86882591165506],[132.71146936749955,33.86882591165506]]]}},{"type":"Feature","properties":{"jobs":0,"pop":391,"pointCount":3,"homeWorkCommuteMedian":7597,"workHomeCommuteMedian":-1},"geometry":{"type":"Polygon","coordinates":[[[132.71146936749955,33.877819115292304],[132.71146936749955,33.88681231892955],[132.72046257113678,33.88681231892955],[132.72046257113678,33.877819115292304],[132.71146936749955,33.877819115292304]]]}},{"type":"Feature","properties":{"jobs":0,"pop":13,"pointCount":1,"homeWorkCommuteMedian":51808,"workHomeCommuteMedian":-1},"geometry":{"type":"Polygon","coordinates":[[[132.72046257113678,33.46413174797899],[132.72046257113678,33.473124951616235],[132.729455774774,33.473124951616235],[132.729455774774,33.46413174797899],[132.72046257113678,33.46413174797899]]]}},{"type":"Feature","properties":{"jobs":0,"pop":19,"pointCount":1,"homeWorkCommuteMedian":54138,"workHomeCommuteMedian":-1},"geometry":{"type":"Polygon","coordinates":[[[132.72046257113678,33.48211815525348],[132.72046257113678,33.49111135889073],[132.729455774774,33.49111135889073],[132.729455774774,33.48211815525348],[132.72046257113678,33.48211815525348]]]}},{"type":"Feature","properties":{"jobs":8,"pop":26,"pointCount":3,"homeWorkCommuteMedian":59900,"workHomeCommuteMedian":22558},"geometry":{"type":"Polygon","coordinates":[[[132.72046257113678,33.49111135889073],[132.72046257113678,33.50010456252797],[132.729455774774,33.50010456252797],[132.729455774774,33.49111135889073],[132.72046257113678,33.49111135889073]]]}},{"type":"Feature","properties":{"jobs":7,"pop":0,"pointCount":1,"homeWorkCommuteMedian":-1,"workHomeCommuteMedian":27490},"geometry":{"type":"Polygon","coordinates":[[[132.72046257113678,33.50010456252797],[132.72046257113678,33.50909776616522],[132.729455774774,33.50909776616522],[132.729455774774,33.50010456252797],[132.72046257113678,33.50010456252797]]]}},{"type":"Feature","properties":{"jobs":0,"pop":16,"pointCount":1,"homeWorkCommuteMedian":27753,"workHomeCommuteMedian":-1},"geometry":{"type":"Polygon","coordinates":[[[132.72046257113678,33.50909776616522],[132.72046257113678,33.518090969802465],[132.729455774774,33.518090969802465],[132.729455774774,33.50909776616522],[132.72046257113678,33.50909776616522]]]}},{"type":"Feature","properties":{"jobs":0,"pop":2,"pointCount":1,"homeWorkCommuteMedian":52667,"workHomeCommuteMedian":-1},"geometry":{"type":"Polygon","coordinates":[[[132.72046257113678,33.518090969802465],[132.72046257113678,33.52708417343971],[132.729455774774,33.52708417343971],[132.729455774774,33.518090969802465],[132.72046257113678,33.518090969802465]]]}},{"type":"Feature","properties":{"jobs":16,"pop":34,"pointCount":2,"homeWorkCommuteMedian":14926,"workHomeCommuteMedian":90250},"geometry":{"type":"Polygon","coordinates":[[[132.72046257113678,33.5450705807142],[132.72046257113678,33.55406378435145],[132.729455774774,33.55406378435145],[132.729455774774,33.5450705807142],[132.72046257113678,33.5450705807142]]]}},{"type":"Feature","properties":{"jobs":0,"pop":10,"pointCount":1,"homeWorkCommuteMedian":45860,"workHomeCommuteMedian":-1},"geometry":{"type":"Polygon","coordinates":[[[132.72046257113678,33.55406378435145],[132.72046257113678,33.563056987988695],[132.729455774774,33.563056987988695],[132.729455774774,33.55406378435145],[132.72046257113678,33.55406378435145]]]}},{"type":"Feature","properties":{"jobs":0,"pop":20,"pointCount":1,"homeWorkCommuteMedian":11270,"workHomeCommuteMedian":-1},"geometry":{"type":"Polygon","coordinates":[[[132.72046257113678,33.563056987988695],[132.72046257113678,33.57205019162594],[132.729455774774,33.57205019162594],[132.729455774774,33.563056987988695],[132.72046257113678,33.563056987988695]]]}},{"type":"Feature","properties":{"jobs":0,"pop":28,"pointCount":2,"homeWorkCommuteMedian":40692,"workHomeCommuteMedian":-1},"geometry":{"type":"Polygon","coordinates":[[[132.72046257113678,33.57205019162594],[132.72046257113678,33.58104339526319],[132.729455774774,33.58104339526319],[132.729455774774,33.57205019162594],[132.72046257113678,33.57205019162594]]]}},{"type":"Feature","properties":{"jobs":0,"pop":103,"pointCount":3,"homeWorkCommuteMedian":21553,"workHomeCommuteMedian":-1},"geometry":{"type":"Polygon","coordinates":[[[132.72046257113678,33.63500261708666],[132.72046257113678,33.64399582072391],[132.729455774774,33.64399582072391],[132.729455774774,33.63500261708666],[132.72046257113678,33.63500261708666]]]}},{"type":"Feature","properties":{"jobs":0,"pop":79,"pointCount":1,"homeWorkCommuteMedian":28093,"workHomeCommuteMedian":-1},"geometry":{"type":"Polygon","coordinates":[[[132.72046257113678,33.652989024361155],[132.72046257113678,33.6619822279984],[132.729455774774,33.6619822279984],[132.729455774774,33.652989024361155],[132.72046257113678,33.652989024361155]]]}},{"type":"Feature","properties":{"jobs":18,"pop":142,"pointCount":1,"homeWorkCommuteMedian":25884,"workHomeCommuteMedian":25843},"geometry":{"type":"Polygon","coordinates":[[[132.72046257113678,33.67996863527289],[132.72046257113678,33.68896183891014],[132.729455774774,33.68896183891014],[132.729455774774,33.67996863527289],[132.72046257113678,33.67996863527289]]]}},{"type":"Feature","properties":{"jobs":0,"pop":28,"pointCount":2,"homeWorkCommuteMedian":20022,"workHomeCommuteMedian":-1},"geometry":{"type":"Polygon","coordinates":[[[132.72046257113678,33.68896183891014],[132.72046257113678,33.697955042547385],[132.729455774774,33.697955042547385],[132.729455774774,33.68896183891014],[132.72046257113678,33.68896183891014]]]}},{"type":"Feature","properties":{"jobs":0,"pop":3,"pointCount":1,"homeWorkCommuteMedian":18296,"workHomeCommuteMedian":-1},"geometry":{"type":"Polygon","coordinates":[[[132.72046257113678,33.70694824618463],[132.72046257113678,33.71594144982188],[132.729455774774,33.71594144982188],[132.729455774774,33.70694824618463],[132.72046257113678,33.70694824618463]]]}},{"type":"Feature","properties":{"jobs":0,"pop":115,"pointCount":3,"homeWorkCommuteMedian":20152,"workHomeCommuteMedian":-1},"geometry":{"type":"Polygon","coordinates":[[[132.72046257113678,33.71594144982188],[132.72046257113678,33.72493465345912],[132.729455774774,33.72493465345912],[132.729455774774,33.71594144982188],[132.72046257113678,33.71594144982188]]]}},{"type":"Feature","properties":{"jobs":27,"pop":23,"pointCount":2,"homeWorkCommuteMedian":12806,"workHomeCommuteMedian":10030},"geometry":{"type":"Polygon","coordinates":[[[132.72046257113678,33.742921060733615],[132.72046257113678,33.75191426437086],[132.729455774774,33.75191426437086],[132.729455774774,33.742921060733615],[132.72046257113678,33.742921060733615]]]}},{"type":"Feature","properties":{"jobs":0,"pop":305,"pointCount":6,"homeWorkCommuteMedian":11611,"workHomeCommuteMedian":-1},"geometry":{"type":"Polygon","coordinates":[[[132.72046257113678,33.75191426437086],[132.72046257113678,33.76090746800811],[132.729455774774,33.76090746800811],[132.729455774774,33.75191426437086],[132.72046257113678,33.75191426437086]]]}},{"type":"Feature","properties":{"jobs":105,"pop":915,"pointCount":12,"homeWorkCommuteMedian":9368,"workHomeCommuteMedian":2678},"geometry":{"type":"Polygon","coordinates":[[[132.72046257113678,33.76090746800811],[132.72046257113678,33.76990067164535],[132.729455774774,33.76990067164535],[132.729455774774,33.76090746800811],[132.72046257113678,33.76090746800811]]]}},{"type":"Feature","properties":{"jobs":66,"pop":170,"pointCount":8,"homeWorkCommuteMedian":6616,"workHomeCommuteMedian":4500},"geometry":{"type":"Polygon","coordinates":[[[132.72046257113678,33.76990067164535],[132.72046257113678,33.7788938752826],[132.729455774774,33.7788938752826],[132.729455774774,33.76990067164535],[132.72046257113678,33.76990067164535]]]}},{"type":"Feature","properties":{"jobs":285,"pop":237,"pointCount":7,"homeWorkCommuteMedian":8124,"workHomeCommuteMedian":5489},"geometry":{"type":"Polygon","coordinates":[[[132.72046257113678,33.7788938752826],[132.72046257113678,33.787887078919844],[132.729455774774,33.787887078919844],[132.729455774774,33.7788938752826],[132.72046257113678,33.7788938752826]]]}},{"type":"Feature","properties":{"jobs":466,"pop":746,"pointCount":9,"homeWorkCommuteMedian":5621,"workHomeCommuteMedian":3843},"geometry":{"type":"Polygon","coordinates":[[[132.72046257113678,33.787887078919844],[132.72046257113678,33.79688028255709],[132.729455774774,33.79688028255709],[132.729455774774,33.787887078919844],[132.72046257113678,33.787887078919844]]]}},{"type":"Feature","properties":{"jobs":1066,"pop":1297,"pointCount":14,"homeWorkCommuteMedian":5964,"workHomeCommuteMedian":5849},"geometry":{"type":"Polygon","coordinates":[[[132.72046257113678,33.79688028255709],[132.72046257113678,33.805873486194336],[132.729455774774,33.805873486194336],[132.729455774774,33.79688028255709],[132.72046257113678,33.79688028255709]]]}},{"type":"Feature","properties":{"jobs":880,"pop":2290,"pointCount":15,"homeWorkCommuteMedian":6190,"workHomeCommuteMedian":11783},"geometry":{"type":"Polygon","coordinates":[[[132.72046257113678,33.805873486194336],[132.72046257113678,33.81486668983158],[132.729455774774,33.81486668983158],[132.729455774774,33.805873486194336],[132.72046257113678,33.805873486194336]]]}},{"type":"Feature","properties":{"jobs":1888,"pop":2530,"pointCount":17,"homeWorkCommuteMedian":6390,"workHomeCommuteMedian":6327},"geometry":{"type":"Polygon","coordinates":[[[132.72046257113678,33.81486668983158],[132.72046257113678,33.82385989346883],[132.729455774774,33.82385989346883],[132.729455774774,33.81486668983158],[132.72046257113678,33.81486668983158]]]}},{"type":"Feature","properties":{"jobs":3138,"pop":5696,"pointCount":23,"homeWorkCommuteMedian":5954,"workHomeCommuteMedian":6439},"geometry":{"type":"Polygon","coordinates":[[[132.72046257113678,33.82385989346883],[132.72046257113678,33.832853097106074],[132.729455774774,33.832853097106074],[132.729455774774,33.82385989346883],[132.72046257113678,33.82385989346883]]]}},{"type":"Feature","properties":{"jobs":1267,"pop":2774,"pointCount":12,"homeWorkCommuteMedian":5901,"workHomeCommuteMedian":6162},"geometry":{"type":"Polygon","coordinates":[[[132.72046257113678,33.832853097106074],[132.72046257113678,33.84184630074332],[132.729455774774,33.84184630074332],[132.729455774774,33.832853097106074],[132.72046257113678,33.832853097106074]]]}},{"type":"Feature","properties":{"jobs":2642,"pop":2911,"pointCount":18,"homeWorkCommuteMedian":4859,"workHomeCommuteMedian":3435},"geometry":{"type":"Polygon","coordinates":[[[132.72046257113678,33.84184630074332],[132.72046257113678,33.850839504380566],[132.729455774774,33.850839504380566],[132.729455774774,33.84184630074332],[132.72046257113678,33.84184630074332]]]}},{"type":"Feature","properties":{"jobs":4034,"pop":3183,"pointCount":19,"homeWorkCommuteMedian":5706,"workHomeCommuteMedian":8994},"geometry":{"type":"Polygon","coordinates":[[[132.72046257113678,33.850839504380566],[132.72046257113678,33.85983270801781],[132.729455774774,33.85983270801781],[132.729455774774,33.850839504380566],[132.72046257113678,33.850839504380566]]]}},{"type":"Feature","properties":{"jobs":1852,"pop":2921,"pointCount":21,"homeWorkCommuteMedian":7656,"workHomeCommuteMedian":8311},"geometry":{"type":"Polygon","coordinates":[[[132.72046257113678,33.85983270801781],[132.72046257113678,33.86882591165506],[132.729455774774,33.86882591165506],[132.729455774774,33.85983270801781],[132.72046257113678,33.85983270801781]]]}},{"type":"Feature","properties":{"jobs":141,"pop":769,"pointCount":6,"homeWorkCommuteMedian":9078,"workHomeCommuteMedian":9767},"geometry":{"type":"Polygon","coordinates":[[[132.72046257113678,33.86882591165506],[132.72046257113678,33.877819115292304],[132.729455774774,33.877819115292304],[132.729455774774,33.86882591165506],[132.72046257113678,33.86882591165506]]]}},{"type":"Feature","properties":{"jobs":114,"pop":119,"pointCount":6,"homeWorkCommuteMedian":10731,"workHomeCommuteMedian":12916},"geometry":{"type":"Polygon","coordinates":[[[132.72046257113678,33.877819115292304],[132.72046257113678,33.88681231892955],[132.729455774774,33.88681231892955],[132.729455774774,33.877819115292304],[132.72046257113678,33.877819115292304]]]}},{"type":"Feature","properties":{"jobs":192,"pop":1005,"pointCount":11,"homeWorkCommuteMedian":9492,"workHomeCommuteMedian":10945},"geometry":{"type":"Polygon","coordinates":[[[132.72046257113678,33.88681231892955],[132.72046257113678,33.895805522566796],[132.729455774774,33.895805522566796],[132.729455774774,33.88681231892955],[132.72046257113678,33.88681231892955]]]}},{"type":"Feature","properties":{"jobs":896,"pop":883,"pointCount":9,"homeWorkCommuteMedian":9019,"workHomeCommuteMedian":10123},"geometry":{"type":"Polygon","coordinates":[[[132.72046257113678,33.895805522566796],[132.72046257113678,33.90479872620404],[132.729455774774,33.90479872620404],[132.729455774774,33.895805522566796],[132.72046257113678,33.895805522566796]]]}},{"type":"Feature","properties":{"jobs":58,"pop":52,"pointCount":2,"homeWorkCommuteMedian":28297,"workHomeCommuteMedian":32021},"geometry":{"type":"Polygon","coordinates":[[[132.729455774774,33.48211815525348],[132.729455774774,33.49111135889073],[132.73844897841124,33.49111135889073],[132.73844897841124,33.48211815525348],[132.729455774774,33.48211815525348]]]}},{"type":"Feature","properties":{"jobs":0,"pop":65,"pointCount":3,"homeWorkCommuteMedian":14540,"workHomeCommuteMedian":-1},"geometry":{"type":"Polygon","coordinates":[[[132.729455774774,33.55406378435145],[132.729455774774,33.563056987988695],[132.73844897841124,33.563056987988695],[132.73844897841124,33.55406378435145],[132.729455774774,33.55406378435145]]]}},{"type":"Feature","properties":{"jobs":19,"pop":33,"pointCount":3,"homeWorkCommuteMedian":11510,"workHomeCommuteMedian":13824},"geometry":{"type":"Polygon","coordinates":[[[132.729455774774,33.57205019162594],[132.729455774774,33.58104339526319],[132.73844897841124,33.58104339526319],[132.73844897841124,33.57205019162594],[132.729455774774,33.57205019162594]]]}},{"type":"Feature","properties":{"jobs":0,"pop":26,"pointCount":2,"homeWorkCommuteMedian":30179,"workHomeCommuteMedian":-1},"geometry":{"type":"Polygon","coordinates":[[[132.729455774774,33.59902980253768],[132.729455774774,33.608023006174925],[132.73844897841124,33.608023006174925],[132.73844897841124,33.59902980253768],[132.729455774774,33.59902980253768]]]}},{"type":"Feature","properties":{"jobs":20,"pop":23,"pointCount":3,"homeWorkCommuteMedian":42939,"workHomeCommuteMedian":14622},"geometry":{"type":"Polygon","coordinates":[[[132.729455774774,33.608023006174925],[132.729455774774,33.61701620981217],[132.73844897841124,33.61701620981217],[132.73844897841124,33.608023006174925],[132.729455774774,33.608023006174925]]]}},{"type":"Feature","properties":{"jobs":0,"pop":52,"pointCount":1,"homeWorkCommuteMedian":38796,"workHomeCommuteMedian":-1},"geometry":{"type":"Polygon","coordinates":[[[132.729455774774,33.63500261708666],[132.729455774774,33.64399582072391],[132.73844897841124,33.64399582072391],[132.73844897841124,33.63500261708666],[132.729455774774,33.63500261708666]]]}},{"type":"Feature","properties":{"jobs":0,"pop":14,"pointCount":1,"homeWorkCommuteMedian":26164,"workHomeCommuteMedian":-1},"geometry":{"type":"Polygon","coordinates":[[[132.729455774774,33.64399582072391],[132.729455774774,33.652989024361155],[132.73844897841124,33.652989024361155],[132.73844897841124,33.64399582072391],[132.729455774774,33.64399582072391]]]}},{"type":"Feature","properties":{"jobs":0,"pop":12,"pointCount":1,"homeWorkCommuteMedian":23430,"workHomeCommuteMedian":-1},"geometry":{"type":"Polygon","coordinates":[[[132.729455774774,33.67996863527289],[132.729455774774,33.68896183891014],[132.73844897841124,33.68896183891014],[132.73844897841124,33.67996863527289],[132.729455774774,33.67996863527289]]]}},{"type":"Feature","properties":{"jobs":0,"pop":43,"pointCount":1,"homeWorkCommuteMedian":25318,"workHomeCommuteMedian":-1},"geometry":{"type":"Polygon","coordinates":[[[132.729455774774,33.68896183891014],[132.729455774774,33.697955042547385],[132.73844897841124,33.697955042547385],[132.73844897841124,33.68896183891014],[132.729455774774,33.68896183891014]]]}},{"type":"Feature","properties":{"jobs":64,"pop":278,"pointCount":3,"homeWorkCommuteMedian":15204,"workHomeCommuteMedian":17282},"geometry":{"type":"Polygon","coordinates":[[[132.729455774774,33.71594144982188],[132.729455774774,33.72493465345912],[132.73844897841124,33.72493465345912],[132.73844897841124,33.71594144982188],[132.729455774774,33.71594144982188]]]}},{"type":"Feature","properties":{"jobs":240,"pop":0,"pointCount":1,"homeWorkCommuteMedian":-1,"workHomeCommuteMedian":12957},"geometry":{"type":"Polygon","coordinates":[[[132.729455774774,33.742921060733615],[132.729455774774,33.75191426437086],[132.73844897841124,33.75191426437086],[132.73844897841124,33.742921060733615],[132.729455774774,33.742921060733615]]]}},{"type":"Feature","properties":{"jobs":0,"pop":23,"pointCount":2,"homeWorkCommuteMedian":16098,"workHomeCommuteMedian":-1},"geometry":{"type":"Polygon","coordinates":[[[132.729455774774,33.75191426437086],[132.729455774774,33.76090746800811],[132.73844897841124,33.76090746800811],[132.73844897841124,33.75191426437086],[132.729455774774,33.75191426437086]]]}},{"type":"Feature","properties":{"jobs":138,"pop":315,"pointCount":12,"homeWorkCommuteMedian":9565,"workHomeCommuteMedian":7346},"geometry":{"type":"Polygon","coordinates":[[[132.729455774774,33.76090746800811],[132.729455774774,33.76990067164535],[132.73844897841124,33.76990067164535],[132.73844897841124,33.76090746800811],[132.729455774774,33.76090746800811]]]}},{"type":"Feature","properties":{"jobs":80,"pop":280,"pointCount":5,"homeWorkCommuteMedian":10991,"workHomeCommuteMedian":6534},"geometry":{"type":"Polygon","coordinates":[[[132.729455774774,33.76990067164535],[132.729455774774,33.7788938752826],[132.73844897841124,33.7788938752826],[132.73844897841124,33.76990067164535],[132.729455774774,33.76990067164535]]]}},{"type":"Feature","properties":{"jobs":478,"pop":401,"pointCount":10,"homeWorkCommuteMedian":8918,"workHomeCommuteMedian":8591},"geometry":{"type":"Polygon","coordinates":[[[132.729455774774,33.7788938752826],[132.729455774774,33.787887078919844],[132.73844897841124,33.787887078919844],[132.73844897841124,33.7788938752826],[132.729455774774,33.7788938752826]]]}},{"type":"Feature","properties":{"jobs":210,"pop":496,"pointCount":7,"homeWorkCommuteMedian":9579,"workHomeCommuteMedian":3348},"geometry":{"type":"Polygon","coordinates":[[[132.729455774774,33.787887078919844],[132.729455774774,33.79688028255709],[132.73844897841124,33.79688028255709],[132.73844897841124,33.787887078919844],[132.729455774774,33.787887078919844]]]}},{"type":"Feature","properties":{"jobs":296,"pop":673,"pointCount":8,"homeWorkCommuteMedian":5418,"workHomeCommuteMedian":4737},"geometry":{"type":"Polygon","coordinates":[[[132.729455774774,33.79688028255709],[132.729455774774,33.805873486194336],[132.73844897841124,33.805873486194336],[132.73844897841124,33.79688028255709],[132.729455774774,33.79688028255709]]]}},{"type":"Feature","properties":{"jobs":834,"pop":1679,"pointCount":12,"homeWorkCommuteMedian":6988,"workHomeCommuteMedian":6722},"geometry":{"type":"Polygon","coordinates":[[[132.729455774774,33.805873486194336],[132.729455774774,33.81486668983158],[132.73844897841124,33.81486668983158],[132.73844897841124,33.805873486194336],[132.729455774774,33.805873486194336]]]}},{"type":"Feature","properties":{"jobs":2755,"pop":2701,"pointCount":16,"homeWorkCommuteMedian":5010,"workHomeCommuteMedian":2491},"geometry":{"type":"Polygon","coordinates":[[[132.729455774774,33.81486668983158],[132.729455774774,33.82385989346883],[132.73844897841124,33.82385989346883],[132.73844897841124,33.81486668983158],[132.729455774774,33.81486668983158]]]}},{"type":"Feature","properties":{"jobs":2028,"pop":3398,"pointCount":15,"homeWorkCommuteMedian":4736,"workHomeCommuteMedian":7084},"geometry":{"type":"Polygon","coordinates":[[[132.729455774774,33.82385989346883],[132.729455774774,33.832853097106074],[132.73844897841124,33.832853097106074],[132.73844897841124,33.82385989346883],[132.729455774774,33.82385989346883]]]}},{"type":"Feature","properties":{"jobs":859,"pop":2420,"pointCount":15,"homeWorkCommuteMedian":5376,"workHomeCommuteMedian":13118},"geometry":{"type":"Polygon","coordinates":[[[132.729455774774,33.832853097106074],[132.729455774774,33.84184630074332],[132.73844897841124,33.84184630074332],[132.73844897841124,33.832853097106074],[132.729455774774,33.832853097106074]]]}},{"type":"Feature","properties":{"jobs":1903,"pop":1375,"pointCount":15,"homeWorkCommuteMedian":6494,"workHomeCommuteMedian":4529},"geometry":{"type":"Polygon","coordinates":[[[132.729455774774,33.84184630074332],[132.729455774774,33.850839504380566],[132.73844897841124,33.850839504380566],[132.73844897841124,33.84184630074332],[132.729455774774,33.84184630074332]]]}},{"type":"Feature","properties":{"jobs":802,"pop":1995,"pointCount":11,"homeWorkCommuteMedian":7056,"workHomeCommuteMedian":11415},"geometry":{"type":"Polygon","coordinates":[[[132.729455774774,33.850839504380566],[132.729455774774,33.85983270801781],[132.73844897841124,33.85983270801781],[132.73844897841124,33.850839504380566],[132.729455774774,33.850839504380566]]]}},{"type":"Feature","properties":{"jobs":279,"pop":1630,"pointCount":12,"homeWorkCommuteMedian":5883,"workHomeCommuteMedian":7097},"geometry":{"type":"Polygon","coordinates":[[[132.729455774774,33.85983270801781],[132.729455774774,33.86882591165506],[132.73844897841124,33.86882591165506],[132.73844897841124,33.85983270801781],[132.729455774774,33.85983270801781]]]}},{"type":"Feature","properties":{"jobs":602,"pop":346,"pointCount":7,"homeWorkCommuteMedian":6237,"workHomeCommuteMedian":8404},"geometry":{"type":"Polygon","coordinates":[[[132.729455774774,33.86882591165506],[132.729455774774,33.877819115292304],[132.73844897841124,33.877819115292304],[132.73844897841124,33.86882591165506],[132.729455774774,33.86882591165506]]]}},{"type":"Feature","properties":{"jobs":670,"pop":496,"pointCount":11,"homeWorkCommuteMedian":8124,"workHomeCommuteMedian":2969},"geometry":{"type":"Polygon","coordinates":[[[132.729455774774,33.877819115292304],[132.729455774774,33.88681231892955],[132.73844897841124,33.88681231892955],[132.73844897841124,33.877819115292304],[132.729455774774,33.877819115292304]]]}},{"type":"Feature","properties":{"jobs":784,"pop":548,"pointCount":10,"homeWorkCommuteMedian":9350,"workHomeCommuteMedian":1896},"geometry":{"type":"Polygon","coordinates":[[[132.729455774774,33.88681231892955],[132.729455774774,33.895805522566796],[132.73844897841124,33.895805522566796],[132.73844897841124,33.88681231892955],[132.729455774774,33.88681231892955]]]}},{"type":"Feature","properties":{"jobs":521,"pop":1004,"pointCount":10,"homeWorkCommuteMedian":9314,"workHomeCommuteMedian":11760},"geometry":{"type":"Polygon","coordinates":[[[132.729455774774,33.895805522566796],[132.729455774774,33.90479872620404],[132.73844897841124,33.90479872620404],[132.73844897841124,33.895805522566796],[132.729455774774,33.895805522566796]]]}},{"type":"Feature","properties":{"jobs":0,"pop":8,"pointCount":1,"homeWorkCommuteMedian":74312,"workHomeCommuteMedian":-1},"geometry":{"type":"Polygon","coordinates":[[[132.73844897841124,33.45513854434174],[132.73844897841124,33.46413174797899],[132.74744218204847,33.46413174797899],[132.74744218204847,33.45513854434174],[132.73844897841124,33.45513854434174]]]}},{"type":"Feature","properties":{"jobs":0,"pop":11,"pointCount":1,"homeWorkCommuteMedian":14386,"workHomeCommuteMedian":-1},"geometry":{"type":"Polygon","coordinates":[[[132.73844897841124,33.473124951616235],[132.73844897841124,33.48211815525348],[132.74744218204847,33.48211815525348],[132.74744218204847,33.473124951616235],[132.73844897841124,33.473124951616235]]]}},{"type":"Feature","properties":{"jobs":20,"pop":0,"pointCount":1,"homeWorkCommuteMedian":-1,"workHomeCommuteMedian":30561},"geometry":{"type":"Polygon","coordinates":[[[132.73844897841124,33.48211815525348],[132.73844897841124,33.49111135889073],[132.74744218204847,33.49111135889073],[132.74744218204847,33.48211815525348],[132.73844897841124,33.48211815525348]]]}},{"type":"Feature","properties":{"jobs":20,"pop":14,"pointCount":2,"homeWorkCommuteMedian":66246,"workHomeCommuteMedian":1197},"geometry":{"type":"Polygon","coordinates":[[[132.73844897841124,33.49111135889073],[132.73844897841124,33.50010456252797],[132.74744218204847,33.50010456252797],[132.74744218204847,33.49111135889073],[132.73844897841124,33.49111135889073]]]}},{"type":"Feature","properties":{"jobs":5,"pop":0,"pointCount":1,"homeWorkCommuteMedian":-1,"workHomeCommuteMedian":34336},"geometry":{"type":"Polygon","coordinates":[[[132.73844897841124,33.50010456252797],[132.73844897841124,33.50909776616522],[132.74744218204847,33.50909776616522],[132.74744218204847,33.50010456252797],[132.73844897841124,33.50010456252797]]]}},{"type":"Feature","properties":{"jobs":0,"pop":23,"pointCount":1,"homeWorkCommuteMedian":19783,"workHomeCommuteMedian":-1},"geometry":{"type":"Polygon","coordinates":[[[132.73844897841124,33.53607737707696],[132.73844897841124,33.5450705807142],[132.74744218204847,33.5450705807142],[132.74744218204847,33.53607737707696],[132.73844897841124,33.53607737707696]]]}},{"type":"Feature","properties":{"jobs":0,"pop":16,"pointCount":1,"homeWorkCommuteMedian":53058,"workHomeCommuteMedian":-1},"geometry":{"type":"Polygon","coordinates":[[[132.73844897841124,33.563056987988695],[132.73844897841124,33.57205019162594],[132.74744218204847,33.57205019162594],[132.74744218204847,33.563056987988695],[132.73844897841124,33.563056987988695]]]}},{"type":"Feature","properties":{"jobs":0,"pop":63,"pointCount":1,"homeWorkCommuteMedian":71016,"workHomeCommuteMedian":-1},"geometry":{"type":"Polygon","coordinates":[[[132.73844897841124,33.57205019162594],[132.73844897841124,33.58104339526319],[132.74744218204847,33.58104339526319],[132.74744218204847,33.57205019162594],[132.73844897841124,33.57205019162594]]]}},{"type":"Feature","properties":{"jobs":0,"pop":34,"pointCount":2,"homeWorkCommuteMedian":25723,"workHomeCommuteMedian":-1},"geometry":{"type":"Polygon","coordinates":[[[132.73844897841124,33.608023006174925],[132.73844897841124,33.61701620981217],[132.74744218204847,33.61701620981217],[132.74744218204847,33.608023006174925],[132.73844897841124,33.608023006174925]]]}},{"type":"Feature","properties":{"jobs":0,"pop":14,"pointCount":1,"homeWorkCommuteMedian":29323,"workHomeCommuteMedian":-1},"geometry":{"type":"Polygon","coordinates":[[[132.73844897841124,33.63500261708666],[132.73844897841124,33.64399582072391],[132.74744218204847,33.64399582072391],[132.74744218204847,33.63500261708666],[132.73844897841124,33.63500261708666]]]}},{"type":"Feature","properties":{"jobs":0,"pop":60,"pointCount":2,"homeWorkCommuteMedian":31997,"workHomeCommuteMedian":-1},"geometry":{"type":"Polygon","coordinates":[[[132.73844897841124,33.64399582072391],[132.73844897841124,33.652989024361155],[132.74744218204847,33.652989024361155],[132.74744218204847,33.64399582072391],[132.73844897841124,33.64399582072391]]]}},{"type":"Feature","properties":{"jobs":0,"pop":112,"pointCount":3,"homeWorkCommuteMedian":20853,"workHomeCommuteMedian":-1},"geometry":{"type":"Polygon","coordinates":[[[132.73844897841124,33.652989024361155],[132.73844897841124,33.6619822279984],[132.74744218204847,33.6619822279984],[132.74744218204847,33.652989024361155],[132.73844897841124,33.652989024361155]]]}},{"type":"Feature","properties":{"jobs":0,"pop":18,"pointCount":1,"homeWorkCommuteMedian":31470,"workHomeCommuteMedian":-1},"geometry":{"type":"Polygon","coordinates":[[[132.73844897841124,33.67996863527289],[132.73844897841124,33.68896183891014],[132.74744218204847,33.68896183891014],[132.74744218204847,33.67996863527289],[132.73844897841124,33.67996863527289]]]}},{"type":"Feature","properties":{"jobs":13,"pop":58,"pointCount":3,"homeWorkCommuteMedian":22878,"workHomeCommuteMedian":16318},"geometry":{"type":"Polygon","coordinates":[[[132.73844897841124,33.71594144982188],[132.73844897841124,33.72493465345912],[132.74744218204847,33.72493465345912],[132.74744218204847,33.71594144982188],[132.73844897841124,33.71594144982188]]]}},{"type":"Feature","properties":{"jobs":17,"pop":0,"pointCount":1,"homeWorkCommuteMedian":-1,"workHomeCommuteMedian":11845},"geometry":{"type":"Polygon","coordinates":[[[132.73844897841124,33.742921060733615],[132.73844897841124,33.75191426437086],[132.74744218204847,33.75191426437086],[132.74744218204847,33.742921060733615],[132.73844897841124,33.742921060733615]]]}},{"type":"Feature","properties":{"jobs":339,"pop":220,"pointCount":13,"homeWorkCommuteMedian":10608,"workHomeCommuteMedian":5455},"geometry":{"type":"Polygon","coordinates":[[[132.73844897841124,33.76090746800811],[132.73844897841124,33.76990067164535],[132.74744218204847,33.76990067164535],[132.74744218204847,33.76090746800811],[132.73844897841124,33.76090746800811]]]}},{"type":"Feature","properties":{"jobs":485,"pop":753,"pointCount":13,"homeWorkCommuteMedian":6473,"workHomeCommuteMedian":3831},"geometry":{"type":"Polygon","coordinates":[[[132.73844897841124,33.76990067164535],[132.73844897841124,33.7788938752826],[132.74744218204847,33.7788938752826],[132.74744218204847,33.76990067164535],[132.73844897841124,33.76990067164535]]]}},{"type":"Feature","properties":{"jobs":729,"pop":573,"pointCount":11,"homeWorkCommuteMedian":8388,"workHomeCommuteMedian":2964},"geometry":{"type":"Polygon","coordinates":[[[132.73844897841124,33.7788938752826],[132.73844897841124,33.787887078919844],[132.74744218204847,33.787887078919844],[132.74744218204847,33.7788938752826],[132.73844897841124,33.7788938752826]]]}},{"type":"Feature","properties":{"jobs":29,"pop":579,"pointCount":6,"homeWorkCommuteMedian":6401,"workHomeCommuteMedian":3355},"geometry":{"type":"Polygon","coordinates":[[[132.73844897841124,33.787887078919844],[132.73844897841124,33.79688028255709],[132.74744218204847,33.79688028255709],[132.74744218204847,33.787887078919844],[132.73844897841124,33.787887078919844]]]}},{"type":"Feature","properties":{"jobs":133,"pop":28,"pointCount":3,"homeWorkCommuteMedian":8605,"workHomeCommuteMedian":28784},"geometry":{"type":"Polygon","coordinates":[[[132.73844897841124,33.79688028255709],[132.73844897841124,33.805873486194336],[132.74744218204847,33.805873486194336],[132.74744218204847,33.79688028255709],[132.73844897841124,33.79688028255709]]]}},{"type":"Feature","properties":{"jobs":2744,"pop":949,"pointCount":10,"homeWorkCommuteMedian":5605,"workHomeCommuteMedian":6671},"geometry":{"type":"Polygon","coordinates":[[[132.73844897841124,33.805873486194336],[132.73844897841124,33.81486668983158],[132.74744218204847,33.81486668983158],[132.74744218204847,33.805873486194336],[132.73844897841124,33.805873486194336]]]}},{"type":"Feature","properties":{"jobs":1237,"pop":4918,"pointCount":19,"homeWorkCommuteMedian":5668,"workHomeCommuteMedian":4933},"geometry":{"type":"Polygon","coordinates":[[[132.73844897841124,33.81486668983158],[132.73844897841124,33.82385989346883],[132.74744218204847,33.82385989346883],[132.74744218204847,33.81486668983158],[132.73844897841124,33.81486668983158]]]}},{"type":"Feature","properties":{"jobs":2751,"pop":3932,"pointCount":17,"homeWorkCommuteMedian":5133,"workHomeCommuteMedian":6442},"geometry":{"type":"Polygon","coordinates":[[[132.73844897841124,33.82385989346883],[132.73844897841124,33.832853097106074],[132.74744218204847,33.832853097106074],[132.74744218204847,33.82385989346883],[132.73844897841124,33.82385989346883]]]}},{"type":"Feature","properties":{"jobs":1993,"pop":2750,"pointCount":15,"homeWorkCommuteMedian":4535,"workHomeCommuteMedian":6191},"geometry":{"type":"Polygon","coordinates":[[[132.73844897841124,33.832853097106074],[132.73844897841124,33.84184630074332],[132.74744218204847,33.84184630074332],[132.74744218204847,33.832853097106074],[132.73844897841124,33.832853097106074]]]}},{"type":"Feature","properties":{"jobs":727,"pop":2212,"pointCount":10,"homeWorkCommuteMedian":4342,"workHomeCommuteMedian":6051},"geometry":{"type":"Polygon","coordinates":[[[132.73844897841124,33.84184630074332],[132.73844897841124,33.850839504380566],[132.74744218204847,33.850839504380566],[132.74744218204847,33.84184630074332],[132.73844897841124,33.84184630074332]]]}},{"type":"Feature","properties":{"jobs":5024,"pop":3038,"pointCount":16,"homeWorkCommuteMedian":5279,"workHomeCommuteMedian":6098},"geometry":{"type":"Polygon","coordinates":[[[132.73844897841124,33.850839504380566],[132.73844897841124,33.85983270801781],[132.74744218204847,33.85983270801781],[132.74744218204847,33.850839504380566],[132.73844897841124,33.850839504380566]]]}},{"type":"Feature","properties":{"jobs":1870,"pop":2866,"pointCount":13,"homeWorkCommuteMedian":5253,"workHomeCommuteMedian":7145},"geometry":{"type":"Polygon","coordinates":[[[132.73844897841124,33.85983270801781],[132.73844897841124,33.86882591165506],[132.74744218204847,33.86882591165506],[132.74744218204847,33.85983270801781],[132.73844897841124,33.85983270801781]]]}},{"type":"Feature","properties":{"jobs":1754,"pop":2186,"pointCount":15,"homeWorkCommuteMedian":6351,"workHomeCommuteMedian":5568},"geometry":{"type":"Polygon","coordinates":[[[132.73844897841124,33.86882591165506],[132.73844897841124,33.877819115292304],[132.74744218204847,33.877819115292304],[132.74744218204847,33.86882591165506],[132.73844897841124,33.86882591165506]]]}},{"type":"Feature","properties":{"jobs":350,"pop":737,"pointCount":8,"homeWorkCommuteMedian":7954,"workHomeCommuteMedian":8707},"geometry":{"type":"Polygon","coordinates":[[[132.73844897841124,33.877819115292304],[132.73844897841124,33.88681231892955],[132.74744218204847,33.88681231892955],[132.74744218204847,33.877819115292304],[132.73844897841124,33.877819115292304]]]}},{"type":"Feature","properties":{"jobs":1938,"pop":3173,"pointCount":16,"homeWorkCommuteMedian":9060,"workHomeCommuteMedian":9144},"geometry":{"type":"Polygon","coordinates":[[[132.73844897841124,33.88681231892955],[132.73844897841124,33.895805522566796],[132.74744218204847,33.895805522566796],[132.74744218204847,33.88681231892955],[132.73844897841124,33.88681231892955]]]}},{"type":"Feature","properties":{"jobs":1415,"pop":1430,"pointCount":11,"homeWorkCommuteMedian":8856,"workHomeCommuteMedian":11444},"geometry":{"type":"Polygon","coordinates":[[[132.73844897841124,33.895805522566796],[132.73844897841124,33.90479872620404],[132.74744218204847,33.90479872620404],[132.74744218204847,33.895805522566796],[132.73844897841124,33.895805522566796]]]}},{"type":"Feature","properties":{"jobs":13,"pop":0,"pointCount":1,"homeWorkCommuteMedian":-1,"workHomeCommuteMedian":32515},"geometry":{"type":"Polygon","coordinates":[[[132.74744218204847,33.49111135889073],[132.74744218204847,33.50010456252797],[132.7564353856857,33.50010456252797],[132.7564353856857,33.49111135889073],[132.74744218204847,33.49111135889073]]]}},{"type":"Feature","properties":{"jobs":10,"pop":0,"pointCount":1,"homeWorkCommuteMedian":-1,"workHomeCommuteMedian":3993},"geometry":{"type":"Polygon","coordinates":[[[132.74744218204847,33.50010456252797],[132.74744218204847,33.50909776616522],[132.7564353856857,33.50909776616522],[132.7564353856857,33.50010456252797],[132.74744218204847,33.50010456252797]]]}},{"type":"Feature","properties":{"jobs":0,"pop":10,"pointCount":1,"homeWorkCommuteMedian":57243,"workHomeCommuteMedian":-1},"geometry":{"type":"Polygon","coordinates":[[[132.74744218204847,33.50909776616522],[132.74744218204847,33.518090969802465],[132.7564353856857,33.518090969802465],[132.7564353856857,33.50909776616522],[132.74744218204847,33.50909776616522]]]}},{"type":"Feature","properties":{"jobs":0,"pop":14,"pointCount":1,"homeWorkCommuteMedian":31831,"workHomeCommuteMedian":-1},"geometry":{"type":"Polygon","coordinates":[[[132.74744218204847,33.518090969802465],[132.74744218204847,33.52708417343971],[132.7564353856857,33.52708417343971],[132.7564353856857,33.518090969802465],[132.74744218204847,33.518090969802465]]]}},{"type":"Feature","properties":{"jobs":0,"pop":10,"pointCount":1,"homeWorkCommuteMedian":28598,"workHomeCommuteMedian":-1},"geometry":{"type":"Polygon","coordinates":[[[132.74744218204847,33.563056987988695],[132.74744218204847,33.57205019162594],[132.7564353856857,33.57205019162594],[132.7564353856857,33.563056987988695],[132.74744218204847,33.563056987988695]]]}},{"type":"Feature","properties":{"jobs":23,"pop":56,"pointCount":4,"homeWorkCommuteMedian":42193,"workHomeCommuteMedian":12688},"geometry":{"type":"Polygon","coordinates":[[[132.74744218204847,33.58104339526319],[132.74744218204847,33.59003659890043],[132.7564353856857,33.59003659890043],[132.7564353856857,33.58104339526319],[132.74744218204847,33.58104339526319]]]}},{"type":"Feature","properties":{"jobs":0,"pop":20,"pointCount":1,"homeWorkCommuteMedian":49116,"workHomeCommuteMedian":-1},"geometry":{"type":"Polygon","coordinates":[[[132.74744218204847,33.608023006174925],[132.74744218204847,33.61701620981217],[132.7564353856857,33.61701620981217],[132.7564353856857,33.608023006174925],[132.74744218204847,33.608023006174925]]]}},{"type":"Feature","properties":{"jobs":21,"pop":52,"pointCount":3,"homeWorkCommuteMedian":30732,"workHomeCommuteMedian":15438},"geometry":{"type":"Polygon","coordinates":[[[132.74744218204847,33.652989024361155],[132.74744218204847,33.6619822279984],[132.7564353856857,33.6619822279984],[132.7564353856857,33.652989024361155],[132.74744218204847,33.652989024361155]]]}},{"type":"Feature","properties":{"jobs":0,"pop":29,"pointCount":1,"homeWorkCommuteMedian":18308,"workHomeCommuteMedian":-1},"geometry":{"type":"Polygon","coordinates":[[[132.74744218204847,33.71594144982188],[132.74744218204847,33.72493465345912],[132.7564353856857,33.72493465345912],[132.7564353856857,33.71594144982188],[132.74744218204847,33.71594144982188]]]}},{"type":"Feature","properties":{"jobs":0,"pop":23,"pointCount":1,"homeWorkCommuteMedian":7534,"workHomeCommuteMedian":-1},"geometry":{"type":"Polygon","coordinates":[[[132.74744218204847,33.72493465345912],[132.74744218204847,33.73392785709637],[132.7564353856857,33.73392785709637],[132.7564353856857,33.72493465345912],[132.74744218204847,33.72493465345912]]]}},{"type":"Feature","properties":{"jobs":0,"pop":21,"pointCount":1,"homeWorkCommuteMedian":4771,"workHomeCommuteMedian":-1},"geometry":{"type":"Polygon","coordinates":[[[132.74744218204847,33.73392785709637],[132.74744218204847,33.742921060733615],[132.7564353856857,33.742921060733615],[132.7564353856857,33.73392785709637],[132.74744218204847,33.73392785709637]]]}},{"type":"Feature","properties":{"jobs":267,"pop":505,"pointCount":12,"homeWorkCommuteMedian":9253,"workHomeCommuteMedian":10052},"geometry":{"type":"Polygon","coordinates":[[[132.74744218204847,33.76990067164535],[132.74744218204847,33.7788938752826],[132.7564353856857,33.7788938752826],[132.7564353856857,33.76990067164535],[132.74744218204847,33.76990067164535]]]}},{"type":"Feature","properties":{"jobs":423,"pop":486,"pointCount":12,"homeWorkCommuteMedian":7729,"workHomeCommuteMedian":8028},"geometry":{"type":"Polygon","coordinates":[[[132.74744218204847,33.7788938752826],[132.74744218204847,33.787887078919844],[132.7564353856857,33.787887078919844],[132.7564353856857,33.7788938752826],[132.74744218204847,33.7788938752826]]]}},{"type":"Feature","properties":{"jobs":111,"pop":295,"pointCount":7,"homeWorkCommuteMedian":7936,"workHomeCommuteMedian":7506},"geometry":{"type":"Polygon","coordinates":[[[132.74744218204847,33.787887078919844],[132.74744218204847,33.79688028255709],[132.7564353856857,33.79688028255709],[132.7564353856857,33.787887078919844],[132.74744218204847,33.787887078919844]]]}},{"type":"Feature","properties":{"jobs":292,"pop":707,"pointCount":12,"homeWorkCommuteMedian":6642,"workHomeCommuteMedian":5924},"geometry":{"type":"Polygon","coordinates":[[[132.74744218204847,33.79688028255709],[132.74744218204847,33.805873486194336],[132.7564353856857,33.805873486194336],[132.7564353856857,33.79688028255709],[132.74744218204847,33.79688028255709]]]}},{"type":"Feature","properties":{"jobs":783,"pop":2496,"pointCount":15,"homeWorkCommuteMedian":6149,"workHomeCommuteMedian":3244},"geometry":{"type":"Polygon","coordinates":[[[132.74744218204847,33.805873486194336],[132.74744218204847,33.81486668983158],[132.7564353856857,33.81486668983158],[132.7564353856857,33.805873486194336],[132.74744218204847,33.805873486194336]]]}},{"type":"Feature","properties":{"jobs":2072,"pop":3656,"pointCount":16,"homeWorkCommuteMedian":4885,"workHomeCommuteMedian":6115},"geometry":{"type":"Polygon","coordinates":[[[132.74744218204847,33.81486668983158],[132.74744218204847,33.82385989346883],[132.7564353856857,33.82385989346883],[132.7564353856857,33.81486668983158],[132.74744218204847,33.81486668983158]]]}},{"type":"Feature","properties":{"jobs":2925,"pop":4778,"pointCount":26,"homeWorkCommuteMedian":4489,"workHomeCommuteMedian":5520},"geometry":{"type":"Polygon","coordinates":[[[132.74744218204847,33.82385989346883],[132.74744218204847,33.832853097106074],[132.7564353856857,33.832853097106074],[132.7564353856857,33.82385989346883],[132.74744218204847,33.82385989346883]]]}},{"type":"Feature","properties":{"jobs":10989,"pop":3853,"pointCount":26,"homeWorkCommuteMedian":4943,"workHomeCommuteMedian":6866},"geometry":{"type":"Polygon","coordinates":[[[132.74744218204847,33.832853097106074],[132.74744218204847,33.84184630074332],[132.7564353856857,33.84184630074332],[132.7564353856857,33.832853097106074],[132.74744218204847,33.832853097106074]]]}},{"type":"Feature","properties":{"jobs":8507,"pop":5402,"pointCount":27,"homeWorkCommuteMedian":4550,"workHomeCommuteMedian":6061},"geometry":{"type":"Polygon","coordinates":[[[132.74744218204847,33.84184630074332],[132.74744218204847,33.850839504380566],[132.7564353856857,33.850839504380566],[132.7564353856857,33.84184630074332],[132.74744218204847,33.84184630074332]]]}},{"type":"Feature","properties":{"jobs":4641,"pop":4046,"pointCount":17,"homeWorkCommuteMedian":6277,"workHomeCommuteMedian":5083},"geometry":{"type":"Polygon","coordinates":[[[132.74744218204847,33.850839504380566],[132.74744218204847,33.85983270801781],[132.7564353856857,33.85983270801781],[132.7564353856857,33.850839504380566],[132.74744218204847,33.850839504380566]]]}},{"type":"Feature","properties":{"jobs":3035,"pop":3227,"pointCount":13,"homeWorkCommuteMedian":5273,"workHomeCommuteMedian":7131},"geometry":{"type":"Polygon","coordinates":[[[132.74744218204847,33.85983270801781],[132.74744218204847,33.86882591165506],[132.7564353856857,33.86882591165506],[132.7564353856857,33.85983270801781],[132.74744218204847,33.85983270801781]]]}},{"type":"Feature","properties":{"jobs":2465,"pop":2818,"pointCount":18,"homeWorkCommuteMedian":5398,"workHomeCommuteMedian":7358},"geometry":{"type":"Polygon","coordinates":[[[132.74744218204847,33.86882591165506],[132.74744218204847,33.877819115292304],[132.7564353856857,33.877819115292304],[132.7564353856857,33.86882591165506],[132.74744218204847,33.86882591165506]]]}},{"type":"Feature","properties":{"jobs":1220,"pop":1050,"pointCount":11,"homeWorkCommuteMedian":7621,"workHomeCommuteMedian":6968},"geometry":{"type":"Polygon","coordinates":[[[132.74744218204847,33.877819115292304],[132.74744218204847,33.88681231892955],[132.7564353856857,33.88681231892955],[132.7564353856857,33.877819115292304],[132.74744218204847,33.877819115292304]]]}},{"type":"Feature","properties":{"jobs":849,"pop":630,"pointCount":8,"homeWorkCommuteMedian":7272,"workHomeCommuteMedian":6619},"geometry":{"type":"Polygon","coordinates":[[[132.74744218204847,33.88681231892955],[132.74744218204847,33.895805522566796],[132.7564353856857,33.895805522566796],[132.7564353856857,33.88681231892955],[132.74744218204847,33.88681231892955]]]}},{"type":"Feature","properties":{"jobs":1579,"pop":1553,"pointCount":16,"homeWorkCommuteMedian":8779,"workHomeCommuteMedian":10481},"geometry":{"type":"Polygon","coordinates":[[[132.74744218204847,33.895805522566796],[132.74744218204847,33.90479872620404],[132.7564353856857,33.90479872620404],[132.7564353856857,33.895805522566796],[132.74744218204847,33.895805522566796]]]}},{"type":"Feature","properties":{"jobs":430,"pop":1208,"pointCount":8,"homeWorkCommuteMedian":9036,"workHomeCommuteMedian":12173},"geometry":{"type":"Polygon","coordinates":[[[132.74744218204847,33.90479872620404],[132.74744218204847,33.91379192984129],[132.7564353856857,33.91379192984129],[132.7564353856857,33.90479872620404],[132.74744218204847,33.90479872620404]]]}},{"type":"Feature","properties":{"jobs":0,"pop":15,"pointCount":1,"homeWorkCommuteMedian":31895,"workHomeCommuteMedian":-1},"geometry":{"type":"Polygon","coordinates":[[[132.7564353856857,33.49111135889073],[132.7564353856857,33.50010456252797],[132.76542858932294,33.50010456252797],[132.76542858932294,33.49111135889073],[132.7564353856857,33.49111135889073]]]}},{"type":"Feature","properties":{"jobs":6,"pop":16,"pointCount":2,"homeWorkCommuteMedian":63051,"workHomeCommuteMedian":46562},"geometry":{"type":"Polygon","coordinates":[[[132.7564353856857,33.50010456252797],[132.7564353856857,33.50909776616522],[132.76542858932294,33.50909776616522],[132.76542858932294,33.50010456252797],[132.7564353856857,33.50010456252797]]]}},{"type":"Feature","properties":{"jobs":2,"pop":0,"pointCount":1,"homeWorkCommuteMedian":-1,"workHomeCommuteMedian":27090},"geometry":{"type":"Polygon","coordinates":[[[132.7564353856857,33.50909776616522],[132.7564353856857,33.518090969802465],[132.76542858932294,33.518090969802465],[132.76542858932294,33.50909776616522],[132.7564353856857,33.50909776616522]]]}},{"type":"Feature","properties":{"jobs":17,"pop":25,"pointCount":2,"homeWorkCommuteMedian":22250,"workHomeCommuteMedian":9613},"geometry":{"type":"Polygon","coordinates":[[[132.7564353856857,33.55406378435145],[132.7564353856857,33.563056987988695],[132.76542858932294,33.563056987988695],[132.76542858932294,33.55406378435145],[132.7564353856857,33.55406378435145]]]}},{"type":"Feature","properties":{"jobs":0,"pop":15,"pointCount":1,"homeWorkCommuteMedian":42938,"workHomeCommuteMedian":-1},"geometry":{"type":"Polygon","coordinates":[[[132.7564353856857,33.563056987988695],[132.7564353856857,33.57205019162594],[132.76542858932294,33.57205019162594],[132.76542858932294,33.563056987988695],[132.7564353856857,33.563056987988695]]]}},{"type":"Feature","properties":{"jobs":0,"pop":28,"pointCount":1,"homeWorkCommuteMedian":5077,"workHomeCommuteMedian":-1},"geometry":{"type":"Polygon","coordinates":[[[132.7564353856857,33.57205019162594],[132.7564353856857,33.58104339526319],[132.76542858932294,33.58104339526319],[132.76542858932294,33.57205019162594],[132.7564353856857,33.57205019162594]]]}},{"type":"Feature","properties":{"jobs":33,"pop":38,"pointCount":3,"homeWorkCommuteMedian":24534,"workHomeCommuteMedian":31901},"geometry":{"type":"Polygon","coordinates":[[[132.7564353856857,33.62600941344942],[132.7564353856857,33.63500261708666],[132.76542858932294,33.63500261708666],[132.76542858932294,33.62600941344942],[132.7564353856857,33.62600941344942]]]}},{"type":"Feature","properties":{"jobs":0,"pop":18,"pointCount":1,"homeWorkCommuteMedian":23791,"workHomeCommuteMedian":-1},"geometry":{"type":"Polygon","coordinates":[[[132.7564353856857,33.6619822279984],[132.7564353856857,33.67097543163565],[132.76542858932294,33.67097543163565],[132.76542858932294,33.6619822279984],[132.7564353856857,33.6619822279984]]]}},{"type":"Feature","properties":{"jobs":0,"pop":5,"pointCount":2,"homeWorkCommuteMedian":25402,"workHomeCommuteMedian":-1},"geometry":{"type":"Polygon","coordinates":[[[132.7564353856857,33.70694824618463],[132.7564353856857,33.71594144982188],[132.76542858932294,33.71594144982188],[132.76542858932294,33.70694824618463],[132.7564353856857,33.70694824618463]]]}},{"type":"Feature","properties":{"jobs":34,"pop":50,"pointCount":4,"homeWorkCommuteMedian":8787,"workHomeCommuteMedian":14723},"geometry":{"type":"Polygon","coordinates":[[[132.7564353856857,33.742921060733615],[132.7564353856857,33.75191426437086],[132.76542858932294,33.75191426437086],[132.76542858932294,33.742921060733615],[132.7564353856857,33.742921060733615]]]}},{"type":"Feature","properties":{"jobs":36,"pop":166,"pointCount":2,"homeWorkCommuteMedian":7558,"workHomeCommuteMedian":3532},"geometry":{"type":"Polygon","coordinates":[[[132.7564353856857,33.76990067164535],[132.7564353856857,33.7788938752826],[132.76542858932294,33.7788938752826],[132.76542858932294,33.76990067164535],[132.7564353856857,33.76990067164535]]]}},{"type":"Feature","properties":{"jobs":330,"pop":605,"pointCount":11,"homeWorkCommuteMedian":8368,"workHomeCommuteMedian":7504},"geometry":{"type":"Polygon","coordinates":[[[132.7564353856857,33.7788938752826],[132.7564353856857,33.787887078919844],[132.76542858932294,33.787887078919844],[132.76542858932294,33.7788938752826],[132.7564353856857,33.7788938752826]]]}},{"type":"Feature","properties":{"jobs":106,"pop":696,"pointCount":10,"homeWorkCommuteMedian":7136,"workHomeCommuteMedian":5390},"geometry":{"type":"Polygon","coordinates":[[[132.7564353856857,33.787887078919844],[132.7564353856857,33.79688028255709],[132.76542858932294,33.79688028255709],[132.76542858932294,33.787887078919844],[132.7564353856857,33.787887078919844]]]}},{"type":"Feature","properties":{"jobs":121,"pop":829,"pointCount":6,"homeWorkCommuteMedian":6512,"workHomeCommuteMedian":6380},"geometry":{"type":"Polygon","coordinates":[[[132.7564353856857,33.79688028255709],[132.7564353856857,33.805873486194336],[132.76542858932294,33.805873486194336],[132.76542858932294,33.79688028255709],[132.7564353856857,33.79688028255709]]]}},{"type":"Feature","properties":{"jobs":3295,"pop":4552,"pointCount":22,"homeWorkCommuteMedian":5749,"workHomeCommuteMedian":7226},"geometry":{"type":"Polygon","coordinates":[[[132.7564353856857,33.805873486194336],[132.7564353856857,33.81486668983158],[132.76542858932294,33.81486668983158],[132.76542858932294,33.805873486194336],[132.7564353856857,33.805873486194336]]]}},{"type":"Feature","properties":{"jobs":1526,"pop":3772,"pointCount":16,"homeWorkCommuteMedian":5422,"workHomeCommuteMedian":5516},"geometry":{"type":"Polygon","coordinates":[[[132.7564353856857,33.81486668983158],[132.7564353856857,33.82385989346883],[132.76542858932294,33.82385989346883],[132.76542858932294,33.81486668983158],[132.7564353856857,33.81486668983158]]]}},{"type":"Feature","properties":{"jobs":6900,"pop":3682,"pointCount":24,"homeWorkCommuteMedian":4021,"workHomeCommuteMedian":5641},"geometry":{"type":"Polygon","coordinates":[[[132.7564353856857,33.82385989346883],[132.7564353856857,33.832853097106074],[132.76542858932294,33.832853097106074],[132.76542858932294,33.82385989346883],[132.7564353856857,33.82385989346883]]]}},{"type":"Feature","properties":{"jobs":14486,"pop":3455,"pointCount":31,"homeWorkCommuteMedian":4224,"workHomeCommuteMedian":6176},"geometry":{"type":"Polygon","coordinates":[[[132.7564353856857,33.832853097106074],[132.7564353856857,33.84184630074332],[132.76542858932294,33.84184630074332],[132.76542858932294,33.832853097106074],[132.7564353856857,33.832853097106074]]]}},{"type":"Feature","properties":{"jobs":4460,"pop":5507,"pointCount":24,"homeWorkCommuteMedian":4962,"workHomeCommuteMedian":7200},"geometry":{"type":"Polygon","coordinates":[[[132.7564353856857,33.84184630074332],[132.7564353856857,33.850839504380566],[132.76542858932294,33.850839504380566],[132.76542858932294,33.84184630074332],[132.7564353856857,33.84184630074332]]]}},{"type":"Feature","properties":{"jobs":3300,"pop":6058,"pointCount":23,"homeWorkCommuteMedian":4391,"workHomeCommuteMedian":6362},"geometry":{"type":"Polygon","coordinates":[[[132.7564353856857,33.850839504380566],[132.7564353856857,33.85983270801781],[132.76542858932294,33.85983270801781],[132.76542858932294,33.850839504380566],[132.7564353856857,33.850839504380566]]]}},{"type":"Feature","properties":{"jobs":2536,"pop":2525,"pointCount":15,"homeWorkCommuteMedian":5695,"workHomeCommuteMedian":7514},"geometry":{"type":"Polygon","coordinates":[[[132.7564353856857,33.85983270801781],[132.7564353856857,33.86882591165506],[132.76542858932294,33.86882591165506],[132.76542858932294,33.85983270801781],[132.7564353856857,33.85983270801781]]]}},{"type":"Feature","properties":{"jobs":134,"pop":3765,"pointCount":15,"homeWorkCommuteMedian":4989,"workHomeCommuteMedian":11492},"geometry":{"type":"Polygon","coordinates":[[[132.7564353856857,33.86882591165506],[132.7564353856857,33.877819115292304],[132.76542858932294,33.877819115292304],[132.76542858932294,33.86882591165506],[132.7564353856857,33.86882591165506]]]}},{"type":"Feature","properties":{"jobs":0,"pop":245,"pointCount":1,"homeWorkCommuteMedian":4506,"workHomeCommuteMedian":-1},"geometry":{"type":"Polygon","coordinates":[[[132.7564353856857,33.877819115292304],[132.7564353856857,33.88681231892955],[132.76542858932294,33.88681231892955],[132.76542858932294,33.877819115292304],[132.7564353856857,33.877819115292304]]]}},{"type":"Feature","properties":{"jobs":0,"pop":48,"pointCount":1,"homeWorkCommuteMedian":8442,"workHomeCommuteMedian":-1},"geometry":{"type":"Polygon","coordinates":[[[132.7564353856857,33.88681231892955],[132.7564353856857,33.895805522566796],[132.76542858932294,33.895805522566796],[132.76542858932294,33.88681231892955],[132.7564353856857,33.88681231892955]]]}},{"type":"Feature","properties":{"jobs":997,"pop":711,"pointCount":15,"homeWorkCommuteMedian":9325,"workHomeCommuteMedian":6169},"geometry":{"type":"Polygon","coordinates":[[[132.7564353856857,33.895805522566796],[132.7564353856857,33.90479872620404],[132.76542858932294,33.90479872620404],[132.76542858932294,33.895805522566796],[132.7564353856857,33.895805522566796]]]}},{"type":"Feature","properties":{"jobs":35,"pop":504,"pointCount":5,"homeWorkCommuteMedian":11120,"workHomeCommuteMedian":13344},"geometry":{"type":"Polygon","coordinates":[[[132.7564353856857,33.91379192984129],[132.7564353856857,33.922785133478534],[132.76542858932294,33.922785133478534],[132.76542858932294,33.91379192984129],[132.7564353856857,33.91379192984129]]]}},{"type":"Feature","properties":{"jobs":245,"pop":402,"pointCount":11,"homeWorkCommuteMedian":13297,"workHomeCommuteMedian":15462},"geometry":{"type":"Polygon","coordinates":[[[132.7564353856857,33.922785133478534],[132.7564353856857,33.93177833711578],[132.76542858932294,33.93177833711578],[132.76542858932294,33.922785133478534],[132.7564353856857,33.922785133478534]]]}},{"type":"Feature","properties":{"jobs":119,"pop":547,"pointCount":5,"homeWorkCommuteMedian":11924,"workHomeCommuteMedian":8270},"geometry":{"type":"Polygon","coordinates":[[[132.7564353856857,33.93177833711578],[132.7564353856857,33.940771540753026],[132.76542858932294,33.940771540753026],[132.76542858932294,33.93177833711578],[132.7564353856857,33.93177833711578]]]}},{"type":"Feature","properties":{"jobs":0,"pop":33,"pointCount":1,"homeWorkCommuteMedian":79646,"workHomeCommuteMedian":-1},"geometry":{"type":"Polygon","coordinates":[[[132.76542858932294,33.49111135889073],[132.76542858932294,33.50010456252797],[132.77442179296017,33.50010456252797],[132.77442179296017,33.49111135889073],[132.76542858932294,33.49111135889073]]]}},{"type":"Feature","properties":{"jobs":0,"pop":155,"pointCount":1,"homeWorkCommuteMedian":36782,"workHomeCommuteMedian":-1},"geometry":{"type":"Polygon","coordinates":[[[132.76542858932294,33.518090969802465],[132.76542858932294,33.52708417343971],[132.77442179296017,33.52708417343971],[132.77442179296017,33.518090969802465],[132.76542858932294,33.518090969802465]]]}},{"type":"Feature","properties":{"jobs":10,"pop":77,"pointCount":3,"homeWorkCommuteMedian":43712,"workHomeCommuteMedian":32174},"geometry":{"type":"Polygon","coordinates":[[[132.76542858932294,33.55406378435145],[132.76542858932294,33.563056987988695],[132.77442179296017,33.563056987988695],[132.77442179296017,33.55406378435145],[132.76542858932294,33.55406378435145]]]}},{"type":"Feature","properties":{"jobs":0,"pop":15,"pointCount":1,"homeWorkCommuteMedian":48569,"workHomeCommuteMedian":-1},"geometry":{"type":"Polygon","coordinates":[[[132.76542858932294,33.563056987988695],[132.76542858932294,33.57205019162594],[132.77442179296017,33.57205019162594],[132.77442179296017,33.563056987988695],[132.76542858932294,33.563056987988695]]]}},{"type":"Feature","properties":{"jobs":0,"pop":54,"pointCount":2,"homeWorkCommuteMedian":28947,"workHomeCommuteMedian":-1},"geometry":{"type":"Polygon","coordinates":[[[132.76542858932294,33.57205019162594],[132.76542858932294,33.58104339526319],[132.77442179296017,33.58104339526319],[132.77442179296017,33.57205019162594],[132.76542858932294,33.57205019162594]]]}},{"type":"Feature","properties":{"jobs":0,"pop":12,"pointCount":1,"homeWorkCommuteMedian":62790,"workHomeCommuteMedian":-1},"geometry":{"type":"Polygon","coordinates":[[[132.76542858932294,33.63500261708666],[132.76542858932294,33.64399582072391],[132.77442179296017,33.64399582072391],[132.77442179296017,33.63500261708666],[132.76542858932294,33.63500261708666]]]}},{"type":"Feature","properties":{"jobs":40,"pop":0,"pointCount":1,"homeWorkCommuteMedian":-1,"workHomeCommuteMedian":20887},"geometry":{"type":"Polygon","coordinates":[[[132.76542858932294,33.68896183891014],[132.76542858932294,33.697955042547385],[132.77442179296017,33.697955042547385],[132.77442179296017,33.68896183891014],[132.76542858932294,33.68896183891014]]]}},{"type":"Feature","properties":{"jobs":20,"pop":109,"pointCount":5,"homeWorkCommuteMedian":20510,"workHomeCommuteMedian":15459},"geometry":{"type":"Polygon","coordinates":[[[132.76542858932294,33.72493465345912],[132.76542858932294,33.73392785709637],[132.77442179296017,33.73392785709637],[132.77442179296017,33.72493465345912],[132.76542858932294,33.72493465345912]]]}},{"type":"Feature","properties":{"jobs":51,"pop":53,"pointCount":4,"homeWorkCommuteMedian":6276,"workHomeCommuteMedian":11891},"geometry":{"type":"Polygon","coordinates":[[[132.76542858932294,33.742921060733615],[132.76542858932294,33.75191426437086],[132.77442179296017,33.75191426437086],[132.77442179296017,33.742921060733615],[132.76542858932294,33.742921060733615]]]}},{"type":"Feature","properties":{"jobs":88,"pop":0,"pointCount":1,"homeWorkCommuteMedian":-1,"workHomeCommuteMedian":4774},"geometry":{"type":"Polygon","coordinates":[[[132.76542858932294,33.75191426437086],[132.76542858932294,33.76090746800811],[132.77442179296017,33.76090746800811],[132.77442179296017,33.75191426437086],[132.76542858932294,33.75191426437086]]]}},{"type":"Feature","properties":{"jobs":0,"pop":3,"pointCount":1,"homeWorkCommuteMedian":9394,"workHomeCommuteMedian":-1},"geometry":{"type":"Polygon","coordinates":[[[132.76542858932294,33.76990067164535],[132.76542858932294,33.7788938752826],[132.77442179296017,33.7788938752826],[132.77442179296017,33.76990067164535],[132.76542858932294,33.76990067164535]]]}},{"type":"Feature","properties":{"jobs":1027,"pop":213,"pointCount":8,"homeWorkCommuteMedian":8162,"workHomeCommuteMedian":7363},"geometry":{"type":"Polygon","coordinates":[[[132.76542858932294,33.7788938752826],[132.76542858932294,33.787887078919844],[132.77442179296017,33.787887078919844],[132.77442179296017,33.7788938752826],[132.76542858932294,33.7788938752826]]]}},{"type":"Feature","properties":{"jobs":1071,"pop":46,"pointCount":5,"homeWorkCommuteMedian":5455,"workHomeCommuteMedian":8934},"geometry":{"type":"Polygon","coordinates":[[[132.76542858932294,33.787887078919844],[132.76542858932294,33.79688028255709],[132.77442179296017,33.79688028255709],[132.77442179296017,33.787887078919844],[132.76542858932294,33.787887078919844]]]}},{"type":"Feature","properties":{"jobs":1559,"pop":1861,"pointCount":10,"homeWorkCommuteMedian":6360,"workHomeCommuteMedian":6654},"geometry":{"type":"Polygon","coordinates":[[[132.76542858932294,33.79688028255709],[132.76542858932294,33.805873486194336],[132.77442179296017,33.805873486194336],[132.77442179296017,33.79688028255709],[132.76542858932294,33.79688028255709]]]}},{"type":"Feature","properties":{"jobs":2031,"pop":4760,"pointCount":22,"homeWorkCommuteMedian":6205,"workHomeCommuteMedian":6210},"geometry":{"type":"Polygon","coordinates":[[[132.76542858932294,33.805873486194336],[132.76542858932294,33.81486668983158],[132.77442179296017,33.81486668983158],[132.77442179296017,33.805873486194336],[132.76542858932294,33.805873486194336]]]}},{"type":"Feature","properties":{"jobs":4604,"pop":3529,"pointCount":22,"homeWorkCommuteMedian":5632,"workHomeCommuteMedian":6813},"geometry":{"type":"Polygon","coordinates":[[[132.76542858932294,33.81486668983158],[132.76542858932294,33.82385989346883],[132.77442179296017,33.82385989346883],[132.77442179296017,33.81486668983158],[132.76542858932294,33.81486668983158]]]}},{"type":"Feature","properties":{"jobs":1611,"pop":4950,"pointCount":23,"homeWorkCommuteMedian":4501,"workHomeCommuteMedian":5659},"geometry":{"type":"Polygon","coordinates":[[[132.76542858932294,33.82385989346883],[132.76542858932294,33.832853097106074],[132.77442179296017,33.832853097106074],[132.77442179296017,33.82385989346883],[132.76542858932294,33.82385989346883]]]}},{"type":"Feature","properties":{"jobs":21098,"pop":3554,"pointCount":27,"homeWorkCommuteMedian":4420,"workHomeCommuteMedian":6494},"geometry":{"type":"Polygon","coordinates":[[[132.76542858932294,33.832853097106074],[132.76542858932294,33.84184630074332],[132.77442179296017,33.84184630074332],[132.77442179296017,33.832853097106074],[132.76542858932294,33.832853097106074]]]}},{"type":"Feature","properties":{"jobs":16350,"pop":3393,"pointCount":28,"homeWorkCommuteMedian":5206,"workHomeCommuteMedian":6350},"geometry":{"type":"Polygon","coordinates":[[[132.76542858932294,33.84184630074332],[132.76542858932294,33.850839504380566],[132.77442179296017,33.850839504380566],[132.77442179296017,33.84184630074332],[132.76542858932294,33.84184630074332]]]}},{"type":"Feature","properties":{"jobs":4919,"pop":1127,"pointCount":13,"homeWorkCommuteMedian":6130,"workHomeCommuteMedian":7118},"geometry":{"type":"Polygon","coordinates":[[[132.76542858932294,33.850839504380566],[132.76542858932294,33.85983270801781],[132.77442179296017,33.85983270801781],[132.77442179296017,33.850839504380566],[132.76542858932294,33.850839504380566]]]}},{"type":"Feature","properties":{"jobs":759,"pop":103,"pointCount":2,"homeWorkCommuteMedian":11791,"workHomeCommuteMedian":7246},"geometry":{"type":"Polygon","coordinates":[[[132.76542858932294,33.85983270801781],[132.76542858932294,33.86882591165506],[132.77442179296017,33.86882591165506],[132.77442179296017,33.85983270801781],[132.76542858932294,33.85983270801781]]]}},{"type":"Feature","properties":{"jobs":65,"pop":0,"pointCount":1,"homeWorkCommuteMedian":-1,"workHomeCommuteMedian":6085},"geometry":{"type":"Polygon","coordinates":[[[132.76542858932294,33.86882591165506],[132.76542858932294,33.877819115292304],[132.77442179296017,33.877819115292304],[132.77442179296017,33.86882591165506],[132.76542858932294,33.86882591165506]]]}},{"type":"Feature","properties":{"jobs":49,"pop":22,"pointCount":1,"homeWorkCommuteMedian":7979,"workHomeCommuteMedian":11145},"geometry":{"type":"Polygon","coordinates":[[[132.76542858932294,33.877819115292304],[132.76542858932294,33.88681231892955],[132.77442179296017,33.88681231892955],[132.77442179296017,33.877819115292304],[132.76542858932294,33.877819115292304]]]}},{"type":"Feature","properties":{"jobs":112,"pop":229,"pointCount":3,"homeWorkCommuteMedian":8292,"workHomeCommuteMedian":9709},"geometry":{"type":"Polygon","coordinates":[[[132.76542858932294,33.88681231892955],[132.76542858932294,33.895805522566796],[132.77442179296017,33.895805522566796],[132.77442179296017,33.88681231892955],[132.76542858932294,33.88681231892955]]]}},{"type":"Feature","properties":{"jobs":39,"pop":99,"pointCount":4,"homeWorkCommuteMedian":7680,"workHomeCommuteMedian":58322},"geometry":{"type":"Polygon","coordinates":[[[132.76542858932294,33.895805522566796],[132.76542858932294,33.90479872620404],[132.77442179296017,33.90479872620404],[132.77442179296017,33.895805522566796],[132.76542858932294,33.895805522566796]]]}},{"type":"Feature","properties":{"jobs":738,"pop":170,"pointCount":2,"homeWorkCommuteMedian":9995,"workHomeCommuteMedian":11644},"geometry":{"type":"Polygon","coordinates":[[[132.76542858932294,33.90479872620404],[132.76542858932294,33.91379192984129],[132.77442179296017,33.91379192984129],[132.77442179296017,33.90479872620404],[132.76542858932294,33.90479872620404]]]}},{"type":"Feature","properties":{"jobs":8,"pop":144,"pointCount":6,"homeWorkCommuteMedian":19150,"workHomeCommuteMedian":17276},"geometry":{"type":"Polygon","coordinates":[[[132.76542858932294,33.922785133478534],[132.76542858932294,33.93177833711578],[132.77442179296017,33.93177833711578],[132.77442179296017,33.922785133478534],[132.76542858932294,33.922785133478534]]]}},{"type":"Feature","properties":{"jobs":144,"pop":730,"pointCount":10,"homeWorkCommuteMedian":15518,"workHomeCommuteMedian":17781},"geometry":{"type":"Polygon","coordinates":[[[132.76542858932294,33.93177833711578],[132.76542858932294,33.940771540753026],[132.77442179296017,33.940771540753026],[132.77442179296017,33.93177833711578],[132.76542858932294,33.93177833711578]]]}},{"type":"Feature","properties":{"jobs":896,"pop":1993,"pointCount":14,"homeWorkCommuteMedian":12987,"workHomeCommuteMedian":19169},"geometry":{"type":"Polygon","coordinates":[[[132.76542858932294,33.940771540753026],[132.76542858932294,33.94976474439027],[132.77442179296017,33.94976474439027],[132.77442179296017,33.940771540753026],[132.76542858932294,33.940771540753026]]]}},{"type":"Feature","properties":{"jobs":664,"pop":619,"pointCount":8,"homeWorkCommuteMedian":13694,"workHomeCommuteMedian":13676},"geometry":{"type":"Polygon","coordinates":[[[132.76542858932294,33.94976474439027],[132.76542858932294,33.95875794802752],[132.77442179296017,33.95875794802752],[132.77442179296017,33.94976474439027],[132.76542858932294,33.94976474439027]]]}},{"type":"Feature","properties":{"jobs":608,"pop":661,"pointCount":6,"homeWorkCommuteMedian":15633,"workHomeCommuteMedian":13789},"geometry":{"type":"Polygon","coordinates":[[[132.76542858932294,33.95875794802752],[132.76542858932294,33.967751151664764],[132.77442179296017,33.967751151664764],[132.77442179296017,33.95875794802752],[132.76542858932294,33.95875794802752]]]}},{"type":"Feature","properties":{"jobs":544,"pop":783,"pointCount":5,"homeWorkCommuteMedian":16370,"workHomeCommuteMedian":16405},"geometry":{"type":"Polygon","coordinates":[[[132.76542858932294,33.967751151664764],[132.76542858932294,33.97674435530201],[132.77442179296017,33.97674435530201],[132.77442179296017,33.967751151664764],[132.76542858932294,33.967751151664764]]]}},{"type":"Feature","properties":{"jobs":104,"pop":272,"pointCount":1,"homeWorkCommuteMedian":2087,"workHomeCommuteMedian":8293},"geometry":{"type":"Polygon","coordinates":[[[132.76542858932294,33.97674435530201],[132.76542858932294,33.985737558939256],[132.77442179296017,33.985737558939256],[132.77442179296017,33.97674435530201],[132.76542858932294,33.97674435530201]]]}},{"type":"Feature","properties":{"jobs":2,"pop":36,"pointCount":2,"homeWorkCommuteMedian":56766,"workHomeCommuteMedian":16085},"geometry":{"type":"Polygon","coordinates":[[[132.76542858932294,33.9947307625765],[132.76542858932294,34.00372396621375],[132.77442179296017,34.00372396621375],[132.77442179296017,33.9947307625765],[132.76542858932294,33.9947307625765]]]}},{"type":"Feature","properties":{"jobs":15,"pop":0,"pointCount":1,"homeWorkCommuteMedian":-1,"workHomeCommuteMedian":31980},"geometry":{"type":"Polygon","coordinates":[[[132.77442179296017,33.49111135889073],[132.77442179296017,33.50010456252797],[132.7834149965974,33.50010456252797],[132.7834149965974,33.49111135889073],[132.77442179296017,33.49111135889073]]]}},{"type":"Feature","properties":{"jobs":0,"pop":24,"pointCount":1,"homeWorkCommuteMedian":1091,"workHomeCommuteMedian":-1},"geometry":{"type":"Polygon","coordinates":[[[132.77442179296017,33.563056987988695],[132.77442179296017,33.57205019162594],[132.7834149965974,33.57205019162594],[132.7834149965974,33.563056987988695],[132.77442179296017,33.563056987988695]]]}},{"type":"Feature","properties":{"jobs":19,"pop":20,"pointCount":1,"homeWorkCommuteMedian":79127,"workHomeCommuteMedian":7838},"geometry":{"type":"Polygon","coordinates":[[[132.77442179296017,33.58104339526319],[132.77442179296017,33.59003659890043],[132.7834149965974,33.59003659890043],[132.7834149965974,33.58104339526319],[132.77442179296017,33.58104339526319]]]}},{"type":"Feature","properties":{"jobs":0,"pop":13,"pointCount":1,"homeWorkCommuteMedian":33073,"workHomeCommuteMedian":-1},"geometry":{"type":"Polygon","coordinates":[[[132.77442179296017,33.652989024361155],[132.77442179296017,33.6619822279984],[132.7834149965974,33.6619822279984],[132.7834149965974,33.652989024361155],[132.77442179296017,33.652989024361155]]]}},{"type":"Feature","properties":{"jobs":20,"pop":224,"pointCount":4,"homeWorkCommuteMedian":16758,"workHomeCommuteMedian":7358},"geometry":{"type":"Polygon","coordinates":[[[132.77442179296017,33.72493465345912],[132.77442179296017,33.73392785709637],[132.7834149965974,33.73392785709637],[132.7834149965974,33.72493465345912],[132.77442179296017,33.72493465345912]]]}},{"type":"Feature","properties":{"jobs":19,"pop":420,"pointCount":11,"homeWorkCommuteMedian":6577,"workHomeCommuteMedian":10085},"geometry":{"type":"Polygon","coordinates":[[[132.77442179296017,33.742921060733615],[132.77442179296017,33.75191426437086],[132.7834149965974,33.75191426437086],[132.7834149965974,33.742921060733615],[132.77442179296017,33.742921060733615]]]}},{"type":"Feature","properties":{"jobs":0,"pop":151,"pointCount":2,"homeWorkCommuteMedian":5785,"workHomeCommuteMedian":-1},"geometry":{"type":"Polygon","coordinates":[[[132.77442179296017,33.75191426437086],[132.77442179296017,33.76090746800811],[132.7834149965974,33.76090746800811],[132.7834149965974,33.75191426437086],[132.77442179296017,33.75191426437086]]]}},{"type":"Feature","properties":{"jobs":737,"pop":644,"pointCount":9,"homeWorkCommuteMedian":10748,"workHomeCommuteMedian":7367},"geometry":{"type":"Polygon","coordinates":[[[132.77442179296017,33.7788938752826],[132.77442179296017,33.787887078919844],[132.7834149965974,33.787887078919844],[132.7834149965974,33.7788938752826],[132.77442179296017,33.7788938752826]]]}},{"type":"Feature","properties":{"jobs":853,"pop":212,"pointCount":6,"homeWorkCommuteMedian":10010,"workHomeCommuteMedian":7956},"geometry":{"type":"Polygon","coordinates":[[[132.77442179296017,33.787887078919844],[132.77442179296017,33.79688028255709],[132.7834149965974,33.79688028255709],[132.7834149965974,33.787887078919844],[132.77442179296017,33.787887078919844]]]}},{"type":"Feature","properties":{"jobs":1280,"pop":2028,"pointCount":16,"homeWorkCommuteMedian":7666,"workHomeCommuteMedian":7418},"geometry":{"type":"Polygon","coordinates":[[[132.77442179296017,33.79688028255709],[132.77442179296017,33.805873486194336],[132.7834149965974,33.805873486194336],[132.7834149965974,33.79688028255709],[132.77442179296017,33.79688028255709]]]}},{"type":"Feature","properties":{"jobs":2832,"pop":4271,"pointCount":21,"homeWorkCommuteMedian":6004,"workHomeCommuteMedian":6394},"geometry":{"type":"Polygon","coordinates":[[[132.77442179296017,33.805873486194336],[132.77442179296017,33.81486668983158],[132.7834149965974,33.81486668983158],[132.7834149965974,33.805873486194336],[132.77442179296017,33.805873486194336]]]}},{"type":"Feature","properties":{"jobs":3400,"pop":3626,"pointCount":16,"homeWorkCommuteMedian":4466,"workHomeCommuteMedian":6133},"geometry":{"type":"Polygon","coordinates":[[[132.77442179296017,33.81486668983158],[132.77442179296017,33.82385989346883],[132.7834149965974,33.82385989346883],[132.7834149965974,33.81486668983158],[132.77442179296017,33.81486668983158]]]}},{"type":"Feature","properties":{"jobs":2144,"pop":4314,"pointCount":20,"homeWorkCommuteMedian":5258,"workHomeCommuteMedian":7908},"geometry":{"type":"Polygon","coordinates":[[[132.77442179296017,33.82385989346883],[132.77442179296017,33.832853097106074],[132.7834149965974,33.832853097106074],[132.7834149965974,33.82385989346883],[132.77442179296017,33.82385989346883]]]}},{"type":"Feature","properties":{"jobs":3810,"pop":3742,"pointCount":23,"homeWorkCommuteMedian":4698,"workHomeCommuteMedian":5289},"geometry":{"type":"Polygon","coordinates":[[[132.77442179296017,33.832853097106074],[132.77442179296017,33.84184630074332],[132.7834149965974,33.84184630074332],[132.7834149965974,33.832853097106074],[132.77442179296017,33.832853097106074]]]}},{"type":"Feature","properties":{"jobs":6550,"pop":3911,"pointCount":24,"homeWorkCommuteMedian":5575,"workHomeCommuteMedian":7084},"geometry":{"type":"Polygon","coordinates":[[[132.77442179296017,33.84184630074332],[132.77442179296017,33.850839504380566],[132.7834149965974,33.850839504380566],[132.7834149965974,33.84184630074332],[132.77442179296017,33.84184630074332]]]}},{"type":"Feature","properties":{"jobs":1470,"pop":3372,"pointCount":21,"homeWorkCommuteMedian":6083,"workHomeCommuteMedian":5253},"geometry":{"type":"Polygon","coordinates":[[[132.77442179296017,33.850839504380566],[132.77442179296017,33.85983270801781],[132.7834149965974,33.85983270801781],[132.7834149965974,33.850839504380566],[132.77442179296017,33.850839504380566]]]}},{"type":"Feature","properties":{"jobs":151,"pop":322,"pointCount":3,"homeWorkCommuteMedian":5363,"workHomeCommuteMedian":6730},"geometry":{"type":"Polygon","coordinates":[[[132.77442179296017,33.85983270801781],[132.77442179296017,33.86882591165506],[132.7834149965974,33.86882591165506],[132.7834149965974,33.85983270801781],[132.77442179296017,33.85983270801781]]]}},{"type":"Feature","properties":{"jobs":440,"pop":1101,"pointCount":13,"homeWorkCommuteMedian":8596,"workHomeCommuteMedian":7658},"geometry":{"type":"Polygon","coordinates":[[[132.77442179296017,33.86882591165506],[132.77442179296017,33.877819115292304],[132.7834149965974,33.877819115292304],[132.7834149965974,33.86882591165506],[132.77442179296017,33.86882591165506]]]}},{"type":"Feature","properties":{"jobs":39,"pop":60,"pointCount":2,"homeWorkCommuteMedian":11949,"workHomeCommuteMedian":24353},"geometry":{"type":"Polygon","coordinates":[[[132.77442179296017,33.90479872620404],[132.77442179296017,33.91379192984129],[132.7834149965974,33.91379192984129],[132.7834149965974,33.90479872620404],[132.77442179296017,33.90479872620404]]]}},{"type":"Feature","properties":{"jobs":0,"pop":5,"pointCount":1,"homeWorkCommuteMedian":15231,"workHomeCommuteMedian":-1},"geometry":{"type":"Polygon","coordinates":[[[132.77442179296017,33.91379192984129],[132.77442179296017,33.922785133478534],[132.7834149965974,33.922785133478534],[132.7834149965974,33.91379192984129],[132.77442179296017,33.91379192984129]]]}},{"type":"Feature","properties":{"jobs":0,"pop":101,"pointCount":1,"homeWorkCommuteMedian":15243,"workHomeCommuteMedian":-1},"geometry":{"type":"Polygon","coordinates":[[[132.77442179296017,33.922785133478534],[132.77442179296017,33.93177833711578],[132.7834149965974,33.93177833711578],[132.7834149965974,33.922785133478534],[132.77442179296017,33.922785133478534]]]}},{"type":"Feature","properties":{"jobs":436,"pop":370,"pointCount":8,"homeWorkCommuteMedian":13791,"workHomeCommuteMedian":1623},"geometry":{"type":"Polygon","coordinates":[[[132.77442179296017,33.93177833711578],[132.77442179296017,33.940771540753026],[132.7834149965974,33.940771540753026],[132.7834149965974,33.93177833711578],[132.77442179296017,33.93177833711578]]]}},{"type":"Feature","properties":{"jobs":419,"pop":187,"pointCount":9,"homeWorkCommuteMedian":13527,"workHomeCommuteMedian":4710},"geometry":{"type":"Polygon","coordinates":[[[132.77442179296017,33.940771540753026],[132.77442179296017,33.94976474439027],[132.7834149965974,33.94976474439027],[132.7834149965974,33.940771540753026],[132.77442179296017,33.940771540753026]]]}},{"type":"Feature","properties":{"jobs":182,"pop":166,"pointCount":10,"homeWorkCommuteMedian":14936,"workHomeCommuteMedian":18187},"geometry":{"type":"Polygon","coordinates":[[[132.77442179296017,33.94976474439027],[132.77442179296017,33.95875794802752],[132.7834149965974,33.95875794802752],[132.7834149965974,33.94976474439027],[132.77442179296017,33.94976474439027]]]}},{"type":"Feature","properties":{"jobs":1334,"pop":606,"pointCount":11,"homeWorkCommuteMedian":20449,"workHomeCommuteMedian":15377},"geometry":{"type":"Polygon","coordinates":[[[132.77442179296017,33.95875794802752],[132.77442179296017,33.967751151664764],[132.7834149965974,33.967751151664764],[132.7834149965974,33.95875794802752],[132.77442179296017,33.95875794802752]]]}},{"type":"Feature","properties":{"jobs":3059,"pop":1709,"pointCount":16,"homeWorkCommuteMedian":17442,"workHomeCommuteMedian":14563},"geometry":{"type":"Polygon","coordinates":[[[132.77442179296017,33.967751151664764],[132.77442179296017,33.97674435530201],[132.7834149965974,33.97674435530201],[132.7834149965974,33.967751151664764],[132.77442179296017,33.967751151664764]]]}},{"type":"Feature","properties":{"jobs":745,"pop":1055,"pointCount":13,"homeWorkCommuteMedian":19631,"workHomeCommuteMedian":20771},"geometry":{"type":"Polygon","coordinates":[[[132.77442179296017,33.97674435530201],[132.77442179296017,33.985737558939256],[132.7834149965974,33.985737558939256],[132.7834149965974,33.97674435530201],[132.77442179296017,33.97674435530201]]]}},{"type":"Feature","properties":{"jobs":263,"pop":204,"pointCount":7,"homeWorkCommuteMedian":19204,"workHomeCommuteMedian":17740},"geometry":{"type":"Polygon","coordinates":[[[132.77442179296017,33.985737558939256],[132.77442179296017,33.9947307625765],[132.7834149965974,33.9947307625765],[132.7834149965974,33.985737558939256],[132.77442179296017,33.985737558939256]]]}},{"type":"Feature","properties":{"jobs":0,"pop":58,"pointCount":2,"homeWorkCommuteMedian":18273,"workHomeCommuteMedian":-1},"geometry":{"type":"Polygon","coordinates":[[[132.77442179296017,33.9947307625765],[132.77442179296017,34.00372396621375],[132.7834149965974,34.00372396621375],[132.7834149965974,33.9947307625765],[132.77442179296017,33.9947307625765]]]}},{"type":"Feature","properties":{"jobs":28,"pop":0,"pointCount":1,"homeWorkCommuteMedian":-1,"workHomeCommuteMedian":53679},"geometry":{"type":"Polygon","coordinates":[[[132.7834149965974,33.49111135889073],[132.7834149965974,33.50010456252797],[132.79240820023463,33.50010456252797],[132.79240820023463,33.49111135889073],[132.7834149965974,33.49111135889073]]]}},{"type":"Feature","properties":{"jobs":0,"pop":11,"pointCount":1,"homeWorkCommuteMedian":46647,"workHomeCommuteMedian":-1},"geometry":{"type":"Polygon","coordinates":[[[132.7834149965974,33.53607737707696],[132.7834149965974,33.5450705807142],[132.79240820023463,33.5450705807142],[132.79240820023463,33.53607737707696],[132.7834149965974,33.53607737707696]]]}},{"type":"Feature","properties":{"jobs":3,"pop":0,"pointCount":1,"homeWorkCommuteMedian":-1,"workHomeCommuteMedian":11378},"geometry":{"type":"Polygon","coordinates":[[[132.7834149965974,33.55406378435145],[132.7834149965974,33.563056987988695],[132.79240820023463,33.563056987988695],[132.79240820023463,33.55406378435145],[132.7834149965974,33.55406378435145]]]}},{"type":"Feature","properties":{"jobs":218,"pop":72,"pointCount":6,"homeWorkCommuteMedian":22589,"workHomeCommuteMedian":19809},"geometry":{"type":"Polygon","coordinates":[[[132.7834149965974,33.563056987988695],[132.7834149965974,33.57205019162594],[132.79240820023463,33.57205019162594],[132.79240820023463,33.563056987988695],[132.7834149965974,33.563056987988695]]]}},{"type":"Feature","properties":{"jobs":0,"pop":23,"pointCount":2,"homeWorkCommuteMedian":36513,"workHomeCommuteMedian":-1},"geometry":{"type":"Polygon","coordinates":[[[132.7834149965974,33.58104339526319],[132.7834149965974,33.59003659890043],[132.79240820023463,33.59003659890043],[132.79240820023463,33.58104339526319],[132.7834149965974,33.58104339526319]]]}},{"type":"Feature","properties":{"jobs":26,"pop":45,"pointCount":1,"homeWorkCommuteMedian":35397,"workHomeCommuteMedian":9676},"geometry":{"type":"Polygon","coordinates":[[[132.7834149965974,33.59902980253768],[132.7834149965974,33.608023006174925],[132.79240820023463,33.608023006174925],[132.79240820023463,33.59902980253768],[132.7834149965974,33.59902980253768]]]}},{"type":"Feature","properties":{"jobs":6,"pop":0,"pointCount":1,"homeWorkCommuteMedian":-1,"workHomeCommuteMedian":26570},"geometry":{"type":"Polygon","coordinates":[[[132.7834149965974,33.64399582072391],[132.7834149965974,33.652989024361155],[132.79240820023463,33.652989024361155],[132.79240820023463,33.64399582072391],[132.7834149965974,33.64399582072391]]]}},{"type":"Feature","properties":{"jobs":0,"pop":12,"pointCount":1,"homeWorkCommuteMedian":19382,"workHomeCommuteMedian":-1},"geometry":{"type":"Polygon","coordinates":[[[132.7834149965974,33.6619822279984],[132.7834149965974,33.67097543163565],[132.79240820023463,33.67097543163565],[132.79240820023463,33.6619822279984],[132.7834149965974,33.6619822279984]]]}},{"type":"Feature","properties":{"jobs":0,"pop":17,"pointCount":1,"homeWorkCommuteMedian":27986,"workHomeCommuteMedian":-1},"geometry":{"type":"Polygon","coordinates":[[[132.7834149965974,33.67097543163565],[132.7834149965974,33.67996863527289],[132.79240820023463,33.67996863527289],[132.79240820023463,33.67097543163565],[132.7834149965974,33.67097543163565]]]}},{"type":"Feature","properties":{"jobs":0,"pop":12,"pointCount":1,"homeWorkCommuteMedian":6544,"workHomeCommuteMedian":-1},"geometry":{"type":"Polygon","coordinates":[[[132.7834149965974,33.697955042547385],[132.7834149965974,33.70694824618463],[132.79240820023463,33.70694824618463],[132.79240820023463,33.697955042547385],[132.7834149965974,33.697955042547385]]]}},{"type":"Feature","properties":{"jobs":143,"pop":1173,"pointCount":13,"homeWorkCommuteMedian":13034,"workHomeCommuteMedian":13304},"geometry":{"type":"Polygon","coordinates":[[[132.7834149965974,33.72493465345912],[132.7834149965974,33.73392785709637],[132.79240820023463,33.73392785709637],[132.79240820023463,33.72493465345912],[132.7834149965974,33.72493465345912]]]}},{"type":"Feature","properties":{"jobs":847,"pop":1202,"pointCount":18,"homeWorkCommuteMedian":12658,"workHomeCommuteMedian":7214},"geometry":{"type":"Polygon","coordinates":[[[132.7834149965974,33.73392785709637],[132.7834149965974,33.742921060733615],[132.79240820023463,33.742921060733615],[132.79240820023463,33.73392785709637],[132.7834149965974,33.73392785709637]]]}},{"type":"Feature","properties":{"jobs":780,"pop":1359,"pointCount":18,"homeWorkCommuteMedian":9086,"workHomeCommuteMedian":4424},"geometry":{"type":"Polygon","coordinates":[[[132.7834149965974,33.742921060733615],[132.7834149965974,33.75191426437086],[132.79240820023463,33.75191426437086],[132.79240820023463,33.742921060733615],[132.7834149965974,33.742921060733615]]]}},{"type":"Feature","properties":{"jobs":481,"pop":1472,"pointCount":19,"homeWorkCommuteMedian":7636,"workHomeCommuteMedian":3867},"geometry":{"type":"Polygon","coordinates":[[[132.7834149965974,33.75191426437086],[132.7834149965974,33.76090746800811],[132.79240820023463,33.76090746800811],[132.79240820023463,33.75191426437086],[132.7834149965974,33.75191426437086]]]}},{"type":"Feature","properties":{"jobs":1172,"pop":184,"pointCount":7,"homeWorkCommuteMedian":11513,"workHomeCommuteMedian":8807},"geometry":{"type":"Polygon","coordinates":[[[132.7834149965974,33.76090746800811],[132.7834149965974,33.76990067164535],[132.79240820023463,33.76990067164535],[132.79240820023463,33.76090746800811],[132.7834149965974,33.76090746800811]]]}},{"type":"Feature","properties":{"jobs":509,"pop":973,"pointCount":15,"homeWorkCommuteMedian":7905,"workHomeCommuteMedian":8871},"geometry":{"type":"Polygon","coordinates":[[[132.7834149965974,33.76990067164535],[132.7834149965974,33.7788938752826],[132.79240820023463,33.7788938752826],[132.79240820023463,33.76990067164535],[132.7834149965974,33.76990067164535]]]}},{"type":"Feature","properties":{"jobs":1982,"pop":492,"pointCount":13,"homeWorkCommuteMedian":6659,"workHomeCommuteMedian":6022},"geometry":{"type":"Polygon","coordinates":[[[132.7834149965974,33.7788938752826],[132.7834149965974,33.787887078919844],[132.79240820023463,33.787887078919844],[132.79240820023463,33.7788938752826],[132.7834149965974,33.7788938752826]]]}},{"type":"Feature","properties":{"jobs":1435,"pop":3062,"pointCount":13,"homeWorkCommuteMedian":6825,"workHomeCommuteMedian":7964},"geometry":{"type":"Polygon","coordinates":[[[132.7834149965974,33.787887078919844],[132.7834149965974,33.79688028255709],[132.79240820023463,33.79688028255709],[132.79240820023463,33.787887078919844],[132.7834149965974,33.787887078919844]]]}},{"type":"Feature","properties":{"jobs":1908,"pop":3036,"pointCount":20,"homeWorkCommuteMedian":6890,"workHomeCommuteMedian":8262},"geometry":{"type":"Polygon","coordinates":[[[132.7834149965974,33.79688028255709],[132.7834149965974,33.805873486194336],[132.79240820023463,33.805873486194336],[132.79240820023463,33.79688028255709],[132.7834149965974,33.79688028255709]]]}},{"type":"Feature","properties":{"jobs":1789,"pop":3908,"pointCount":23,"homeWorkCommuteMedian":6192,"workHomeCommuteMedian":7319},"geometry":{"type":"Polygon","coordinates":[[[132.7834149965974,33.805873486194336],[132.7834149965974,33.81486668983158],[132.79240820023463,33.81486668983158],[132.79240820023463,33.805873486194336],[132.7834149965974,33.805873486194336]]]}},{"type":"Feature","properties":{"jobs":3514,"pop":1811,"pointCount":12,"homeWorkCommuteMedian":4909,"workHomeCommuteMedian":4661},"geometry":{"type":"Polygon","coordinates":[[[132.7834149965974,33.81486668983158],[132.7834149965974,33.82385989346883],[132.79240820023463,33.82385989346883],[132.79240820023463,33.81486668983158],[132.7834149965974,33.81486668983158]]]}},{"type":"Feature","properties":{"jobs":3539,"pop":3492,"pointCount":26,"homeWorkCommuteMedian":5077,"workHomeCommuteMedian":6074},"geometry":{"type":"Polygon","coordinates":[[[132.7834149965974,33.82385989346883],[132.7834149965974,33.832853097106074],[132.79240820023463,33.832853097106074],[132.79240820023463,33.82385989346883],[132.7834149965974,33.82385989346883]]]}},{"type":"Feature","properties":{"jobs":3573,"pop":4108,"pointCount":22,"homeWorkCommuteMedian":6254,"workHomeCommuteMedian":7820},"geometry":{"type":"Polygon","coordinates":[[[132.7834149965974,33.832853097106074],[132.7834149965974,33.84184630074332],[132.79240820023463,33.84184630074332],[132.79240820023463,33.832853097106074],[132.7834149965974,33.832853097106074]]]}},{"type":"Feature","properties":{"jobs":2964,"pop":4319,"pointCount":22,"homeWorkCommuteMedian":4972,"workHomeCommuteMedian":5153},"geometry":{"type":"Polygon","coordinates":[[[132.7834149965974,33.84184630074332],[132.7834149965974,33.850839504380566],[132.79240820023463,33.850839504380566],[132.79240820023463,33.84184630074332],[132.7834149965974,33.84184630074332]]]}},{"type":"Feature","properties":{"jobs":5037,"pop":1386,"pointCount":11,"homeWorkCommuteMedian":4214,"workHomeCommuteMedian":7162},"geometry":{"type":"Polygon","coordinates":[[[132.7834149965974,33.850839504380566],[132.7834149965974,33.85983270801781],[132.79240820023463,33.85983270801781],[132.79240820023463,33.850839504380566],[132.7834149965974,33.850839504380566]]]}},{"type":"Feature","properties":{"jobs":91,"pop":1703,"pointCount":10,"homeWorkCommuteMedian":8193,"workHomeCommuteMedian":11378},"geometry":{"type":"Polygon","coordinates":[[[132.7834149965974,33.85983270801781],[132.7834149965974,33.86882591165506],[132.79240820023463,33.86882591165506],[132.79240820023463,33.85983270801781],[132.7834149965974,33.85983270801781]]]}},{"type":"Feature","properties":{"jobs":139,"pop":476,"pointCount":10,"homeWorkCommuteMedian":8841,"workHomeCommuteMedian":10142},"geometry":{"type":"Polygon","coordinates":[[[132.7834149965974,33.86882591165506],[132.7834149965974,33.877819115292304],[132.79240820023463,33.877819115292304],[132.79240820023463,33.86882591165506],[132.7834149965974,33.86882591165506]]]}},{"type":"Feature","properties":{"jobs":19,"pop":10,"pointCount":1,"homeWorkCommuteMedian":5612,"workHomeCommuteMedian":8897},"geometry":{"type":"Polygon","coordinates":[[[132.7834149965974,33.877819115292304],[132.7834149965974,33.88681231892955],[132.79240820023463,33.88681231892955],[132.79240820023463,33.877819115292304],[132.7834149965974,33.877819115292304]]]}},{"type":"Feature","properties":{"jobs":0,"pop":36,"pointCount":1,"homeWorkCommuteMedian":12689,"workHomeCommuteMedian":-1},"geometry":{"type":"Polygon","coordinates":[[[132.7834149965974,33.895805522566796],[132.7834149965974,33.90479872620404],[132.79240820023463,33.90479872620404],[132.79240820023463,33.895805522566796],[132.7834149965974,33.895805522566796]]]}},{"type":"Feature","properties":{"jobs":8,"pop":0,"pointCount":1,"homeWorkCommuteMedian":-1,"workHomeCommuteMedian":12920},"geometry":{"type":"Polygon","coordinates":[[[132.7834149965974,33.90479872620404],[132.7834149965974,33.91379192984129],[132.79240820023463,33.91379192984129],[132.79240820023463,33.90479872620404],[132.7834149965974,33.90479872620404]]]}},{"type":"Feature","properties":{"jobs":17,"pop":142,"pointCount":6,"homeWorkCommuteMedian":14463,"workHomeCommuteMedian":7680},"geometry":{"type":"Polygon","coordinates":[[[132.7834149965974,33.922785133478534],[132.7834149965974,33.93177833711578],[132.79240820023463,33.93177833711578],[132.79240820023463,33.922785133478534],[132.7834149965974,33.922785133478534]]]}},{"type":"Feature","properties":{"jobs":53,"pop":239,"pointCount":8,"homeWorkCommuteMedian":15746,"workHomeCommuteMedian":19596},"geometry":{"type":"Polygon","coordinates":[[[132.7834149965974,33.940771540753026],[132.7834149965974,33.94976474439027],[132.79240820023463,33.94976474439027],[132.79240820023463,33.940771540753026],[132.7834149965974,33.940771540753026]]]}},{"type":"Feature","properties":{"jobs":277,"pop":230,"pointCount":6,"homeWorkCommuteMedian":18724,"workHomeCommuteMedian":1599},"geometry":{"type":"Polygon","coordinates":[[[132.7834149965974,33.94976474439027],[132.7834149965974,33.95875794802752],[132.79240820023463,33.95875794802752],[132.79240820023463,33.94976474439027],[132.7834149965974,33.94976474439027]]]}},{"type":"Feature","properties":{"jobs":0,"pop":332,"pointCount":7,"homeWorkCommuteMedian":16987,"workHomeCommuteMedian":-1},"geometry":{"type":"Polygon","coordinates":[[[132.7834149965974,33.95875794802752],[132.7834149965974,33.967751151664764],[132.79240820023463,33.967751151664764],[132.79240820023463,33.95875794802752],[132.7834149965974,33.95875794802752]]]}},{"type":"Feature","properties":{"jobs":131,"pop":293,"pointCount":7,"homeWorkCommuteMedian":13656,"workHomeCommuteMedian":16298},"geometry":{"type":"Polygon","coordinates":[[[132.7834149965974,33.967751151664764],[132.7834149965974,33.97674435530201],[132.79240820023463,33.97674435530201],[132.79240820023463,33.967751151664764],[132.7834149965974,33.967751151664764]]]}},{"type":"Feature","properties":{"jobs":173,"pop":449,"pointCount":8,"homeWorkCommuteMedian":19248,"workHomeCommuteMedian":18107},"geometry":{"type":"Polygon","coordinates":[[[132.7834149965974,33.97674435530201],[132.7834149965974,33.985737558939256],[132.79240820023463,33.985737558939256],[132.79240820023463,33.97674435530201],[132.7834149965974,33.97674435530201]]]}},{"type":"Feature","properties":{"jobs":0,"pop":27,"pointCount":2,"homeWorkCommuteMedian":20701,"workHomeCommuteMedian":-1},"geometry":{"type":"Polygon","coordinates":[[[132.7834149965974,33.985737558939256],[132.7834149965974,33.9947307625765],[132.79240820023463,33.9947307625765],[132.79240820023463,33.985737558939256],[132.7834149965974,33.985737558939256]]]}},{"type":"Feature","properties":{"jobs":84,"pop":0,"pointCount":1,"homeWorkCommuteMedian":-1,"workHomeCommuteMedian":7922},"geometry":{"type":"Polygon","coordinates":[[[132.7834149965974,33.9947307625765],[132.7834149965974,34.00372396621375],[132.79240820023463,34.00372396621375],[132.79240820023463,33.9947307625765],[132.7834149965974,33.9947307625765]]]}},{"type":"Feature","properties":{"jobs":12,"pop":0,"pointCount":1,"homeWorkCommuteMedian":-1,"workHomeCommuteMedian":19676},"geometry":{"type":"Polygon","coordinates":[[[132.7834149965974,34.00372396621375],[132.7834149965974,34.012717169850994],[132.79240820023463,34.012717169850994],[132.79240820023463,34.00372396621375],[132.7834149965974,34.00372396621375]]]}},{"type":"Feature","properties":{"jobs":15,"pop":0,"pointCount":1,"homeWorkCommuteMedian":-1,"workHomeCommuteMedian":62367},"geometry":{"type":"Polygon","coordinates":[[[132.79240820023463,33.50909776616522],[132.79240820023463,33.518090969802465],[132.80140140387186,33.518090969802465],[132.80140140387186,33.50909776616522],[132.79240820023463,33.50909776616522]]]}},{"type":"Feature","properties":{"jobs":0,"pop":12,"pointCount":1,"homeWorkCommuteMedian":42968,"workHomeCommuteMedian":-1},"geometry":{"type":"Polygon","coordinates":[[[132.79240820023463,33.53607737707696],[132.79240820023463,33.5450705807142],[132.80140140387186,33.5450705807142],[132.80140140387186,33.53607737707696],[132.79240820023463,33.53607737707696]]]}},{"type":"Feature","properties":{"jobs":212,"pop":111,"pointCount":7,"homeWorkCommuteMedian":19625,"workHomeCommuteMedian":20150},"geometry":{"type":"Polygon","coordinates":[[[132.79240820023463,33.563056987988695],[132.79240820023463,33.57205019162594],[132.80140140387186,33.57205019162594],[132.80140140387186,33.563056987988695],[132.79240820023463,33.563056987988695]]]}},{"type":"Feature","properties":{"jobs":170,"pop":102,"pointCount":9,"homeWorkCommuteMedian":22308,"workHomeCommuteMedian":22357},"geometry":{"type":"Polygon","coordinates":[[[132.79240820023463,33.62600941344942],[132.79240820023463,33.63500261708666],[132.80140140387186,33.63500261708666],[132.80140140387186,33.62600941344942],[132.79240820023463,33.62600941344942]]]}},{"type":"Feature","properties":{"jobs":38,"pop":0,"pointCount":2,"homeWorkCommuteMedian":-1,"workHomeCommuteMedian":30338},"geometry":{"type":"Polygon","coordinates":[[[132.79240820023463,33.63500261708666],[132.79240820023463,33.64399582072391],[132.80140140387186,33.64399582072391],[132.80140140387186,33.63500261708666],[132.79240820023463,33.63500261708666]]]}},{"type":"Feature","properties":{"jobs":45,"pop":31,"pointCount":4,"homeWorkCommuteMedian":21318,"workHomeCommuteMedian":22960},"geometry":{"type":"Polygon","coordinates":[[[132.79240820023463,33.6619822279984],[132.79240820023463,33.67097543163565],[132.80140140387186,33.67097543163565],[132.80140140387186,33.6619822279984],[132.79240820023463,33.6619822279984]]]}},{"type":"Feature","properties":{"jobs":0,"pop":11,"pointCount":1,"homeWorkCommuteMedian":7555,"workHomeCommuteMedian":-1},"geometry":{"type":"Polygon","coordinates":[[[132.79240820023463,33.697955042547385],[132.79240820023463,33.70694824618463],[132.80140140387186,33.70694824618463],[132.80140140387186,33.697955042547385],[132.79240820023463,33.697955042547385]]]}},{"type":"Feature","properties":{"jobs":12,"pop":54,"pointCount":3,"homeWorkCommuteMedian":19958,"workHomeCommuteMedian":17822},"geometry":{"type":"Polygon","coordinates":[[[132.79240820023463,33.71594144982188],[132.79240820023463,33.72493465345912],[132.80140140387186,33.72493465345912],[132.80140140387186,33.71594144982188],[132.79240820023463,33.71594144982188]]]}},{"type":"Feature","properties":{"jobs":96,"pop":136,"pointCount":9,"homeWorkCommuteMedian":15620,"workHomeCommuteMedian":15391},"geometry":{"type":"Polygon","coordinates":[[[132.79240820023463,33.72493465345912],[132.79240820023463,33.73392785709637],[132.80140140387186,33.73392785709637],[132.80140140387186,33.72493465345912],[132.79240820023463,33.72493465345912]]]}},{"type":"Feature","properties":{"jobs":867,"pop":604,"pointCount":12,"homeWorkCommuteMedian":9575,"workHomeCommuteMedian":13519},"geometry":{"type":"Polygon","coordinates":[[[132.79240820023463,33.73392785709637],[132.79240820023463,33.742921060733615],[132.80140140387186,33.742921060733615],[132.80140140387186,33.73392785709637],[132.79240820023463,33.73392785709637]]]}},{"type":"Feature","properties":{"jobs":302,"pop":470,"pointCount":8,"homeWorkCommuteMedian":16859,"workHomeCommuteMedian":11056},"geometry":{"type":"Polygon","coordinates":[[[132.79240820023463,33.742921060733615],[132.79240820023463,33.75191426437086],[132.80140140387186,33.75191426437086],[132.80140140387186,33.742921060733615],[132.79240820023463,33.742921060733615]]]}},{"type":"Feature","properties":{"jobs":40,"pop":20,"pointCount":3,"homeWorkCommuteMedian":5432,"workHomeCommuteMedian":8290},"geometry":{"type":"Polygon","coordinates":[[[132.79240820023463,33.75191426437086],[132.79240820023463,33.76090746800811],[132.80140140387186,33.76090746800811],[132.80140140387186,33.75191426437086],[132.79240820023463,33.75191426437086]]]}},{"type":"Feature","properties":{"jobs":2652,"pop":206,"pointCount":9,"homeWorkCommuteMedian":7526,"workHomeCommuteMedian":10581},"geometry":{"type":"Polygon","coordinates":[[[132.79240820023463,33.76090746800811],[132.79240820023463,33.76990067164535],[132.80140140387186,33.76990067164535],[132.80140140387186,33.76090746800811],[132.79240820023463,33.76090746800811]]]}},{"type":"Feature","properties":{"jobs":244,"pop":2268,"pointCount":14,"homeWorkCommuteMedian":8255,"workHomeCommuteMedian":9500},"geometry":{"type":"Polygon","coordinates":[[[132.79240820023463,33.76990067164535],[132.79240820023463,33.7788938752826],[132.80140140387186,33.7788938752826],[132.80140140387186,33.76990067164535],[132.79240820023463,33.76990067164535]]]}},{"type":"Feature","properties":{"jobs":795,"pop":1360,"pointCount":9,"homeWorkCommuteMedian":6078,"workHomeCommuteMedian":5378},"geometry":{"type":"Polygon","coordinates":[[[132.79240820023463,33.7788938752826],[132.79240820023463,33.787887078919844],[132.80140140387186,33.787887078919844],[132.80140140387186,33.7788938752826],[132.79240820023463,33.7788938752826]]]}},{"type":"Feature","properties":{"jobs":1769,"pop":1154,"pointCount":11,"homeWorkCommuteMedian":7758,"workHomeCommuteMedian":3671},"geometry":{"type":"Polygon","coordinates":[[[132.79240820023463,33.787887078919844],[132.79240820023463,33.79688028255709],[132.80140140387186,33.79688028255709],[132.80140140387186,33.787887078919844],[132.79240820023463,33.787887078919844]]]}},{"type":"Feature","properties":{"jobs":838,"pop":1168,"pointCount":8,"homeWorkCommuteMedian":7110,"workHomeCommuteMedian":7404},"geometry":{"type":"Polygon","coordinates":[[[132.79240820023463,33.79688028255709],[132.79240820023463,33.805873486194336],[132.80140140387186,33.805873486194336],[132.80140140387186,33.79688028255709],[132.79240820023463,33.79688028255709]]]}},{"type":"Feature","properties":{"jobs":3554,"pop":2652,"pointCount":14,"homeWorkCommuteMedian":5547,"workHomeCommuteMedian":6715},"geometry":{"type":"Polygon","coordinates":[[[132.79240820023463,33.805873486194336],[132.79240820023463,33.81486668983158],[132.80140140387186,33.81486668983158],[132.80140140387186,33.805873486194336],[132.79240820023463,33.805873486194336]]]}},{"type":"Feature","properties":{"jobs":1573,"pop":2686,"pointCount":15,"homeWorkCommuteMedian":6235,"workHomeCommuteMedian":3968},"geometry":{"type":"Polygon","coordinates":[[[132.79240820023463,33.81486668983158],[132.79240820023463,33.82385989346883],[132.80140140387186,33.82385989346883],[132.80140140387186,33.81486668983158],[132.79240820023463,33.81486668983158]]]}},{"type":"Feature","properties":{"jobs":1983,"pop":3519,"pointCount":21,"homeWorkCommuteMedian":6774,"workHomeCommuteMedian":8153},"geometry":{"type":"Polygon","coordinates":[[[132.79240820023463,33.82385989346883],[132.79240820023463,33.832853097106074],[132.80140140387186,33.832853097106074],[132.80140140387186,33.82385989346883],[132.79240820023463,33.82385989346883]]]}},{"type":"Feature","properties":{"jobs":2270,"pop":3100,"pointCount":18,"homeWorkCommuteMedian":6736,"workHomeCommuteMedian":5736},"geometry":{"type":"Polygon","coordinates":[[[132.79240820023463,33.832853097106074],[132.79240820023463,33.84184630074332],[132.80140140387186,33.84184630074332],[132.80140140387186,33.832853097106074],[132.79240820023463,33.832853097106074]]]}},{"type":"Feature","properties":{"jobs":1508,"pop":1285,"pointCount":13,"homeWorkCommuteMedian":7195,"workHomeCommuteMedian":8697},"geometry":{"type":"Polygon","coordinates":[[[132.79240820023463,33.84184630074332],[132.79240820023463,33.850839504380566],[132.80140140387186,33.850839504380566],[132.80140140387186,33.84184630074332],[132.79240820023463,33.84184630074332]]]}},{"type":"Feature","properties":{"jobs":0,"pop":22,"pointCount":1,"homeWorkCommuteMedian":4368,"workHomeCommuteMedian":-1},"geometry":{"type":"Polygon","coordinates":[[[132.79240820023463,33.850839504380566],[132.79240820023463,33.85983270801781],[132.80140140387186,33.85983270801781],[132.80140140387186,33.850839504380566],[132.79240820023463,33.850839504380566]]]}},{"type":"Feature","properties":{"jobs":577,"pop":119,"pointCount":8,"homeWorkCommuteMedian":9549,"workHomeCommuteMedian":6870},"geometry":{"type":"Polygon","coordinates":[[[132.79240820023463,33.86882591165506],[132.79240820023463,33.877819115292304],[132.80140140387186,33.877819115292304],[132.80140140387186,33.86882591165506],[132.79240820023463,33.86882591165506]]]}},{"type":"Feature","properties":{"jobs":22,"pop":72,"pointCount":4,"homeWorkCommuteMedian":7582,"workHomeCommuteMedian":11482},"geometry":{"type":"Polygon","coordinates":[[[132.79240820023463,33.877819115292304],[132.79240820023463,33.88681231892955],[132.80140140387186,33.88681231892955],[132.80140140387186,33.877819115292304],[132.79240820023463,33.877819115292304]]]}},{"type":"Feature","properties":{"jobs":0,"pop":27,"pointCount":1,"homeWorkCommuteMedian":9223,"workHomeCommuteMedian":-1},"geometry":{"type":"Polygon","coordinates":[[[132.79240820023463,33.88681231892955],[132.79240820023463,33.895805522566796],[132.80140140387186,33.895805522566796],[132.80140140387186,33.88681231892955],[132.79240820023463,33.88681231892955]]]}},{"type":"Feature","properties":{"jobs":0,"pop":51,"pointCount":2,"homeWorkCommuteMedian":73275,"workHomeCommuteMedian":-1},"geometry":{"type":"Polygon","coordinates":[[[132.79240820023463,33.91379192984129],[132.79240820023463,33.922785133478534],[132.80140140387186,33.922785133478534],[132.80140140387186,33.91379192984129],[132.79240820023463,33.91379192984129]]]}},{"type":"Feature","properties":{"jobs":0,"pop":27,"pointCount":1,"homeWorkCommuteMedian":15102,"workHomeCommuteMedian":-1},"geometry":{"type":"Polygon","coordinates":[[[132.79240820023463,33.922785133478534],[132.79240820023463,33.93177833711578],[132.80140140387186,33.93177833711578],[132.80140140387186,33.922785133478534],[132.79240820023463,33.922785133478534]]]}},{"type":"Feature","properties":{"jobs":1,"pop":155,"pointCount":6,"homeWorkCommuteMedian":16521,"workHomeCommuteMedian":11436},"geometry":{"type":"Polygon","coordinates":[[[132.79240820023463,33.940771540753026],[132.79240820023463,33.94976474439027],[132.80140140387186,33.94976474439027],[132.80140140387186,33.940771540753026],[132.79240820023463,33.940771540753026]]]}},{"type":"Feature","properties":{"jobs":0,"pop":68,"pointCount":1,"homeWorkCommuteMedian":4081,"workHomeCommuteMedian":-1},"geometry":{"type":"Polygon","coordinates":[[[132.79240820023463,33.94976474439027],[132.79240820023463,33.95875794802752],[132.80140140387186,33.95875794802752],[132.80140140387186,33.94976474439027],[132.79240820023463,33.94976474439027]]]}},{"type":"Feature","properties":{"jobs":0,"pop":41,"pointCount":2,"homeWorkCommuteMedian":16297,"workHomeCommuteMedian":-1},"geometry":{"type":"Polygon","coordinates":[[[132.79240820023463,33.95875794802752],[132.79240820023463,33.967751151664764],[132.80140140387186,33.967751151664764],[132.80140140387186,33.95875794802752],[132.79240820023463,33.95875794802752]]]}},{"type":"Feature","properties":{"jobs":220,"pop":203,"pointCount":13,"homeWorkCommuteMedian":14809,"workHomeCommuteMedian":12507},"geometry":{"type":"Polygon","coordinates":[[[132.79240820023463,33.967751151664764],[132.79240820023463,33.97674435530201],[132.80140140387186,33.97674435530201],[132.80140140387186,33.967751151664764],[132.79240820023463,33.967751151664764]]]}},{"type":"Feature","properties":{"jobs":152,"pop":230,"pointCount":10,"homeWorkCommuteMedian":19204,"workHomeCommuteMedian":21792},"geometry":{"type":"Polygon","coordinates":[[[132.79240820023463,33.97674435530201],[132.79240820023463,33.985737558939256],[132.80140140387186,33.985737558939256],[132.80140140387186,33.97674435530201],[132.79240820023463,33.97674435530201]]]}},{"type":"Feature","properties":{"jobs":26,"pop":101,"pointCount":3,"homeWorkCommuteMedian":31266,"workHomeCommuteMedian":21583},"geometry":{"type":"Polygon","coordinates":[[[132.79240820023463,33.9947307625765],[132.79240820023463,34.00372396621375],[132.80140140387186,34.00372396621375],[132.80140140387186,33.9947307625765],[132.79240820023463,33.9947307625765]]]}},{"type":"Feature","properties":{"jobs":62,"pop":186,"pointCount":9,"homeWorkCommuteMedian":23631,"workHomeCommuteMedian":25504},"geometry":{"type":"Polygon","coordinates":[[[132.79240820023463,34.00372396621375],[132.79240820023463,34.012717169850994],[132.80140140387186,34.012717169850994],[132.80140140387186,34.00372396621375],[132.79240820023463,34.00372396621375]]]}},{"type":"Feature","properties":{"jobs":0,"pop":33,"pointCount":1,"homeWorkCommuteMedian":52295,"workHomeCommuteMedian":-1},"geometry":{"type":"Polygon","coordinates":[[[132.80140140387186,33.518090969802465],[132.80140140387186,33.52708417343971],[132.8103946075091,33.52708417343971],[132.8103946075091,33.518090969802465],[132.80140140387186,33.518090969802465]]]}},{"type":"Feature","properties":{"jobs":232,"pop":152,"pointCount":9,"homeWorkCommuteMedian":39826,"workHomeCommuteMedian":21760},"geometry":{"type":"Polygon","coordinates":[[[132.80140140387186,33.563056987988695],[132.80140140387186,33.57205019162594],[132.8103946075091,33.57205019162594],[132.8103946075091,33.563056987988695],[132.80140140387186,33.563056987988695]]]}},{"type":"Feature","properties":{"jobs":0,"pop":11,"pointCount":1,"homeWorkCommuteMedian":40690,"workHomeCommuteMedian":-1},"geometry":{"type":"Polygon","coordinates":[[[132.80140140387186,33.57205019162594],[132.80140140387186,33.58104339526319],[132.8103946075091,33.58104339526319],[132.8103946075091,33.57205019162594],[132.80140140387186,33.57205019162594]]]}},{"type":"Feature","properties":{"jobs":18,"pop":13,"pointCount":2,"homeWorkCommuteMedian":23832,"workHomeCommuteMedian":18298},"geometry":{"type":"Polygon","coordinates":[[[132.80140140387186,33.6619822279984],[132.80140140387186,33.67097543163565],[132.8103946075091,33.67097543163565],[132.8103946075091,33.6619822279984],[132.80140140387186,33.6619822279984]]]}},{"type":"Feature","properties":{"jobs":58,"pop":0,"pointCount":3,"homeWorkCommuteMedian":-1,"workHomeCommuteMedian":8787},"geometry":{"type":"Polygon","coordinates":[[[132.80140140387186,33.70694824618463],[132.80140140387186,33.71594144982188],[132.8103946075091,33.71594144982188],[132.8103946075091,33.70694824618463],[132.80140140387186,33.70694824618463]]]}},{"type":"Feature","properties":{"jobs":0,"pop":29,"pointCount":1,"homeWorkCommuteMedian":16496,"workHomeCommuteMedian":-1},"geometry":{"type":"Polygon","coordinates":[[[132.80140140387186,33.71594144982188],[132.80140140387186,33.72493465345912],[132.8103946075091,33.72493465345912],[132.8103946075091,33.71594144982188],[132.80140140387186,33.71594144982188]]]}},{"type":"Feature","properties":{"jobs":0,"pop":28,"pointCount":1,"homeWorkCommuteMedian":16671,"workHomeCommuteMedian":-1},"geometry":{"type":"Polygon","coordinates":[[[132.80140140387186,33.72493465345912],[132.80140140387186,33.73392785709637],[132.8103946075091,33.73392785709637],[132.8103946075091,33.72493465345912],[132.80140140387186,33.72493465345912]]]}},{"type":"Feature","properties":{"jobs":130,"pop":273,"pointCount":10,"homeWorkCommuteMedian":15820,"workHomeCommuteMedian":8713},"geometry":{"type":"Polygon","coordinates":[[[132.80140140387186,33.76090746800811],[132.80140140387186,33.76990067164535],[132.8103946075091,33.76990067164535],[132.8103946075091,33.76090746800811],[132.80140140387186,33.76090746800811]]]}},{"type":"Feature","properties":{"jobs":238,"pop":660,"pointCount":7,"homeWorkCommuteMedian":10450,"workHomeCommuteMedian":14068},"geometry":{"type":"Polygon","coordinates":[[[132.80140140387186,33.76990067164535],[132.80140140387186,33.7788938752826],[132.8103946075091,33.7788938752826],[132.8103946075091,33.76990067164535],[132.80140140387186,33.76990067164535]]]}},{"type":"Feature","properties":{"jobs":887,"pop":232,"pointCount":9,"homeWorkCommuteMedian":9096,"workHomeCommuteMedian":8544},"geometry":{"type":"Polygon","coordinates":[[[132.80140140387186,33.7788938752826],[132.80140140387186,33.787887078919844],[132.8103946075091,33.787887078919844],[132.8103946075091,33.7788938752826],[132.80140140387186,33.7788938752826]]]}},{"type":"Feature","properties":{"jobs":1489,"pop":528,"pointCount":11,"homeWorkCommuteMedian":8685,"workHomeCommuteMedian":8922},"geometry":{"type":"Polygon","coordinates":[[[132.80140140387186,33.787887078919844],[132.80140140387186,33.79688028255709],[132.8103946075091,33.79688028255709],[132.8103946075091,33.787887078919844],[132.80140140387186,33.787887078919844]]]}},{"type":"Feature","properties":{"jobs":2110,"pop":877,"pointCount":12,"homeWorkCommuteMedian":8699,"workHomeCommuteMedian":4433},"geometry":{"type":"Polygon","coordinates":[[[132.80140140387186,33.79688028255709],[132.80140140387186,33.805873486194336],[132.8103946075091,33.805873486194336],[132.8103946075091,33.79688028255709],[132.80140140387186,33.79688028255709]]]}},{"type":"Feature","properties":{"jobs":2584,"pop":3276,"pointCount":15,"homeWorkCommuteMedian":6094,"workHomeCommuteMedian":8662},"geometry":{"type":"Polygon","coordinates":[[[132.80140140387186,33.805873486194336],[132.80140140387186,33.81486668983158],[132.8103946075091,33.81486668983158],[132.8103946075091,33.805873486194336],[132.80140140387186,33.805873486194336]]]}},{"type":"Feature","properties":{"jobs":780,"pop":2619,"pointCount":10,"homeWorkCommuteMedian":6705,"workHomeCommuteMedian":8455},"geometry":{"type":"Polygon","coordinates":[[[132.80140140387186,33.81486668983158],[132.80140140387186,33.82385989346883],[132.8103946075091,33.82385989346883],[132.8103946075091,33.81486668983158],[132.80140140387186,33.81486668983158]]]}},{"type":"Feature","properties":{"jobs":135,"pop":895,"pointCount":9,"homeWorkCommuteMedian":8648,"workHomeCommuteMedian":9219},"geometry":{"type":"Polygon","coordinates":[[[132.80140140387186,33.82385989346883],[132.80140140387186,33.832853097106074],[132.8103946075091,33.832853097106074],[132.8103946075091,33.82385989346883],[132.80140140387186,33.82385989346883]]]}},{"type":"Feature","properties":{"jobs":1112,"pop":885,"pointCount":15,"homeWorkCommuteMedian":8048,"workHomeCommuteMedian":5003},"geometry":{"type":"Polygon","coordinates":[[[132.80140140387186,33.832853097106074],[132.80140140387186,33.84184630074332],[132.8103946075091,33.84184630074332],[132.8103946075091,33.832853097106074],[132.80140140387186,33.832853097106074]]]}},{"type":"Feature","properties":{"jobs":955,"pop":2276,"pointCount":24,"homeWorkCommuteMedian":8207,"workHomeCommuteMedian":13341},"geometry":{"type":"Polygon","coordinates":[[[132.80140140387186,33.84184630074332],[132.80140140387186,33.850839504380566],[132.8103946075091,33.850839504380566],[132.8103946075091,33.84184630074332],[132.80140140387186,33.84184630074332]]]}},{"type":"Feature","properties":{"jobs":511,"pop":1033,"pointCount":7,"homeWorkCommuteMedian":9842,"workHomeCommuteMedian":5554},"geometry":{"type":"Polygon","coordinates":[[[132.80140140387186,33.850839504380566],[132.80140140387186,33.85983270801781],[132.8103946075091,33.85983270801781],[132.8103946075091,33.850839504380566],[132.80140140387186,33.850839504380566]]]}},{"type":"Feature","properties":{"jobs":14,"pop":23,"pointCount":2,"homeWorkCommuteMedian":45186,"workHomeCommuteMedian":11967},"geometry":{"type":"Polygon","coordinates":[[[132.80140140387186,33.85983270801781],[132.80140140387186,33.86882591165506],[132.8103946075091,33.86882591165506],[132.8103946075091,33.85983270801781],[132.80140140387186,33.85983270801781]]]}},{"type":"Feature","properties":{"jobs":265,"pop":596,"pointCount":10,"homeWorkCommuteMedian":9842,"workHomeCommuteMedian":5700},"geometry":{"type":"Polygon","coordinates":[[[132.80140140387186,33.86882591165506],[132.80140140387186,33.877819115292304],[132.8103946075091,33.877819115292304],[132.8103946075091,33.86882591165506],[132.80140140387186,33.86882591165506]]]}},{"type":"Feature","properties":{"jobs":0,"pop":34,"pointCount":1,"homeWorkCommuteMedian":9075,"workHomeCommuteMedian":-1},"geometry":{"type":"Polygon","coordinates":[[[132.80140140387186,33.877819115292304],[132.80140140387186,33.88681231892955],[132.8103946075091,33.88681231892955],[132.8103946075091,33.877819115292304],[132.80140140387186,33.877819115292304]]]}},{"type":"Feature","properties":{"jobs":19,"pop":244,"pointCount":6,"homeWorkCommuteMedian":11974,"workHomeCommuteMedian":19302},"geometry":{"type":"Polygon","coordinates":[[[132.80140140387186,33.88681231892955],[132.80140140387186,33.895805522566796],[132.8103946075091,33.895805522566796],[132.8103946075091,33.88681231892955],[132.80140140387186,33.88681231892955]]]}},{"type":"Feature","properties":{"jobs":116,"pop":0,"pointCount":2,"homeWorkCommuteMedian":-1,"workHomeCommuteMedian":13117},"geometry":{"type":"Polygon","coordinates":[[[132.80140140387186,33.895805522566796],[132.80140140387186,33.90479872620404],[132.8103946075091,33.90479872620404],[132.8103946075091,33.895805522566796],[132.80140140387186,33.895805522566796]]]}},{"type":"Feature","properties":{"jobs":0,"pop":15,"pointCount":1,"homeWorkCommuteMedian":48722,"workHomeCommuteMedian":-1},"geometry":{"type":"Polygon","coordinates":[[[132.80140140387186,33.94976474439027],[132.80140140387186,33.95875794802752],[132.8103946075091,33.95875794802752],[132.8103946075091,33.94976474439027],[132.80140140387186,33.94976474439027]]]}},{"type":"Feature","properties":{"jobs":16,"pop":40,"pointCount":2,"homeWorkCommuteMedian":21897,"workHomeCommuteMedian":19154},"geometry":{"type":"Polygon","coordinates":[[[132.80140140387186,33.95875794802752],[132.80140140387186,33.967751151664764],[132.8103946075091,33.967751151664764],[132.8103946075091,33.95875794802752],[132.80140140387186,33.95875794802752]]]}},{"type":"Feature","properties":{"jobs":46,"pop":134,"pointCount":7,"homeWorkCommuteMedian":12337,"workHomeCommuteMedian":48456},"geometry":{"type":"Polygon","coordinates":[[[132.80140140387186,33.967751151664764],[132.80140140387186,33.97674435530201],[132.8103946075091,33.97674435530201],[132.8103946075091,33.967751151664764],[132.80140140387186,33.967751151664764]]]}},{"type":"Feature","properties":{"jobs":12,"pop":0,"pointCount":1,"homeWorkCommuteMedian":-1,"workHomeCommuteMedian":21488},"geometry":{"type":"Polygon","coordinates":[[[132.80140140387186,33.985737558939256],[132.80140140387186,33.9947307625765],[132.8103946075091,33.9947307625765],[132.8103946075091,33.985737558939256],[132.80140140387186,33.985737558939256]]]}},{"type":"Feature","properties":{"jobs":130,"pop":219,"pointCount":9,"homeWorkCommuteMedian":24073,"workHomeCommuteMedian":24640},"geometry":{"type":"Polygon","coordinates":[[[132.80140140387186,34.00372396621375],[132.80140140387186,34.012717169850994],[132.8103946075091,34.012717169850994],[132.8103946075091,34.00372396621375],[132.80140140387186,34.00372396621375]]]}},{"type":"Feature","properties":{"jobs":13,"pop":32,"pointCount":3,"homeWorkCommuteMedian":8674,"workHomeCommuteMedian":42332},"geometry":{"type":"Polygon","coordinates":[[[132.80140140387186,34.012717169850994],[132.80140140387186,34.02171037348824],[132.8103946075091,34.02171037348824],[132.8103946075091,34.012717169850994],[132.80140140387186,34.012717169850994]]]}},{"type":"Feature","properties":{"jobs":12,"pop":27,"pointCount":2,"homeWorkCommuteMedian":22591,"workHomeCommuteMedian":3929},"geometry":{"type":"Polygon","coordinates":[[[132.8103946075091,33.563056987988695],[132.8103946075091,33.57205019162594],[132.81938781114633,33.57205019162594],[132.81938781114633,33.563056987988695],[132.8103946075091,33.563056987988695]]]}},{"type":"Feature","properties":{"jobs":23,"pop":54,"pointCount":2,"homeWorkCommuteMedian":49784,"workHomeCommuteMedian":10954},"geometry":{"type":"Polygon","coordinates":[[[132.8103946075091,33.57205019162594],[132.8103946075091,33.58104339526319],[132.81938781114633,33.58104339526319],[132.81938781114633,33.57205019162594],[132.8103946075091,33.57205019162594]]]}},{"type":"Feature","properties":{"jobs":0,"pop":66,"pointCount":1,"homeWorkCommuteMedian":4246,"workHomeCommuteMedian":-1},"geometry":{"type":"Polygon","coordinates":[[[132.8103946075091,33.58104339526319],[132.8103946075091,33.59003659890043],[132.81938781114633,33.59003659890043],[132.81938781114633,33.58104339526319],[132.8103946075091,33.58104339526319]]]}},{"type":"Feature","properties":{"jobs":1,"pop":0,"pointCount":1,"homeWorkCommuteMedian":-1,"workHomeCommuteMedian":42850},"geometry":{"type":"Polygon","coordinates":[[[132.8103946075091,33.59003659890043],[132.8103946075091,33.59902980253768],[132.81938781114633,33.59902980253768],[132.81938781114633,33.59003659890043],[132.8103946075091,33.59003659890043]]]}},{"type":"Feature","properties":{"jobs":1,"pop":37,"pointCount":2,"homeWorkCommuteMedian":3142,"workHomeCommuteMedian":29056},"geometry":{"type":"Polygon","coordinates":[[[132.8103946075091,33.62600941344942],[132.8103946075091,33.63500261708666],[132.81938781114633,33.63500261708666],[132.81938781114633,33.62600941344942],[132.8103946075091,33.62600941344942]]]}},{"type":"Feature","properties":{"jobs":0,"pop":31,"pointCount":1,"homeWorkCommuteMedian":26692,"workHomeCommuteMedian":-1},"geometry":{"type":"Polygon","coordinates":[[[132.8103946075091,33.67996863527289],[132.8103946075091,33.68896183891014],[132.81938781114633,33.68896183891014],[132.81938781114633,33.67996863527289],[132.8103946075091,33.67996863527289]]]}},{"type":"Feature","properties":{"jobs":0,"pop":16,"pointCount":1,"homeWorkCommuteMedian":20241,"workHomeCommuteMedian":-1},"geometry":{"type":"Polygon","coordinates":[[[132.8103946075091,33.71594144982188],[132.8103946075091,33.72493465345912],[132.81938781114633,33.72493465345912],[132.81938781114633,33.71594144982188],[132.8103946075091,33.71594144982188]]]}},{"type":"Feature","properties":{"jobs":325,"pop":231,"pointCount":10,"homeWorkCommuteMedian":13393,"workHomeCommuteMedian":4536},"geometry":{"type":"Polygon","coordinates":[[[132.8103946075091,33.75191426437086],[132.8103946075091,33.76090746800811],[132.81938781114633,33.76090746800811],[132.81938781114633,33.75191426437086],[132.8103946075091,33.75191426437086]]]}},{"type":"Feature","properties":{"jobs":1057,"pop":861,"pointCount":20,"homeWorkCommuteMedian":8977,"workHomeCommuteMedian":10927},"geometry":{"type":"Polygon","coordinates":[[[132.8103946075091,33.76090746800811],[132.8103946075091,33.76990067164535],[132.81938781114633,33.76990067164535],[132.81938781114633,33.76090746800811],[132.8103946075091,33.76090746800811]]]}},{"type":"Feature","properties":{"jobs":656,"pop":270,"pointCount":15,"homeWorkCommuteMedian":9630,"workHomeCommuteMedian":10159},"geometry":{"type":"Polygon","coordinates":[[[132.8103946075091,33.76990067164535],[132.8103946075091,33.7788938752826],[132.81938781114633,33.7788938752826],[132.81938781114633,33.76990067164535],[132.8103946075091,33.76990067164535]]]}},{"type":"Feature","properties":{"jobs":296,"pop":448,"pointCount":6,"homeWorkCommuteMedian":7614,"workHomeCommuteMedian":8918},"geometry":{"type":"Polygon","coordinates":[[[132.8103946075091,33.7788938752826],[132.8103946075091,33.787887078919844],[132.81938781114633,33.787887078919844],[132.81938781114633,33.7788938752826],[132.8103946075091,33.7788938752826]]]}},{"type":"Feature","properties":{"jobs":596,"pop":863,"pointCount":12,"homeWorkCommuteMedian":8968,"workHomeCommuteMedian":6500},"geometry":{"type":"Polygon","coordinates":[[[132.8103946075091,33.787887078919844],[132.8103946075091,33.79688028255709],[132.81938781114633,33.79688028255709],[132.81938781114633,33.787887078919844],[132.8103946075091,33.787887078919844]]]}},{"type":"Feature","properties":{"jobs":1515,"pop":851,"pointCount":11,"homeWorkCommuteMedian":6367,"workHomeCommuteMedian":6384},"geometry":{"type":"Polygon","coordinates":[[[132.8103946075091,33.79688028255709],[132.8103946075091,33.805873486194336],[132.81938781114633,33.805873486194336],[132.81938781114633,33.79688028255709],[132.8103946075091,33.79688028255709]]]}},{"type":"Feature","properties":{"jobs":1191,"pop":1919,"pointCount":10,"homeWorkCommuteMedian":7666,"workHomeCommuteMedian":10967},"geometry":{"type":"Polygon","coordinates":[[[132.8103946075091,33.805873486194336],[132.8103946075091,33.81486668983158],[132.81938781114633,33.81486668983158],[132.81938781114633,33.805873486194336],[132.8103946075091,33.805873486194336]]]}},{"type":"Feature","properties":{"jobs":294,"pop":646,"pointCount":9,"homeWorkCommuteMedian":8299,"workHomeCommuteMedian":6407},"geometry":{"type":"Polygon","coordinates":[[[132.8103946075091,33.81486668983158],[132.8103946075091,33.82385989346883],[132.81938781114633,33.82385989346883],[132.81938781114633,33.81486668983158],[132.8103946075091,33.81486668983158]]]}},{"type":"Feature","properties":{"jobs":0,"pop":39,"pointCount":1,"homeWorkCommuteMedian":3638,"workHomeCommuteMedian":-1},"geometry":{"type":"Polygon","coordinates":[[[132.8103946075091,33.84184630074332],[132.8103946075091,33.850839504380566],[132.81938781114633,33.850839504380566],[132.81938781114633,33.84184630074332],[132.8103946075091,33.84184630074332]]]}},{"type":"Feature","properties":{"jobs":343,"pop":301,"pointCount":8,"homeWorkCommuteMedian":8412,"workHomeCommuteMedian":10214},"geometry":{"type":"Polygon","coordinates":[[[132.8103946075091,33.850839504380566],[132.8103946075091,33.85983270801781],[132.81938781114633,33.85983270801781],[132.81938781114633,33.850839504380566],[132.8103946075091,33.850839504380566]]]}},{"type":"Feature","properties":{"jobs":596,"pop":603,"pointCount":17,"homeWorkCommuteMedian":8683,"workHomeCommuteMedian":10125},"geometry":{"type":"Polygon","coordinates":[[[132.8103946075091,33.85983270801781],[132.8103946075091,33.86882591165506],[132.81938781114633,33.86882591165506],[132.81938781114633,33.85983270801781],[132.8103946075091,33.85983270801781]]]}},{"type":"Feature","properties":{"jobs":71,"pop":1218,"pointCount":6,"homeWorkCommuteMedian":10311,"workHomeCommuteMedian":12585},"geometry":{"type":"Polygon","coordinates":[[[132.8103946075091,33.86882591165506],[132.8103946075091,33.877819115292304],[132.81938781114633,33.877819115292304],[132.81938781114633,33.86882591165506],[132.8103946075091,33.86882591165506]]]}},{"type":"Feature","properties":{"jobs":378,"pop":124,"pointCount":5,"homeWorkCommuteMedian":12960,"workHomeCommuteMedian":16373},"geometry":{"type":"Polygon","coordinates":[[[132.8103946075091,33.895805522566796],[132.8103946075091,33.90479872620404],[132.81938781114633,33.90479872620404],[132.81938781114633,33.895805522566796],[132.8103946075091,33.895805522566796]]]}},{"type":"Feature","properties":{"jobs":0,"pop":60,"pointCount":2,"homeWorkCommuteMedian":50455,"workHomeCommuteMedian":-1},"geometry":{"type":"Polygon","coordinates":[[[132.8103946075091,33.90479872620404],[132.8103946075091,33.91379192984129],[132.81938781114633,33.91379192984129],[132.81938781114633,33.90479872620404],[132.8103946075091,33.90479872620404]]]}},{"type":"Feature","properties":{"jobs":88,"pop":0,"pointCount":3,"homeWorkCommuteMedian":-1,"workHomeCommuteMedian":23846},"geometry":{"type":"Polygon","coordinates":[[[132.8103946075091,33.91379192984129],[132.8103946075091,33.922785133478534],[132.81938781114633,33.922785133478534],[132.81938781114633,33.91379192984129],[132.8103946075091,33.91379192984129]]]}},{"type":"Feature","properties":{"jobs":0,"pop":10,"pointCount":1,"homeWorkCommuteMedian":29049,"workHomeCommuteMedian":-1},"geometry":{"type":"Polygon","coordinates":[[[132.8103946075091,33.940771540753026],[132.8103946075091,33.94976474439027],[132.81938781114633,33.94976474439027],[132.81938781114633,33.940771540753026],[132.8103946075091,33.940771540753026]]]}},{"type":"Feature","properties":{"jobs":0,"pop":14,"pointCount":1,"homeWorkCommuteMedian":20791,"workHomeCommuteMedian":-1},"geometry":{"type":"Polygon","coordinates":[[[132.8103946075091,33.94976474439027],[132.8103946075091,33.95875794802752],[132.81938781114633,33.95875794802752],[132.81938781114633,33.94976474439027],[132.8103946075091,33.94976474439027]]]}},{"type":"Feature","properties":{"jobs":0,"pop":10,"pointCount":1,"homeWorkCommuteMedian":20370,"workHomeCommuteMedian":-1},"geometry":{"type":"Polygon","coordinates":[[[132.8103946075091,33.95875794802752],[132.8103946075091,33.967751151664764],[132.81938781114633,33.967751151664764],[132.81938781114633,33.95875794802752],[132.8103946075091,33.95875794802752]]]}},{"type":"Feature","properties":{"jobs":0,"pop":29,"pointCount":2,"homeWorkCommuteMedian":31262,"workHomeCommuteMedian":-1},"geometry":{"type":"Polygon","coordinates":[[[132.8103946075091,33.967751151664764],[132.8103946075091,33.97674435530201],[132.81938781114633,33.97674435530201],[132.81938781114633,33.967751151664764],[132.8103946075091,33.967751151664764]]]}},{"type":"Feature","properties":{"jobs":157,"pop":0,"pointCount":1,"homeWorkCommuteMedian":-1,"workHomeCommuteMedian":8600},"geometry":{"type":"Polygon","coordinates":[[[132.8103946075091,33.97674435530201],[132.8103946075091,33.985737558939256],[132.81938781114633,33.985737558939256],[132.81938781114633,33.97674435530201],[132.8103946075091,33.97674435530201]]]}},{"type":"Feature","properties":{"jobs":0,"pop":35,"pointCount":2,"homeWorkCommuteMedian":27539,"workHomeCommuteMedian":-1},"geometry":{"type":"Polygon","coordinates":[[[132.8103946075091,33.985737558939256],[132.8103946075091,33.9947307625765],[132.81938781114633,33.9947307625765],[132.81938781114633,33.985737558939256],[132.8103946075091,33.985737558939256]]]}},{"type":"Feature","properties":{"jobs":0,"pop":19,"pointCount":1,"homeWorkCommuteMedian":24461,"workHomeCommuteMedian":-1},"geometry":{"type":"Polygon","coordinates":[[[132.8103946075091,33.9947307625765],[132.8103946075091,34.00372396621375],[132.81938781114633,34.00372396621375],[132.81938781114633,33.9947307625765],[132.8103946075091,33.9947307625765]]]}},{"type":"Feature","properties":{"jobs":0,"pop":34,"pointCount":2,"homeWorkCommuteMedian":20121,"workHomeCommuteMedian":-1},"geometry":{"type":"Polygon","coordinates":[[[132.8103946075091,34.012717169850994],[132.8103946075091,34.02171037348824],[132.81938781114633,34.02171037348824],[132.81938781114633,34.012717169850994],[132.8103946075091,34.012717169850994]]]}},{"type":"Feature","properties":{"jobs":9,"pop":0,"pointCount":1,"homeWorkCommuteMedian":-1,"workHomeCommuteMedian":22458},"geometry":{"type":"Polygon","coordinates":[[[132.8103946075091,34.02171037348824],[132.8103946075091,34.030703577125486],[132.81938781114633,34.030703577125486],[132.81938781114633,34.02171037348824],[132.8103946075091,34.02171037348824]]]}},{"type":"Feature","properties":{"jobs":0,"pop":26,"pointCount":2,"homeWorkCommuteMedian":38413,"workHomeCommuteMedian":-1},"geometry":{"type":"Polygon","coordinates":[[[132.81938781114633,33.563056987988695],[132.81938781114633,33.57205019162594],[132.82838101478356,33.57205019162594],[132.82838101478356,33.563056987988695],[132.81938781114633,33.563056987988695]]]}},{"type":"Feature","properties":{"jobs":37,"pop":74,"pointCount":4,"homeWorkCommuteMedian":42924,"workHomeCommuteMedian":39223},"geometry":{"type":"Polygon","coordinates":[[[132.81938781114633,33.57205019162594],[132.81938781114633,33.58104339526319],[132.82838101478356,33.58104339526319],[132.82838101478356,33.57205019162594],[132.81938781114633,33.57205019162594]]]}},{"type":"Feature","properties":{"jobs":0,"pop":6,"pointCount":1,"homeWorkCommuteMedian":45787,"workHomeCommuteMedian":-1},"geometry":{"type":"Polygon","coordinates":[[[132.81938781114633,33.59003659890043],[132.81938781114633,33.59902980253768],[132.82838101478356,33.59902980253768],[132.82838101478356,33.59003659890043],[132.81938781114633,33.59003659890043]]]}},{"type":"Feature","properties":{"jobs":0,"pop":18,"pointCount":1,"homeWorkCommuteMedian":37629,"workHomeCommuteMedian":-1},"geometry":{"type":"Polygon","coordinates":[[[132.81938781114633,33.61701620981217],[132.81938781114633,33.62600941344942],[132.82838101478356,33.62600941344942],[132.82838101478356,33.61701620981217],[132.81938781114633,33.61701620981217]]]}},{"type":"Feature","properties":{"jobs":4,"pop":14,"pointCount":1,"homeWorkCommuteMedian":33624,"workHomeCommuteMedian":29873},"geometry":{"type":"Polygon","coordinates":[[[132.81938781114633,33.64399582072391],[132.81938781114633,33.652989024361155],[132.82838101478356,33.652989024361155],[132.82838101478356,33.64399582072391],[132.81938781114633,33.64399582072391]]]}},{"type":"Feature","properties":{"jobs":1,"pop":2,"pointCount":1,"homeWorkCommuteMedian":29595,"workHomeCommuteMedian":18762},"geometry":{"type":"Polygon","coordinates":[[[132.81938781114633,33.67996863527289],[132.81938781114633,33.68896183891014],[132.82838101478356,33.68896183891014],[132.82838101478356,33.67996863527289],[132.81938781114633,33.67996863527289]]]}},{"type":"Feature","properties":{"jobs":0,"pop":15,"pointCount":1,"homeWorkCommuteMedian":22193,"workHomeCommuteMedian":-1},"geometry":{"type":"Polygon","coordinates":[[[132.81938781114633,33.71594144982188],[132.81938781114633,33.72493465345912],[132.82838101478356,33.72493465345912],[132.82838101478356,33.71594144982188],[132.81938781114633,33.71594144982188]]]}},{"type":"Feature","properties":{"jobs":165,"pop":383,"pointCount":11,"homeWorkCommuteMedian":12392,"workHomeCommuteMedian":7664},"geometry":{"type":"Polygon","coordinates":[[[132.81938781114633,33.742921060733615],[132.81938781114633,33.75191426437086],[132.82838101478356,33.75191426437086],[132.82838101478356,33.742921060733615],[132.81938781114633,33.742921060733615]]]}},{"type":"Feature","properties":{"jobs":21,"pop":193,"pointCount":4,"homeWorkCommuteMedian":12620,"workHomeCommuteMedian":21652},"geometry":{"type":"Polygon","coordinates":[[[132.81938781114633,33.75191426437086],[132.81938781114633,33.76090746800811],[132.82838101478356,33.76090746800811],[132.82838101478356,33.75191426437086],[132.81938781114633,33.75191426437086]]]}},{"type":"Feature","properties":{"jobs":0,"pop":270,"pointCount":7,"homeWorkCommuteMedian":9278,"workHomeCommuteMedian":-1},"geometry":{"type":"Polygon","coordinates":[[[132.81938781114633,33.76090746800811],[132.81938781114633,33.76990067164535],[132.82838101478356,33.76990067164535],[132.82838101478356,33.76090746800811],[132.81938781114633,33.76090746800811]]]}},{"type":"Feature","properties":{"jobs":354,"pop":531,"pointCount":15,"homeWorkCommuteMedian":10646,"workHomeCommuteMedian":10814},"geometry":{"type":"Polygon","coordinates":[[[132.81938781114633,33.76990067164535],[132.81938781114633,33.7788938752826],[132.82838101478356,33.7788938752826],[132.82838101478356,33.76990067164535],[132.81938781114633,33.76990067164535]]]}},{"type":"Feature","properties":{"jobs":340,"pop":213,"pointCount":7,"homeWorkCommuteMedian":6394,"workHomeCommuteMedian":9426},"geometry":{"type":"Polygon","coordinates":[[[132.81938781114633,33.7788938752826],[132.81938781114633,33.787887078919844],[132.82838101478356,33.787887078919844],[132.82838101478356,33.7788938752826],[132.81938781114633,33.7788938752826]]]}},{"type":"Feature","properties":{"jobs":1211,"pop":150,"pointCount":8,"homeWorkCommuteMedian":9021,"workHomeCommuteMedian":8273},"geometry":{"type":"Polygon","coordinates":[[[132.81938781114633,33.787887078919844],[132.81938781114633,33.79688028255709],[132.82838101478356,33.79688028255709],[132.82838101478356,33.787887078919844],[132.81938781114633,33.787887078919844]]]}},{"type":"Feature","properties":{"jobs":295,"pop":601,"pointCount":5,"homeWorkCommuteMedian":7303,"workHomeCommuteMedian":8904},"geometry":{"type":"Polygon","coordinates":[[[132.81938781114633,33.79688028255709],[132.81938781114633,33.805873486194336],[132.82838101478356,33.805873486194336],[132.82838101478356,33.79688028255709],[132.81938781114633,33.79688028255709]]]}},{"type":"Feature","properties":{"jobs":961,"pop":899,"pointCount":14,"homeWorkCommuteMedian":8088,"workHomeCommuteMedian":8812},"geometry":{"type":"Polygon","coordinates":[[[132.81938781114633,33.805873486194336],[132.81938781114633,33.81486668983158],[132.82838101478356,33.81486668983158],[132.82838101478356,33.805873486194336],[132.81938781114633,33.805873486194336]]]}},{"type":"Feature","properties":{"jobs":27,"pop":357,"pointCount":3,"homeWorkCommuteMedian":7788,"workHomeCommuteMedian":905},"geometry":{"type":"Polygon","coordinates":[[[132.81938781114633,33.81486668983158],[132.81938781114633,33.82385989346883],[132.82838101478356,33.82385989346883],[132.82838101478356,33.81486668983158],[132.81938781114633,33.81486668983158]]]}},{"type":"Feature","properties":{"jobs":198,"pop":0,"pointCount":2,"homeWorkCommuteMedian":-1,"workHomeCommuteMedian":10978},"geometry":{"type":"Polygon","coordinates":[[[132.81938781114633,33.85983270801781],[132.81938781114633,33.86882591165506],[132.82838101478356,33.86882591165506],[132.82838101478356,33.85983270801781],[132.81938781114633,33.85983270801781]]]}},{"type":"Feature","properties":{"jobs":11,"pop":527,"pointCount":5,"homeWorkCommuteMedian":10759,"workHomeCommuteMedian":7983},"geometry":{"type":"Polygon","coordinates":[[[132.81938781114633,33.86882591165506],[132.81938781114633,33.877819115292304],[132.82838101478356,33.877819115292304],[132.82838101478356,33.86882591165506],[132.81938781114633,33.86882591165506]]]}},{"type":"Feature","properties":{"jobs":21,"pop":21,"pointCount":2,"homeWorkCommuteMedian":14329,"workHomeCommuteMedian":1604},"geometry":{"type":"Polygon","coordinates":[[[132.81938781114633,33.895805522566796],[132.81938781114633,33.90479872620404],[132.82838101478356,33.90479872620404],[132.82838101478356,33.895805522566796],[132.81938781114633,33.895805522566796]]]}},{"type":"Feature","properties":{"jobs":0,"pop":37,"pointCount":1,"homeWorkCommuteMedian":17080,"workHomeCommuteMedian":-1},"geometry":{"type":"Polygon","coordinates":[[[132.81938781114633,33.90479872620404],[132.81938781114633,33.91379192984129],[132.82838101478356,33.91379192984129],[132.82838101478356,33.90479872620404],[132.81938781114633,33.90479872620404]]]}},{"type":"Feature","properties":{"jobs":119,"pop":0,"pointCount":1,"homeWorkCommuteMedian":-1,"workHomeCommuteMedian":9828},"geometry":{"type":"Polygon","coordinates":[[[132.81938781114633,33.91379192984129],[132.81938781114633,33.922785133478534],[132.82838101478356,33.922785133478534],[132.82838101478356,33.91379192984129],[132.81938781114633,33.91379192984129]]]}},{"type":"Feature","properties":{"jobs":0,"pop":7,"pointCount":1,"homeWorkCommuteMedian":86219,"workHomeCommuteMedian":-1},"geometry":{"type":"Polygon","coordinates":[[[132.81938781114633,33.922785133478534],[132.81938781114633,33.93177833711578],[132.82838101478356,33.93177833711578],[132.82838101478356,33.922785133478534],[132.81938781114633,33.922785133478534]]]}},{"type":"Feature","properties":{"jobs":40,"pop":0,"pointCount":1,"homeWorkCommuteMedian":-1,"workHomeCommuteMedian":28920},"geometry":{"type":"Polygon","coordinates":[[[132.81938781114633,33.95875794802752],[132.81938781114633,33.967751151664764],[132.82838101478356,33.967751151664764],[132.82838101478356,33.95875794802752],[132.81938781114633,33.95875794802752]]]}},{"type":"Feature","properties":{"jobs":92,"pop":43,"pointCount":4,"homeWorkCommuteMedian":25701,"workHomeCommuteMedian":21028},"geometry":{"type":"Polygon","coordinates":[[[132.81938781114633,33.967751151664764],[132.81938781114633,33.97674435530201],[132.82838101478356,33.97674435530201],[132.82838101478356,33.967751151664764],[132.81938781114633,33.967751151664764]]]}},{"type":"Feature","properties":{"jobs":0,"pop":18,"pointCount":1,"homeWorkCommuteMedian":20424,"workHomeCommuteMedian":-1},"geometry":{"type":"Polygon","coordinates":[[[132.81938781114633,34.012717169850994],[132.81938781114633,34.02171037348824],[132.82838101478356,34.02171037348824],[132.82838101478356,34.012717169850994],[132.81938781114633,34.012717169850994]]]}},{"type":"Feature","properties":{"jobs":0,"pop":42,"pointCount":2,"homeWorkCommuteMedian":20693,"workHomeCommuteMedian":-1},"geometry":{"type":"Polygon","coordinates":[[[132.81938781114633,34.02171037348824],[132.81938781114633,34.030703577125486],[132.82838101478356,34.030703577125486],[132.82838101478356,34.02171037348824],[132.81938781114633,34.02171037348824]]]}},{"type":"Feature","properties":{"jobs":63,"pop":46,"pointCount":3,"homeWorkCommuteMedian":46494,"workHomeCommuteMedian":29234},"geometry":{"type":"Polygon","coordinates":[[[132.82838101478356,33.57205019162594],[132.82838101478356,33.58104339526319],[132.8373742184208,33.58104339526319],[132.8373742184208,33.57205019162594],[132.82838101478356,33.57205019162594]]]}},{"type":"Feature","properties":{"jobs":6,"pop":15,"pointCount":2,"homeWorkCommuteMedian":35900,"workHomeCommuteMedian":22090},"geometry":{"type":"Polygon","coordinates":[[[132.82838101478356,33.61701620981217],[132.82838101478356,33.62600941344942],[132.8373742184208,33.62600941344942],[132.8373742184208,33.61701620981217],[132.82838101478356,33.61701620981217]]]}},{"type":"Feature","properties":{"jobs":0,"pop":11,"pointCount":1,"homeWorkCommuteMedian":18487,"workHomeCommuteMedian":-1},"geometry":{"type":"Polygon","coordinates":[[[132.82838101478356,33.697955042547385],[132.82838101478356,33.70694824618463],[132.8373742184208,33.70694824618463],[132.8373742184208,33.697955042547385],[132.82838101478356,33.697955042547385]]]}},{"type":"Feature","properties":{"jobs":0,"pop":94,"pointCount":3,"homeWorkCommuteMedian":16827,"workHomeCommuteMedian":-1},"geometry":{"type":"Polygon","coordinates":[[[132.82838101478356,33.71594144982188],[132.82838101478356,33.72493465345912],[132.8373742184208,33.72493465345912],[132.8373742184208,33.71594144982188],[132.82838101478356,33.71594144982188]]]}},{"type":"Feature","properties":{"jobs":0,"pop":57,"pointCount":1,"homeWorkCommuteMedian":9705,"workHomeCommuteMedian":-1},"geometry":{"type":"Polygon","coordinates":[[[132.82838101478356,33.72493465345912],[132.82838101478356,33.73392785709637],[132.8373742184208,33.73392785709637],[132.8373742184208,33.72493465345912],[132.82838101478356,33.72493465345912]]]}},{"type":"Feature","properties":{"jobs":0,"pop":107,"pointCount":5,"homeWorkCommuteMedian":18640,"workHomeCommuteMedian":-1},"geometry":{"type":"Polygon","coordinates":[[[132.82838101478356,33.73392785709637],[132.82838101478356,33.742921060733615],[132.8373742184208,33.742921060733615],[132.8373742184208,33.73392785709637],[132.82838101478356,33.73392785709637]]]}},{"type":"Feature","properties":{"jobs":27,"pop":65,"pointCount":3,"homeWorkCommuteMedian":11728,"workHomeCommuteMedian":23526},"geometry":{"type":"Polygon","coordinates":[[[132.82838101478356,33.742921060733615],[132.82838101478356,33.75191426437086],[132.8373742184208,33.75191426437086],[132.8373742184208,33.742921060733615],[132.82838101478356,33.742921060733615]]]}},{"type":"Feature","properties":{"jobs":102,"pop":126,"pointCount":5,"homeWorkCommuteMedian":11460,"workHomeCommuteMedian":11583},"geometry":{"type":"Polygon","coordinates":[[[132.82838101478356,33.76090746800811],[132.82838101478356,33.76990067164535],[132.8373742184208,33.76990067164535],[132.8373742184208,33.76090746800811],[132.82838101478356,33.76090746800811]]]}},{"type":"Feature","properties":{"jobs":395,"pop":379,"pointCount":16,"homeWorkCommuteMedian":11535,"workHomeCommuteMedian":10378},"geometry":{"type":"Polygon","coordinates":[[[132.82838101478356,33.76990067164535],[132.82838101478356,33.7788938752826],[132.8373742184208,33.7788938752826],[132.8373742184208,33.76990067164535],[132.82838101478356,33.76990067164535]]]}},{"type":"Feature","properties":{"jobs":424,"pop":48,"pointCount":5,"homeWorkCommuteMedian":2436,"workHomeCommuteMedian":11444},"geometry":{"type":"Polygon","coordinates":[[[132.82838101478356,33.7788938752826],[132.82838101478356,33.787887078919844],[132.8373742184208,33.787887078919844],[132.8373742184208,33.7788938752826],[132.82838101478356,33.7788938752826]]]}},{"type":"Feature","properties":{"jobs":1188,"pop":357,"pointCount":11,"homeWorkCommuteMedian":6630,"workHomeCommuteMedian":7840},"geometry":{"type":"Polygon","coordinates":[[[132.82838101478356,33.787887078919844],[132.82838101478356,33.79688028255709],[132.8373742184208,33.79688028255709],[132.8373742184208,33.787887078919844],[132.82838101478356,33.787887078919844]]]}},{"type":"Feature","properties":{"jobs":1366,"pop":3635,"pointCount":18,"homeWorkCommuteMedian":8362,"workHomeCommuteMedian":9312},"geometry":{"type":"Polygon","coordinates":[[[132.82838101478356,33.79688028255709],[132.82838101478356,33.805873486194336],[132.8373742184208,33.805873486194336],[132.8373742184208,33.79688028255709],[132.82838101478356,33.79688028255709]]]}},{"type":"Feature","properties":{"jobs":657,"pop":1387,"pointCount":16,"homeWorkCommuteMedian":8826,"workHomeCommuteMedian":4617},"geometry":{"type":"Polygon","coordinates":[[[132.82838101478356,33.805873486194336],[132.82838101478356,33.81486668983158],[132.8373742184208,33.81486668983158],[132.8373742184208,33.805873486194336],[132.82838101478356,33.805873486194336]]]}},{"type":"Feature","properties":{"jobs":11,"pop":142,"pointCount":5,"homeWorkCommuteMedian":8599,"workHomeCommuteMedian":76294},"geometry":{"type":"Polygon","coordinates":[[[132.82838101478356,33.81486668983158],[132.82838101478356,33.82385989346883],[132.8373742184208,33.82385989346883],[132.8373742184208,33.81486668983158],[132.82838101478356,33.81486668983158]]]}},{"type":"Feature","properties":{"jobs":4,"pop":15,"pointCount":1,"homeWorkCommuteMedian":9639,"workHomeCommuteMedian":11468},"geometry":{"type":"Polygon","coordinates":[[[132.82838101478356,33.86882591165506],[132.82838101478356,33.877819115292304],[132.8373742184208,33.877819115292304],[132.8373742184208,33.86882591165506],[132.82838101478356,33.86882591165506]]]}},{"type":"Feature","properties":{"jobs":23,"pop":15,"pointCount":1,"homeWorkCommuteMedian":14461,"workHomeCommuteMedian":15350},"geometry":{"type":"Polygon","coordinates":[[[132.82838101478356,33.877819115292304],[132.82838101478356,33.88681231892955],[132.8373742184208,33.88681231892955],[132.8373742184208,33.877819115292304],[132.82838101478356,33.877819115292304]]]}},{"type":"Feature","properties":{"jobs":0,"pop":7,"pointCount":1,"homeWorkCommuteMedian":16984,"workHomeCommuteMedian":-1},"geometry":{"type":"Polygon","coordinates":[[[132.82838101478356,33.91379192984129],[132.82838101478356,33.922785133478534],[132.8373742184208,33.922785133478534],[132.8373742184208,33.91379192984129],[132.82838101478356,33.91379192984129]]]}},{"type":"Feature","properties":{"jobs":40,"pop":66,"pointCount":4,"homeWorkCommuteMedian":7366,"workHomeCommuteMedian":6950},"geometry":{"type":"Polygon","coordinates":[[[132.82838101478356,33.967751151664764],[132.82838101478356,33.97674435530201],[132.8373742184208,33.97674435530201],[132.8373742184208,33.967751151664764],[132.82838101478356,33.967751151664764]]]}},{"type":"Feature","properties":{"jobs":38,"pop":17,"pointCount":2,"homeWorkCommuteMedian":29636,"workHomeCommuteMedian":71720},"geometry":{"type":"Polygon","coordinates":[[[132.82838101478356,33.97674435530201],[132.82838101478356,33.985737558939256],[132.8373742184208,33.985737558939256],[132.8373742184208,33.97674435530201],[132.82838101478356,33.97674435530201]]]}},{"type":"Feature","properties":{"jobs":55,"pop":0,"pointCount":1,"homeWorkCommuteMedian":-1,"workHomeCommuteMedian":25719},"geometry":{"type":"Polygon","coordinates":[[[132.82838101478356,33.985737558939256],[132.82838101478356,33.9947307625765],[132.8373742184208,33.9947307625765],[132.8373742184208,33.985737558939256],[132.82838101478356,33.985737558939256]]]}},{"type":"Feature","properties":{"jobs":0,"pop":59,"pointCount":2,"homeWorkCommuteMedian":28043,"workHomeCommuteMedian":-1},"geometry":{"type":"Polygon","coordinates":[[[132.82838101478356,34.00372396621375],[132.82838101478356,34.012717169850994],[132.8373742184208,34.012717169850994],[132.8373742184208,34.00372396621375],[132.82838101478356,34.00372396621375]]]}},{"type":"Feature","properties":{"jobs":79,"pop":0,"pointCount":2,"homeWorkCommuteMedian":-1,"workHomeCommuteMedian":41989},"geometry":{"type":"Polygon","coordinates":[[[132.82838101478356,34.012717169850994],[132.82838101478356,34.02171037348824],[132.8373742184208,34.02171037348824],[132.8373742184208,34.012717169850994],[132.82838101478356,34.012717169850994]]]}},{"type":"Feature","properties":{"jobs":26,"pop":66,"pointCount":5,"homeWorkCommuteMedian":25078,"workHomeCommuteMedian":37181},"geometry":{"type":"Polygon","coordinates":[[[132.82838101478356,34.02171037348824],[132.82838101478356,34.030703577125486],[132.8373742184208,34.030703577125486],[132.8373742184208,34.02171037348824],[132.82838101478356,34.02171037348824]]]}},{"type":"Feature","properties":{"jobs":22,"pop":33,"pointCount":2,"homeWorkCommuteMedian":30895,"workHomeCommuteMedian":30793},"geometry":{"type":"Polygon","coordinates":[[[132.82838101478356,34.030703577125486],[132.82838101478356,34.03969678076273],[132.8373742184208,34.03969678076273],[132.8373742184208,34.030703577125486],[132.82838101478356,34.030703577125486]]]}},{"type":"Feature","properties":{"jobs":0,"pop":46,"pointCount":3,"homeWorkCommuteMedian":47102,"workHomeCommuteMedian":-1},"geometry":{"type":"Polygon","coordinates":[[[132.8373742184208,33.57205019162594],[132.8373742184208,33.58104339526319],[132.84636742205802,33.58104339526319],[132.84636742205802,33.57205019162594],[132.8373742184208,33.57205019162594]]]}},{"type":"Feature","properties":{"jobs":0,"pop":13,"pointCount":1,"homeWorkCommuteMedian":32485,"workHomeCommuteMedian":-1},"geometry":{"type":"Polygon","coordinates":[[[132.8373742184208,33.6619822279984],[132.8373742184208,33.67097543163565],[132.84636742205802,33.67097543163565],[132.84636742205802,33.6619822279984],[132.8373742184208,33.6619822279984]]]}},{"type":"Feature","properties":{"jobs":13,"pop":0,"pointCount":1,"homeWorkCommuteMedian":-1,"workHomeCommuteMedian":22132},"geometry":{"type":"Polygon","coordinates":[[[132.8373742184208,33.71594144982188],[132.8373742184208,33.72493465345912],[132.84636742205802,33.72493465345912],[132.84636742205802,33.71594144982188],[132.8373742184208,33.71594144982188]]]}},{"type":"Feature","properties":{"jobs":32,"pop":110,"pointCount":5,"homeWorkCommuteMedian":13928,"workHomeCommuteMedian":15768},"geometry":{"type":"Polygon","coordinates":[[[132.8373742184208,33.73392785709637],[132.8373742184208,33.742921060733615],[132.84636742205802,33.742921060733615],[132.84636742205802,33.73392785709637],[132.8373742184208,33.73392785709637]]]}},{"type":"Feature","properties":{"jobs":212,"pop":117,"pointCount":7,"homeWorkCommuteMedian":9756,"workHomeCommuteMedian":7042},"geometry":{"type":"Polygon","coordinates":[[[132.8373742184208,33.76990067164535],[132.8373742184208,33.7788938752826],[132.84636742205802,33.7788938752826],[132.84636742205802,33.76990067164535],[132.8373742184208,33.76990067164535]]]}},{"type":"Feature","properties":{"jobs":1012,"pop":12,"pointCount":6,"homeWorkCommuteMedian":11449,"workHomeCommuteMedian":9278},"geometry":{"type":"Polygon","coordinates":[[[132.8373742184208,33.7788938752826],[132.8373742184208,33.787887078919844],[132.84636742205802,33.787887078919844],[132.84636742205802,33.7788938752826],[132.8373742184208,33.7788938752826]]]}},{"type":"Feature","properties":{"jobs":634,"pop":2233,"pointCount":14,"homeWorkCommuteMedian":5401,"workHomeCommuteMedian":6174},"geometry":{"type":"Polygon","coordinates":[[[132.8373742184208,33.787887078919844],[132.8373742184208,33.79688028255709],[132.84636742205802,33.79688028255709],[132.84636742205802,33.787887078919844],[132.8373742184208,33.787887078919844]]]}},{"type":"Feature","properties":{"jobs":2520,"pop":2026,"pointCount":16,"homeWorkCommuteMedian":10774,"workHomeCommuteMedian":8107},"geometry":{"type":"Polygon","coordinates":[[[132.8373742184208,33.79688028255709],[132.8373742184208,33.805873486194336],[132.84636742205802,33.805873486194336],[132.84636742205802,33.79688028255709],[132.8373742184208,33.79688028255709]]]}},{"type":"Feature","properties":{"jobs":1105,"pop":1222,"pointCount":17,"homeWorkCommuteMedian":9829,"workHomeCommuteMedian":2826},"geometry":{"type":"Polygon","coordinates":[[[132.8373742184208,33.805873486194336],[132.8373742184208,33.81486668983158],[132.84636742205802,33.81486668983158],[132.84636742205802,33.805873486194336],[132.8373742184208,33.805873486194336]]]}},{"type":"Feature","properties":{"jobs":0,"pop":21,"pointCount":1,"homeWorkCommuteMedian":33917,"workHomeCommuteMedian":-1},"geometry":{"type":"Polygon","coordinates":[[[132.8373742184208,33.81486668983158],[132.8373742184208,33.82385989346883],[132.84636742205802,33.82385989346883],[132.84636742205802,33.81486668983158],[132.8373742184208,33.81486668983158]]]}},{"type":"Feature","properties":{"jobs":41,"pop":73,"pointCount":6,"homeWorkCommuteMedian":23474,"workHomeCommuteMedian":21662},"geometry":{"type":"Polygon","coordinates":[[[132.8373742184208,33.967751151664764],[132.8373742184208,33.97674435530201],[132.84636742205802,33.97674435530201],[132.84636742205802,33.967751151664764],[132.8373742184208,33.967751151664764]]]}},{"type":"Feature","properties":{"jobs":13,"pop":80,"pointCount":3,"homeWorkCommuteMedian":21881,"workHomeCommuteMedian":27495},"geometry":{"type":"Polygon","coordinates":[[[132.8373742184208,33.985737558939256],[132.8373742184208,33.9947307625765],[132.84636742205802,33.9947307625765],[132.84636742205802,33.985737558939256],[132.8373742184208,33.985737558939256]]]}},{"type":"Feature","properties":{"jobs":25,"pop":113,"pointCount":3,"homeWorkCommuteMedian":16602,"workHomeCommuteMedian":22574},"geometry":{"type":"Polygon","coordinates":[[[132.8373742184208,34.02171037348824],[132.8373742184208,34.030703577125486],[132.84636742205802,34.030703577125486],[132.84636742205802,34.02171037348824],[132.8373742184208,34.02171037348824]]]}},{"type":"Feature","properties":{"jobs":781,"pop":1018,"pointCount":13,"homeWorkCommuteMedian":18607,"workHomeCommuteMedian":13406},"geometry":{"type":"Polygon","coordinates":[[[132.8373742184208,34.030703577125486],[132.8373742184208,34.03969678076273],[132.84636742205802,34.03969678076273],[132.84636742205802,34.030703577125486],[132.8373742184208,34.030703577125486]]]}},{"type":"Feature","properties":{"jobs":14,"pop":171,"pointCount":2,"homeWorkCommuteMedian":19953,"workHomeCommuteMedian":30241},"geometry":{"type":"Polygon","coordinates":[[[132.8373742184208,34.03969678076273],[132.8373742184208,34.04868998439998],[132.84636742205802,34.04868998439998],[132.84636742205802,34.03969678076273],[132.8373742184208,34.03969678076273]]]}},{"type":"Feature","properties":{"jobs":0,"pop":25,"pointCount":1,"homeWorkCommuteMedian":34680,"workHomeCommuteMedian":-1},"geometry":{"type":"Polygon","coordinates":[[[132.84636742205802,33.63500261708666],[132.84636742205802,33.64399582072391],[132.85536062569525,33.64399582072391],[132.85536062569525,33.63500261708666],[132.84636742205802,33.63500261708666]]]}},{"type":"Feature","properties":{"jobs":0,"pop":11,"pointCount":1,"homeWorkCommuteMedian":39594,"workHomeCommuteMedian":-1},"geometry":{"type":"Polygon","coordinates":[[[132.84636742205802,33.64399582072391],[132.84636742205802,33.652989024361155],[132.85536062569525,33.652989024361155],[132.85536062569525,33.64399582072391],[132.84636742205802,33.64399582072391]]]}},{"type":"Feature","properties":{"jobs":0,"pop":23,"pointCount":1,"homeWorkCommuteMedian":16735,"workHomeCommuteMedian":-1},"geometry":{"type":"Polygon","coordinates":[[[132.84636742205802,33.71594144982188],[132.84636742205802,33.72493465345912],[132.85536062569525,33.72493465345912],[132.85536062569525,33.71594144982188],[132.84636742205802,33.71594144982188]]]}},{"type":"Feature","properties":{"jobs":0,"pop":56,"pointCount":3,"homeWorkCommuteMedian":18450,"workHomeCommuteMedian":-1},"geometry":{"type":"Polygon","coordinates":[[[132.84636742205802,33.73392785709637],[132.84636742205802,33.742921060733615],[132.85536062569525,33.742921060733615],[132.85536062569525,33.73392785709637],[132.84636742205802,33.73392785709637]]]}},{"type":"Feature","properties":{"jobs":47,"pop":231,"pointCount":6,"homeWorkCommuteMedian":5245,"workHomeCommuteMedian":2810},"geometry":{"type":"Polygon","coordinates":[[[132.84636742205802,33.76990067164535],[132.84636742205802,33.7788938752826],[132.85536062569525,33.7788938752826],[132.85536062569525,33.76990067164535],[132.84636742205802,33.76990067164535]]]}},{"type":"Feature","properties":{"jobs":11,"pop":62,"pointCount":3,"homeWorkCommuteMedian":2832,"workHomeCommuteMedian":5783},"geometry":{"type":"Polygon","coordinates":[[[132.84636742205802,33.7788938752826],[132.84636742205802,33.787887078919844],[132.85536062569525,33.787887078919844],[132.85536062569525,33.7788938752826],[132.84636742205802,33.7788938752826]]]}},{"type":"Feature","properties":{"jobs":1084,"pop":593,"pointCount":10,"homeWorkCommuteMedian":3612,"workHomeCommuteMedian":8995},"geometry":{"type":"Polygon","coordinates":[[[132.84636742205802,33.787887078919844],[132.84636742205802,33.79688028255709],[132.85536062569525,33.79688028255709],[132.85536062569525,33.787887078919844],[132.84636742205802,33.787887078919844]]]}},{"type":"Feature","properties":{"jobs":637,"pop":1215,"pointCount":13,"homeWorkCommuteMedian":9983,"workHomeCommuteMedian":6663},"geometry":{"type":"Polygon","coordinates":[[[132.84636742205802,33.79688028255709],[132.84636742205802,33.805873486194336],[132.85536062569525,33.805873486194336],[132.85536062569525,33.79688028255709],[132.84636742205802,33.79688028255709]]]}},{"type":"Feature","properties":{"jobs":177,"pop":151,"pointCount":5,"homeWorkCommuteMedian":18992,"workHomeCommuteMedian":11667},"geometry":{"type":"Polygon","coordinates":[[[132.84636742205802,33.805873486194336],[132.84636742205802,33.81486668983158],[132.85536062569525,33.81486668983158],[132.85536062569525,33.805873486194336],[132.84636742205802,33.805873486194336]]]}},{"type":"Feature","properties":{"jobs":0,"pop":109,"pointCount":5,"homeWorkCommuteMedian":15308,"workHomeCommuteMedian":-1},"geometry":{"type":"Polygon","coordinates":[[[132.84636742205802,33.81486668983158],[132.84636742205802,33.82385989346883],[132.85536062569525,33.82385989346883],[132.85536062569525,33.81486668983158],[132.84636742205802,33.81486668983158]]]}},{"type":"Feature","properties":{"jobs":0,"pop":28,"pointCount":1,"homeWorkCommuteMedian":14420,"workHomeCommuteMedian":-1},"geometry":{"type":"Polygon","coordinates":[[[132.84636742205802,33.82385989346883],[132.84636742205802,33.832853097106074],[132.85536062569525,33.832853097106074],[132.85536062569525,33.82385989346883],[132.84636742205802,33.82385989346883]]]}},{"type":"Feature","properties":{"jobs":0,"pop":4,"pointCount":1,"homeWorkCommuteMedian":10142,"workHomeCommuteMedian":-1},"geometry":{"type":"Polygon","coordinates":[[[132.84636742205802,33.895805522566796],[132.84636742205802,33.90479872620404],[132.85536062569525,33.90479872620404],[132.85536062569525,33.895805522566796],[132.84636742205802,33.895805522566796]]]}},{"type":"Feature","properties":{"jobs":0,"pop":13,"pointCount":1,"homeWorkCommuteMedian":28042,"workHomeCommuteMedian":-1},"geometry":{"type":"Polygon","coordinates":[[[132.84636742205802,34.00372396621375],[132.84636742205802,34.012717169850994],[132.85536062569525,34.012717169850994],[132.85536062569525,34.00372396621375],[132.84636742205802,34.00372396621375]]]}},{"type":"Feature","properties":{"jobs":7,"pop":101,"pointCount":5,"homeWorkCommuteMedian":24526,"workHomeCommuteMedian":20907},"geometry":{"type":"Polygon","coordinates":[[[132.84636742205802,34.02171037348824],[132.84636742205802,34.030703577125486],[132.85536062569525,34.030703577125486],[132.85536062569525,34.02171037348824],[132.84636742205802,34.02171037348824]]]}},{"type":"Feature","properties":{"jobs":152,"pop":236,"pointCount":7,"homeWorkCommuteMedian":23382,"workHomeCommuteMedian":6137},"geometry":{"type":"Polygon","coordinates":[[[132.84636742205802,34.030703577125486],[132.84636742205802,34.03969678076273],[132.85536062569525,34.03969678076273],[132.85536062569525,34.030703577125486],[132.84636742205802,34.030703577125486]]]}},{"type":"Feature","properties":{"jobs":222,"pop":106,"pointCount":6,"homeWorkCommuteMedian":16374,"workHomeCommuteMedian":28614},"geometry":{"type":"Polygon","coordinates":[[[132.84636742205802,34.03969678076273],[132.84636742205802,34.04868998439998],[132.85536062569525,34.04868998439998],[132.85536062569525,34.03969678076273],[132.84636742205802,34.03969678076273]]]}},{"type":"Feature","properties":{"jobs":7,"pop":11,"pointCount":1,"homeWorkCommuteMedian":13824,"workHomeCommuteMedian":38902},"geometry":{"type":"Polygon","coordinates":[[[132.85536062569525,33.57205019162594],[132.85536062569525,33.58104339526319],[132.8643538293325,33.58104339526319],[132.8643538293325,33.57205019162594],[132.85536062569525,33.57205019162594]]]}},{"type":"Feature","properties":{"jobs":59,"pop":12,"pointCount":2,"homeWorkCommuteMedian":48118,"workHomeCommuteMedian":47284},"geometry":{"type":"Polygon","coordinates":[[[132.85536062569525,33.59902980253768],[132.85536062569525,33.608023006174925],[132.8643538293325,33.608023006174925],[132.8643538293325,33.59902980253768],[132.85536062569525,33.59902980253768]]]}},{"type":"Feature","properties":{"jobs":0,"pop":16,"pointCount":1,"homeWorkCommuteMedian":39495,"workHomeCommuteMedian":-1},"geometry":{"type":"Polygon","coordinates":[[[132.85536062569525,33.62600941344942],[132.85536062569525,33.63500261708666],[132.8643538293325,33.63500261708666],[132.8643538293325,33.62600941344942],[132.85536062569525,33.62600941344942]]]}},{"type":"Feature","properties":{"jobs":0,"pop":11,"pointCount":1,"homeWorkCommuteMedian":32473,"workHomeCommuteMedian":-1},"geometry":{"type":"Polygon","coordinates":[[[132.85536062569525,33.67996863527289],[132.85536062569525,33.68896183891014],[132.8643538293325,33.68896183891014],[132.8643538293325,33.67996863527289],[132.85536062569525,33.67996863527289]]]}},{"type":"Feature","properties":{"jobs":0,"pop":13,"pointCount":1,"homeWorkCommuteMedian":27390,"workHomeCommuteMedian":-1},"geometry":{"type":"Polygon","coordinates":[[[132.85536062569525,33.70694824618463],[132.85536062569525,33.71594144982188],[132.8643538293325,33.71594144982188],[132.8643538293325,33.70694824618463],[132.85536062569525,33.70694824618463]]]}},{"type":"Feature","properties":{"jobs":81,"pop":41,"pointCount":5,"homeWorkCommuteMedian":16782,"workHomeCommuteMedian":8564},"geometry":{"type":"Polygon","coordinates":[[[132.85536062569525,33.76990067164535],[132.85536062569525,33.7788938752826],[132.8643538293325,33.7788938752826],[132.8643538293325,33.76990067164535],[132.85536062569525,33.76990067164535]]]}},{"type":"Feature","properties":{"jobs":301,"pop":110,"pointCount":5,"homeWorkCommuteMedian":6091,"workHomeCommuteMedian":5367},"geometry":{"type":"Polygon","coordinates":[[[132.85536062569525,33.7788938752826],[132.85536062569525,33.787887078919844],[132.8643538293325,33.787887078919844],[132.8643538293325,33.7788938752826],[132.85536062569525,33.7788938752826]]]}},{"type":"Feature","properties":{"jobs":412,"pop":1576,"pointCount":15,"homeWorkCommuteMedian":7847,"workHomeCommuteMedian":9009},"geometry":{"type":"Polygon","coordinates":[[[132.85536062569525,33.787887078919844],[132.85536062569525,33.79688028255709],[132.8643538293325,33.79688028255709],[132.8643538293325,33.787887078919844],[132.85536062569525,33.787887078919844]]]}},{"type":"Feature","properties":{"jobs":455,"pop":501,"pointCount":8,"homeWorkCommuteMedian":11525,"workHomeCommuteMedian":6996},"geometry":{"type":"Polygon","coordinates":[[[132.85536062569525,33.79688028255709],[132.85536062569525,33.805873486194336],[132.8643538293325,33.805873486194336],[132.8643538293325,33.79688028255709],[132.85536062569525,33.79688028255709]]]}},{"type":"Feature","properties":{"jobs":26,"pop":76,"pointCount":5,"homeWorkCommuteMedian":8486,"workHomeCommuteMedian":10314},"geometry":{"type":"Polygon","coordinates":[[[132.85536062569525,33.805873486194336],[132.85536062569525,33.81486668983158],[132.8643538293325,33.81486668983158],[132.8643538293325,33.805873486194336],[132.85536062569525,33.805873486194336]]]}},{"type":"Feature","properties":{"jobs":0,"pop":29,"pointCount":1,"homeWorkCommuteMedian":10883,"workHomeCommuteMedian":-1},"geometry":{"type":"Polygon","coordinates":[[[132.85536062569525,33.81486668983158],[132.85536062569525,33.82385989346883],[132.8643538293325,33.82385989346883],[132.8643538293325,33.81486668983158],[132.85536062569525,33.81486668983158]]]}},{"type":"Feature","properties":{"jobs":0,"pop":9,"pointCount":1,"homeWorkCommuteMedian":13369,"workHomeCommuteMedian":-1},"geometry":{"type":"Polygon","coordinates":[[[132.85536062569525,33.877819115292304],[132.85536062569525,33.88681231892955],[132.8643538293325,33.88681231892955],[132.8643538293325,33.877819115292304],[132.85536062569525,33.877819115292304]]]}},{"type":"Feature","properties":{"jobs":1,"pop":8,"pointCount":1,"homeWorkCommuteMedian":34425,"workHomeCommuteMedian":11728},"geometry":{"type":"Polygon","coordinates":[[[132.85536062569525,33.895805522566796],[132.85536062569525,33.90479872620404],[132.8643538293325,33.90479872620404],[132.8643538293325,33.895805522566796],[132.85536062569525,33.895805522566796]]]}},{"type":"Feature","properties":{"jobs":0,"pop":11,"pointCount":1,"homeWorkCommuteMedian":8447,"workHomeCommuteMedian":-1},"geometry":{"type":"Polygon","coordinates":[[[132.85536062569525,33.967751151664764],[132.85536062569525,33.97674435530201],[132.8643538293325,33.97674435530201],[132.8643538293325,33.967751151664764],[132.85536062569525,33.967751151664764]]]}},{"type":"Feature","properties":{"jobs":3,"pop":50,"pointCount":4,"homeWorkCommuteMedian":26049,"workHomeCommuteMedian":25299},"geometry":{"type":"Polygon","coordinates":[[[132.85536062569525,33.97674435530201],[132.85536062569525,33.985737558939256],[132.8643538293325,33.985737558939256],[132.8643538293325,33.97674435530201],[132.85536062569525,33.97674435530201]]]}},{"type":"Feature","properties":{"jobs":0,"pop":23,"pointCount":1,"homeWorkCommuteMedian":32966,"workHomeCommuteMedian":-1},"geometry":{"type":"Polygon","coordinates":[[[132.85536062569525,34.012717169850994],[132.85536062569525,34.02171037348824],[132.8643538293325,34.02171037348824],[132.8643538293325,34.012717169850994],[132.85536062569525,34.012717169850994]]]}},{"type":"Feature","properties":{"jobs":46,"pop":152,"pointCount":9,"homeWorkCommuteMedian":19363,"workHomeCommuteMedian":19279},"geometry":{"type":"Polygon","coordinates":[[[132.85536062569525,34.02171037348824],[132.85536062569525,34.030703577125486],[132.8643538293325,34.030703577125486],[132.8643538293325,34.02171037348824],[132.85536062569525,34.02171037348824]]]}},{"type":"Feature","properties":{"jobs":0,"pop":33,"pointCount":2,"homeWorkCommuteMedian":20900,"workHomeCommuteMedian":-1},"geometry":{"type":"Polygon","coordinates":[[[132.85536062569525,34.030703577125486],[132.85536062569525,34.03969678076273],[132.8643538293325,34.03969678076273],[132.8643538293325,34.030703577125486],[132.85536062569525,34.030703577125486]]]}},{"type":"Feature","properties":{"jobs":196,"pop":140,"pointCount":6,"homeWorkCommuteMedian":42112,"workHomeCommuteMedian":20495},"geometry":{"type":"Polygon","coordinates":[[[132.85536062569525,34.03969678076273],[132.85536062569525,34.04868998439998],[132.8643538293325,34.04868998439998],[132.8643538293325,34.03969678076273],[132.85536062569525,34.03969678076273]]]}},{"type":"Feature","properties":{"jobs":507,"pop":0,"pointCount":4,"homeWorkCommuteMedian":-1,"workHomeCommuteMedian":14184},"geometry":{"type":"Polygon","coordinates":[[[132.85536062569525,34.04868998439998],[132.85536062569525,34.057683188037224],[132.8643538293325,34.057683188037224],[132.8643538293325,34.04868998439998],[132.85536062569525,34.04868998439998]]]}},{"type":"Feature","properties":{"jobs":0,"pop":21,"pointCount":1,"homeWorkCommuteMedian":52357,"workHomeCommuteMedian":-1},"geometry":{"type":"Polygon","coordinates":[[[132.8643538293325,33.57205019162594],[132.8643538293325,33.58104339526319],[132.87334703296972,33.58104339526319],[132.87334703296972,33.57205019162594],[132.8643538293325,33.57205019162594]]]}},{"type":"Feature","properties":{"jobs":0,"pop":12,"pointCount":1,"homeWorkCommuteMedian":49700,"workHomeCommuteMedian":-1},"geometry":{"type":"Polygon","coordinates":[[[132.8643538293325,33.59902980253768],[132.8643538293325,33.608023006174925],[132.87334703296972,33.608023006174925],[132.87334703296972,33.59902980253768],[132.8643538293325,33.59902980253768]]]}},{"type":"Feature","properties":{"jobs":58,"pop":14,"pointCount":2,"homeWorkCommuteMedian":13807,"workHomeCommuteMedian":12507},"geometry":{"type":"Polygon","coordinates":[[[132.8643538293325,33.62600941344942],[132.8643538293325,33.63500261708666],[132.87334703296972,33.63500261708666],[132.87334703296972,33.62600941344942],[132.8643538293325,33.62600941344942]]]}},{"type":"Feature","properties":{"jobs":0,"pop":12,"pointCount":1,"homeWorkCommuteMedian":5658,"workHomeCommuteMedian":-1},"geometry":{"type":"Polygon","coordinates":[[[132.8643538293325,33.67996863527289],[132.8643538293325,33.68896183891014],[132.87334703296972,33.68896183891014],[132.87334703296972,33.67996863527289],[132.8643538293325,33.67996863527289]]]}},{"type":"Feature","properties":{"jobs":0,"pop":11,"pointCount":1,"homeWorkCommuteMedian":16334,"workHomeCommuteMedian":-1},"geometry":{"type":"Polygon","coordinates":[[[132.8643538293325,33.76090746800811],[132.8643538293325,33.76990067164535],[132.87334703296972,33.76990067164535],[132.87334703296972,33.76090746800811],[132.8643538293325,33.76090746800811]]]}},{"type":"Feature","properties":{"jobs":79,"pop":185,"pointCount":6,"homeWorkCommuteMedian":11726,"workHomeCommuteMedian":8409},"geometry":{"type":"Polygon","coordinates":[[[132.8643538293325,33.76990067164535],[132.8643538293325,33.7788938752826],[132.87334703296972,33.7788938752826],[132.87334703296972,33.76990067164535],[132.8643538293325,33.76990067164535]]]}},{"type":"Feature","properties":{"jobs":334,"pop":76,"pointCount":6,"homeWorkCommuteMedian":4557,"workHomeCommuteMedian":6345},"geometry":{"type":"Polygon","coordinates":[[[132.8643538293325,33.7788938752826],[132.8643538293325,33.787887078919844],[132.87334703296972,33.787887078919844],[132.87334703296972,33.7788938752826],[132.8643538293325,33.7788938752826]]]}},{"type":"Feature","properties":{"jobs":1849,"pop":1110,"pointCount":16,"homeWorkCommuteMedian":7775,"workHomeCommuteMedian":8455},"geometry":{"type":"Polygon","coordinates":[[[132.8643538293325,33.787887078919844],[132.8643538293325,33.79688028255709],[132.87334703296972,33.79688028255709],[132.87334703296972,33.787887078919844],[132.8643538293325,33.787887078919844]]]}},{"type":"Feature","properties":{"jobs":180,"pop":787,"pointCount":11,"homeWorkCommuteMedian":11473,"workHomeCommuteMedian":4667},"geometry":{"type":"Polygon","coordinates":[[[132.8643538293325,33.79688028255709],[132.8643538293325,33.805873486194336],[132.87334703296972,33.805873486194336],[132.87334703296972,33.79688028255709],[132.8643538293325,33.79688028255709]]]}},{"type":"Feature","properties":{"jobs":25,"pop":0,"pointCount":1,"homeWorkCommuteMedian":-1,"workHomeCommuteMedian":6212},"geometry":{"type":"Polygon","coordinates":[[[132.8643538293325,33.805873486194336],[132.8643538293325,33.81486668983158],[132.87334703296972,33.81486668983158],[132.87334703296972,33.805873486194336],[132.8643538293325,33.805873486194336]]]}},{"type":"Feature","properties":{"jobs":7,"pop":0,"pointCount":1,"homeWorkCommuteMedian":-1,"workHomeCommuteMedian":24097},"geometry":{"type":"Polygon","coordinates":[[[132.8643538293325,33.86882591165506],[132.8643538293325,33.877819115292304],[132.87334703296972,33.877819115292304],[132.87334703296972,33.86882591165506],[132.8643538293325,33.86882591165506]]]}},{"type":"Feature","properties":{"jobs":0,"pop":28,"pointCount":1,"homeWorkCommuteMedian":19481,"workHomeCommuteMedian":-1},"geometry":{"type":"Polygon","coordinates":[[[132.8643538293325,33.877819115292304],[132.8643538293325,33.88681231892955],[132.87334703296972,33.88681231892955],[132.87334703296972,33.877819115292304],[132.8643538293325,33.877819115292304]]]}},{"type":"Feature","properties":{"jobs":7,"pop":5,"pointCount":2,"homeWorkCommuteMedian":21924,"workHomeCommuteMedian":26515},"geometry":{"type":"Polygon","coordinates":[[[132.8643538293325,33.88681231892955],[132.8643538293325,33.895805522566796],[132.87334703296972,33.895805522566796],[132.87334703296972,33.88681231892955],[132.8643538293325,33.88681231892955]]]}},{"type":"Feature","properties":{"jobs":54,"pop":21,"pointCount":3,"homeWorkCommuteMedian":14399,"workHomeCommuteMedian":2783},"geometry":{"type":"Polygon","coordinates":[[[132.8643538293325,33.895805522566796],[132.8643538293325,33.90479872620404],[132.87334703296972,33.90479872620404],[132.87334703296972,33.895805522566796],[132.8643538293325,33.895805522566796]]]}},{"type":"Feature","properties":{"jobs":0,"pop":4,"pointCount":1,"homeWorkCommuteMedian":58856,"workHomeCommuteMedian":-1},"geometry":{"type":"Polygon","coordinates":[[[132.8643538293325,33.91379192984129],[132.8643538293325,33.922785133478534],[132.87334703296972,33.922785133478534],[132.87334703296972,33.91379192984129],[132.8643538293325,33.91379192984129]]]}},{"type":"Feature","properties":{"jobs":0,"pop":10,"pointCount":1,"homeWorkCommuteMedian":25608,"workHomeCommuteMedian":-1},"geometry":{"type":"Polygon","coordinates":[[[132.8643538293325,33.967751151664764],[132.8643538293325,33.97674435530201],[132.87334703296972,33.97674435530201],[132.87334703296972,33.967751151664764],[132.8643538293325,33.967751151664764]]]}},{"type":"Feature","properties":{"jobs":0,"pop":10,"pointCount":1,"homeWorkCommuteMedian":25966,"workHomeCommuteMedian":-1},"geometry":{"type":"Polygon","coordinates":[[[132.8643538293325,33.97674435530201],[132.8643538293325,33.985737558939256],[132.87334703296972,33.985737558939256],[132.87334703296972,33.97674435530201],[132.8643538293325,33.97674435530201]]]}},{"type":"Feature","properties":{"jobs":5,"pop":0,"pointCount":1,"homeWorkCommuteMedian":-1,"workHomeCommuteMedian":9103},"geometry":{"type":"Polygon","coordinates":[[[132.8643538293325,34.00372396621375],[132.8643538293325,34.012717169850994],[132.87334703296972,34.012717169850994],[132.87334703296972,34.00372396621375],[132.8643538293325,34.00372396621375]]]}},{"type":"Feature","properties":{"jobs":23,"pop":0,"pointCount":1,"homeWorkCommuteMedian":-1,"workHomeCommuteMedian":6731},"geometry":{"type":"Polygon","coordinates":[[[132.8643538293325,34.012717169850994],[132.8643538293325,34.02171037348824],[132.87334703296972,34.02171037348824],[132.87334703296972,34.012717169850994],[132.8643538293325,34.012717169850994]]]}},{"type":"Feature","properties":{"jobs":13,"pop":17,"pointCount":1,"homeWorkCommuteMedian":32661,"workHomeCommuteMedian":39322},"geometry":{"type":"Polygon","coordinates":[[[132.8643538293325,34.02171037348824],[132.8643538293325,34.030703577125486],[132.87334703296972,34.030703577125486],[132.87334703296972,34.02171037348824],[132.8643538293325,34.02171037348824]]]}},{"type":"Feature","properties":{"jobs":67,"pop":157,"pointCount":4,"homeWorkCommuteMedian":6153,"workHomeCommuteMedian":12614},"geometry":{"type":"Polygon","coordinates":[[[132.8643538293325,34.03969678076273],[132.8643538293325,34.04868998439998],[132.87334703296972,34.04868998439998],[132.87334703296972,34.03969678076273],[132.8643538293325,34.03969678076273]]]}},{"type":"Feature","properties":{"jobs":140,"pop":253,"pointCount":8,"homeWorkCommuteMedian":29037,"workHomeCommuteMedian":4780},"geometry":{"type":"Polygon","coordinates":[[[132.8643538293325,34.04868998439998],[132.8643538293325,34.057683188037224],[132.87334703296972,34.057683188037224],[132.87334703296972,34.04868998439998],[132.8643538293325,34.04868998439998]]]}},{"type":"Feature","properties":{"jobs":19,"pop":0,"pointCount":1,"homeWorkCommuteMedian":-1,"workHomeCommuteMedian":15762},"geometry":{"type":"Polygon","coordinates":[[[132.8643538293325,34.057683188037224],[132.8643538293325,34.06667639167447],[132.87334703296972,34.06667639167447],[132.87334703296972,34.057683188037224],[132.8643538293325,34.057683188037224]]]}},{"type":"Feature","properties":{"jobs":0,"pop":13,"pointCount":1,"homeWorkCommuteMedian":44354,"workHomeCommuteMedian":-1},"geometry":{"type":"Polygon","coordinates":[[[132.87334703296972,33.57205019162594],[132.87334703296972,33.58104339526319],[132.88234023660695,33.58104339526319],[132.88234023660695,33.57205019162594],[132.87334703296972,33.57205019162594]]]}},{"type":"Feature","properties":{"jobs":0,"pop":14,"pointCount":1,"homeWorkCommuteMedian":39491,"workHomeCommuteMedian":-1},"geometry":{"type":"Polygon","coordinates":[[[132.87334703296972,33.61701620981217],[132.87334703296972,33.62600941344942],[132.88234023660695,33.62600941344942],[132.88234023660695,33.61701620981217],[132.87334703296972,33.61701620981217]]]}},{"type":"Feature","properties":{"jobs":0,"pop":65,"pointCount":2,"homeWorkCommuteMedian":1932,"workHomeCommuteMedian":-1},"geometry":{"type":"Polygon","coordinates":[[[132.87334703296972,33.67097543163565],[132.87334703296972,33.67996863527289],[132.88234023660695,33.67996863527289],[132.88234023660695,33.67097543163565],[132.87334703296972,33.67097543163565]]]}},{"type":"Feature","properties":{"jobs":0,"pop":43,"pointCount":3,"homeWorkCommuteMedian":13710,"workHomeCommuteMedian":-1},"geometry":{"type":"Polygon","coordinates":[[[132.87334703296972,33.67996863527289],[132.87334703296972,33.68896183891014],[132.88234023660695,33.68896183891014],[132.88234023660695,33.67996863527289],[132.87334703296972,33.67996863527289]]]}},{"type":"Feature","properties":{"jobs":0,"pop":40,"pointCount":2,"homeWorkCommuteMedian":23128,"workHomeCommuteMedian":-1},"geometry":{"type":"Polygon","coordinates":[[[132.87334703296972,33.68896183891014],[132.87334703296972,33.697955042547385],[132.88234023660695,33.697955042547385],[132.88234023660695,33.68896183891014],[132.87334703296972,33.68896183891014]]]}},{"type":"Feature","properties":{"jobs":0,"pop":22,"pointCount":1,"homeWorkCommuteMedian":19736,"workHomeCommuteMedian":-1},"geometry":{"type":"Polygon","coordinates":[[[132.87334703296972,33.70694824618463],[132.87334703296972,33.71594144982188],[132.88234023660695,33.71594144982188],[132.88234023660695,33.70694824618463],[132.87334703296972,33.70694824618463]]]}},{"type":"Feature","properties":{"jobs":123,"pop":0,"pointCount":2,"homeWorkCommuteMedian":-1,"workHomeCommuteMedian":25684},"geometry":{"type":"Polygon","coordinates":[[[132.87334703296972,33.71594144982188],[132.87334703296972,33.72493465345912],[132.88234023660695,33.72493465345912],[132.88234023660695,33.71594144982188],[132.87334703296972,33.71594144982188]]]}},{"type":"Feature","properties":{"jobs":23,"pop":15,"pointCount":1,"homeWorkCommuteMedian":8748,"workHomeCommuteMedian":18809},"geometry":{"type":"Polygon","coordinates":[[[132.87334703296972,33.76090746800811],[132.87334703296972,33.76990067164535],[132.88234023660695,33.76990067164535],[132.88234023660695,33.76090746800811],[132.87334703296972,33.76090746800811]]]}},{"type":"Feature","properties":{"jobs":11,"pop":59,"pointCount":3,"homeWorkCommuteMedian":14050,"workHomeCommuteMedian":48056},"geometry":{"type":"Polygon","coordinates":[[[132.87334703296972,33.76990067164535],[132.87334703296972,33.7788938752826],[132.88234023660695,33.7788938752826],[132.88234023660695,33.76990067164535],[132.87334703296972,33.76990067164535]]]}},{"type":"Feature","properties":{"jobs":90,"pop":144,"pointCount":7,"homeWorkCommuteMedian":9341,"workHomeCommuteMedian":7107},"geometry":{"type":"Polygon","coordinates":[[[132.87334703296972,33.7788938752826],[132.87334703296972,33.787887078919844],[132.88234023660695,33.787887078919844],[132.88234023660695,33.7788938752826],[132.87334703296972,33.7788938752826]]]}},{"type":"Feature","properties":{"jobs":1904,"pop":618,"pointCount":12,"homeWorkCommuteMedian":10279,"workHomeCommuteMedian":9000},"geometry":{"type":"Polygon","coordinates":[[[132.87334703296972,33.787887078919844],[132.87334703296972,33.79688028255709],[132.88234023660695,33.79688028255709],[132.88234023660695,33.787887078919844],[132.87334703296972,33.787887078919844]]]}},{"type":"Feature","properties":{"jobs":7323,"pop":2449,"pointCount":25,"homeWorkCommuteMedian":8843,"workHomeCommuteMedian":11822},"geometry":{"type":"Polygon","coordinates":[[[132.87334703296972,33.79688028255709],[132.87334703296972,33.805873486194336],[132.88234023660695,33.805873486194336],[132.88234023660695,33.79688028255709],[132.87334703296972,33.79688028255709]]]}},{"type":"Feature","properties":{"jobs":789,"pop":339,"pointCount":9,"homeWorkCommuteMedian":13564,"workHomeCommuteMedian":3560},"geometry":{"type":"Polygon","coordinates":[[[132.87334703296972,33.805873486194336],[132.87334703296972,33.81486668983158],[132.88234023660695,33.81486668983158],[132.88234023660695,33.805873486194336],[132.87334703296972,33.805873486194336]]]}},{"type":"Feature","properties":{"jobs":0,"pop":18,"pointCount":1,"homeWorkCommuteMedian":20303,"workHomeCommuteMedian":-1},"geometry":{"type":"Polygon","coordinates":[[[132.87334703296972,33.895805522566796],[132.87334703296972,33.90479872620404],[132.88234023660695,33.90479872620404],[132.88234023660695,33.895805522566796],[132.87334703296972,33.895805522566796]]]}},{"type":"Feature","properties":{"jobs":21,"pop":0,"pointCount":1,"homeWorkCommuteMedian":-1,"workHomeCommuteMedian":24437},"geometry":{"type":"Polygon","coordinates":[[[132.87334703296972,34.00372396621375],[132.87334703296972,34.012717169850994],[132.88234023660695,34.012717169850994],[132.88234023660695,34.00372396621375],[132.87334703296972,34.00372396621375]]]}},{"type":"Feature","properties":{"jobs":0,"pop":5,"pointCount":1,"homeWorkCommuteMedian":22158,"workHomeCommuteMedian":-1},"geometry":{"type":"Polygon","coordinates":[[[132.87334703296972,34.012717169850994],[132.87334703296972,34.02171037348824],[132.88234023660695,34.02171037348824],[132.88234023660695,34.012717169850994],[132.87334703296972,34.012717169850994]]]}},{"type":"Feature","properties":{"jobs":0,"pop":39,"pointCount":2,"homeWorkCommuteMedian":18921,"workHomeCommuteMedian":-1},"geometry":{"type":"Polygon","coordinates":[[[132.87334703296972,34.030703577125486],[132.87334703296972,34.03969678076273],[132.88234023660695,34.03969678076273],[132.88234023660695,34.030703577125486],[132.87334703296972,34.030703577125486]]]}},{"type":"Feature","properties":{"jobs":0,"pop":78,"pointCount":3,"homeWorkCommuteMedian":15465,"workHomeCommuteMedian":-1},"geometry":{"type":"Polygon","coordinates":[[[132.87334703296972,34.03969678076273],[132.87334703296972,34.04868998439998],[132.88234023660695,34.04868998439998],[132.88234023660695,34.03969678076273],[132.87334703296972,34.03969678076273]]]}},{"type":"Feature","properties":{"jobs":75,"pop":260,"pointCount":10,"homeWorkCommuteMedian":13941,"workHomeCommuteMedian":10486},"geometry":{"type":"Polygon","coordinates":[[[132.87334703296972,34.04868998439998],[132.87334703296972,34.057683188037224],[132.88234023660695,34.057683188037224],[132.88234023660695,34.04868998439998],[132.87334703296972,34.04868998439998]]]}},{"type":"Feature","properties":{"jobs":20,"pop":50,"pointCount":2,"homeWorkCommuteMedian":27140,"workHomeCommuteMedian":33377},"geometry":{"type":"Polygon","coordinates":[[[132.87334703296972,34.18358803895867],[132.87334703296972,34.192581242595914],[132.88234023660695,34.192581242595914],[132.88234023660695,34.18358803895867],[132.87334703296972,34.18358803895867]]]}},{"type":"Feature","properties":{"jobs":13,"pop":31,"pointCount":3,"homeWorkCommuteMedian":45852,"workHomeCommuteMedian":2415},"geometry":{"type":"Polygon","coordinates":[[[132.88234023660695,33.608023006174925],[132.88234023660695,33.61701620981217],[132.89133344024418,33.61701620981217],[132.89133344024418,33.608023006174925],[132.88234023660695,33.608023006174925]]]}},{"type":"Feature","properties":{"jobs":0,"pop":10,"pointCount":1,"homeWorkCommuteMedian":27690,"workHomeCommuteMedian":-1},"geometry":{"type":"Polygon","coordinates":[[[132.88234023660695,33.6619822279984],[132.88234023660695,33.67097543163565],[132.89133344024418,33.67097543163565],[132.89133344024418,33.6619822279984],[132.88234023660695,33.6619822279984]]]}},{"type":"Feature","properties":{"jobs":42,"pop":83,"pointCount":6,"homeWorkCommuteMedian":14730,"workHomeCommuteMedian":25318},"geometry":{"type":"Polygon","coordinates":[[[132.88234023660695,33.67097543163565],[132.88234023660695,33.67996863527289],[132.89133344024418,33.67996863527289],[132.89133344024418,33.67097543163565],[132.88234023660695,33.67097543163565]]]}},{"type":"Feature","properties":{"jobs":67,"pop":41,"pointCount":4,"homeWorkCommuteMedian":27023,"workHomeCommuteMedian":14793},"geometry":{"type":"Polygon","coordinates":[[[132.88234023660695,33.67996863527289],[132.88234023660695,33.68896183891014],[132.89133344024418,33.68896183891014],[132.89133344024418,33.67996863527289],[132.88234023660695,33.67996863527289]]]}},{"type":"Feature","properties":{"jobs":0,"pop":14,"pointCount":1,"homeWorkCommuteMedian":16961,"workHomeCommuteMedian":-1},"geometry":{"type":"Polygon","coordinates":[[[132.88234023660695,33.73392785709637],[132.88234023660695,33.742921060733615],[132.89133344024418,33.742921060733615],[132.89133344024418,33.73392785709637],[132.88234023660695,33.73392785709637]]]}},{"type":"Feature","properties":{"jobs":0,"pop":101,"pointCount":7,"homeWorkCommuteMedian":17620,"workHomeCommuteMedian":-1},"geometry":{"type":"Polygon","coordinates":[[[132.88234023660695,33.742921060733615],[132.88234023660695,33.75191426437086],[132.89133344024418,33.75191426437086],[132.89133344024418,33.742921060733615],[132.88234023660695,33.742921060733615]]]}},{"type":"Feature","properties":{"jobs":75,"pop":121,"pointCount":7,"homeWorkCommuteMedian":6645,"workHomeCommuteMedian":5922},"geometry":{"type":"Polygon","coordinates":[[[132.88234023660695,33.75191426437086],[132.88234023660695,33.76090746800811],[132.89133344024418,33.76090746800811],[132.89133344024418,33.75191426437086],[132.88234023660695,33.75191426437086]]]}},{"type":"Feature","properties":{"jobs":67,"pop":168,"pointCount":5,"homeWorkCommuteMedian":16219,"workHomeCommuteMedian":14926},"geometry":{"type":"Polygon","coordinates":[[[132.88234023660695,33.76090746800811],[132.88234023660695,33.76990067164535],[132.89133344024418,33.76990067164535],[132.89133344024418,33.76090746800811],[132.88234023660695,33.76090746800811]]]}},{"type":"Feature","properties":{"jobs":168,"pop":47,"pointCount":3,"homeWorkCommuteMedian":16295,"workHomeCommuteMedian":5101},"geometry":{"type":"Polygon","coordinates":[[[132.88234023660695,33.76990067164535],[132.88234023660695,33.7788938752826],[132.89133344024418,33.7788938752826],[132.89133344024418,33.76990067164535],[132.88234023660695,33.76990067164535]]]}},{"type":"Feature","properties":{"jobs":81,"pop":60,"pointCount":4,"homeWorkCommuteMedian":5222,"workHomeCommuteMedian":14389},"geometry":{"type":"Polygon","coordinates":[[[132.88234023660695,33.7788938752826],[132.88234023660695,33.787887078919844],[132.89133344024418,33.787887078919844],[132.89133344024418,33.7788938752826],[132.88234023660695,33.7788938752826]]]}},{"type":"Feature","properties":{"jobs":455,"pop":100,"pointCount":6,"homeWorkCommuteMedian":11536,"workHomeCommuteMedian":11186},"geometry":{"type":"Polygon","coordinates":[[[132.88234023660695,33.787887078919844],[132.88234023660695,33.79688028255709],[132.89133344024418,33.79688028255709],[132.89133344024418,33.787887078919844],[132.88234023660695,33.787887078919844]]]}},{"type":"Feature","properties":{"jobs":1056,"pop":1406,"pointCount":10,"homeWorkCommuteMedian":11926,"workHomeCommuteMedian":11698},"geometry":{"type":"Polygon","coordinates":[[[132.88234023660695,33.79688028255709],[132.88234023660695,33.805873486194336],[132.89133344024418,33.805873486194336],[132.89133344024418,33.79688028255709],[132.88234023660695,33.79688028255709]]]}},{"type":"Feature","properties":{"jobs":35,"pop":244,"pointCount":8,"homeWorkCommuteMedian":4778,"workHomeCommuteMedian":13041},"geometry":{"type":"Polygon","coordinates":[[[132.88234023660695,33.805873486194336],[132.88234023660695,33.81486668983158],[132.89133344024418,33.81486668983158],[132.89133344024418,33.805873486194336],[132.88234023660695,33.805873486194336]]]}},{"type":"Feature","properties":{"jobs":0,"pop":12,"pointCount":1,"homeWorkCommuteMedian":20848,"workHomeCommuteMedian":-1},"geometry":{"type":"Polygon","coordinates":[[[132.88234023660695,33.91379192984129],[132.88234023660695,33.922785133478534],[132.89133344024418,33.922785133478534],[132.89133344024418,33.91379192984129],[132.88234023660695,33.91379192984129]]]}},{"type":"Feature","properties":{"jobs":0,"pop":8,"pointCount":1,"homeWorkCommuteMedian":25922,"workHomeCommuteMedian":-1},"geometry":{"type":"Polygon","coordinates":[[[132.88234023660695,33.922785133478534],[132.88234023660695,33.93177833711578],[132.89133344024418,33.93177833711578],[132.89133344024418,33.922785133478534],[132.88234023660695,33.922785133478534]]]}},{"type":"Feature","properties":{"jobs":22,"pop":0,"pointCount":1,"homeWorkCommuteMedian":-1,"workHomeCommuteMedian":17639},"geometry":{"type":"Polygon","coordinates":[[[132.88234023660695,34.00372396621375],[132.88234023660695,34.012717169850994],[132.89133344024418,34.012717169850994],[132.89133344024418,34.00372396621375],[132.88234023660695,34.00372396621375]]]}},{"type":"Feature","properties":{"jobs":18,"pop":0,"pointCount":1,"homeWorkCommuteMedian":-1,"workHomeCommuteMedian":21081},"geometry":{"type":"Polygon","coordinates":[[[132.88234023660695,34.012717169850994],[132.88234023660695,34.02171037348824],[132.89133344024418,34.02171037348824],[132.89133344024418,34.012717169850994],[132.88234023660695,34.012717169850994]]]}},{"type":"Feature","properties":{"jobs":0,"pop":60,"pointCount":2,"homeWorkCommuteMedian":14374,"workHomeCommuteMedian":-1},"geometry":{"type":"Polygon","coordinates":[[[132.88234023660695,34.04868998439998],[132.88234023660695,34.057683188037224],[132.89133344024418,34.057683188037224],[132.89133344024418,34.04868998439998],[132.88234023660695,34.04868998439998]]]}},{"type":"Feature","properties":{"jobs":31,"pop":88,"pointCount":3,"homeWorkCommuteMedian":13963,"workHomeCommuteMedian":12819},"geometry":{"type":"Polygon","coordinates":[[[132.88234023660695,34.057683188037224],[132.88234023660695,34.06667639167447],[132.89133344024418,34.06667639167447],[132.89133344024418,34.057683188037224],[132.88234023660695,34.057683188037224]]]}},{"type":"Feature","properties":{"jobs":0,"pop":13,"pointCount":1,"homeWorkCommuteMedian":40856,"workHomeCommuteMedian":-1},"geometry":{"type":"Polygon","coordinates":[[[132.88234023660695,34.17459483532142],[132.88234023660695,34.18358803895867],[132.89133344024418,34.18358803895867],[132.89133344024418,34.17459483532142],[132.88234023660695,34.17459483532142]]]}},{"type":"Feature","properties":{"jobs":135,"pop":94,"pointCount":5,"homeWorkCommuteMedian":24955,"workHomeCommuteMedian":28736},"geometry":{"type":"Polygon","coordinates":[[[132.88234023660695,34.18358803895867],[132.88234023660695,34.192581242595914],[132.89133344024418,34.192581242595914],[132.89133344024418,34.18358803895867],[132.88234023660695,34.18358803895867]]]}},{"type":"Feature","properties":{"jobs":22,"pop":20,"pointCount":2,"homeWorkCommuteMedian":8905,"workHomeCommuteMedian":8306},"geometry":{"type":"Polygon","coordinates":[[[132.89133344024418,33.608023006174925],[132.89133344024418,33.61701620981217],[132.9003266438814,33.61701620981217],[132.9003266438814,33.608023006174925],[132.89133344024418,33.608023006174925]]]}},{"type":"Feature","properties":{"jobs":0,"pop":32,"pointCount":2,"homeWorkCommuteMedian":35968,"workHomeCommuteMedian":-1},"geometry":{"type":"Polygon","coordinates":[[[132.89133344024418,33.64399582072391],[132.89133344024418,33.652989024361155],[132.9003266438814,33.652989024361155],[132.9003266438814,33.64399582072391],[132.89133344024418,33.64399582072391]]]}},{"type":"Feature","properties":{"jobs":197,"pop":254,"pointCount":9,"homeWorkCommuteMedian":28130,"workHomeCommuteMedian":7356},"geometry":{"type":"Polygon","coordinates":[[[132.89133344024418,33.652989024361155],[132.89133344024418,33.6619822279984],[132.9003266438814,33.6619822279984],[132.9003266438814,33.652989024361155],[132.89133344024418,33.652989024361155]]]}},{"type":"Feature","properties":{"jobs":190,"pop":276,"pointCount":10,"homeWorkCommuteMedian":27355,"workHomeCommuteMedian":11543},"geometry":{"type":"Polygon","coordinates":[[[132.89133344024418,33.6619822279984],[132.89133344024418,33.67097543163565],[132.9003266438814,33.67097543163565],[132.9003266438814,33.6619822279984],[132.89133344024418,33.6619822279984]]]}},{"type":"Feature","properties":{"jobs":32,"pop":14,"pointCount":2,"homeWorkCommuteMedian":9163,"workHomeCommuteMedian":26184},"geometry":{"type":"Polygon","coordinates":[[[132.89133344024418,33.67097543163565],[132.89133344024418,33.67996863527289],[132.9003266438814,33.67996863527289],[132.9003266438814,33.67097543163565],[132.89133344024418,33.67097543163565]]]}},{"type":"Feature","properties":{"jobs":0,"pop":11,"pointCount":1,"homeWorkCommuteMedian":55960,"workHomeCommuteMedian":-1},"geometry":{"type":"Polygon","coordinates":[[[132.89133344024418,33.73392785709637],[132.89133344024418,33.742921060733615],[132.9003266438814,33.742921060733615],[132.9003266438814,33.73392785709637],[132.89133344024418,33.73392785709637]]]}},{"type":"Feature","properties":{"jobs":0,"pop":116,"pointCount":3,"homeWorkCommuteMedian":22261,"workHomeCommuteMedian":-1},"geometry":{"type":"Polygon","coordinates":[[[132.89133344024418,33.75191426437086],[132.89133344024418,33.76090746800811],[132.9003266438814,33.76090746800811],[132.9003266438814,33.75191426437086],[132.89133344024418,33.75191426437086]]]}},{"type":"Feature","properties":{"jobs":36,"pop":289,"pointCount":5,"homeWorkCommuteMedian":5220,"workHomeCommuteMedian":13768},"geometry":{"type":"Polygon","coordinates":[[[132.89133344024418,33.787887078919844],[132.89133344024418,33.79688028255709],[132.9003266438814,33.79688028255709],[132.9003266438814,33.787887078919844],[132.89133344024418,33.787887078919844]]]}},{"type":"Feature","properties":{"jobs":1102,"pop":1471,"pointCount":18,"homeWorkCommuteMedian":4342,"workHomeCommuteMedian":10709},"geometry":{"type":"Polygon","coordinates":[[[132.89133344024418,33.79688028255709],[132.89133344024418,33.805873486194336],[132.9003266438814,33.805873486194336],[132.9003266438814,33.79688028255709],[132.89133344024418,33.79688028255709]]]}},{"type":"Feature","properties":{"jobs":43,"pop":313,"pointCount":9,"homeWorkCommuteMedian":13852,"workHomeCommuteMedian":6769},"geometry":{"type":"Polygon","coordinates":[[[132.89133344024418,33.805873486194336],[132.89133344024418,33.81486668983158],[132.9003266438814,33.81486668983158],[132.9003266438814,33.805873486194336],[132.89133344024418,33.805873486194336]]]}},{"type":"Feature","properties":{"jobs":0,"pop":72,"pointCount":2,"homeWorkCommuteMedian":46273,"workHomeCommuteMedian":-1},"geometry":{"type":"Polygon","coordinates":[[[132.89133344024418,33.81486668983158],[132.89133344024418,33.82385989346883],[132.9003266438814,33.82385989346883],[132.9003266438814,33.81486668983158],[132.89133344024418,33.81486668983158]]]}},{"type":"Feature","properties":{"jobs":26,"pop":19,"pointCount":2,"homeWorkCommuteMedian":20333,"workHomeCommuteMedian":16082},"geometry":{"type":"Polygon","coordinates":[[[132.89133344024418,33.84184630074332],[132.89133344024418,33.850839504380566],[132.9003266438814,33.850839504380566],[132.9003266438814,33.84184630074332],[132.89133344024418,33.84184630074332]]]}},{"type":"Feature","properties":{"jobs":0,"pop":13,"pointCount":1,"homeWorkCommuteMedian":17303,"workHomeCommuteMedian":-1},"geometry":{"type":"Polygon","coordinates":[[[132.89133344024418,34.00372396621375],[132.89133344024418,34.012717169850994],[132.9003266438814,34.012717169850994],[132.9003266438814,34.00372396621375],[132.89133344024418,34.00372396621375]]]}},{"type":"Feature","properties":{"jobs":0,"pop":29,"pointCount":1,"homeWorkCommuteMedian":12819,"workHomeCommuteMedian":-1},"geometry":{"type":"Polygon","coordinates":[[[132.89133344024418,34.04868998439998],[132.89133344024418,34.057683188037224],[132.9003266438814,34.057683188037224],[132.9003266438814,34.04868998439998],[132.89133344024418,34.04868998439998]]]}},{"type":"Feature","properties":{"jobs":39,"pop":41,"pointCount":3,"homeWorkCommuteMedian":10893,"workHomeCommuteMedian":37607},"geometry":{"type":"Polygon","coordinates":[[[132.89133344024418,34.057683188037224],[132.89133344024418,34.06667639167447],[132.9003266438814,34.06667639167447],[132.9003266438814,34.057683188037224],[132.89133344024418,34.057683188037224]]]}},{"type":"Feature","properties":{"jobs":2,"pop":0,"pointCount":1,"homeWorkCommuteMedian":-1,"workHomeCommuteMedian":38377},"geometry":{"type":"Polygon","coordinates":[[[132.89133344024418,34.18358803895867],[132.89133344024418,34.192581242595914],[132.9003266438814,34.192581242595914],[132.9003266438814,34.18358803895867],[132.89133344024418,34.18358803895867]]]}},{"type":"Feature","properties":{"jobs":0,"pop":17,"pointCount":1,"homeWorkCommuteMedian":8188,"workHomeCommuteMedian":-1},"geometry":{"type":"Polygon","coordinates":[[[132.9003266438814,33.608023006174925],[132.9003266438814,33.61701620981217],[132.90931984751865,33.61701620981217],[132.90931984751865,33.608023006174925],[132.9003266438814,33.608023006174925]]]}},{"type":"Feature","properties":{"jobs":0,"pop":40,"pointCount":2,"homeWorkCommuteMedian":33125,"workHomeCommuteMedian":-1},"geometry":{"type":"Polygon","coordinates":[[[132.9003266438814,33.61701620981217],[132.9003266438814,33.62600941344942],[132.90931984751865,33.62600941344942],[132.90931984751865,33.61701620981217],[132.9003266438814,33.61701620981217]]]}},{"type":"Feature","properties":{"jobs":10,"pop":17,"pointCount":2,"homeWorkCommuteMedian":2110,"workHomeCommuteMedian":7596},"geometry":{"type":"Polygon","coordinates":[[[132.9003266438814,33.63500261708666],[132.9003266438814,33.64399582072391],[132.90931984751865,33.64399582072391],[132.90931984751865,33.63500261708666],[132.9003266438814,33.63500261708666]]]}},{"type":"Feature","properties":{"jobs":485,"pop":232,"pointCount":11,"homeWorkCommuteMedian":11607,"workHomeCommuteMedian":22589},"geometry":{"type":"Polygon","coordinates":[[[132.9003266438814,33.64399582072391],[132.9003266438814,33.652989024361155],[132.90931984751865,33.652989024361155],[132.90931984751865,33.64399582072391],[132.9003266438814,33.64399582072391]]]}},{"type":"Feature","properties":{"jobs":1156,"pop":667,"pointCount":18,"homeWorkCommuteMedian":12507,"workHomeCommuteMedian":8905},"geometry":{"type":"Polygon","coordinates":[[[132.9003266438814,33.652989024361155],[132.9003266438814,33.6619822279984],[132.90931984751865,33.6619822279984],[132.90931984751865,33.652989024361155],[132.9003266438814,33.652989024361155]]]}},{"type":"Feature","properties":{"jobs":14,"pop":90,"pointCount":5,"homeWorkCommuteMedian":22353,"workHomeCommuteMedian":13807},"geometry":{"type":"Polygon","coordinates":[[[132.9003266438814,33.6619822279984],[132.9003266438814,33.67097543163565],[132.90931984751865,33.67097543163565],[132.90931984751865,33.6619822279984],[132.9003266438814,33.6619822279984]]]}},{"type":"Feature","properties":{"jobs":376,"pop":226,"pointCount":6,"homeWorkCommuteMedian":9052,"workHomeCommuteMedian":18026},"geometry":{"type":"Polygon","coordinates":[[[132.9003266438814,33.787887078919844],[132.9003266438814,33.79688028255709],[132.90931984751865,33.79688028255709],[132.90931984751865,33.787887078919844],[132.9003266438814,33.787887078919844]]]}},{"type":"Feature","properties":{"jobs":610,"pop":568,"pointCount":15,"homeWorkCommuteMedian":9298,"workHomeCommuteMedian":7721},"geometry":{"type":"Polygon","coordinates":[[[132.9003266438814,33.79688028255709],[132.9003266438814,33.805873486194336],[132.90931984751865,33.805873486194336],[132.90931984751865,33.79688028255709],[132.9003266438814,33.79688028255709]]]}},{"type":"Feature","properties":{"jobs":56,"pop":225,"pointCount":9,"homeWorkCommuteMedian":7318,"workHomeCommuteMedian":3909},"geometry":{"type":"Polygon","coordinates":[[[132.9003266438814,33.805873486194336],[132.9003266438814,33.81486668983158],[132.90931984751865,33.81486668983158],[132.90931984751865,33.805873486194336],[132.9003266438814,33.805873486194336]]]}},{"type":"Feature","properties":{"jobs":18,"pop":36,"pointCount":3,"homeWorkCommuteMedian":18163,"workHomeCommuteMedian":25309},"geometry":{"type":"Polygon","coordinates":[[[132.9003266438814,33.81486668983158],[132.9003266438814,33.82385989346883],[132.90931984751865,33.82385989346883],[132.90931984751865,33.81486668983158],[132.9003266438814,33.81486668983158]]]}},{"type":"Feature","properties":{"jobs":100,"pop":0,"pointCount":1,"homeWorkCommuteMedian":-1,"workHomeCommuteMedian":28206},"geometry":{"type":"Polygon","coordinates":[[[132.9003266438814,33.85983270801781],[132.9003266438814,33.86882591165506],[132.90931984751865,33.86882591165506],[132.90931984751865,33.85983270801781],[132.9003266438814,33.85983270801781]]]}},{"type":"Feature","properties":{"jobs":0,"pop":24,"pointCount":1,"homeWorkCommuteMedian":17635,"workHomeCommuteMedian":-1},"geometry":{"type":"Polygon","coordinates":[[[132.9003266438814,33.967751151664764],[132.9003266438814,33.97674435530201],[132.90931984751865,33.97674435530201],[132.90931984751865,33.967751151664764],[132.9003266438814,33.967751151664764]]]}},{"type":"Feature","properties":{"jobs":15,"pop":0,"pointCount":1,"homeWorkCommuteMedian":-1,"workHomeCommuteMedian":20740},"geometry":{"type":"Polygon","coordinates":[[[132.9003266438814,33.97674435530201],[132.9003266438814,33.985737558939256],[132.90931984751865,33.985737558939256],[132.90931984751865,33.97674435530201],[132.9003266438814,33.97674435530201]]]}},{"type":"Feature","properties":{"jobs":8,"pop":0,"pointCount":1,"homeWorkCommuteMedian":-1,"workHomeCommuteMedian":30350},"geometry":{"type":"Polygon","coordinates":[[[132.9003266438814,34.00372396621375],[132.9003266438814,34.012717169850994],[132.90931984751865,34.012717169850994],[132.90931984751865,34.00372396621375],[132.9003266438814,34.00372396621375]]]}},{"type":"Feature","properties":{"jobs":0,"pop":73,"pointCount":3,"homeWorkCommuteMedian":13184,"workHomeCommuteMedian":-1},"geometry":{"type":"Polygon","coordinates":[[[132.9003266438814,34.04868998439998],[132.9003266438814,34.057683188037224],[132.90931984751865,34.057683188037224],[132.90931984751865,34.04868998439998],[132.9003266438814,34.04868998439998]]]}},{"type":"Feature","properties":{"jobs":58,"pop":405,"pointCount":7,"homeWorkCommuteMedian":10339,"workHomeCommuteMedian":9180},"geometry":{"type":"Polygon","coordinates":[[[132.9003266438814,34.057683188037224],[132.9003266438814,34.06667639167447],[132.90931984751865,34.06667639167447],[132.90931984751865,34.057683188037224],[132.9003266438814,34.057683188037224]]]}},{"type":"Feature","properties":{"jobs":153,"pop":31,"pointCount":3,"homeWorkCommuteMedian":13819,"workHomeCommuteMedian":10529},"geometry":{"type":"Polygon","coordinates":[[[132.9003266438814,34.1116424098607],[132.9003266438814,34.120635613497946],[132.90931984751865,34.120635613497946],[132.90931984751865,34.1116424098607],[132.9003266438814,34.1116424098607]]]}},{"type":"Feature","properties":{"jobs":0,"pop":4,"pointCount":1,"homeWorkCommuteMedian":32970,"workHomeCommuteMedian":-1},"geometry":{"type":"Polygon","coordinates":[[[132.9003266438814,34.18358803895867],[132.9003266438814,34.192581242595914],[132.90931984751865,34.192581242595914],[132.90931984751865,34.18358803895867],[132.9003266438814,34.18358803895867]]]}},{"type":"Feature","properties":{"jobs":66,"pop":0,"pointCount":1,"homeWorkCommuteMedian":-1,"workHomeCommuteMedian":9163},"geometry":{"type":"Polygon","coordinates":[[[132.90931984751865,33.61701620981217],[132.90931984751865,33.62600941344942],[132.91831305115588,33.62600941344942],[132.91831305115588,33.61701620981217],[132.90931984751865,33.61701620981217]]]}},{"type":"Feature","properties":{"jobs":44,"pop":26,"pointCount":4,"homeWorkCommuteMedian":41540,"workHomeCommuteMedian":5740},"geometry":{"type":"Polygon","coordinates":[[[132.90931984751865,33.63500261708666],[132.90931984751865,33.64399582072391],[132.91831305115588,33.64399582072391],[132.91831305115588,33.63500261708666],[132.90931984751865,33.63500261708666]]]}},{"type":"Feature","properties":{"jobs":130,"pop":21,"pointCount":2,"homeWorkCommuteMedian":10495,"workHomeCommuteMedian":12645},"geometry":{"type":"Polygon","coordinates":[[[132.90931984751865,33.64399582072391],[132.90931984751865,33.652989024361155],[132.91831305115588,33.652989024361155],[132.91831305115588,33.64399582072391],[132.90931984751865,33.64399582072391]]]}},{"type":"Feature","properties":{"jobs":0,"pop":16,"pointCount":1,"homeWorkCommuteMedian":1873,"workHomeCommuteMedian":-1},"geometry":{"type":"Polygon","coordinates":[[[132.90931984751865,33.652989024361155],[132.90931984751865,33.6619822279984],[132.91831305115588,33.6619822279984],[132.91831305115588,33.652989024361155],[132.90931984751865,33.652989024361155]]]}},{"type":"Feature","properties":{"jobs":0,"pop":25,"pointCount":1,"homeWorkCommuteMedian":10069,"workHomeCommuteMedian":-1},"geometry":{"type":"Polygon","coordinates":[[[132.90931984751865,33.76090746800811],[132.90931984751865,33.76990067164535],[132.91831305115588,33.76990067164535],[132.91831305115588,33.76090746800811],[132.90931984751865,33.76090746800811]]]}},{"type":"Feature","properties":{"jobs":101,"pop":100,"pointCount":7,"homeWorkCommuteMedian":11992,"workHomeCommuteMedian":4109},"geometry":{"type":"Polygon","coordinates":[[[132.90931984751865,33.76990067164535],[132.90931984751865,33.7788938752826],[132.91831305115588,33.7788938752826],[132.91831305115588,33.76990067164535],[132.90931984751865,33.76990067164535]]]}},{"type":"Feature","properties":{"jobs":0,"pop":15,"pointCount":1,"homeWorkCommuteMedian":6005,"workHomeCommuteMedian":-1},"geometry":{"type":"Polygon","coordinates":[[[132.90931984751865,33.7788938752826],[132.90931984751865,33.787887078919844],[132.91831305115588,33.787887078919844],[132.91831305115588,33.7788938752826],[132.90931984751865,33.7788938752826]]]}},{"type":"Feature","properties":{"jobs":203,"pop":522,"pointCount":9,"homeWorkCommuteMedian":5660,"workHomeCommuteMedian":9410},"geometry":{"type":"Polygon","coordinates":[[[132.90931984751865,33.787887078919844],[132.90931984751865,33.79688028255709],[132.91831305115588,33.79688028255709],[132.91831305115588,33.787887078919844],[132.90931984751865,33.787887078919844]]]}},{"type":"Feature","properties":{"jobs":591,"pop":730,"pointCount":13,"homeWorkCommuteMedian":9420,"workHomeCommuteMedian":15425},"geometry":{"type":"Polygon","coordinates":[[[132.90931984751865,33.79688028255709],[132.90931984751865,33.805873486194336],[132.91831305115588,33.805873486194336],[132.91831305115588,33.79688028255709],[132.90931984751865,33.79688028255709]]]}},{"type":"Feature","properties":{"jobs":0,"pop":18,"pointCount":1,"homeWorkCommuteMedian":7672,"workHomeCommuteMedian":-1},"geometry":{"type":"Polygon","coordinates":[[[132.90931984751865,33.805873486194336],[132.90931984751865,33.81486668983158],[132.91831305115588,33.81486668983158],[132.91831305115588,33.805873486194336],[132.90931984751865,33.805873486194336]]]}},{"type":"Feature","properties":{"jobs":11,"pop":0,"pointCount":1,"homeWorkCommuteMedian":-1,"workHomeCommuteMedian":30484},"geometry":{"type":"Polygon","coordinates":[[[132.90931984751865,33.85983270801781],[132.90931984751865,33.86882591165506],[132.91831305115588,33.86882591165506],[132.91831305115588,33.85983270801781],[132.90931984751865,33.85983270801781]]]}},{"type":"Feature","properties":{"jobs":38,"pop":151,"pointCount":4,"homeWorkCommuteMedian":34373,"workHomeCommuteMedian":13030},"geometry":{"type":"Polygon","coordinates":[[[132.90931984751865,33.985737558939256],[132.90931984751865,33.9947307625765],[132.91831305115588,33.9947307625765],[132.91831305115588,33.985737558939256],[132.90931984751865,33.985737558939256]]]}},{"type":"Feature","properties":{"jobs":0,"pop":27,"pointCount":1,"homeWorkCommuteMedian":28194,"workHomeCommuteMedian":-1},"geometry":{"type":"Polygon","coordinates":[[[132.90931984751865,34.030703577125486],[132.90931984751865,34.03969678076273],[132.91831305115588,34.03969678076273],[132.91831305115588,34.030703577125486],[132.90931984751865,34.030703577125486]]]}},{"type":"Feature","properties":{"jobs":16,"pop":232,"pointCount":7,"homeWorkCommuteMedian":14436,"workHomeCommuteMedian":9124},"geometry":{"type":"Polygon","coordinates":[[[132.90931984751865,34.03969678076273],[132.90931984751865,34.04868998439998],[132.91831305115588,34.04868998439998],[132.91831305115588,34.03969678076273],[132.90931984751865,34.03969678076273]]]}},{"type":"Feature","properties":{"jobs":24,"pop":89,"pointCount":2,"homeWorkCommuteMedian":24258,"workHomeCommuteMedian":10750},"geometry":{"type":"Polygon","coordinates":[[[132.90931984751865,34.04868998439998],[132.90931984751865,34.057683188037224],[132.91831305115588,34.057683188037224],[132.91831305115588,34.04868998439998],[132.90931984751865,34.04868998439998]]]}},{"type":"Feature","properties":{"jobs":162,"pop":148,"pointCount":7,"homeWorkCommuteMedian":22827,"workHomeCommuteMedian":9808},"geometry":{"type":"Polygon","coordinates":[[[132.90931984751865,34.057683188037224],[132.90931984751865,34.06667639167447],[132.91831305115588,34.06667639167447],[132.91831305115588,34.057683188037224],[132.90931984751865,34.057683188037224]]]}},{"type":"Feature","properties":{"jobs":156,"pop":0,"pointCount":2,"homeWorkCommuteMedian":-1,"workHomeCommuteMedian":13179},"geometry":{"type":"Polygon","coordinates":[[[132.90931984751865,34.1116424098607],[132.90931984751865,34.120635613497946],[132.91831305115588,34.120635613497946],[132.91831305115588,34.1116424098607],[132.90931984751865,34.1116424098607]]]}},{"type":"Feature","properties":{"jobs":17,"pop":14,"pointCount":1,"homeWorkCommuteMedian":46324,"workHomeCommuteMedian":13387},"geometry":{"type":"Polygon","coordinates":[[[132.91831305115588,33.59902980253768],[132.91831305115588,33.608023006174925],[132.9273062547931,33.608023006174925],[132.9273062547931,33.59902980253768],[132.91831305115588,33.59902980253768]]]}},{"type":"Feature","properties":{"jobs":28,"pop":47,"pointCount":3,"homeWorkCommuteMedian":22303,"workHomeCommuteMedian":56766},"geometry":{"type":"Polygon","coordinates":[[[132.91831305115588,33.61701620981217],[132.91831305115588,33.62600941344942],[132.9273062547931,33.62600941344942],[132.9273062547931,33.61701620981217],[132.91831305115588,33.61701620981217]]]}},{"type":"Feature","properties":{"jobs":0,"pop":14,"pointCount":1,"homeWorkCommuteMedian":18674,"workHomeCommuteMedian":-1},"geometry":{"type":"Polygon","coordinates":[[[132.91831305115588,33.652989024361155],[132.91831305115588,33.6619822279984],[132.9273062547931,33.6619822279984],[132.9273062547931,33.652989024361155],[132.91831305115588,33.652989024361155]]]}},{"type":"Feature","properties":{"jobs":13,"pop":0,"pointCount":1,"homeWorkCommuteMedian":-1,"workHomeCommuteMedian":9972},"geometry":{"type":"Polygon","coordinates":[[[132.91831305115588,33.6619822279984],[132.91831305115588,33.67097543163565],[132.9273062547931,33.67097543163565],[132.9273062547931,33.6619822279984],[132.91831305115588,33.6619822279984]]]}},{"type":"Feature","properties":{"jobs":64,"pop":87,"pointCount":5,"homeWorkCommuteMedian":12100,"workHomeCommuteMedian":26471},"geometry":{"type":"Polygon","coordinates":[[[132.91831305115588,33.67097543163565],[132.91831305115588,33.67996863527289],[132.9273062547931,33.67996863527289],[132.9273062547931,33.67097543163565],[132.91831305115588,33.67097543163565]]]}},{"type":"Feature","properties":{"jobs":52,"pop":69,"pointCount":4,"homeWorkCommuteMedian":5702,"workHomeCommuteMedian":2147},"geometry":{"type":"Polygon","coordinates":[[[132.91831305115588,33.67996863527289],[132.91831305115588,33.68896183891014],[132.9273062547931,33.68896183891014],[132.9273062547931,33.67996863527289],[132.91831305115588,33.67996863527289]]]}},{"type":"Feature","properties":{"jobs":21,"pop":104,"pointCount":4,"homeWorkCommuteMedian":37244,"workHomeCommuteMedian":7948},"geometry":{"type":"Polygon","coordinates":[[[132.91831305115588,33.68896183891014],[132.91831305115588,33.697955042547385],[132.9273062547931,33.697955042547385],[132.9273062547931,33.68896183891014],[132.91831305115588,33.68896183891014]]]}},{"type":"Feature","properties":{"jobs":0,"pop":22,"pointCount":1,"homeWorkCommuteMedian":46038,"workHomeCommuteMedian":-1},"geometry":{"type":"Polygon","coordinates":[[[132.91831305115588,33.697955042547385],[132.91831305115588,33.70694824618463],[132.9273062547931,33.70694824618463],[132.9273062547931,33.697955042547385],[132.91831305115588,33.697955042547385]]]}},{"type":"Feature","properties":{"jobs":0,"pop":12,"pointCount":1,"homeWorkCommuteMedian":29471,"workHomeCommuteMedian":-1},"geometry":{"type":"Polygon","coordinates":[[[132.91831305115588,33.70694824618463],[132.91831305115588,33.71594144982188],[132.9273062547931,33.71594144982188],[132.9273062547931,33.70694824618463],[132.91831305115588,33.70694824618463]]]}},{"type":"Feature","properties":{"jobs":21,"pop":38,"pointCount":3,"homeWorkCommuteMedian":14371,"workHomeCommuteMedian":5437},"geometry":{"type":"Polygon","coordinates":[[[132.91831305115588,33.75191426437086],[132.91831305115588,33.76090746800811],[132.9273062547931,33.76090746800811],[132.9273062547931,33.75191426437086],[132.91831305115588,33.75191426437086]]]}},{"type":"Feature","properties":{"jobs":0,"pop":12,"pointCount":1,"homeWorkCommuteMedian":5714,"workHomeCommuteMedian":-1},"geometry":{"type":"Polygon","coordinates":[[[132.91831305115588,33.76090746800811],[132.91831305115588,33.76990067164535],[132.9273062547931,33.76990067164535],[132.9273062547931,33.76090746800811],[132.91831305115588,33.76090746800811]]]}},{"type":"Feature","properties":{"jobs":11,"pop":14,"pointCount":1,"homeWorkCommuteMedian":4175,"workHomeCommuteMedian":9293},"geometry":{"type":"Polygon","coordinates":[[[132.91831305115588,33.76990067164535],[132.91831305115588,33.7788938752826],[132.9273062547931,33.7788938752826],[132.9273062547931,33.76990067164535],[132.91831305115588,33.76990067164535]]]}},{"type":"Feature","properties":{"jobs":18,"pop":65,"pointCount":4,"homeWorkCommuteMedian":7193,"workHomeCommuteMedian":32037},"geometry":{"type":"Polygon","coordinates":[[[132.91831305115588,33.7788938752826],[132.91831305115588,33.787887078919844],[132.9273062547931,33.787887078919844],[132.9273062547931,33.7788938752826],[132.91831305115588,33.7788938752826]]]}},{"type":"Feature","properties":{"jobs":391,"pop":87,"pointCount":10,"homeWorkCommuteMedian":6687,"workHomeCommuteMedian":5222},"geometry":{"type":"Polygon","coordinates":[[[132.91831305115588,33.787887078919844],[132.91831305115588,33.79688028255709],[132.9273062547931,33.79688028255709],[132.9273062547931,33.787887078919844],[132.91831305115588,33.787887078919844]]]}},{"type":"Feature","properties":{"jobs":75,"pop":873,"pointCount":11,"homeWorkCommuteMedian":8223,"workHomeCommuteMedian":17301},"geometry":{"type":"Polygon","coordinates":[[[132.91831305115588,33.79688028255709],[132.91831305115588,33.805873486194336],[132.9273062547931,33.805873486194336],[132.9273062547931,33.79688028255709],[132.91831305115588,33.79688028255709]]]}},{"type":"Feature","properties":{"jobs":13,"pop":70,"pointCount":3,"homeWorkCommuteMedian":25500,"workHomeCommuteMedian":6792},"geometry":{"type":"Polygon","coordinates":[[[132.91831305115588,33.805873486194336],[132.91831305115588,33.81486668983158],[132.9273062547931,33.81486668983158],[132.9273062547931,33.805873486194336],[132.91831305115588,33.805873486194336]]]}},{"type":"Feature","properties":{"jobs":0,"pop":14,"pointCount":1,"homeWorkCommuteMedian":22832,"workHomeCommuteMedian":-1},"geometry":{"type":"Polygon","coordinates":[[[132.91831305115588,33.85983270801781],[132.91831305115588,33.86882591165506],[132.9273062547931,33.86882591165506],[132.9273062547931,33.85983270801781],[132.91831305115588,33.85983270801781]]]}},{"type":"Feature","properties":{"jobs":13,"pop":12,"pointCount":1,"homeWorkCommuteMedian":19393,"workHomeCommuteMedian":43505},"geometry":{"type":"Polygon","coordinates":[[[132.91831305115588,33.985737558939256],[132.91831305115588,33.9947307625765],[132.9273062547931,33.9947307625765],[132.9273062547931,33.985737558939256],[132.91831305115588,33.985737558939256]]]}},{"type":"Feature","properties":{"jobs":12,"pop":10,"pointCount":1,"homeWorkCommuteMedian":17261,"workHomeCommuteMedian":12078},"geometry":{"type":"Polygon","coordinates":[[[132.91831305115588,33.9947307625765],[132.91831305115588,34.00372396621375],[132.9273062547931,34.00372396621375],[132.9273062547931,33.9947307625765],[132.91831305115588,33.9947307625765]]]}},{"type":"Feature","properties":{"jobs":0,"pop":9,"pointCount":1,"homeWorkCommuteMedian":12469,"workHomeCommuteMedian":-1},"geometry":{"type":"Polygon","coordinates":[[[132.91831305115588,34.00372396621375],[132.91831305115588,34.012717169850994],[132.9273062547931,34.012717169850994],[132.9273062547931,34.00372396621375],[132.91831305115588,34.00372396621375]]]}},{"type":"Feature","properties":{"jobs":0,"pop":15,"pointCount":1,"homeWorkCommuteMedian":8165,"workHomeCommuteMedian":-1},"geometry":{"type":"Polygon","coordinates":[[[132.91831305115588,34.012717169850994],[132.91831305115588,34.02171037348824],[132.9273062547931,34.02171037348824],[132.9273062547931,34.012717169850994],[132.91831305115588,34.012717169850994]]]}},{"type":"Feature","properties":{"jobs":0,"pop":24,"pointCount":1,"homeWorkCommuteMedian":33998,"workHomeCommuteMedian":-1},"geometry":{"type":"Polygon","coordinates":[[[132.91831305115588,34.02171037348824],[132.91831305115588,34.030703577125486],[132.9273062547931,34.030703577125486],[132.9273062547931,34.02171037348824],[132.91831305115588,34.02171037348824]]]}},{"type":"Feature","properties":{"jobs":10,"pop":0,"pointCount":1,"homeWorkCommuteMedian":-1,"workHomeCommuteMedian":11063},"geometry":{"type":"Polygon","coordinates":[[[132.91831305115588,34.030703577125486],[132.91831305115588,34.03969678076273],[132.9273062547931,34.03969678076273],[132.9273062547931,34.030703577125486],[132.91831305115588,34.030703577125486]]]}},{"type":"Feature","properties":{"jobs":22,"pop":35,"pointCount":2,"homeWorkCommuteMedian":43034,"workHomeCommuteMedian":8137},"geometry":{"type":"Polygon","coordinates":[[[132.91831305115588,34.03969678076273],[132.91831305115588,34.04868998439998],[132.9273062547931,34.04868998439998],[132.9273062547931,34.03969678076273],[132.91831305115588,34.03969678076273]]]}},{"type":"Feature","properties":{"jobs":209,"pop":361,"pointCount":14,"homeWorkCommuteMedian":9579,"workHomeCommuteMedian":9352},"geometry":{"type":"Polygon","coordinates":[[[132.91831305115588,34.04868998439998],[132.91831305115588,34.057683188037224],[132.9273062547931,34.057683188037224],[132.9273062547931,34.04868998439998],[132.91831305115588,34.04868998439998]]]}},{"type":"Feature","properties":{"jobs":1241,"pop":385,"pointCount":17,"homeWorkCommuteMedian":10244,"workHomeCommuteMedian":7038},"geometry":{"type":"Polygon","coordinates":[[[132.91831305115588,34.057683188037224],[132.91831305115588,34.06667639167447],[132.9273062547931,34.06667639167447],[132.9273062547931,34.057683188037224],[132.91831305115588,34.057683188037224]]]}},{"type":"Feature","properties":{"jobs":1004,"pop":523,"pointCount":6,"homeWorkCommuteMedian":9947,"workHomeCommuteMedian":10975},"geometry":{"type":"Polygon","coordinates":[[[132.91831305115588,34.06667639167447],[132.91831305115588,34.075669595311716],[132.9273062547931,34.075669595311716],[132.9273062547931,34.06667639167447],[132.91831305115588,34.06667639167447]]]}},{"type":"Feature","properties":{"jobs":25,"pop":102,"pointCount":3,"homeWorkCommuteMedian":8444,"workHomeCommuteMedian":11178},"geometry":{"type":"Polygon","coordinates":[[[132.91831305115588,34.075669595311716],[132.91831305115588,34.08466279894896],[132.9273062547931,34.08466279894896],[132.9273062547931,34.075669595311716],[132.91831305115588,34.075669595311716]]]}},{"type":"Feature","properties":{"jobs":0,"pop":86,"pointCount":1,"homeWorkCommuteMedian":7041,"workHomeCommuteMedian":-1},"geometry":{"type":"Polygon","coordinates":[[[132.91831305115588,34.102649206223454],[132.91831305115588,34.1116424098607],[132.9273062547931,34.1116424098607],[132.9273062547931,34.102649206223454],[132.91831305115588,34.102649206223454]]]}},{"type":"Feature","properties":{"jobs":44,"pop":55,"pointCount":2,"homeWorkCommuteMedian":8267,"workHomeCommuteMedian":23800},"geometry":{"type":"Polygon","coordinates":[[[132.91831305115588,34.1116424098607],[132.91831305115588,34.120635613497946],[132.9273062547931,34.120635613497946],[132.9273062547931,34.1116424098607],[132.91831305115588,34.1116424098607]]]}},{"type":"Feature","properties":{"jobs":14,"pop":35,"pointCount":2,"homeWorkCommuteMedian":58552,"workHomeCommuteMedian":19073},"geometry":{"type":"Polygon","coordinates":[[[132.91831305115588,34.18358803895867],[132.91831305115588,34.192581242595914],[132.9273062547931,34.192581242595914],[132.9273062547931,34.18358803895867],[132.91831305115588,34.18358803895867]]]}},{"type":"Feature","properties":{"jobs":0,"pop":17,"pointCount":1,"homeWorkCommuteMedian":5721,"workHomeCommuteMedian":-1},"geometry":{"type":"Polygon","coordinates":[[[132.9273062547931,33.59902980253768],[132.9273062547931,33.608023006174925],[132.93629945843034,33.608023006174925],[132.93629945843034,33.59902980253768],[132.9273062547931,33.59902980253768]]]}},{"type":"Feature","properties":{"jobs":11,"pop":0,"pointCount":1,"homeWorkCommuteMedian":-1,"workHomeCommuteMedian":38924},"geometry":{"type":"Polygon","coordinates":[[[132.9273062547931,33.608023006174925],[132.9273062547931,33.61701620981217],[132.93629945843034,33.61701620981217],[132.93629945843034,33.608023006174925],[132.9273062547931,33.608023006174925]]]}},{"type":"Feature","properties":{"jobs":0,"pop":33,"pointCount":2,"homeWorkCommuteMedian":5457,"workHomeCommuteMedian":-1},"geometry":{"type":"Polygon","coordinates":[[[132.9273062547931,33.64399582072391],[132.9273062547931,33.652989024361155],[132.93629945843034,33.652989024361155],[132.93629945843034,33.64399582072391],[132.9273062547931,33.64399582072391]]]}},{"type":"Feature","properties":{"jobs":0,"pop":13,"pointCount":1,"homeWorkCommuteMedian":22884,"workHomeCommuteMedian":-1},"geometry":{"type":"Polygon","coordinates":[[[132.9273062547931,33.6619822279984],[132.9273062547931,33.67097543163565],[132.93629945843034,33.67097543163565],[132.93629945843034,33.6619822279984],[132.9273062547931,33.6619822279984]]]}},{"type":"Feature","properties":{"jobs":47,"pop":68,"pointCount":3,"homeWorkCommuteMedian":4165,"workHomeCommuteMedian":4663},"geometry":{"type":"Polygon","coordinates":[[[132.9273062547931,33.67097543163565],[132.9273062547931,33.67996863527289],[132.93629945843034,33.67996863527289],[132.93629945843034,33.67097543163565],[132.9273062547931,33.67097543163565]]]}},{"type":"Feature","properties":{"jobs":0,"pop":13,"pointCount":1,"homeWorkCommuteMedian":32815,"workHomeCommuteMedian":-1},"geometry":{"type":"Polygon","coordinates":[[[132.9273062547931,33.67996863527289],[132.9273062547931,33.68896183891014],[132.93629945843034,33.68896183891014],[132.93629945843034,33.67996863527289],[132.9273062547931,33.67996863527289]]]}},{"type":"Feature","properties":{"jobs":0,"pop":10,"pointCount":1,"homeWorkCommuteMedian":26941,"workHomeCommuteMedian":-1},"geometry":{"type":"Polygon","coordinates":[[[132.9273062547931,33.68896183891014],[132.9273062547931,33.697955042547385],[132.93629945843034,33.697955042547385],[132.93629945843034,33.68896183891014],[132.9273062547931,33.68896183891014]]]}},{"type":"Feature","properties":{"jobs":0,"pop":26,"pointCount":1,"homeWorkCommuteMedian":29238,"workHomeCommuteMedian":-1},"geometry":{"type":"Polygon","coordinates":[[[132.9273062547931,33.75191426437086],[132.9273062547931,33.76090746800811],[132.93629945843034,33.76090746800811],[132.93629945843034,33.75191426437086],[132.9273062547931,33.75191426437086]]]}},{"type":"Feature","properties":{"jobs":394,"pop":158,"pointCount":8,"homeWorkCommuteMedian":20886,"workHomeCommuteMedian":10658},"geometry":{"type":"Polygon","coordinates":[[[132.9273062547931,33.787887078919844],[132.9273062547931,33.79688028255709],[132.93629945843034,33.79688028255709],[132.93629945843034,33.787887078919844],[132.9273062547931,33.787887078919844]]]}},{"type":"Feature","properties":{"jobs":63,"pop":82,"pointCount":6,"homeWorkCommuteMedian":21437,"workHomeCommuteMedian":23868},"geometry":{"type":"Polygon","coordinates":[[[132.9273062547931,33.79688028255709],[132.9273062547931,33.805873486194336],[132.93629945843034,33.805873486194336],[132.93629945843034,33.79688028255709],[132.9273062547931,33.79688028255709]]]}},{"type":"Feature","properties":{"jobs":0,"pop":11,"pointCount":1,"homeWorkCommuteMedian":20663,"workHomeCommuteMedian":-1},"geometry":{"type":"Polygon","coordinates":[[[132.9273062547931,33.805873486194336],[132.9273062547931,33.81486668983158],[132.93629945843034,33.81486668983158],[132.93629945843034,33.805873486194336],[132.9273062547931,33.805873486194336]]]}},{"type":"Feature","properties":{"jobs":75,"pop":0,"pointCount":1,"homeWorkCommuteMedian":-1,"workHomeCommuteMedian":13184},"geometry":{"type":"Polygon","coordinates":[[[132.9273062547931,33.97674435530201],[132.9273062547931,33.985737558939256],[132.93629945843034,33.985737558939256],[132.93629945843034,33.97674435530201],[132.9273062547931,33.97674435530201]]]}},{"type":"Feature","properties":{"jobs":0,"pop":35,"pointCount":1,"homeWorkCommuteMedian":71530,"workHomeCommuteMedian":-1},"geometry":{"type":"Polygon","coordinates":[[[132.9273062547931,33.9947307625765],[132.9273062547931,34.00372396621375],[132.93629945843034,34.00372396621375],[132.93629945843034,33.9947307625765],[132.9273062547931,33.9947307625765]]]}},{"type":"Feature","properties":{"jobs":6,"pop":70,"pointCount":6,"homeWorkCommuteMedian":12542,"workHomeCommuteMedian":11064},"geometry":{"type":"Polygon","coordinates":[[[132.9273062547931,34.012717169850994],[132.9273062547931,34.02171037348824],[132.93629945843034,34.02171037348824],[132.93629945843034,34.012717169850994],[132.9273062547931,34.012717169850994]]]}},{"type":"Feature","properties":{"jobs":0,"pop":165,"pointCount":2,"homeWorkCommuteMedian":8363,"workHomeCommuteMedian":-1},"geometry":{"type":"Polygon","coordinates":[[[132.9273062547931,34.02171037348824],[132.9273062547931,34.030703577125486],[132.93629945843034,34.030703577125486],[132.93629945843034,34.02171037348824],[132.9273062547931,34.02171037348824]]]}},{"type":"Feature","properties":{"jobs":96,"pop":452,"pointCount":4,"homeWorkCommuteMedian":9056,"workHomeCommuteMedian":45019},"geometry":{"type":"Polygon","coordinates":[[[132.9273062547931,34.04868998439998],[132.9273062547931,34.057683188037224],[132.93629945843034,34.057683188037224],[132.93629945843034,34.04868998439998],[132.9273062547931,34.04868998439998]]]}},{"type":"Feature","properties":{"jobs":248,"pop":327,"pointCount":5,"homeWorkCommuteMedian":8142,"workHomeCommuteMedian":4907},"geometry":{"type":"Polygon","coordinates":[[[132.9273062547931,34.057683188037224],[132.9273062547931,34.06667639167447],[132.93629945843034,34.06667639167447],[132.93629945843034,34.057683188037224],[132.9273062547931,34.057683188037224]]]}},{"type":"Feature","properties":{"jobs":636,"pop":1922,"pointCount":15,"homeWorkCommuteMedian":8362,"workHomeCommuteMedian":8769},"geometry":{"type":"Polygon","coordinates":[[[132.9273062547931,34.06667639167447],[132.9273062547931,34.075669595311716],[132.93629945843034,34.075669595311716],[132.93629945843034,34.06667639167447],[132.9273062547931,34.06667639167447]]]}},{"type":"Feature","properties":{"jobs":340,"pop":260,"pointCount":6,"homeWorkCommuteMedian":9506,"workHomeCommuteMedian":8604},"geometry":{"type":"Polygon","coordinates":[[[132.9273062547931,34.075669595311716],[132.9273062547931,34.08466279894896],[132.93629945843034,34.08466279894896],[132.93629945843034,34.075669595311716],[132.9273062547931,34.075669595311716]]]}},{"type":"Feature","properties":{"jobs":175,"pop":112,"pointCount":5,"homeWorkCommuteMedian":8451,"workHomeCommuteMedian":13398},"geometry":{"type":"Polygon","coordinates":[[[132.9273062547931,34.08466279894896],[132.9273062547931,34.09365600258621],[132.93629945843034,34.09365600258621],[132.93629945843034,34.08466279894896],[132.9273062547931,34.08466279894896]]]}},{"type":"Feature","properties":{"jobs":14,"pop":317,"pointCount":5,"homeWorkCommuteMedian":8775,"workHomeCommuteMedian":13559},"geometry":{"type":"Polygon","coordinates":[[[132.9273062547931,34.09365600258621],[132.9273062547931,34.102649206223454],[132.93629945843034,34.102649206223454],[132.93629945843034,34.09365600258621],[132.9273062547931,34.09365600258621]]]}},{"type":"Feature","properties":{"jobs":73,"pop":395,"pointCount":7,"homeWorkCommuteMedian":10735,"workHomeCommuteMedian":27666},"geometry":{"type":"Polygon","coordinates":[[[132.9273062547931,34.102649206223454],[132.9273062547931,34.1116424098607],[132.93629945843034,34.1116424098607],[132.93629945843034,34.102649206223454],[132.9273062547931,34.102649206223454]]]}},{"type":"Feature","properties":{"jobs":26,"pop":74,"pointCount":5,"homeWorkCommuteMedian":32805,"workHomeCommuteMedian":47115},"geometry":{"type":"Polygon","coordinates":[[[132.9273062547931,34.120635613497946],[132.9273062547931,34.12962881713519],[132.93629945843034,34.12962881713519],[132.93629945843034,34.120635613497946],[132.9273062547931,34.120635613497946]]]}},{"type":"Feature","properties":{"jobs":59,"pop":71,"pointCount":4,"homeWorkCommuteMedian":7148,"workHomeCommuteMedian":6739},"geometry":{"type":"Polygon","coordinates":[[[132.93629945843034,33.61701620981217],[132.93629945843034,33.62600941344942],[132.94529266206757,33.62600941344942],[132.94529266206757,33.61701620981217],[132.93629945843034,33.61701620981217]]]}},{"type":"Feature","properties":{"jobs":0,"pop":23,"pointCount":2,"homeWorkCommuteMedian":18169,"workHomeCommuteMedian":-1},"geometry":{"type":"Polygon","coordinates":[[[132.93629945843034,33.6619822279984],[132.93629945843034,33.67097543163565],[132.94529266206757,33.67097543163565],[132.94529266206757,33.6619822279984],[132.93629945843034,33.6619822279984]]]}},{"type":"Feature","properties":{"jobs":23,"pop":0,"pointCount":1,"homeWorkCommuteMedian":-1,"workHomeCommuteMedian":73786},"geometry":{"type":"Polygon","coordinates":[[[132.93629945843034,33.67097543163565],[132.93629945843034,33.67996863527289],[132.94529266206757,33.67996863527289],[132.94529266206757,33.67097543163565],[132.93629945843034,33.67097543163565]]]}},{"type":"Feature","properties":{"jobs":200,"pop":150,"pointCount":6,"homeWorkCommuteMedian":17380,"workHomeCommuteMedian":19057},"geometry":{"type":"Polygon","coordinates":[[[132.93629945843034,33.787887078919844],[132.93629945843034,33.79688028255709],[132.94529266206757,33.79688028255709],[132.94529266206757,33.787887078919844],[132.93629945843034,33.787887078919844]]]}},{"type":"Feature","properties":{"jobs":0,"pop":16,"pointCount":1,"homeWorkCommuteMedian":19718,"workHomeCommuteMedian":-1},"geometry":{"type":"Polygon","coordinates":[[[132.93629945843034,33.79688028255709],[132.93629945843034,33.805873486194336],[132.94529266206757,33.805873486194336],[132.94529266206757,33.79688028255709],[132.93629945843034,33.79688028255709]]]}},{"type":"Feature","properties":{"jobs":0,"pop":33,"pointCount":2,"homeWorkCommuteMedian":24749,"workHomeCommuteMedian":-1},"geometry":{"type":"Polygon","coordinates":[[[132.93629945843034,33.805873486194336],[132.93629945843034,33.81486668983158],[132.94529266206757,33.81486668983158],[132.94529266206757,33.805873486194336],[132.93629945843034,33.805873486194336]]]}},{"type":"Feature","properties":{"jobs":183,"pop":0,"pointCount":2,"homeWorkCommuteMedian":-1,"workHomeCommuteMedian":31249},"geometry":{"type":"Polygon","coordinates":[[[132.93629945843034,33.97674435530201],[132.93629945843034,33.985737558939256],[132.94529266206757,33.985737558939256],[132.94529266206757,33.97674435530201],[132.93629945843034,33.97674435530201]]]}},{"type":"Feature","properties":{"jobs":10,"pop":52,"pointCount":4,"homeWorkCommuteMedian":14490,"workHomeCommuteMedian":12821},"geometry":{"type":"Polygon","coordinates":[[[132.93629945843034,33.985737558939256],[132.93629945843034,33.9947307625765],[132.94529266206757,33.9947307625765],[132.94529266206757,33.985737558939256],[132.93629945843034,33.985737558939256]]]}},{"type":"Feature","properties":{"jobs":62,"pop":56,"pointCount":7,"homeWorkCommuteMedian":12251,"workHomeCommuteMedian":11892},"geometry":{"type":"Polygon","coordinates":[[[132.93629945843034,33.9947307625765],[132.93629945843034,34.00372396621375],[132.94529266206757,34.00372396621375],[132.94529266206757,33.9947307625765],[132.93629945843034,33.9947307625765]]]}},{"type":"Feature","properties":{"jobs":57,"pop":223,"pointCount":8,"homeWorkCommuteMedian":11175,"workHomeCommuteMedian":17207},"geometry":{"type":"Polygon","coordinates":[[[132.93629945843034,34.00372396621375],[132.93629945843034,34.012717169850994],[132.94529266206757,34.012717169850994],[132.94529266206757,34.00372396621375],[132.93629945843034,34.00372396621375]]]}},{"type":"Feature","properties":{"jobs":342,"pop":411,"pointCount":9,"homeWorkCommuteMedian":8055,"workHomeCommuteMedian":7385},"geometry":{"type":"Polygon","coordinates":[[[132.93629945843034,34.012717169850994],[132.93629945843034,34.02171037348824],[132.94529266206757,34.02171037348824],[132.94529266206757,34.012717169850994],[132.93629945843034,34.012717169850994]]]}},{"type":"Feature","properties":{"jobs":153,"pop":75,"pointCount":4,"homeWorkCommuteMedian":13009,"workHomeCommuteMedian":9106},"geometry":{"type":"Polygon","coordinates":[[[132.93629945843034,34.02171037348824],[132.93629945843034,34.030703577125486],[132.94529266206757,34.030703577125486],[132.94529266206757,34.02171037348824],[132.93629945843034,34.02171037348824]]]}},{"type":"Feature","properties":{"jobs":0,"pop":12,"pointCount":1,"homeWorkCommuteMedian":7445,"workHomeCommuteMedian":-1},"geometry":{"type":"Polygon","coordinates":[[[132.93629945843034,34.04868998439998],[132.93629945843034,34.057683188037224],[132.94529266206757,34.057683188037224],[132.94529266206757,34.04868998439998],[132.93629945843034,34.04868998439998]]]}},{"type":"Feature","properties":{"jobs":13,"pop":119,"pointCount":3,"homeWorkCommuteMedian":7622,"workHomeCommuteMedian":20838},"geometry":{"type":"Polygon","coordinates":[[[132.93629945843034,34.057683188037224],[132.93629945843034,34.06667639167447],[132.94529266206757,34.06667639167447],[132.94529266206757,34.057683188037224],[132.93629945843034,34.057683188037224]]]}},{"type":"Feature","properties":{"jobs":269,"pop":80,"pointCount":5,"homeWorkCommuteMedian":10753,"workHomeCommuteMedian":9640},"geometry":{"type":"Polygon","coordinates":[[[132.93629945843034,34.06667639167447],[132.93629945843034,34.075669595311716],[132.94529266206757,34.075669595311716],[132.94529266206757,34.06667639167447],[132.93629945843034,34.06667639167447]]]}},{"type":"Feature","properties":{"jobs":0,"pop":22,"pointCount":1,"homeWorkCommuteMedian":40295,"workHomeCommuteMedian":-1},"geometry":{"type":"Polygon","coordinates":[[[132.93629945843034,34.075669595311716],[132.93629945843034,34.08466279894896],[132.94529266206757,34.08466279894896],[132.94529266206757,34.075669595311716],[132.93629945843034,34.075669595311716]]]}},{"type":"Feature","properties":{"jobs":51,"pop":106,"pointCount":3,"homeWorkCommuteMedian":8717,"workHomeCommuteMedian":44879},"geometry":{"type":"Polygon","coordinates":[[[132.93629945843034,34.08466279894896],[132.93629945843034,34.09365600258621],[132.94529266206757,34.09365600258621],[132.94529266206757,34.08466279894896],[132.93629945843034,34.08466279894896]]]}},{"type":"Feature","properties":{"jobs":128,"pop":117,"pointCount":6,"homeWorkCommuteMedian":9750,"workHomeCommuteMedian":8335},"geometry":{"type":"Polygon","coordinates":[[[132.93629945843034,34.09365600258621],[132.93629945843034,34.102649206223454],[132.94529266206757,34.102649206223454],[132.94529266206757,34.09365600258621],[132.93629945843034,34.09365600258621]]]}},{"type":"Feature","properties":{"jobs":429,"pop":219,"pointCount":7,"homeWorkCommuteMedian":9247,"workHomeCommuteMedian":7910},"geometry":{"type":"Polygon","coordinates":[[[132.93629945843034,34.102649206223454],[132.93629945843034,34.1116424098607],[132.94529266206757,34.1116424098607],[132.94529266206757,34.102649206223454],[132.93629945843034,34.102649206223454]]]}},{"type":"Feature","properties":{"jobs":49,"pop":106,"pointCount":2,"homeWorkCommuteMedian":3129,"workHomeCommuteMedian":9732},"geometry":{"type":"Polygon","coordinates":[[[132.93629945843034,34.1116424098607],[132.93629945843034,34.120635613497946],[132.94529266206757,34.120635613497946],[132.94529266206757,34.1116424098607],[132.93629945843034,34.1116424098607]]]}},{"type":"Feature","properties":{"jobs":40,"pop":16,"pointCount":1,"homeWorkCommuteMedian":14011,"workHomeCommuteMedian":69611},"geometry":{"type":"Polygon","coordinates":[[[132.93629945843034,34.120635613497946],[132.93629945843034,34.12962881713519],[132.94529266206757,34.12962881713519],[132.94529266206757,34.120635613497946],[132.93629945843034,34.120635613497946]]]}},{"type":"Feature","properties":{"jobs":0,"pop":47,"pointCount":2,"homeWorkCommuteMedian":31889,"workHomeCommuteMedian":-1},"geometry":{"type":"Polygon","coordinates":[[[132.93629945843034,34.12962881713519],[132.93629945843034,34.13862202077244],[132.94529266206757,34.13862202077244],[132.94529266206757,34.12962881713519],[132.93629945843034,34.12962881713519]]]}},{"type":"Feature","properties":{"jobs":0,"pop":11,"pointCount":1,"homeWorkCommuteMedian":123299,"workHomeCommuteMedian":-1},"geometry":{"type":"Polygon","coordinates":[[[132.94529266206757,33.518090969802465],[132.94529266206757,33.52708417343971],[132.9542858657048,33.52708417343971],[132.9542858657048,33.518090969802465],[132.94529266206757,33.518090969802465]]]}},{"type":"Feature","properties":{"jobs":0,"pop":10,"pointCount":1,"homeWorkCommuteMedian":17875,"workHomeCommuteMedian":-1},"geometry":{"type":"Polygon","coordinates":[[[132.94529266206757,33.58104339526319],[132.94529266206757,33.59003659890043],[132.9542858657048,33.59003659890043],[132.9542858657048,33.58104339526319],[132.94529266206757,33.58104339526319]]]}},{"type":"Feature","properties":{"jobs":0,"pop":21,"pointCount":1,"homeWorkCommuteMedian":9184,"workHomeCommuteMedian":-1},"geometry":{"type":"Polygon","coordinates":[[[132.94529266206757,33.608023006174925],[132.94529266206757,33.61701620981217],[132.9542858657048,33.61701620981217],[132.9542858657048,33.608023006174925],[132.94529266206757,33.608023006174925]]]}},{"type":"Feature","properties":{"jobs":0,"pop":17,"pointCount":1,"homeWorkCommuteMedian":42633,"workHomeCommuteMedian":-1},"geometry":{"type":"Polygon","coordinates":[[[132.94529266206757,33.697955042547385],[132.94529266206757,33.70694824618463],[132.9542858657048,33.70694824618463],[132.9542858657048,33.697955042547385],[132.94529266206757,33.697955042547385]]]}},{"type":"Feature","properties":{"jobs":124,"pop":80,"pointCount":6,"homeWorkCommuteMedian":19388,"workHomeCommuteMedian":7656},"geometry":{"type":"Polygon","coordinates":[[[132.94529266206757,33.787887078919844],[132.94529266206757,33.79688028255709],[132.9542858657048,33.79688028255709],[132.9542858657048,33.787887078919844],[132.94529266206757,33.787887078919844]]]}},{"type":"Feature","properties":{"jobs":0,"pop":19,"pointCount":1,"homeWorkCommuteMedian":8652,"workHomeCommuteMedian":-1},"geometry":{"type":"Polygon","coordinates":[[[132.94529266206757,33.805873486194336],[132.94529266206757,33.81486668983158],[132.9542858657048,33.81486668983158],[132.9542858657048,33.805873486194336],[132.94529266206757,33.805873486194336]]]}},{"type":"Feature","properties":{"jobs":0,"pop":13,"pointCount":1,"homeWorkCommuteMedian":21777,"workHomeCommuteMedian":-1},"geometry":{"type":"Polygon","coordinates":[[[132.94529266206757,33.81486668983158],[132.94529266206757,33.82385989346883],[132.9542858657048,33.82385989346883],[132.9542858657048,33.81486668983158],[132.94529266206757,33.81486668983158]]]}},{"type":"Feature","properties":{"jobs":0,"pop":13,"pointCount":1,"homeWorkCommuteMedian":39858,"workHomeCommuteMedian":-1},"geometry":{"type":"Polygon","coordinates":[[[132.94529266206757,33.97674435530201],[132.94529266206757,33.985737558939256],[132.9542858657048,33.985737558939256],[132.9542858657048,33.97674435530201],[132.94529266206757,33.97674435530201]]]}},{"type":"Feature","properties":{"jobs":19,"pop":16,"pointCount":2,"homeWorkCommuteMedian":12863,"workHomeCommuteMedian":10275},"geometry":{"type":"Polygon","coordinates":[[[132.94529266206757,33.9947307625765],[132.94529266206757,34.00372396621375],[132.9542858657048,34.00372396621375],[132.9542858657048,33.9947307625765],[132.94529266206757,33.9947307625765]]]}},{"type":"Feature","properties":{"jobs":87,"pop":66,"pointCount":3,"homeWorkCommuteMedian":9204,"workHomeCommuteMedian":34070},"geometry":{"type":"Polygon","coordinates":[[[132.94529266206757,34.00372396621375],[132.94529266206757,34.012717169850994],[132.9542858657048,34.012717169850994],[132.9542858657048,34.00372396621375],[132.94529266206757,34.00372396621375]]]}},{"type":"Feature","properties":{"jobs":12,"pop":98,"pointCount":4,"homeWorkCommuteMedian":7055,"workHomeCommuteMedian":6340},"geometry":{"type":"Polygon","coordinates":[[[132.94529266206757,34.012717169850994],[132.94529266206757,34.02171037348824],[132.9542858657048,34.02171037348824],[132.9542858657048,34.012717169850994],[132.94529266206757,34.012717169850994]]]}},{"type":"Feature","properties":{"jobs":64,"pop":83,"pointCount":6,"homeWorkCommuteMedian":7226,"workHomeCommuteMedian":10178},"geometry":{"type":"Polygon","coordinates":[[[132.94529266206757,34.02171037348824],[132.94529266206757,34.030703577125486],[132.9542858657048,34.030703577125486],[132.9542858657048,34.02171037348824],[132.94529266206757,34.02171037348824]]]}},{"type":"Feature","properties":{"jobs":0,"pop":68,"pointCount":4,"homeWorkCommuteMedian":28300,"workHomeCommuteMedian":-1},"geometry":{"type":"Polygon","coordinates":[[[132.94529266206757,34.04868998439998],[132.94529266206757,34.057683188037224],[132.9542858657048,34.057683188037224],[132.9542858657048,34.04868998439998],[132.94529266206757,34.04868998439998]]]}},{"type":"Feature","properties":{"jobs":605,"pop":223,"pointCount":12,"homeWorkCommuteMedian":7861,"workHomeCommuteMedian":7207},"geometry":{"type":"Polygon","coordinates":[[[132.94529266206757,34.057683188037224],[132.94529266206757,34.06667639167447],[132.9542858657048,34.06667639167447],[132.9542858657048,34.057683188037224],[132.94529266206757,34.057683188037224]]]}},{"type":"Feature","properties":{"jobs":397,"pop":225,"pointCount":15,"homeWorkCommuteMedian":7454,"workHomeCommuteMedian":5642},"geometry":{"type":"Polygon","coordinates":[[[132.94529266206757,34.06667639167447],[132.94529266206757,34.075669595311716],[132.9542858657048,34.075669595311716],[132.9542858657048,34.06667639167447],[132.94529266206757,34.06667639167447]]]}},{"type":"Feature","properties":{"jobs":0,"pop":72,"pointCount":2,"homeWorkCommuteMedian":8889,"workHomeCommuteMedian":-1},"geometry":{"type":"Polygon","coordinates":[[[132.94529266206757,34.075669595311716],[132.94529266206757,34.08466279894896],[132.9542858657048,34.08466279894896],[132.9542858657048,34.075669595311716],[132.94529266206757,34.075669595311716]]]}},{"type":"Feature","properties":{"jobs":600,"pop":468,"pointCount":16,"homeWorkCommuteMedian":7659,"workHomeCommuteMedian":9435},"geometry":{"type":"Polygon","coordinates":[[[132.94529266206757,34.09365600258621],[132.94529266206757,34.102649206223454],[132.9542858657048,34.102649206223454],[132.9542858657048,34.09365600258621],[132.94529266206757,34.09365600258621]]]}},{"type":"Feature","properties":{"jobs":473,"pop":362,"pointCount":9,"homeWorkCommuteMedian":10881,"workHomeCommuteMedian":9261},"geometry":{"type":"Polygon","coordinates":[[[132.94529266206757,34.102649206223454],[132.94529266206757,34.1116424098607],[132.9542858657048,34.1116424098607],[132.9542858657048,34.102649206223454],[132.94529266206757,34.102649206223454]]]}},{"type":"Feature","properties":{"jobs":142,"pop":183,"pointCount":8,"homeWorkCommuteMedian":8769,"workHomeCommuteMedian":7852},"geometry":{"type":"Polygon","coordinates":[[[132.94529266206757,34.1116424098607],[132.94529266206757,34.120635613497946],[132.9542858657048,34.120635613497946],[132.9542858657048,34.1116424098607],[132.94529266206757,34.1116424098607]]]}},{"type":"Feature","properties":{"jobs":136,"pop":118,"pointCount":7,"homeWorkCommuteMedian":16737,"workHomeCommuteMedian":10534},"geometry":{"type":"Polygon","coordinates":[[[132.94529266206757,34.120635613497946],[132.94529266206757,34.12962881713519],[132.9542858657048,34.12962881713519],[132.9542858657048,34.120635613497946],[132.94529266206757,34.120635613497946]]]}},{"type":"Feature","properties":{"jobs":57,"pop":11,"pointCount":2,"homeWorkCommuteMedian":8816,"workHomeCommuteMedian":11369},"geometry":{"type":"Polygon","coordinates":[[[132.94529266206757,34.12962881713519],[132.94529266206757,34.13862202077244],[132.9542858657048,34.13862202077244],[132.9542858657048,34.12962881713519],[132.94529266206757,34.12962881713519]]]}},{"type":"Feature","properties":{"jobs":30,"pop":0,"pointCount":1,"homeWorkCommuteMedian":-1,"workHomeCommuteMedian":9123},"geometry":{"type":"Polygon","coordinates":[[[132.94529266206757,34.192581242595914],[132.94529266206757,34.20157444623316],[132.9542858657048,34.20157444623316],[132.9542858657048,34.192581242595914],[132.94529266206757,34.192581242595914]]]}},{"type":"Feature","properties":{"jobs":50,"pop":26,"pointCount":3,"homeWorkCommuteMedian":37114,"workHomeCommuteMedian":48227},"geometry":{"type":"Polygon","coordinates":[[[132.94529266206757,34.20157444623316],[132.94529266206757,34.210567649870406],[132.9542858657048,34.210567649870406],[132.9542858657048,34.20157444623316],[132.94529266206757,34.20157444623316]]]}},{"type":"Feature","properties":{"jobs":0,"pop":17,"pointCount":1,"homeWorkCommuteMedian":68102,"workHomeCommuteMedian":-1},"geometry":{"type":"Polygon","coordinates":[[[132.9542858657048,33.49111135889073],[132.9542858657048,33.50010456252797],[132.96327906934204,33.50010456252797],[132.96327906934204,33.49111135889073],[132.9542858657048,33.49111135889073]]]}},{"type":"Feature","properties":{"jobs":0,"pop":13,"pointCount":1,"homeWorkCommuteMedian":69332,"workHomeCommuteMedian":-1},"geometry":{"type":"Polygon","coordinates":[[[132.9542858657048,33.50909776616522],[132.9542858657048,33.518090969802465],[132.96327906934204,33.518090969802465],[132.96327906934204,33.50909776616522],[132.9542858657048,33.50909776616522]]]}},{"type":"Feature","properties":{"jobs":0,"pop":16,"pointCount":1,"homeWorkCommuteMedian":36489,"workHomeCommuteMedian":-1},"geometry":{"type":"Polygon","coordinates":[[[132.9542858657048,33.61701620981217],[132.9542858657048,33.62600941344942],[132.96327906934204,33.62600941344942],[132.96327906934204,33.61701620981217],[132.9542858657048,33.61701620981217]]]}},{"type":"Feature","properties":{"jobs":0,"pop":17,"pointCount":1,"homeWorkCommuteMedian":11193,"workHomeCommuteMedian":-1},"geometry":{"type":"Polygon","coordinates":[[[132.9542858657048,33.67097543163565],[132.9542858657048,33.67996863527289],[132.96327906934204,33.67996863527289],[132.96327906934204,33.67097543163565],[132.9542858657048,33.67097543163565]]]}},{"type":"Feature","properties":{"jobs":46,"pop":69,"pointCount":4,"homeWorkCommuteMedian":14793,"workHomeCommuteMedian":14730},"geometry":{"type":"Polygon","coordinates":[[[132.9542858657048,33.697955042547385],[132.9542858657048,33.70694824618463],[132.96327906934204,33.70694824618463],[132.96327906934204,33.697955042547385],[132.9542858657048,33.697955042547385]]]}},{"type":"Feature","properties":{"jobs":0,"pop":53,"pointCount":3,"homeWorkCommuteMedian":18007,"workHomeCommuteMedian":-1},"geometry":{"type":"Polygon","coordinates":[[[132.9542858657048,33.70694824618463],[132.9542858657048,33.71594144982188],[132.96327906934204,33.71594144982188],[132.96327906934204,33.70694824618463],[132.9542858657048,33.70694824618463]]]}},{"type":"Feature","properties":{"jobs":0,"pop":18,"pointCount":1,"homeWorkCommuteMedian":24532,"workHomeCommuteMedian":-1},"geometry":{"type":"Polygon","coordinates":[[[132.9542858657048,33.76990067164535],[132.9542858657048,33.7788938752826],[132.96327906934204,33.7788938752826],[132.96327906934204,33.76990067164535],[132.9542858657048,33.76990067164535]]]}},{"type":"Feature","properties":{"jobs":23,"pop":132,"pointCount":3,"homeWorkCommuteMedian":30081,"workHomeCommuteMedian":40936},"geometry":{"type":"Polygon","coordinates":[[[132.9542858657048,33.7788938752826],[132.9542858657048,33.787887078919844],[132.96327906934204,33.787887078919844],[132.96327906934204,33.7788938752826],[132.9542858657048,33.7788938752826]]]}},{"type":"Feature","properties":{"jobs":37,"pop":51,"pointCount":2,"homeWorkCommuteMedian":22131,"workHomeCommuteMedian":40658},"geometry":{"type":"Polygon","coordinates":[[[132.9542858657048,33.787887078919844],[132.9542858657048,33.79688028255709],[132.96327906934204,33.79688028255709],[132.96327906934204,33.787887078919844],[132.9542858657048,33.787887078919844]]]}},{"type":"Feature","properties":{"jobs":64,"pop":0,"pointCount":1,"homeWorkCommuteMedian":-1,"workHomeCommuteMedian":11432},"geometry":{"type":"Polygon","coordinates":[[[132.9542858657048,33.79688028255709],[132.9542858657048,33.805873486194336],[132.96327906934204,33.805873486194336],[132.96327906934204,33.79688028255709],[132.9542858657048,33.79688028255709]]]}},{"type":"Feature","properties":{"jobs":79,"pop":0,"pointCount":2,"homeWorkCommuteMedian":-1,"workHomeCommuteMedian":13396},"geometry":{"type":"Polygon","coordinates":[[[132.9542858657048,33.805873486194336],[132.9542858657048,33.81486668983158],[132.96327906934204,33.81486668983158],[132.96327906934204,33.805873486194336],[132.9542858657048,33.805873486194336]]]}},{"type":"Feature","properties":{"jobs":25,"pop":14,"pointCount":2,"homeWorkCommuteMedian":9869,"workHomeCommuteMedian":9944},"geometry":{"type":"Polygon","coordinates":[[[132.9542858657048,33.97674435530201],[132.9542858657048,33.985737558939256],[132.96327906934204,33.985737558939256],[132.96327906934204,33.97674435530201],[132.9542858657048,33.97674435530201]]]}},{"type":"Feature","properties":{"jobs":457,"pop":525,"pointCount":16,"homeWorkCommuteMedian":14207,"workHomeCommuteMedian":7675},"geometry":{"type":"Polygon","coordinates":[[[132.9542858657048,34.02171037348824],[132.9542858657048,34.030703577125486],[132.96327906934204,34.030703577125486],[132.96327906934204,34.02171037348824],[132.9542858657048,34.02171037348824]]]}},{"type":"Feature","properties":{"jobs":0,"pop":13,"pointCount":1,"homeWorkCommuteMedian":8014,"workHomeCommuteMedian":-1},"geometry":{"type":"Polygon","coordinates":[[[132.9542858657048,34.030703577125486],[132.9542858657048,34.03969678076273],[132.96327906934204,34.03969678076273],[132.96327906934204,34.030703577125486],[132.9542858657048,34.030703577125486]]]}},{"type":"Feature","properties":{"jobs":1140,"pop":71,"pointCount":5,"homeWorkCommuteMedian":7429,"workHomeCommuteMedian":9035},"geometry":{"type":"Polygon","coordinates":[[[132.9542858657048,34.03969678076273],[132.9542858657048,34.04868998439998],[132.96327906934204,34.04868998439998],[132.96327906934204,34.03969678076273],[132.9542858657048,34.03969678076273]]]}},{"type":"Feature","properties":{"jobs":77,"pop":131,"pointCount":7,"homeWorkCommuteMedian":8354,"workHomeCommuteMedian":6050},"geometry":{"type":"Polygon","coordinates":[[[132.9542858657048,34.04868998439998],[132.9542858657048,34.057683188037224],[132.96327906934204,34.057683188037224],[132.96327906934204,34.04868998439998],[132.9542858657048,34.04868998439998]]]}},{"type":"Feature","properties":{"jobs":1209,"pop":1360,"pointCount":18,"homeWorkCommuteMedian":6082,"workHomeCommuteMedian":5717},"geometry":{"type":"Polygon","coordinates":[[[132.9542858657048,34.057683188037224],[132.9542858657048,34.06667639167447],[132.96327906934204,34.06667639167447],[132.96327906934204,34.057683188037224],[132.9542858657048,34.057683188037224]]]}},{"type":"Feature","properties":{"jobs":100,"pop":358,"pointCount":9,"homeWorkCommuteMedian":6057,"workHomeCommuteMedian":9736},"geometry":{"type":"Polygon","coordinates":[[[132.9542858657048,34.06667639167447],[132.9542858657048,34.075669595311716],[132.96327906934204,34.075669595311716],[132.96327906934204,34.06667639167447],[132.9542858657048,34.06667639167447]]]}},{"type":"Feature","properties":{"jobs":0,"pop":94,"pointCount":5,"homeWorkCommuteMedian":7872,"workHomeCommuteMedian":-1},"geometry":{"type":"Polygon","coordinates":[[[132.9542858657048,34.08466279894896],[132.9542858657048,34.09365600258621],[132.96327906934204,34.09365600258621],[132.96327906934204,34.08466279894896],[132.9542858657048,34.08466279894896]]]}},{"type":"Feature","properties":{"jobs":628,"pop":918,"pointCount":14,"homeWorkCommuteMedian":8214,"workHomeCommuteMedian":7143},"geometry":{"type":"Polygon","coordinates":[[[132.9542858657048,34.09365600258621],[132.9542858657048,34.102649206223454],[132.96327906934204,34.102649206223454],[132.96327906934204,34.09365600258621],[132.9542858657048,34.09365600258621]]]}},{"type":"Feature","properties":{"jobs":636,"pop":1234,"pointCount":15,"homeWorkCommuteMedian":8883,"workHomeCommuteMedian":9144},"geometry":{"type":"Polygon","coordinates":[[[132.9542858657048,34.102649206223454],[132.9542858657048,34.1116424098607],[132.96327906934204,34.1116424098607],[132.96327906934204,34.102649206223454],[132.9542858657048,34.102649206223454]]]}},{"type":"Feature","properties":{"jobs":169,"pop":441,"pointCount":12,"homeWorkCommuteMedian":8799,"workHomeCommuteMedian":8960},"geometry":{"type":"Polygon","coordinates":[[[132.9542858657048,34.1116424098607],[132.9542858657048,34.120635613497946],[132.96327906934204,34.120635613497946],[132.96327906934204,34.1116424098607],[132.9542858657048,34.1116424098607]]]}},{"type":"Feature","properties":{"jobs":78,"pop":46,"pointCount":2,"homeWorkCommuteMedian":9484,"workHomeCommuteMedian":14207},"geometry":{"type":"Polygon","coordinates":[[[132.9542858657048,34.120635613497946],[132.9542858657048,34.12962881713519],[132.96327906934204,34.12962881713519],[132.96327906934204,34.120635613497946],[132.9542858657048,34.120635613497946]]]}},{"type":"Feature","properties":{"jobs":0,"pop":35,"pointCount":2,"homeWorkCommuteMedian":26683,"workHomeCommuteMedian":-1},"geometry":{"type":"Polygon","coordinates":[[[132.9542858657048,34.192581242595914],[132.9542858657048,34.20157444623316],[132.96327906934204,34.20157444623316],[132.96327906934204,34.192581242595914],[132.9542858657048,34.192581242595914]]]}},{"type":"Feature","properties":{"jobs":20,"pop":65,"pointCount":3,"homeWorkCommuteMedian":28534,"workHomeCommuteMedian":43036},"geometry":{"type":"Polygon","coordinates":[[[132.9542858657048,34.20157444623316],[132.9542858657048,34.210567649870406],[132.96327906934204,34.210567649870406],[132.96327906934204,34.20157444623316],[132.9542858657048,34.20157444623316]]]}},{"type":"Feature","properties":{"jobs":65,"pop":64,"pointCount":3,"homeWorkCommuteMedian":40268,"workHomeCommuteMedian":11218},"geometry":{"type":"Polygon","coordinates":[[[132.9542858657048,34.210567649870406],[132.9542858657048,34.21956085350765],[132.96327906934204,34.21956085350765],[132.96327906934204,34.210567649870406],[132.9542858657048,34.210567649870406]]]}},{"type":"Feature","properties":{"jobs":65,"pop":0,"pointCount":2,"homeWorkCommuteMedian":-1,"workHomeCommuteMedian":34161},"geometry":{"type":"Polygon","coordinates":[[[132.9542858657048,34.21956085350765],[132.9542858657048,34.2285540571449],[132.96327906934204,34.2285540571449],[132.96327906934204,34.21956085350765],[132.9542858657048,34.21956085350765]]]}},{"type":"Feature","properties":{"jobs":25,"pop":0,"pointCount":1,"homeWorkCommuteMedian":-1,"workHomeCommuteMedian":32523},"geometry":{"type":"Polygon","coordinates":[[[132.96327906934204,33.52708417343971],[132.96327906934204,33.53607737707696],[132.97227227297927,33.53607737707696],[132.97227227297927,33.52708417343971],[132.96327906934204,33.52708417343971]]]}},{"type":"Feature","properties":{"jobs":0,"pop":10,"pointCount":1,"homeWorkCommuteMedian":24167,"workHomeCommuteMedian":-1},"geometry":{"type":"Polygon","coordinates":[[[132.96327906934204,33.58104339526319],[132.96327906934204,33.59003659890043],[132.97227227297927,33.59003659890043],[132.97227227297927,33.58104339526319],[132.96327906934204,33.58104339526319]]]}},{"type":"Feature","properties":{"jobs":57,"pop":39,"pointCount":2,"homeWorkCommuteMedian":43516,"workHomeCommuteMedian":15580},"geometry":{"type":"Polygon","coordinates":[[[132.96327906934204,33.608023006174925],[132.96327906934204,33.61701620981217],[132.97227227297927,33.61701620981217],[132.97227227297927,33.608023006174925],[132.96327906934204,33.608023006174925]]]}},{"type":"Feature","properties":{"jobs":0,"pop":14,"pointCount":1,"homeWorkCommuteMedian":7404,"workHomeCommuteMedian":-1},"geometry":{"type":"Polygon","coordinates":[[[132.96327906934204,33.61701620981217],[132.96327906934204,33.62600941344942],[132.97227227297927,33.62600941344942],[132.97227227297927,33.61701620981217],[132.96327906934204,33.61701620981217]]]}},{"type":"Feature","properties":{"jobs":61,"pop":77,"pointCount":4,"homeWorkCommuteMedian":12968,"workHomeCommuteMedian":10380},"geometry":{"type":"Polygon","coordinates":[[[132.96327906934204,33.697955042547385],[132.96327906934204,33.70694824618463],[132.97227227297927,33.70694824618463],[132.97227227297927,33.697955042547385],[132.96327906934204,33.697955042547385]]]}},{"type":"Feature","properties":{"jobs":0,"pop":26,"pointCount":2,"homeWorkCommuteMedian":33056,"workHomeCommuteMedian":-1},"geometry":{"type":"Polygon","coordinates":[[[132.96327906934204,33.76090746800811],[132.96327906934204,33.76990067164535],[132.97227227297927,33.76990067164535],[132.97227227297927,33.76090746800811],[132.96327906934204,33.76090746800811]]]}},{"type":"Feature","properties":{"jobs":0,"pop":27,"pointCount":1,"homeWorkCommuteMedian":26152,"workHomeCommuteMedian":-1},"geometry":{"type":"Polygon","coordinates":[[[132.96327906934204,33.76990067164535],[132.96327906934204,33.7788938752826],[132.97227227297927,33.7788938752826],[132.97227227297927,33.76990067164535],[132.96327906934204,33.76990067164535]]]}},{"type":"Feature","properties":{"jobs":88,"pop":19,"pointCount":2,"homeWorkCommuteMedian":28009,"workHomeCommuteMedian":23290},"geometry":{"type":"Polygon","coordinates":[[[132.96327906934204,33.805873486194336],[132.96327906934204,33.81486668983158],[132.97227227297927,33.81486668983158],[132.97227227297927,33.805873486194336],[132.96327906934204,33.805873486194336]]]}},{"type":"Feature","properties":{"jobs":0,"pop":16,"pointCount":1,"homeWorkCommuteMedian":42207,"workHomeCommuteMedian":-1},"geometry":{"type":"Polygon","coordinates":[[[132.96327906934204,33.967751151664764],[132.96327906934204,33.97674435530201],[132.97227227297927,33.97674435530201],[132.97227227297927,33.967751151664764],[132.96327906934204,33.967751151664764]]]}},{"type":"Feature","properties":{"jobs":0,"pop":28,"pointCount":2,"homeWorkCommuteMedian":19128,"workHomeCommuteMedian":-1},"geometry":{"type":"Polygon","coordinates":[[[132.96327906934204,33.97674435530201],[132.96327906934204,33.985737558939256],[132.97227227297927,33.985737558939256],[132.97227227297927,33.97674435530201],[132.96327906934204,33.97674435530201]]]}},{"type":"Feature","properties":{"jobs":0,"pop":26,"pointCount":1,"homeWorkCommuteMedian":40914,"workHomeCommuteMedian":-1},"geometry":{"type":"Polygon","coordinates":[[[132.96327906934204,33.985737558939256],[132.96327906934204,33.9947307625765],[132.97227227297927,33.9947307625765],[132.97227227297927,33.985737558939256],[132.96327906934204,33.985737558939256]]]}},{"type":"Feature","properties":{"jobs":0,"pop":15,"pointCount":1,"homeWorkCommuteMedian":44581,"workHomeCommuteMedian":-1},"geometry":{"type":"Polygon","coordinates":[[[132.96327906934204,34.012717169850994],[132.96327906934204,34.02171037348824],[132.97227227297927,34.02171037348824],[132.97227227297927,34.012717169850994],[132.96327906934204,34.012717169850994]]]}},{"type":"Feature","properties":{"jobs":46,"pop":201,"pointCount":9,"homeWorkCommuteMedian":9337,"workHomeCommuteMedian":19363},"geometry":{"type":"Polygon","coordinates":[[[132.96327906934204,34.02171037348824],[132.96327906934204,34.030703577125486],[132.97227227297927,34.030703577125486],[132.97227227297927,34.02171037348824],[132.96327906934204,34.02171037348824]]]}},{"type":"Feature","properties":{"jobs":119,"pop":508,"pointCount":15,"homeWorkCommuteMedian":7050,"workHomeCommuteMedian":5066},"geometry":{"type":"Polygon","coordinates":[[[132.96327906934204,34.030703577125486],[132.96327906934204,34.03969678076273],[132.97227227297927,34.03969678076273],[132.97227227297927,34.030703577125486],[132.96327906934204,34.030703577125486]]]}},{"type":"Feature","properties":{"jobs":331,"pop":369,"pointCount":7,"homeWorkCommuteMedian":9405,"workHomeCommuteMedian":6445},"geometry":{"type":"Polygon","coordinates":[[[132.96327906934204,34.03969678076273],[132.96327906934204,34.04868998439998],[132.97227227297927,34.04868998439998],[132.97227227297927,34.03969678076273],[132.96327906934204,34.03969678076273]]]}},{"type":"Feature","properties":{"jobs":826,"pop":219,"pointCount":7,"homeWorkCommuteMedian":8422,"workHomeCommuteMedian":6092},"geometry":{"type":"Polygon","coordinates":[[[132.96327906934204,34.04868998439998],[132.96327906934204,34.057683188037224],[132.97227227297927,34.057683188037224],[132.97227227297927,34.04868998439998],[132.96327906934204,34.04868998439998]]]}},{"type":"Feature","properties":{"jobs":1646,"pop":897,"pointCount":16,"homeWorkCommuteMedian":5764,"workHomeCommuteMedian":5807},"geometry":{"type":"Polygon","coordinates":[[[132.96327906934204,34.057683188037224],[132.96327906934204,34.06667639167447],[132.97227227297927,34.06667639167447],[132.97227227297927,34.057683188037224],[132.96327906934204,34.057683188037224]]]}},{"type":"Feature","properties":{"jobs":117,"pop":459,"pointCount":7,"homeWorkCommuteMedian":7390,"workHomeCommuteMedian":7226},"geometry":{"type":"Polygon","coordinates":[[[132.96327906934204,34.06667639167447],[132.96327906934204,34.075669595311716],[132.97227227297927,34.075669595311716],[132.97227227297927,34.06667639167447],[132.96327906934204,34.06667639167447]]]}},{"type":"Feature","properties":{"jobs":560,"pop":1168,"pointCount":13,"homeWorkCommuteMedian":6573,"workHomeCommuteMedian":6174},"geometry":{"type":"Polygon","coordinates":[[[132.96327906934204,34.09365600258621],[132.96327906934204,34.102649206223454],[132.97227227297927,34.102649206223454],[132.97227227297927,34.09365600258621],[132.96327906934204,34.09365600258621]]]}},{"type":"Feature","properties":{"jobs":1891,"pop":421,"pointCount":13,"homeWorkCommuteMedian":9023,"workHomeCommuteMedian":8811},"geometry":{"type":"Polygon","coordinates":[[[132.96327906934204,34.102649206223454],[132.96327906934204,34.1116424098607],[132.97227227297927,34.1116424098607],[132.97227227297927,34.102649206223454],[132.96327906934204,34.102649206223454]]]}},{"type":"Feature","properties":{"jobs":206,"pop":40,"pointCount":4,"homeWorkCommuteMedian":5958,"workHomeCommuteMedian":9210},"geometry":{"type":"Polygon","coordinates":[[[132.96327906934204,34.1116424098607],[132.96327906934204,34.120635613497946],[132.97227227297927,34.120635613497946],[132.97227227297927,34.1116424098607],[132.96327906934204,34.1116424098607]]]}},{"type":"Feature","properties":{"jobs":120,"pop":73,"pointCount":8,"homeWorkCommuteMedian":50126,"workHomeCommuteMedian":47175},"geometry":{"type":"Polygon","coordinates":[[[132.96327906934204,34.210567649870406],[132.96327906934204,34.21956085350765],[132.97227227297927,34.21956085350765],[132.97227227297927,34.210567649870406],[132.96327906934204,34.210567649870406]]]}},{"type":"Feature","properties":{"jobs":0,"pop":14,"pointCount":1,"homeWorkCommuteMedian":44733,"workHomeCommuteMedian":-1},"geometry":{"type":"Polygon","coordinates":[[[132.96327906934204,34.21956085350765],[132.96327906934204,34.2285540571449],[132.97227227297927,34.2285540571449],[132.97227227297927,34.21956085350765],[132.96327906934204,34.21956085350765]]]}},{"type":"Feature","properties":{"jobs":291,"pop":36,"pointCount":8,"homeWorkCommuteMedian":12109,"workHomeCommuteMedian":13286},"geometry":{"type":"Polygon","coordinates":[[[132.97227227297927,33.608023006174925],[132.97227227297927,33.61701620981217],[132.9812654766165,33.61701620981217],[132.9812654766165,33.608023006174925],[132.97227227297927,33.608023006174925]]]}},{"type":"Feature","properties":{"jobs":0,"pop":13,"pointCount":1,"homeWorkCommuteMedian":2979,"workHomeCommuteMedian":-1},"geometry":{"type":"Polygon","coordinates":[[[132.97227227297927,33.61701620981217],[132.97227227297927,33.62600941344942],[132.9812654766165,33.62600941344942],[132.9812654766165,33.61701620981217],[132.97227227297927,33.61701620981217]]]}},{"type":"Feature","properties":{"jobs":31,"pop":0,"pointCount":1,"homeWorkCommuteMedian":-1,"workHomeCommuteMedian":82792},"geometry":{"type":"Polygon","coordinates":[[[132.97227227297927,33.6619822279984],[132.97227227297927,33.67097543163565],[132.9812654766165,33.67097543163565],[132.9812654766165,33.6619822279984],[132.97227227297927,33.6619822279984]]]}},{"type":"Feature","properties":{"jobs":0,"pop":14,"pointCount":1,"homeWorkCommuteMedian":20014,"workHomeCommuteMedian":-1},"geometry":{"type":"Polygon","coordinates":[[[132.97227227297927,33.67996863527289],[132.97227227297927,33.68896183891014],[132.9812654766165,33.68896183891014],[132.9812654766165,33.67996863527289],[132.97227227297927,33.67996863527289]]]}},{"type":"Feature","properties":{"jobs":30,"pop":25,"pointCount":3,"homeWorkCommuteMedian":22794,"workHomeCommuteMedian":29419},"geometry":{"type":"Polygon","coordinates":[[[132.97227227297927,33.805873486194336],[132.97227227297927,33.81486668983158],[132.9812654766165,33.81486668983158],[132.9812654766165,33.805873486194336],[132.97227227297927,33.805873486194336]]]}},{"type":"Feature","properties":{"jobs":145,"pop":224,"pointCount":5,"homeWorkCommuteMedian":4324,"workHomeCommuteMedian":19762},"geometry":{"type":"Polygon","coordinates":[[[132.97227227297927,34.02171037348824],[132.97227227297927,34.030703577125486],[132.9812654766165,34.030703577125486],[132.9812654766165,34.02171037348824],[132.97227227297927,34.02171037348824]]]}},{"type":"Feature","properties":{"jobs":144,"pop":617,"pointCount":10,"homeWorkCommuteMedian":6952,"workHomeCommuteMedian":6400},"geometry":{"type":"Polygon","coordinates":[[[132.97227227297927,34.030703577125486],[132.97227227297927,34.03969678076273],[132.9812654766165,34.03969678076273],[132.9812654766165,34.030703577125486],[132.97227227297927,34.030703577125486]]]}},{"type":"Feature","properties":{"jobs":1698,"pop":1642,"pointCount":13,"homeWorkCommuteMedian":4968,"workHomeCommuteMedian":6824},"geometry":{"type":"Polygon","coordinates":[[[132.97227227297927,34.03969678076273],[132.97227227297927,34.04868998439998],[132.9812654766165,34.04868998439998],[132.9812654766165,34.03969678076273],[132.97227227297927,34.03969678076273]]]}},{"type":"Feature","properties":{"jobs":1130,"pop":1235,"pointCount":13,"homeWorkCommuteMedian":7617,"workHomeCommuteMedian":5940},"geometry":{"type":"Polygon","coordinates":[[[132.97227227297927,34.04868998439998],[132.97227227297927,34.057683188037224],[132.9812654766165,34.057683188037224],[132.9812654766165,34.04868998439998],[132.97227227297927,34.04868998439998]]]}},{"type":"Feature","properties":{"jobs":834,"pop":1017,"pointCount":11,"homeWorkCommuteMedian":4440,"workHomeCommuteMedian":4983},"geometry":{"type":"Polygon","coordinates":[[[132.97227227297927,34.057683188037224],[132.97227227297927,34.06667639167447],[132.9812654766165,34.06667639167447],[132.9812654766165,34.057683188037224],[132.97227227297927,34.057683188037224]]]}},{"type":"Feature","properties":{"jobs":124,"pop":691,"pointCount":6,"homeWorkCommuteMedian":5713,"workHomeCommuteMedian":10361},"geometry":{"type":"Polygon","coordinates":[[[132.97227227297927,34.06667639167447],[132.97227227297927,34.075669595311716],[132.9812654766165,34.075669595311716],[132.9812654766165,34.06667639167447],[132.97227227297927,34.06667639167447]]]}},{"type":"Feature","properties":{"jobs":0,"pop":21,"pointCount":1,"homeWorkCommuteMedian":5130,"workHomeCommuteMedian":-1},"geometry":{"type":"Polygon","coordinates":[[[132.97227227297927,34.075669595311716],[132.97227227297927,34.08466279894896],[132.9812654766165,34.08466279894896],[132.9812654766165,34.075669595311716],[132.97227227297927,34.075669595311716]]]}},{"type":"Feature","properties":{"jobs":174,"pop":192,"pointCount":7,"homeWorkCommuteMedian":6881,"workHomeCommuteMedian":11410},"geometry":{"type":"Polygon","coordinates":[[[132.97227227297927,34.08466279894896],[132.97227227297927,34.09365600258621],[132.9812654766165,34.09365600258621],[132.9812654766165,34.08466279894896],[132.97227227297927,34.08466279894896]]]}},{"type":"Feature","properties":{"jobs":280,"pop":335,"pointCount":8,"homeWorkCommuteMedian":6487,"workHomeCommuteMedian":7149},"geometry":{"type":"Polygon","coordinates":[[[132.97227227297927,34.09365600258621],[132.97227227297927,34.102649206223454],[132.9812654766165,34.102649206223454],[132.9812654766165,34.09365600258621],[132.97227227297927,34.09365600258621]]]}},{"type":"Feature","properties":{"jobs":1046,"pop":450,"pointCount":13,"homeWorkCommuteMedian":9072,"workHomeCommuteMedian":8413},"geometry":{"type":"Polygon","coordinates":[[[132.97227227297927,34.102649206223454],[132.97227227297927,34.1116424098607],[132.9812654766165,34.1116424098607],[132.9812654766165,34.102649206223454],[132.97227227297927,34.102649206223454]]]}},{"type":"Feature","properties":{"jobs":244,"pop":15,"pointCount":2,"homeWorkCommuteMedian":9808,"workHomeCommuteMedian":9022},"geometry":{"type":"Polygon","coordinates":[[[132.97227227297927,34.1116424098607],[132.97227227297927,34.120635613497946],[132.9812654766165,34.120635613497946],[132.9812654766165,34.1116424098607],[132.97227227297927,34.1116424098607]]]}},{"type":"Feature","properties":{"jobs":0,"pop":14,"pointCount":1,"homeWorkCommuteMedian":41235,"workHomeCommuteMedian":-1},"geometry":{"type":"Polygon","coordinates":[[[132.97227227297927,34.192581242595914],[132.97227227297927,34.20157444623316],[132.9812654766165,34.20157444623316],[132.9812654766165,34.192581242595914],[132.97227227297927,34.192581242595914]]]}},{"type":"Feature","properties":{"jobs":0,"pop":10,"pointCount":1,"homeWorkCommuteMedian":43171,"workHomeCommuteMedian":-1},"geometry":{"type":"Polygon","coordinates":[[[132.97227227297927,34.210567649870406],[132.97227227297927,34.21956085350765],[132.9812654766165,34.21956085350765],[132.9812654766165,34.210567649870406],[132.97227227297927,34.210567649870406]]]}},{"type":"Feature","properties":{"jobs":0,"pop":18,"pointCount":1,"homeWorkCommuteMedian":3857,"workHomeCommuteMedian":-1},"geometry":{"type":"Polygon","coordinates":[[[132.97227227297927,34.21956085350765],[132.97227227297927,34.2285540571449],[132.9812654766165,34.2285540571449],[132.9812654766165,34.21956085350765],[132.97227227297927,34.21956085350765]]]}},{"type":"Feature","properties":{"jobs":0,"pop":23,"pointCount":1,"homeWorkCommuteMedian":18735,"workHomeCommuteMedian":-1},"geometry":{"type":"Polygon","coordinates":[[[132.9812654766165,33.57205019162594],[132.9812654766165,33.58104339526319],[132.99025868025373,33.58104339526319],[132.99025868025373,33.57205019162594],[132.9812654766165,33.57205019162594]]]}},{"type":"Feature","properties":{"jobs":19,"pop":15,"pointCount":2,"homeWorkCommuteMedian":51492,"workHomeCommuteMedian":14996},"geometry":{"type":"Polygon","coordinates":[[[132.9812654766165,33.58104339526319],[132.9812654766165,33.59003659890043],[132.99025868025373,33.59003659890043],[132.99025868025373,33.58104339526319],[132.9812654766165,33.58104339526319]]]}},{"type":"Feature","properties":{"jobs":0,"pop":12,"pointCount":1,"homeWorkCommuteMedian":5377,"workHomeCommuteMedian":-1},"geometry":{"type":"Polygon","coordinates":[[[132.9812654766165,33.59003659890043],[132.9812654766165,33.59902980253768],[132.99025868025373,33.59902980253768],[132.99025868025373,33.59003659890043],[132.9812654766165,33.59003659890043]]]}},{"type":"Feature","properties":{"jobs":3,"pop":0,"pointCount":1,"homeWorkCommuteMedian":-1,"workHomeCommuteMedian":12610},"geometry":{"type":"Polygon","coordinates":[[[132.9812654766165,33.608023006174925],[132.9812654766165,33.61701620981217],[132.99025868025373,33.61701620981217],[132.99025868025373,33.608023006174925],[132.9812654766165,33.608023006174925]]]}},{"type":"Feature","properties":{"jobs":13,"pop":0,"pointCount":1,"homeWorkCommuteMedian":-1,"workHomeCommuteMedian":41083},"geometry":{"type":"Polygon","coordinates":[[[132.9812654766165,33.61701620981217],[132.9812654766165,33.62600941344942],[132.99025868025373,33.62600941344942],[132.99025868025373,33.61701620981217],[132.9812654766165,33.61701620981217]]]}},{"type":"Feature","properties":{"jobs":20,"pop":14,"pointCount":2,"homeWorkCommuteMedian":10380,"workHomeCommuteMedian":14537},"geometry":{"type":"Polygon","coordinates":[[[132.9812654766165,33.62600941344942],[132.9812654766165,33.63500261708666],[132.99025868025373,33.63500261708666],[132.99025868025373,33.62600941344942],[132.9812654766165,33.62600941344942]]]}},{"type":"Feature","properties":{"jobs":10,"pop":13,"pointCount":1,"homeWorkCommuteMedian":7384,"workHomeCommuteMedian":11666},"geometry":{"type":"Polygon","coordinates":[[[132.9812654766165,33.652989024361155],[132.9812654766165,33.6619822279984],[132.99025868025373,33.6619822279984],[132.99025868025373,33.652989024361155],[132.9812654766165,33.652989024361155]]]}},{"type":"Feature","properties":{"jobs":0,"pop":26,"pointCount":2,"homeWorkCommuteMedian":12645,"workHomeCommuteMedian":-1},"geometry":{"type":"Polygon","coordinates":[[[132.9812654766165,33.67097543163565],[132.9812654766165,33.67996863527289],[132.99025868025373,33.67996863527289],[132.99025868025373,33.67097543163565],[132.9812654766165,33.67097543163565]]]}},{"type":"Feature","properties":{"jobs":0,"pop":10,"pointCount":1,"homeWorkCommuteMedian":12201,"workHomeCommuteMedian":-1},"geometry":{"type":"Polygon","coordinates":[[[132.9812654766165,33.67996863527289],[132.9812654766165,33.68896183891014],[132.99025868025373,33.68896183891014],[132.99025868025373,33.67996863527289],[132.9812654766165,33.67996863527289]]]}},{"type":"Feature","properties":{"jobs":0,"pop":17,"pointCount":1,"homeWorkCommuteMedian":11284,"workHomeCommuteMedian":-1},"geometry":{"type":"Polygon","coordinates":[[[132.9812654766165,33.967751151664764],[132.9812654766165,33.97674435530201],[132.99025868025373,33.97674435530201],[132.99025868025373,33.967751151664764],[132.9812654766165,33.967751151664764]]]}},{"type":"Feature","properties":{"jobs":36,"pop":81,"pointCount":4,"homeWorkCommuteMedian":8051,"workHomeCommuteMedian":6663},"geometry":{"type":"Polygon","coordinates":[[[132.9812654766165,34.012717169850994],[132.9812654766165,34.02171037348824],[132.99025868025373,34.02171037348824],[132.99025868025373,34.012717169850994],[132.9812654766165,34.012717169850994]]]}},{"type":"Feature","properties":{"jobs":222,"pop":1121,"pointCount":15,"homeWorkCommuteMedian":8416,"workHomeCommuteMedian":18362},"geometry":{"type":"Polygon","coordinates":[[[132.9812654766165,34.02171037348824],[132.9812654766165,34.030703577125486],[132.99025868025373,34.030703577125486],[132.99025868025373,34.02171037348824],[132.9812654766165,34.02171037348824]]]}},{"type":"Feature","properties":{"jobs":736,"pop":1067,"pointCount":9,"homeWorkCommuteMedian":6036,"workHomeCommuteMedian":5116},"geometry":{"type":"Polygon","coordinates":[[[132.9812654766165,34.030703577125486],[132.9812654766165,34.03969678076273],[132.99025868025373,34.03969678076273],[132.99025868025373,34.030703577125486],[132.9812654766165,34.030703577125486]]]}},{"type":"Feature","properties":{"jobs":878,"pop":2156,"pointCount":14,"homeWorkCommuteMedian":6897,"workHomeCommuteMedian":6150},"geometry":{"type":"Polygon","coordinates":[[[132.9812654766165,34.03969678076273],[132.9812654766165,34.04868998439998],[132.99025868025373,34.04868998439998],[132.99025868025373,34.03969678076273],[132.9812654766165,34.03969678076273]]]}},{"type":"Feature","properties":{"jobs":1419,"pop":2208,"pointCount":19,"homeWorkCommuteMedian":3191,"workHomeCommuteMedian":5385},"geometry":{"type":"Polygon","coordinates":[[[132.9812654766165,34.04868998439998],[132.9812654766165,34.057683188037224],[132.99025868025373,34.057683188037224],[132.99025868025373,34.04868998439998],[132.9812654766165,34.04868998439998]]]}},{"type":"Feature","properties":{"jobs":1712,"pop":1837,"pointCount":21,"homeWorkCommuteMedian":6640,"workHomeCommuteMedian":5681},"geometry":{"type":"Polygon","coordinates":[[[132.9812654766165,34.057683188037224],[132.9812654766165,34.06667639167447],[132.99025868025373,34.06667639167447],[132.99025868025373,34.057683188037224],[132.9812654766165,34.057683188037224]]]}},{"type":"Feature","properties":{"jobs":766,"pop":1729,"pointCount":12,"homeWorkCommuteMedian":5061,"workHomeCommuteMedian":6229},"geometry":{"type":"Polygon","coordinates":[[[132.9812654766165,34.06667639167447],[132.9812654766165,34.075669595311716],[132.99025868025373,34.075669595311716],[132.99025868025373,34.06667639167447],[132.9812654766165,34.06667639167447]]]}},{"type":"Feature","properties":{"jobs":876,"pop":1449,"pointCount":12,"homeWorkCommuteMedian":4580,"workHomeCommuteMedian":5727},"geometry":{"type":"Polygon","coordinates":[[[132.9812654766165,34.075669595311716],[132.9812654766165,34.08466279894896],[132.99025868025373,34.08466279894896],[132.99025868025373,34.075669595311716],[132.9812654766165,34.075669595311716]]]}},{"type":"Feature","properties":{"jobs":1415,"pop":627,"pointCount":13,"homeWorkCommuteMedian":7207,"workHomeCommuteMedian":6952},"geometry":{"type":"Polygon","coordinates":[[[132.9812654766165,34.08466279894896],[132.9812654766165,34.09365600258621],[132.99025868025373,34.09365600258621],[132.99025868025373,34.08466279894896],[132.9812654766165,34.08466279894896]]]}},{"type":"Feature","properties":{"jobs":182,"pop":308,"pointCount":5,"homeWorkCommuteMedian":6856,"workHomeCommuteMedian":12624},"geometry":{"type":"Polygon","coordinates":[[[132.9812654766165,34.09365600258621],[132.9812654766165,34.102649206223454],[132.99025868025373,34.102649206223454],[132.99025868025373,34.09365600258621],[132.9812654766165,34.09365600258621]]]}},{"type":"Feature","properties":{"jobs":24,"pop":63,"pointCount":3,"homeWorkCommuteMedian":19073,"workHomeCommuteMedian":72704},"geometry":{"type":"Polygon","coordinates":[[[132.9812654766165,34.210567649870406],[132.9812654766165,34.21956085350765],[132.99025868025373,34.21956085350765],[132.99025868025373,34.210567649870406],[132.9812654766165,34.210567649870406]]]}},{"type":"Feature","properties":{"jobs":131,"pop":27,"pointCount":4,"homeWorkCommuteMedian":41786,"workHomeCommuteMedian":44446},"geometry":{"type":"Polygon","coordinates":[[[132.9812654766165,34.21956085350765],[132.9812654766165,34.2285540571449],[132.99025868025373,34.2285540571449],[132.99025868025373,34.21956085350765],[132.9812654766165,34.21956085350765]]]}},{"type":"Feature","properties":{"jobs":0,"pop":13,"pointCount":1,"homeWorkCommuteMedian":85882,"workHomeCommuteMedian":-1},"geometry":{"type":"Polygon","coordinates":[[[132.9812654766165,34.26452687169388],[132.9812654766165,34.27352007533113],[132.99025868025373,34.27352007533113],[132.99025868025373,34.26452687169388],[132.9812654766165,34.26452687169388]]]}},{"type":"Feature","properties":{"jobs":40,"pop":21,"pointCount":3,"homeWorkCommuteMedian":44137,"workHomeCommuteMedian":42712},"geometry":{"type":"Polygon","coordinates":[[[132.9812654766165,34.27352007533113],[132.9812654766165,34.28251327896837],[132.99025868025373,34.28251327896837],[132.99025868025373,34.27352007533113],[132.9812654766165,34.27352007533113]]]}},{"type":"Feature","properties":{"jobs":0,"pop":29,"pointCount":1,"homeWorkCommuteMedian":24414,"workHomeCommuteMedian":-1},"geometry":{"type":"Polygon","coordinates":[[[132.99025868025373,33.53607737707696],[132.99025868025373,33.5450705807142],[132.99925188389096,33.5450705807142],[132.99925188389096,33.53607737707696],[132.99025868025373,33.53607737707696]]]}},{"type":"Feature","properties":{"jobs":0,"pop":11,"pointCount":1,"homeWorkCommuteMedian":13033,"workHomeCommuteMedian":-1},"geometry":{"type":"Polygon","coordinates":[[[132.99025868025373,33.58104339526319],[132.99025868025373,33.59003659890043],[132.99925188389096,33.59003659890043],[132.99925188389096,33.58104339526319],[132.99025868025373,33.58104339526319]]]}},{"type":"Feature","properties":{"jobs":0,"pop":14,"pointCount":1,"homeWorkCommuteMedian":48229,"workHomeCommuteMedian":-1},"geometry":{"type":"Polygon","coordinates":[[[132.99025868025373,33.608023006174925],[132.99025868025373,33.61701620981217],[132.99925188389096,33.61701620981217],[132.99925188389096,33.608023006174925],[132.99025868025373,33.608023006174925]]]}},{"type":"Feature","properties":{"jobs":0,"pop":11,"pointCount":1,"homeWorkCommuteMedian":20037,"workHomeCommuteMedian":-1},"geometry":{"type":"Polygon","coordinates":[[[132.99025868025373,33.61701620981217],[132.99025868025373,33.62600941344942],[132.99925188389096,33.62600941344942],[132.99925188389096,33.61701620981217],[132.99025868025373,33.61701620981217]]]}},{"type":"Feature","properties":{"jobs":0,"pop":5,"pointCount":1,"homeWorkCommuteMedian":35893,"workHomeCommuteMedian":-1},"geometry":{"type":"Polygon","coordinates":[[[132.99025868025373,33.70694824618463],[132.99025868025373,33.71594144982188],[132.99925188389096,33.71594144982188],[132.99925188389096,33.70694824618463],[132.99025868025373,33.70694824618463]]]}},{"type":"Feature","properties":{"jobs":0,"pop":10,"pointCount":1,"homeWorkCommuteMedian":10658,"workHomeCommuteMedian":-1},"geometry":{"type":"Polygon","coordinates":[[[132.99025868025373,33.787887078919844],[132.99025868025373,33.79688028255709],[132.99925188389096,33.79688028255709],[132.99925188389096,33.787887078919844],[132.99025868025373,33.787887078919844]]]}},{"type":"Feature","properties":{"jobs":7,"pop":0,"pointCount":1,"homeWorkCommuteMedian":-1,"workHomeCommuteMedian":12786},"geometry":{"type":"Polygon","coordinates":[[[132.99025868025373,33.79688028255709],[132.99025868025373,33.805873486194336],[132.99925188389096,33.805873486194336],[132.99925188389096,33.79688028255709],[132.99025868025373,33.79688028255709]]]}},{"type":"Feature","properties":{"jobs":0,"pop":5,"pointCount":1,"homeWorkCommuteMedian":31907,"workHomeCommuteMedian":-1},"geometry":{"type":"Polygon","coordinates":[[[132.99025868025373,33.82385989346883],[132.99025868025373,33.832853097106074],[132.99925188389096,33.832853097106074],[132.99925188389096,33.82385989346883],[132.99025868025373,33.82385989346883]]]}},{"type":"Feature","properties":{"jobs":0,"pop":30,"pointCount":1,"homeWorkCommuteMedian":38947,"workHomeCommuteMedian":-1},"geometry":{"type":"Polygon","coordinates":[[[132.99025868025373,33.850839504380566],[132.99025868025373,33.85983270801781],[132.99925188389096,33.85983270801781],[132.99925188389096,33.850839504380566],[132.99025868025373,33.850839504380566]]]}},{"type":"Feature","properties":{"jobs":0,"pop":22,"pointCount":1,"homeWorkCommuteMedian":10241,"workHomeCommuteMedian":-1},"geometry":{"type":"Polygon","coordinates":[[[132.99025868025373,33.967751151664764],[132.99025868025373,33.97674435530201],[132.99925188389096,33.97674435530201],[132.99925188389096,33.967751151664764],[132.99025868025373,33.967751151664764]]]}},{"type":"Feature","properties":{"jobs":16,"pop":36,"pointCount":2,"homeWorkCommuteMedian":9192,"workHomeCommuteMedian":5459},"geometry":{"type":"Polygon","coordinates":[[[132.99025868025373,34.00372396621375],[132.99025868025373,34.012717169850994],[132.99925188389096,34.012717169850994],[132.99925188389096,34.00372396621375],[132.99025868025373,34.00372396621375]]]}},{"type":"Feature","properties":{"jobs":17,"pop":84,"pointCount":4,"homeWorkCommuteMedian":7410,"workHomeCommuteMedian":40612},"geometry":{"type":"Polygon","coordinates":[[[132.99025868025373,34.012717169850994],[132.99025868025373,34.02171037348824],[132.99925188389096,34.02171037348824],[132.99925188389096,34.012717169850994],[132.99025868025373,34.012717169850994]]]}},{"type":"Feature","properties":{"jobs":79,"pop":302,"pointCount":10,"homeWorkCommuteMedian":6178,"workHomeCommuteMedian":4615},"geometry":{"type":"Polygon","coordinates":[[[132.99025868025373,34.02171037348824],[132.99025868025373,34.030703577125486],[132.99925188389096,34.030703577125486],[132.99925188389096,34.02171037348824],[132.99025868025373,34.02171037348824]]]}},{"type":"Feature","properties":{"jobs":505,"pop":846,"pointCount":11,"homeWorkCommuteMedian":5186,"workHomeCommuteMedian":6335},"geometry":{"type":"Polygon","coordinates":[[[132.99025868025373,34.030703577125486],[132.99025868025373,34.03969678076273],[132.99925188389096,34.03969678076273],[132.99925188389096,34.030703577125486],[132.99025868025373,34.030703577125486]]]}},{"type":"Feature","properties":{"jobs":788,"pop":1457,"pointCount":16,"homeWorkCommuteMedian":3814,"workHomeCommuteMedian":3188},"geometry":{"type":"Polygon","coordinates":[[[132.99025868025373,34.03969678076273],[132.99025868025373,34.04868998439998],[132.99925188389096,34.04868998439998],[132.99925188389096,34.03969678076273],[132.99025868025373,34.03969678076273]]]}},{"type":"Feature","properties":{"jobs":3158,"pop":2408,"pointCount":20,"homeWorkCommuteMedian":4378,"workHomeCommuteMedian":4885},"geometry":{"type":"Polygon","coordinates":[[[132.99025868025373,34.04868998439998],[132.99025868025373,34.057683188037224],[132.99925188389096,34.057683188037224],[132.99925188389096,34.04868998439998],[132.99025868025373,34.04868998439998]]]}},{"type":"Feature","properties":{"jobs":7026,"pop":2055,"pointCount":28,"homeWorkCommuteMedian":4310,"workHomeCommuteMedian":5806},"geometry":{"type":"Polygon","coordinates":[[[132.99025868025373,34.057683188037224],[132.99025868025373,34.06667639167447],[132.99925188389096,34.06667639167447],[132.99925188389096,34.057683188037224],[132.99025868025373,34.057683188037224]]]}},{"type":"Feature","properties":{"jobs":3208,"pop":2168,"pointCount":31,"homeWorkCommuteMedian":5148,"workHomeCommuteMedian":5710},"geometry":{"type":"Polygon","coordinates":[[[132.99025868025373,34.06667639167447],[132.99025868025373,34.075669595311716],[132.99925188389096,34.075669595311716],[132.99925188389096,34.06667639167447],[132.99025868025373,34.06667639167447]]]}},{"type":"Feature","properties":{"jobs":863,"pop":1113,"pointCount":14,"homeWorkCommuteMedian":6092,"workHomeCommuteMedian":7205},"geometry":{"type":"Polygon","coordinates":[[[132.99025868025373,34.075669595311716],[132.99025868025373,34.08466279894896],[132.99925188389096,34.08466279894896],[132.99925188389096,34.075669595311716],[132.99025868025373,34.075669595311716]]]}},{"type":"Feature","properties":{"jobs":80,"pop":196,"pointCount":3,"homeWorkCommuteMedian":5747,"workHomeCommuteMedian":20900},"geometry":{"type":"Polygon","coordinates":[[[132.99025868025373,34.08466279894896],[132.99025868025373,34.09365600258621],[132.99925188389096,34.09365600258621],[132.99925188389096,34.08466279894896],[132.99025868025373,34.08466279894896]]]}},{"type":"Feature","properties":{"jobs":21,"pop":3,"pointCount":1,"homeWorkCommuteMedian":16706,"workHomeCommuteMedian":33100},"geometry":{"type":"Polygon","coordinates":[[[132.99025868025373,34.1116424098607],[132.99025868025373,34.120635613497946],[132.99925188389096,34.120635613497946],[132.99925188389096,34.1116424098607],[132.99025868025373,34.1116424098607]]]}},{"type":"Feature","properties":{"jobs":0,"pop":81,"pointCount":1,"homeWorkCommuteMedian":78682,"workHomeCommuteMedian":-1},"geometry":{"type":"Polygon","coordinates":[[[132.99025868025373,34.20157444623316],[132.99025868025373,34.210567649870406],[132.99925188389096,34.210567649870406],[132.99925188389096,34.20157444623316],[132.99025868025373,34.20157444623316]]]}},{"type":"Feature","properties":{"jobs":40,"pop":101,"pointCount":3,"homeWorkCommuteMedian":8661,"workHomeCommuteMedian":41393},"geometry":{"type":"Polygon","coordinates":[[[132.99025868025373,34.21956085350765],[132.99025868025373,34.2285540571449],[132.99925188389096,34.2285540571449],[132.99925188389096,34.21956085350765],[132.99025868025373,34.21956085350765]]]}},{"type":"Feature","properties":{"jobs":540,"pop":80,"pointCount":10,"homeWorkCommuteMedian":40774,"workHomeCommuteMedian":23425},"geometry":{"type":"Polygon","coordinates":[[[132.99025868025373,34.237547260782144],[132.99025868025373,34.24654046441939],[132.99925188389096,34.24654046441939],[132.99925188389096,34.237547260782144],[132.99025868025373,34.237547260782144]]]}},{"type":"Feature","properties":{"jobs":275,"pop":144,"pointCount":9,"homeWorkCommuteMedian":17804,"workHomeCommuteMedian":39777},"geometry":{"type":"Polygon","coordinates":[[[132.99025868025373,34.24654046441939],[132.99025868025373,34.255533668056636],[132.99925188389096,34.255533668056636],[132.99925188389096,34.24654046441939],[132.99025868025373,34.24654046441939]]]}},{"type":"Feature","properties":{"jobs":24,"pop":56,"pointCount":5,"homeWorkCommuteMedian":41970,"workHomeCommuteMedian":45455},"geometry":{"type":"Polygon","coordinates":[[[132.99025868025373,34.255533668056636],[132.99025868025373,34.26452687169388],[132.99925188389096,34.26452687169388],[132.99925188389096,34.255533668056636],[132.99025868025373,34.255533668056636]]]}},{"type":"Feature","properties":{"jobs":0,"pop":12,"pointCount":1,"homeWorkCommuteMedian":25376,"workHomeCommuteMedian":-1},"geometry":{"type":"Polygon","coordinates":[[[132.99025868025373,34.26452687169388],[132.99025868025373,34.27352007533113],[132.99925188389096,34.27352007533113],[132.99925188389096,34.26452687169388],[132.99025868025373,34.26452687169388]]]}},{"type":"Feature","properties":{"jobs":57,"pop":157,"pointCount":3,"homeWorkCommuteMedian":38921,"workHomeCommuteMedian":38162},"geometry":{"type":"Polygon","coordinates":[[[132.99025868025373,34.27352007533113],[132.99025868025373,34.28251327896837],[132.99925188389096,34.28251327896837],[132.99925188389096,34.27352007533113],[132.99025868025373,34.27352007533113]]]}},{"type":"Feature","properties":{"jobs":65,"pop":49,"pointCount":4,"homeWorkCommuteMedian":23767,"workHomeCommuteMedian":17038},"geometry":{"type":"Polygon","coordinates":[[[132.99925188389096,33.53607737707696],[132.99925188389096,33.5450705807142],[133.0082450875282,33.5450705807142],[133.0082450875282,33.53607737707696],[132.99925188389096,33.53607737707696]]]}},{"type":"Feature","properties":{"jobs":73,"pop":0,"pointCount":2,"homeWorkCommuteMedian":-1,"workHomeCommuteMedian":9310},"geometry":{"type":"Polygon","coordinates":[[[132.99925188389096,33.5450705807142],[132.99925188389096,33.55406378435145],[133.0082450875282,33.55406378435145],[133.0082450875282,33.5450705807142],[132.99925188389096,33.5450705807142]]]}},{"type":"Feature","properties":{"jobs":21,"pop":42,"pointCount":2,"homeWorkCommuteMedian":49914,"workHomeCommuteMedian":47343},"geometry":{"type":"Polygon","coordinates":[[[132.99925188389096,33.55406378435145],[132.99925188389096,33.563056987988695],[133.0082450875282,33.563056987988695],[133.0082450875282,33.55406378435145],[132.99925188389096,33.55406378435145]]]}},{"type":"Feature","properties":{"jobs":41,"pop":27,"pointCount":3,"homeWorkCommuteMedian":102263,"workHomeCommuteMedian":19594},"geometry":{"type":"Polygon","coordinates":[[[132.99925188389096,33.57205019162594],[132.99925188389096,33.58104339526319],[133.0082450875282,33.58104339526319],[133.0082450875282,33.57205019162594],[132.99925188389096,33.57205019162594]]]}},{"type":"Feature","properties":{"jobs":0,"pop":31,"pointCount":2,"homeWorkCommuteMedian":13387,"workHomeCommuteMedian":-1},"geometry":{"type":"Polygon","coordinates":[[[132.99925188389096,33.62600941344942],[132.99925188389096,33.63500261708666],[133.0082450875282,33.63500261708666],[133.0082450875282,33.62600941344942],[132.99925188389096,33.62600941344942]]]}},{"type":"Feature","properties":{"jobs":59,"pop":55,"pointCount":5,"homeWorkCommuteMedian":46788,"workHomeCommuteMedian":12162},"geometry":{"type":"Polygon","coordinates":[[[132.99925188389096,33.63500261708666],[132.99925188389096,33.64399582072391],[133.0082450875282,33.64399582072391],[133.0082450875282,33.63500261708666],[132.99925188389096,33.63500261708666]]]}},{"type":"Feature","properties":{"jobs":1,"pop":6,"pointCount":1,"homeWorkCommuteMedian":20828,"workHomeCommuteMedian":20624},"geometry":{"type":"Polygon","coordinates":[[[132.99925188389096,33.68896183891014],[132.99925188389096,33.697955042547385],[133.0082450875282,33.697955042547385],[133.0082450875282,33.68896183891014],[132.99925188389096,33.68896183891014]]]}},{"type":"Feature","properties":{"jobs":0,"pop":2,"pointCount":1,"homeWorkCommuteMedian":14083,"workHomeCommuteMedian":-1},"geometry":{"type":"Polygon","coordinates":[[[132.99925188389096,33.7788938752826],[132.99925188389096,33.787887078919844],[133.0082450875282,33.787887078919844],[133.0082450875282,33.7788938752826],[132.99925188389096,33.7788938752826]]]}},{"type":"Feature","properties":{"jobs":20,"pop":0,"pointCount":1,"homeWorkCommuteMedian":-1,"workHomeCommuteMedian":22478},"geometry":{"type":"Polygon","coordinates":[[[132.99925188389096,33.84184630074332],[132.99925188389096,33.850839504380566],[133.0082450875282,33.850839504380566],[133.0082450875282,33.84184630074332],[132.99925188389096,33.84184630074332]]]}},{"type":"Feature","properties":{"jobs":14,"pop":14,"pointCount":2,"homeWorkCommuteMedian":28938,"workHomeCommuteMedian":12078},"geometry":{"type":"Polygon","coordinates":[[[132.99925188389096,33.850839504380566],[132.99925188389096,33.85983270801781],[133.0082450875282,33.85983270801781],[133.0082450875282,33.850839504380566],[132.99925188389096,33.850839504380566]]]}},{"type":"Feature","properties":{"jobs":0,"pop":94,"pointCount":2,"homeWorkCommuteMedian":12119,"workHomeCommuteMedian":-1},"geometry":{"type":"Polygon","coordinates":[[[132.99925188389096,33.86882591165506],[132.99925188389096,33.877819115292304],[133.0082450875282,33.877819115292304],[133.0082450875282,33.86882591165506],[132.99925188389096,33.86882591165506]]]}},{"type":"Feature","properties":{"jobs":0,"pop":11,"pointCount":1,"homeWorkCommuteMedian":23789,"workHomeCommuteMedian":-1},"geometry":{"type":"Polygon","coordinates":[[[132.99925188389096,33.94976474439027],[132.99925188389096,33.95875794802752],[133.0082450875282,33.95875794802752],[133.0082450875282,33.94976474439027],[132.99925188389096,33.94976474439027]]]}},{"type":"Feature","properties":{"jobs":0,"pop":26,"pointCount":1,"homeWorkCommuteMedian":50912,"workHomeCommuteMedian":-1},"geometry":{"type":"Polygon","coordinates":[[[132.99925188389096,33.95875794802752],[132.99925188389096,33.967751151664764],[133.0082450875282,33.967751151664764],[133.0082450875282,33.95875794802752],[132.99925188389096,33.95875794802752]]]}},{"type":"Feature","properties":{"jobs":99,"pop":87,"pointCount":5,"homeWorkCommuteMedian":10518,"workHomeCommuteMedian":11172},"geometry":{"type":"Polygon","coordinates":[[[132.99925188389096,33.967751151664764],[132.99925188389096,33.97674435530201],[133.0082450875282,33.97674435530201],[133.0082450875282,33.967751151664764],[132.99925188389096,33.967751151664764]]]}},{"type":"Feature","properties":{"jobs":52,"pop":32,"pointCount":2,"homeWorkCommuteMedian":14787,"workHomeCommuteMedian":11556},"geometry":{"type":"Polygon","coordinates":[[[132.99925188389096,33.97674435530201],[132.99925188389096,33.985737558939256],[133.0082450875282,33.985737558939256],[133.0082450875282,33.97674435530201],[132.99925188389096,33.97674435530201]]]}},{"type":"Feature","properties":{"jobs":0,"pop":53,"pointCount":2,"homeWorkCommuteMedian":27523,"workHomeCommuteMedian":-1},"geometry":{"type":"Polygon","coordinates":[[[132.99925188389096,33.985737558939256],[132.99925188389096,33.9947307625765],[133.0082450875282,33.9947307625765],[133.0082450875282,33.985737558939256],[132.99925188389096,33.985737558939256]]]}},{"type":"Feature","properties":{"jobs":69,"pop":65,"pointCount":3,"homeWorkCommuteMedian":9607,"workHomeCommuteMedian":15174},"geometry":{"type":"Polygon","coordinates":[[[132.99925188389096,33.9947307625765],[132.99925188389096,34.00372396621375],[133.0082450875282,34.00372396621375],[133.0082450875282,33.9947307625765],[132.99925188389096,33.9947307625765]]]}},{"type":"Feature","properties":{"jobs":231,"pop":144,"pointCount":6,"homeWorkCommuteMedian":11862,"workHomeCommuteMedian":9570},"geometry":{"type":"Polygon","coordinates":[[[132.99925188389096,34.00372396621375],[132.99925188389096,34.012717169850994],[133.0082450875282,34.012717169850994],[133.0082450875282,34.00372396621375],[132.99925188389096,34.00372396621375]]]}},{"type":"Feature","properties":{"jobs":184,"pop":245,"pointCount":8,"homeWorkCommuteMedian":7692,"workHomeCommuteMedian":4408},"geometry":{"type":"Polygon","coordinates":[[[132.99925188389096,34.012717169850994],[132.99925188389096,34.02171037348824],[133.0082450875282,34.02171037348824],[133.0082450875282,34.012717169850994],[132.99925188389096,34.012717169850994]]]}},{"type":"Feature","properties":{"jobs":518,"pop":1053,"pointCount":10,"homeWorkCommuteMedian":5414,"workHomeCommuteMedian":6015},"geometry":{"type":"Polygon","coordinates":[[[132.99925188389096,34.02171037348824],[132.99925188389096,34.030703577125486],[133.0082450875282,34.030703577125486],[133.0082450875282,34.02171037348824],[132.99925188389096,34.02171037348824]]]}},{"type":"Feature","properties":{"jobs":751,"pop":1051,"pointCount":12,"homeWorkCommuteMedian":6631,"workHomeCommuteMedian":2845},"geometry":{"type":"Polygon","coordinates":[[[132.99925188389096,34.030703577125486],[132.99925188389096,34.03969678076273],[133.0082450875282,34.03969678076273],[133.0082450875282,34.030703577125486],[132.99925188389096,34.030703577125486]]]}},{"type":"Feature","properties":{"jobs":915,"pop":1644,"pointCount":20,"homeWorkCommuteMedian":4444,"workHomeCommuteMedian":2778},"geometry":{"type":"Polygon","coordinates":[[[132.99925188389096,34.03969678076273],[132.99925188389096,34.04868998439998],[133.0082450875282,34.04868998439998],[133.0082450875282,34.03969678076273],[132.99925188389096,34.03969678076273]]]}},{"type":"Feature","properties":{"jobs":971,"pop":2246,"pointCount":18,"homeWorkCommuteMedian":3703,"workHomeCommuteMedian":6804},"geometry":{"type":"Polygon","coordinates":[[[132.99925188389096,34.04868998439998],[132.99925188389096,34.057683188037224],[133.0082450875282,34.057683188037224],[133.0082450875282,34.04868998439998],[132.99925188389096,34.04868998439998]]]}},{"type":"Feature","properties":{"jobs":5140,"pop":1906,"pointCount":31,"homeWorkCommuteMedian":5066,"workHomeCommuteMedian":5490},"geometry":{"type":"Polygon","coordinates":[[[132.99925188389096,34.057683188037224],[132.99925188389096,34.06667639167447],[133.0082450875282,34.06667639167447],[133.0082450875282,34.057683188037224],[132.99925188389096,34.057683188037224]]]}},{"type":"Feature","properties":{"jobs":1736,"pop":1011,"pointCount":33,"homeWorkCommuteMedian":5272,"workHomeCommuteMedian":5846},"geometry":{"type":"Polygon","coordinates":[[[132.99925188389096,34.06667639167447],[132.99925188389096,34.075669595311716],[133.0082450875282,34.075669595311716],[133.0082450875282,34.06667639167447],[132.99925188389096,34.06667639167447]]]}},{"type":"Feature","properties":{"jobs":1,"pop":4,"pointCount":2,"homeWorkCommuteMedian":19544,"workHomeCommuteMedian":34952},"geometry":{"type":"Polygon","coordinates":[[[132.99925188389096,34.147615224409684],[132.99925188389096,34.15660842804693],[133.0082450875282,34.15660842804693],[133.0082450875282,34.147615224409684],[132.99925188389096,34.147615224409684]]]}},{"type":"Feature","properties":{"jobs":0,"pop":12,"pointCount":1,"homeWorkCommuteMedian":5271,"workHomeCommuteMedian":-1},"geometry":{"type":"Polygon","coordinates":[[[132.99925188389096,34.2285540571449],[132.99925188389096,34.237547260782144],[133.0082450875282,34.237547260782144],[133.0082450875282,34.2285540571449],[132.99925188389096,34.2285540571449]]]}},{"type":"Feature","properties":{"jobs":160,"pop":45,"pointCount":5,"homeWorkCommuteMedian":40859,"workHomeCommuteMedian":20774},"geometry":{"type":"Polygon","coordinates":[[[132.99925188389096,34.237547260782144],[132.99925188389096,34.24654046441939],[133.0082450875282,34.24654046441939],[133.0082450875282,34.237547260782144],[132.99925188389096,34.237547260782144]]]}},{"type":"Feature","properties":{"jobs":531,"pop":197,"pointCount":7,"homeWorkCommuteMedian":40113,"workHomeCommuteMedian":34136},"geometry":{"type":"Polygon","coordinates":[[[132.99925188389096,34.24654046441939],[132.99925188389096,34.255533668056636],[133.0082450875282,34.255533668056636],[133.0082450875282,34.24654046441939],[132.99925188389096,34.24654046441939]]]}},{"type":"Feature","properties":{"jobs":0,"pop":22,"pointCount":1,"homeWorkCommuteMedian":47644,"workHomeCommuteMedian":-1},"geometry":{"type":"Polygon","coordinates":[[[132.99925188389096,34.255533668056636],[132.99925188389096,34.26452687169388],[133.0082450875282,34.26452687169388],[133.0082450875282,34.255533668056636],[132.99925188389096,34.255533668056636]]]}},{"type":"Feature","properties":{"jobs":0,"pop":39,"pointCount":3,"homeWorkCommuteMedian":42712,"workHomeCommuteMedian":-1},"geometry":{"type":"Polygon","coordinates":[[[132.99925188389096,34.27352007533113],[132.99925188389096,34.28251327896837],[133.0082450875282,34.28251327896837],[133.0082450875282,34.27352007533113],[132.99925188389096,34.27352007533113]]]}},{"type":"Feature","properties":{"jobs":16,"pop":18,"pointCount":1,"homeWorkCommuteMedian":16307,"workHomeCommuteMedian":18674},"geometry":{"type":"Polygon","coordinates":[[[133.0082450875282,33.67097543163565],[133.0082450875282,33.67996863527289],[133.01723829116543,33.67996863527289],[133.01723829116543,33.67097543163565],[133.0082450875282,33.67097543163565]]]}},{"type":"Feature","properties":{"jobs":0,"pop":25,"pointCount":1,"homeWorkCommuteMedian":31268,"workHomeCommuteMedian":-1},"geometry":{"type":"Polygon","coordinates":[[[133.0082450875282,33.832853097106074],[133.0082450875282,33.84184630074332],[133.01723829116543,33.84184630074332],[133.01723829116543,33.832853097106074],[133.0082450875282,33.832853097106074]]]}},{"type":"Feature","properties":{"jobs":32,"pop":84,"pointCount":4,"homeWorkCommuteMedian":30691,"workHomeCommuteMedian":5620},"geometry":{"type":"Polygon","coordinates":[[[133.0082450875282,33.850839504380566],[133.0082450875282,33.85983270801781],[133.01723829116543,33.85983270801781],[133.01723829116543,33.850839504380566],[133.0082450875282,33.850839504380566]]]}},{"type":"Feature","properties":{"jobs":51,"pop":0,"pointCount":2,"homeWorkCommuteMedian":-1,"workHomeCommuteMedian":10224},"geometry":{"type":"Polygon","coordinates":[[[133.0082450875282,33.85983270801781],[133.0082450875282,33.86882591165506],[133.01723829116543,33.86882591165506],[133.01723829116543,33.85983270801781],[133.0082450875282,33.85983270801781]]]}},{"type":"Feature","properties":{"jobs":89,"pop":40,"pointCount":4,"homeWorkCommuteMedian":19936,"workHomeCommuteMedian":11427},"geometry":{"type":"Polygon","coordinates":[[[133.0082450875282,33.86882591165506],[133.0082450875282,33.877819115292304],[133.01723829116543,33.877819115292304],[133.01723829116543,33.86882591165506],[133.0082450875282,33.86882591165506]]]}},{"type":"Feature","properties":{"jobs":20,"pop":61,"pointCount":2,"homeWorkCommuteMedian":31598,"workHomeCommuteMedian":4936},"geometry":{"type":"Polygon","coordinates":[[[133.0082450875282,33.877819115292304],[133.0082450875282,33.88681231892955],[133.01723829116543,33.88681231892955],[133.01723829116543,33.877819115292304],[133.0082450875282,33.877819115292304]]]}},{"type":"Feature","properties":{"jobs":18,"pop":67,"pointCount":1,"homeWorkCommuteMedian":11469,"workHomeCommuteMedian":42631},"geometry":{"type":"Polygon","coordinates":[[[133.0082450875282,33.967751151664764],[133.0082450875282,33.97674435530201],[133.01723829116543,33.97674435530201],[133.01723829116543,33.967751151664764],[133.0082450875282,33.967751151664764]]]}},{"type":"Feature","properties":{"jobs":26,"pop":249,"pointCount":7,"homeWorkCommuteMedian":19446,"workHomeCommuteMedian":2486},"geometry":{"type":"Polygon","coordinates":[[[133.0082450875282,33.97674435530201],[133.0082450875282,33.985737558939256],[133.01723829116543,33.985737558939256],[133.01723829116543,33.97674435530201],[133.0082450875282,33.97674435530201]]]}},{"type":"Feature","properties":{"jobs":55,"pop":303,"pointCount":7,"homeWorkCommuteMedian":9630,"workHomeCommuteMedian":40078},"geometry":{"type":"Polygon","coordinates":[[[133.0082450875282,33.985737558939256],[133.0082450875282,33.9947307625765],[133.01723829116543,33.9947307625765],[133.01723829116543,33.985737558939256],[133.0082450875282,33.985737558939256]]]}},{"type":"Feature","properties":{"jobs":446,"pop":469,"pointCount":13,"homeWorkCommuteMedian":10245,"workHomeCommuteMedian":5461},"geometry":{"type":"Polygon","coordinates":[[[133.0082450875282,33.9947307625765],[133.0082450875282,34.00372396621375],[133.01723829116543,34.00372396621375],[133.01723829116543,33.9947307625765],[133.0082450875282,33.9947307625765]]]}},{"type":"Feature","properties":{"jobs":212,"pop":294,"pointCount":14,"homeWorkCommuteMedian":8510,"workHomeCommuteMedian":12552},"geometry":{"type":"Polygon","coordinates":[[[133.0082450875282,34.00372396621375],[133.0082450875282,34.012717169850994],[133.01723829116543,34.012717169850994],[133.01723829116543,34.00372396621375],[133.0082450875282,34.00372396621375]]]}},{"type":"Feature","properties":{"jobs":226,"pop":160,"pointCount":10,"homeWorkCommuteMedian":8376,"workHomeCommuteMedian":6928},"geometry":{"type":"Polygon","coordinates":[[[133.0082450875282,34.012717169850994],[133.0082450875282,34.02171037348824],[133.01723829116543,34.02171037348824],[133.01723829116543,34.012717169850994],[133.0082450875282,34.012717169850994]]]}},{"type":"Feature","properties":{"jobs":897,"pop":1189,"pointCount":17,"homeWorkCommuteMedian":4854,"workHomeCommuteMedian":8266},"geometry":{"type":"Polygon","coordinates":[[[133.0082450875282,34.02171037348824],[133.0082450875282,34.030703577125486],[133.01723829116543,34.030703577125486],[133.01723829116543,34.02171037348824],[133.0082450875282,34.02171037348824]]]}},{"type":"Feature","properties":{"jobs":662,"pop":573,"pointCount":6,"homeWorkCommuteMedian":6753,"workHomeCommuteMedian":2728},"geometry":{"type":"Polygon","coordinates":[[[133.0082450875282,34.030703577125486],[133.0082450875282,34.03969678076273],[133.01723829116543,34.03969678076273],[133.01723829116543,34.030703577125486],[133.0082450875282,34.030703577125486]]]}},{"type":"Feature","properties":{"jobs":846,"pop":650,"pointCount":10,"homeWorkCommuteMedian":4682,"workHomeCommuteMedian":4440},"geometry":{"type":"Polygon","coordinates":[[[133.0082450875282,34.03969678076273],[133.0082450875282,34.04868998439998],[133.01723829116543,34.04868998439998],[133.01723829116543,34.03969678076273],[133.0082450875282,34.03969678076273]]]}},{"type":"Feature","properties":{"jobs":1702,"pop":2974,"pointCount":26,"homeWorkCommuteMedian":5729,"workHomeCommuteMedian":5360},"geometry":{"type":"Polygon","coordinates":[[[133.0082450875282,34.04868998439998],[133.0082450875282,34.057683188037224],[133.01723829116543,34.057683188037224],[133.01723829116543,34.04868998439998],[133.0082450875282,34.04868998439998]]]}},{"type":"Feature","properties":{"jobs":2567,"pop":1331,"pointCount":19,"homeWorkCommuteMedian":4482,"workHomeCommuteMedian":6199},"geometry":{"type":"Polygon","coordinates":[[[133.0082450875282,34.057683188037224],[133.0082450875282,34.06667639167447],[133.01723829116543,34.06667639167447],[133.01723829116543,34.057683188037224],[133.0082450875282,34.057683188037224]]]}},{"type":"Feature","properties":{"jobs":54,"pop":1,"pointCount":1,"homeWorkCommuteMedian":5219,"workHomeCommuteMedian":5623},"geometry":{"type":"Polygon","coordinates":[[[133.0082450875282,34.06667639167447],[133.0082450875282,34.075669595311716],[133.01723829116543,34.075669595311716],[133.01723829116543,34.06667639167447],[133.0082450875282,34.06667639167447]]]}},{"type":"Feature","properties":{"jobs":0,"pop":4,"pointCount":1,"homeWorkCommuteMedian":59501,"workHomeCommuteMedian":-1},"geometry":{"type":"Polygon","coordinates":[[[133.0082450875282,34.1116424098607],[133.0082450875282,34.120635613497946],[133.01723829116543,34.120635613497946],[133.01723829116543,34.1116424098607],[133.0082450875282,34.1116424098607]]]}},{"type":"Feature","properties":{"jobs":0,"pop":16,"pointCount":1,"homeWorkCommuteMedian":15247,"workHomeCommuteMedian":-1},"geometry":{"type":"Polygon","coordinates":[[[133.01723829116543,33.59902980253768],[133.01723829116543,33.608023006174925],[133.02623149480266,33.608023006174925],[133.02623149480266,33.59902980253768],[133.01723829116543,33.59902980253768]]]}},{"type":"Feature","properties":{"jobs":0,"pop":11,"pointCount":1,"homeWorkCommuteMedian":47660,"workHomeCommuteMedian":-1},"geometry":{"type":"Polygon","coordinates":[[[133.01723829116543,33.67097543163565],[133.01723829116543,33.67996863527289],[133.02623149480266,33.67996863527289],[133.02623149480266,33.67097543163565],[133.01723829116543,33.67097543163565]]]}},{"type":"Feature","properties":{"jobs":16,"pop":22,"pointCount":2,"homeWorkCommuteMedian":12518,"workHomeCommuteMedian":4493},"geometry":{"type":"Polygon","coordinates":[[[133.01723829116543,33.850839504380566],[133.01723829116543,33.85983270801781],[133.02623149480266,33.85983270801781],[133.02623149480266,33.850839504380566],[133.01723829116543,33.850839504380566]]]}},{"type":"Feature","properties":{"jobs":255,"pop":433,"pointCount":11,"homeWorkCommuteMedian":15757,"workHomeCommuteMedian":11168},"geometry":{"type":"Polygon","coordinates":[[[133.01723829116543,33.85983270801781],[133.01723829116543,33.86882591165506],[133.02623149480266,33.86882591165506],[133.02623149480266,33.85983270801781],[133.01723829116543,33.85983270801781]]]}},{"type":"Feature","properties":{"jobs":69,"pop":20,"pointCount":2,"homeWorkCommuteMedian":10850,"workHomeCommuteMedian":9203},"geometry":{"type":"Polygon","coordinates":[[[133.01723829116543,33.86882591165506],[133.01723829116543,33.877819115292304],[133.02623149480266,33.877819115292304],[133.02623149480266,33.86882591165506],[133.01723829116543,33.86882591165506]]]}},{"type":"Feature","properties":{"jobs":35,"pop":104,"pointCount":7,"homeWorkCommuteMedian":23967,"workHomeCommuteMedian":8192},"geometry":{"type":"Polygon","coordinates":[[[133.01723829116543,33.877819115292304],[133.01723829116543,33.88681231892955],[133.02623149480266,33.88681231892955],[133.02623149480266,33.877819115292304],[133.01723829116543,33.877819115292304]]]}},{"type":"Feature","properties":{"jobs":143,"pop":29,"pointCount":4,"homeWorkCommuteMedian":50968,"workHomeCommuteMedian":31267},"geometry":{"type":"Polygon","coordinates":[[[133.01723829116543,33.922785133478534],[133.01723829116543,33.93177833711578],[133.02623149480266,33.93177833711578],[133.02623149480266,33.922785133478534],[133.01723829116543,33.922785133478534]]]}},{"type":"Feature","properties":{"jobs":0,"pop":89,"pointCount":1,"homeWorkCommuteMedian":19967,"workHomeCommuteMedian":-1},"geometry":{"type":"Polygon","coordinates":[[[133.01723829116543,33.93177833711578],[133.01723829116543,33.940771540753026],[133.02623149480266,33.940771540753026],[133.02623149480266,33.93177833711578],[133.01723829116543,33.93177833711578]]]}},{"type":"Feature","properties":{"jobs":0,"pop":21,"pointCount":1,"homeWorkCommuteMedian":13709,"workHomeCommuteMedian":-1},"geometry":{"type":"Polygon","coordinates":[[[133.01723829116543,33.940771540753026],[133.01723829116543,33.94976474439027],[133.02623149480266,33.94976474439027],[133.02623149480266,33.940771540753026],[133.01723829116543,33.940771540753026]]]}},{"type":"Feature","properties":{"jobs":256,"pop":139,"pointCount":6,"homeWorkCommuteMedian":11547,"workHomeCommuteMedian":13476},"geometry":{"type":"Polygon","coordinates":[[[133.01723829116543,33.967751151664764],[133.01723829116543,33.97674435530201],[133.02623149480266,33.97674435530201],[133.02623149480266,33.967751151664764],[133.01723829116543,33.967751151664764]]]}},{"type":"Feature","properties":{"jobs":14,"pop":107,"pointCount":4,"homeWorkCommuteMedian":36003,"workHomeCommuteMedian":8002},"geometry":{"type":"Polygon","coordinates":[[[133.01723829116543,33.97674435530201],[133.01723829116543,33.985737558939256],[133.02623149480266,33.985737558939256],[133.02623149480266,33.97674435530201],[133.01723829116543,33.97674435530201]]]}},{"type":"Feature","properties":{"jobs":11,"pop":178,"pointCount":6,"homeWorkCommuteMedian":18181,"workHomeCommuteMedian":8519},"geometry":{"type":"Polygon","coordinates":[[[133.01723829116543,33.985737558939256],[133.01723829116543,33.9947307625765],[133.02623149480266,33.9947307625765],[133.02623149480266,33.985737558939256],[133.01723829116543,33.985737558939256]]]}},{"type":"Feature","properties":{"jobs":179,"pop":229,"pointCount":11,"homeWorkCommuteMedian":9387,"workHomeCommuteMedian":10195},"geometry":{"type":"Polygon","coordinates":[[[133.01723829116543,33.9947307625765],[133.01723829116543,34.00372396621375],[133.02623149480266,34.00372396621375],[133.02623149480266,33.9947307625765],[133.01723829116543,33.9947307625765]]]}},{"type":"Feature","properties":{"jobs":17,"pop":109,"pointCount":1,"homeWorkCommuteMedian":18243,"workHomeCommuteMedian":8132},"geometry":{"type":"Polygon","coordinates":[[[133.01723829116543,34.00372396621375],[133.01723829116543,34.012717169850994],[133.02623149480266,34.012717169850994],[133.02623149480266,34.00372396621375],[133.01723829116543,34.00372396621375]]]}},{"type":"Feature","properties":{"jobs":94,"pop":113,"pointCount":8,"homeWorkCommuteMedian":8238,"workHomeCommuteMedian":7991},"geometry":{"type":"Polygon","coordinates":[[[133.01723829116543,34.012717169850994],[133.01723829116543,34.02171037348824],[133.02623149480266,34.02171037348824],[133.02623149480266,34.012717169850994],[133.01723829116543,34.012717169850994]]]}},{"type":"Feature","properties":{"jobs":273,"pop":548,"pointCount":11,"homeWorkCommuteMedian":7096,"workHomeCommuteMedian":6940},"geometry":{"type":"Polygon","coordinates":[[[133.01723829116543,34.02171037348824],[133.01723829116543,34.030703577125486],[133.02623149480266,34.030703577125486],[133.02623149480266,34.02171037348824],[133.01723829116543,34.02171037348824]]]}},{"type":"Feature","properties":{"jobs":632,"pop":1093,"pointCount":11,"homeWorkCommuteMedian":5428,"workHomeCommuteMedian":7201},"geometry":{"type":"Polygon","coordinates":[[[133.01723829116543,34.030703577125486],[133.01723829116543,34.03969678076273],[133.02623149480266,34.03969678076273],[133.02623149480266,34.030703577125486],[133.01723829116543,34.030703577125486]]]}},{"type":"Feature","properties":{"jobs":2618,"pop":1310,"pointCount":20,"homeWorkCommuteMedian":4816,"workHomeCommuteMedian":7182},"geometry":{"type":"Polygon","coordinates":[[[133.01723829116543,34.03969678076273],[133.01723829116543,34.04868998439998],[133.02623149480266,34.04868998439998],[133.02623149480266,34.03969678076273],[133.01723829116543,34.03969678076273]]]}},{"type":"Feature","properties":{"jobs":1471,"pop":689,"pointCount":12,"homeWorkCommuteMedian":5803,"workHomeCommuteMedian":6812},"geometry":{"type":"Polygon","coordinates":[[[133.01723829116543,34.04868998439998],[133.01723829116543,34.057683188037224],[133.02623149480266,34.057683188037224],[133.02623149480266,34.04868998439998],[133.01723829116543,34.04868998439998]]]}},{"type":"Feature","properties":{"jobs":170,"pop":0,"pointCount":2,"homeWorkCommuteMedian":-1,"workHomeCommuteMedian":8787},"geometry":{"type":"Polygon","coordinates":[[[133.01723829116543,34.057683188037224],[133.01723829116543,34.06667639167447],[133.02623149480266,34.06667639167447],[133.02623149480266,34.057683188037224],[133.01723829116543,34.057683188037224]]]}},{"type":"Feature","properties":{"jobs":0,"pop":17,"pointCount":1,"homeWorkCommuteMedian":16173,"workHomeCommuteMedian":-1},"geometry":{"type":"Polygon","coordinates":[[[133.01723829116543,34.1116424098607],[133.01723829116543,34.120635613497946],[133.02623149480266,34.120635613497946],[133.02623149480266,34.1116424098607],[133.01723829116543,34.1116424098607]]]}},{"type":"Feature","properties":{"jobs":104,"pop":98,"pointCount":4,"homeWorkCommuteMedian":18448,"workHomeCommuteMedian":14274},"geometry":{"type":"Polygon","coordinates":[[[133.01723829116543,34.120635613497946],[133.01723829116543,34.12962881713519],[133.02623149480266,34.12962881713519],[133.02623149480266,34.120635613497946],[133.01723829116543,34.120635613497946]]]}},{"type":"Feature","properties":{"jobs":0,"pop":44,"pointCount":2,"homeWorkCommuteMedian":33579,"workHomeCommuteMedian":-1},"geometry":{"type":"Polygon","coordinates":[[[133.01723829116543,34.12962881713519],[133.01723829116543,34.13862202077244],[133.02623149480266,34.13862202077244],[133.02623149480266,34.12962881713519],[133.01723829116543,34.12962881713519]]]}},{"type":"Feature","properties":{"jobs":29,"pop":100,"pointCount":3,"homeWorkCommuteMedian":14842,"workHomeCommuteMedian":14759},"geometry":{"type":"Polygon","coordinates":[[[133.01723829116543,34.13862202077244],[133.01723829116543,34.147615224409684],[133.02623149480266,34.147615224409684],[133.02623149480266,34.13862202077244],[133.01723829116543,34.13862202077244]]]}},{"type":"Feature","properties":{"jobs":118,"pop":0,"pointCount":1,"homeWorkCommuteMedian":-1,"workHomeCommuteMedian":7042},"geometry":{"type":"Polygon","coordinates":[[[133.01723829116543,34.147615224409684],[133.01723829116543,34.15660842804693],[133.02623149480266,34.15660842804693],[133.02623149480266,34.147615224409684],[133.01723829116543,34.147615224409684]]]}},{"type":"Feature","properties":{"jobs":0,"pop":20,"pointCount":1,"homeWorkCommuteMedian":27698,"workHomeCommuteMedian":-1},"geometry":{"type":"Polygon","coordinates":[[[133.01723829116543,34.21956085350765],[133.01723829116543,34.2285540571449],[133.02623149480266,34.2285540571449],[133.02623149480266,34.21956085350765],[133.01723829116543,34.21956085350765]]]}},{"type":"Feature","properties":{"jobs":12,"pop":0,"pointCount":1,"homeWorkCommuteMedian":-1,"workHomeCommuteMedian":37285},"geometry":{"type":"Polygon","coordinates":[[[133.01723829116543,34.2285540571449],[133.01723829116543,34.237547260782144],[133.02623149480266,34.237547260782144],[133.02623149480266,34.2285540571449],[133.01723829116543,34.2285540571449]]]}},{"type":"Feature","properties":{"jobs":37,"pop":160,"pointCount":3,"homeWorkCommuteMedian":37172,"workHomeCommuteMedian":41376},"geometry":{"type":"Polygon","coordinates":[[[133.01723829116543,34.28251327896837],[133.01723829116543,34.29150648260562],[133.02623149480266,34.29150648260562],[133.02623149480266,34.28251327896837],[133.01723829116543,34.28251327896837]]]}},{"type":"Feature","properties":{"jobs":0,"pop":18,"pointCount":1,"homeWorkCommuteMedian":56171,"workHomeCommuteMedian":-1},"geometry":{"type":"Polygon","coordinates":[[[133.02623149480266,33.53607737707696],[133.02623149480266,33.5450705807142],[133.0352246984399,33.5450705807142],[133.0352246984399,33.53607737707696],[133.02623149480266,33.53607737707696]]]}},{"type":"Feature","properties":{"jobs":0,"pop":23,"pointCount":1,"homeWorkCommuteMedian":50033,"workHomeCommuteMedian":-1},"geometry":{"type":"Polygon","coordinates":[[[133.02623149480266,33.63500261708666],[133.02623149480266,33.64399582072391],[133.0352246984399,33.64399582072391],[133.0352246984399,33.63500261708666],[133.02623149480266,33.63500261708666]]]}},{"type":"Feature","properties":{"jobs":10,"pop":0,"pointCount":1,"homeWorkCommuteMedian":-1,"workHomeCommuteMedian":3222},"geometry":{"type":"Polygon","coordinates":[[[133.02623149480266,33.67996863527289],[133.02623149480266,33.68896183891014],[133.0352246984399,33.68896183891014],[133.0352246984399,33.67996863527289],[133.02623149480266,33.67996863527289]]]}},{"type":"Feature","properties":{"jobs":37,"pop":33,"pointCount":3,"homeWorkCommuteMedian":115316,"workHomeCommuteMedian":43214},"geometry":{"type":"Polygon","coordinates":[[[133.02623149480266,33.68896183891014],[133.02623149480266,33.697955042547385],[133.0352246984399,33.697955042547385],[133.0352246984399,33.68896183891014],[133.02623149480266,33.68896183891014]]]}},{"type":"Feature","properties":{"jobs":44,"pop":81,"pointCount":4,"homeWorkCommuteMedian":28869,"workHomeCommuteMedian":44111},"geometry":{"type":"Polygon","coordinates":[[[133.02623149480266,33.850839504380566],[133.02623149480266,33.85983270801781],[133.0352246984399,33.85983270801781],[133.0352246984399,33.850839504380566],[133.02623149480266,33.850839504380566]]]}},{"type":"Feature","properties":{"jobs":178,"pop":199,"pointCount":7,"homeWorkCommuteMedian":14453,"workHomeCommuteMedian":13957},"geometry":{"type":"Polygon","coordinates":[[[133.02623149480266,33.85983270801781],[133.02623149480266,33.86882591165506],[133.0352246984399,33.86882591165506],[133.0352246984399,33.85983270801781],[133.02623149480266,33.85983270801781]]]}},{"type":"Feature","properties":{"jobs":66,"pop":0,"pointCount":2,"homeWorkCommuteMedian":-1,"workHomeCommuteMedian":9311},"geometry":{"type":"Polygon","coordinates":[[[133.02623149480266,33.86882591165506],[133.02623149480266,33.877819115292304],[133.0352246984399,33.877819115292304],[133.0352246984399,33.86882591165506],[133.02623149480266,33.86882591165506]]]}},{"type":"Feature","properties":{"jobs":51,"pop":107,"pointCount":4,"homeWorkCommuteMedian":8353,"workHomeCommuteMedian":18999},"geometry":{"type":"Polygon","coordinates":[[[133.02623149480266,33.877819115292304],[133.02623149480266,33.88681231892955],[133.0352246984399,33.88681231892955],[133.0352246984399,33.877819115292304],[133.02623149480266,33.877819115292304]]]}},{"type":"Feature","properties":{"jobs":9,"pop":55,"pointCount":4,"homeWorkCommuteMedian":36131,"workHomeCommuteMedian":30255},"geometry":{"type":"Polygon","coordinates":[[[133.02623149480266,33.88681231892955],[133.02623149480266,33.895805522566796],[133.0352246984399,33.895805522566796],[133.0352246984399,33.88681231892955],[133.02623149480266,33.88681231892955]]]}},{"type":"Feature","properties":{"jobs":0,"pop":79,"pointCount":3,"homeWorkCommuteMedian":8383,"workHomeCommuteMedian":-1},"geometry":{"type":"Polygon","coordinates":[[[133.02623149480266,33.93177833711578],[133.02623149480266,33.940771540753026],[133.0352246984399,33.940771540753026],[133.0352246984399,33.93177833711578],[133.02623149480266,33.93177833711578]]]}},{"type":"Feature","properties":{"jobs":99,"pop":20,"pointCount":2,"homeWorkCommuteMedian":12059,"workHomeCommuteMedian":3492},"geometry":{"type":"Polygon","coordinates":[[[133.02623149480266,33.940771540753026],[133.02623149480266,33.94976474439027],[133.0352246984399,33.94976474439027],[133.0352246984399,33.940771540753026],[133.02623149480266,33.940771540753026]]]}},{"type":"Feature","properties":{"jobs":29,"pop":15,"pointCount":1,"homeWorkCommuteMedian":23426,"workHomeCommuteMedian":8025},"geometry":{"type":"Polygon","coordinates":[[[133.02623149480266,33.94976474439027],[133.02623149480266,33.95875794802752],[133.0352246984399,33.95875794802752],[133.0352246984399,33.94976474439027],[133.02623149480266,33.94976474439027]]]}},{"type":"Feature","properties":{"jobs":946,"pop":60,"pointCount":6,"homeWorkCommuteMedian":11234,"workHomeCommuteMedian":11240},"geometry":{"type":"Polygon","coordinates":[[[133.02623149480266,33.967751151664764],[133.02623149480266,33.97674435530201],[133.0352246984399,33.97674435530201],[133.0352246984399,33.967751151664764],[133.02623149480266,33.967751151664764]]]}},{"type":"Feature","properties":{"jobs":0,"pop":13,"pointCount":1,"homeWorkCommuteMedian":50705,"workHomeCommuteMedian":-1},"geometry":{"type":"Polygon","coordinates":[[[133.02623149480266,33.97674435530201],[133.02623149480266,33.985737558939256],[133.0352246984399,33.985737558939256],[133.0352246984399,33.97674435530201],[133.02623149480266,33.97674435530201]]]}},{"type":"Feature","properties":{"jobs":0,"pop":37,"pointCount":2,"homeWorkCommuteMedian":74983,"workHomeCommuteMedian":-1},"geometry":{"type":"Polygon","coordinates":[[[133.02623149480266,33.985737558939256],[133.02623149480266,33.9947307625765],[133.0352246984399,33.9947307625765],[133.0352246984399,33.985737558939256],[133.02623149480266,33.985737558939256]]]}},{"type":"Feature","properties":{"jobs":16,"pop":154,"pointCount":5,"homeWorkCommuteMedian":8358,"workHomeCommuteMedian":8728},"geometry":{"type":"Polygon","coordinates":[[[133.02623149480266,33.9947307625765],[133.02623149480266,34.00372396621375],[133.0352246984399,34.00372396621375],[133.0352246984399,33.9947307625765],[133.02623149480266,33.9947307625765]]]}},{"type":"Feature","properties":{"jobs":844,"pop":222,"pointCount":11,"homeWorkCommuteMedian":8002,"workHomeCommuteMedian":4604},"geometry":{"type":"Polygon","coordinates":[[[133.02623149480266,34.012717169850994],[133.02623149480266,34.02171037348824],[133.0352246984399,34.02171037348824],[133.0352246984399,34.012717169850994],[133.02623149480266,34.012717169850994]]]}},{"type":"Feature","properties":{"jobs":146,"pop":889,"pointCount":9,"homeWorkCommuteMedian":6980,"workHomeCommuteMedian":9692},"geometry":{"type":"Polygon","coordinates":[[[133.02623149480266,34.02171037348824],[133.02623149480266,34.030703577125486],[133.0352246984399,34.030703577125486],[133.0352246984399,34.02171037348824],[133.02623149480266,34.02171037348824]]]}},{"type":"Feature","properties":{"jobs":952,"pop":1016,"pointCount":14,"homeWorkCommuteMedian":8171,"workHomeCommuteMedian":4743},"geometry":{"type":"Polygon","coordinates":[[[133.02623149480266,34.030703577125486],[133.02623149480266,34.03969678076273],[133.0352246984399,34.03969678076273],[133.0352246984399,34.030703577125486],[133.02623149480266,34.030703577125486]]]}},{"type":"Feature","properties":{"jobs":481,"pop":917,"pointCount":7,"homeWorkCommuteMedian":5768,"workHomeCommuteMedian":8740},"geometry":{"type":"Polygon","coordinates":[[[133.02623149480266,34.03969678076273],[133.02623149480266,34.04868998439998],[133.0352246984399,34.04868998439998],[133.0352246984399,34.03969678076273],[133.02623149480266,34.03969678076273]]]}},{"type":"Feature","properties":{"jobs":1224,"pop":0,"pointCount":1,"homeWorkCommuteMedian":-1,"workHomeCommuteMedian":6140},"geometry":{"type":"Polygon","coordinates":[[[133.02623149480266,34.04868998439998],[133.02623149480266,34.057683188037224],[133.0352246984399,34.057683188037224],[133.0352246984399,34.04868998439998],[133.02623149480266,34.04868998439998]]]}},{"type":"Feature","properties":{"jobs":23,"pop":25,"pointCount":1,"homeWorkCommuteMedian":20838,"workHomeCommuteMedian":17039},"geometry":{"type":"Polygon","coordinates":[[[133.02623149480266,34.102649206223454],[133.02623149480266,34.1116424098607],[133.0352246984399,34.1116424098607],[133.0352246984399,34.102649206223454],[133.02623149480266,34.102649206223454]]]}},{"type":"Feature","properties":{"jobs":472,"pop":0,"pointCount":1,"homeWorkCommuteMedian":-1,"workHomeCommuteMedian":58933},"geometry":{"type":"Polygon","coordinates":[[[133.02623149480266,34.1116424098607],[133.02623149480266,34.120635613497946],[133.0352246984399,34.120635613497946],[133.0352246984399,34.1116424098607],[133.02623149480266,34.1116424098607]]]}},{"type":"Feature","properties":{"jobs":0,"pop":12,"pointCount":1,"homeWorkCommuteMedian":17826,"workHomeCommuteMedian":-1},"geometry":{"type":"Polygon","coordinates":[[[133.02623149480266,34.12962881713519],[133.02623149480266,34.13862202077244],[133.0352246984399,34.13862202077244],[133.0352246984399,34.12962881713519],[133.02623149480266,34.12962881713519]]]}},{"type":"Feature","properties":{"jobs":29,"pop":32,"pointCount":2,"homeWorkCommuteMedian":30241,"workHomeCommuteMedian":20722},"geometry":{"type":"Polygon","coordinates":[[[133.02623149480266,34.13862202077244],[133.02623149480266,34.147615224409684],[133.0352246984399,34.147615224409684],[133.0352246984399,34.13862202077244],[133.02623149480266,34.13862202077244]]]}},{"type":"Feature","properties":{"jobs":120,"pop":157,"pointCount":6,"homeWorkCommuteMedian":16757,"workHomeCommuteMedian":19042},"geometry":{"type":"Polygon","coordinates":[[[133.02623149480266,34.147615224409684],[133.02623149480266,34.15660842804693],[133.0352246984399,34.15660842804693],[133.0352246984399,34.147615224409684],[133.02623149480266,34.147615224409684]]]}},{"type":"Feature","properties":{"jobs":0,"pop":40,"pointCount":2,"homeWorkCommuteMedian":17885,"workHomeCommuteMedian":-1},"geometry":{"type":"Polygon","coordinates":[[[133.02623149480266,34.165601631684176],[133.02623149480266,34.17459483532142],[133.0352246984399,34.17459483532142],[133.0352246984399,34.165601631684176],[133.02623149480266,34.165601631684176]]]}},{"type":"Feature","properties":{"jobs":5,"pop":34,"pointCount":2,"homeWorkCommuteMedian":44632,"workHomeCommuteMedian":37114},"geometry":{"type":"Polygon","coordinates":[[[133.02623149480266,34.17459483532142],[133.02623149480266,34.18358803895867],[133.0352246984399,34.18358803895867],[133.0352246984399,34.17459483532142],[133.02623149480266,34.17459483532142]]]}},{"type":"Feature","properties":{"jobs":0,"pop":10,"pointCount":1,"homeWorkCommuteMedian":22126,"workHomeCommuteMedian":-1},"geometry":{"type":"Polygon","coordinates":[[[133.02623149480266,34.18358803895867],[133.02623149480266,34.192581242595914],[133.0352246984399,34.192581242595914],[133.0352246984399,34.18358803895867],[133.02623149480266,34.18358803895867]]]}},{"type":"Feature","properties":{"jobs":166,"pop":73,"pointCount":6,"homeWorkCommuteMedian":15842,"workHomeCommuteMedian":1674},"geometry":{"type":"Polygon","coordinates":[[[133.02623149480266,34.255533668056636],[133.02623149480266,34.26452687169388],[133.0352246984399,34.26452687169388],[133.0352246984399,34.255533668056636],[133.02623149480266,34.255533668056636]]]}},{"type":"Feature","properties":{"jobs":102,"pop":243,"pointCount":10,"homeWorkCommuteMedian":35093,"workHomeCommuteMedian":15094},"geometry":{"type":"Polygon","coordinates":[[[133.02623149480266,34.26452687169388],[133.02623149480266,34.27352007533113],[133.0352246984399,34.27352007533113],[133.0352246984399,34.26452687169388],[133.02623149480266,34.26452687169388]]]}},{"type":"Feature","properties":{"jobs":0,"pop":60,"pointCount":1,"homeWorkCommuteMedian":39765,"workHomeCommuteMedian":-1},"geometry":{"type":"Polygon","coordinates":[[[133.02623149480266,34.28251327896837],[133.02623149480266,34.29150648260562],[133.0352246984399,34.29150648260562],[133.0352246984399,34.28251327896837],[133.02623149480266,34.28251327896837]]]}},{"type":"Feature","properties":{"jobs":0,"pop":16,"pointCount":1,"homeWorkCommuteMedian":13474,"workHomeCommuteMedian":-1},"geometry":{"type":"Polygon","coordinates":[[[133.0352246984399,33.5450705807142],[133.0352246984399,33.55406378435145],[133.04421790207712,33.55406378435145],[133.04421790207712,33.5450705807142],[133.0352246984399,33.5450705807142]]]}},{"type":"Feature","properties":{"jobs":0,"pop":21,"pointCount":2,"homeWorkCommuteMedian":39064,"workHomeCommuteMedian":-1},"geometry":{"type":"Polygon","coordinates":[[[133.0352246984399,33.68896183891014],[133.0352246984399,33.697955042547385],[133.04421790207712,33.697955042547385],[133.04421790207712,33.68896183891014],[133.0352246984399,33.68896183891014]]]}},{"type":"Feature","properties":{"jobs":0,"pop":14,"pointCount":1,"homeWorkCommuteMedian":54861,"workHomeCommuteMedian":-1},"geometry":{"type":"Polygon","coordinates":[[[133.0352246984399,33.73392785709637],[133.0352246984399,33.742921060733615],[133.04421790207712,33.742921060733615],[133.04421790207712,33.73392785709637],[133.0352246984399,33.73392785709637]]]}},{"type":"Feature","properties":{"jobs":2,"pop":6,"pointCount":2,"homeWorkCommuteMedian":44377,"workHomeCommuteMedian":32818},"geometry":{"type":"Polygon","coordinates":[[[133.0352246984399,33.787887078919844],[133.0352246984399,33.79688028255709],[133.04421790207712,33.79688028255709],[133.04421790207712,33.787887078919844],[133.0352246984399,33.787887078919844]]]}},{"type":"Feature","properties":{"jobs":0,"pop":43,"pointCount":3,"homeWorkCommuteMedian":18327,"workHomeCommuteMedian":-1},"geometry":{"type":"Polygon","coordinates":[[[133.0352246984399,33.850839504380566],[133.0352246984399,33.85983270801781],[133.04421790207712,33.85983270801781],[133.04421790207712,33.850839504380566],[133.0352246984399,33.850839504380566]]]}},{"type":"Feature","properties":{"jobs":118,"pop":159,"pointCount":7,"homeWorkCommuteMedian":27645,"workHomeCommuteMedian":17814},"geometry":{"type":"Polygon","coordinates":[[[133.0352246984399,33.85983270801781],[133.0352246984399,33.86882591165506],[133.04421790207712,33.86882591165506],[133.04421790207712,33.85983270801781],[133.0352246984399,33.85983270801781]]]}},{"type":"Feature","properties":{"jobs":15,"pop":316,"pointCount":7,"homeWorkCommuteMedian":9043,"workHomeCommuteMedian":31085},"geometry":{"type":"Polygon","coordinates":[[[133.0352246984399,33.86882591165506],[133.0352246984399,33.877819115292304],[133.04421790207712,33.877819115292304],[133.04421790207712,33.86882591165506],[133.0352246984399,33.86882591165506]]]}},{"type":"Feature","properties":{"jobs":10,"pop":110,"pointCount":6,"homeWorkCommuteMedian":20628,"workHomeCommuteMedian":18428},"geometry":{"type":"Polygon","coordinates":[[[133.0352246984399,33.877819115292304],[133.0352246984399,33.88681231892955],[133.04421790207712,33.88681231892955],[133.04421790207712,33.877819115292304],[133.0352246984399,33.877819115292304]]]}},{"type":"Feature","properties":{"jobs":16,"pop":125,"pointCount":1,"homeWorkCommuteMedian":16587,"workHomeCommuteMedian":3884},"geometry":{"type":"Polygon","coordinates":[[[133.0352246984399,33.88681231892955],[133.0352246984399,33.895805522566796],[133.04421790207712,33.895805522566796],[133.04421790207712,33.88681231892955],[133.0352246984399,33.88681231892955]]]}},{"type":"Feature","properties":{"jobs":0,"pop":35,"pointCount":2,"homeWorkCommuteMedian":9523,"workHomeCommuteMedian":-1},"geometry":{"type":"Polygon","coordinates":[[[133.0352246984399,33.895805522566796],[133.0352246984399,33.90479872620404],[133.04421790207712,33.90479872620404],[133.04421790207712,33.895805522566796],[133.0352246984399,33.895805522566796]]]}},{"type":"Feature","properties":{"jobs":0,"pop":127,"pointCount":5,"homeWorkCommuteMedian":5728,"workHomeCommuteMedian":-1},"geometry":{"type":"Polygon","coordinates":[[[133.0352246984399,33.90479872620404],[133.0352246984399,33.91379192984129],[133.04421790207712,33.91379192984129],[133.04421790207712,33.90479872620404],[133.0352246984399,33.90479872620404]]]}},{"type":"Feature","properties":{"jobs":24,"pop":0,"pointCount":1,"homeWorkCommuteMedian":-1,"workHomeCommuteMedian":4385},"geometry":{"type":"Polygon","coordinates":[[[133.0352246984399,33.91379192984129],[133.0352246984399,33.922785133478534],[133.04421790207712,33.922785133478534],[133.04421790207712,33.91379192984129],[133.0352246984399,33.91379192984129]]]}},{"type":"Feature","properties":{"jobs":34,"pop":101,"pointCount":5,"homeWorkCommuteMedian":19487,"workHomeCommuteMedian":5924},"geometry":{"type":"Polygon","coordinates":[[[133.0352246984399,33.922785133478534],[133.0352246984399,33.93177833711578],[133.04421790207712,33.93177833711578],[133.04421790207712,33.922785133478534],[133.0352246984399,33.922785133478534]]]}},{"type":"Feature","properties":{"jobs":15,"pop":93,"pointCount":4,"homeWorkCommuteMedian":34319,"workHomeCommuteMedian":5661},"geometry":{"type":"Polygon","coordinates":[[[133.0352246984399,33.93177833711578],[133.0352246984399,33.940771540753026],[133.04421790207712,33.940771540753026],[133.04421790207712,33.93177833711578],[133.0352246984399,33.93177833711578]]]}},{"type":"Feature","properties":{"jobs":90,"pop":285,"pointCount":11,"homeWorkCommuteMedian":20075,"workHomeCommuteMedian":10244},"geometry":{"type":"Polygon","coordinates":[[[133.0352246984399,33.940771540753026],[133.0352246984399,33.94976474439027],[133.04421790207712,33.94976474439027],[133.04421790207712,33.940771540753026],[133.0352246984399,33.940771540753026]]]}},{"type":"Feature","properties":{"jobs":29,"pop":0,"pointCount":1,"homeWorkCommuteMedian":-1,"workHomeCommuteMedian":55472},"geometry":{"type":"Polygon","coordinates":[[[133.0352246984399,33.94976474439027],[133.0352246984399,33.95875794802752],[133.04421790207712,33.95875794802752],[133.04421790207712,33.94976474439027],[133.0352246984399,33.94976474439027]]]}},{"type":"Feature","properties":{"jobs":0,"pop":18,"pointCount":1,"homeWorkCommuteMedian":50938,"workHomeCommuteMedian":-1},"geometry":{"type":"Polygon","coordinates":[[[133.0352246984399,33.95875794802752],[133.0352246984399,33.967751151664764],[133.04421790207712,33.967751151664764],[133.04421790207712,33.95875794802752],[133.0352246984399,33.95875794802752]]]}},{"type":"Feature","properties":{"jobs":103,"pop":203,"pointCount":8,"homeWorkCommuteMedian":11339,"workHomeCommuteMedian":8838},"geometry":{"type":"Polygon","coordinates":[[[133.0352246984399,33.9947307625765],[133.0352246984399,34.00372396621375],[133.04421790207712,34.00372396621375],[133.04421790207712,33.9947307625765],[133.0352246984399,33.9947307625765]]]}},{"type":"Feature","properties":{"jobs":252,"pop":109,"pointCount":10,"homeWorkCommuteMedian":12057,"workHomeCommuteMedian":7064},"geometry":{"type":"Polygon","coordinates":[[[133.0352246984399,34.00372396621375],[133.0352246984399,34.012717169850994],[133.04421790207712,34.012717169850994],[133.04421790207712,34.00372396621375],[133.0352246984399,34.00372396621375]]]}},{"type":"Feature","properties":{"jobs":738,"pop":2435,"pointCount":17,"homeWorkCommuteMedian":7655,"workHomeCommuteMedian":7116},"geometry":{"type":"Polygon","coordinates":[[[133.0352246984399,34.012717169850994],[133.0352246984399,34.02171037348824],[133.04421790207712,34.02171037348824],[133.04421790207712,34.012717169850994],[133.0352246984399,34.012717169850994]]]}},{"type":"Feature","properties":{"jobs":230,"pop":523,"pointCount":8,"homeWorkCommuteMedian":6015,"workHomeCommuteMedian":6178},"geometry":{"type":"Polygon","coordinates":[[[133.0352246984399,34.02171037348824],[133.0352246984399,34.030703577125486],[133.04421790207712,34.030703577125486],[133.04421790207712,34.02171037348824],[133.0352246984399,34.02171037348824]]]}},{"type":"Feature","properties":{"jobs":227,"pop":74,"pointCount":2,"homeWorkCommuteMedian":9700,"workHomeCommuteMedian":5461},"geometry":{"type":"Polygon","coordinates":[[[133.0352246984399,34.030703577125486],[133.0352246984399,34.03969678076273],[133.04421790207712,34.03969678076273],[133.04421790207712,34.030703577125486],[133.0352246984399,34.030703577125486]]]}},{"type":"Feature","properties":{"jobs":7,"pop":16,"pointCount":1,"homeWorkCommuteMedian":14150,"workHomeCommuteMedian":13756},"geometry":{"type":"Polygon","coordinates":[[[133.0352246984399,34.1116424098607],[133.0352246984399,34.120635613497946],[133.04421790207712,34.120635613497946],[133.04421790207712,34.1116424098607],[133.0352246984399,34.1116424098607]]]}},{"type":"Feature","properties":{"jobs":0,"pop":12,"pointCount":1,"homeWorkCommuteMedian":12526,"workHomeCommuteMedian":-1},"geometry":{"type":"Polygon","coordinates":[[[133.0352246984399,34.120635613497946],[133.0352246984399,34.12962881713519],[133.04421790207712,34.12962881713519],[133.04421790207712,34.120635613497946],[133.0352246984399,34.120635613497946]]]}},{"type":"Feature","properties":{"jobs":64,"pop":138,"pointCount":8,"homeWorkCommuteMedian":14633,"workHomeCommuteMedian":16725},"geometry":{"type":"Polygon","coordinates":[[[133.0352246984399,34.12962881713519],[133.0352246984399,34.13862202077244],[133.04421790207712,34.13862202077244],[133.04421790207712,34.12962881713519],[133.0352246984399,34.12962881713519]]]}},{"type":"Feature","properties":{"jobs":520,"pop":226,"pointCount":15,"homeWorkCommuteMedian":22851,"workHomeCommuteMedian":14993},"geometry":{"type":"Polygon","coordinates":[[[133.0352246984399,34.13862202077244],[133.0352246984399,34.147615224409684],[133.04421790207712,34.147615224409684],[133.04421790207712,34.13862202077244],[133.0352246984399,34.13862202077244]]]}},{"type":"Feature","properties":{"jobs":164,"pop":132,"pointCount":4,"homeWorkCommuteMedian":16625,"workHomeCommuteMedian":18032},"geometry":{"type":"Polygon","coordinates":[[[133.0352246984399,34.147615224409684],[133.0352246984399,34.15660842804693],[133.04421790207712,34.15660842804693],[133.04421790207712,34.147615224409684],[133.0352246984399,34.147615224409684]]]}},{"type":"Feature","properties":{"jobs":13,"pop":23,"pointCount":1,"homeWorkCommuteMedian":16872,"workHomeCommuteMedian":29037},"geometry":{"type":"Polygon","coordinates":[[[133.0352246984399,34.15660842804693],[133.0352246984399,34.165601631684176],[133.04421790207712,34.165601631684176],[133.04421790207712,34.15660842804693],[133.0352246984399,34.15660842804693]]]}},{"type":"Feature","properties":{"jobs":49,"pop":10,"pointCount":3,"homeWorkCommuteMedian":17353,"workHomeCommuteMedian":26480},"geometry":{"type":"Polygon","coordinates":[[[133.0352246984399,34.165601631684176],[133.0352246984399,34.17459483532142],[133.04421790207712,34.17459483532142],[133.04421790207712,34.165601631684176],[133.0352246984399,34.165601631684176]]]}},{"type":"Feature","properties":{"jobs":29,"pop":20,"pointCount":1,"homeWorkCommuteMedian":61321,"workHomeCommuteMedian":21514},"geometry":{"type":"Polygon","coordinates":[[[133.0352246984399,34.192581242595914],[133.0352246984399,34.20157444623316],[133.04421790207712,34.20157444623316],[133.04421790207712,34.192581242595914],[133.0352246984399,34.192581242595914]]]}},{"type":"Feature","properties":{"jobs":38,"pop":58,"pointCount":3,"homeWorkCommuteMedian":9123,"workHomeCommuteMedian":49879},"geometry":{"type":"Polygon","coordinates":[[[133.0352246984399,34.210567649870406],[133.0352246984399,34.21956085350765],[133.04421790207712,34.21956085350765],[133.04421790207712,34.210567649870406],[133.0352246984399,34.210567649870406]]]}},{"type":"Feature","properties":{"jobs":0,"pop":31,"pointCount":1,"homeWorkCommuteMedian":83083,"workHomeCommuteMedian":-1},"geometry":{"type":"Polygon","coordinates":[[[133.0352246984399,34.237547260782144],[133.0352246984399,34.24654046441939],[133.04421790207712,34.24654046441939],[133.04421790207712,34.237547260782144],[133.0352246984399,34.237547260782144]]]}},{"type":"Feature","properties":{"jobs":114,"pop":191,"pointCount":7,"homeWorkCommuteMedian":5879,"workHomeCommuteMedian":22126},"geometry":{"type":"Polygon","coordinates":[[[133.0352246984399,34.255533668056636],[133.0352246984399,34.26452687169388],[133.04421790207712,34.26452687169388],[133.04421790207712,34.255533668056636],[133.0352246984399,34.255533668056636]]]}},{"type":"Feature","properties":{"jobs":132,"pop":158,"pointCount":6,"homeWorkCommuteMedian":8788,"workHomeCommuteMedian":15930},"geometry":{"type":"Polygon","coordinates":[[[133.0352246984399,34.26452687169388],[133.0352246984399,34.27352007533113],[133.04421790207712,34.27352007533113],[133.04421790207712,34.26452687169388],[133.0352246984399,34.26452687169388]]]}},{"type":"Feature","properties":{"jobs":29,"pop":0,"pointCount":2,"homeWorkCommuteMedian":-1,"workHomeCommuteMedian":22303},"geometry":{"type":"Polygon","coordinates":[[[133.04421790207712,33.53607737707696],[133.04421790207712,33.5450705807142],[133.05321110571435,33.5450705807142],[133.05321110571435,33.53607737707696],[133.04421790207712,33.53607737707696]]]}},{"type":"Feature","properties":{"jobs":0,"pop":148,"pointCount":3,"homeWorkCommuteMedian":39818,"workHomeCommuteMedian":-1},"geometry":{"type":"Polygon","coordinates":[[[133.04421790207712,33.5450705807142],[133.04421790207712,33.55406378435145],[133.05321110571435,33.55406378435145],[133.05321110571435,33.5450705807142],[133.04421790207712,33.5450705807142]]]}},{"type":"Feature","properties":{"jobs":0,"pop":10,"pointCount":1,"homeWorkCommuteMedian":47759,"workHomeCommuteMedian":-1},"geometry":{"type":"Polygon","coordinates":[[[133.04421790207712,33.63500261708666],[133.04421790207712,33.64399582072391],[133.05321110571435,33.64399582072391],[133.05321110571435,33.63500261708666],[133.04421790207712,33.63500261708666]]]}},{"type":"Feature","properties":{"jobs":0,"pop":1,"pointCount":1,"homeWorkCommuteMedian":43062,"workHomeCommuteMedian":-1},"geometry":{"type":"Polygon","coordinates":[[[133.04421790207712,33.82385989346883],[133.04421790207712,33.832853097106074],[133.05321110571435,33.832853097106074],[133.05321110571435,33.82385989346883],[133.04421790207712,33.82385989346883]]]}},{"type":"Feature","properties":{"jobs":32,"pop":145,"pointCount":5,"homeWorkCommuteMedian":24410,"workHomeCommuteMedian":12240},"geometry":{"type":"Polygon","coordinates":[[[133.04421790207712,33.85983270801781],[133.04421790207712,33.86882591165506],[133.05321110571435,33.86882591165506],[133.05321110571435,33.85983270801781],[133.04421790207712,33.85983270801781]]]}},{"type":"Feature","properties":{"jobs":0,"pop":40,"pointCount":3,"homeWorkCommuteMedian":17329,"workHomeCommuteMedian":-1},"geometry":{"type":"Polygon","coordinates":[[[133.04421790207712,33.86882591165506],[133.04421790207712,33.877819115292304],[133.05321110571435,33.877819115292304],[133.05321110571435,33.86882591165506],[133.04421790207712,33.86882591165506]]]}},{"type":"Feature","properties":{"jobs":252,"pop":293,"pointCount":13,"homeWorkCommuteMedian":11429,"workHomeCommuteMedian":18493},"geometry":{"type":"Polygon","coordinates":[[[133.04421790207712,33.877819115292304],[133.04421790207712,33.88681231892955],[133.05321110571435,33.88681231892955],[133.05321110571435,33.877819115292304],[133.04421790207712,33.877819115292304]]]}},{"type":"Feature","properties":{"jobs":29,"pop":164,"pointCount":6,"homeWorkCommuteMedian":14699,"workHomeCommuteMedian":7294},"geometry":{"type":"Polygon","coordinates":[[[133.04421790207712,33.88681231892955],[133.04421790207712,33.895805522566796],[133.05321110571435,33.895805522566796],[133.05321110571435,33.88681231892955],[133.04421790207712,33.88681231892955]]]}},{"type":"Feature","properties":{"jobs":76,"pop":189,"pointCount":7,"homeWorkCommuteMedian":17575,"workHomeCommuteMedian":31305},"geometry":{"type":"Polygon","coordinates":[[[133.04421790207712,33.895805522566796],[133.04421790207712,33.90479872620404],[133.05321110571435,33.90479872620404],[133.05321110571435,33.895805522566796],[133.04421790207712,33.895805522566796]]]}},{"type":"Feature","properties":{"jobs":242,"pop":265,"pointCount":11,"homeWorkCommuteMedian":9653,"workHomeCommuteMedian":14009},"geometry":{"type":"Polygon","coordinates":[[[133.04421790207712,33.90479872620404],[133.04421790207712,33.91379192984129],[133.05321110571435,33.91379192984129],[133.05321110571435,33.90479872620404],[133.04421790207712,33.90479872620404]]]}},{"type":"Feature","properties":{"jobs":27,"pop":192,"pointCount":7,"homeWorkCommuteMedian":9225,"workHomeCommuteMedian":10373},"geometry":{"type":"Polygon","coordinates":[[[133.04421790207712,33.91379192984129],[133.04421790207712,33.922785133478534],[133.05321110571435,33.922785133478534],[133.05321110571435,33.91379192984129],[133.04421790207712,33.91379192984129]]]}},{"type":"Feature","properties":{"jobs":0,"pop":261,"pointCount":7,"homeWorkCommuteMedian":11860,"workHomeCommuteMedian":-1},"geometry":{"type":"Polygon","coordinates":[[[133.04421790207712,33.922785133478534],[133.04421790207712,33.93177833711578],[133.05321110571435,33.93177833711578],[133.05321110571435,33.922785133478534],[133.04421790207712,33.922785133478534]]]}},{"type":"Feature","properties":{"jobs":219,"pop":387,"pointCount":13,"homeWorkCommuteMedian":8192,"workHomeCommuteMedian":2483},"geometry":{"type":"Polygon","coordinates":[[[133.04421790207712,33.93177833711578],[133.04421790207712,33.940771540753026],[133.05321110571435,33.940771540753026],[133.05321110571435,33.93177833711578],[133.04421790207712,33.93177833711578]]]}},{"type":"Feature","properties":{"jobs":462,"pop":226,"pointCount":7,"homeWorkCommuteMedian":11969,"workHomeCommuteMedian":8362},"geometry":{"type":"Polygon","coordinates":[[[133.04421790207712,33.940771540753026],[133.04421790207712,33.94976474439027],[133.05321110571435,33.94976474439027],[133.05321110571435,33.940771540753026],[133.04421790207712,33.940771540753026]]]}},{"type":"Feature","properties":{"jobs":21,"pop":226,"pointCount":8,"homeWorkCommuteMedian":11640,"workHomeCommuteMedian":41268},"geometry":{"type":"Polygon","coordinates":[[[133.04421790207712,33.94976474439027],[133.04421790207712,33.95875794802752],[133.05321110571435,33.95875794802752],[133.05321110571435,33.94976474439027],[133.04421790207712,33.94976474439027]]]}},{"type":"Feature","properties":{"jobs":0,"pop":86,"pointCount":1,"homeWorkCommuteMedian":10913,"workHomeCommuteMedian":-1},"geometry":{"type":"Polygon","coordinates":[[[133.04421790207712,33.95875794802752],[133.04421790207712,33.967751151664764],[133.05321110571435,33.967751151664764],[133.05321110571435,33.95875794802752],[133.04421790207712,33.95875794802752]]]}},{"type":"Feature","properties":{"jobs":83,"pop":255,"pointCount":5,"homeWorkCommuteMedian":8933,"workHomeCommuteMedian":55365},"geometry":{"type":"Polygon","coordinates":[[[133.04421790207712,33.967751151664764],[133.04421790207712,33.97674435530201],[133.05321110571435,33.97674435530201],[133.05321110571435,33.967751151664764],[133.04421790207712,33.967751151664764]]]}},{"type":"Feature","properties":{"jobs":71,"pop":54,"pointCount":3,"homeWorkCommuteMedian":12575,"workHomeCommuteMedian":19353},"geometry":{"type":"Polygon","coordinates":[[[133.04421790207712,33.97674435530201],[133.04421790207712,33.985737558939256],[133.05321110571435,33.985737558939256],[133.05321110571435,33.97674435530201],[133.04421790207712,33.97674435530201]]]}},{"type":"Feature","properties":{"jobs":97,"pop":132,"pointCount":5,"homeWorkCommuteMedian":8614,"workHomeCommuteMedian":13380},"geometry":{"type":"Polygon","coordinates":[[[133.04421790207712,33.985737558939256],[133.04421790207712,33.9947307625765],[133.05321110571435,33.9947307625765],[133.05321110571435,33.985737558939256],[133.04421790207712,33.985737558939256]]]}},{"type":"Feature","properties":{"jobs":101,"pop":0,"pointCount":2,"homeWorkCommuteMedian":-1,"workHomeCommuteMedian":6821},"geometry":{"type":"Polygon","coordinates":[[[133.04421790207712,33.9947307625765],[133.04421790207712,34.00372396621375],[133.05321110571435,34.00372396621375],[133.05321110571435,33.9947307625765],[133.04421790207712,33.9947307625765]]]}},{"type":"Feature","properties":{"jobs":427,"pop":21,"pointCount":5,"homeWorkCommuteMedian":47880,"workHomeCommuteMedian":8420},"geometry":{"type":"Polygon","coordinates":[[[133.04421790207712,34.00372396621375],[133.04421790207712,34.012717169850994],[133.05321110571435,34.012717169850994],[133.05321110571435,34.00372396621375],[133.04421790207712,34.00372396621375]]]}},{"type":"Feature","properties":{"jobs":115,"pop":184,"pointCount":6,"homeWorkCommuteMedian":5113,"workHomeCommuteMedian":10740},"geometry":{"type":"Polygon","coordinates":[[[133.04421790207712,34.012717169850994],[133.04421790207712,34.02171037348824],[133.05321110571435,34.02171037348824],[133.05321110571435,34.012717169850994],[133.04421790207712,34.012717169850994]]]}},{"type":"Feature","properties":{"jobs":0,"pop":78,"pointCount":3,"homeWorkCommuteMedian":17207,"workHomeCommuteMedian":-1},"geometry":{"type":"Polygon","coordinates":[[[133.04421790207712,34.12962881713519],[133.04421790207712,34.13862202077244],[133.05321110571435,34.13862202077244],[133.05321110571435,34.12962881713519],[133.04421790207712,34.12962881713519]]]}},{"type":"Feature","properties":{"jobs":67,"pop":64,"pointCount":4,"homeWorkCommuteMedian":21356,"workHomeCommuteMedian":18067},"geometry":{"type":"Polygon","coordinates":[[[133.04421790207712,34.13862202077244],[133.04421790207712,34.147615224409684],[133.05321110571435,34.147615224409684],[133.05321110571435,34.13862202077244],[133.04421790207712,34.13862202077244]]]}},{"type":"Feature","properties":{"jobs":112,"pop":128,"pointCount":10,"homeWorkCommuteMedian":18656,"workHomeCommuteMedian":19917},"geometry":{"type":"Polygon","coordinates":[[[133.04421790207712,34.147615224409684],[133.04421790207712,34.15660842804693],[133.05321110571435,34.15660842804693],[133.05321110571435,34.147615224409684],[133.04421790207712,34.147615224409684]]]}},{"type":"Feature","properties":{"jobs":0,"pop":15,"pointCount":1,"homeWorkCommuteMedian":16684,"workHomeCommuteMedian":-1},"geometry":{"type":"Polygon","coordinates":[[[133.04421790207712,34.210567649870406],[133.04421790207712,34.21956085350765],[133.05321110571435,34.21956085350765],[133.05321110571435,34.210567649870406],[133.04421790207712,34.210567649870406]]]}},{"type":"Feature","properties":{"jobs":56,"pop":185,"pointCount":7,"homeWorkCommuteMedian":15020,"workHomeCommuteMedian":40688},"geometry":{"type":"Polygon","coordinates":[[[133.04421790207712,34.21956085350765],[133.04421790207712,34.2285540571449],[133.05321110571435,34.2285540571449],[133.05321110571435,34.21956085350765],[133.04421790207712,34.21956085350765]]]}},{"type":"Feature","properties":{"jobs":190,"pop":100,"pointCount":9,"homeWorkCommuteMedian":62651,"workHomeCommuteMedian":16983},"geometry":{"type":"Polygon","coordinates":[[[133.04421790207712,34.2285540571449],[133.04421790207712,34.237547260782144],[133.05321110571435,34.237547260782144],[133.05321110571435,34.2285540571449],[133.04421790207712,34.2285540571449]]]}},{"type":"Feature","properties":{"jobs":30,"pop":80,"pointCount":7,"homeWorkCommuteMedian":29658,"workHomeCommuteMedian":17816},"geometry":{"type":"Polygon","coordinates":[[[133.04421790207712,34.237547260782144],[133.04421790207712,34.24654046441939],[133.05321110571435,34.24654046441939],[133.05321110571435,34.237547260782144],[133.04421790207712,34.237547260782144]]]}},{"type":"Feature","properties":{"jobs":0,"pop":11,"pointCount":1,"homeWorkCommuteMedian":34207,"workHomeCommuteMedian":-1},"geometry":{"type":"Polygon","coordinates":[[[133.04421790207712,34.24654046441939],[133.04421790207712,34.255533668056636],[133.05321110571435,34.255533668056636],[133.05321110571435,34.24654046441939],[133.04421790207712,34.24654046441939]]]}},{"type":"Feature","properties":{"jobs":79,"pop":68,"pointCount":5,"homeWorkCommuteMedian":75244,"workHomeCommuteMedian":6417},"geometry":{"type":"Polygon","coordinates":[[[133.04421790207712,34.255533668056636],[133.04421790207712,34.26452687169388],[133.05321110571435,34.26452687169388],[133.05321110571435,34.255533668056636],[133.04421790207712,34.255533668056636]]]}},{"type":"Feature","properties":{"jobs":0,"pop":19,"pointCount":1,"homeWorkCommuteMedian":70994,"workHomeCommuteMedian":-1},"geometry":{"type":"Polygon","coordinates":[[[133.05321110571435,33.6619822279984],[133.05321110571435,33.67097543163565],[133.06220430935159,33.67097543163565],[133.06220430935159,33.6619822279984],[133.05321110571435,33.6619822279984]]]}},{"type":"Feature","properties":{"jobs":0,"pop":27,"pointCount":1,"homeWorkCommuteMedian":63684,"workHomeCommuteMedian":-1},"geometry":{"type":"Polygon","coordinates":[[[133.05321110571435,33.67097543163565],[133.05321110571435,33.67996863527289],[133.06220430935159,33.67996863527289],[133.06220430935159,33.67097543163565],[133.05321110571435,33.67097543163565]]]}},{"type":"Feature","properties":{"jobs":20,"pop":14,"pointCount":2,"homeWorkCommuteMedian":13996,"workHomeCommuteMedian":13130},"geometry":{"type":"Polygon","coordinates":[[[133.05321110571435,33.85983270801781],[133.05321110571435,33.86882591165506],[133.06220430935159,33.86882591165506],[133.06220430935159,33.85983270801781],[133.05321110571435,33.85983270801781]]]}},{"type":"Feature","properties":{"jobs":100,"pop":261,"pointCount":5,"homeWorkCommuteMedian":16785,"workHomeCommuteMedian":11176},"geometry":{"type":"Polygon","coordinates":[[[133.05321110571435,33.86882591165506],[133.05321110571435,33.877819115292304],[133.06220430935159,33.877819115292304],[133.06220430935159,33.86882591165506],[133.05321110571435,33.86882591165506]]]}},{"type":"Feature","properties":{"jobs":21,"pop":269,"pointCount":4,"homeWorkCommuteMedian":16170,"workHomeCommuteMedian":4329},"geometry":{"type":"Polygon","coordinates":[[[133.05321110571435,33.877819115292304],[133.05321110571435,33.88681231892955],[133.06220430935159,33.88681231892955],[133.06220430935159,33.877819115292304],[133.05321110571435,33.877819115292304]]]}},{"type":"Feature","properties":{"jobs":44,"pop":141,"pointCount":3,"homeWorkCommuteMedian":8260,"workHomeCommuteMedian":5114},"geometry":{"type":"Polygon","coordinates":[[[133.05321110571435,33.88681231892955],[133.05321110571435,33.895805522566796],[133.06220430935159,33.895805522566796],[133.06220430935159,33.88681231892955],[133.05321110571435,33.88681231892955]]]}},{"type":"Feature","properties":{"jobs":839,"pop":850,"pointCount":16,"homeWorkCommuteMedian":9614,"workHomeCommuteMedian":7028},"geometry":{"type":"Polygon","coordinates":[[[133.05321110571435,33.895805522566796],[133.05321110571435,33.90479872620404],[133.06220430935159,33.90479872620404],[133.06220430935159,33.895805522566796],[133.05321110571435,33.895805522566796]]]}},{"type":"Feature","properties":{"jobs":713,"pop":348,"pointCount":8,"homeWorkCommuteMedian":18104,"workHomeCommuteMedian":4719},"geometry":{"type":"Polygon","coordinates":[[[133.05321110571435,33.90479872620404],[133.05321110571435,33.91379192984129],[133.06220430935159,33.91379192984129],[133.06220430935159,33.90479872620404],[133.05321110571435,33.90479872620404]]]}},{"type":"Feature","properties":{"jobs":130,"pop":137,"pointCount":6,"homeWorkCommuteMedian":9250,"workHomeCommuteMedian":3263},"geometry":{"type":"Polygon","coordinates":[[[133.05321110571435,33.91379192984129],[133.05321110571435,33.922785133478534],[133.06220430935159,33.922785133478534],[133.06220430935159,33.91379192984129],[133.05321110571435,33.91379192984129]]]}},{"type":"Feature","properties":{"jobs":4,"pop":425,"pointCount":9,"homeWorkCommuteMedian":10073,"workHomeCommuteMedian":5452},"geometry":{"type":"Polygon","coordinates":[[[133.05321110571435,33.922785133478534],[133.05321110571435,33.93177833711578],[133.06220430935159,33.93177833711578],[133.06220430935159,33.922785133478534],[133.05321110571435,33.922785133478534]]]}},{"type":"Feature","properties":{"jobs":452,"pop":1321,"pointCount":17,"homeWorkCommuteMedian":14164,"workHomeCommuteMedian":6652},"geometry":{"type":"Polygon","coordinates":[[[133.05321110571435,33.93177833711578],[133.05321110571435,33.940771540753026],[133.06220430935159,33.940771540753026],[133.06220430935159,33.93177833711578],[133.05321110571435,33.93177833711578]]]}},{"type":"Feature","properties":{"jobs":122,"pop":816,"pointCount":11,"homeWorkCommuteMedian":13596,"workHomeCommuteMedian":7387},"geometry":{"type":"Polygon","coordinates":[[[133.05321110571435,33.940771540753026],[133.05321110571435,33.94976474439027],[133.06220430935159,33.94976474439027],[133.06220430935159,33.940771540753026],[133.05321110571435,33.940771540753026]]]}},{"type":"Feature","properties":{"jobs":381,"pop":629,"pointCount":13,"homeWorkCommuteMedian":13948,"workHomeCommuteMedian":3934},"geometry":{"type":"Polygon","coordinates":[[[133.05321110571435,33.94976474439027],[133.05321110571435,33.95875794802752],[133.06220430935159,33.95875794802752],[133.06220430935159,33.94976474439027],[133.05321110571435,33.94976474439027]]]}},{"type":"Feature","properties":{"jobs":200,"pop":283,"pointCount":13,"homeWorkCommuteMedian":15214,"workHomeCommuteMedian":3300},"geometry":{"type":"Polygon","coordinates":[[[133.05321110571435,33.95875794802752],[133.05321110571435,33.967751151664764],[133.06220430935159,33.967751151664764],[133.06220430935159,33.95875794802752],[133.05321110571435,33.95875794802752]]]}},{"type":"Feature","properties":{"jobs":43,"pop":185,"pointCount":5,"homeWorkCommuteMedian":15440,"workHomeCommuteMedian":17039},"geometry":{"type":"Polygon","coordinates":[[[133.05321110571435,33.967751151664764],[133.05321110571435,33.97674435530201],[133.06220430935159,33.97674435530201],[133.06220430935159,33.967751151664764],[133.05321110571435,33.967751151664764]]]}},{"type":"Feature","properties":{"jobs":158,"pop":0,"pointCount":2,"homeWorkCommuteMedian":-1,"workHomeCommuteMedian":18176},"geometry":{"type":"Polygon","coordinates":[[[133.05321110571435,33.97674435530201],[133.05321110571435,33.985737558939256],[133.06220430935159,33.985737558939256],[133.06220430935159,33.97674435530201],[133.05321110571435,33.97674435530201]]]}},{"type":"Feature","properties":{"jobs":174,"pop":60,"pointCount":6,"homeWorkCommuteMedian":13956,"workHomeCommuteMedian":20054},"geometry":{"type":"Polygon","coordinates":[[[133.05321110571435,33.985737558939256],[133.05321110571435,33.9947307625765],[133.06220430935159,33.9947307625765],[133.06220430935159,33.985737558939256],[133.05321110571435,33.985737558939256]]]}},{"type":"Feature","properties":{"jobs":25,"pop":16,"pointCount":2,"homeWorkCommuteMedian":14697,"workHomeCommuteMedian":40895},"geometry":{"type":"Polygon","coordinates":[[[133.05321110571435,33.9947307625765],[133.05321110571435,34.00372396621375],[133.06220430935159,34.00372396621375],[133.06220430935159,33.9947307625765],[133.05321110571435,33.9947307625765]]]}},{"type":"Feature","properties":{"jobs":21,"pop":0,"pointCount":1,"homeWorkCommuteMedian":-1,"workHomeCommuteMedian":15375},"geometry":{"type":"Polygon","coordinates":[[[133.05321110571435,34.12962881713519],[133.05321110571435,34.13862202077244],[133.06220430935159,34.13862202077244],[133.06220430935159,34.12962881713519],[133.05321110571435,34.12962881713519]]]}},{"type":"Feature","properties":{"jobs":17,"pop":28,"pointCount":2,"homeWorkCommuteMedian":19455,"workHomeCommuteMedian":19150},"geometry":{"type":"Polygon","coordinates":[[[133.05321110571435,34.13862202077244],[133.05321110571435,34.147615224409684],[133.06220430935159,34.147615224409684],[133.06220430935159,34.13862202077244],[133.05321110571435,34.13862202077244]]]}},{"type":"Feature","properties":{"jobs":99,"pop":253,"pointCount":6,"homeWorkCommuteMedian":18366,"workHomeCommuteMedian":37892},"geometry":{"type":"Polygon","coordinates":[[[133.05321110571435,34.147615224409684],[133.05321110571435,34.15660842804693],[133.06220430935159,34.15660842804693],[133.06220430935159,34.147615224409684],[133.05321110571435,34.147615224409684]]]}},{"type":"Feature","properties":{"jobs":66,"pop":62,"pointCount":4,"homeWorkCommuteMedian":15700,"workHomeCommuteMedian":24875},"geometry":{"type":"Polygon","coordinates":[[[133.05321110571435,34.18358803895867],[133.05321110571435,34.192581242595914],[133.06220430935159,34.192581242595914],[133.06220430935159,34.18358803895867],[133.05321110571435,34.18358803895867]]]}},{"type":"Feature","properties":{"jobs":54,"pop":0,"pointCount":1,"homeWorkCommuteMedian":-1,"workHomeCommuteMedian":28613},"geometry":{"type":"Polygon","coordinates":[[[133.05321110571435,34.255533668056636],[133.05321110571435,34.26452687169388],[133.06220430935159,34.26452687169388],[133.06220430935159,34.255533668056636],[133.05321110571435,34.255533668056636]]]}},{"type":"Feature","properties":{"jobs":153,"pop":52,"pointCount":4,"homeWorkCommuteMedian":37207,"workHomeCommuteMedian":8825},"geometry":{"type":"Polygon","coordinates":[[[133.06220430935159,33.86882591165506],[133.06220430935159,33.877819115292304],[133.07119751298882,33.877819115292304],[133.07119751298882,33.86882591165506],[133.06220430935159,33.86882591165506]]]}},{"type":"Feature","properties":{"jobs":471,"pop":0,"pointCount":3,"homeWorkCommuteMedian":-1,"workHomeCommuteMedian":9256},"geometry":{"type":"Polygon","coordinates":[[[133.06220430935159,33.877819115292304],[133.06220430935159,33.88681231892955],[133.07119751298882,33.88681231892955],[133.07119751298882,33.877819115292304],[133.06220430935159,33.877819115292304]]]}},{"type":"Feature","properties":{"jobs":112,"pop":223,"pointCount":10,"homeWorkCommuteMedian":7384,"workHomeCommuteMedian":14456},"geometry":{"type":"Polygon","coordinates":[[[133.06220430935159,33.88681231892955],[133.06220430935159,33.895805522566796],[133.07119751298882,33.895805522566796],[133.07119751298882,33.88681231892955],[133.06220430935159,33.88681231892955]]]}},{"type":"Feature","properties":{"jobs":156,"pop":769,"pointCount":7,"homeWorkCommuteMedian":7176,"workHomeCommuteMedian":6942},"geometry":{"type":"Polygon","coordinates":[[[133.06220430935159,33.895805522566796],[133.06220430935159,33.90479872620404],[133.07119751298882,33.90479872620404],[133.07119751298882,33.895805522566796],[133.06220430935159,33.895805522566796]]]}},{"type":"Feature","properties":{"jobs":634,"pop":546,"pointCount":10,"homeWorkCommuteMedian":13487,"workHomeCommuteMedian":8896},"geometry":{"type":"Polygon","coordinates":[[[133.06220430935159,33.90479872620404],[133.06220430935159,33.91379192984129],[133.07119751298882,33.91379192984129],[133.07119751298882,33.90479872620404],[133.06220430935159,33.90479872620404]]]}},{"type":"Feature","properties":{"jobs":194,"pop":236,"pointCount":9,"homeWorkCommuteMedian":14217,"workHomeCommuteMedian":5069},"geometry":{"type":"Polygon","coordinates":[[[133.06220430935159,33.91379192984129],[133.06220430935159,33.922785133478534],[133.07119751298882,33.922785133478534],[133.07119751298882,33.91379192984129],[133.06220430935159,33.91379192984129]]]}},{"type":"Feature","properties":{"jobs":70,"pop":226,"pointCount":5,"homeWorkCommuteMedian":12669,"workHomeCommuteMedian":7026},"geometry":{"type":"Polygon","coordinates":[[[133.06220430935159,33.922785133478534],[133.06220430935159,33.93177833711578],[133.07119751298882,33.93177833711578],[133.07119751298882,33.922785133478534],[133.06220430935159,33.922785133478534]]]}},{"type":"Feature","properties":{"jobs":122,"pop":311,"pointCount":11,"homeWorkCommuteMedian":18072,"workHomeCommuteMedian":7785},"geometry":{"type":"Polygon","coordinates":[[[133.06220430935159,33.93177833711578],[133.06220430935159,33.940771540753026],[133.07119751298882,33.940771540753026],[133.07119751298882,33.93177833711578],[133.06220430935159,33.93177833711578]]]}},{"type":"Feature","properties":{"jobs":260,"pop":433,"pointCount":8,"homeWorkCommuteMedian":10401,"workHomeCommuteMedian":5111},"geometry":{"type":"Polygon","coordinates":[[[133.06220430935159,33.940771540753026],[133.06220430935159,33.94976474439027],[133.07119751298882,33.94976474439027],[133.07119751298882,33.940771540753026],[133.06220430935159,33.940771540753026]]]}},{"type":"Feature","properties":{"jobs":314,"pop":318,"pointCount":8,"homeWorkCommuteMedian":12116,"workHomeCommuteMedian":11560},"geometry":{"type":"Polygon","coordinates":[[[133.06220430935159,33.94976474439027],[133.06220430935159,33.95875794802752],[133.07119751298882,33.95875794802752],[133.07119751298882,33.94976474439027],[133.06220430935159,33.94976474439027]]]}},{"type":"Feature","properties":{"jobs":60,"pop":307,"pointCount":9,"homeWorkCommuteMedian":12923,"workHomeCommuteMedian":9197},"geometry":{"type":"Polygon","coordinates":[[[133.06220430935159,33.95875794802752],[133.06220430935159,33.967751151664764],[133.07119751298882,33.967751151664764],[133.07119751298882,33.95875794802752],[133.06220430935159,33.95875794802752]]]}},{"type":"Feature","properties":{"jobs":44,"pop":222,"pointCount":8,"homeWorkCommuteMedian":13104,"workHomeCommuteMedian":6702},"geometry":{"type":"Polygon","coordinates":[[[133.06220430935159,33.967751151664764],[133.06220430935159,33.97674435530201],[133.07119751298882,33.97674435530201],[133.07119751298882,33.967751151664764],[133.06220430935159,33.967751151664764]]]}},{"type":"Feature","properties":{"jobs":0,"pop":28,"pointCount":1,"homeWorkCommuteMedian":18265,"workHomeCommuteMedian":-1},"geometry":{"type":"Polygon","coordinates":[[[133.06220430935159,34.12962881713519],[133.06220430935159,34.13862202077244],[133.07119751298882,34.13862202077244],[133.07119751298882,34.12962881713519],[133.06220430935159,34.12962881713519]]]}},{"type":"Feature","properties":{"jobs":42,"pop":0,"pointCount":1,"homeWorkCommuteMedian":-1,"workHomeCommuteMedian":8498},"geometry":{"type":"Polygon","coordinates":[[[133.06220430935159,34.15660842804693],[133.06220430935159,34.165601631684176],[133.07119751298882,34.165601631684176],[133.07119751298882,34.15660842804693],[133.06220430935159,34.15660842804693]]]}},{"type":"Feature","properties":{"jobs":143,"pop":144,"pointCount":7,"homeWorkCommuteMedian":21332,"workHomeCommuteMedian":22969},"geometry":{"type":"Polygon","coordinates":[[[133.06220430935159,34.165601631684176],[133.06220430935159,34.17459483532142],[133.07119751298882,34.17459483532142],[133.07119751298882,34.165601631684176],[133.06220430935159,34.165601631684176]]]}},{"type":"Feature","properties":{"jobs":0,"pop":45,"pointCount":1,"homeWorkCommuteMedian":22351,"workHomeCommuteMedian":-1},"geometry":{"type":"Polygon","coordinates":[[[133.06220430935159,34.17459483532142],[133.06220430935159,34.18358803895867],[133.07119751298882,34.18358803895867],[133.07119751298882,34.17459483532142],[133.06220430935159,34.17459483532142]]]}},{"type":"Feature","properties":{"jobs":39,"pop":36,"pointCount":2,"homeWorkCommuteMedian":24007,"workHomeCommuteMedian":32381},"geometry":{"type":"Polygon","coordinates":[[[133.06220430935159,34.18358803895867],[133.06220430935159,34.192581242595914],[133.07119751298882,34.192581242595914],[133.07119751298882,34.18358803895867],[133.06220430935159,34.18358803895867]]]}},{"type":"Feature","properties":{"jobs":45,"pop":0,"pointCount":2,"homeWorkCommuteMedian":-1,"workHomeCommuteMedian":28657},"geometry":{"type":"Polygon","coordinates":[[[133.06220430935159,34.20157444623316],[133.06220430935159,34.210567649870406],[133.07119751298882,34.210567649870406],[133.07119751298882,34.20157444623316],[133.06220430935159,34.20157444623316]]]}},{"type":"Feature","properties":{"jobs":99,"pop":187,"pointCount":6,"homeWorkCommuteMedian":22734,"workHomeCommuteMedian":26264},"geometry":{"type":"Polygon","coordinates":[[[133.06220430935159,34.210567649870406],[133.06220430935159,34.21956085350765],[133.07119751298882,34.21956085350765],[133.07119751298882,34.210567649870406],[133.06220430935159,34.210567649870406]]]}},{"type":"Feature","properties":{"jobs":72,"pop":38,"pointCount":3,"homeWorkCommuteMedian":7514,"workHomeCommuteMedian":15888},"geometry":{"type":"Polygon","coordinates":[[[133.06220430935159,34.21956085350765],[133.06220430935159,34.2285540571449],[133.07119751298882,34.2285540571449],[133.07119751298882,34.21956085350765],[133.06220430935159,34.21956085350765]]]}},{"type":"Feature","properties":{"jobs":48,"pop":0,"pointCount":1,"homeWorkCommuteMedian":-1,"workHomeCommuteMedian":22884},"geometry":{"type":"Polygon","coordinates":[[[133.07119751298882,33.67097543163565],[133.07119751298882,33.67996863527289],[133.08019071662605,33.67996863527289],[133.08019071662605,33.67097543163565],[133.07119751298882,33.67097543163565]]]}},{"type":"Feature","properties":{"jobs":19,"pop":0,"pointCount":1,"homeWorkCommuteMedian":-1,"workHomeCommuteMedian":44719},"geometry":{"type":"Polygon","coordinates":[[[133.07119751298882,33.67996863527289],[133.07119751298882,33.68896183891014],[133.08019071662605,33.68896183891014],[133.08019071662605,33.67996863527289],[133.07119751298882,33.67996863527289]]]}},{"type":"Feature","properties":{"jobs":57,"pop":65,"pointCount":4,"homeWorkCommuteMedian":27201,"workHomeCommuteMedian":12488},"geometry":{"type":"Polygon","coordinates":[[[133.07119751298882,33.85983270801781],[133.07119751298882,33.86882591165506],[133.08019071662605,33.86882591165506],[133.08019071662605,33.85983270801781],[133.07119751298882,33.85983270801781]]]}},{"type":"Feature","properties":{"jobs":20,"pop":32,"pointCount":2,"homeWorkCommuteMedian":15807,"workHomeCommuteMedian":8597},"geometry":{"type":"Polygon","coordinates":[[[133.07119751298882,33.86882591165506],[133.07119751298882,33.877819115292304],[133.08019071662605,33.877819115292304],[133.08019071662605,33.86882591165506],[133.07119751298882,33.86882591165506]]]}},{"type":"Feature","properties":{"jobs":476,"pop":445,"pointCount":16,"homeWorkCommuteMedian":12024,"workHomeCommuteMedian":9523},"geometry":{"type":"Polygon","coordinates":[[[133.07119751298882,33.877819115292304],[133.07119751298882,33.88681231892955],[133.08019071662605,33.88681231892955],[133.08019071662605,33.877819115292304],[133.07119751298882,33.877819115292304]]]}},{"type":"Feature","properties":{"jobs":170,"pop":15,"pointCount":3,"homeWorkCommuteMedian":19039,"workHomeCommuteMedian":12538},"geometry":{"type":"Polygon","coordinates":[[[133.07119751298882,33.88681231892955],[133.07119751298882,33.895805522566796],[133.08019071662605,33.895805522566796],[133.08019071662605,33.88681231892955],[133.07119751298882,33.88681231892955]]]}},{"type":"Feature","properties":{"jobs":35,"pop":174,"pointCount":6,"homeWorkCommuteMedian":12627,"workHomeCommuteMedian":5713},"geometry":{"type":"Polygon","coordinates":[[[133.07119751298882,33.895805522566796],[133.07119751298882,33.90479872620404],[133.08019071662605,33.90479872620404],[133.08019071662605,33.895805522566796],[133.07119751298882,33.895805522566796]]]}},{"type":"Feature","properties":{"jobs":484,"pop":754,"pointCount":8,"homeWorkCommuteMedian":6395,"workHomeCommuteMedian":6091},"geometry":{"type":"Polygon","coordinates":[[[133.07119751298882,33.90479872620404],[133.07119751298882,33.91379192984129],[133.08019071662605,33.91379192984129],[133.08019071662605,33.90479872620404],[133.07119751298882,33.90479872620404]]]}},{"type":"Feature","properties":{"jobs":656,"pop":235,"pointCount":9,"homeWorkCommuteMedian":5539,"workHomeCommuteMedian":4606},"geometry":{"type":"Polygon","coordinates":[[[133.07119751298882,33.91379192984129],[133.07119751298882,33.922785133478534],[133.08019071662605,33.922785133478534],[133.08019071662605,33.91379192984129],[133.07119751298882,33.91379192984129]]]}},{"type":"Feature","properties":{"jobs":151,"pop":469,"pointCount":9,"homeWorkCommuteMedian":12948,"workHomeCommuteMedian":7378},"geometry":{"type":"Polygon","coordinates":[[[133.07119751298882,33.922785133478534],[133.07119751298882,33.93177833711578],[133.08019071662605,33.93177833711578],[133.08019071662605,33.922785133478534],[133.07119751298882,33.922785133478534]]]}},{"type":"Feature","properties":{"jobs":438,"pop":1058,"pointCount":12,"homeWorkCommuteMedian":7114,"workHomeCommuteMedian":8854},"geometry":{"type":"Polygon","coordinates":[[[133.07119751298882,33.93177833711578],[133.07119751298882,33.940771540753026],[133.08019071662605,33.940771540753026],[133.08019071662605,33.93177833711578],[133.07119751298882,33.93177833711578]]]}},{"type":"Feature","properties":{"jobs":49,"pop":59,"pointCount":2,"homeWorkCommuteMedian":15098,"workHomeCommuteMedian":3148},"geometry":{"type":"Polygon","coordinates":[[[133.07119751298882,33.940771540753026],[133.07119751298882,33.94976474439027],[133.08019071662605,33.94976474439027],[133.08019071662605,33.940771540753026],[133.07119751298882,33.940771540753026]]]}},{"type":"Feature","properties":{"jobs":46,"pop":210,"pointCount":6,"homeWorkCommuteMedian":16057,"workHomeCommuteMedian":30620},"geometry":{"type":"Polygon","coordinates":[[[133.07119751298882,33.94976474439027],[133.07119751298882,33.95875794802752],[133.08019071662605,33.95875794802752],[133.08019071662605,33.94976474439027],[133.07119751298882,33.94976474439027]]]}},{"type":"Feature","properties":{"jobs":231,"pop":57,"pointCount":6,"homeWorkCommuteMedian":14782,"workHomeCommuteMedian":10763},"geometry":{"type":"Polygon","coordinates":[[[133.07119751298882,33.95875794802752],[133.07119751298882,33.967751151664764],[133.08019071662605,33.967751151664764],[133.08019071662605,33.95875794802752],[133.07119751298882,33.95875794802752]]]}},{"type":"Feature","properties":{"jobs":0,"pop":10,"pointCount":1,"homeWorkCommuteMedian":19220,"workHomeCommuteMedian":-1},"geometry":{"type":"Polygon","coordinates":[[[133.07119751298882,34.13862202077244],[133.07119751298882,34.147615224409684],[133.08019071662605,34.147615224409684],[133.08019071662605,34.13862202077244],[133.07119751298882,34.13862202077244]]]}},{"type":"Feature","properties":{"jobs":0,"pop":14,"pointCount":1,"homeWorkCommuteMedian":27613,"workHomeCommuteMedian":-1},"geometry":{"type":"Polygon","coordinates":[[[133.07119751298882,34.147615224409684],[133.07119751298882,34.15660842804693],[133.08019071662605,34.15660842804693],[133.08019071662605,34.147615224409684],[133.07119751298882,34.147615224409684]]]}},{"type":"Feature","properties":{"jobs":449,"pop":725,"pointCount":12,"homeWorkCommuteMedian":13262,"workHomeCommuteMedian":21970},"geometry":{"type":"Polygon","coordinates":[[[133.07119751298882,34.165601631684176],[133.07119751298882,34.17459483532142],[133.08019071662605,34.17459483532142],[133.08019071662605,34.165601631684176],[133.07119751298882,34.165601631684176]]]}},{"type":"Feature","properties":{"jobs":80,"pop":64,"pointCount":4,"homeWorkCommuteMedian":22950,"workHomeCommuteMedian":23142},"geometry":{"type":"Polygon","coordinates":[[[133.07119751298882,34.17459483532142],[133.07119751298882,34.18358803895867],[133.08019071662605,34.18358803895867],[133.08019071662605,34.17459483532142],[133.07119751298882,34.17459483532142]]]}},{"type":"Feature","properties":{"jobs":0,"pop":13,"pointCount":1,"homeWorkCommuteMedian":70325,"workHomeCommuteMedian":-1},"geometry":{"type":"Polygon","coordinates":[[[133.07119751298882,34.192581242595914],[133.07119751298882,34.20157444623316],[133.08019071662605,34.20157444623316],[133.08019071662605,34.192581242595914],[133.07119751298882,34.192581242595914]]]}},{"type":"Feature","properties":{"jobs":219,"pop":396,"pointCount":13,"homeWorkCommuteMedian":23380,"workHomeCommuteMedian":7026},"geometry":{"type":"Polygon","coordinates":[[[133.07119751298882,34.20157444623316],[133.07119751298882,34.210567649870406],[133.08019071662605,34.210567649870406],[133.08019071662605,34.20157444623316],[133.07119751298882,34.20157444623316]]]}},{"type":"Feature","properties":{"jobs":37,"pop":92,"pointCount":6,"homeWorkCommuteMedian":26150,"workHomeCommuteMedian":30348},"geometry":{"type":"Polygon","coordinates":[[[133.07119751298882,34.21956085350765],[133.07119751298882,34.2285540571449],[133.08019071662605,34.2285540571449],[133.08019071662605,34.21956085350765],[133.07119751298882,34.21956085350765]]]}},{"type":"Feature","properties":{"jobs":166,"pop":44,"pointCount":5,"homeWorkCommuteMedian":51144,"workHomeCommuteMedian":7857},"geometry":{"type":"Polygon","coordinates":[[[133.07119751298882,34.2285540571449],[133.07119751298882,34.237547260782144],[133.08019071662605,34.237547260782144],[133.08019071662605,34.2285540571449],[133.07119751298882,34.2285540571449]]]}},{"type":"Feature","properties":{"jobs":0,"pop":1,"pointCount":1,"homeWorkCommuteMedian":3907,"workHomeCommuteMedian":-1},"geometry":{"type":"Polygon","coordinates":[[[133.08019071662605,33.67097543163565],[133.08019071662605,33.67996863527289],[133.08918392026328,33.67996863527289],[133.08918392026328,33.67097543163565],[133.08019071662605,33.67097543163565]]]}},{"type":"Feature","properties":{"jobs":0,"pop":2,"pointCount":1,"homeWorkCommuteMedian":58145,"workHomeCommuteMedian":-1},"geometry":{"type":"Polygon","coordinates":[[[133.08019071662605,33.68896183891014],[133.08019071662605,33.697955042547385],[133.08918392026328,33.697955042547385],[133.08918392026328,33.68896183891014],[133.08019071662605,33.68896183891014]]]}},{"type":"Feature","properties":{"jobs":61,"pop":65,"pointCount":5,"homeWorkCommuteMedian":13038,"workHomeCommuteMedian":14223},"geometry":{"type":"Polygon","coordinates":[[[133.08019071662605,33.877819115292304],[133.08019071662605,33.88681231892955],[133.08918392026328,33.88681231892955],[133.08918392026328,33.877819115292304],[133.08019071662605,33.877819115292304]]]}},{"type":"Feature","properties":{"jobs":48,"pop":91,"pointCount":7,"homeWorkCommuteMedian":10244,"workHomeCommuteMedian":3202},"geometry":{"type":"Polygon","coordinates":[[[133.08019071662605,33.88681231892955],[133.08019071662605,33.895805522566796],[133.08918392026328,33.895805522566796],[133.08918392026328,33.88681231892955],[133.08019071662605,33.88681231892955]]]}},{"type":"Feature","properties":{"jobs":17,"pop":218,"pointCount":8,"homeWorkCommuteMedian":14218,"workHomeCommuteMedian":13280},"geometry":{"type":"Polygon","coordinates":[[[133.08019071662605,33.895805522566796],[133.08019071662605,33.90479872620404],[133.08918392026328,33.90479872620404],[133.08918392026328,33.895805522566796],[133.08019071662605,33.895805522566796]]]}},{"type":"Feature","properties":{"jobs":115,"pop":226,"pointCount":7,"homeWorkCommuteMedian":16261,"workHomeCommuteMedian":9456},"geometry":{"type":"Polygon","coordinates":[[[133.08019071662605,33.90479872620404],[133.08019071662605,33.91379192984129],[133.08918392026328,33.91379192984129],[133.08918392026328,33.90479872620404],[133.08019071662605,33.90479872620404]]]}},{"type":"Feature","properties":{"jobs":1245,"pop":462,"pointCount":9,"homeWorkCommuteMedian":13307,"workHomeCommuteMedian":4824},"geometry":{"type":"Polygon","coordinates":[[[133.08019071662605,33.91379192984129],[133.08019071662605,33.922785133478534],[133.08918392026328,33.922785133478534],[133.08918392026328,33.91379192984129],[133.08019071662605,33.91379192984129]]]}},{"type":"Feature","properties":{"jobs":1645,"pop":706,"pointCount":13,"homeWorkCommuteMedian":6492,"workHomeCommuteMedian":6771},"geometry":{"type":"Polygon","coordinates":[[[133.08019071662605,33.922785133478534],[133.08019071662605,33.93177833711578],[133.08918392026328,33.93177833711578],[133.08918392026328,33.922785133478534],[133.08019071662605,33.922785133478534]]]}},{"type":"Feature","properties":{"jobs":1146,"pop":1722,"pointCount":16,"homeWorkCommuteMedian":8941,"workHomeCommuteMedian":5685},"geometry":{"type":"Polygon","coordinates":[[[133.08019071662605,33.93177833711578],[133.08019071662605,33.940771540753026],[133.08918392026328,33.940771540753026],[133.08918392026328,33.93177833711578],[133.08019071662605,33.93177833711578]]]}},{"type":"Feature","properties":{"jobs":158,"pop":129,"pointCount":5,"homeWorkCommuteMedian":24250,"workHomeCommuteMedian":25277},"geometry":{"type":"Polygon","coordinates":[[[133.08019071662605,33.940771540753026],[133.08019071662605,33.94976474439027],[133.08918392026328,33.94976474439027],[133.08918392026328,33.940771540753026],[133.08019071662605,33.940771540753026]]]}},{"type":"Feature","properties":{"jobs":67,"pop":122,"pointCount":5,"homeWorkCommuteMedian":52071,"workHomeCommuteMedian":9653},"geometry":{"type":"Polygon","coordinates":[[[133.08019071662605,33.94976474439027],[133.08019071662605,33.95875794802752],[133.08918392026328,33.95875794802752],[133.08918392026328,33.94976474439027],[133.08019071662605,33.94976474439027]]]}},{"type":"Feature","properties":{"jobs":30,"pop":38,"pointCount":2,"homeWorkCommuteMedian":65411,"workHomeCommuteMedian":13678},"geometry":{"type":"Polygon","coordinates":[[[133.08019071662605,34.147615224409684],[133.08019071662605,34.15660842804693],[133.08918392026328,34.15660842804693],[133.08918392026328,34.147615224409684],[133.08019071662605,34.147615224409684]]]}},{"type":"Feature","properties":{"jobs":0,"pop":37,"pointCount":3,"homeWorkCommuteMedian":50894,"workHomeCommuteMedian":-1},"geometry":{"type":"Polygon","coordinates":[[[133.08019071662605,34.15660842804693],[133.08019071662605,34.165601631684176],[133.08918392026328,34.165601631684176],[133.08918392026328,34.15660842804693],[133.08019071662605,34.15660842804693]]]}},{"type":"Feature","properties":{"jobs":264,"pop":22,"pointCount":4,"homeWorkCommuteMedian":22059,"workHomeCommuteMedian":40944},"geometry":{"type":"Polygon","coordinates":[[[133.08019071662605,34.165601631684176],[133.08019071662605,34.17459483532142],[133.08918392026328,34.17459483532142],[133.08918392026328,34.165601631684176],[133.08019071662605,34.165601631684176]]]}},{"type":"Feature","properties":{"jobs":0,"pop":19,"pointCount":1,"homeWorkCommuteMedian":25576,"workHomeCommuteMedian":-1},"geometry":{"type":"Polygon","coordinates":[[[133.08019071662605,34.192581242595914],[133.08019071662605,34.20157444623316],[133.08918392026328,34.20157444623316],[133.08918392026328,34.192581242595914],[133.08019071662605,34.192581242595914]]]}},{"type":"Feature","properties":{"jobs":1,"pop":16,"pointCount":1,"homeWorkCommuteMedian":3169,"workHomeCommuteMedian":10899},"geometry":{"type":"Polygon","coordinates":[[[133.08918392026328,33.697955042547385],[133.08918392026328,33.70694824618463],[133.0981771239005,33.70694824618463],[133.0981771239005,33.697955042547385],[133.08918392026328,33.697955042547385]]]}},{"type":"Feature","properties":{"jobs":788,"pop":270,"pointCount":12,"homeWorkCommuteMedian":12956,"workHomeCommuteMedian":6718},"geometry":{"type":"Polygon","coordinates":[[[133.08918392026328,33.88681231892955],[133.08918392026328,33.895805522566796],[133.0981771239005,33.895805522566796],[133.0981771239005,33.88681231892955],[133.08918392026328,33.88681231892955]]]}},{"type":"Feature","properties":{"jobs":17,"pop":330,"pointCount":7,"homeWorkCommuteMedian":11053,"workHomeCommuteMedian":10114},"geometry":{"type":"Polygon","coordinates":[[[133.08918392026328,33.895805522566796],[133.08918392026328,33.90479872620404],[133.0981771239005,33.90479872620404],[133.0981771239005,33.895805522566796],[133.08918392026328,33.895805522566796]]]}},{"type":"Feature","properties":{"jobs":133,"pop":486,"pointCount":14,"homeWorkCommuteMedian":7002,"workHomeCommuteMedian":6884},"geometry":{"type":"Polygon","coordinates":[[[133.08918392026328,33.90479872620404],[133.08918392026328,33.91379192984129],[133.0981771239005,33.91379192984129],[133.0981771239005,33.90479872620404],[133.08918392026328,33.90479872620404]]]}},{"type":"Feature","properties":{"jobs":130,"pop":71,"pointCount":5,"homeWorkCommuteMedian":6845,"workHomeCommuteMedian":8068},"geometry":{"type":"Polygon","coordinates":[[[133.08918392026328,33.91379192984129],[133.08918392026328,33.922785133478534],[133.0981771239005,33.922785133478534],[133.0981771239005,33.91379192984129],[133.08918392026328,33.91379192984129]]]}},{"type":"Feature","properties":{"jobs":1780,"pop":733,"pointCount":15,"homeWorkCommuteMedian":10001,"workHomeCommuteMedian":8440},"geometry":{"type":"Polygon","coordinates":[[[133.08918392026328,33.922785133478534],[133.08918392026328,33.93177833711578],[133.0981771239005,33.93177833711578],[133.0981771239005,33.922785133478534],[133.08918392026328,33.922785133478534]]]}},{"type":"Feature","properties":{"jobs":1162,"pop":1380,"pointCount":15,"homeWorkCommuteMedian":5452,"workHomeCommuteMedian":6475},"geometry":{"type":"Polygon","coordinates":[[[133.08918392026328,33.93177833711578],[133.08918392026328,33.940771540753026],[133.0981771239005,33.940771540753026],[133.0981771239005,33.93177833711578],[133.08918392026328,33.93177833711578]]]}},{"type":"Feature","properties":{"jobs":251,"pop":0,"pointCount":2,"homeWorkCommuteMedian":-1,"workHomeCommuteMedian":11093},"geometry":{"type":"Polygon","coordinates":[[[133.08918392026328,33.940771540753026],[133.08918392026328,33.94976474439027],[133.0981771239005,33.94976474439027],[133.0981771239005,33.940771540753026],[133.08918392026328,33.940771540753026]]]}},{"type":"Feature","properties":{"jobs":0,"pop":13,"pointCount":1,"homeWorkCommuteMedian":14842,"workHomeCommuteMedian":-1},"geometry":{"type":"Polygon","coordinates":[[[133.08918392026328,34.15660842804693],[133.08918392026328,34.165601631684176],[133.0981771239005,34.165601631684176],[133.0981771239005,34.15660842804693],[133.08918392026328,34.15660842804693]]]}},{"type":"Feature","properties":{"jobs":0,"pop":29,"pointCount":2,"homeWorkCommuteMedian":15279,"workHomeCommuteMedian":-1},"geometry":{"type":"Polygon","coordinates":[[[133.08918392026328,34.165601631684176],[133.08918392026328,34.17459483532142],[133.0981771239005,34.17459483532142],[133.0981771239005,34.165601631684176],[133.08918392026328,34.165601631684176]]]}},{"type":"Feature","properties":{"jobs":48,"pop":43,"pointCount":1,"homeWorkCommuteMedian":26746,"workHomeCommuteMedian":27581},"geometry":{"type":"Polygon","coordinates":[[[133.08918392026328,34.192581242595914],[133.08918392026328,34.20157444623316],[133.0981771239005,34.20157444623316],[133.0981771239005,34.192581242595914],[133.08918392026328,34.192581242595914]]]}},{"type":"Feature","properties":{"jobs":199,"pop":380,"pointCount":10,"homeWorkCommuteMedian":24536,"workHomeCommuteMedian":29431},"geometry":{"type":"Polygon","coordinates":[[[133.08918392026328,34.20157444623316],[133.08918392026328,34.210567649870406],[133.0981771239005,34.210567649870406],[133.0981771239005,34.20157444623316],[133.08918392026328,34.20157444623316]]]}},{"type":"Feature","properties":{"jobs":80,"pop":207,"pointCount":9,"homeWorkCommuteMedian":35796,"workHomeCommuteMedian":21724},"geometry":{"type":"Polygon","coordinates":[[[133.08918392026328,34.21956085350765],[133.08918392026328,34.2285540571449],[133.0981771239005,34.2285540571449],[133.0981771239005,34.21956085350765],[133.08918392026328,34.21956085350765]]]}},{"type":"Feature","properties":{"jobs":114,"pop":98,"pointCount":6,"homeWorkCommuteMedian":26439,"workHomeCommuteMedian":30180},"geometry":{"type":"Polygon","coordinates":[[[133.08918392026328,34.2285540571449],[133.08918392026328,34.237547260782144],[133.0981771239005,34.237547260782144],[133.0981771239005,34.2285540571449],[133.08918392026328,34.2285540571449]]]}},{"type":"Feature","properties":{"jobs":21,"pop":0,"pointCount":1,"homeWorkCommuteMedian":-1,"workHomeCommuteMedian":39818},"geometry":{"type":"Polygon","coordinates":[[[133.0981771239005,33.71594144982188],[133.0981771239005,33.72493465345912],[133.10717032753774,33.72493465345912],[133.10717032753774,33.71594144982188],[133.0981771239005,33.71594144982188]]]}},{"type":"Feature","properties":{"jobs":0,"pop":8,"pointCount":1,"homeWorkCommuteMedian":183,"workHomeCommuteMedian":-1},"geometry":{"type":"Polygon","coordinates":[[[133.0981771239005,33.72493465345912],[133.0981771239005,33.73392785709637],[133.10717032753774,33.73392785709637],[133.10717032753774,33.72493465345912],[133.0981771239005,33.72493465345912]]]}},{"type":"Feature","properties":{"jobs":0,"pop":16,"pointCount":1,"homeWorkCommuteMedian":23690,"workHomeCommuteMedian":-1},"geometry":{"type":"Polygon","coordinates":[[[133.0981771239005,33.877819115292304],[133.0981771239005,33.88681231892955],[133.10717032753774,33.88681231892955],[133.10717032753774,33.877819115292304],[133.0981771239005,33.877819115292304]]]}},{"type":"Feature","properties":{"jobs":141,"pop":377,"pointCount":8,"homeWorkCommuteMedian":10401,"workHomeCommuteMedian":7936},"geometry":{"type":"Polygon","coordinates":[[[133.0981771239005,33.88681231892955],[133.0981771239005,33.895805522566796],[133.10717032753774,33.895805522566796],[133.10717032753774,33.88681231892955],[133.0981771239005,33.88681231892955]]]}},{"type":"Feature","properties":{"jobs":101,"pop":535,"pointCount":7,"homeWorkCommuteMedian":9447,"workHomeCommuteMedian":5008},"geometry":{"type":"Polygon","coordinates":[[[133.0981771239005,33.895805522566796],[133.0981771239005,33.90479872620404],[133.10717032753774,33.90479872620404],[133.10717032753774,33.895805522566796],[133.0981771239005,33.895805522566796]]]}},{"type":"Feature","properties":{"jobs":232,"pop":178,"pointCount":10,"homeWorkCommuteMedian":9017,"workHomeCommuteMedian":7080},"geometry":{"type":"Polygon","coordinates":[[[133.0981771239005,33.90479872620404],[133.0981771239005,33.91379192984129],[133.10717032753774,33.91379192984129],[133.10717032753774,33.90479872620404],[133.0981771239005,33.90479872620404]]]}},{"type":"Feature","properties":{"jobs":386,"pop":282,"pointCount":11,"homeWorkCommuteMedian":6530,"workHomeCommuteMedian":8603},"geometry":{"type":"Polygon","coordinates":[[[133.0981771239005,33.91379192984129],[133.0981771239005,33.922785133478534],[133.10717032753774,33.922785133478534],[133.10717032753774,33.91379192984129],[133.0981771239005,33.91379192984129]]]}},{"type":"Feature","properties":{"jobs":25,"pop":78,"pointCount":3,"homeWorkCommuteMedian":11730,"workHomeCommuteMedian":9356},"geometry":{"type":"Polygon","coordinates":[[[133.0981771239005,33.922785133478534],[133.0981771239005,33.93177833711578],[133.10717032753774,33.93177833711578],[133.10717032753774,33.922785133478534],[133.0981771239005,33.922785133478534]]]}},{"type":"Feature","properties":{"jobs":324,"pop":179,"pointCount":9,"homeWorkCommuteMedian":9176,"workHomeCommuteMedian":9523},"geometry":{"type":"Polygon","coordinates":[[[133.0981771239005,33.93177833711578],[133.0981771239005,33.940771540753026],[133.10717032753774,33.940771540753026],[133.10717032753774,33.93177833711578],[133.0981771239005,33.93177833711578]]]}},{"type":"Feature","properties":{"jobs":312,"pop":66,"pointCount":6,"homeWorkCommuteMedian":6839,"workHomeCommuteMedian":31788},"geometry":{"type":"Polygon","coordinates":[[[133.0981771239005,34.192581242595914],[133.0981771239005,34.20157444623316],[133.10717032753774,34.20157444623316],[133.10717032753774,34.192581242595914],[133.0981771239005,34.192581242595914]]]}},{"type":"Feature","properties":{"jobs":176,"pop":168,"pointCount":8,"homeWorkCommuteMedian":26806,"workHomeCommuteMedian":25224},"geometry":{"type":"Polygon","coordinates":[[[133.0981771239005,34.20157444623316],[133.0981771239005,34.210567649870406],[133.10717032753774,34.210567649870406],[133.10717032753774,34.20157444623316],[133.0981771239005,34.20157444623316]]]}},{"type":"Feature","properties":{"jobs":141,"pop":56,"pointCount":5,"homeWorkCommuteMedian":26168,"workHomeCommuteMedian":2409},"geometry":{"type":"Polygon","coordinates":[[[133.0981771239005,34.210567649870406],[133.0981771239005,34.21956085350765],[133.10717032753774,34.21956085350765],[133.10717032753774,34.210567649870406],[133.0981771239005,34.210567649870406]]]}},{"type":"Feature","properties":{"jobs":40,"pop":11,"pointCount":2,"homeWorkCommuteMedian":67131,"workHomeCommuteMedian":34026},"geometry":{"type":"Polygon","coordinates":[[[133.0981771239005,34.21956085350765],[133.0981771239005,34.2285540571449],[133.10717032753774,34.2285540571449],[133.10717032753774,34.21956085350765],[133.0981771239005,34.21956085350765]]]}},{"type":"Feature","properties":{"jobs":95,"pop":102,"pointCount":5,"homeWorkCommuteMedian":4564,"workHomeCommuteMedian":13328},"geometry":{"type":"Polygon","coordinates":[[[133.0981771239005,34.2285540571449],[133.0981771239005,34.237547260782144],[133.10717032753774,34.237547260782144],[133.10717032753774,34.2285540571449],[133.0981771239005,34.2285540571449]]]}},{"type":"Feature","properties":{"jobs":309,"pop":15,"pointCount":5,"homeWorkCommuteMedian":17853,"workHomeCommuteMedian":11337},"geometry":{"type":"Polygon","coordinates":[[[133.10717032753774,33.877819115292304],[133.10717032753774,33.88681231892955],[133.11616353117498,33.88681231892955],[133.11616353117498,33.877819115292304],[133.10717032753774,33.877819115292304]]]}},{"type":"Feature","properties":{"jobs":682,"pop":484,"pointCount":15,"homeWorkCommuteMedian":8335,"workHomeCommuteMedian":6915},"geometry":{"type":"Polygon","coordinates":[[[133.10717032753774,33.88681231892955],[133.10717032753774,33.895805522566796],[133.11616353117498,33.895805522566796],[133.11616353117498,33.88681231892955],[133.10717032753774,33.88681231892955]]]}},{"type":"Feature","properties":{"jobs":611,"pop":771,"pointCount":15,"homeWorkCommuteMedian":6649,"workHomeCommuteMedian":7901},"geometry":{"type":"Polygon","coordinates":[[[133.10717032753774,33.895805522566796],[133.10717032753774,33.90479872620404],[133.11616353117498,33.90479872620404],[133.11616353117498,33.895805522566796],[133.10717032753774,33.895805522566796]]]}},{"type":"Feature","properties":{"jobs":487,"pop":0,"pointCount":5,"homeWorkCommuteMedian":-1,"workHomeCommuteMedian":7661},"geometry":{"type":"Polygon","coordinates":[[[133.10717032753774,33.90479872620404],[133.10717032753774,33.91379192984129],[133.11616353117498,33.91379192984129],[133.11616353117498,33.90479872620404],[133.10717032753774,33.90479872620404]]]}},{"type":"Feature","properties":{"jobs":27,"pop":345,"pointCount":9,"homeWorkCommuteMedian":7358,"workHomeCommuteMedian":8166},"geometry":{"type":"Polygon","coordinates":[[[133.10717032753774,33.91379192984129],[133.10717032753774,33.922785133478534],[133.11616353117498,33.922785133478534],[133.11616353117498,33.91379192984129],[133.10717032753774,33.91379192984129]]]}},{"type":"Feature","properties":{"jobs":0,"pop":30,"pointCount":2,"homeWorkCommuteMedian":8107,"workHomeCommuteMedian":-1},"geometry":{"type":"Polygon","coordinates":[[[133.10717032753774,33.922785133478534],[133.10717032753774,33.93177833711578],[133.11616353117498,33.93177833711578],[133.11616353117498,33.922785133478534],[133.10717032753774,33.922785133478534]]]}},{"type":"Feature","properties":{"jobs":166,"pop":0,"pointCount":6,"homeWorkCommuteMedian":-1,"workHomeCommuteMedian":9429},"geometry":{"type":"Polygon","coordinates":[[[133.10717032753774,33.93177833711578],[133.10717032753774,33.940771540753026],[133.11616353117498,33.940771540753026],[133.11616353117498,33.93177833711578],[133.10717032753774,33.93177833711578]]]}},{"type":"Feature","properties":{"jobs":80,"pop":0,"pointCount":1,"homeWorkCommuteMedian":-1,"workHomeCommuteMedian":11801},"geometry":{"type":"Polygon","coordinates":[[[133.10717032753774,33.940771540753026],[133.10717032753774,33.94976474439027],[133.11616353117498,33.94976474439027],[133.11616353117498,33.940771540753026],[133.10717032753774,33.940771540753026]]]}},{"type":"Feature","properties":{"jobs":73,"pop":87,"pointCount":3,"homeWorkCommuteMedian":32904,"workHomeCommuteMedian":39858},"geometry":{"type":"Polygon","coordinates":[[[133.10717032753774,34.192581242595914],[133.10717032753774,34.20157444623316],[133.11616353117498,34.20157444623316],[133.11616353117498,34.192581242595914],[133.10717032753774,34.192581242595914]]]}},{"type":"Feature","properties":{"jobs":869,"pop":426,"pointCount":10,"homeWorkCommuteMedian":27438,"workHomeCommuteMedian":19611},"geometry":{"type":"Polygon","coordinates":[[[133.10717032753774,34.20157444623316],[133.10717032753774,34.210567649870406],[133.11616353117498,34.210567649870406],[133.11616353117498,34.20157444623316],[133.10717032753774,34.20157444623316]]]}},{"type":"Feature","properties":{"jobs":236,"pop":329,"pointCount":8,"homeWorkCommuteMedian":24419,"workHomeCommuteMedian":27013},"geometry":{"type":"Polygon","coordinates":[[[133.10717032753774,34.210567649870406],[133.10717032753774,34.21956085350765],[133.11616353117498,34.21956085350765],[133.11616353117498,34.210567649870406],[133.10717032753774,34.210567649870406]]]}},{"type":"Feature","properties":{"jobs":0,"pop":3,"pointCount":1,"homeWorkCommuteMedian":27585,"workHomeCommuteMedian":-1},"geometry":{"type":"Polygon","coordinates":[[[133.11616353117498,33.81486668983158],[133.11616353117498,33.82385989346883],[133.1251567348122,33.82385989346883],[133.1251567348122,33.81486668983158],[133.11616353117498,33.81486668983158]]]}},{"type":"Feature","properties":{"jobs":0,"pop":18,"pointCount":1,"homeWorkCommuteMedian":8614,"workHomeCommuteMedian":-1},"geometry":{"type":"Polygon","coordinates":[[[133.11616353117498,33.877819115292304],[133.11616353117498,33.88681231892955],[133.1251567348122,33.88681231892955],[133.1251567348122,33.877819115292304],[133.11616353117498,33.877819115292304]]]}},{"type":"Feature","properties":{"jobs":100,"pop":1024,"pointCount":12,"homeWorkCommuteMedian":9507,"workHomeCommuteMedian":7318},"geometry":{"type":"Polygon","coordinates":[[[133.11616353117498,33.88681231892955],[133.11616353117498,33.895805522566796],[133.1251567348122,33.895805522566796],[133.1251567348122,33.88681231892955],[133.11616353117498,33.88681231892955]]]}},{"type":"Feature","properties":{"jobs":263,"pop":639,"pointCount":16,"homeWorkCommuteMedian":8684,"workHomeCommuteMedian":11241},"geometry":{"type":"Polygon","coordinates":[[[133.11616353117498,33.895805522566796],[133.11616353117498,33.90479872620404],[133.1251567348122,33.90479872620404],[133.1251567348122,33.895805522566796],[133.11616353117498,33.895805522566796]]]}},{"type":"Feature","properties":{"jobs":180,"pop":11,"pointCount":2,"homeWorkCommuteMedian":6779,"workHomeCommuteMedian":5367},"geometry":{"type":"Polygon","coordinates":[[[133.11616353117498,33.91379192984129],[133.11616353117498,33.922785133478534],[133.1251567348122,33.922785133478534],[133.1251567348122,33.91379192984129],[133.11616353117498,33.91379192984129]]]}},{"type":"Feature","properties":{"jobs":1088,"pop":0,"pointCount":4,"homeWorkCommuteMedian":-1,"workHomeCommuteMedian":8715},"geometry":{"type":"Polygon","coordinates":[[[133.11616353117498,33.922785133478534],[133.11616353117498,33.93177833711578],[133.1251567348122,33.93177833711578],[133.1251567348122,33.922785133478534],[133.11616353117498,33.922785133478534]]]}},{"type":"Feature","properties":{"jobs":867,"pop":0,"pointCount":2,"homeWorkCommuteMedian":-1,"workHomeCommuteMedian":9849},"geometry":{"type":"Polygon","coordinates":[[[133.11616353117498,33.93177833711578],[133.11616353117498,33.940771540753026],[133.1251567348122,33.940771540753026],[133.1251567348122,33.93177833711578],[133.11616353117498,33.93177833711578]]]}},{"type":"Feature","properties":{"jobs":55,"pop":0,"pointCount":1,"homeWorkCommuteMedian":-1,"workHomeCommuteMedian":43430},"geometry":{"type":"Polygon","coordinates":[[[133.11616353117498,34.192581242595914],[133.11616353117498,34.20157444623316],[133.1251567348122,34.20157444623316],[133.1251567348122,34.192581242595914],[133.11616353117498,34.192581242595914]]]}},{"type":"Feature","properties":{"jobs":546,"pop":188,"pointCount":7,"homeWorkCommuteMedian":15908,"workHomeCommuteMedian":29011},"geometry":{"type":"Polygon","coordinates":[[[133.11616353117498,34.20157444623316],[133.11616353117498,34.210567649870406],[133.1251567348122,34.210567649870406],[133.1251567348122,34.20157444623316],[133.11616353117498,34.20157444623316]]]}},{"type":"Feature","properties":{"jobs":161,"pop":223,"pointCount":7,"homeWorkCommuteMedian":21963,"workHomeCommuteMedian":57224},"geometry":{"type":"Polygon","coordinates":[[[133.11616353117498,34.210567649870406],[133.11616353117498,34.21956085350765],[133.1251567348122,34.21956085350765],[133.1251567348122,34.210567649870406],[133.11616353117498,34.210567649870406]]]}},{"type":"Feature","properties":{"jobs":11,"pop":0,"pointCount":1,"homeWorkCommuteMedian":-1,"workHomeCommuteMedian":26624},"geometry":{"type":"Polygon","coordinates":[[[133.1251567348122,33.787887078919844],[133.1251567348122,33.79688028255709],[133.13414993844944,33.79688028255709],[133.13414993844944,33.787887078919844],[133.1251567348122,33.787887078919844]]]}},{"type":"Feature","properties":{"jobs":0,"pop":3,"pointCount":1,"homeWorkCommuteMedian":28380,"workHomeCommuteMedian":-1},"geometry":{"type":"Polygon","coordinates":[[[133.1251567348122,33.850839504380566],[133.1251567348122,33.85983270801781],[133.13414993844944,33.85983270801781],[133.13414993844944,33.850839504380566],[133.1251567348122,33.850839504380566]]]}},{"type":"Feature","properties":{"jobs":394,"pop":689,"pointCount":15,"homeWorkCommuteMedian":8725,"workHomeCommuteMedian":6774},"geometry":{"type":"Polygon","coordinates":[[[133.1251567348122,33.88681231892955],[133.1251567348122,33.895805522566796],[133.13414993844944,33.895805522566796],[133.13414993844944,33.88681231892955],[133.1251567348122,33.88681231892955]]]}},{"type":"Feature","properties":{"jobs":148,"pop":343,"pointCount":10,"homeWorkCommuteMedian":9261,"workHomeCommuteMedian":22029},"geometry":{"type":"Polygon","coordinates":[[[133.1251567348122,33.895805522566796],[133.1251567348122,33.90479872620404],[133.13414993844944,33.90479872620404],[133.13414993844944,33.895805522566796],[133.1251567348122,33.895805522566796]]]}},{"type":"Feature","properties":{"jobs":17,"pop":126,"pointCount":4,"homeWorkCommuteMedian":5781,"workHomeCommuteMedian":6549},"geometry":{"type":"Polygon","coordinates":[[[133.1251567348122,33.90479872620404],[133.1251567348122,33.91379192984129],[133.13414993844944,33.91379192984129],[133.13414993844944,33.90479872620404],[133.1251567348122,33.90479872620404]]]}},{"type":"Feature","properties":{"jobs":0,"pop":52,"pointCount":2,"homeWorkCommuteMedian":14798,"workHomeCommuteMedian":-1},"geometry":{"type":"Polygon","coordinates":[[[133.1251567348122,33.91379192984129],[133.1251567348122,33.922785133478534],[133.13414993844944,33.922785133478534],[133.13414993844944,33.91379192984129],[133.1251567348122,33.91379192984129]]]}},{"type":"Feature","properties":{"jobs":30,"pop":50,"pointCount":3,"homeWorkCommuteMedian":14372,"workHomeCommuteMedian":11860},"geometry":{"type":"Polygon","coordinates":[[[133.1251567348122,33.922785133478534],[133.1251567348122,33.93177833711578],[133.13414993844944,33.93177833711578],[133.13414993844944,33.922785133478534],[133.1251567348122,33.922785133478534]]]}},{"type":"Feature","properties":{"jobs":0,"pop":3,"pointCount":1,"homeWorkCommuteMedian":59566,"workHomeCommuteMedian":-1},"geometry":{"type":"Polygon","coordinates":[[[133.13414993844944,33.832853097106074],[133.13414993844944,33.84184630074332],[133.14314314208667,33.84184630074332],[133.14314314208667,33.832853097106074],[133.13414993844944,33.832853097106074]]]}},{"type":"Feature","properties":{"jobs":0,"pop":4,"pointCount":1,"homeWorkCommuteMedian":25436,"workHomeCommuteMedian":-1},"geometry":{"type":"Polygon","coordinates":[[[133.13414993844944,33.85983270801781],[133.13414993844944,33.86882591165506],[133.14314314208667,33.86882591165506],[133.14314314208667,33.85983270801781],[133.13414993844944,33.85983270801781]]]}},{"type":"Feature","properties":{"jobs":5,"pop":0,"pointCount":1,"homeWorkCommuteMedian":-1,"workHomeCommuteMedian":24086},"geometry":{"type":"Polygon","coordinates":[[[133.13414993844944,33.86882591165506],[133.13414993844944,33.877819115292304],[133.14314314208667,33.877819115292304],[133.14314314208667,33.86882591165506],[133.13414993844944,33.86882591165506]]]}},{"type":"Feature","properties":{"jobs":321,"pop":498,"pointCount":11,"homeWorkCommuteMedian":14275,"workHomeCommuteMedian":7804},"geometry":{"type":"Polygon","coordinates":[[[133.13414993844944,33.88681231892955],[133.13414993844944,33.895805522566796],[133.14314314208667,33.895805522566796],[133.14314314208667,33.88681231892955],[133.13414993844944,33.88681231892955]]]}},{"type":"Feature","properties":{"jobs":241,"pop":25,"pointCount":5,"homeWorkCommuteMedian":8577,"workHomeCommuteMedian":6297},"geometry":{"type":"Polygon","coordinates":[[[133.13414993844944,33.895805522566796],[133.13414993844944,33.90479872620404],[133.14314314208667,33.90479872620404],[133.14314314208667,33.895805522566796],[133.13414993844944,33.895805522566796]]]}},{"type":"Feature","properties":{"jobs":0,"pop":77,"pointCount":2,"homeWorkCommuteMedian":7769,"workHomeCommuteMedian":-1},"geometry":{"type":"Polygon","coordinates":[[[133.13414993844944,33.90479872620404],[133.13414993844944,33.91379192984129],[133.14314314208667,33.91379192984129],[133.14314314208667,33.90479872620404],[133.13414993844944,33.90479872620404]]]}},{"type":"Feature","properties":{"jobs":82,"pop":68,"pointCount":5,"homeWorkCommuteMedian":9133,"workHomeCommuteMedian":6768},"geometry":{"type":"Polygon","coordinates":[[[133.13414993844944,33.91379192984129],[133.13414993844944,33.922785133478534],[133.14314314208667,33.922785133478534],[133.14314314208667,33.91379192984129],[133.13414993844944,33.91379192984129]]]}},{"type":"Feature","properties":{"jobs":7,"pop":0,"pointCount":1,"homeWorkCommuteMedian":-1,"workHomeCommuteMedian":6470},"geometry":{"type":"Polygon","coordinates":[[[133.13414993844944,33.922785133478534],[133.13414993844944,33.93177833711578],[133.14314314208667,33.93177833711578],[133.14314314208667,33.922785133478534],[133.13414993844944,33.922785133478534]]]}},{"type":"Feature","properties":{"jobs":0,"pop":10,"pointCount":1,"homeWorkCommuteMedian":17816,"workHomeCommuteMedian":-1},"geometry":{"type":"Polygon","coordinates":[[[133.13414993844944,34.210567649870406],[133.13414993844944,34.21956085350765],[133.14314314208667,34.21956085350765],[133.14314314208667,34.210567649870406],[133.13414993844944,34.210567649870406]]]}},{"type":"Feature","properties":{"jobs":95,"pop":3,"pointCount":2,"homeWorkCommuteMedian":74069,"workHomeCommuteMedian":76559},"geometry":{"type":"Polygon","coordinates":[[[133.14314314208667,33.75191426437086],[133.14314314208667,33.76090746800811],[133.1521363457239,33.76090746800811],[133.1521363457239,33.75191426437086],[133.14314314208667,33.75191426437086]]]}},{"type":"Feature","properties":{"jobs":131,"pop":0,"pointCount":2,"homeWorkCommuteMedian":-1,"workHomeCommuteMedian":62579},"geometry":{"type":"Polygon","coordinates":[[[133.14314314208667,33.79688028255709],[133.14314314208667,33.805873486194336],[133.1521363457239,33.805873486194336],[133.1521363457239,33.79688028255709],[133.14314314208667,33.79688028255709]]]}},{"type":"Feature","properties":{"jobs":9,"pop":8,"pointCount":1,"homeWorkCommuteMedian":11540,"workHomeCommuteMedian":17564},"geometry":{"type":"Polygon","coordinates":[[[133.14314314208667,33.832853097106074],[133.14314314208667,33.84184630074332],[133.1521363457239,33.84184630074332],[133.1521363457239,33.832853097106074],[133.14314314208667,33.832853097106074]]]}},{"type":"Feature","properties":{"jobs":3,"pop":4,"pointCount":2,"homeWorkCommuteMedian":16585,"workHomeCommuteMedian":13572},"geometry":{"type":"Polygon","coordinates":[[[133.14314314208667,33.84184630074332],[133.14314314208667,33.850839504380566],[133.1521363457239,33.850839504380566],[133.1521363457239,33.84184630074332],[133.14314314208667,33.84184630074332]]]}},{"type":"Feature","properties":{"jobs":238,"pop":479,"pointCount":16,"homeWorkCommuteMedian":9817,"workHomeCommuteMedian":7077},"geometry":{"type":"Polygon","coordinates":[[[133.14314314208667,33.88681231892955],[133.14314314208667,33.895805522566796],[133.1521363457239,33.895805522566796],[133.1521363457239,33.88681231892955],[133.14314314208667,33.88681231892955]]]}},{"type":"Feature","properties":{"jobs":7,"pop":57,"pointCount":1,"homeWorkCommuteMedian":5982,"workHomeCommuteMedian":8676},"geometry":{"type":"Polygon","coordinates":[[[133.14314314208667,33.895805522566796],[133.14314314208667,33.90479872620404],[133.1521363457239,33.90479872620404],[133.1521363457239,33.895805522566796],[133.14314314208667,33.895805522566796]]]}},{"type":"Feature","properties":{"jobs":87,"pop":280,"pointCount":6,"homeWorkCommuteMedian":6461,"workHomeCommuteMedian":6187},"geometry":{"type":"Polygon","coordinates":[[[133.14314314208667,33.90479872620404],[133.14314314208667,33.91379192984129],[133.1521363457239,33.91379192984129],[133.1521363457239,33.90479872620404],[133.14314314208667,33.90479872620404]]]}},{"type":"Feature","properties":{"jobs":105,"pop":235,"pointCount":5,"homeWorkCommuteMedian":8063,"workHomeCommuteMedian":10401},"geometry":{"type":"Polygon","coordinates":[[[133.14314314208667,33.91379192984129],[133.14314314208667,33.922785133478534],[133.1521363457239,33.922785133478534],[133.1521363457239,33.91379192984129],[133.14314314208667,33.91379192984129]]]}},{"type":"Feature","properties":{"jobs":5,"pop":0,"pointCount":1,"homeWorkCommuteMedian":-1,"workHomeCommuteMedian":23735},"geometry":{"type":"Polygon","coordinates":[[[133.1521363457239,33.79688028255709],[133.1521363457239,33.805873486194336],[133.16112954936114,33.805873486194336],[133.16112954936114,33.79688028255709],[133.1521363457239,33.79688028255709]]]}},{"type":"Feature","properties":{"jobs":16,"pop":0,"pointCount":1,"homeWorkCommuteMedian":-1,"workHomeCommuteMedian":17358},"geometry":{"type":"Polygon","coordinates":[[[133.1521363457239,33.850839504380566],[133.1521363457239,33.85983270801781],[133.16112954936114,33.85983270801781],[133.16112954936114,33.850839504380566],[133.1521363457239,33.850839504380566]]]}},{"type":"Feature","properties":{"jobs":495,"pop":135,"pointCount":10,"homeWorkCommuteMedian":7990,"workHomeCommuteMedian":17342},"geometry":{"type":"Polygon","coordinates":[[[133.1521363457239,33.88681231892955],[133.1521363457239,33.895805522566796],[133.16112954936114,33.895805522566796],[133.16112954936114,33.88681231892955],[133.1521363457239,33.88681231892955]]]}},{"type":"Feature","properties":{"jobs":48,"pop":113,"pointCount":5,"homeWorkCommuteMedian":8608,"workHomeCommuteMedian":5004},"geometry":{"type":"Polygon","coordinates":[[[133.1521363457239,33.90479872620404],[133.1521363457239,33.91379192984129],[133.16112954936114,33.91379192984129],[133.16112954936114,33.90479872620404],[133.1521363457239,33.90479872620404]]]}},{"type":"Feature","properties":{"jobs":318,"pop":82,"pointCount":5,"homeWorkCommuteMedian":13165,"workHomeCommuteMedian":10123},"geometry":{"type":"Polygon","coordinates":[[[133.1521363457239,33.91379192984129],[133.1521363457239,33.922785133478534],[133.16112954936114,33.922785133478534],[133.16112954936114,33.91379192984129],[133.1521363457239,33.91379192984129]]]}},{"type":"Feature","properties":{"jobs":483,"pop":97,"pointCount":7,"homeWorkCommuteMedian":10494,"workHomeCommuteMedian":5167},"geometry":{"type":"Polygon","coordinates":[[[133.1521363457239,33.922785133478534],[133.1521363457239,33.93177833711578],[133.16112954936114,33.93177833711578],[133.16112954936114,33.922785133478534],[133.1521363457239,33.922785133478534]]]}},{"type":"Feature","properties":{"jobs":0,"pop":16,"pointCount":1,"homeWorkCommuteMedian":18046,"workHomeCommuteMedian":-1},"geometry":{"type":"Polygon","coordinates":[[[133.16112954936114,33.86882591165506],[133.16112954936114,33.877819115292304],[133.17012275299837,33.877819115292304],[133.17012275299837,33.86882591165506],[133.16112954936114,33.86882591165506]]]}},{"type":"Feature","properties":{"jobs":0,"pop":28,"pointCount":2,"homeWorkCommuteMedian":12261,"workHomeCommuteMedian":-1},"geometry":{"type":"Polygon","coordinates":[[[133.16112954936114,33.877819115292304],[133.16112954936114,33.88681231892955],[133.17012275299837,33.88681231892955],[133.17012275299837,33.877819115292304],[133.16112954936114,33.877819115292304]]]}},{"type":"Feature","properties":{"jobs":47,"pop":95,"pointCount":3,"homeWorkCommuteMedian":9144,"workHomeCommuteMedian":4862},"geometry":{"type":"Polygon","coordinates":[[[133.16112954936114,33.88681231892955],[133.16112954936114,33.895805522566796],[133.17012275299837,33.895805522566796],[133.17012275299837,33.88681231892955],[133.16112954936114,33.88681231892955]]]}},{"type":"Feature","properties":{"jobs":97,"pop":137,"pointCount":3,"homeWorkCommuteMedian":8036,"workHomeCommuteMedian":13636},"geometry":{"type":"Polygon","coordinates":[[[133.16112954936114,33.895805522566796],[133.16112954936114,33.90479872620404],[133.17012275299837,33.90479872620404],[133.17012275299837,33.895805522566796],[133.16112954936114,33.895805522566796]]]}},{"type":"Feature","properties":{"jobs":38,"pop":123,"pointCount":3,"homeWorkCommuteMedian":7381,"workHomeCommuteMedian":21887},"geometry":{"type":"Polygon","coordinates":[[[133.16112954936114,33.90479872620404],[133.16112954936114,33.91379192984129],[133.17012275299837,33.91379192984129],[133.17012275299837,33.90479872620404],[133.16112954936114,33.90479872620404]]]}},{"type":"Feature","properties":{"jobs":833,"pop":3010,"pointCount":18,"homeWorkCommuteMedian":4933,"workHomeCommuteMedian":9424},"geometry":{"type":"Polygon","coordinates":[[[133.16112954936114,33.91379192984129],[133.16112954936114,33.922785133478534],[133.17012275299837,33.922785133478534],[133.17012275299837,33.91379192984129],[133.16112954936114,33.91379192984129]]]}},{"type":"Feature","properties":{"jobs":1115,"pop":210,"pointCount":12,"homeWorkCommuteMedian":8722,"workHomeCommuteMedian":8558},"geometry":{"type":"Polygon","coordinates":[[[133.16112954936114,33.922785133478534],[133.16112954936114,33.93177833711578],[133.17012275299837,33.93177833711578],[133.17012275299837,33.922785133478534],[133.16112954936114,33.922785133478534]]]}},{"type":"Feature","properties":{"jobs":235,"pop":0,"pointCount":2,"homeWorkCommuteMedian":-1,"workHomeCommuteMedian":10001},"geometry":{"type":"Polygon","coordinates":[[[133.16112954936114,33.93177833711578],[133.16112954936114,33.940771540753026],[133.17012275299837,33.940771540753026],[133.17012275299837,33.93177833711578],[133.16112954936114,33.93177833711578]]]}},{"type":"Feature","properties":{"jobs":0,"pop":3,"pointCount":1,"homeWorkCommuteMedian":58284,"workHomeCommuteMedian":-1},"geometry":{"type":"Polygon","coordinates":[[[133.17012275299837,33.85983270801781],[133.17012275299837,33.86882591165506],[133.1791159566356,33.86882591165506],[133.1791159566356,33.85983270801781],[133.17012275299837,33.85983270801781]]]}},{"type":"Feature","properties":{"jobs":10,"pop":0,"pointCount":1,"homeWorkCommuteMedian":-1,"workHomeCommuteMedian":5039},"geometry":{"type":"Polygon","coordinates":[[[133.17012275299837,33.86882591165506],[133.17012275299837,33.877819115292304],[133.1791159566356,33.877819115292304],[133.1791159566356,33.86882591165506],[133.17012275299837,33.86882591165506]]]}},{"type":"Feature","properties":{"jobs":12,"pop":14,"pointCount":2,"homeWorkCommuteMedian":42656,"workHomeCommuteMedian":14264},"geometry":{"type":"Polygon","coordinates":[[[133.17012275299837,33.877819115292304],[133.17012275299837,33.88681231892955],[133.1791159566356,33.88681231892955],[133.1791159566356,33.877819115292304],[133.17012275299837,33.877819115292304]]]}},{"type":"Feature","properties":{"jobs":40,"pop":31,"pointCount":2,"homeWorkCommuteMedian":12971,"workHomeCommuteMedian":5567},"geometry":{"type":"Polygon","coordinates":[[[133.17012275299837,33.88681231892955],[133.17012275299837,33.895805522566796],[133.1791159566356,33.895805522566796],[133.1791159566356,33.88681231892955],[133.17012275299837,33.88681231892955]]]}},{"type":"Feature","properties":{"jobs":504,"pop":605,"pointCount":16,"homeWorkCommuteMedian":9778,"workHomeCommuteMedian":6011},"geometry":{"type":"Polygon","coordinates":[[[133.17012275299837,33.895805522566796],[133.17012275299837,33.90479872620404],[133.1791159566356,33.90479872620404],[133.1791159566356,33.895805522566796],[133.17012275299837,33.895805522566796]]]}},{"type":"Feature","properties":{"jobs":253,"pop":598,"pointCount":10,"homeWorkCommuteMedian":9512,"workHomeCommuteMedian":3954},"geometry":{"type":"Polygon","coordinates":[[[133.17012275299837,33.90479872620404],[133.17012275299837,33.91379192984129],[133.1791159566356,33.91379192984129],[133.1791159566356,33.90479872620404],[133.17012275299837,33.90479872620404]]]}},{"type":"Feature","properties":{"jobs":2618,"pop":2556,"pointCount":21,"homeWorkCommuteMedian":4033,"workHomeCommuteMedian":6922},"geometry":{"type":"Polygon","coordinates":[[[133.17012275299837,33.91379192984129],[133.17012275299837,33.922785133478534],[133.1791159566356,33.922785133478534],[133.1791159566356,33.91379192984129],[133.17012275299837,33.91379192984129]]]}},{"type":"Feature","properties":{"jobs":747,"pop":1249,"pointCount":12,"homeWorkCommuteMedian":6366,"workHomeCommuteMedian":9254},"geometry":{"type":"Polygon","coordinates":[[[133.17012275299837,33.922785133478534],[133.17012275299837,33.93177833711578],[133.1791159566356,33.93177833711578],[133.1791159566356,33.922785133478534],[133.17012275299837,33.922785133478534]]]}},{"type":"Feature","properties":{"jobs":1675,"pop":0,"pointCount":7,"homeWorkCommuteMedian":-1,"workHomeCommuteMedian":8732},"geometry":{"type":"Polygon","coordinates":[[[133.17012275299837,33.93177833711578],[133.17012275299837,33.940771540753026],[133.1791159566356,33.940771540753026],[133.1791159566356,33.93177833711578],[133.17012275299837,33.93177833711578]]]}},{"type":"Feature","properties":{"jobs":9,"pop":97,"pointCount":3,"homeWorkCommuteMedian":32818,"workHomeCommuteMedian":22912},"geometry":{"type":"Polygon","coordinates":[[[133.1791159566356,33.85983270801781],[133.1791159566356,33.86882591165506],[133.18810916027283,33.86882591165506],[133.18810916027283,33.85983270801781],[133.1791159566356,33.85983270801781]]]}},{"type":"Feature","properties":{"jobs":0,"pop":267,"pointCount":4,"homeWorkCommuteMedian":7522,"workHomeCommuteMedian":-1},"geometry":{"type":"Polygon","coordinates":[[[133.1791159566356,33.88681231892955],[133.1791159566356,33.895805522566796],[133.18810916027283,33.895805522566796],[133.18810916027283,33.88681231892955],[133.1791159566356,33.88681231892955]]]}},{"type":"Feature","properties":{"jobs":493,"pop":607,"pointCount":12,"homeWorkCommuteMedian":12639,"workHomeCommuteMedian":4358},"geometry":{"type":"Polygon","coordinates":[[[133.1791159566356,33.895805522566796],[133.1791159566356,33.90479872620404],[133.18810916027283,33.90479872620404],[133.18810916027283,33.895805522566796],[133.1791159566356,33.895805522566796]]]}},{"type":"Feature","properties":{"jobs":1771,"pop":2563,"pointCount":24,"homeWorkCommuteMedian":6549,"workHomeCommuteMedian":5781},"geometry":{"type":"Polygon","coordinates":[[[133.1791159566356,33.90479872620404],[133.1791159566356,33.91379192984129],[133.18810916027283,33.91379192984129],[133.18810916027283,33.90479872620404],[133.1791159566356,33.90479872620404]]]}},{"type":"Feature","properties":{"jobs":2197,"pop":2955,"pointCount":36,"homeWorkCommuteMedian":8166,"workHomeCommuteMedian":8347},"geometry":{"type":"Polygon","coordinates":[[[133.1791159566356,33.91379192984129],[133.1791159566356,33.922785133478534],[133.18810916027283,33.922785133478534],[133.18810916027283,33.91379192984129],[133.1791159566356,33.91379192984129]]]}},{"type":"Feature","properties":{"jobs":3005,"pop":1712,"pointCount":18,"homeWorkCommuteMedian":8767,"workHomeCommuteMedian":4856},"geometry":{"type":"Polygon","coordinates":[[[133.1791159566356,33.922785133478534],[133.1791159566356,33.93177833711578],[133.18810916027283,33.93177833711578],[133.18810916027283,33.922785133478534],[133.1791159566356,33.922785133478534]]]}},{"type":"Feature","properties":{"jobs":1269,"pop":225,"pointCount":14,"homeWorkCommuteMedian":13782,"workHomeCommuteMedian":11730},"geometry":{"type":"Polygon","coordinates":[[[133.1791159566356,33.93177833711578],[133.1791159566356,33.940771540753026],[133.18810916027283,33.940771540753026],[133.18810916027283,33.93177833711578],[133.1791159566356,33.93177833711578]]]}},{"type":"Feature","properties":{"jobs":316,"pop":0,"pointCount":2,"homeWorkCommuteMedian":-1,"workHomeCommuteMedian":8890},"geometry":{"type":"Polygon","coordinates":[[[133.1791159566356,33.940771540753026],[133.1791159566356,33.94976474439027],[133.18810916027283,33.94976474439027],[133.18810916027283,33.940771540753026],[133.1791159566356,33.940771540753026]]]}},{"type":"Feature","properties":{"jobs":69,"pop":0,"pointCount":1,"homeWorkCommuteMedian":-1,"workHomeCommuteMedian":33189},"geometry":{"type":"Polygon","coordinates":[[[133.1791159566356,34.102649206223454],[133.1791159566356,34.1116424098607],[133.18810916027283,34.1116424098607],[133.18810916027283,34.102649206223454],[133.1791159566356,34.102649206223454]]]}},{"type":"Feature","properties":{"jobs":3,"pop":4,"pointCount":2,"homeWorkCommuteMedian":17490,"workHomeCommuteMedian":15080},"geometry":{"type":"Polygon","coordinates":[[[133.18810916027283,33.85983270801781],[133.18810916027283,33.86882591165506],[133.19710236391006,33.86882591165506],[133.19710236391006,33.85983270801781],[133.18810916027283,33.85983270801781]]]}},{"type":"Feature","properties":{"jobs":10,"pop":0,"pointCount":1,"homeWorkCommuteMedian":-1,"workHomeCommuteMedian":15807},"geometry":{"type":"Polygon","coordinates":[[[133.18810916027283,33.877819115292304],[133.18810916027283,33.88681231892955],[133.19710236391006,33.88681231892955],[133.19710236391006,33.877819115292304],[133.18810916027283,33.877819115292304]]]}},{"type":"Feature","properties":{"jobs":47,"pop":257,"pointCount":7,"homeWorkCommuteMedian":7313,"workHomeCommuteMedian":6366},"geometry":{"type":"Polygon","coordinates":[[[133.18810916027283,33.88681231892955],[133.18810916027283,33.895805522566796],[133.19710236391006,33.895805522566796],[133.19710236391006,33.88681231892955],[133.18810916027283,33.88681231892955]]]}},{"type":"Feature","properties":{"jobs":356,"pop":499,"pointCount":9,"homeWorkCommuteMedian":10552,"workHomeCommuteMedian":3598},"geometry":{"type":"Polygon","coordinates":[[[133.18810916027283,33.895805522566796],[133.18810916027283,33.90479872620404],[133.19710236391006,33.90479872620404],[133.19710236391006,33.895805522566796],[133.18810916027283,33.895805522566796]]]}},{"type":"Feature","properties":{"jobs":1203,"pop":1809,"pointCount":19,"homeWorkCommuteMedian":6858,"workHomeCommuteMedian":3305},"geometry":{"type":"Polygon","coordinates":[[[133.18810916027283,33.90479872620404],[133.18810916027283,33.91379192984129],[133.19710236391006,33.91379192984129],[133.19710236391006,33.90479872620404],[133.18810916027283,33.90479872620404]]]}},{"type":"Feature","properties":{"jobs":1482,"pop":1404,"pointCount":20,"homeWorkCommuteMedian":4666,"workHomeCommuteMedian":7708},"geometry":{"type":"Polygon","coordinates":[[[133.18810916027283,33.91379192984129],[133.18810916027283,33.922785133478534],[133.19710236391006,33.922785133478534],[133.19710236391006,33.91379192984129],[133.18810916027283,33.91379192984129]]]}},{"type":"Feature","properties":{"jobs":1213,"pop":666,"pointCount":11,"homeWorkCommuteMedian":8544,"workHomeCommuteMedian":11014},"geometry":{"type":"Polygon","coordinates":[[[133.18810916027283,33.922785133478534],[133.18810916027283,33.93177833711578],[133.19710236391006,33.93177833711578],[133.19710236391006,33.922785133478534],[133.18810916027283,33.922785133478534]]]}},{"type":"Feature","properties":{"jobs":1689,"pop":964,"pointCount":10,"homeWorkCommuteMedian":5906,"workHomeCommuteMedian":5005},"geometry":{"type":"Polygon","coordinates":[[[133.18810916027283,33.93177833711578],[133.18810916027283,33.940771540753026],[133.19710236391006,33.940771540753026],[133.19710236391006,33.93177833711578],[133.18810916027283,33.93177833711578]]]}},{"type":"Feature","properties":{"jobs":261,"pop":0,"pointCount":1,"homeWorkCommuteMedian":-1,"workHomeCommuteMedian":4760},"geometry":{"type":"Polygon","coordinates":[[[133.18810916027283,33.940771540753026],[133.18810916027283,33.94976474439027],[133.19710236391006,33.94976474439027],[133.19710236391006,33.940771540753026],[133.18810916027283,33.940771540753026]]]}},{"type":"Feature","properties":{"jobs":0,"pop":3,"pointCount":1,"homeWorkCommuteMedian":39809,"workHomeCommuteMedian":-1},"geometry":{"type":"Polygon","coordinates":[[[133.19710236391006,33.85983270801781],[133.19710236391006,33.86882591165506],[133.2060955675473,33.86882591165506],[133.2060955675473,33.85983270801781],[133.19710236391006,33.85983270801781]]]}},{"type":"Feature","properties":{"jobs":18,"pop":69,"pointCount":2,"homeWorkCommuteMedian":3663,"workHomeCommuteMedian":2208},"geometry":{"type":"Polygon","coordinates":[[[133.19710236391006,33.895805522566796],[133.19710236391006,33.90479872620404],[133.2060955675473,33.90479872620404],[133.2060955675473,33.895805522566796],[133.19710236391006,33.895805522566796]]]}},{"type":"Feature","properties":{"jobs":295,"pop":1432,"pointCount":15,"homeWorkCommuteMedian":5453,"workHomeCommuteMedian":10240},"geometry":{"type":"Polygon","coordinates":[[[133.19710236391006,33.90479872620404],[133.19710236391006,33.91379192984129],[133.2060955675473,33.91379192984129],[133.2060955675473,33.90479872620404],[133.19710236391006,33.90479872620404]]]}},{"type":"Feature","properties":{"jobs":689,"pop":397,"pointCount":6,"homeWorkCommuteMedian":6468,"workHomeCommuteMedian":2394},"geometry":{"type":"Polygon","coordinates":[[[133.19710236391006,33.91379192984129],[133.19710236391006,33.922785133478534],[133.2060955675473,33.922785133478534],[133.2060955675473,33.91379192984129],[133.19710236391006,33.91379192984129]]]}},{"type":"Feature","properties":{"jobs":581,"pop":907,"pointCount":11,"homeWorkCommuteMedian":5866,"workHomeCommuteMedian":6461},"geometry":{"type":"Polygon","coordinates":[[[133.19710236391006,33.922785133478534],[133.19710236391006,33.93177833711578],[133.2060955675473,33.93177833711578],[133.2060955675473,33.922785133478534],[133.19710236391006,33.922785133478534]]]}},{"type":"Feature","properties":{"jobs":209,"pop":735,"pointCount":7,"homeWorkCommuteMedian":7820,"workHomeCommuteMedian":6462},"geometry":{"type":"Polygon","coordinates":[[[133.19710236391006,33.93177833711578],[133.19710236391006,33.940771540753026],[133.2060955675473,33.940771540753026],[133.2060955675473,33.93177833711578],[133.19710236391006,33.93177833711578]]]}},{"type":"Feature","properties":{"jobs":0,"pop":5,"pointCount":1,"homeWorkCommuteMedian":30288,"workHomeCommuteMedian":-1},"geometry":{"type":"Polygon","coordinates":[[[133.2060955675473,33.84184630074332],[133.2060955675473,33.850839504380566],[133.21508877118453,33.850839504380566],[133.21508877118453,33.84184630074332],[133.2060955675473,33.84184630074332]]]}},{"type":"Feature","properties":{"jobs":0,"pop":1,"pointCount":1,"homeWorkCommuteMedian":5808,"workHomeCommuteMedian":-1},"geometry":{"type":"Polygon","coordinates":[[[133.2060955675473,33.88681231892955],[133.2060955675473,33.895805522566796],[133.21508877118453,33.895805522566796],[133.21508877118453,33.88681231892955],[133.2060955675473,33.88681231892955]]]}},{"type":"Feature","properties":{"jobs":1218,"pop":288,"pointCount":13,"homeWorkCommuteMedian":8676,"workHomeCommuteMedian":5578},"geometry":{"type":"Polygon","coordinates":[[[133.2060955675473,33.90479872620404],[133.2060955675473,33.91379192984129],[133.21508877118453,33.91379192984129],[133.21508877118453,33.90479872620404],[133.2060955675473,33.90479872620404]]]}},{"type":"Feature","properties":{"jobs":109,"pop":665,"pointCount":10,"homeWorkCommuteMedian":10763,"workHomeCommuteMedian":4927},"geometry":{"type":"Polygon","coordinates":[[[133.2060955675473,33.91379192984129],[133.2060955675473,33.922785133478534],[133.21508877118453,33.922785133478534],[133.21508877118453,33.91379192984129],[133.2060955675473,33.91379192984129]]]}},{"type":"Feature","properties":{"jobs":456,"pop":790,"pointCount":15,"homeWorkCommuteMedian":8025,"workHomeCommuteMedian":3155},"geometry":{"type":"Polygon","coordinates":[[[133.2060955675473,33.922785133478534],[133.2060955675473,33.93177833711578],[133.21508877118453,33.93177833711578],[133.21508877118453,33.922785133478534],[133.2060955675473,33.922785133478534]]]}},{"type":"Feature","properties":{"jobs":118,"pop":246,"pointCount":9,"homeWorkCommuteMedian":6127,"workHomeCommuteMedian":13953},"geometry":{"type":"Polygon","coordinates":[[[133.2060955675473,33.93177833711578],[133.2060955675473,33.940771540753026],[133.21508877118453,33.940771540753026],[133.21508877118453,33.93177833711578],[133.2060955675473,33.93177833711578]]]}},{"type":"Feature","properties":{"jobs":22,"pop":0,"pointCount":1,"homeWorkCommuteMedian":-1,"workHomeCommuteMedian":20271},"geometry":{"type":"Polygon","coordinates":[[[133.2060955675473,33.940771540753026],[133.2060955675473,33.94976474439027],[133.21508877118453,33.94976474439027],[133.21508877118453,33.940771540753026],[133.2060955675473,33.940771540753026]]]}},{"type":"Feature","properties":{"jobs":38,"pop":195,"pointCount":6,"homeWorkCommuteMedian":12767,"workHomeCommuteMedian":6469},"geometry":{"type":"Polygon","coordinates":[[[133.21508877118453,33.90479872620404],[133.21508877118453,33.91379192984129],[133.22408197482176,33.91379192984129],[133.22408197482176,33.90479872620404],[133.21508877118453,33.90479872620404]]]}},{"type":"Feature","properties":{"jobs":143,"pop":563,"pointCount":12,"homeWorkCommuteMedian":9943,"workHomeCommuteMedian":12956},"geometry":{"type":"Polygon","coordinates":[[[133.21508877118453,33.91379192984129],[133.21508877118453,33.922785133478534],[133.22408197482176,33.922785133478534],[133.22408197482176,33.91379192984129],[133.21508877118453,33.91379192984129]]]}},{"type":"Feature","properties":{"jobs":122,"pop":461,"pointCount":11,"homeWorkCommuteMedian":10816,"workHomeCommuteMedian":8138},"geometry":{"type":"Polygon","coordinates":[[[133.21508877118453,33.922785133478534],[133.21508877118453,33.93177833711578],[133.22408197482176,33.93177833711578],[133.22408197482176,33.922785133478534],[133.21508877118453,33.922785133478534]]]}},{"type":"Feature","properties":{"jobs":453,"pop":0,"pointCount":5,"homeWorkCommuteMedian":-1,"workHomeCommuteMedian":6705},"geometry":{"type":"Polygon","coordinates":[[[133.21508877118453,33.940771540753026],[133.21508877118453,33.94976474439027],[133.22408197482176,33.94976474439027],[133.22408197482176,33.940771540753026],[133.21508877118453,33.940771540753026]]]}},{"type":"Feature","properties":{"jobs":0,"pop":5,"pointCount":1,"homeWorkCommuteMedian":18985,"workHomeCommuteMedian":-1},"geometry":{"type":"Polygon","coordinates":[[[133.22408197482176,33.832853097106074],[133.22408197482176,33.84184630074332],[133.233075178459,33.84184630074332],[133.233075178459,33.832853097106074],[133.22408197482176,33.832853097106074]]]}},{"type":"Feature","properties":{"jobs":0,"pop":23,"pointCount":1,"homeWorkCommuteMedian":11338,"workHomeCommuteMedian":-1},"geometry":{"type":"Polygon","coordinates":[[[133.22408197482176,33.895805522566796],[133.22408197482176,33.90479872620404],[133.233075178459,33.90479872620404],[133.233075178459,33.895805522566796],[133.22408197482176,33.895805522566796]]]}},{"type":"Feature","properties":{"jobs":65,"pop":329,"pointCount":7,"homeWorkCommuteMedian":10051,"workHomeCommuteMedian":8832},"geometry":{"type":"Polygon","coordinates":[[[133.22408197482176,33.90479872620404],[133.22408197482176,33.91379192984129],[133.233075178459,33.91379192984129],[133.233075178459,33.90479872620404],[133.22408197482176,33.90479872620404]]]}},{"type":"Feature","properties":{"jobs":679,"pop":743,"pointCount":16,"homeWorkCommuteMedian":6691,"workHomeCommuteMedian":5351},"geometry":{"type":"Polygon","coordinates":[[[133.22408197482176,33.91379192984129],[133.22408197482176,33.922785133478534],[133.233075178459,33.922785133478534],[133.233075178459,33.91379192984129],[133.22408197482176,33.91379192984129]]]}},{"type":"Feature","properties":{"jobs":135,"pop":172,"pointCount":6,"homeWorkCommuteMedian":8044,"workHomeCommuteMedian":14580},"geometry":{"type":"Polygon","coordinates":[[[133.22408197482176,33.922785133478534],[133.22408197482176,33.93177833711578],[133.233075178459,33.93177833711578],[133.233075178459,33.922785133478534],[133.22408197482176,33.922785133478534]]]}},{"type":"Feature","properties":{"jobs":397,"pop":0,"pointCount":2,"homeWorkCommuteMedian":-1,"workHomeCommuteMedian":8813},"geometry":{"type":"Polygon","coordinates":[[[133.22408197482176,33.940771540753026],[133.22408197482176,33.94976474439027],[133.233075178459,33.94976474439027],[133.233075178459,33.940771540753026],[133.22408197482176,33.940771540753026]]]}},{"type":"Feature","properties":{"jobs":30,"pop":253,"pointCount":7,"homeWorkCommuteMedian":9807,"workHomeCommuteMedian":8343},"geometry":{"type":"Polygon","coordinates":[[[133.233075178459,33.90479872620404],[133.233075178459,33.91379192984129],[133.24206838209622,33.91379192984129],[133.24206838209622,33.90479872620404],[133.233075178459,33.90479872620404]]]}},{"type":"Feature","properties":{"jobs":23,"pop":190,"pointCount":7,"homeWorkCommuteMedian":18331,"workHomeCommuteMedian":6040},"geometry":{"type":"Polygon","coordinates":[[[133.233075178459,33.91379192984129],[133.233075178459,33.922785133478534],[133.24206838209622,33.922785133478534],[133.24206838209622,33.91379192984129],[133.233075178459,33.91379192984129]]]}},{"type":"Feature","properties":{"jobs":39,"pop":605,"pointCount":8,"homeWorkCommuteMedian":8742,"workHomeCommuteMedian":6830},"geometry":{"type":"Polygon","coordinates":[[[133.233075178459,33.922785133478534],[133.233075178459,33.93177833711578],[133.24206838209622,33.93177833711578],[133.24206838209622,33.922785133478534],[133.233075178459,33.922785133478534]]]}},{"type":"Feature","properties":{"jobs":80,"pop":0,"pointCount":1,"homeWorkCommuteMedian":-1,"workHomeCommuteMedian":8288},"geometry":{"type":"Polygon","coordinates":[[[133.233075178459,33.940771540753026],[133.233075178459,33.94976474439027],[133.24206838209622,33.94976474439027],[133.24206838209622,33.940771540753026],[133.233075178459,33.940771540753026]]]}},{"type":"Feature","properties":{"jobs":285,"pop":0,"pointCount":1,"homeWorkCommuteMedian":-1,"workHomeCommuteMedian":8591},"geometry":{"type":"Polygon","coordinates":[[[133.233075178459,33.94976474439027],[133.233075178459,33.95875794802752],[133.24206838209622,33.95875794802752],[133.24206838209622,33.94976474439027],[133.233075178459,33.94976474439027]]]}},{"type":"Feature","properties":{"jobs":1324,"pop":55,"pointCount":7,"homeWorkCommuteMedian":10661,"workHomeCommuteMedian":8321},"geometry":{"type":"Polygon","coordinates":[[[133.24206838209622,33.90479872620404],[133.24206838209622,33.91379192984129],[133.25106158573345,33.91379192984129],[133.25106158573345,33.90479872620404],[133.24206838209622,33.90479872620404]]]}},{"type":"Feature","properties":{"jobs":239,"pop":556,"pointCount":16,"homeWorkCommuteMedian":7897,"workHomeCommuteMedian":7537},"geometry":{"type":"Polygon","coordinates":[[[133.24206838209622,33.91379192984129],[133.24206838209622,33.922785133478534],[133.25106158573345,33.922785133478534],[133.25106158573345,33.91379192984129],[133.24206838209622,33.91379192984129]]]}},{"type":"Feature","properties":{"jobs":47,"pop":62,"pointCount":4,"homeWorkCommuteMedian":8774,"workHomeCommuteMedian":7958},"geometry":{"type":"Polygon","coordinates":[[[133.24206838209622,33.922785133478534],[133.24206838209622,33.93177833711578],[133.25106158573345,33.93177833711578],[133.25106158573345,33.922785133478534],[133.24206838209622,33.922785133478534]]]}},{"type":"Feature","properties":{"jobs":184,"pop":41,"pointCount":2,"homeWorkCommuteMedian":6493,"workHomeCommuteMedian":8906},"geometry":{"type":"Polygon","coordinates":[[[133.24206838209622,33.940771540753026],[133.24206838209622,33.94976474439027],[133.25106158573345,33.94976474439027],[133.25106158573345,33.940771540753026],[133.24206838209622,33.940771540753026]]]}},{"type":"Feature","properties":{"jobs":664,"pop":0,"pointCount":2,"homeWorkCommuteMedian":-1,"workHomeCommuteMedian":7692},"geometry":{"type":"Polygon","coordinates":[[[133.24206838209622,33.94976474439027],[133.24206838209622,33.95875794802752],[133.25106158573345,33.95875794802752],[133.25106158573345,33.94976474439027],[133.24206838209622,33.94976474439027]]]}},{"type":"Feature","properties":{"jobs":226,"pop":55,"pointCount":2,"homeWorkCommuteMedian":8803,"workHomeCommuteMedian":12612},"geometry":{"type":"Polygon","coordinates":[[[133.25106158573345,33.90479872620404],[133.25106158573345,33.91379192984129],[133.26005478937068,33.91379192984129],[133.26005478937068,33.90479872620404],[133.25106158573345,33.90479872620404]]]}},{"type":"Feature","properties":{"jobs":927,"pop":939,"pointCount":20,"homeWorkCommuteMedian":7600,"workHomeCommuteMedian":6741},"geometry":{"type":"Polygon","coordinates":[[[133.25106158573345,33.91379192984129],[133.25106158573345,33.922785133478534],[133.26005478937068,33.922785133478534],[133.26005478937068,33.91379192984129],[133.25106158573345,33.91379192984129]]]}},{"type":"Feature","properties":{"jobs":264,"pop":348,"pointCount":9,"homeWorkCommuteMedian":7052,"workHomeCommuteMedian":8042},"geometry":{"type":"Polygon","coordinates":[[[133.25106158573345,33.922785133478534],[133.25106158573345,33.93177833711578],[133.26005478937068,33.93177833711578],[133.26005478937068,33.922785133478534],[133.25106158573345,33.922785133478534]]]}},{"type":"Feature","properties":{"jobs":0,"pop":50,"pointCount":1,"homeWorkCommuteMedian":4664,"workHomeCommuteMedian":-1},"geometry":{"type":"Polygon","coordinates":[[[133.25106158573345,33.940771540753026],[133.25106158573345,33.94976474439027],[133.26005478937068,33.94976474439027],[133.26005478937068,33.940771540753026],[133.25106158573345,33.940771540753026]]]}},{"type":"Feature","properties":{"jobs":3084,"pop":216,"pointCount":11,"homeWorkCommuteMedian":5588,"workHomeCommuteMedian":6941},"geometry":{"type":"Polygon","coordinates":[[[133.25106158573345,33.94976474439027],[133.25106158573345,33.95875794802752],[133.26005478937068,33.95875794802752],[133.26005478937068,33.94976474439027],[133.25106158573345,33.94976474439027]]]}},{"type":"Feature","properties":{"jobs":1643,"pop":0,"pointCount":4,"homeWorkCommuteMedian":-1,"workHomeCommuteMedian":6675},"geometry":{"type":"Polygon","coordinates":[[[133.25106158573345,33.95875794802752],[133.25106158573345,33.967751151664764],[133.26005478937068,33.967751151664764],[133.26005478937068,33.95875794802752],[133.25106158573345,33.95875794802752]]]}},{"type":"Feature","properties":{"jobs":194,"pop":0,"pointCount":1,"homeWorkCommuteMedian":-1,"workHomeCommuteMedian":8454},"geometry":{"type":"Polygon","coordinates":[[[133.25106158573345,33.967751151664764],[133.25106158573345,33.97674435530201],[133.26005478937068,33.97674435530201],[133.26005478937068,33.967751151664764],[133.25106158573345,33.967751151664764]]]}},{"type":"Feature","properties":{"jobs":145,"pop":342,"pointCount":5,"homeWorkCommuteMedian":9328,"workHomeCommuteMedian":10108},"geometry":{"type":"Polygon","coordinates":[[[133.26005478937068,33.90479872620404],[133.26005478937068,33.91379192984129],[133.26904799300792,33.91379192984129],[133.26904799300792,33.90479872620404],[133.26005478937068,33.90479872620404]]]}},{"type":"Feature","properties":{"jobs":14,"pop":1268,"pointCount":10,"homeWorkCommuteMedian":7153,"workHomeCommuteMedian":6095},"geometry":{"type":"Polygon","coordinates":[[[133.26005478937068,33.91379192984129],[133.26005478937068,33.922785133478534],[133.26904799300792,33.922785133478534],[133.26904799300792,33.91379192984129],[133.26005478937068,33.91379192984129]]]}},{"type":"Feature","properties":{"jobs":47,"pop":360,"pointCount":6,"homeWorkCommuteMedian":5806,"workHomeCommuteMedian":5649},"geometry":{"type":"Polygon","coordinates":[[[133.26005478937068,33.922785133478534],[133.26005478937068,33.93177833711578],[133.26904799300792,33.93177833711578],[133.26904799300792,33.922785133478534],[133.26005478937068,33.922785133478534]]]}},{"type":"Feature","properties":{"jobs":0,"pop":194,"pointCount":4,"homeWorkCommuteMedian":7965,"workHomeCommuteMedian":-1},"geometry":{"type":"Polygon","coordinates":[[[133.26005478937068,33.93177833711578],[133.26005478937068,33.940771540753026],[133.26904799300792,33.940771540753026],[133.26904799300792,33.93177833711578],[133.26005478937068,33.93177833711578]]]}},{"type":"Feature","properties":{"jobs":0,"pop":457,"pointCount":2,"homeWorkCommuteMedian":5398,"workHomeCommuteMedian":-1},"geometry":{"type":"Polygon","coordinates":[[[133.26005478937068,33.940771540753026],[133.26005478937068,33.94976474439027],[133.26904799300792,33.94976474439027],[133.26904799300792,33.940771540753026],[133.26005478937068,33.940771540753026]]]}},{"type":"Feature","properties":{"jobs":3941,"pop":1014,"pointCount":12,"homeWorkCommuteMedian":4782,"workHomeCommuteMedian":6886},"geometry":{"type":"Polygon","coordinates":[[[133.26005478937068,33.94976474439027],[133.26005478937068,33.95875794802752],[133.26904799300792,33.95875794802752],[133.26904799300792,33.94976474439027],[133.26005478937068,33.94976474439027]]]}},{"type":"Feature","properties":{"jobs":1733,"pop":562,"pointCount":10,"homeWorkCommuteMedian":2408,"workHomeCommuteMedian":6465},"geometry":{"type":"Polygon","coordinates":[[[133.26005478937068,33.95875794802752],[133.26005478937068,33.967751151664764],[133.26904799300792,33.967751151664764],[133.26904799300792,33.95875794802752],[133.26005478937068,33.95875794802752]]]}},{"type":"Feature","properties":{"jobs":19,"pop":684,"pointCount":7,"homeWorkCommuteMedian":7356,"workHomeCommuteMedian":9779},"geometry":{"type":"Polygon","coordinates":[[[133.26904799300792,33.91379192984129],[133.26904799300792,33.922785133478534],[133.27804119664515,33.922785133478534],[133.27804119664515,33.91379192984129],[133.26904799300792,33.91379192984129]]]}},{"type":"Feature","properties":{"jobs":23,"pop":1167,"pointCount":9,"homeWorkCommuteMedian":5970,"workHomeCommuteMedian":12079},"geometry":{"type":"Polygon","coordinates":[[[133.26904799300792,33.922785133478534],[133.26904799300792,33.93177833711578],[133.27804119664515,33.93177833711578],[133.27804119664515,33.922785133478534],[133.26904799300792,33.922785133478534]]]}},{"type":"Feature","properties":{"jobs":0,"pop":244,"pointCount":5,"homeWorkCommuteMedian":9151,"workHomeCommuteMedian":-1},"geometry":{"type":"Polygon","coordinates":[[[133.26904799300792,33.93177833711578],[133.26904799300792,33.940771540753026],[133.27804119664515,33.940771540753026],[133.27804119664515,33.93177833711578],[133.26904799300792,33.93177833711578]]]}},{"type":"Feature","properties":{"jobs":47,"pop":221,"pointCount":1,"homeWorkCommuteMedian":4646,"workHomeCommuteMedian":3487},"geometry":{"type":"Polygon","coordinates":[[[133.26904799300792,33.940771540753026],[133.26904799300792,33.94976474439027],[133.27804119664515,33.94976474439027],[133.27804119664515,33.940771540753026],[133.26904799300792,33.940771540753026]]]}},{"type":"Feature","properties":{"jobs":1665,"pop":2348,"pointCount":15,"homeWorkCommuteMedian":3760,"workHomeCommuteMedian":4566},"geometry":{"type":"Polygon","coordinates":[[[133.26904799300792,33.94976474439027],[133.26904799300792,33.95875794802752],[133.27804119664515,33.95875794802752],[133.27804119664515,33.94976474439027],[133.26904799300792,33.94976474439027]]]}},{"type":"Feature","properties":{"jobs":5138,"pop":2609,"pointCount":21,"homeWorkCommuteMedian":4910,"workHomeCommuteMedian":4946},"geometry":{"type":"Polygon","coordinates":[[[133.26904799300792,33.95875794802752],[133.26904799300792,33.967751151664764],[133.27804119664515,33.967751151664764],[133.27804119664515,33.95875794802752],[133.26904799300792,33.95875794802752]]]}},{"type":"Feature","properties":{"jobs":1318,"pop":188,"pointCount":4,"homeWorkCommuteMedian":4580,"workHomeCommuteMedian":7356},"geometry":{"type":"Polygon","coordinates":[[[133.26904799300792,33.967751151664764],[133.26904799300792,33.97674435530201],[133.27804119664515,33.97674435530201],[133.27804119664515,33.967751151664764],[133.26904799300792,33.967751151664764]]]}},{"type":"Feature","properties":{"jobs":423,"pop":0,"pointCount":2,"homeWorkCommuteMedian":-1,"workHomeCommuteMedian":5952},"geometry":{"type":"Polygon","coordinates":[[[133.26904799300792,33.97674435530201],[133.26904799300792,33.985737558939256],[133.27804119664515,33.985737558939256],[133.27804119664515,33.97674435530201],[133.26904799300792,33.97674435530201]]]}},{"type":"Feature","properties":{"jobs":106,"pop":522,"pointCount":9,"homeWorkCommuteMedian":6500,"workHomeCommuteMedian":21147},"geometry":{"type":"Polygon","coordinates":[[[133.27804119664515,33.91379192984129],[133.27804119664515,33.922785133478534],[133.28703440028238,33.922785133478534],[133.28703440028238,33.91379192984129],[133.27804119664515,33.91379192984129]]]}},{"type":"Feature","properties":{"jobs":1997,"pop":2265,"pointCount":17,"homeWorkCommuteMedian":5568,"workHomeCommuteMedian":3295},"geometry":{"type":"Polygon","coordinates":[[[133.27804119664515,33.922785133478534],[133.27804119664515,33.93177833711578],[133.28703440028238,33.93177833711578],[133.28703440028238,33.922785133478534],[133.27804119664515,33.922785133478534]]]}},{"type":"Feature","properties":{"jobs":2003,"pop":1733,"pointCount":16,"homeWorkCommuteMedian":3961,"workHomeCommuteMedian":4118},"geometry":{"type":"Polygon","coordinates":[[[133.27804119664515,33.93177833711578],[133.27804119664515,33.940771540753026],[133.28703440028238,33.940771540753026],[133.28703440028238,33.93177833711578],[133.27804119664515,33.93177833711578]]]}},{"type":"Feature","properties":{"jobs":363,"pop":1298,"pointCount":11,"homeWorkCommuteMedian":3749,"workHomeCommuteMedian":4165},"geometry":{"type":"Polygon","coordinates":[[[133.27804119664515,33.940771540753026],[133.27804119664515,33.94976474439027],[133.28703440028238,33.94976474439027],[133.28703440028238,33.940771540753026],[133.27804119664515,33.940771540753026]]]}},{"type":"Feature","properties":{"jobs":3751,"pop":2608,"pointCount":19,"homeWorkCommuteMedian":4097,"workHomeCommuteMedian":4274},"geometry":{"type":"Polygon","coordinates":[[[133.27804119664515,33.94976474439027],[133.27804119664515,33.95875794802752],[133.28703440028238,33.95875794802752],[133.28703440028238,33.94976474439027],[133.27804119664515,33.94976474439027]]]}},{"type":"Feature","properties":{"jobs":4773,"pop":1683,"pointCount":15,"homeWorkCommuteMedian":3812,"workHomeCommuteMedian":5864},"geometry":{"type":"Polygon","coordinates":[[[133.27804119664515,33.95875794802752],[133.27804119664515,33.967751151664764],[133.28703440028238,33.967751151664764],[133.28703440028238,33.95875794802752],[133.27804119664515,33.95875794802752]]]}},{"type":"Feature","properties":{"jobs":2163,"pop":1366,"pointCount":16,"homeWorkCommuteMedian":4746,"workHomeCommuteMedian":5654},"geometry":{"type":"Polygon","coordinates":[[[133.27804119664515,33.967751151664764],[133.27804119664515,33.97674435530201],[133.28703440028238,33.97674435530201],[133.28703440028238,33.967751151664764],[133.27804119664515,33.967751151664764]]]}},{"type":"Feature","properties":{"jobs":124,"pop":0,"pointCount":1,"homeWorkCommuteMedian":-1,"workHomeCommuteMedian":12317},"geometry":{"type":"Polygon","coordinates":[[[133.27804119664515,33.97674435530201],[133.27804119664515,33.985737558939256],[133.28703440028238,33.985737558939256],[133.28703440028238,33.97674435530201],[133.27804119664515,33.97674435530201]]]}},{"type":"Feature","properties":{"jobs":2,"pop":0,"pointCount":1,"homeWorkCommuteMedian":-1,"workHomeCommuteMedian":37757},"geometry":{"type":"Polygon","coordinates":[[[133.27804119664515,33.985737558939256],[133.27804119664515,33.9947307625765],[133.28703440028238,33.9947307625765],[133.28703440028238,33.985737558939256],[133.27804119664515,33.985737558939256]]]}},{"type":"Feature","properties":{"jobs":159,"pop":685,"pointCount":7,"homeWorkCommuteMedian":6029,"workHomeCommuteMedian":3704},"geometry":{"type":"Polygon","coordinates":[[[133.28703440028238,33.91379192984129],[133.28703440028238,33.922785133478534],[133.2960276039196,33.922785133478534],[133.2960276039196,33.91379192984129],[133.28703440028238,33.91379192984129]]]}},{"type":"Feature","properties":{"jobs":935,"pop":2271,"pointCount":15,"homeWorkCommuteMedian":5858,"workHomeCommuteMedian":5960},"geometry":{"type":"Polygon","coordinates":[[[133.28703440028238,33.922785133478534],[133.28703440028238,33.93177833711578],[133.2960276039196,33.93177833711578],[133.2960276039196,33.922785133478534],[133.28703440028238,33.922785133478534]]]}},{"type":"Feature","properties":{"jobs":628,"pop":1735,"pointCount":13,"homeWorkCommuteMedian":4241,"workHomeCommuteMedian":5649},"geometry":{"type":"Polygon","coordinates":[[[133.28703440028238,33.93177833711578],[133.28703440028238,33.940771540753026],[133.2960276039196,33.940771540753026],[133.2960276039196,33.93177833711578],[133.28703440028238,33.93177833711578]]]}},{"type":"Feature","properties":{"jobs":2446,"pop":1620,"pointCount":18,"homeWorkCommuteMedian":4851,"workHomeCommuteMedian":4500},"geometry":{"type":"Polygon","coordinates":[[[133.28703440028238,33.940771540753026],[133.28703440028238,33.94976474439027],[133.2960276039196,33.94976474439027],[133.2960276039196,33.940771540753026],[133.28703440028238,33.940771540753026]]]}},{"type":"Feature","properties":{"jobs":760,"pop":3267,"pointCount":14,"homeWorkCommuteMedian":2923,"workHomeCommuteMedian":4080},"geometry":{"type":"Polygon","coordinates":[[[133.28703440028238,33.94976474439027],[133.28703440028238,33.95875794802752],[133.2960276039196,33.95875794802752],[133.2960276039196,33.94976474439027],[133.28703440028238,33.94976474439027]]]}},{"type":"Feature","properties":{"jobs":2376,"pop":911,"pointCount":14,"homeWorkCommuteMedian":3984,"workHomeCommuteMedian":4664},"geometry":{"type":"Polygon","coordinates":[[[133.28703440028238,33.95875794802752],[133.28703440028238,33.967751151664764],[133.2960276039196,33.967751151664764],[133.2960276039196,33.95875794802752],[133.28703440028238,33.95875794802752]]]}},{"type":"Feature","properties":{"jobs":1841,"pop":1422,"pointCount":17,"homeWorkCommuteMedian":4695,"workHomeCommuteMedian":5588},"geometry":{"type":"Polygon","coordinates":[[[133.28703440028238,33.967751151664764],[133.28703440028238,33.97674435530201],[133.2960276039196,33.97674435530201],[133.2960276039196,33.967751151664764],[133.28703440028238,33.967751151664764]]]}},{"type":"Feature","properties":{"jobs":358,"pop":815,"pointCount":8,"homeWorkCommuteMedian":5406,"workHomeCommuteMedian":6936},"geometry":{"type":"Polygon","coordinates":[[[133.28703440028238,33.97674435530201],[133.28703440028238,33.985737558939256],[133.2960276039196,33.985737558939256],[133.2960276039196,33.97674435530201],[133.28703440028238,33.97674435530201]]]}},{"type":"Feature","properties":{"jobs":268,"pop":510,"pointCount":7,"homeWorkCommuteMedian":7235,"workHomeCommuteMedian":7232},"geometry":{"type":"Polygon","coordinates":[[[133.2960276039196,33.91379192984129],[133.2960276039196,33.922785133478534],[133.30502080755684,33.922785133478534],[133.30502080755684,33.91379192984129],[133.2960276039196,33.91379192984129]]]}},{"type":"Feature","properties":{"jobs":950,"pop":1812,"pointCount":15,"homeWorkCommuteMedian":4776,"workHomeCommuteMedian":3389},"geometry":{"type":"Polygon","coordinates":[[[133.2960276039196,33.922785133478534],[133.2960276039196,33.93177833711578],[133.30502080755684,33.93177833711578],[133.30502080755684,33.922785133478534],[133.2960276039196,33.922785133478534]]]}},{"type":"Feature","properties":{"jobs":2874,"pop":2380,"pointCount":18,"homeWorkCommuteMedian":4756,"workHomeCommuteMedian":4930},"geometry":{"type":"Polygon","coordinates":[[[133.2960276039196,33.93177833711578],[133.2960276039196,33.940771540753026],[133.30502080755684,33.940771540753026],[133.30502080755684,33.93177833711578],[133.2960276039196,33.93177833711578]]]}},{"type":"Feature","properties":{"jobs":1211,"pop":1295,"pointCount":12,"homeWorkCommuteMedian":5808,"workHomeCommuteMedian":4746},"geometry":{"type":"Polygon","coordinates":[[[133.2960276039196,33.940771540753026],[133.2960276039196,33.94976474439027],[133.30502080755684,33.94976474439027],[133.30502080755684,33.940771540753026],[133.2960276039196,33.940771540753026]]]}},{"type":"Feature","properties":{"jobs":795,"pop":1477,"pointCount":12,"homeWorkCommuteMedian":4581,"workHomeCommuteMedian":4343},"geometry":{"type":"Polygon","coordinates":[[[133.2960276039196,33.94976474439027],[133.2960276039196,33.95875794802752],[133.30502080755684,33.95875794802752],[133.30502080755684,33.94976474439027],[133.2960276039196,33.94976474439027]]]}},{"type":"Feature","properties":{"jobs":1341,"pop":2189,"pointCount":16,"homeWorkCommuteMedian":4224,"workHomeCommuteMedian":4067},"geometry":{"type":"Polygon","coordinates":[[[133.2960276039196,33.95875794802752],[133.2960276039196,33.967751151664764],[133.30502080755684,33.967751151664764],[133.30502080755684,33.95875794802752],[133.2960276039196,33.95875794802752]]]}},{"type":"Feature","properties":{"jobs":1076,"pop":1811,"pointCount":13,"homeWorkCommuteMedian":4848,"workHomeCommuteMedian":2582},"geometry":{"type":"Polygon","coordinates":[[[133.2960276039196,33.967751151664764],[133.2960276039196,33.97674435530201],[133.30502080755684,33.97674435530201],[133.30502080755684,33.967751151664764],[133.2960276039196,33.967751151664764]]]}},{"type":"Feature","properties":{"jobs":135,"pop":947,"pointCount":6,"homeWorkCommuteMedian":5123,"workHomeCommuteMedian":6078},"geometry":{"type":"Polygon","coordinates":[[[133.2960276039196,33.97674435530201],[133.2960276039196,33.985737558939256],[133.30502080755684,33.985737558939256],[133.30502080755684,33.97674435530201],[133.2960276039196,33.97674435530201]]]}},{"type":"Feature","properties":{"jobs":1330,"pop":0,"pointCount":2,"homeWorkCommuteMedian":-1,"workHomeCommuteMedian":19679},"geometry":{"type":"Polygon","coordinates":[[[133.30502080755684,33.895805522566796],[133.30502080755684,33.90479872620404],[133.31401401119408,33.90479872620404],[133.31401401119408,33.895805522566796],[133.30502080755684,33.895805522566796]]]}},{"type":"Feature","properties":{"jobs":0,"pop":29,"pointCount":1,"homeWorkCommuteMedian":4223,"workHomeCommuteMedian":-1},"geometry":{"type":"Polygon","coordinates":[[[133.30502080755684,33.90479872620404],[133.30502080755684,33.91379192984129],[133.31401401119408,33.91379192984129],[133.31401401119408,33.90479872620404],[133.30502080755684,33.90479872620404]]]}},{"type":"Feature","properties":{"jobs":667,"pop":14,"pointCount":5,"homeWorkCommuteMedian":11535,"workHomeCommuteMedian":1261},"geometry":{"type":"Polygon","coordinates":[[[133.30502080755684,33.91379192984129],[133.30502080755684,33.922785133478534],[133.31401401119408,33.922785133478534],[133.31401401119408,33.91379192984129],[133.30502080755684,33.91379192984129]]]}},{"type":"Feature","properties":{"jobs":319,"pop":1219,"pointCount":11,"homeWorkCommuteMedian":6756,"workHomeCommuteMedian":5773},"geometry":{"type":"Polygon","coordinates":[[[133.30502080755684,33.922785133478534],[133.30502080755684,33.93177833711578],[133.31401401119408,33.93177833711578],[133.31401401119408,33.922785133478534],[133.30502080755684,33.922785133478534]]]}},{"type":"Feature","properties":{"jobs":1013,"pop":1677,"pointCount":15,"homeWorkCommuteMedian":5876,"workHomeCommuteMedian":6025},"geometry":{"type":"Polygon","coordinates":[[[133.30502080755684,33.93177833711578],[133.30502080755684,33.940771540753026],[133.31401401119408,33.940771540753026],[133.31401401119408,33.93177833711578],[133.30502080755684,33.93177833711578]]]}},{"type":"Feature","properties":{"jobs":833,"pop":900,"pointCount":12,"homeWorkCommuteMedian":3892,"workHomeCommuteMedian":3985},"geometry":{"type":"Polygon","coordinates":[[[133.30502080755684,33.940771540753026],[133.30502080755684,33.94976474439027],[133.31401401119408,33.94976474439027],[133.31401401119408,33.940771540753026],[133.30502080755684,33.940771540753026]]]}},{"type":"Feature","properties":{"jobs":205,"pop":18,"pointCount":4,"homeWorkCommuteMedian":6356,"workHomeCommuteMedian":4653},"geometry":{"type":"Polygon","coordinates":[[[133.30502080755684,33.94976474439027],[133.30502080755684,33.95875794802752],[133.31401401119408,33.95875794802752],[133.31401401119408,33.94976474439027],[133.30502080755684,33.94976474439027]]]}},{"type":"Feature","properties":{"jobs":775,"pop":974,"pointCount":10,"homeWorkCommuteMedian":4616,"workHomeCommuteMedian":4344},"geometry":{"type":"Polygon","coordinates":[[[133.30502080755684,33.95875794802752],[133.30502080755684,33.967751151664764],[133.31401401119408,33.967751151664764],[133.31401401119408,33.95875794802752],[133.30502080755684,33.95875794802752]]]}},{"type":"Feature","properties":{"jobs":241,"pop":1364,"pointCount":10,"homeWorkCommuteMedian":4655,"workHomeCommuteMedian":26497},"geometry":{"type":"Polygon","coordinates":[[[133.30502080755684,33.967751151664764],[133.30502080755684,33.97674435530201],[133.31401401119408,33.97674435530201],[133.31401401119408,33.967751151664764],[133.30502080755684,33.967751151664764]]]}},{"type":"Feature","properties":{"jobs":446,"pop":1211,"pointCount":9,"homeWorkCommuteMedian":6394,"workHomeCommuteMedian":2620},"geometry":{"type":"Polygon","coordinates":[[[133.30502080755684,33.97674435530201],[133.30502080755684,33.985737558939256],[133.31401401119408,33.985737558939256],[133.31401401119408,33.97674435530201],[133.30502080755684,33.97674435530201]]]}},{"type":"Feature","properties":{"jobs":109,"pop":470,"pointCount":12,"homeWorkCommuteMedian":6288,"workHomeCommuteMedian":6392},"geometry":{"type":"Polygon","coordinates":[[[133.31401401119408,33.922785133478534],[133.31401401119408,33.93177833711578],[133.3230072148313,33.93177833711578],[133.3230072148313,33.922785133478534],[133.31401401119408,33.922785133478534]]]}},{"type":"Feature","properties":{"jobs":1069,"pop":1249,"pointCount":13,"homeWorkCommuteMedian":5938,"workHomeCommuteMedian":7711},"geometry":{"type":"Polygon","coordinates":[[[133.31401401119408,33.93177833711578],[133.31401401119408,33.940771540753026],[133.3230072148313,33.940771540753026],[133.3230072148313,33.93177833711578],[133.31401401119408,33.93177833711578]]]}},{"type":"Feature","properties":{"jobs":974,"pop":517,"pointCount":11,"homeWorkCommuteMedian":6585,"workHomeCommuteMedian":4464},"geometry":{"type":"Polygon","coordinates":[[[133.31401401119408,33.940771540753026],[133.31401401119408,33.94976474439027],[133.3230072148313,33.94976474439027],[133.3230072148313,33.940771540753026],[133.31401401119408,33.940771540753026]]]}},{"type":"Feature","properties":{"jobs":265,"pop":13,"pointCount":3,"homeWorkCommuteMedian":9555,"workHomeCommuteMedian":7386},"geometry":{"type":"Polygon","coordinates":[[[133.31401401119408,33.94976474439027],[133.31401401119408,33.95875794802752],[133.3230072148313,33.95875794802752],[133.3230072148313,33.94976474439027],[133.31401401119408,33.94976474439027]]]}},{"type":"Feature","properties":{"jobs":960,"pop":213,"pointCount":6,"homeWorkCommuteMedian":5129,"workHomeCommuteMedian":2347},"geometry":{"type":"Polygon","coordinates":[[[133.31401401119408,33.95875794802752],[133.31401401119408,33.967751151664764],[133.3230072148313,33.967751151664764],[133.3230072148313,33.95875794802752],[133.31401401119408,33.95875794802752]]]}},{"type":"Feature","properties":{"jobs":565,"pop":2134,"pointCount":16,"homeWorkCommuteMedian":5379,"workHomeCommuteMedian":8243},"geometry":{"type":"Polygon","coordinates":[[[133.31401401119408,33.967751151664764],[133.31401401119408,33.97674435530201],[133.3230072148313,33.97674435530201],[133.3230072148313,33.967751151664764],[133.31401401119408,33.967751151664764]]]}},{"type":"Feature","properties":{"jobs":642,"pop":2032,"pointCount":15,"homeWorkCommuteMedian":6649,"workHomeCommuteMedian":3876},"geometry":{"type":"Polygon","coordinates":[[[133.31401401119408,33.97674435530201],[133.31401401119408,33.985737558939256],[133.3230072148313,33.985737558939256],[133.3230072148313,33.97674435530201],[133.31401401119408,33.97674435530201]]]}},{"type":"Feature","properties":{"jobs":85,"pop":328,"pointCount":5,"homeWorkCommuteMedian":7060,"workHomeCommuteMedian":9635},"geometry":{"type":"Polygon","coordinates":[[[133.31401401119408,33.985737558939256],[133.31401401119408,33.9947307625765],[133.3230072148313,33.9947307625765],[133.3230072148313,33.985737558939256],[133.31401401119408,33.985737558939256]]]}},{"type":"Feature","properties":{"jobs":139,"pop":492,"pointCount":7,"homeWorkCommuteMedian":1868,"workHomeCommuteMedian":8750},"geometry":{"type":"Polygon","coordinates":[[[133.3230072148313,33.922785133478534],[133.3230072148313,33.93177833711578],[133.33200041846854,33.93177833711578],[133.33200041846854,33.922785133478534],[133.3230072148313,33.922785133478534]]]}},{"type":"Feature","properties":{"jobs":959,"pop":832,"pointCount":19,"homeWorkCommuteMedian":6801,"workHomeCommuteMedian":5304},"geometry":{"type":"Polygon","coordinates":[[[133.3230072148313,33.93177833711578],[133.3230072148313,33.940771540753026],[133.33200041846854,33.940771540753026],[133.33200041846854,33.93177833711578],[133.3230072148313,33.93177833711578]]]}},{"type":"Feature","properties":{"jobs":95,"pop":786,"pointCount":9,"homeWorkCommuteMedian":4931,"workHomeCommuteMedian":6231},"geometry":{"type":"Polygon","coordinates":[[[133.3230072148313,33.940771540753026],[133.3230072148313,33.94976474439027],[133.33200041846854,33.94976474439027],[133.33200041846854,33.940771540753026],[133.3230072148313,33.940771540753026]]]}},{"type":"Feature","properties":{"jobs":502,"pop":1363,"pointCount":15,"homeWorkCommuteMedian":5782,"workHomeCommuteMedian":6857},"geometry":{"type":"Polygon","coordinates":[[[133.3230072148313,33.967751151664764],[133.3230072148313,33.97674435530201],[133.33200041846854,33.97674435530201],[133.33200041846854,33.967751151664764],[133.3230072148313,33.967751151664764]]]}},{"type":"Feature","properties":{"jobs":319,"pop":351,"pointCount":8,"homeWorkCommuteMedian":5736,"workHomeCommuteMedian":10451},"geometry":{"type":"Polygon","coordinates":[[[133.3230072148313,33.97674435530201],[133.3230072148313,33.985737558939256],[133.33200041846854,33.985737558939256],[133.33200041846854,33.97674435530201],[133.3230072148313,33.97674435530201]]]}},{"type":"Feature","properties":{"jobs":446,"pop":0,"pointCount":2,"homeWorkCommuteMedian":-1,"workHomeCommuteMedian":8687},"geometry":{"type":"Polygon","coordinates":[[[133.3230072148313,33.985737558939256],[133.3230072148313,33.9947307625765],[133.33200041846854,33.9947307625765],[133.33200041846854,33.985737558939256],[133.3230072148313,33.985737558939256]]]}},{"type":"Feature","properties":{"jobs":53,"pop":81,"pointCount":5,"homeWorkCommuteMedian":5773,"workHomeCommuteMedian":9036},"geometry":{"type":"Polygon","coordinates":[[[133.33200041846854,33.922785133478534],[133.33200041846854,33.93177833711578],[133.34099362210577,33.93177833711578],[133.34099362210577,33.922785133478534],[133.33200041846854,33.922785133478534]]]}},{"type":"Feature","properties":{"jobs":364,"pop":1026,"pointCount":18,"homeWorkCommuteMedian":9090,"workHomeCommuteMedian":6048},"geometry":{"type":"Polygon","coordinates":[[[133.33200041846854,33.93177833711578],[133.33200041846854,33.940771540753026],[133.34099362210577,33.940771540753026],[133.34099362210577,33.93177833711578],[133.33200041846854,33.93177833711578]]]}},{"type":"Feature","properties":{"jobs":118,"pop":51,"pointCount":3,"homeWorkCommuteMedian":8899,"workHomeCommuteMedian":8136},"geometry":{"type":"Polygon","coordinates":[[[133.33200041846854,33.940771540753026],[133.33200041846854,33.94976474439027],[133.34099362210577,33.94976474439027],[133.34099362210577,33.940771540753026],[133.33200041846854,33.940771540753026]]]}},{"type":"Feature","properties":{"jobs":243,"pop":593,"pointCount":9,"homeWorkCommuteMedian":8085,"workHomeCommuteMedian":6575},"geometry":{"type":"Polygon","coordinates":[[[133.33200041846854,33.967751151664764],[133.33200041846854,33.97674435530201],[133.34099362210577,33.97674435530201],[133.34099362210577,33.967751151664764],[133.33200041846854,33.967751151664764]]]}},{"type":"Feature","properties":{"jobs":805,"pop":77,"pointCount":4,"homeWorkCommuteMedian":7428,"workHomeCommuteMedian":8454},"geometry":{"type":"Polygon","coordinates":[[[133.33200041846854,33.97674435530201],[133.33200041846854,33.985737558939256],[133.34099362210577,33.985737558939256],[133.34099362210577,33.97674435530201],[133.33200041846854,33.97674435530201]]]}},{"type":"Feature","properties":{"jobs":717,"pop":0,"pointCount":2,"homeWorkCommuteMedian":-1,"workHomeCommuteMedian":9781},"geometry":{"type":"Polygon","coordinates":[[[133.33200041846854,33.985737558939256],[133.33200041846854,33.9947307625765],[133.34099362210577,33.9947307625765],[133.34099362210577,33.985737558939256],[133.33200041846854,33.985737558939256]]]}},{"type":"Feature","properties":{"jobs":27,"pop":86,"pointCount":4,"homeWorkCommuteMedian":10322,"workHomeCommuteMedian":9271},"geometry":{"type":"Polygon","coordinates":[[[133.34099362210577,33.922785133478534],[133.34099362210577,33.93177833711578],[133.349986825743,33.93177833711578],[133.349986825743,33.922785133478534],[133.34099362210577,33.922785133478534]]]}},{"type":"Feature","properties":{"jobs":85,"pop":75,"pointCount":6,"homeWorkCommuteMedian":16098,"workHomeCommuteMedian":8088},"geometry":{"type":"Polygon","coordinates":[[[133.34099362210577,33.93177833711578],[133.34099362210577,33.940771540753026],[133.349986825743,33.940771540753026],[133.349986825743,33.93177833711578],[133.34099362210577,33.93177833711578]]]}},{"type":"Feature","properties":{"jobs":109,"pop":97,"pointCount":6,"homeWorkCommuteMedian":9194,"workHomeCommuteMedian":8092},"geometry":{"type":"Polygon","coordinates":[[[133.34099362210577,33.940771540753026],[133.34099362210577,33.94976474439027],[133.349986825743,33.94976474439027],[133.349986825743,33.940771540753026],[133.34099362210577,33.940771540753026]]]}},{"type":"Feature","properties":{"jobs":646,"pop":689,"pointCount":6,"homeWorkCommuteMedian":6802,"workHomeCommuteMedian":8189},"geometry":{"type":"Polygon","coordinates":[[[133.34099362210577,33.967751151664764],[133.34099362210577,33.97674435530201],[133.349986825743,33.97674435530201],[133.349986825743,33.967751151664764],[133.34099362210577,33.967751151664764]]]}},{"type":"Feature","properties":{"jobs":1508,"pop":147,"pointCount":6,"homeWorkCommuteMedian":3979,"workHomeCommuteMedian":7889},"geometry":{"type":"Polygon","coordinates":[[[133.34099362210577,33.97674435530201],[133.34099362210577,33.985737558939256],[133.349986825743,33.985737558939256],[133.349986825743,33.97674435530201],[133.34099362210577,33.97674435530201]]]}},{"type":"Feature","properties":{"jobs":16,"pop":28,"pointCount":1,"homeWorkCommuteMedian":14786,"workHomeCommuteMedian":4655},"geometry":{"type":"Polygon","coordinates":[[[133.34099362210577,33.985737558939256],[133.34099362210577,33.9947307625765],[133.349986825743,33.9947307625765],[133.349986825743,33.985737558939256],[133.34099362210577,33.985737558939256]]]}},{"type":"Feature","properties":{"jobs":55,"pop":0,"pointCount":1,"homeWorkCommuteMedian":-1,"workHomeCommuteMedian":8686},"geometry":{"type":"Polygon","coordinates":[[[133.349986825743,33.922785133478534],[133.349986825743,33.93177833711578],[133.35898002938023,33.93177833711578],[133.35898002938023,33.922785133478534],[133.349986825743,33.922785133478534]]]}},{"type":"Feature","properties":{"jobs":39,"pop":120,"pointCount":4,"homeWorkCommuteMedian":10493,"workHomeCommuteMedian":10754},"geometry":{"type":"Polygon","coordinates":[[[133.349986825743,33.93177833711578],[133.349986825743,33.940771540753026],[133.35898002938023,33.940771540753026],[133.35898002938023,33.93177833711578],[133.349986825743,33.93177833711578]]]}},{"type":"Feature","properties":{"jobs":35,"pop":61,"pointCount":1,"homeWorkCommuteMedian":6378,"workHomeCommuteMedian":7775},"geometry":{"type":"Polygon","coordinates":[[[133.349986825743,33.940771540753026],[133.349986825743,33.94976474439027],[133.35898002938023,33.94976474439027],[133.35898002938023,33.940771540753026],[133.349986825743,33.940771540753026]]]}},{"type":"Feature","properties":{"jobs":241,"pop":366,"pointCount":5,"homeWorkCommuteMedian":9536,"workHomeCommuteMedian":5994},"geometry":{"type":"Polygon","coordinates":[[[133.349986825743,33.967751151664764],[133.349986825743,33.97674435530201],[133.35898002938023,33.97674435530201],[133.35898002938023,33.967751151664764],[133.349986825743,33.967751151664764]]]}},{"type":"Feature","properties":{"jobs":1098,"pop":625,"pointCount":6,"homeWorkCommuteMedian":9256,"workHomeCommuteMedian":8118},"geometry":{"type":"Polygon","coordinates":[[[133.349986825743,33.97674435530201],[133.349986825743,33.985737558939256],[133.35898002938023,33.985737558939256],[133.35898002938023,33.97674435530201],[133.349986825743,33.97674435530201]]]}},{"type":"Feature","properties":{"jobs":0,"pop":34,"pointCount":2,"homeWorkCommuteMedian":11366,"workHomeCommuteMedian":-1},"geometry":{"type":"Polygon","coordinates":[[[133.35898002938023,33.93177833711578],[133.35898002938023,33.940771540753026],[133.36797323301747,33.940771540753026],[133.36797323301747,33.93177833711578],[133.35898002938023,33.93177833711578]]]}},{"type":"Feature","properties":{"jobs":14,"pop":28,"pointCount":2,"homeWorkCommuteMedian":8674,"workHomeCommuteMedian":10112},"geometry":{"type":"Polygon","coordinates":[[[133.35898002938023,33.95875794802752],[133.35898002938023,33.967751151664764],[133.36797323301747,33.967751151664764],[133.36797323301747,33.95875794802752],[133.35898002938023,33.95875794802752]]]}},{"type":"Feature","properties":{"jobs":64,"pop":80,"pointCount":2,"homeWorkCommuteMedian":7902,"workHomeCommuteMedian":9348},"geometry":{"type":"Polygon","coordinates":[[[133.35898002938023,33.97674435530201],[133.35898002938023,33.985737558939256],[133.36797323301747,33.985737558939256],[133.36797323301747,33.97674435530201],[133.35898002938023,33.97674435530201]]]}},{"type":"Feature","properties":{"jobs":11,"pop":31,"pointCount":2,"homeWorkCommuteMedian":10108,"workHomeCommuteMedian":46703},"geometry":{"type":"Polygon","coordinates":[[[133.35898002938023,33.985737558939256],[133.35898002938023,33.9947307625765],[133.36797323301747,33.9947307625765],[133.36797323301747,33.985737558939256],[133.35898002938023,33.985737558939256]]]}},{"type":"Feature","properties":{"jobs":0,"pop":135,"pointCount":5,"homeWorkCommuteMedian":24548,"workHomeCommuteMedian":-1},"geometry":{"type":"Polygon","coordinates":[[[133.36797323301747,33.93177833711578],[133.36797323301747,33.940771540753026],[133.3769664366547,33.940771540753026],[133.3769664366547,33.93177833711578],[133.36797323301747,33.93177833711578]]]}},{"type":"Feature","properties":{"jobs":32,"pop":43,"pointCount":3,"homeWorkCommuteMedian":10362,"workHomeCommuteMedian":14109},"geometry":{"type":"Polygon","coordinates":[[[133.36797323301747,33.95875794802752],[133.36797323301747,33.967751151664764],[133.3769664366547,33.967751151664764],[133.3769664366547,33.95875794802752],[133.36797323301747,33.95875794802752]]]}},{"type":"Feature","properties":{"jobs":26,"pop":15,"pointCount":2,"homeWorkCommuteMedian":11116,"workHomeCommuteMedian":26016},"geometry":{"type":"Polygon","coordinates":[[[133.36797323301747,33.97674435530201],[133.36797323301747,33.985737558939256],[133.3769664366547,33.985737558939256],[133.3769664366547,33.97674435530201],[133.36797323301747,33.97674435530201]]]}},{"type":"Feature","properties":{"jobs":13,"pop":13,"pointCount":1,"homeWorkCommuteMedian":2486,"workHomeCommuteMedian":8486},"geometry":{"type":"Polygon","coordinates":[[[133.36797323301747,33.9947307625765],[133.36797323301747,34.00372396621375],[133.3769664366547,34.00372396621375],[133.3769664366547,33.9947307625765],[133.36797323301747,33.9947307625765]]]}},{"type":"Feature","properties":{"jobs":11,"pop":22,"pointCount":1,"homeWorkCommuteMedian":30531,"workHomeCommuteMedian":33304},"geometry":{"type":"Polygon","coordinates":[[[133.3769664366547,33.84184630074332],[133.3769664366547,33.850839504380566],[133.38595964029193,33.850839504380566],[133.38595964029193,33.84184630074332],[133.3769664366547,33.84184630074332]]]}},{"type":"Feature","properties":{"jobs":0,"pop":49,"pointCount":2,"homeWorkCommuteMedian":20731,"workHomeCommuteMedian":-1},"geometry":{"type":"Polygon","coordinates":[[[133.3769664366547,33.93177833711578],[133.3769664366547,33.940771540753026],[133.38595964029193,33.940771540753026],[133.38595964029193,33.93177833711578],[133.3769664366547,33.93177833711578]]]}},{"type":"Feature","properties":{"jobs":73,"pop":234,"pointCount":8,"homeWorkCommuteMedian":9613,"workHomeCommuteMedian":23921},"geometry":{"type":"Polygon","coordinates":[[[133.3769664366547,33.940771540753026],[133.3769664366547,33.94976474439027],[133.38595964029193,33.94976474439027],[133.38595964029193,33.940771540753026],[133.3769664366547,33.940771540753026]]]}},{"type":"Feature","properties":{"jobs":0,"pop":187,"pointCount":3,"homeWorkCommuteMedian":15544,"workHomeCommuteMedian":-1},"geometry":{"type":"Polygon","coordinates":[[[133.3769664366547,33.94976474439027],[133.3769664366547,33.95875794802752],[133.38595964029193,33.95875794802752],[133.38595964029193,33.94976474439027],[133.3769664366547,33.94976474439027]]]}},{"type":"Feature","properties":{"jobs":0,"pop":121,"pointCount":1,"homeWorkCommuteMedian":73286,"workHomeCommuteMedian":-1},"geometry":{"type":"Polygon","coordinates":[[[133.3769664366547,33.95875794802752],[133.3769664366547,33.967751151664764],[133.38595964029193,33.967751151664764],[133.38595964029193,33.95875794802752],[133.3769664366547,33.95875794802752]]]}},{"type":"Feature","properties":{"jobs":0,"pop":19,"pointCount":1,"homeWorkCommuteMedian":12305,"workHomeCommuteMedian":-1},"geometry":{"type":"Polygon","coordinates":[[[133.3769664366547,33.97674435530201],[133.3769664366547,33.985737558939256],[133.38595964029193,33.985737558939256],[133.38595964029193,33.97674435530201],[133.3769664366547,33.97674435530201]]]}},{"type":"Feature","properties":{"jobs":144,"pop":195,"pointCount":9,"homeWorkCommuteMedian":10580,"workHomeCommuteMedian":7431},"geometry":{"type":"Polygon","coordinates":[[[133.38595964029193,33.940771540753026],[133.38595964029193,33.94976474439027],[133.39495284392916,33.94976474439027],[133.39495284392916,33.940771540753026],[133.38595964029193,33.940771540753026]]]}},{"type":"Feature","properties":{"jobs":39,"pop":264,"pointCount":10,"homeWorkCommuteMedian":11407,"workHomeCommuteMedian":22605},"geometry":{"type":"Polygon","coordinates":[[[133.38595964029193,33.94976474439027],[133.38595964029193,33.95875794802752],[133.39495284392916,33.95875794802752],[133.39495284392916,33.94976474439027],[133.38595964029193,33.94976474439027]]]}},{"type":"Feature","properties":{"jobs":200,"pop":12,"pointCount":3,"homeWorkCommuteMedian":22493,"workHomeCommuteMedian":8508},"geometry":{"type":"Polygon","coordinates":[[[133.39495284392916,33.940771540753026],[133.39495284392916,33.94976474439027],[133.4039460475664,33.94976474439027],[133.4039460475664,33.940771540753026],[133.39495284392916,33.940771540753026]]]}},{"type":"Feature","properties":{"jobs":22,"pop":228,"pointCount":6,"homeWorkCommuteMedian":14828,"workHomeCommuteMedian":11022},"geometry":{"type":"Polygon","coordinates":[[[133.39495284392916,33.94976474439027],[133.39495284392916,33.95875794802752],[133.4039460475664,33.95875794802752],[133.4039460475664,33.94976474439027],[133.39495284392916,33.94976474439027]]]}},{"type":"Feature","properties":{"jobs":71,"pop":0,"pointCount":2,"homeWorkCommuteMedian":-1,"workHomeCommuteMedian":3947},"geometry":{"type":"Polygon","coordinates":[[[133.4039460475664,33.85983270801781],[133.4039460475664,33.86882591165506],[133.41293925120362,33.86882591165506],[133.41293925120362,33.85983270801781],[133.4039460475664,33.85983270801781]]]}},{"type":"Feature","properties":{"jobs":183,"pop":97,"pointCount":5,"homeWorkCommuteMedian":14110,"workHomeCommuteMedian":20850},"geometry":{"type":"Polygon","coordinates":[[[133.4039460475664,33.940771540753026],[133.4039460475664,33.94976474439027],[133.41293925120362,33.94976474439027],[133.41293925120362,33.940771540753026],[133.4039460475664,33.940771540753026]]]}},{"type":"Feature","properties":{"jobs":128,"pop":408,"pointCount":9,"homeWorkCommuteMedian":11496,"workHomeCommuteMedian":8436},"geometry":{"type":"Polygon","coordinates":[[[133.4039460475664,33.94976474439027],[133.4039460475664,33.95875794802752],[133.41293925120362,33.95875794802752],[133.41293925120362,33.94976474439027],[133.4039460475664,33.94976474439027]]]}},{"type":"Feature","properties":{"jobs":0,"pop":72,"pointCount":3,"homeWorkCommuteMedian":16755,"workHomeCommuteMedian":-1},"geometry":{"type":"Polygon","coordinates":[[[133.4039460475664,33.95875794802752],[133.4039460475664,33.967751151664764],[133.41293925120362,33.967751151664764],[133.41293925120362,33.95875794802752],[133.4039460475664,33.95875794802752]]]}},{"type":"Feature","properties":{"jobs":0,"pop":14,"pointCount":1,"homeWorkCommuteMedian":4489,"workHomeCommuteMedian":-1},"geometry":{"type":"Polygon","coordinates":[[[133.4039460475664,33.985737558939256],[133.4039460475664,33.9947307625765],[133.41293925120362,33.9947307625765],[133.41293925120362,33.985737558939256],[133.4039460475664,33.985737558939256]]]}},{"type":"Feature","properties":{"jobs":0,"pop":43,"pointCount":2,"homeWorkCommuteMedian":31347,"workHomeCommuteMedian":-1},"geometry":{"type":"Polygon","coordinates":[[[133.41293925120362,33.85983270801781],[133.41293925120362,33.86882591165506],[133.42193245484086,33.86882591165506],[133.42193245484086,33.85983270801781],[133.41293925120362,33.85983270801781]]]}},{"type":"Feature","properties":{"jobs":0,"pop":14,"pointCount":1,"homeWorkCommuteMedian":49817,"workHomeCommuteMedian":-1},"geometry":{"type":"Polygon","coordinates":[[[133.41293925120362,33.93177833711578],[133.41293925120362,33.940771540753026],[133.42193245484086,33.940771540753026],[133.42193245484086,33.93177833711578],[133.41293925120362,33.93177833711578]]]}},{"type":"Feature","properties":{"jobs":0,"pop":17,"pointCount":1,"homeWorkCommuteMedian":3675,"workHomeCommuteMedian":-1},"geometry":{"type":"Polygon","coordinates":[[[133.41293925120362,33.940771540753026],[133.41293925120362,33.94976474439027],[133.42193245484086,33.94976474439027],[133.42193245484086,33.940771540753026],[133.41293925120362,33.940771540753026]]]}},{"type":"Feature","properties":{"jobs":750,"pop":313,"pointCount":10,"homeWorkCommuteMedian":15716,"workHomeCommuteMedian":15228},"geometry":{"type":"Polygon","coordinates":[[[133.41293925120362,33.94976474439027],[133.41293925120362,33.95875794802752],[133.42193245484086,33.95875794802752],[133.42193245484086,33.94976474439027],[133.41293925120362,33.94976474439027]]]}},{"type":"Feature","properties":{"jobs":431,"pop":461,"pointCount":7,"homeWorkCommuteMedian":12130,"workHomeCommuteMedian":2300},"geometry":{"type":"Polygon","coordinates":[[[133.41293925120362,33.95875794802752],[133.41293925120362,33.967751151664764],[133.42193245484086,33.967751151664764],[133.42193245484086,33.95875794802752],[133.41293925120362,33.95875794802752]]]}},{"type":"Feature","properties":{"jobs":93,"pop":181,"pointCount":7,"homeWorkCommuteMedian":13826,"workHomeCommuteMedian":9789},"geometry":{"type":"Polygon","coordinates":[[[133.41293925120362,33.967751151664764],[133.41293925120362,33.97674435530201],[133.42193245484086,33.97674435530201],[133.42193245484086,33.967751151664764],[133.41293925120362,33.967751151664764]]]}},{"type":"Feature","properties":{"jobs":151,"pop":318,"pointCount":7,"homeWorkCommuteMedian":17633,"workHomeCommuteMedian":14569},"geometry":{"type":"Polygon","coordinates":[[[133.41293925120362,33.97674435530201],[133.41293925120362,33.985737558939256],[133.42193245484086,33.985737558939256],[133.42193245484086,33.97674435530201],[133.41293925120362,33.97674435530201]]]}},{"type":"Feature","properties":{"jobs":11,"pop":17,"pointCount":1,"homeWorkCommuteMedian":39426,"workHomeCommuteMedian":37870},"geometry":{"type":"Polygon","coordinates":[[[133.42193245484086,33.850839504380566],[133.42193245484086,33.85983270801781],[133.4309256584781,33.85983270801781],[133.4309256584781,33.850839504380566],[133.42193245484086,33.850839504380566]]]}},{"type":"Feature","properties":{"jobs":549,"pop":570,"pointCount":12,"homeWorkCommuteMedian":14151,"workHomeCommuteMedian":14228},"geometry":{"type":"Polygon","coordinates":[[[133.42193245484086,33.94976474439027],[133.42193245484086,33.95875794802752],[133.4309256584781,33.95875794802752],[133.4309256584781,33.94976474439027],[133.42193245484086,33.94976474439027]]]}},{"type":"Feature","properties":{"jobs":1078,"pop":586,"pointCount":13,"homeWorkCommuteMedian":11992,"workHomeCommuteMedian":13636},"geometry":{"type":"Polygon","coordinates":[[[133.42193245484086,33.95875794802752],[133.42193245484086,33.967751151664764],[133.4309256584781,33.967751151664764],[133.4309256584781,33.95875794802752],[133.42193245484086,33.95875794802752]]]}},{"type":"Feature","properties":{"jobs":577,"pop":406,"pointCount":15,"homeWorkCommuteMedian":17637,"workHomeCommuteMedian":11847},"geometry":{"type":"Polygon","coordinates":[[[133.42193245484086,33.967751151664764],[133.42193245484086,33.97674435530201],[133.4309256584781,33.97674435530201],[133.4309256584781,33.967751151664764],[133.42193245484086,33.967751151664764]]]}},{"type":"Feature","properties":{"jobs":249,"pop":405,"pointCount":11,"homeWorkCommuteMedian":10588,"workHomeCommuteMedian":11471},"geometry":{"type":"Polygon","coordinates":[[[133.42193245484086,33.97674435530201],[133.42193245484086,33.985737558939256],[133.4309256584781,33.985737558939256],[133.4309256584781,33.97674435530201],[133.42193245484086,33.97674435530201]]]}},{"type":"Feature","properties":{"jobs":15,"pop":0,"pointCount":1,"homeWorkCommuteMedian":-1,"workHomeCommuteMedian":36277},"geometry":{"type":"Polygon","coordinates":[[[133.4309256584781,33.85983270801781],[133.4309256584781,33.86882591165506],[133.43991886211532,33.86882591165506],[133.43991886211532,33.85983270801781],[133.4309256584781,33.85983270801781]]]}},{"type":"Feature","properties":{"jobs":104,"pop":269,"pointCount":8,"homeWorkCommuteMedian":12467,"workHomeCommuteMedian":11777},"geometry":{"type":"Polygon","coordinates":[[[133.4309256584781,33.94976474439027],[133.4309256584781,33.95875794802752],[133.43991886211532,33.95875794802752],[133.43991886211532,33.94976474439027],[133.4309256584781,33.94976474439027]]]}},{"type":"Feature","properties":{"jobs":210,"pop":502,"pointCount":13,"homeWorkCommuteMedian":14431,"workHomeCommuteMedian":2077},"geometry":{"type":"Polygon","coordinates":[[[133.4309256584781,33.95875794802752],[133.4309256584781,33.967751151664764],[133.43991886211532,33.967751151664764],[133.43991886211532,33.95875794802752],[133.4309256584781,33.95875794802752]]]}},{"type":"Feature","properties":{"jobs":0,"pop":149,"pointCount":6,"homeWorkCommuteMedian":14458,"workHomeCommuteMedian":-1},"geometry":{"type":"Polygon","coordinates":[[[133.4309256584781,33.967751151664764],[133.4309256584781,33.97674435530201],[133.43991886211532,33.97674435530201],[133.43991886211532,33.967751151664764],[133.4309256584781,33.967751151664764]]]}},{"type":"Feature","properties":{"jobs":76,"pop":136,"pointCount":3,"homeWorkCommuteMedian":12535,"workHomeCommuteMedian":17309},"geometry":{"type":"Polygon","coordinates":[[[133.4309256584781,33.97674435530201],[133.4309256584781,33.985737558939256],[133.43991886211532,33.985737558939256],[133.43991886211532,33.97674435530201],[133.4309256584781,33.97674435530201]]]}},{"type":"Feature","properties":{"jobs":0,"pop":61,"pointCount":4,"homeWorkCommuteMedian":19192,"workHomeCommuteMedian":-1},"geometry":{"type":"Polygon","coordinates":[[[133.43991886211532,33.94976474439027],[133.43991886211532,33.95875794802752],[133.44891206575255,33.95875794802752],[133.44891206575255,33.94976474439027],[133.43991886211532,33.94976474439027]]]}},{"type":"Feature","properties":{"jobs":165,"pop":301,"pointCount":10,"homeWorkCommuteMedian":10768,"workHomeCommuteMedian":16817},"geometry":{"type":"Polygon","coordinates":[[[133.43991886211532,33.95875794802752],[133.43991886211532,33.967751151664764],[133.44891206575255,33.967751151664764],[133.44891206575255,33.95875794802752],[133.43991886211532,33.95875794802752]]]}},{"type":"Feature","properties":{"jobs":306,"pop":225,"pointCount":9,"homeWorkCommuteMedian":4836,"workHomeCommuteMedian":4977},"geometry":{"type":"Polygon","coordinates":[[[133.43991886211532,33.967751151664764],[133.43991886211532,33.97674435530201],[133.44891206575255,33.97674435530201],[133.44891206575255,33.967751151664764],[133.43991886211532,33.967751151664764]]]}},{"type":"Feature","properties":{"jobs":0,"pop":14,"pointCount":1,"homeWorkCommuteMedian":11469,"workHomeCommuteMedian":-1},"geometry":{"type":"Polygon","coordinates":[[[133.43991886211532,33.97674435530201],[133.43991886211532,33.985737558939256],[133.44891206575255,33.985737558939256],[133.44891206575255,33.97674435530201],[133.43991886211532,33.97674435530201]]]}},{"type":"Feature","properties":{"jobs":67,"pop":118,"pointCount":4,"homeWorkCommuteMedian":9434,"workHomeCommuteMedian":23989},"geometry":{"type":"Polygon","coordinates":[[[133.44891206575255,33.94976474439027],[133.44891206575255,33.95875794802752],[133.45790526938978,33.95875794802752],[133.45790526938978,33.94976474439027],[133.44891206575255,33.94976474439027]]]}},{"type":"Feature","properties":{"jobs":492,"pop":363,"pointCount":11,"homeWorkCommuteMedian":14337,"workHomeCommuteMedian":5278},"geometry":{"type":"Polygon","coordinates":[[[133.44891206575255,33.95875794802752],[133.44891206575255,33.967751151664764],[133.45790526938978,33.967751151664764],[133.45790526938978,33.95875794802752],[133.44891206575255,33.95875794802752]]]}},{"type":"Feature","properties":{"jobs":434,"pop":261,"pointCount":8,"homeWorkCommuteMedian":15450,"workHomeCommuteMedian":12708},"geometry":{"type":"Polygon","coordinates":[[[133.44891206575255,33.967751151664764],[133.44891206575255,33.97674435530201],[133.45790526938978,33.97674435530201],[133.45790526938978,33.967751151664764],[133.44891206575255,33.967751151664764]]]}},{"type":"Feature","properties":{"jobs":139,"pop":76,"pointCount":3,"homeWorkCommuteMedian":19126,"workHomeCommuteMedian":17115},"geometry":{"type":"Polygon","coordinates":[[[133.45790526938978,33.94976474439027],[133.45790526938978,33.95875794802752],[133.46689847302702,33.95875794802752],[133.46689847302702,33.94976474439027],[133.45790526938978,33.94976474439027]]]}},{"type":"Feature","properties":{"jobs":428,"pop":925,"pointCount":17,"homeWorkCommuteMedian":13863,"workHomeCommuteMedian":11058},"geometry":{"type":"Polygon","coordinates":[[[133.45790526938978,33.95875794802752],[133.45790526938978,33.967751151664764],[133.46689847302702,33.967751151664764],[133.46689847302702,33.95875794802752],[133.45790526938978,33.95875794802752]]]}},{"type":"Feature","properties":{"jobs":572,"pop":534,"pointCount":11,"homeWorkCommuteMedian":8036,"workHomeCommuteMedian":11162},"geometry":{"type":"Polygon","coordinates":[[[133.45790526938978,33.967751151664764],[133.45790526938978,33.97674435530201],[133.46689847302702,33.97674435530201],[133.46689847302702,33.967751151664764],[133.45790526938978,33.967751151664764]]]}},{"type":"Feature","properties":{"jobs":56,"pop":0,"pointCount":1,"homeWorkCommuteMedian":-1,"workHomeCommuteMedian":91156},"geometry":{"type":"Polygon","coordinates":[[[133.46689847302702,33.86882591165506],[133.46689847302702,33.877819115292304],[133.47589167666425,33.877819115292304],[133.47589167666425,33.86882591165506],[133.46689847302702,33.86882591165506]]]}},{"type":"Feature","properties":{"jobs":312,"pop":458,"pointCount":11,"homeWorkCommuteMedian":8065,"workHomeCommuteMedian":7270},"geometry":{"type":"Polygon","coordinates":[[[133.46689847302702,33.95875794802752],[133.46689847302702,33.967751151664764],[133.47589167666425,33.967751151664764],[133.47589167666425,33.95875794802752],[133.46689847302702,33.95875794802752]]]}},{"type":"Feature","properties":{"jobs":480,"pop":145,"pointCount":5,"homeWorkCommuteMedian":16772,"workHomeCommuteMedian":12229},"geometry":{"type":"Polygon","coordinates":[[[133.46689847302702,33.967751151664764],[133.46689847302702,33.97674435530201],[133.47589167666425,33.97674435530201],[133.47589167666425,33.967751151664764],[133.46689847302702,33.967751151664764]]]}},{"type":"Feature","properties":{"jobs":32,"pop":0,"pointCount":1,"homeWorkCommuteMedian":-1,"workHomeCommuteMedian":21554},"geometry":{"type":"Polygon","coordinates":[[[133.47589167666425,33.877819115292304],[133.47589167666425,33.88681231892955],[133.48488488030148,33.88681231892955],[133.48488488030148,33.877819115292304],[133.47589167666425,33.877819115292304]]]}},{"type":"Feature","properties":{"jobs":0,"pop":2,"pointCount":1,"homeWorkCommuteMedian":27656,"workHomeCommuteMedian":-1},"geometry":{"type":"Polygon","coordinates":[[[133.47589167666425,33.88681231892955],[133.47589167666425,33.895805522566796],[133.48488488030148,33.895805522566796],[133.48488488030148,33.88681231892955],[133.47589167666425,33.88681231892955]]]}},{"type":"Feature","properties":{"jobs":43,"pop":10,"pointCount":2,"homeWorkCommuteMedian":4545,"workHomeCommuteMedian":58916},"geometry":{"type":"Polygon","coordinates":[[[133.47589167666425,33.94976474439027],[133.47589167666425,33.95875794802752],[133.48488488030148,33.95875794802752],[133.48488488030148,33.94976474439027],[133.47589167666425,33.94976474439027]]]}},{"type":"Feature","properties":{"jobs":276,"pop":622,"pointCount":12,"homeWorkCommuteMedian":6134,"workHomeCommuteMedian":4754},"geometry":{"type":"Polygon","coordinates":[[[133.47589167666425,33.95875794802752],[133.47589167666425,33.967751151664764],[133.48488488030148,33.967751151664764],[133.48488488030148,33.95875794802752],[133.47589167666425,33.95875794802752]]]}},{"type":"Feature","properties":{"jobs":594,"pop":259,"pointCount":5,"homeWorkCommuteMedian":6632,"workHomeCommuteMedian":12191},"geometry":{"type":"Polygon","coordinates":[[[133.47589167666425,33.967751151664764],[133.47589167666425,33.97674435530201],[133.48488488030148,33.97674435530201],[133.48488488030148,33.967751151664764],[133.47589167666425,33.967751151664764]]]}},{"type":"Feature","properties":{"jobs":79,"pop":208,"pointCount":3,"homeWorkCommuteMedian":11221,"workHomeCommuteMedian":6532},"geometry":{"type":"Polygon","coordinates":[[[133.48488488030148,33.94976474439027],[133.48488488030148,33.95875794802752],[133.4938780839387,33.95875794802752],[133.4938780839387,33.94976474439027],[133.48488488030148,33.94976474439027]]]}},{"type":"Feature","properties":{"jobs":406,"pop":420,"pointCount":9,"homeWorkCommuteMedian":11284,"workHomeCommuteMedian":10993},"geometry":{"type":"Polygon","coordinates":[[[133.48488488030148,33.95875794802752],[133.48488488030148,33.967751151664764],[133.4938780839387,33.967751151664764],[133.4938780839387,33.95875794802752],[133.48488488030148,33.95875794802752]]]}},{"type":"Feature","properties":{"jobs":81,"pop":31,"pointCount":1,"homeWorkCommuteMedian":8508,"workHomeCommuteMedian":5095},"geometry":{"type":"Polygon","coordinates":[[[133.48488488030148,33.967751151664764],[133.48488488030148,33.97674435530201],[133.4938780839387,33.97674435530201],[133.4938780839387,33.967751151664764],[133.48488488030148,33.967751151664764]]]}},{"type":"Feature","properties":{"jobs":258,"pop":656,"pointCount":7,"homeWorkCommuteMedian":6965,"workHomeCommuteMedian":5937},"geometry":{"type":"Polygon","coordinates":[[[133.4938780839387,33.95875794802752],[133.4938780839387,33.967751151664764],[133.50287128757594,33.967751151664764],[133.50287128757594,33.95875794802752],[133.4938780839387,33.95875794802752]]]}},{"type":"Feature","properties":{"jobs":40,"pop":0,"pointCount":1,"homeWorkCommuteMedian":-1,"workHomeCommuteMedian":20220},"geometry":{"type":"Polygon","coordinates":[[[133.4938780839387,33.967751151664764],[133.4938780839387,33.97674435530201],[133.50287128757594,33.97674435530201],[133.50287128757594,33.967751151664764],[133.4938780839387,33.967751151664764]]]}},{"type":"Feature","properties":{"jobs":228,"pop":0,"pointCount":1,"homeWorkCommuteMedian":-1,"workHomeCommuteMedian":35786},"geometry":{"type":"Polygon","coordinates":[[[133.50287128757594,33.90479872620404],[133.50287128757594,33.91379192984129],[133.51186449121317,33.91379192984129],[133.51186449121317,33.90479872620404],[133.50287128757594,33.90479872620404]]]}},{"type":"Feature","properties":{"jobs":140,"pop":982,"pointCount":10,"homeWorkCommuteMedian":6056,"workHomeCommuteMedian":5838},"geometry":{"type":"Polygon","coordinates":[[[133.50287128757594,33.95875794802752],[133.50287128757594,33.967751151664764],[133.51186449121317,33.967751151664764],[133.51186449121317,33.95875794802752],[133.50287128757594,33.95875794802752]]]}},{"type":"Feature","properties":{"jobs":832,"pop":0,"pointCount":3,"homeWorkCommuteMedian":-1,"workHomeCommuteMedian":8257},"geometry":{"type":"Polygon","coordinates":[[[133.50287128757594,33.967751151664764],[133.50287128757594,33.97674435530201],[133.51186449121317,33.97674435530201],[133.51186449121317,33.967751151664764],[133.50287128757594,33.967751151664764]]]}},{"type":"Feature","properties":{"jobs":0,"pop":14,"pointCount":1,"homeWorkCommuteMedian":20791,"workHomeCommuteMedian":-1},"geometry":{"type":"Polygon","coordinates":[[[133.51186449121317,33.91379192984129],[133.51186449121317,33.922785133478534],[133.5208576948504,33.922785133478534],[133.5208576948504,33.91379192984129],[133.51186449121317,33.91379192984129]]]}},{"type":"Feature","properties":{"jobs":397,"pop":523,"pointCount":8,"homeWorkCommuteMedian":6891,"workHomeCommuteMedian":14906},"geometry":{"type":"Polygon","coordinates":[[[133.51186449121317,33.95875794802752],[133.51186449121317,33.967751151664764],[133.5208576948504,33.967751151664764],[133.5208576948504,33.95875794802752],[133.51186449121317,33.95875794802752]]]}},{"type":"Feature","properties":{"jobs":349,"pop":532,"pointCount":7,"homeWorkCommuteMedian":4961,"workHomeCommuteMedian":12888},"geometry":{"type":"Polygon","coordinates":[[[133.51186449121317,33.967751151664764],[133.51186449121317,33.97674435530201],[133.5208576948504,33.97674435530201],[133.5208576948504,33.967751151664764],[133.51186449121317,33.967751151664764]]]}},{"type":"Feature","properties":{"jobs":83,"pop":0,"pointCount":1,"homeWorkCommuteMedian":-1,"workHomeCommuteMedian":11371},"geometry":{"type":"Polygon","coordinates":[[[133.5208576948504,33.922785133478534],[133.5208576948504,33.93177833711578],[133.52985089848764,33.93177833711578],[133.52985089848764,33.922785133478534],[133.5208576948504,33.922785133478534]]]}},{"type":"Feature","properties":{"jobs":0,"pop":11,"pointCount":1,"homeWorkCommuteMedian":31063,"workHomeCommuteMedian":-1},"geometry":{"type":"Polygon","coordinates":[[[133.5208576948504,33.93177833711578],[133.5208576948504,33.940771540753026],[133.52985089848764,33.940771540753026],[133.52985089848764,33.93177833711578],[133.5208576948504,33.93177833711578]]]}},{"type":"Feature","properties":{"jobs":27,"pop":167,"pointCount":3,"homeWorkCommuteMedian":27808,"workHomeCommuteMedian":9331},"geometry":{"type":"Polygon","coordinates":[[[133.5208576948504,33.95875794802752],[133.5208576948504,33.967751151664764],[133.52985089848764,33.967751151664764],[133.52985089848764,33.95875794802752],[133.5208576948504,33.95875794802752]]]}},{"type":"Feature","properties":{"jobs":747,"pop":1024,"pointCount":11,"homeWorkCommuteMedian":6040,"workHomeCommuteMedian":5946},"geometry":{"type":"Polygon","coordinates":[[[133.5208576948504,33.967751151664764],[133.5208576948504,33.97674435530201],[133.52985089848764,33.97674435530201],[133.52985089848764,33.967751151664764],[133.5208576948504,33.967751151664764]]]}},{"type":"Feature","properties":{"jobs":364,"pop":0,"pointCount":2,"homeWorkCommuteMedian":-1,"workHomeCommuteMedian":5934},"geometry":{"type":"Polygon","coordinates":[[[133.5208576948504,33.97674435530201],[133.5208576948504,33.985737558939256],[133.52985089848764,33.985737558939256],[133.52985089848764,33.97674435530201],[133.5208576948504,33.97674435530201]]]}},{"type":"Feature","properties":{"jobs":34,"pop":0,"pointCount":1,"homeWorkCommuteMedian":-1,"workHomeCommuteMedian":12534},"geometry":{"type":"Polygon","coordinates":[[[133.52985089848764,33.93177833711578],[133.52985089848764,33.940771540753026],[133.53884410212487,33.940771540753026],[133.53884410212487,33.93177833711578],[133.52985089848764,33.93177833711578]]]}},{"type":"Feature","properties":{"jobs":288,"pop":472,"pointCount":4,"homeWorkCommuteMedian":6439,"workHomeCommuteMedian":3261},"geometry":{"type":"Polygon","coordinates":[[[133.52985089848764,33.95875794802752],[133.52985089848764,33.967751151664764],[133.53884410212487,33.967751151664764],[133.53884410212487,33.95875794802752],[133.52985089848764,33.95875794802752]]]}},{"type":"Feature","properties":{"jobs":932,"pop":1244,"pointCount":13,"homeWorkCommuteMedian":5771,"workHomeCommuteMedian":5617},"geometry":{"type":"Polygon","coordinates":[[[133.52985089848764,33.967751151664764],[133.52985089848764,33.97674435530201],[133.53884410212487,33.97674435530201],[133.53884410212487,33.967751151664764],[133.52985089848764,33.967751151664764]]]}},{"type":"Feature","properties":{"jobs":2388,"pop":1185,"pointCount":14,"homeWorkCommuteMedian":5521,"workHomeCommuteMedian":6415},"geometry":{"type":"Polygon","coordinates":[[[133.52985089848764,33.97674435530201],[133.52985089848764,33.985737558939256],[133.53884410212487,33.985737558939256],[133.53884410212487,33.97674435530201],[133.52985089848764,33.97674435530201]]]}},{"type":"Feature","properties":{"jobs":66,"pop":0,"pointCount":1,"homeWorkCommuteMedian":-1,"workHomeCommuteMedian":40272},"geometry":{"type":"Polygon","coordinates":[[[133.53884410212487,33.90479872620404],[133.53884410212487,33.91379192984129],[133.5478373057621,33.91379192984129],[133.5478373057621,33.90479872620404],[133.53884410212487,33.90479872620404]]]}},{"type":"Feature","properties":{"jobs":0,"pop":2,"pointCount":1,"homeWorkCommuteMedian":13564,"workHomeCommuteMedian":-1},"geometry":{"type":"Polygon","coordinates":[[[133.53884410212487,33.91379192984129],[133.53884410212487,33.922785133478534],[133.5478373057621,33.922785133478534],[133.5478373057621,33.91379192984129],[133.53884410212487,33.91379192984129]]]}},{"type":"Feature","properties":{"jobs":12,"pop":0,"pointCount":1,"homeWorkCommuteMedian":-1,"workHomeCommuteMedian":13826},"geometry":{"type":"Polygon","coordinates":[[[133.53884410212487,33.95875794802752],[133.53884410212487,33.967751151664764],[133.5478373057621,33.967751151664764],[133.5478373057621,33.95875794802752],[133.53884410212487,33.95875794802752]]]}},{"type":"Feature","properties":{"jobs":753,"pop":1193,"pointCount":21,"homeWorkCommuteMedian":4789,"workHomeCommuteMedian":5895},"geometry":{"type":"Polygon","coordinates":[[[133.53884410212487,33.967751151664764],[133.53884410212487,33.97674435530201],[133.5478373057621,33.97674435530201],[133.5478373057621,33.967751151664764],[133.53884410212487,33.967751151664764]]]}},{"type":"Feature","properties":{"jobs":2716,"pop":1416,"pointCount":15,"homeWorkCommuteMedian":5391,"workHomeCommuteMedian":4950},"geometry":{"type":"Polygon","coordinates":[[[133.53884410212487,33.97674435530201],[133.53884410212487,33.985737558939256],[133.5478373057621,33.985737558939256],[133.5478373057621,33.97674435530201],[133.53884410212487,33.97674435530201]]]}},{"type":"Feature","properties":{"jobs":482,"pop":44,"pointCount":3,"homeWorkCommuteMedian":172,"workHomeCommuteMedian":6122},"geometry":{"type":"Polygon","coordinates":[[[133.53884410212487,33.985737558939256],[133.53884410212487,33.9947307625765],[133.5478373057621,33.9947307625765],[133.5478373057621,33.985737558939256],[133.53884410212487,33.985737558939256]]]}},{"type":"Feature","properties":{"jobs":457,"pop":0,"pointCount":1,"homeWorkCommuteMedian":-1,"workHomeCommuteMedian":7404},"geometry":{"type":"Polygon","coordinates":[[[133.53884410212487,33.9947307625765],[133.53884410212487,34.00372396621375],[133.5478373057621,34.00372396621375],[133.5478373057621,33.9947307625765],[133.53884410212487,33.9947307625765]]]}},{"type":"Feature","properties":{"jobs":459,"pop":1253,"pointCount":17,"homeWorkCommuteMedian":4028,"workHomeCommuteMedian":5919},"geometry":{"type":"Polygon","coordinates":[[[133.5478373057621,33.967751151664764],[133.5478373057621,33.97674435530201],[133.55683050939933,33.97674435530201],[133.55683050939933,33.967751151664764],[133.5478373057621,33.967751151664764]]]}},{"type":"Feature","properties":{"jobs":2298,"pop":1963,"pointCount":23,"homeWorkCommuteMedian":4766,"workHomeCommuteMedian":5496},"geometry":{"type":"Polygon","coordinates":[[[133.5478373057621,33.97674435530201],[133.5478373057621,33.985737558939256],[133.55683050939933,33.985737558939256],[133.55683050939933,33.97674435530201],[133.5478373057621,33.97674435530201]]]}},{"type":"Feature","properties":{"jobs":2896,"pop":847,"pointCount":7,"homeWorkCommuteMedian":3334,"workHomeCommuteMedian":5053},"geometry":{"type":"Polygon","coordinates":[[[133.5478373057621,33.985737558939256],[133.5478373057621,33.9947307625765],[133.55683050939933,33.9947307625765],[133.55683050939933,33.985737558939256],[133.5478373057621,33.985737558939256]]]}},{"type":"Feature","properties":{"jobs":494,"pop":0,"pointCount":3,"homeWorkCommuteMedian":-1,"workHomeCommuteMedian":8351},"geometry":{"type":"Polygon","coordinates":[[[133.5478373057621,33.9947307625765],[133.5478373057621,34.00372396621375],[133.55683050939933,34.00372396621375],[133.55683050939933,33.9947307625765],[133.5478373057621,33.9947307625765]]]}},{"type":"Feature","properties":{"jobs":266,"pop":0,"pointCount":1,"homeWorkCommuteMedian":-1,"workHomeCommuteMedian":5163},"geometry":{"type":"Polygon","coordinates":[[[133.5478373057621,34.00372396621375],[133.5478373057621,34.012717169850994],[133.55683050939933,34.012717169850994],[133.55683050939933,34.00372396621375],[133.5478373057621,34.00372396621375]]]}},{"type":"Feature","properties":{"jobs":43,"pop":189,"pointCount":4,"homeWorkCommuteMedian":6720,"workHomeCommuteMedian":25049},"geometry":{"type":"Polygon","coordinates":[[[133.55683050939933,33.967751151664764],[133.55683050939933,33.97674435530201],[133.56582371303656,33.97674435530201],[133.56582371303656,33.967751151664764],[133.55683050939933,33.967751151664764]]]}},{"type":"Feature","properties":{"jobs":1180,"pop":1863,"pointCount":19,"homeWorkCommuteMedian":4277,"workHomeCommuteMedian":4198},"geometry":{"type":"Polygon","coordinates":[[[133.55683050939933,33.97674435530201],[133.55683050939933,33.985737558939256],[133.56582371303656,33.985737558939256],[133.56582371303656,33.97674435530201],[133.55683050939933,33.97674435530201]]]}},{"type":"Feature","properties":{"jobs":1449,"pop":713,"pointCount":15,"homeWorkCommuteMedian":3690,"workHomeCommuteMedian":3945},"geometry":{"type":"Polygon","coordinates":[[[133.55683050939933,33.985737558939256],[133.55683050939933,33.9947307625765],[133.56582371303656,33.9947307625765],[133.56582371303656,33.985737558939256],[133.55683050939933,33.985737558939256]]]}},{"type":"Feature","properties":{"jobs":1178,"pop":790,"pointCount":15,"homeWorkCommuteMedian":3679,"workHomeCommuteMedian":5751},"geometry":{"type":"Polygon","coordinates":[[[133.55683050939933,33.9947307625765],[133.55683050939933,34.00372396621375],[133.56582371303656,34.00372396621375],[133.56582371303656,33.9947307625765],[133.55683050939933,33.9947307625765]]]}},{"type":"Feature","properties":{"jobs":14,"pop":62,"pointCount":3,"homeWorkCommuteMedian":2080,"workHomeCommuteMedian":9694},"geometry":{"type":"Polygon","coordinates":[[[133.55683050939933,34.00372396621375],[133.55683050939933,34.012717169850994],[133.56582371303656,34.012717169850994],[133.56582371303656,34.00372396621375],[133.55683050939933,34.00372396621375]]]}},{"type":"Feature","properties":{"jobs":19,"pop":198,"pointCount":8,"homeWorkCommuteMedian":6970,"workHomeCommuteMedian":100216},"geometry":{"type":"Polygon","coordinates":[[[133.56582371303656,33.967751151664764],[133.56582371303656,33.97674435530201],[133.5748169166738,33.97674435530201],[133.5748169166738,33.967751151664764],[133.56582371303656,33.967751151664764]]]}},{"type":"Feature","properties":{"jobs":206,"pop":1082,"pointCount":9,"homeWorkCommuteMedian":4502,"workHomeCommuteMedian":4771},"geometry":{"type":"Polygon","coordinates":[[[133.56582371303656,33.97674435530201],[133.56582371303656,33.985737558939256],[133.5748169166738,33.985737558939256],[133.5748169166738,33.97674435530201],[133.56582371303656,33.97674435530201]]]}},{"type":"Feature","properties":{"jobs":1341,"pop":978,"pointCount":9,"homeWorkCommuteMedian":3135,"workHomeCommuteMedian":3560},"geometry":{"type":"Polygon","coordinates":[[[133.56582371303656,33.985737558939256],[133.56582371303656,33.9947307625765],[133.5748169166738,33.9947307625765],[133.5748169166738,33.985737558939256],[133.56582371303656,33.985737558939256]]]}},{"type":"Feature","properties":{"jobs":836,"pop":879,"pointCount":13,"homeWorkCommuteMedian":3406,"workHomeCommuteMedian":3604},"geometry":{"type":"Polygon","coordinates":[[[133.56582371303656,33.9947307625765],[133.56582371303656,34.00372396621375],[133.5748169166738,34.00372396621375],[133.5748169166738,33.9947307625765],[133.56582371303656,33.9947307625765]]]}},{"type":"Feature","properties":{"jobs":87,"pop":1227,"pointCount":15,"homeWorkCommuteMedian":2776,"workHomeCommuteMedian":5174},"geometry":{"type":"Polygon","coordinates":[[[133.56582371303656,34.00372396621375],[133.56582371303656,34.012717169850994],[133.5748169166738,34.012717169850994],[133.5748169166738,34.00372396621375],[133.56582371303656,34.00372396621375]]]}},{"type":"Feature","properties":{"jobs":777,"pop":1337,"pointCount":14,"homeWorkCommuteMedian":3472,"workHomeCommuteMedian":8606},"geometry":{"type":"Polygon","coordinates":[[[133.56582371303656,34.012717169850994],[133.56582371303656,34.02171037348824],[133.5748169166738,34.02171037348824],[133.5748169166738,34.012717169850994],[133.56582371303656,34.012717169850994]]]}},{"type":"Feature","properties":{"jobs":0,"pop":215,"pointCount":2,"homeWorkCommuteMedian":7872,"workHomeCommuteMedian":-1},"geometry":{"type":"Polygon","coordinates":[[[133.5748169166738,33.967751151664764],[133.5748169166738,33.97674435530201],[133.58381012031103,33.97674435530201],[133.58381012031103,33.967751151664764],[133.5748169166738,33.967751151664764]]]}},{"type":"Feature","properties":{"jobs":436,"pop":812,"pointCount":9,"homeWorkCommuteMedian":4732,"workHomeCommuteMedian":4415},"geometry":{"type":"Polygon","coordinates":[[[133.5748169166738,33.97674435530201],[133.5748169166738,33.985737558939256],[133.58381012031103,33.985737558939256],[133.58381012031103,33.97674435530201],[133.5748169166738,33.97674435530201]]]}},{"type":"Feature","properties":{"jobs":1485,"pop":1458,"pointCount":14,"homeWorkCommuteMedian":3902,"workHomeCommuteMedian":3832},"geometry":{"type":"Polygon","coordinates":[[[133.5748169166738,33.985737558939256],[133.5748169166738,33.9947307625765],[133.58381012031103,33.9947307625765],[133.58381012031103,33.985737558939256],[133.5748169166738,33.985737558939256]]]}},{"type":"Feature","properties":{"jobs":2412,"pop":2253,"pointCount":18,"homeWorkCommuteMedian":4111,"workHomeCommuteMedian":3923},"geometry":{"type":"Polygon","coordinates":[[[133.5748169166738,33.9947307625765],[133.5748169166738,34.00372396621375],[133.58381012031103,34.00372396621375],[133.58381012031103,33.9947307625765],[133.5748169166738,33.9947307625765]]]}},{"type":"Feature","properties":{"jobs":3396,"pop":1835,"pointCount":13,"homeWorkCommuteMedian":3185,"workHomeCommuteMedian":5647},"geometry":{"type":"Polygon","coordinates":[[[133.5748169166738,34.00372396621375],[133.5748169166738,34.012717169850994],[133.58381012031103,34.012717169850994],[133.58381012031103,34.00372396621375],[133.5748169166738,34.00372396621375]]]}},{"type":"Feature","properties":{"jobs":1860,"pop":903,"pointCount":14,"homeWorkCommuteMedian":3944,"workHomeCommuteMedian":5935},"geometry":{"type":"Polygon","coordinates":[[[133.5748169166738,34.012717169850994],[133.5748169166738,34.02171037348824],[133.58381012031103,34.02171037348824],[133.58381012031103,34.012717169850994],[133.5748169166738,34.012717169850994]]]}},{"type":"Feature","properties":{"jobs":1859,"pop":199,"pointCount":5,"homeWorkCommuteMedian":7389,"workHomeCommuteMedian":6257},"geometry":{"type":"Polygon","coordinates":[[[133.5748169166738,34.02171037348824],[133.5748169166738,34.030703577125486],[133.58381012031103,34.030703577125486],[133.58381012031103,34.02171037348824],[133.5748169166738,34.02171037348824]]]}},{"type":"Feature","properties":{"jobs":0,"pop":25,"pointCount":2,"homeWorkCommuteMedian":10226,"workHomeCommuteMedian":-1},"geometry":{"type":"Polygon","coordinates":[[[133.58381012031103,33.95875794802752],[133.58381012031103,33.967751151664764],[133.59280332394826,33.967751151664764],[133.59280332394826,33.95875794802752],[133.58381012031103,33.95875794802752]]]}},{"type":"Feature","properties":{"jobs":7,"pop":28,"pointCount":2,"homeWorkCommuteMedian":2957,"workHomeCommuteMedian":5282},"geometry":{"type":"Polygon","coordinates":[[[133.58381012031103,33.967751151664764],[133.58381012031103,33.97674435530201],[133.59280332394826,33.97674435530201],[133.59280332394826,33.967751151664764],[133.58381012031103,33.967751151664764]]]}},{"type":"Feature","properties":{"jobs":160,"pop":116,"pointCount":4,"homeWorkCommuteMedian":7081,"workHomeCommuteMedian":4362},"geometry":{"type":"Polygon","coordinates":[[[133.58381012031103,33.97674435530201],[133.58381012031103,33.985737558939256],[133.59280332394826,33.985737558939256],[133.59280332394826,33.97674435530201],[133.58381012031103,33.97674435530201]]]}},{"type":"Feature","properties":{"jobs":1774,"pop":577,"pointCount":12,"homeWorkCommuteMedian":4113,"workHomeCommuteMedian":4963},"geometry":{"type":"Polygon","coordinates":[[[133.58381012031103,33.985737558939256],[133.58381012031103,33.9947307625765],[133.59280332394826,33.9947307625765],[133.59280332394826,33.985737558939256],[133.58381012031103,33.985737558939256]]]}},{"type":"Feature","properties":{"jobs":515,"pop":899,"pointCount":8,"homeWorkCommuteMedian":3864,"workHomeCommuteMedian":6415},"geometry":{"type":"Polygon","coordinates":[[[133.58381012031103,33.9947307625765],[133.58381012031103,34.00372396621375],[133.59280332394826,34.00372396621375],[133.59280332394826,33.9947307625765],[133.58381012031103,33.9947307625765]]]}},{"type":"Feature","properties":{"jobs":1790,"pop":1819,"pointCount":20,"homeWorkCommuteMedian":4718,"workHomeCommuteMedian":6738},"geometry":{"type":"Polygon","coordinates":[[[133.58381012031103,34.00372396621375],[133.58381012031103,34.012717169850994],[133.59280332394826,34.012717169850994],[133.59280332394826,34.00372396621375],[133.58381012031103,34.00372396621375]]]}},{"type":"Feature","properties":{"jobs":68,"pop":239,"pointCount":3,"homeWorkCommuteMedian":3755,"workHomeCommuteMedian":19179},"geometry":{"type":"Polygon","coordinates":[[[133.58381012031103,34.012717169850994],[133.58381012031103,34.02171037348824],[133.59280332394826,34.02171037348824],[133.59280332394826,34.012717169850994],[133.58381012031103,34.012717169850994]]]}},{"type":"Feature","properties":{"jobs":68,"pop":85,"pointCount":2,"homeWorkCommuteMedian":8891,"workHomeCommuteMedian":4111},"geometry":{"type":"Polygon","coordinates":[[[133.58381012031103,34.02171037348824],[133.58381012031103,34.030703577125486],[133.59280332394826,34.030703577125486],[133.59280332394826,34.02171037348824],[133.58381012031103,34.02171037348824]]]}},{"type":"Feature","properties":{"jobs":111,"pop":63,"pointCount":4,"homeWorkCommuteMedian":3862,"workHomeCommuteMedian":8757},"geometry":{"type":"Polygon","coordinates":[[[133.58381012031103,34.030703577125486],[133.58381012031103,34.03969678076273],[133.59280332394826,34.03969678076273],[133.59280332394826,34.030703577125486],[133.58381012031103,34.030703577125486]]]}},{"type":"Feature","properties":{"jobs":64,"pop":282,"pointCount":9,"homeWorkCommuteMedian":5294,"workHomeCommuteMedian":30202},"geometry":{"type":"Polygon","coordinates":[[[133.59280332394826,33.97674435530201],[133.59280332394826,33.985737558939256],[133.6017965275855,33.985737558939256],[133.6017965275855,33.97674435530201],[133.59280332394826,33.97674435530201]]]}},{"type":"Feature","properties":{"jobs":418,"pop":610,"pointCount":10,"homeWorkCommuteMedian":4640,"workHomeCommuteMedian":3745},"geometry":{"type":"Polygon","coordinates":[[[133.59280332394826,33.985737558939256],[133.59280332394826,33.9947307625765],[133.6017965275855,33.9947307625765],[133.6017965275855,33.985737558939256],[133.59280332394826,33.985737558939256]]]}},{"type":"Feature","properties":{"jobs":56,"pop":147,"pointCount":3,"homeWorkCommuteMedian":7927,"workHomeCommuteMedian":7908},"geometry":{"type":"Polygon","coordinates":[[[133.59280332394826,33.9947307625765],[133.59280332394826,34.00372396621375],[133.6017965275855,34.00372396621375],[133.6017965275855,33.9947307625765],[133.59280332394826,33.9947307625765]]]}},{"type":"Feature","properties":{"jobs":306,"pop":137,"pointCount":7,"homeWorkCommuteMedian":5255,"workHomeCommuteMedian":27307},"geometry":{"type":"Polygon","coordinates":[[[133.59280332394826,34.00372396621375],[133.59280332394826,34.012717169850994],[133.6017965275855,34.012717169850994],[133.6017965275855,34.00372396621375],[133.59280332394826,34.00372396621375]]]}},{"type":"Feature","properties":{"jobs":143,"pop":308,"pointCount":6,"homeWorkCommuteMedian":4165,"workHomeCommuteMedian":7112},"geometry":{"type":"Polygon","coordinates":[[[133.59280332394826,34.012717169850994],[133.59280332394826,34.02171037348824],[133.6017965275855,34.02171037348824],[133.6017965275855,34.012717169850994],[133.59280332394826,34.012717169850994]]]}},{"type":"Feature","properties":{"jobs":0,"pop":21,"pointCount":1,"homeWorkCommuteMedian":10916,"workHomeCommuteMedian":-1},"geometry":{"type":"Polygon","coordinates":[[[133.59280332394826,34.02171037348824],[133.59280332394826,34.030703577125486],[133.6017965275855,34.030703577125486],[133.6017965275855,34.02171037348824],[133.59280332394826,34.02171037348824]]]}},{"type":"Feature","properties":{"jobs":73,"pop":75,"pointCount":4,"homeWorkCommuteMedian":7705,"workHomeCommuteMedian":9179},"geometry":{"type":"Polygon","coordinates":[[[133.59280332394826,34.030703577125486],[133.59280332394826,34.03969678076273],[133.6017965275855,34.03969678076273],[133.6017965275855,34.030703577125486],[133.59280332394826,34.030703577125486]]]}},{"type":"Feature","properties":{"jobs":182,"pop":0,"pointCount":1,"homeWorkCommuteMedian":-1,"workHomeCommuteMedian":6737},"geometry":{"type":"Polygon","coordinates":[[[133.59280332394826,34.03969678076273],[133.59280332394826,34.04868998439998],[133.6017965275855,34.04868998439998],[133.6017965275855,34.03969678076273],[133.59280332394826,34.03969678076273]]]}},{"type":"Feature","properties":{"jobs":0,"pop":127,"pointCount":2,"homeWorkCommuteMedian":5308,"workHomeCommuteMedian":-1},"geometry":{"type":"Polygon","coordinates":[[[133.6017965275855,33.97674435530201],[133.6017965275855,33.985737558939256],[133.61078973122272,33.985737558939256],[133.61078973122272,33.97674435530201],[133.6017965275855,33.97674435530201]]]}},{"type":"Feature","properties":{"jobs":117,"pop":374,"pointCount":9,"homeWorkCommuteMedian":6376,"workHomeCommuteMedian":8158},"geometry":{"type":"Polygon","coordinates":[[[133.6017965275855,33.985737558939256],[133.6017965275855,33.9947307625765],[133.61078973122272,33.9947307625765],[133.61078973122272,33.985737558939256],[133.6017965275855,33.985737558939256]]]}},{"type":"Feature","properties":{"jobs":13,"pop":132,"pointCount":6,"homeWorkCommuteMedian":7209,"workHomeCommuteMedian":12440},"geometry":{"type":"Polygon","coordinates":[[[133.6017965275855,33.9947307625765],[133.6017965275855,34.00372396621375],[133.61078973122272,34.00372396621375],[133.61078973122272,33.9947307625765],[133.6017965275855,33.9947307625765]]]}},{"type":"Feature","properties":{"jobs":130,"pop":196,"pointCount":9,"homeWorkCommuteMedian":6461,"workHomeCommuteMedian":6785},"geometry":{"type":"Polygon","coordinates":[[[133.6017965275855,34.012717169850994],[133.6017965275855,34.02171037348824],[133.61078973122272,34.02171037348824],[133.61078973122272,34.012717169850994],[133.6017965275855,34.012717169850994]]]}},{"type":"Feature","properties":{"jobs":0,"pop":15,"pointCount":1,"homeWorkCommuteMedian":25654,"workHomeCommuteMedian":-1},"geometry":{"type":"Polygon","coordinates":[[[133.61078973122272,33.940771540753026],[133.61078973122272,33.94976474439027],[133.61978293485996,33.94976474439027],[133.61978293485996,33.940771540753026],[133.61078973122272,33.940771540753026]]]}},{"type":"Feature","properties":{"jobs":0,"pop":17,"pointCount":1,"homeWorkCommuteMedian":10874,"workHomeCommuteMedian":-1},"geometry":{"type":"Polygon","coordinates":[[[133.61078973122272,33.94976474439027],[133.61078973122272,33.95875794802752],[133.61978293485996,33.95875794802752],[133.61978293485996,33.94976474439027],[133.61078973122272,33.94976474439027]]]}},{"type":"Feature","properties":{"jobs":27,"pop":124,"pointCount":3,"homeWorkCommuteMedian":8790,"workHomeCommuteMedian":9446},"geometry":{"type":"Polygon","coordinates":[[[133.61078973122272,33.97674435530201],[133.61078973122272,33.985737558939256],[133.61978293485996,33.985737558939256],[133.61978293485996,33.97674435530201],[133.61078973122272,33.97674435530201]]]}},{"type":"Feature","properties":{"jobs":104,"pop":104,"pointCount":6,"homeWorkCommuteMedian":5346,"workHomeCommuteMedian":7016},"geometry":{"type":"Polygon","coordinates":[[[133.61078973122272,33.985737558939256],[133.61078973122272,33.9947307625765],[133.61978293485996,33.9947307625765],[133.61978293485996,33.985737558939256],[133.61078973122272,33.985737558939256]]]}},{"type":"Feature","properties":{"jobs":0,"pop":87,"pointCount":4,"homeWorkCommuteMedian":14126,"workHomeCommuteMedian":-1},"geometry":{"type":"Polygon","coordinates":[[[133.61078973122272,33.9947307625765],[133.61078973122272,34.00372396621375],[133.61978293485996,34.00372396621375],[133.61978293485996,33.9947307625765],[133.61078973122272,33.9947307625765]]]}},{"type":"Feature","properties":{"jobs":0,"pop":45,"pointCount":3,"homeWorkCommuteMedian":6089,"workHomeCommuteMedian":-1},"geometry":{"type":"Polygon","coordinates":[[[133.61078973122272,34.00372396621375],[133.61078973122272,34.012717169850994],[133.61978293485996,34.012717169850994],[133.61978293485996,34.00372396621375],[133.61078973122272,34.00372396621375]]]}},{"type":"Feature","properties":{"jobs":63,"pop":41,"pointCount":3,"homeWorkCommuteMedian":8879,"workHomeCommuteMedian":7756},"geometry":{"type":"Polygon","coordinates":[[[133.61078973122272,34.012717169850994],[133.61078973122272,34.02171037348824],[133.61978293485996,34.02171037348824],[133.61978293485996,34.012717169850994],[133.61078973122272,34.012717169850994]]]}},{"type":"Feature","properties":{"jobs":0,"pop":44,"pointCount":2,"homeWorkCommuteMedian":8904,"workHomeCommuteMedian":-1},"geometry":{"type":"Polygon","coordinates":[[[133.61978293485996,33.97674435530201],[133.61978293485996,33.985737558939256],[133.6287761384972,33.985737558939256],[133.6287761384972,33.97674435530201],[133.61978293485996,33.97674435530201]]]}},{"type":"Feature","properties":{"jobs":64,"pop":132,"pointCount":7,"homeWorkCommuteMedian":6654,"workHomeCommuteMedian":6457},"geometry":{"type":"Polygon","coordinates":[[[133.61978293485996,33.985737558939256],[133.61978293485996,33.9947307625765],[133.6287761384972,33.9947307625765],[133.6287761384972,33.985737558939256],[133.61978293485996,33.985737558939256]]]}},{"type":"Feature","properties":{"jobs":0,"pop":25,"pointCount":1,"homeWorkCommuteMedian":9538,"workHomeCommuteMedian":-1},"geometry":{"type":"Polygon","coordinates":[[[133.61978293485996,34.00372396621375],[133.61978293485996,34.012717169850994],[133.6287761384972,34.012717169850994],[133.6287761384972,34.00372396621375],[133.61978293485996,34.00372396621375]]]}},{"type":"Feature","properties":{"jobs":18,"pop":49,"pointCount":2,"homeWorkCommuteMedian":18181,"workHomeCommuteMedian":15018},"geometry":{"type":"Polygon","coordinates":[[[133.6287761384972,33.93177833711578],[133.6287761384972,33.940771540753026],[133.63776934213442,33.940771540753026],[133.63776934213442,33.93177833711578],[133.6287761384972,33.93177833711578]]]}},{"type":"Feature","properties":{"jobs":0,"pop":18,"pointCount":1,"homeWorkCommuteMedian":12628,"workHomeCommuteMedian":-1},"geometry":{"type":"Polygon","coordinates":[[[133.6287761384972,33.94976474439027],[133.6287761384972,33.95875794802752],[133.63776934213442,33.95875794802752],[133.63776934213442,33.94976474439027],[133.6287761384972,33.94976474439027]]]}},{"type":"Feature","properties":{"jobs":0,"pop":13,"pointCount":1,"homeWorkCommuteMedian":9694,"workHomeCommuteMedian":-1},"geometry":{"type":"Polygon","coordinates":[[[133.6287761384972,33.97674435530201],[133.6287761384972,33.985737558939256],[133.63776934213442,33.985737558939256],[133.63776934213442,33.97674435530201],[133.6287761384972,33.97674435530201]]]}},{"type":"Feature","properties":{"jobs":128,"pop":108,"pointCount":8,"homeWorkCommuteMedian":9096,"workHomeCommuteMedian":8063},"geometry":{"type":"Polygon","coordinates":[[[133.6287761384972,33.985737558939256],[133.6287761384972,33.9947307625765],[133.63776934213442,33.9947307625765],[133.63776934213442,33.985737558939256],[133.6287761384972,33.985737558939256]]]}},{"type":"Feature","properties":{"jobs":0,"pop":172,"pointCount":3,"homeWorkCommuteMedian":7102,"workHomeCommuteMedian":-1},"geometry":{"type":"Polygon","coordinates":[[[133.6287761384972,33.9947307625765],[133.6287761384972,34.00372396621375],[133.63776934213442,34.00372396621375],[133.63776934213442,33.9947307625765],[133.6287761384972,33.9947307625765]]]}},{"type":"Feature","properties":{"jobs":17,"pop":0,"pointCount":1,"homeWorkCommuteMedian":-1,"workHomeCommuteMedian":10169},"geometry":{"type":"Polygon","coordinates":[[[133.6287761384972,34.00372396621375],[133.6287761384972,34.012717169850994],[133.63776934213442,34.012717169850994],[133.63776934213442,34.00372396621375],[133.6287761384972,34.00372396621375]]]}},{"type":"Feature","properties":{"jobs":21,"pop":21,"pointCount":2,"homeWorkCommuteMedian":15222,"workHomeCommuteMedian":36338},"geometry":{"type":"Polygon","coordinates":[[[133.6287761384972,34.012717169850994],[133.6287761384972,34.02171037348824],[133.63776934213442,34.02171037348824],[133.63776934213442,34.012717169850994],[133.6287761384972,34.012717169850994]]]}},{"type":"Feature","properties":{"jobs":0,"pop":18,"pointCount":1,"homeWorkCommuteMedian":12110,"workHomeCommuteMedian":-1},"geometry":{"type":"Polygon","coordinates":[[[133.6287761384972,34.02171037348824],[133.6287761384972,34.030703577125486],[133.63776934213442,34.030703577125486],[133.63776934213442,34.02171037348824],[133.6287761384972,34.02171037348824]]]}},{"type":"Feature","properties":{"jobs":27,"pop":31,"pointCount":2,"homeWorkCommuteMedian":20126,"workHomeCommuteMedian":101206},"geometry":{"type":"Polygon","coordinates":[[[133.63776934213442,33.91379192984129],[133.63776934213442,33.922785133478534],[133.64676254577165,33.922785133478534],[133.64676254577165,33.91379192984129],[133.63776934213442,33.91379192984129]]]}},{"type":"Feature","properties":{"jobs":102,"pop":0,"pointCount":3,"homeWorkCommuteMedian":-1,"workHomeCommuteMedian":105490},"geometry":{"type":"Polygon","coordinates":[[[133.63776934213442,33.922785133478534],[133.63776934213442,33.93177833711578],[133.64676254577165,33.93177833711578],[133.64676254577165,33.922785133478534],[133.63776934213442,33.922785133478534]]]}},{"type":"Feature","properties":{"jobs":129,"pop":81,"pointCount":7,"homeWorkCommuteMedian":15524,"workHomeCommuteMedian":15240},"geometry":{"type":"Polygon","coordinates":[[[133.63776934213442,33.940771540753026],[133.63776934213442,33.94976474439027],[133.64676254577165,33.94976474439027],[133.64676254577165,33.940771540753026],[133.63776934213442,33.940771540753026]]]}},{"type":"Feature","properties":{"jobs":25,"pop":43,"pointCount":2,"homeWorkCommuteMedian":17894,"workHomeCommuteMedian":146652},"geometry":{"type":"Polygon","coordinates":[[[133.63776934213442,33.94976474439027],[133.63776934213442,33.95875794802752],[133.64676254577165,33.95875794802752],[133.64676254577165,33.94976474439027],[133.63776934213442,33.94976474439027]]]}},{"type":"Feature","properties":{"jobs":0,"pop":10,"pointCount":1,"homeWorkCommuteMedian":8438,"workHomeCommuteMedian":-1},"geometry":{"type":"Polygon","coordinates":[[[133.63776934213442,33.97674435530201],[133.63776934213442,33.985737558939256],[133.64676254577165,33.985737558939256],[133.64676254577165,33.97674435530201],[133.63776934213442,33.97674435530201]]]}},{"type":"Feature","properties":{"jobs":0,"pop":41,"pointCount":2,"homeWorkCommuteMedian":6038,"workHomeCommuteMedian":-1},"geometry":{"type":"Polygon","coordinates":[[[133.63776934213442,33.985737558939256],[133.63776934213442,33.9947307625765],[133.64676254577165,33.9947307625765],[133.64676254577165,33.985737558939256],[133.63776934213442,33.985737558939256]]]}},{"type":"Feature","properties":{"jobs":0,"pop":31,"pointCount":2,"homeWorkCommuteMedian":9960,"workHomeCommuteMedian":-1},"geometry":{"type":"Polygon","coordinates":[[[133.63776934213442,33.9947307625765],[133.63776934213442,34.00372396621375],[133.64676254577165,34.00372396621375],[133.64676254577165,33.9947307625765],[133.63776934213442,33.9947307625765]]]}},{"type":"Feature","properties":{"jobs":0,"pop":19,"pointCount":1,"homeWorkCommuteMedian":19456,"workHomeCommuteMedian":-1},"geometry":{"type":"Polygon","coordinates":[[[133.64676254577165,33.91379192984129],[133.64676254577165,33.922785133478534],[133.65575574940888,33.922785133478534],[133.65575574940888,33.91379192984129],[133.64676254577165,33.91379192984129]]]}},{"type":"Feature","properties":{"jobs":0,"pop":26,"pointCount":2,"homeWorkCommuteMedian":16924,"workHomeCommuteMedian":-1},"geometry":{"type":"Polygon","coordinates":[[[133.64676254577165,33.940771540753026],[133.64676254577165,33.94976474439027],[133.65575574940888,33.94976474439027],[133.65575574940888,33.940771540753026],[133.64676254577165,33.940771540753026]]]}},{"type":"Feature","properties":{"jobs":0,"pop":13,"pointCount":1,"homeWorkCommuteMedian":17067,"workHomeCommuteMedian":-1},"geometry":{"type":"Polygon","coordinates":[[[133.64676254577165,33.94976474439027],[133.64676254577165,33.95875794802752],[133.65575574940888,33.95875794802752],[133.65575574940888,33.94976474439027],[133.64676254577165,33.94976474439027]]]}},{"type":"Feature","properties":{"jobs":31,"pop":38,"pointCount":4,"homeWorkCommuteMedian":10047,"workHomeCommuteMedian":7860},"geometry":{"type":"Polygon","coordinates":[[[133.64676254577165,33.985737558939256],[133.64676254577165,33.9947307625765],[133.65575574940888,33.9947307625765],[133.65575574940888,33.985737558939256],[133.64676254577165,33.985737558939256]]]}},{"type":"Feature","properties":{"jobs":13,"pop":18,"pointCount":2,"homeWorkCommuteMedian":11907,"workHomeCommuteMedian":101454},"geometry":{"type":"Polygon","coordinates":[[[133.64676254577165,33.9947307625765],[133.64676254577165,34.00372396621375],[133.65575574940888,34.00372396621375],[133.65575574940888,33.9947307625765],[133.64676254577165,33.9947307625765]]]}},{"type":"Feature","properties":{"jobs":0,"pop":16,"pointCount":1,"homeWorkCommuteMedian":8129,"workHomeCommuteMedian":-1},"geometry":{"type":"Polygon","coordinates":[[[133.64676254577165,34.00372396621375],[133.64676254577165,34.012717169850994],[133.65575574940888,34.012717169850994],[133.65575574940888,34.00372396621375],[133.64676254577165,34.00372396621375]]]}},{"type":"Feature","properties":{"jobs":0,"pop":20,"pointCount":1,"homeWorkCommuteMedian":18795,"workHomeCommuteMedian":-1},"geometry":{"type":"Polygon","coordinates":[[[133.65575574940888,33.94976474439027],[133.65575574940888,33.95875794802752],[133.66474895304611,33.95875794802752],[133.66474895304611,33.94976474439027],[133.65575574940888,33.94976474439027]]]}},{"type":"Feature","properties":{"jobs":0,"pop":22,"pointCount":2,"homeWorkCommuteMedian":17687,"workHomeCommuteMedian":-1},"geometry":{"type":"Polygon","coordinates":[[[133.65575574940888,33.985737558939256],[133.65575574940888,33.9947307625765],[133.66474895304611,33.9947307625765],[133.66474895304611,33.985737558939256],[133.65575574940888,33.985737558939256]]]}},{"type":"Feature","properties":{"jobs":0,"pop":51,"pointCount":3,"homeWorkCommuteMedian":14906,"workHomeCommuteMedian":-1},"geometry":{"type":"Polygon","coordinates":[[[133.65575574940888,33.9947307625765],[133.65575574940888,34.00372396621375],[133.66474895304611,34.00372396621375],[133.66474895304611,33.9947307625765],[133.65575574940888,33.9947307625765]]]}},{"type":"Feature","properties":{"jobs":0,"pop":36,"pointCount":1,"homeWorkCommuteMedian":13750,"workHomeCommuteMedian":-1},"geometry":{"type":"Polygon","coordinates":[[[133.65575574940888,34.00372396621375],[133.65575574940888,34.012717169850994],[133.66474895304611,34.012717169850994],[133.66474895304611,34.00372396621375],[133.65575574940888,34.00372396621375]]]}},{"type":"Feature","properties":{"jobs":0,"pop":57,"pointCount":1,"homeWorkCommuteMedian":45811,"workHomeCommuteMedian":-1},"geometry":{"type":"Polygon","coordinates":[[[133.66474895304611,33.91379192984129],[133.66474895304611,33.922785133478534],[133.67374215668335,33.922785133478534],[133.67374215668335,33.91379192984129],[133.66474895304611,33.91379192984129]]]}},{"type":"Feature","properties":{"jobs":33,"pop":15,"pointCount":3,"homeWorkCommuteMedian":110795,"workHomeCommuteMedian":38976},"geometry":{"type":"Polygon","coordinates":[[[133.66474895304611,33.94976474439027],[133.66474895304611,33.95875794802752],[133.67374215668335,33.95875794802752],[133.67374215668335,33.94976474439027],[133.66474895304611,33.94976474439027]]]}},{"type":"Feature","properties":{"jobs":0,"pop":27,"pointCount":2,"homeWorkCommuteMedian":12740,"workHomeCommuteMedian":-1},"geometry":{"type":"Polygon","coordinates":[[[133.66474895304611,33.9947307625765],[133.66474895304611,34.00372396621375],[133.67374215668335,34.00372396621375],[133.67374215668335,33.9947307625765],[133.66474895304611,33.9947307625765]]]}},{"type":"Feature","properties":{"jobs":0,"pop":19,"pointCount":1,"homeWorkCommuteMedian":24927,"workHomeCommuteMedian":-1},"geometry":{"type":"Polygon","coordinates":[[[133.67374215668335,33.940771540753026],[133.67374215668335,33.94976474439027],[133.68273536032058,33.94976474439027],[133.68273536032058,33.940771540753026],[133.67374215668335,33.940771540753026]]]}},{"type":"Feature","properties":{"jobs":0,"pop":10,"pointCount":1,"homeWorkCommuteMedian":25144,"workHomeCommuteMedian":-1},"geometry":{"type":"Polygon","coordinates":[[[133.67374215668335,33.94976474439027],[133.67374215668335,33.95875794802752],[133.68273536032058,33.95875794802752],[133.68273536032058,33.94976474439027],[133.67374215668335,33.94976474439027]]]}},{"type":"Feature","properties":{"jobs":0,"pop":20,"pointCount":1,"homeWorkCommuteMedian":14990,"workHomeCommuteMedian":-1},"geometry":{"type":"Polygon","coordinates":[[[133.67374215668335,33.985737558939256],[133.67374215668335,33.9947307625765],[133.68273536032058,33.9947307625765],[133.68273536032058,33.985737558939256],[133.67374215668335,33.985737558939256]]]}}],"properties":{"residentWeightedNearestNeighborKm":{"p10":0.12430830497996084,"p25":0.13473760309334126,"p50":0.14941680214996866,"p75":0.18640174955290323,"p90":0.22684176154143068,"mean":0.17210411016652905},"workerWeightedNearestNeighborKm":{"p10":0.11792975061116635,"p25":0.13070061553194823,"p50":0.1446546932567292,"p75":0.17798282554170025,"p90":0.2265272424153824,"mean":0.16569462336650648},"commuteDistanceKm":{"p10":1818,"p25":3872,"p50":7218,"p75":14009,"p90":33549,"mean":12916.27740832225},"residentCellDensity":{"p10":13,"p25":25,"p50":81,"p75":379,"p90":1227,"mean":409.8913294797688},"workerCellDensity":{"p10":14,"p25":31,"p50":120,"p75":509,"p90":1446,"mean":525.4237037037037},"detail":{"radiusKm":0.1470164673851372,"expectedPointSpacingKm":0.4269312000704255,"normalizedRadius":0.344356344443521,"activityPerPoint":67.8339868030984,"playableAreaKm2":3240,"playableAreaPerPointKm2":0.30984029836473176,"playableCatchmentRadiusKm":0.31404654130817855,"localityScore":1,"deaggregationScore":1,"score":1},"polycentrism":{"activity":{"score":0,"continuousScore":0.9642442304413816,"detectedCenterCount":1,"effectiveCenterCount":1,"largestCenterShare":1,"bandwidthKm":1.3,"reliabilityScore":1,"supportLevel":"high","usedFallback":false,"topCenters":[{"longitude":132.93258147576753,"latitude":33.877844606149935,"massShare":1,"assignedMass":1418680,"assignedPointCount":10457,"prominenceRatio":1}],"debug":{"rawPeakCount":88,"mergedPeakCount":59,"filteredPeakCount":1,"prominenceThreshold":0.22,"minPointsPerCenter":10,"rejectedCenters":[{"longitude":132.98907058857577,"latitude":34.05648086588691,"massShare":0.10978726703696394,"assignedMass":155753,"assignedPointCount":1291,"prominenceRatio":1,"strongestCompetitorDistanceKm":32.414611932635644,"strongestCompetitorPotential":134625.7522306507,"localConsolidatedShare":0.10978726703696394,"localConsolidatedMass":155753,"localContributorCount":1,"localContributorDistancesKm":[],"rejectionReasons":["below_relative_share_floor"]},{"longitude":133.29348030854976,"latitude":33.952139088653034,"massShare":0.10466067048242028,"assignedMass":148480,"assignedPointCount":807,"prominenceRatio":1,"strongestCompetitorDistanceKm":49.60281257770406,"strongestCompetitorPotential":134625.7522306507,"localConsolidatedShare":0.152326810838244,"localConsolidatedMass":216103,"localContributorCount":2,"localContributorDistancesKm":[10.056036020609756],"rejectionReasons":["below_relative_share_floor"]},{"longitude":133.1860679778809,"latitude":33.91806559407906,"massShare":0.04766614035582372,"assignedMass":67623,"assignedPointCount":600,"prominenceRatio":1,"strongestCompetitorDistanceKm":39.7167419548513,"strongestCompetitorPotential":134625.7522306507,"localConsolidatedShare":0.04766614035582372,"localConsolidatedMass":67623,"localContributorCount":1,"localContributorDistancesKm":[],"rejectionReasons":["below_secondary_share_floor"]},{"longitude":133.565115388391,"latitude":33.9924417413157,"massShare":0.05547057828403868,"assignedMass":78695,"assignedPointCount":541,"prominenceRatio":1,"strongestCompetitorDistanceKm":76.91019649385429,"strongestCompetitorPotential":null,"localConsolidatedShare":0.05547057828403868,"localConsolidatedMass":78695,"localContributorCount":1,"localContributorDistancesKm":[],"rejectionReasons":["below_secondary_share_floor"]},{"longitude":132.85693896274657,"latitude":33.79365332938634,"massShare":0.055908309132432964,"assignedMass":79316,"assignedPointCount":708,"prominenceRatio":0.9999999999999999,"strongestCompetitorDistanceKm":11.387936016795283,"strongestCompetitorPotential":134625.7522306507,"localConsolidatedShare":0.055908309132432964,"localConsolidatedMass":79316,"localContributorCount":1,"localContributorDistancesKm":[],"rejectionReasons":["below_secondary_share_floor"]},{"longitude":133.07589061066273,"latitude":33.92075216768352,"massShare":0.042323850339752445,"assignedMass":60044,"assignedPointCount":835,"prominenceRatio":1,"strongestCompetitorDistanceKm":31.14328262548171,"strongestCompetitorPotential":134625.7522306507,"localConsolidatedShare":0.042323850339752445,"localConsolidatedMass":60044,"localContributorCount":1,"localContributorDistancesKm":[],"rejectionReasons":["below_secondary_share_floor"]},{"longitude":132.5570929358362,"latitude":33.51832458841978,"massShare":0.027169622465954266,"assignedMass":38545,"assignedPointCount":468,"prominenceRatio":1,"strongestCompetitorDistanceKm":41.084485251512604,"strongestCompetitorPotential":134625.7522306507,"localConsolidatedShare":0.027169622465954266,"localConsolidatedMass":38545,"localContributorCount":1,"localContributorDistancesKm":[],"rejectionReasons":["below_secondary_share_floor"]},{"longitude":132.7789416954423,"latitude":33.960650981939,"massShare":0.018910536555107566,"assignedMass":26828,"assignedPointCount":297,"prominenceRatio":1,"strongestCompetitorDistanceKm":14.29610311066875,"strongestCompetitorPotential":134625.7522306507,"localConsolidatedShare":0.018910536555107566,"localConsolidatedMass":26828,"localContributorCount":1,"localContributorDistancesKm":[],"rejectionReasons":["below_secondary_share_floor"]},{"longitude":132.65041974601755,"latitude":33.546033814422586,"massShare":0.010067104632475258,"assignedMass":14282,"assignedPointCount":241,"prominenceRatio":1,"strongestCompetitorDistanceKm":34.0853401653027,"strongestCompetitorPotential":134625.7522306507,"localConsolidatedShare":0.010067104632475258,"localConsolidatedMass":14282,"localContributorCount":1,"localContributorDistancesKm":[],"rejectionReasons":["below_secondary_share_floor"]},{"longitude":133.44219855999174,"latitude":33.96373732509198,"massShare":0.01604731158541743,"assignedMass":22766,"assignedPointCount":328,"prominenceRatio":1,"strongestCompetitorDistanceKm":62.87517420976104,"strongestCompetitorPotential":null,"localConsolidatedShare":0.01604731158541743,"localConsolidatedMass":22766,"localContributorCount":1,"localContributorDistancesKm":[],"rejectionReasons":["below_secondary_share_floor"]},{"longitude":133.10083207906973,"latitude":34.21055932225125,"massShare":0.004910198212422816,"assignedMass":6966,"assignedPointCount":126,"prominenceRatio":1,"strongestCompetitorDistanceKm":51.70991002730949,"strongestCompetitorPotential":null,"localConsolidatedShare":0.004910198212422816,"localConsolidatedMass":6966,"localContributorCount":1,"localContributorDistancesKm":[],"rejectionReasons":["below_secondary_share_floor"]},{"longitude":132.90247327859137,"latitude":33.65726208426582,"massShare":0.0038775481433445174,"assignedMass":5501,"assignedPointCount":134,"prominenceRatio":1,"strongestCompetitorDistanceKm":23.99188051388665,"strongestCompetitorPotential":134625.7522306507,"localConsolidatedShare":0.0038775481433445174,"localConsolidatedMass":5501,"localContributorCount":1,"localContributorDistancesKm":[],"rejectionReasons":["below_secondary_share_floor"]},{"longitude":132.862259361822,"latitude":34.03810132288117,"massShare":0.005171004031916993,"assignedMass":7336,"assignedPointCount":161,"prominenceRatio":1,"strongestCompetitorDistanceKm":23.166047067514697,"strongestCompetitorPotential":134625.7522306507,"localConsolidatedShare":0.005171004031916993,"localConsolidatedMass":7336,"localContributorCount":1,"localContributorDistancesKm":[],"rejectionReasons":["below_secondary_share_floor"]},{"longitude":132.49447347193495,"latitude":33.60612405966215,"massShare":0.0036414131446133027,"assignedMass":5166,"assignedPointCount":102,"prominenceRatio":1,"strongestCompetitorDistanceKm":36.353195455007565,"strongestCompetitorPotential":134625.7522306507,"localConsolidatedShare":0.0036414131446133027,"localConsolidatedMass":5166,"localContributorCount":1,"localContributorDistancesKm":[],"rejectionReasons":["below_secondary_share_floor"]},{"longitude":133.0385862375459,"latitude":34.142178770426064,"massShare":0.0026411875828234697,"assignedMass":3747,"assignedPointCount":90,"prominenceRatio":1,"strongestCompetitorDistanceKm":42.766055615841594,"strongestCompetitorPotential":134625.7522306507,"localConsolidatedShare":0.0026411875828234697,"localConsolidatedMass":3747,"localContributorCount":1,"localContributorDistancesKm":[],"rejectionReasons":["below_secondary_share_floor"]},{"longitude":132.99287252706515,"latitude":34.23893029531143,"massShare":0.0025897312995178615,"assignedMass":3674,"assignedPointCount":91,"prominenceRatio":1,"strongestCompetitorDistanceKm":50.202002402188654,"strongestCompetitorPotential":null,"localConsolidatedShare":0.0025897312995178615,"localConsolidatedMass":3674,"localContributorCount":1,"localContributorDistancesKm":[],"rejectionReasons":["below_secondary_share_floor"]},{"longitude":133.0746869054836,"latitude":34.17224652713429,"massShare":0.001692418304339245,"assignedMass":2401,"assignedPointCount":46,"prominenceRatio":1,"strongestCompetitorDistanceKm":46.66584035897752,"strongestCompetitorPotential":134625.7522306507,"localConsolidatedShare":0.001692418304339245,"localConsolidatedMass":2401,"localContributorCount":1,"localContributorDistancesKm":[],"rejectionReasons":["below_secondary_share_floor"]},{"longitude":132.63575767246903,"latitude":33.9569914776503,"massShare":0.00195392900442665,"assignedMass":2772,"assignedPointCount":63,"prominenceRatio":1,"strongestCompetitorDistanceKm":19.208320776156135,"strongestCompetitorPotential":134625.7522306507,"localConsolidatedShare":0.00195392900442665,"localConsolidatedMass":2772,"localContributorCount":1,"localContributorDistancesKm":[],"rejectionReasons":["below_secondary_share_floor"]},{"longitude":132.70849864464978,"latitude":33.64973733936228,"massShare":0.0027730002537570135,"assignedMass":3934,"assignedPointCount":120,"prominenceRatio":1,"strongestCompetitorDistanceKm":22.437536309570557,"strongestCompetitorPotential":134625.7522306507,"localConsolidatedShare":0.0027730002537570135,"localConsolidatedMass":3934,"localContributorCount":1,"localContributorDistancesKm":[],"rejectionReasons":["below_secondary_share_floor"]},{"longitude":132.69136580419064,"latitude":33.73524000926867,"massShare":0.010162263512560972,"assignedMass":14417,"assignedPointCount":204,"prominenceRatio":1,"strongestCompetitorDistanceKm":20.38481878968548,"strongestCompetitorPotential":134625.7522306507,"localConsolidatedShare":0.010162263512560972,"localConsolidatedMass":14417,"localContributorCount":1,"localContributorDistancesKm":[],"rejectionReasons":["below_secondary_share_floor"]},{"longitude":133.03919372752765,"latitude":34.25968294833692,"massShare":0.0017156793639157527,"assignedMass":2434,"assignedPointCount":67,"prominenceRatio":1,"strongestCompetitorDistanceKm":53.28388914682012,"strongestCompetitorPotential":null,"localConsolidatedShare":0.0017156793639157527,"localConsolidatedMass":2434,"localContributorCount":1,"localContributorDistancesKm":[],"rejectionReasons":["below_secondary_share_floor"]},{"longitude":132.800938963401,"latitude":33.57210634192386,"massShare":0.0013850903656920518,"assignedMass":1965,"assignedPointCount":63,"prominenceRatio":1,"strongestCompetitorDistanceKm":30.166665242960075,"strongestCompetitorPotential":134625.7522306507,"localConsolidatedShare":0.0013850903656920518,"localConsolidatedMass":1965,"localContributorCount":1,"localContributorDistancesKm":[],"rejectionReasons":["below_secondary_share_floor"]},{"longitude":132.71415827758318,"latitude":33.57447947274856,"massShare":0.0010009304423830602,"assignedMass":1420,"assignedPointCount":53,"prominenceRatio":1,"strongestCompetitorDistanceKm":30.173283801043844,"strongestCompetitorPotential":134625.7522306507,"localConsolidatedShare":0.0010009304423830602,"localConsolidatedMass":1420,"localContributorCount":1,"localContributorDistancesKm":[],"rejectionReasons":["below_secondary_share_floor"]},{"longitude":132.67713615099603,"latitude":33.46260820751657,"massShare":0.0014689711562861252,"assignedMass":2084,"assignedPointCount":73,"prominenceRatio":1,"strongestCompetitorDistanceKm":43.08125200516768,"strongestCompetitorPotential":134625.7522306507,"localConsolidatedShare":0.0014689711562861252,"localConsolidatedMass":2084,"localContributorCount":1,"localContributorDistancesKm":[],"rejectionReasons":["below_secondary_share_floor"]},{"longitude":132.58560805026227,"latitude":33.64106934332399,"massShare":0.0007788930555163955,"assignedMass":1105,"assignedPointCount":40,"prominenceRatio":1,"strongestCompetitorDistanceKm":27.06562672543233,"strongestCompetitorPotential":134625.7522306507,"localConsolidatedShare":0.0007788930555163955,"localConsolidatedMass":1105,"localContributorCount":1,"localContributorDistancesKm":[],"rejectionReasons":["below_secondary_share_floor"]},{"longitude":132.9749548389678,"latitude":33.61795358572538,"massShare":0.00072955141399047,"assignedMass":1035,"assignedPointCount":43,"prominenceRatio":1,"strongestCompetitorDistanceKm":31.538931263226385,"strongestCompetitorPotential":134625.7522306507,"localConsolidatedShare":0.00072955141399047,"localConsolidatedMass":1035,"localContributorCount":1,"localContributorDistancesKm":[],"rejectionReasons":["below_secondary_share_floor"]},{"longitude":132.44899392879856,"latitude":33.56332316832573,"massShare":0.0005462824597513181,"assignedMass":775,"assignedPointCount":26,"prominenceRatio":1,"strongestCompetitorDistanceKm":41.666820861049594,"strongestCompetitorPotential":134625.7522306507,"localConsolidatedShare":0.0005462824597513181,"localConsolidatedMass":775,"localContributorCount":1,"localContributorDistancesKm":[],"rejectionReasons":["below_secondary_share_floor"]},{"longitude":133.64948438347923,"latitude":33.94637110435068,"massShare":0.0006506047875489892,"assignedMass":923,"assignedPointCount":40,"prominenceRatio":1,"strongestCompetitorDistanceKm":81.65870948638648,"strongestCompetitorPotential":null,"localConsolidatedShare":0.0006506047875489892,"localConsolidatedMass":923,"localContributorCount":1,"localContributorDistancesKm":[],"rejectionReasons":["below_secondary_share_floor"]},{"longitude":132.54663954042348,"latitude":33.97718956779485,"massShare":0.00029534496856232557,"assignedMass":419,"assignedPointCount":8,"prominenceRatio":1,"strongestCompetitorDistanceKm":25.53363059742824,"strongestCompetitorPotential":134625.7522306507,"localConsolidatedShare":0.00029534496856232557,"localConsolidatedMass":419,"localContributorCount":1,"localContributorDistancesKm":[],"rejectionReasons":["below_min_points_per_center"]},{"longitude":132.79736221863166,"latitude":33.63140972111632,"massShare":0.00034398172949502356,"assignedMass":488,"assignedPointCount":21,"prominenceRatio":1,"strongestCompetitorDistanceKm":23.4889527275437,"strongestCompetitorPotential":134625.7522306507,"localConsolidatedShare":0.00034398172949502356,"localConsolidatedMass":488,"localContributorCount":1,"localContributorDistancesKm":[],"rejectionReasons":["below_secondary_share_floor"]},{"longitude":132.90340059592953,"latitude":34.152287530461024,"massShare":0.0005526263850903657,"assignedMass":784,"assignedPointCount":20,"prominenceRatio":1,"strongestCompetitorDistanceKm":40.02400156780429,"strongestCompetitorPotential":134625.7522306507,"localConsolidatedShare":0.0005526263850903657,"localConsolidatedMass":784,"localContributorCount":1,"localContributorDistancesKm":[],"rejectionReasons":["below_secondary_share_floor"]},{"longitude":132.96405675690687,"latitude":33.700931566779666,"massShare":0.00033411340118983843,"assignedMass":474,"assignedPointCount":23,"prominenceRatio":1,"strongestCompetitorDistanceKm":23.936079341321122,"strongestCompetitorPotential":134625.7522306507,"localConsolidatedShare":0.00033411340118983843,"localConsolidatedMass":474,"localContributorCount":1,"localContributorDistancesKm":[],"rejectionReasons":["below_secondary_share_floor"]},{"longitude":133.5121560789069,"latitude":33.947543658560775,"massShare":0.0008585445625511038,"assignedMass":1218,"assignedPointCount":13,"prominenceRatio":1,"strongestCompetitorDistanceKm":69.58621116907113,"strongestCompetitorPotential":null,"localConsolidatedShare":0.0008585445625511038,"localConsolidatedMass":1218,"localContributorCount":1,"localContributorDistancesKm":[],"rejectionReasons":["below_secondary_share_floor"]},{"longitude":132.51181227185688,"latitude":33.980583577096674,"massShare":0.0001642371782220092,"assignedMass":233,"assignedPointCount":7,"prominenceRatio":1,"strongestCompetitorDistanceKm":28.08799113773715,"strongestCompetitorPotential":134625.7522306507,"localConsolidatedShare":0.0001642371782220092,"localConsolidatedMass":233,"localContributorCount":1,"localContributorDistancesKm":[],"rejectionReasons":["below_min_points_per_center"]},{"longitude":133.00235964773896,"latitude":33.553576889070946,"massShare":0.00026080581949417767,"assignedMass":370,"assignedPointCount":13,"prominenceRatio":1,"strongestCompetitorDistanceKm":39.04685798554971,"strongestCompetitorPotential":134625.7522306507,"localConsolidatedShare":0.00026080581949417767,"localConsolidatedMass":370,"localContributorCount":1,"localContributorDistancesKm":[],"rejectionReasons":["below_secondary_share_floor"]},{"longitude":132.73423624644315,"latitude":33.49126046353356,"massShare":0.0002692643866129078,"assignedMass":382,"assignedPointCount":24,"prominenceRatio":1,"strongestCompetitorDistanceKm":39.46650493267294,"strongestCompetitorPotential":134625.7522306507,"localConsolidatedShare":0.0002692643866129078,"localConsolidatedMass":382,"localContributorCount":1,"localContributorDistancesKm":[],"rejectionReasons":["below_secondary_share_floor"]},{"longitude":133.0447215927281,"latitude":33.54595463912276,"massShare":0.00014872980517100404,"assignedMass":211,"assignedPointCount":7,"prominenceRatio":1,"strongestCompetitorDistanceKm":41.617168746960026,"strongestCompetitorPotential":134625.7522306507,"localConsolidatedShare":0.00014872980517100404,"localConsolidatedMass":211,"localContributorCount":1,"localContributorDistancesKm":[],"rejectionReasons":["below_min_points_per_center"]},{"longitude":132.7715201980943,"latitude":33.519695287117116,"massShare":0.0002326105957650774,"assignedMass":330,"assignedPointCount":11,"prominenceRatio":1,"strongestCompetitorDistanceKm":34.77698809278365,"strongestCompetitorPotential":134625.7522306507,"localConsolidatedShare":0.0002326105957650774,"localConsolidatedMass":330,"localContributorCount":1,"localContributorDistancesKm":[],"rejectionReasons":["below_secondary_share_floor"]},{"longitude":132.8013893492008,"latitude":33.73990814769938,"massShare":0.003779569740885894,"assignedMass":5362,"assignedPointCount":77,"prominenceRatio":1,"strongestCompetitorDistanceKm":16.954688163928324,"strongestCompetitorPotential":134625.7522306507,"localConsolidatedShare":0.003779569740885894,"localConsolidatedMass":5362,"localContributorCount":1,"localContributorDistancesKm":[],"rejectionReasons":["below_secondary_share_floor"]},{"longitude":132.61755865561037,"latitude":33.465052182479106,"massShare":0.0002615107000874052,"assignedMass":371,"assignedPointCount":18,"prominenceRatio":1,"strongestCompetitorDistanceKm":44.447704012728764,"strongestCompetitorPotential":134625.7522306507,"localConsolidatedShare":0.0002615107000874052,"localConsolidatedMass":371,"localContributorCount":1,"localContributorDistancesKm":[],"rejectionReasons":["below_secondary_share_floor"]},{"longitude":132.90348259539354,"latitude":33.85767751117909,"massShare":0.00011982970084867623,"assignedMass":170,"assignedPointCount":5,"prominenceRatio":1,"strongestCompetitorDistanceKm":13.009256846015079,"strongestCompetitorPotential":134625.7522306507,"localConsolidatedShare":0.00011982970084867623,"localConsolidatedMass":170,"localContributorCount":1,"localContributorDistancesKm":[],"rejectionReasons":["below_min_points_per_center"]},{"longitude":132.7835107986945,"latitude":33.727651756337174,"massShare":0.0026729072095187075,"assignedMass":3792,"assignedPointCount":68,"prominenceRatio":1,"strongestCompetitorDistanceKm":19.65708514464818,"strongestCompetitorPotential":134625.7522306507,"localConsolidatedShare":0.0026729072095187075,"localConsolidatedMass":3792,"localContributorCount":1,"localContributorDistancesKm":[],"rejectionReasons":["below_secondary_share_floor"]},{"longitude":133.14930301680423,"latitude":33.81291981437433,"massShare":0.00014168099923872896,"assignedMass":201,"assignedPointCount":12,"prominenceRatio":1,"strongestCompetitorDistanceKm":35.62383230804882,"strongestCompetitorPotential":134625.7522306507,"localConsolidatedShare":0.00014168099923872896,"localConsolidatedMass":201,"localContributorCount":1,"localContributorDistancesKm":[],"rejectionReasons":["below_secondary_share_floor"]},{"longitude":133.41868601440808,"latitude":33.86265856185678,"massShare":0.00011066625313671865,"assignedMass":157,"assignedPointCount":6,"prominenceRatio":1,"strongestCompetitorDistanceKm":60.62980327046698,"strongestCompetitorPotential":null,"localConsolidatedShare":0.00011066625313671865,"localConsolidatedMass":157,"localContributorCount":1,"localContributorDistancesKm":[],"rejectionReasons":["below_min_points_per_center"]},{"longitude":132.82654317133907,"latitude":33.90356074914953,"massShare":0.0006985366678884597,"assignedMass":991,"assignedPointCount":27,"prominenceRatio":0.9999999999999988,"strongestCompetitorDistanceKm":11.819335263718834,"strongestCompetitorPotential":134625.7522306507,"localConsolidatedShare":0.0006985366678884597,"localConsolidatedMass":991,"localContributorCount":1,"localContributorDistancesKm":[],"rejectionReasons":["below_secondary_share_floor"]},{"longitude":133.0275731307116,"latitude":33.68620465039137,"massShare":0.0001078467307638086,"assignedMass":153,"assignedPointCount":9,"prominenceRatio":1,"strongestCompetitorDistanceKm":29.95695009715075,"strongestCompetitorPotential":134625.7522306507,"localConsolidatedShare":0.0001078467307638086,"localConsolidatedMass":153,"localContributorCount":1,"localContributorDistancesKm":[],"rejectionReasons":["below_min_points_per_center"]},{"longitude":133.14778753948016,"latitude":33.75520344710698,"massShare":0.00006907829813629571,"assignedMass":98,"assignedPointCount":2,"prominenceRatio":1,"strongestCompetitorDistanceKm":36.59345974151155,"strongestCompetitorPotential":134625.7522306507,"localConsolidatedShare":0.00006907829813629571,"localConsolidatedMass":98,"localContributorCount":1,"localContributorDistancesKm":[],"rejectionReasons":["below_min_points_per_center"]},{"longitude":133.06899429642283,"latitude":33.67630422378266,"massShare":0.00010079792483153354,"assignedMass":143,"assignedPointCount":8,"prominenceRatio":1,"strongestCompetitorDistanceKm":33.73350769353904,"strongestCompetitorPotential":134625.7522306507,"localConsolidatedShare":0.00010079792483153354,"localConsolidatedMass":143,"localContributorCount":1,"localContributorDistancesKm":[],"rejectionReasons":["below_min_points_per_center"]},{"longitude":133.47454048290055,"latitude":33.87779287064005,"massShare":0.00006343925339047565,"assignedMass":90,"assignedPointCount":3,"prominenceRatio":1,"strongestCompetitorDistanceKm":65.3834015830965,"strongestCompetitorPotential":null,"localConsolidatedShare":0.00006343925339047565,"localConsolidatedMass":90,"localContributorCount":1,"localContributorDistancesKm":[],"rejectionReasons":["below_min_points_per_center"]},{"longitude":133.18208265000445,"latitude":34.11089850011208,"massShare":0.000048636760932698,"assignedMass":69,"assignedPointCount":1,"prominenceRatio":1,"strongestCompetitorDistanceKm":48.91549334886844,"strongestCompetitorPotential":134625.7522306507,"localConsolidatedShare":0.000048636760932698,"localConsolidatedMass":69,"localContributorCount":1,"localContributorDistancesKm":[],"rejectionReasons":["below_min_points_per_center"]},{"longitude":132.54080404761905,"latitude":33.933350384818425,"massShare":0.000029604984915555305,"assignedMass":42,"assignedPointCount":4,"prominenceRatio":1,"strongestCompetitorDistanceKm":23.253736390360082,"strongestCompetitorPotential":134625.7522306507,"localConsolidatedShare":0.000029604984915555305,"localConsolidatedMass":42,"localContributorCount":1,"localContributorDistancesKm":[],"rejectionReasons":["below_min_points_per_center"]},{"longitude":132.96101091410807,"latitude":33.51563496881795,"massShare":0.00004652211915301548,"assignedMass":66,"assignedPointCount":4,"prominenceRatio":1,"strongestCompetitorDistanceKm":39.38977683080335,"strongestCompetitorPotential":134625.7522306507,"localConsolidatedShare":0.00004652211915301548,"localConsolidatedMass":66,"localContributorCount":1,"localContributorDistancesKm":[],"rejectionReasons":["below_min_points_per_center"]},{"longitude":133.3778824554053,"latitude":33.847006900000295,"massShare":0.00002326105957650774,"assignedMass":33,"assignedPointCount":1,"prominenceRatio":1,"strongestCompetitorDistanceKm":56.6019383975065,"strongestCompetitorPotential":null,"localConsolidatedShare":0.00002326105957650774,"localConsolidatedMass":33,"localContributorCount":1,"localContributorDistancesKm":[],"rejectionReasons":["below_min_points_per_center"]},{"longitude":133.10281983626848,"latitude":33.72352344675641,"massShare":0.00002044153720359771,"assignedMass":29,"assignedPointCount":2,"prominenceRatio":1,"strongestCompetitorDistanceKm":33.82388134222876,"strongestCompetitorPotential":134625.7522306507,"localConsolidatedShare":0.00002044153720359771,"localConsolidatedMass":29,"localContributorCount":1,"localContributorDistancesKm":[],"rejectionReasons":["below_min_points_per_center"]},{"longitude":133.03759245075852,"latitude":33.73615589584237,"massShare":0.000009868328305185102,"assignedMass":14,"assignedPointCount":1,"prominenceRatio":1,"strongestCompetitorDistanceKm":27.68907444508688,"strongestCompetitorPotential":134625.7522306507,"localConsolidatedShare":0.000009868328305185102,"localConsolidatedMass":14,"localContributorCount":1,"localContributorDistancesKm":[],"rejectionReasons":["below_min_points_per_center"]},{"longitude":133.01308772046784,"latitude":33.848333239644354,"massShare":0.00039966729635999664,"assignedMass":567,"assignedPointCount":28,"prominenceRatio":1,"strongestCompetitorDistanceKm":25.668981838121596,"strongestCompetitorPotential":134625.7522306507,"localConsolidatedShare":0.00039966729635999664,"localConsolidatedMass":567,"localContributorCount":1,"localContributorDistancesKm":[],"rejectionReasons":["below_secondary_share_floor"]},{"longitude":132.70539096951447,"latitude":34.06985255600654,"massShare":0.000004229283559365044,"assignedMass":6,"assignedPointCount":1,"prominenceRatio":1,"strongestCompetitorDistanceKm":26.16839018047938,"strongestCompetitorPotential":134625.7522306507,"localConsolidatedShare":0.000004229283559365044,"localConsolidatedMass":6,"localContributorCount":1,"localContributorDistancesKm":[],"rejectionReasons":["below_min_points_per_center"]},{"longitude":132.48764135746305,"latitude":33.736956332337506,"massShare":0.000002114641779682522,"assignedMass":3,"assignedPointCount":1,"prominenceRatio":1,"strongestCompetitorDistanceKm":28.03165422244427,"strongestCompetitorPotential":134625.7522306507,"localConsolidatedShare":0.000002114641779682522,"localConsolidatedMass":3,"localContributorCount":1,"localContributorDistancesKm":[],"rejectionReasons":["below_min_points_per_center"]}]}}}}}
