{"type":"FeatureCollection","features":[{"type":"Feature","properties":{"jobs":377,"pop":262,"pointCount":1,"homeWorkCommuteMedian":36726,"workHomeCommuteMedian":24478},"geometry":{"type":"Polygon","coordinates":[[[-82.84875348115845,27.849979444353565],[-82.84875348115845,27.85897264799081],[-82.83976027752121,27.85897264799081],[-82.83976027752121,27.849979444353565],[-82.84875348115845,27.849979444353565]]]}},{"type":"Feature","properties":{"jobs":313,"pop":94,"pointCount":1,"homeWorkCommuteMedian":24883,"workHomeCommuteMedian":17620},"geometry":{"type":"Polygon","coordinates":[[[-82.84875348115845,27.85897264799081],[-82.84875348115845,27.867965851628057],[-82.83976027752121,27.867965851628057],[-82.83976027752121,27.85897264799081],[-82.84875348115845,27.85897264799081]]]}},{"type":"Feature","properties":{"jobs":81,"pop":49,"pointCount":1,"homeWorkCommuteMedian":24977,"workHomeCommuteMedian":29336},"geometry":{"type":"Polygon","coordinates":[[[-82.84875348115845,27.867965851628057],[-82.84875348115845,27.876959055265303],[-82.83976027752121,27.876959055265303],[-82.83976027752121,27.867965851628057],[-82.84875348115845,27.867965851628057]]]}},{"type":"Feature","properties":{"jobs":458,"pop":135,"pointCount":2,"homeWorkCommuteMedian":29408,"workHomeCommuteMedian":21562},"geometry":{"type":"Polygon","coordinates":[[[-82.84875348115845,27.894945462539795],[-82.84875348115845,27.90393866617704],[-82.83976027752121,27.90393866617704],[-82.83976027752121,27.894945462539795],[-82.84875348115845,27.894945462539795]]]}},{"type":"Feature","properties":{"jobs":395,"pop":77,"pointCount":1,"homeWorkCommuteMedian":24404,"workHomeCommuteMedian":23227},"geometry":{"type":"Polygon","coordinates":[[[-82.83976027752121,27.831993037079073],[-82.83976027752121,27.84098624071632],[-82.83076707388396,27.84098624071632],[-82.83076707388396,27.831993037079073],[-82.83976027752121,27.831993037079073]]]}},{"type":"Feature","properties":{"jobs":240,"pop":102,"pointCount":1,"homeWorkCommuteMedian":13147,"workHomeCommuteMedian":21403},"geometry":{"type":"Polygon","coordinates":[[[-82.83976027752121,27.84098624071632],[-82.83976027752121,27.849979444353565],[-82.83076707388396,27.849979444353565],[-82.83076707388396,27.84098624071632],[-82.83976027752121,27.84098624071632]]]}},{"type":"Feature","properties":{"jobs":71,"pop":1351,"pointCount":1,"homeWorkCommuteMedian":17059,"workHomeCommuteMedian":13347},"geometry":{"type":"Polygon","coordinates":[[[-82.83976027752121,27.85897264799081],[-82.83976027752121,27.867965851628057],[-82.83076707388396,27.867965851628057],[-82.83076707388396,27.85897264799081],[-82.83976027752121,27.85897264799081]]]}},{"type":"Feature","properties":{"jobs":143,"pop":567,"pointCount":1,"homeWorkCommuteMedian":18978,"workHomeCommuteMedian":11991},"geometry":{"type":"Polygon","coordinates":[[[-82.83976027752121,27.867965851628057],[-82.83976027752121,27.876959055265303],[-82.83076707388396,27.876959055265303],[-82.83076707388396,27.867965851628057],[-82.83976027752121,27.867965851628057]]]}},{"type":"Feature","properties":{"jobs":503,"pop":476,"pointCount":2,"homeWorkCommuteMedian":20585,"workHomeCommuteMedian":20124},"geometry":{"type":"Polygon","coordinates":[[[-82.83976027752121,27.876959055265303],[-82.83976027752121,27.88595225890255],[-82.83076707388396,27.88595225890255],[-82.83076707388396,27.876959055265303],[-82.83976027752121,27.876959055265303]]]}},{"type":"Feature","properties":{"jobs":145,"pop":326,"pointCount":1,"homeWorkCommuteMedian":23440,"workHomeCommuteMedian":20996},"geometry":{"type":"Polygon","coordinates":[[[-82.83976027752121,27.88595225890255],[-82.83976027752121,27.894945462539795],[-82.83076707388396,27.894945462539795],[-82.83076707388396,27.88595225890255],[-82.83976027752121,27.88595225890255]]]}},{"type":"Feature","properties":{"jobs":103,"pop":200,"pointCount":1,"homeWorkCommuteMedian":31009,"workHomeCommuteMedian":15806},"geometry":{"type":"Polygon","coordinates":[[[-82.83976027752121,27.90393866617704],[-82.83976027752121,27.912931869814287],[-82.83076707388396,27.912931869814287],[-82.83076707388396,27.90393866617704],[-82.83976027752121,27.90393866617704]]]}},{"type":"Feature","properties":{"jobs":145,"pop":150,"pointCount":1,"homeWorkCommuteMedian":39732,"workHomeCommuteMedian":23287},"geometry":{"type":"Polygon","coordinates":[[[-82.83976027752121,27.921925073451533],[-82.83976027752121,27.93091827708878],[-82.83076707388396,27.93091827708878],[-82.83076707388396,27.921925073451533],[-82.83976027752121,27.921925073451533]]]}},{"type":"Feature","properties":{"jobs":662,"pop":145,"pointCount":1,"homeWorkCommuteMedian":47796,"workHomeCommuteMedian":25073},"geometry":{"type":"Polygon","coordinates":[[[-82.83976027752121,27.939911480726025],[-82.83976027752121,27.94890468436327],[-82.83076707388396,27.94890468436327],[-82.83076707388396,27.939911480726025],[-82.83976027752121,27.939911480726025]]]}},{"type":"Feature","properties":{"jobs":2700,"pop":0,"pointCount":1,"homeWorkCommuteMedian":-1,"workHomeCommuteMedian":25010},"geometry":{"type":"Polygon","coordinates":[[[-82.83976027752121,28.056823128010222],[-82.83976027752121,28.06581633164747],[-82.83076707388396,28.06581633164747],[-82.83076707388396,28.056823128010222],[-82.83976027752121,28.056823128010222]]]}},{"type":"Feature","properties":{"jobs":170,"pop":46,"pointCount":1,"homeWorkCommuteMedian":24726,"workHomeCommuteMedian":20183},"geometry":{"type":"Polygon","coordinates":[[[-82.83076707388396,27.81400662980458],[-82.83076707388396,27.822999833441827],[-82.82177387024672,27.822999833441827],[-82.82177387024672,27.81400662980458],[-82.83076707388396,27.81400662980458]]]}},{"type":"Feature","properties":{"jobs":222,"pop":48,"pointCount":1,"homeWorkCommuteMedian":51718,"workHomeCommuteMedian":20208},"geometry":{"type":"Polygon","coordinates":[[[-82.83076707388396,27.822999833441827],[-82.83076707388396,27.831993037079073],[-82.82177387024672,27.831993037079073],[-82.82177387024672,27.822999833441827],[-82.83076707388396,27.822999833441827]]]}},{"type":"Feature","properties":{"jobs":279,"pop":848,"pointCount":2,"homeWorkCommuteMedian":16713,"workHomeCommuteMedian":17552},"geometry":{"type":"Polygon","coordinates":[[[-82.83076707388396,27.84098624071632],[-82.83076707388396,27.849979444353565],[-82.82177387024672,27.849979444353565],[-82.82177387024672,27.84098624071632],[-82.83076707388396,27.84098624071632]]]}},{"type":"Feature","properties":{"jobs":288,"pop":2310,"pointCount":2,"homeWorkCommuteMedian":16426,"workHomeCommuteMedian":22426},"geometry":{"type":"Polygon","coordinates":[[[-82.83076707388396,27.849979444353565],[-82.83076707388396,27.85897264799081],[-82.82177387024672,27.85897264799081],[-82.82177387024672,27.849979444353565],[-82.83076707388396,27.849979444353565]]]}},{"type":"Feature","properties":{"jobs":129,"pop":1241,"pointCount":1,"homeWorkCommuteMedian":25144,"workHomeCommuteMedian":23085},"geometry":{"type":"Polygon","coordinates":[[[-82.83076707388396,27.85897264799081],[-82.83076707388396,27.867965851628057],[-82.82177387024672,27.867965851628057],[-82.82177387024672,27.85897264799081],[-82.83076707388396,27.85897264799081]]]}},{"type":"Feature","properties":{"jobs":50,"pop":954,"pointCount":1,"homeWorkCommuteMedian":18873,"workHomeCommuteMedian":18479},"geometry":{"type":"Polygon","coordinates":[[[-82.83076707388396,27.867965851628057],[-82.83076707388396,27.876959055265303],[-82.82177387024672,27.876959055265303],[-82.82177387024672,27.867965851628057],[-82.83076707388396,27.867965851628057]]]}},{"type":"Feature","properties":{"jobs":512,"pop":1249,"pointCount":2,"homeWorkCommuteMedian":17775,"workHomeCommuteMedian":21500},"geometry":{"type":"Polygon","coordinates":[[[-82.83076707388396,27.876959055265303],[-82.83076707388396,27.88595225890255],[-82.82177387024672,27.88595225890255],[-82.82177387024672,27.876959055265303],[-82.83076707388396,27.876959055265303]]]}},{"type":"Feature","properties":{"jobs":88,"pop":651,"pointCount":1,"homeWorkCommuteMedian":17982,"workHomeCommuteMedian":18727},"geometry":{"type":"Polygon","coordinates":[[[-82.83076707388396,27.88595225890255],[-82.83076707388396,27.894945462539795],[-82.82177387024672,27.894945462539795],[-82.82177387024672,27.88595225890255],[-82.83076707388396,27.88595225890255]]]}},{"type":"Feature","properties":{"jobs":349,"pop":1015,"pointCount":1,"homeWorkCommuteMedian":20486,"workHomeCommuteMedian":21898},"geometry":{"type":"Polygon","coordinates":[[[-82.83076707388396,27.894945462539795],[-82.83076707388396,27.90393866617704],[-82.82177387024672,27.90393866617704],[-82.82177387024672,27.894945462539795],[-82.83076707388396,27.894945462539795]]]}},{"type":"Feature","properties":{"jobs":37,"pop":351,"pointCount":1,"homeWorkCommuteMedian":18714,"workHomeCommuteMedian":18511},"geometry":{"type":"Polygon","coordinates":[[[-82.83076707388396,27.912931869814287],[-82.83076707388396,27.921925073451533],[-82.82177387024672,27.921925073451533],[-82.82177387024672,27.912931869814287],[-82.83076707388396,27.912931869814287]]]}},{"type":"Feature","properties":{"jobs":9,"pop":648,"pointCount":1,"homeWorkCommuteMedian":27890,"workHomeCommuteMedian":9127},"geometry":{"type":"Polygon","coordinates":[[[-82.83076707388396,27.93091827708878],[-82.83076707388396,27.939911480726025],[-82.82177387024672,27.939911480726025],[-82.82177387024672,27.93091827708878],[-82.83076707388396,27.93091827708878]]]}},{"type":"Feature","properties":{"jobs":318,"pop":150,"pointCount":1,"homeWorkCommuteMedian":27780,"workHomeCommuteMedian":21662},"geometry":{"type":"Polygon","coordinates":[[[-82.83076707388396,27.94890468436327],[-82.83076707388396,27.957897888000517],[-82.82177387024672,27.957897888000517],[-82.82177387024672,27.94890468436327],[-82.83076707388396,27.94890468436327]]]}},{"type":"Feature","properties":{"jobs":2851,"pop":218,"pointCount":2,"homeWorkCommuteMedian":33058,"workHomeCommuteMedian":13806},"geometry":{"type":"Polygon","coordinates":[[[-82.83076707388396,27.957897888000517],[-82.83076707388396,27.966891091637763],[-82.82177387024672,27.966891091637763],[-82.82177387024672,27.957897888000517],[-82.83076707388396,27.957897888000517]]]}},{"type":"Feature","properties":{"jobs":2481,"pop":54,"pointCount":3,"homeWorkCommuteMedian":33536,"workHomeCommuteMedian":27262},"geometry":{"type":"Polygon","coordinates":[[[-82.83076707388396,27.966891091637763],[-82.83076707388396,27.97588429527501],[-82.82177387024672,27.97588429527501],[-82.82177387024672,27.966891091637763],[-82.83076707388396,27.966891091637763]]]}},{"type":"Feature","properties":{"jobs":13019,"pop":455,"pointCount":3,"homeWorkCommuteMedian":17322,"workHomeCommuteMedian":26550},"geometry":{"type":"Polygon","coordinates":[[[-82.83076707388396,27.97588429527501],[-82.83076707388396,27.984877498912255],[-82.82177387024672,27.984877498912255],[-82.82177387024672,27.97588429527501],[-82.83076707388396,27.97588429527501]]]}},{"type":"Feature","properties":{"jobs":214,"pop":20,"pointCount":1,"homeWorkCommuteMedian":40038,"workHomeCommuteMedian":17091},"geometry":{"type":"Polygon","coordinates":[[[-82.83076707388396,27.984877498912255],[-82.83076707388396,27.9938707025495],[-82.82177387024672,27.9938707025495],[-82.82177387024672,27.984877498912255],[-82.83076707388396,27.984877498912255]]]}},{"type":"Feature","properties":{"jobs":63,"pop":8,"pointCount":1,"homeWorkCommuteMedian":7872,"workHomeCommuteMedian":23388},"geometry":{"type":"Polygon","coordinates":[[[-82.83076707388396,28.056823128010222],[-82.83076707388396,28.06581633164747],[-82.82177387024672,28.06581633164747],[-82.82177387024672,28.056823128010222],[-82.83076707388396,28.056823128010222]]]}},{"type":"Feature","properties":{"jobs":408,"pop":174,"pointCount":2,"homeWorkCommuteMedian":15959,"workHomeCommuteMedian":19277},"geometry":{"type":"Polygon","coordinates":[[[-82.82177387024672,27.81400662980458],[-82.82177387024672,27.822999833441827],[-82.81278066660947,27.822999833441827],[-82.81278066660947,27.81400662980458],[-82.82177387024672,27.81400662980458]]]}},{"type":"Feature","properties":{"jobs":283,"pop":801,"pointCount":1,"homeWorkCommuteMedian":20329,"workHomeCommuteMedian":17149},"geometry":{"type":"Polygon","coordinates":[[[-82.82177387024672,27.84098624071632],[-82.82177387024672,27.849979444353565],[-82.81278066660947,27.849979444353565],[-82.81278066660947,27.84098624071632],[-82.82177387024672,27.84098624071632]]]}},{"type":"Feature","properties":{"jobs":62,"pop":1831,"pointCount":1,"homeWorkCommuteMedian":19221,"workHomeCommuteMedian":18197},"geometry":{"type":"Polygon","coordinates":[[[-82.82177387024672,27.849979444353565],[-82.82177387024672,27.85897264799081],[-82.81278066660947,27.85897264799081],[-82.81278066660947,27.849979444353565],[-82.82177387024672,27.849979444353565]]]}},{"type":"Feature","properties":{"jobs":3094,"pop":1327,"pointCount":3,"homeWorkCommuteMedian":16753,"workHomeCommuteMedian":10450},"geometry":{"type":"Polygon","coordinates":[[[-82.82177387024672,27.867965851628057],[-82.82177387024672,27.876959055265303],[-82.81278066660947,27.876959055265303],[-82.81278066660947,27.867965851628057],[-82.82177387024672,27.867965851628057]]]}},{"type":"Feature","properties":{"jobs":176,"pop":367,"pointCount":1,"homeWorkCommuteMedian":17570,"workHomeCommuteMedian":34626},"geometry":{"type":"Polygon","coordinates":[[[-82.82177387024672,27.876959055265303],[-82.82177387024672,27.88595225890255],[-82.81278066660947,27.88595225890255],[-82.81278066660947,27.876959055265303],[-82.82177387024672,27.876959055265303]]]}},{"type":"Feature","properties":{"jobs":116,"pop":1028,"pointCount":2,"homeWorkCommuteMedian":23295,"workHomeCommuteMedian":13885},"geometry":{"type":"Polygon","coordinates":[[[-82.82177387024672,27.88595225890255],[-82.82177387024672,27.894945462539795],[-82.81278066660947,27.894945462539795],[-82.81278066660947,27.88595225890255],[-82.82177387024672,27.88595225890255]]]}},{"type":"Feature","properties":{"jobs":74,"pop":682,"pointCount":1,"homeWorkCommuteMedian":19454,"workHomeCommuteMedian":21241},"geometry":{"type":"Polygon","coordinates":[[[-82.82177387024672,27.90393866617704],[-82.82177387024672,27.912931869814287],[-82.81278066660947,27.912931869814287],[-82.81278066660947,27.90393866617704],[-82.82177387024672,27.90393866617704]]]}},{"type":"Feature","properties":{"jobs":904,"pop":715,"pointCount":2,"homeWorkCommuteMedian":20145,"workHomeCommuteMedian":21984},"geometry":{"type":"Polygon","coordinates":[[[-82.82177387024672,27.912931869814287],[-82.82177387024672,27.921925073451533],[-82.81278066660947,27.921925073451533],[-82.81278066660947,27.912931869814287],[-82.82177387024672,27.912931869814287]]]}},{"type":"Feature","properties":{"jobs":307,"pop":467,"pointCount":1,"homeWorkCommuteMedian":28760,"workHomeCommuteMedian":23728},"geometry":{"type":"Polygon","coordinates":[[[-82.82177387024672,27.921925073451533],[-82.82177387024672,27.93091827708878],[-82.81278066660947,27.93091827708878],[-82.81278066660947,27.921925073451533],[-82.82177387024672,27.921925073451533]]]}},{"type":"Feature","properties":{"jobs":19,"pop":399,"pointCount":1,"homeWorkCommuteMedian":18765,"workHomeCommuteMedian":21228},"geometry":{"type":"Polygon","coordinates":[[[-82.82177387024672,27.93091827708878],[-82.82177387024672,27.939911480726025],[-82.81278066660947,27.939911480726025],[-82.81278066660947,27.93091827708878],[-82.82177387024672,27.93091827708878]]]}},{"type":"Feature","properties":{"jobs":631,"pop":142,"pointCount":1,"homeWorkCommuteMedian":32631,"workHomeCommuteMedian":23927},"geometry":{"type":"Polygon","coordinates":[[[-82.82177387024672,27.97588429527501],[-82.82177387024672,27.984877498912255],[-82.81278066660947,27.984877498912255],[-82.81278066660947,27.97588429527501],[-82.82177387024672,27.97588429527501]]]}},{"type":"Feature","properties":{"jobs":166,"pop":24,"pointCount":1,"homeWorkCommuteMedian":42293,"workHomeCommuteMedian":22045},"geometry":{"type":"Polygon","coordinates":[[[-82.82177387024672,27.984877498912255],[-82.82177387024672,27.9938707025495],[-82.81278066660947,27.9938707025495],[-82.81278066660947,27.984877498912255],[-82.82177387024672,27.984877498912255]]]}},{"type":"Feature","properties":{"jobs":66,"pop":171,"pointCount":1,"homeWorkCommuteMedian":35185,"workHomeCommuteMedian":22901},"geometry":{"type":"Polygon","coordinates":[[[-82.81278066660947,27.805013426167335],[-82.81278066660947,27.81400662980458],[-82.80378746297222,27.81400662980458],[-82.80378746297222,27.805013426167335],[-82.81278066660947,27.805013426167335]]]}},{"type":"Feature","properties":{"jobs":94,"pop":1212,"pointCount":1,"homeWorkCommuteMedian":19987,"workHomeCommuteMedian":19492},"geometry":{"type":"Polygon","coordinates":[[[-82.81278066660947,27.831993037079073],[-82.81278066660947,27.84098624071632],[-82.80378746297222,27.84098624071632],[-82.80378746297222,27.831993037079073],[-82.81278066660947,27.831993037079073]]]}},{"type":"Feature","properties":{"jobs":111,"pop":1624,"pointCount":1,"homeWorkCommuteMedian":19021,"workHomeCommuteMedian":34473},"geometry":{"type":"Polygon","coordinates":[[[-82.81278066660947,27.85897264799081],[-82.81278066660947,27.867965851628057],[-82.80378746297222,27.867965851628057],[-82.80378746297222,27.85897264799081],[-82.81278066660947,27.85897264799081]]]}},{"type":"Feature","properties":{"jobs":980,"pop":1525,"pointCount":1,"homeWorkCommuteMedian":20684,"workHomeCommuteMedian":33161},"geometry":{"type":"Polygon","coordinates":[[[-82.81278066660947,27.876959055265303],[-82.81278066660947,27.88595225890255],[-82.80378746297222,27.88595225890255],[-82.80378746297222,27.876959055265303],[-82.81278066660947,27.876959055265303]]]}},{"type":"Feature","properties":{"jobs":44,"pop":919,"pointCount":1,"homeWorkCommuteMedian":29314,"workHomeCommuteMedian":27214},"geometry":{"type":"Polygon","coordinates":[[[-82.81278066660947,27.894945462539795],[-82.81278066660947,27.90393866617704],[-82.80378746297222,27.90393866617704],[-82.80378746297222,27.894945462539795],[-82.81278066660947,27.894945462539795]]]}},{"type":"Feature","properties":{"jobs":86,"pop":1061,"pointCount":2,"homeWorkCommuteMedian":19057,"workHomeCommuteMedian":28940},"geometry":{"type":"Polygon","coordinates":[[[-82.81278066660947,27.90393866617704],[-82.81278066660947,27.912931869814287],[-82.80378746297222,27.912931869814287],[-82.80378746297222,27.90393866617704],[-82.81278066660947,27.90393866617704]]]}},{"type":"Feature","properties":{"jobs":620,"pop":1178,"pointCount":3,"homeWorkCommuteMedian":22907,"workHomeCommuteMedian":21105},"geometry":{"type":"Polygon","coordinates":[[[-82.81278066660947,27.912931869814287],[-82.81278066660947,27.921925073451533],[-82.80378746297222,27.921925073451533],[-82.80378746297222,27.912931869814287],[-82.81278066660947,27.912931869814287]]]}},{"type":"Feature","properties":{"jobs":304,"pop":387,"pointCount":1,"homeWorkCommuteMedian":17667,"workHomeCommuteMedian":23096},"geometry":{"type":"Polygon","coordinates":[[[-82.81278066660947,27.921925073451533],[-82.81278066660947,27.93091827708878],[-82.80378746297222,27.93091827708878],[-82.80378746297222,27.921925073451533],[-82.81278066660947,27.921925073451533]]]}},{"type":"Feature","properties":{"jobs":154,"pop":310,"pointCount":1,"homeWorkCommuteMedian":26052,"workHomeCommuteMedian":21798},"geometry":{"type":"Polygon","coordinates":[[[-82.81278066660947,27.93091827708878],[-82.81278066660947,27.939911480726025],[-82.80378746297222,27.939911480726025],[-82.80378746297222,27.93091827708878],[-82.81278066660947,27.93091827708878]]]}},{"type":"Feature","properties":{"jobs":287,"pop":342,"pointCount":1,"homeWorkCommuteMedian":31323,"workHomeCommuteMedian":24516},"geometry":{"type":"Polygon","coordinates":[[[-82.81278066660947,27.939911480726025],[-82.81278066660947,27.94890468436327],[-82.80378746297222,27.94890468436327],[-82.80378746297222,27.939911480726025],[-82.81278066660947,27.939911480726025]]]}},{"type":"Feature","properties":{"jobs":146,"pop":322,"pointCount":1,"homeWorkCommuteMedian":21227,"workHomeCommuteMedian":18462},"geometry":{"type":"Polygon","coordinates":[[[-82.81278066660947,27.94890468436327],[-82.81278066660947,27.957897888000517],[-82.80378746297222,27.957897888000517],[-82.80378746297222,27.94890468436327],[-82.81278066660947,27.94890468436327]]]}},{"type":"Feature","properties":{"jobs":160,"pop":267,"pointCount":1,"homeWorkCommuteMedian":35794,"workHomeCommuteMedian":39003},"geometry":{"type":"Polygon","coordinates":[[[-82.81278066660947,27.957897888000517],[-82.81278066660947,27.966891091637763],[-82.80378746297222,27.966891091637763],[-82.80378746297222,27.957897888000517],[-82.81278066660947,27.957897888000517]]]}},{"type":"Feature","properties":{"jobs":1,"pop":210,"pointCount":1,"homeWorkCommuteMedian":16668,"workHomeCommuteMedian":9773},"geometry":{"type":"Polygon","coordinates":[[[-82.81278066660947,27.966891091637763],[-82.81278066660947,27.97588429527501],[-82.80378746297222,27.97588429527501],[-82.80378746297222,27.966891091637763],[-82.81278066660947,27.966891091637763]]]}},{"type":"Feature","properties":{"jobs":141,"pop":266,"pointCount":1,"homeWorkCommuteMedian":27971,"workHomeCommuteMedian":24289},"geometry":{"type":"Polygon","coordinates":[[[-82.81278066660947,27.97588429527501],[-82.81278066660947,27.984877498912255],[-82.80378746297222,27.984877498912255],[-82.80378746297222,27.97588429527501],[-82.81278066660947,27.97588429527501]]]}},{"type":"Feature","properties":{"jobs":0,"pop":45,"pointCount":1,"homeWorkCommuteMedian":12470,"workHomeCommuteMedian":-1},"geometry":{"type":"Polygon","coordinates":[[[-82.81278066660947,27.9938707025495],[-82.81278066660947,28.002863906186747],[-82.80378746297222,28.002863906186747],[-82.80378746297222,27.9938707025495],[-82.81278066660947,27.9938707025495]]]}},{"type":"Feature","properties":{"jobs":0,"pop":15,"pointCount":1,"homeWorkCommuteMedian":21927,"workHomeCommuteMedian":-1},"geometry":{"type":"Polygon","coordinates":[[[-82.81278066660947,28.011857109823993],[-82.81278066660947,28.02085031346124],[-82.80378746297222,28.02085031346124],[-82.80378746297222,28.011857109823993],[-82.81278066660947,28.011857109823993]]]}},{"type":"Feature","properties":{"jobs":0,"pop":8,"pointCount":1,"homeWorkCommuteMedian":18804,"workHomeCommuteMedian":-1},"geometry":{"type":"Polygon","coordinates":[[[-82.81278066660947,28.029843517098485],[-82.81278066660947,28.03883672073573],[-82.80378746297222,28.03883672073573],[-82.80378746297222,28.029843517098485],[-82.81278066660947,28.029843517098485]]]}},{"type":"Feature","properties":{"jobs":2708,"pop":59,"pointCount":3,"homeWorkCommuteMedian":21292,"workHomeCommuteMedian":19610},"geometry":{"type":"Polygon","coordinates":[[[-82.80378746297222,27.79602022253009],[-82.80378746297222,27.805013426167335],[-82.79479425933498,27.805013426167335],[-82.79479425933498,27.79602022253009],[-82.80378746297222,27.79602022253009]]]}},{"type":"Feature","properties":{"jobs":219,"pop":844,"pointCount":1,"homeWorkCommuteMedian":18649,"workHomeCommuteMedian":19316},"geometry":{"type":"Polygon","coordinates":[[[-82.80378746297222,27.81400662980458],[-82.80378746297222,27.822999833441827],[-82.79479425933498,27.822999833441827],[-82.79479425933498,27.81400662980458],[-82.80378746297222,27.81400662980458]]]}},{"type":"Feature","properties":{"jobs":139,"pop":967,"pointCount":1,"homeWorkCommuteMedian":18274,"workHomeCommuteMedian":18358},"geometry":{"type":"Polygon","coordinates":[[[-82.80378746297222,27.822999833441827],[-82.80378746297222,27.831993037079073],[-82.79479425933498,27.831993037079073],[-82.79479425933498,27.822999833441827],[-82.80378746297222,27.822999833441827]]]}},{"type":"Feature","properties":{"jobs":506,"pop":2437,"pointCount":3,"homeWorkCommuteMedian":16838,"workHomeCommuteMedian":21947},"geometry":{"type":"Polygon","coordinates":[[[-82.80378746297222,27.84098624071632],[-82.80378746297222,27.849979444353565],[-82.79479425933498,27.849979444353565],[-82.79479425933498,27.84098624071632],[-82.80378746297222,27.84098624071632]]]}},{"type":"Feature","properties":{"jobs":474,"pop":1800,"pointCount":2,"homeWorkCommuteMedian":18851,"workHomeCommuteMedian":27961},"geometry":{"type":"Polygon","coordinates":[[[-82.80378746297222,27.849979444353565],[-82.80378746297222,27.85897264799081],[-82.79479425933498,27.85897264799081],[-82.79479425933498,27.849979444353565],[-82.80378746297222,27.849979444353565]]]}},{"type":"Feature","properties":{"jobs":65,"pop":517,"pointCount":1,"homeWorkCommuteMedian":19268,"workHomeCommuteMedian":8926},"geometry":{"type":"Polygon","coordinates":[[[-82.80378746297222,27.85897264799081],[-82.80378746297222,27.867965851628057],[-82.79479425933498,27.867965851628057],[-82.79479425933498,27.85897264799081],[-82.80378746297222,27.85897264799081]]]}},{"type":"Feature","properties":{"jobs":188,"pop":1371,"pointCount":1,"homeWorkCommuteMedian":21370,"workHomeCommuteMedian":21599},"geometry":{"type":"Polygon","coordinates":[[[-82.80378746297222,27.876959055265303],[-82.80378746297222,27.88595225890255],[-82.79479425933498,27.88595225890255],[-82.79479425933498,27.876959055265303],[-82.80378746297222,27.876959055265303]]]}},{"type":"Feature","properties":{"jobs":142,"pop":1294,"pointCount":1,"homeWorkCommuteMedian":17700,"workHomeCommuteMedian":17068},"geometry":{"type":"Polygon","coordinates":[[[-82.80378746297222,27.88595225890255],[-82.80378746297222,27.894945462539795],[-82.79479425933498,27.894945462539795],[-82.79479425933498,27.88595225890255],[-82.80378746297222,27.88595225890255]]]}},{"type":"Feature","properties":{"jobs":82,"pop":1668,"pointCount":1,"homeWorkCommuteMedian":26321,"workHomeCommuteMedian":35521},"geometry":{"type":"Polygon","coordinates":[[[-82.80378746297222,27.894945462539795],[-82.80378746297222,27.90393866617704],[-82.79479425933498,27.90393866617704],[-82.79479425933498,27.894945462539795],[-82.80378746297222,27.894945462539795]]]}},{"type":"Feature","properties":{"jobs":3070,"pop":1102,"pointCount":1,"homeWorkCommuteMedian":21737,"workHomeCommuteMedian":32618},"geometry":{"type":"Polygon","coordinates":[[[-82.80378746297222,27.90393866617704],[-82.80378746297222,27.912931869814287],[-82.79479425933498,27.912931869814287],[-82.79479425933498,27.90393866617704],[-82.80378746297222,27.90393866617704]]]}},{"type":"Feature","properties":{"jobs":1497,"pop":760,"pointCount":3,"homeWorkCommuteMedian":21717,"workHomeCommuteMedian":23109},"geometry":{"type":"Polygon","coordinates":[[[-82.80378746297222,27.912931869814287],[-82.80378746297222,27.921925073451533],[-82.79479425933498,27.921925073451533],[-82.79479425933498,27.912931869814287],[-82.80378746297222,27.912931869814287]]]}},{"type":"Feature","properties":{"jobs":665,"pop":692,"pointCount":2,"homeWorkCommuteMedian":24086,"workHomeCommuteMedian":23916},"geometry":{"type":"Polygon","coordinates":[[[-82.80378746297222,27.921925073451533],[-82.80378746297222,27.93091827708878],[-82.79479425933498,27.93091827708878],[-82.79479425933498,27.921925073451533],[-82.80378746297222,27.921925073451533]]]}},{"type":"Feature","properties":{"jobs":755,"pop":394,"pointCount":2,"homeWorkCommuteMedian":23093,"workHomeCommuteMedian":21311},"geometry":{"type":"Polygon","coordinates":[[[-82.80378746297222,27.93091827708878],[-82.80378746297222,27.939911480726025],[-82.79479425933498,27.939911480726025],[-82.79479425933498,27.93091827708878],[-82.80378746297222,27.93091827708878]]]}},{"type":"Feature","properties":{"jobs":759,"pop":703,"pointCount":2,"homeWorkCommuteMedian":25807,"workHomeCommuteMedian":25760},"geometry":{"type":"Polygon","coordinates":[[[-82.80378746297222,27.939911480726025],[-82.80378746297222,27.94890468436327],[-82.79479425933498,27.94890468436327],[-82.79479425933498,27.939911480726025],[-82.80378746297222,27.939911480726025]]]}},{"type":"Feature","properties":{"jobs":6013,"pop":297,"pointCount":4,"homeWorkCommuteMedian":29458,"workHomeCommuteMedian":24130},"geometry":{"type":"Polygon","coordinates":[[[-82.80378746297222,27.94890468436327],[-82.80378746297222,27.957897888000517],[-82.79479425933498,27.957897888000517],[-82.79479425933498,27.94890468436327],[-82.80378746297222,27.94890468436327]]]}},{"type":"Feature","properties":{"jobs":7378,"pop":464,"pointCount":4,"homeWorkCommuteMedian":22901,"workHomeCommuteMedian":25760},"geometry":{"type":"Polygon","coordinates":[[[-82.80378746297222,27.957897888000517],[-82.80378746297222,27.966891091637763],[-82.79479425933498,27.966891091637763],[-82.79479425933498,27.957897888000517],[-82.80378746297222,27.957897888000517]]]}},{"type":"Feature","properties":{"jobs":3548,"pop":963,"pointCount":2,"homeWorkCommuteMedian":14149,"workHomeCommuteMedian":24238},"geometry":{"type":"Polygon","coordinates":[[[-82.80378746297222,27.966891091637763],[-82.80378746297222,27.97588429527501],[-82.79479425933498,27.97588429527501],[-82.79479425933498,27.966891091637763],[-82.80378746297222,27.966891091637763]]]}},{"type":"Feature","properties":{"jobs":421,"pop":1140,"pointCount":3,"homeWorkCommuteMedian":21543,"workHomeCommuteMedian":18747},"geometry":{"type":"Polygon","coordinates":[[[-82.80378746297222,27.97588429527501],[-82.80378746297222,27.984877498912255],[-82.79479425933498,27.984877498912255],[-82.79479425933498,27.97588429527501],[-82.80378746297222,27.97588429527501]]]}},{"type":"Feature","properties":{"jobs":73,"pop":38,"pointCount":1,"homeWorkCommuteMedian":35648,"workHomeCommuteMedian":12866},"geometry":{"type":"Polygon","coordinates":[[[-82.80378746297222,28.047829924372977],[-82.80378746297222,28.056823128010222],[-82.79479425933498,28.056823128010222],[-82.79479425933498,28.047829924372977],[-82.80378746297222,28.047829924372977]]]}},{"type":"Feature","properties":{"jobs":0,"pop":8,"pointCount":1,"homeWorkCommuteMedian":36880,"workHomeCommuteMedian":-1},"geometry":{"type":"Polygon","coordinates":[[[-82.80378746297222,28.056823128010222],[-82.80378746297222,28.06581633164747],[-82.79479425933498,28.06581633164747],[-82.79479425933498,28.056823128010222],[-82.80378746297222,28.056823128010222]]]}},{"type":"Feature","properties":{"jobs":152,"pop":70,"pointCount":1,"homeWorkCommuteMedian":43342,"workHomeCommuteMedian":17403},"geometry":{"type":"Polygon","coordinates":[[[-82.79479425933498,27.787027018892843],[-82.79479425933498,27.79602022253009],[-82.78580105569773,27.79602022253009],[-82.78580105569773,27.787027018892843],[-82.79479425933498,27.787027018892843]]]}},{"type":"Feature","properties":{"jobs":211,"pop":326,"pointCount":1,"homeWorkCommuteMedian":20164,"workHomeCommuteMedian":16502},"geometry":{"type":"Polygon","coordinates":[[[-82.79479425933498,27.805013426167335],[-82.79479425933498,27.81400662980458],[-82.78580105569773,27.81400662980458],[-82.78580105569773,27.805013426167335],[-82.79479425933498,27.805013426167335]]]}},{"type":"Feature","properties":{"jobs":294,"pop":341,"pointCount":1,"homeWorkCommuteMedian":19968,"workHomeCommuteMedian":19796},"geometry":{"type":"Polygon","coordinates":[[[-82.79479425933498,27.81400662980458],[-82.79479425933498,27.822999833441827],[-82.78580105569773,27.822999833441827],[-82.78580105569773,27.81400662980458],[-82.79479425933498,27.81400662980458]]]}},{"type":"Feature","properties":{"jobs":314,"pop":1362,"pointCount":1,"homeWorkCommuteMedian":20068,"workHomeCommuteMedian":15644},"geometry":{"type":"Polygon","coordinates":[[[-82.79479425933498,27.822999833441827],[-82.79479425933498,27.831993037079073],[-82.78580105569773,27.831993037079073],[-82.78580105569773,27.822999833441827],[-82.79479425933498,27.822999833441827]]]}},{"type":"Feature","properties":{"jobs":727,"pop":908,"pointCount":2,"homeWorkCommuteMedian":19021,"workHomeCommuteMedian":18220},"geometry":{"type":"Polygon","coordinates":[[[-82.79479425933498,27.831993037079073],[-82.79479425933498,27.84098624071632],[-82.78580105569773,27.84098624071632],[-82.78580105569773,27.831993037079073],[-82.79479425933498,27.831993037079073]]]}},{"type":"Feature","properties":{"jobs":1201,"pop":644,"pointCount":2,"homeWorkCommuteMedian":16433,"workHomeCommuteMedian":23131},"geometry":{"type":"Polygon","coordinates":[[[-82.79479425933498,27.84098624071632],[-82.79479425933498,27.849979444353565],[-82.78580105569773,27.849979444353565],[-82.78580105569773,27.84098624071632],[-82.79479425933498,27.84098624071632]]]}},{"type":"Feature","properties":{"jobs":210,"pop":407,"pointCount":1,"homeWorkCommuteMedian":16051,"workHomeCommuteMedian":19248},"geometry":{"type":"Polygon","coordinates":[[[-82.79479425933498,27.849979444353565],[-82.79479425933498,27.85897264799081],[-82.78580105569773,27.85897264799081],[-82.78580105569773,27.849979444353565],[-82.79479425933498,27.849979444353565]]]}},{"type":"Feature","properties":{"jobs":402,"pop":1242,"pointCount":2,"homeWorkCommuteMedian":16630,"workHomeCommuteMedian":19160},"geometry":{"type":"Polygon","coordinates":[[[-82.79479425933498,27.85897264799081],[-82.79479425933498,27.867965851628057],[-82.78580105569773,27.867965851628057],[-82.78580105569773,27.85897264799081],[-82.79479425933498,27.85897264799081]]]}},{"type":"Feature","properties":{"jobs":294,"pop":2248,"pointCount":1,"homeWorkCommuteMedian":14486,"workHomeCommuteMedian":19680},"geometry":{"type":"Polygon","coordinates":[[[-82.79479425933498,27.867965851628057],[-82.79479425933498,27.876959055265303],[-82.78580105569773,27.876959055265303],[-82.78580105569773,27.867965851628057],[-82.79479425933498,27.867965851628057]]]}},{"type":"Feature","properties":{"jobs":340,"pop":287,"pointCount":1,"homeWorkCommuteMedian":20365,"workHomeCommuteMedian":20563},"geometry":{"type":"Polygon","coordinates":[[[-82.79479425933498,27.876959055265303],[-82.79479425933498,27.88595225890255],[-82.78580105569773,27.88595225890255],[-82.78580105569773,27.876959055265303],[-82.79479425933498,27.876959055265303]]]}},{"type":"Feature","properties":{"jobs":3324,"pop":2672,"pointCount":4,"homeWorkCommuteMedian":13692,"workHomeCommuteMedian":30716},"geometry":{"type":"Polygon","coordinates":[[[-82.79479425933498,27.88595225890255],[-82.79479425933498,27.894945462539795],[-82.78580105569773,27.894945462539795],[-82.78580105569773,27.88595225890255],[-82.79479425933498,27.88595225890255]]]}},{"type":"Feature","properties":{"jobs":798,"pop":850,"pointCount":2,"homeWorkCommuteMedian":16920,"workHomeCommuteMedian":23733},"geometry":{"type":"Polygon","coordinates":[[[-82.79479425933498,27.894945462539795],[-82.79479425933498,27.90393866617704],[-82.78580105569773,27.90393866617704],[-82.78580105569773,27.894945462539795],[-82.79479425933498,27.894945462539795]]]}},{"type":"Feature","properties":{"jobs":53,"pop":1103,"pointCount":1,"homeWorkCommuteMedian":22211,"workHomeCommuteMedian":39347},"geometry":{"type":"Polygon","coordinates":[[[-82.79479425933498,27.90393866617704],[-82.79479425933498,27.912931869814287],[-82.78580105569773,27.912931869814287],[-82.78580105569773,27.90393866617704],[-82.79479425933498,27.90393866617704]]]}},{"type":"Feature","properties":{"jobs":21279,"pop":1991,"pointCount":4,"homeWorkCommuteMedian":15645,"workHomeCommuteMedian":21085},"geometry":{"type":"Polygon","coordinates":[[[-82.79479425933498,27.912931869814287],[-82.79479425933498,27.921925073451533],[-82.78580105569773,27.921925073451533],[-82.78580105569773,27.912931869814287],[-82.79479425933498,27.912931869814287]]]}},{"type":"Feature","properties":{"jobs":163,"pop":318,"pointCount":1,"homeWorkCommuteMedian":16510,"workHomeCommuteMedian":21669},"geometry":{"type":"Polygon","coordinates":[[[-82.79479425933498,27.921925073451533],[-82.79479425933498,27.93091827708878],[-82.78580105569773,27.93091827708878],[-82.78580105569773,27.921925073451533],[-82.79479425933498,27.921925073451533]]]}},{"type":"Feature","properties":{"jobs":307,"pop":578,"pointCount":1,"homeWorkCommuteMedian":12579,"workHomeCommuteMedian":32766},"geometry":{"type":"Polygon","coordinates":[[[-82.79479425933498,27.93091827708878],[-82.79479425933498,27.939911480726025],[-82.78580105569773,27.939911480726025],[-82.78580105569773,27.93091827708878],[-82.79479425933498,27.93091827708878]]]}},{"type":"Feature","properties":{"jobs":402,"pop":914,"pointCount":1,"homeWorkCommuteMedian":17861,"workHomeCommuteMedian":22918},"geometry":{"type":"Polygon","coordinates":[[[-82.79479425933498,27.939911480726025],[-82.79479425933498,27.94890468436327],[-82.78580105569773,27.94890468436327],[-82.78580105569773,27.939911480726025],[-82.79479425933498,27.939911480726025]]]}},{"type":"Feature","properties":{"jobs":758,"pop":1207,"pointCount":3,"homeWorkCommuteMedian":17008,"workHomeCommuteMedian":21564},"geometry":{"type":"Polygon","coordinates":[[[-82.79479425933498,27.94890468436327],[-82.79479425933498,27.957897888000517],[-82.78580105569773,27.957897888000517],[-82.78580105569773,27.94890468436327],[-82.79479425933498,27.94890468436327]]]}},{"type":"Feature","properties":{"jobs":2442,"pop":1024,"pointCount":4,"homeWorkCommuteMedian":19499,"workHomeCommuteMedian":23864},"geometry":{"type":"Polygon","coordinates":[[[-82.79479425933498,27.957897888000517],[-82.79479425933498,27.966891091637763],[-82.78580105569773,27.966891091637763],[-82.78580105569773,27.957897888000517],[-82.79479425933498,27.957897888000517]]]}},{"type":"Feature","properties":{"jobs":37,"pop":783,"pointCount":1,"homeWorkCommuteMedian":20602,"workHomeCommuteMedian":29239},"geometry":{"type":"Polygon","coordinates":[[[-82.79479425933498,27.97588429527501],[-82.79479425933498,27.984877498912255],[-82.78580105569773,27.984877498912255],[-82.78580105569773,27.97588429527501],[-82.79479425933498,27.97588429527501]]]}},{"type":"Feature","properties":{"jobs":318,"pop":865,"pointCount":1,"homeWorkCommuteMedian":19790,"workHomeCommuteMedian":26098},"geometry":{"type":"Polygon","coordinates":[[[-82.79479425933498,27.984877498912255],[-82.79479425933498,27.9938707025495],[-82.78580105569773,27.9938707025495],[-82.78580105569773,27.984877498912255],[-82.79479425933498,27.984877498912255]]]}},{"type":"Feature","properties":{"jobs":756,"pop":436,"pointCount":1,"homeWorkCommuteMedian":24617,"workHomeCommuteMedian":22846},"geometry":{"type":"Polygon","coordinates":[[[-82.79479425933498,27.9938707025495],[-82.79479425933498,28.002863906186747],[-82.78580105569773,28.002863906186747],[-82.78580105569773,27.9938707025495],[-82.79479425933498,27.9938707025495]]]}},{"type":"Feature","properties":{"jobs":828,"pop":25,"pointCount":1,"homeWorkCommuteMedian":12434,"workHomeCommuteMedian":19609},"geometry":{"type":"Polygon","coordinates":[[[-82.79479425933498,28.002863906186747],[-82.79479425933498,28.011857109823993],[-82.78580105569773,28.011857109823993],[-82.78580105569773,28.002863906186747],[-82.79479425933498,28.002863906186747]]]}},{"type":"Feature","properties":{"jobs":862,"pop":70,"pointCount":2,"homeWorkCommuteMedian":26863,"workHomeCommuteMedian":19106},"geometry":{"type":"Polygon","coordinates":[[[-82.79479425933498,28.011857109823993],[-82.79479425933498,28.02085031346124],[-82.78580105569773,28.02085031346124],[-82.78580105569773,28.011857109823993],[-82.79479425933498,28.011857109823993]]]}},{"type":"Feature","properties":{"jobs":5400,"pop":0,"pointCount":1,"homeWorkCommuteMedian":-1,"workHomeCommuteMedian":16450},"geometry":{"type":"Polygon","coordinates":[[[-82.79479425933498,28.15574836801993],[-82.79479425933498,28.164741571657174],[-82.78580105569773,28.164741571657174],[-82.78580105569773,28.15574836801993],[-82.79479425933498,28.15574836801993]]]}},{"type":"Feature","properties":{"jobs":90,"pop":8,"pointCount":1,"homeWorkCommuteMedian":29011,"workHomeCommuteMedian":24586},"geometry":{"type":"Polygon","coordinates":[[[-82.79479425933498,28.17373477529442],[-82.79479425933498,28.182727978931666],[-82.78580105569773,28.182727978931666],[-82.78580105569773,28.17373477529442],[-82.79479425933498,28.17373477529442]]]}},{"type":"Feature","properties":{"jobs":616,"pop":21,"pointCount":1,"homeWorkCommuteMedian":15021,"workHomeCommuteMedian":21013},"geometry":{"type":"Polygon","coordinates":[[[-82.78580105569773,27.76904061161835],[-82.78580105569773,27.778033815255597],[-82.77680785206049,27.778033815255597],[-82.77680785206049,27.76904061161835],[-82.78580105569773,27.76904061161835]]]}},{"type":"Feature","properties":{"jobs":1075,"pop":119,"pointCount":1,"homeWorkCommuteMedian":22638,"workHomeCommuteMedian":18687},"geometry":{"type":"Polygon","coordinates":[[[-82.78580105569773,27.787027018892843],[-82.78580105569773,27.79602022253009],[-82.77680785206049,27.79602022253009],[-82.77680785206049,27.787027018892843],[-82.78580105569773,27.787027018892843]]]}},{"type":"Feature","properties":{"jobs":121,"pop":577,"pointCount":1,"homeWorkCommuteMedian":21202,"workHomeCommuteMedian":17796},"geometry":{"type":"Polygon","coordinates":[[[-82.78580105569773,27.79602022253009],[-82.78580105569773,27.805013426167335],[-82.77680785206049,27.805013426167335],[-82.77680785206049,27.79602022253009],[-82.78580105569773,27.79602022253009]]]}},{"type":"Feature","properties":{"jobs":1808,"pop":1447,"pointCount":2,"homeWorkCommuteMedian":18963,"workHomeCommuteMedian":42782},"geometry":{"type":"Polygon","coordinates":[[[-82.78580105569773,27.81400662980458],[-82.78580105569773,27.822999833441827],[-82.77680785206049,27.822999833441827],[-82.77680785206049,27.81400662980458],[-82.78580105569773,27.81400662980458]]]}},{"type":"Feature","properties":{"jobs":377,"pop":403,"pointCount":1,"homeWorkCommuteMedian":16955,"workHomeCommuteMedian":15113},"geometry":{"type":"Polygon","coordinates":[[[-82.78580105569773,27.822999833441827],[-82.78580105569773,27.831993037079073],[-82.77680785206049,27.831993037079073],[-82.77680785206049,27.822999833441827],[-82.78580105569773,27.822999833441827]]]}},{"type":"Feature","properties":{"jobs":481,"pop":534,"pointCount":1,"homeWorkCommuteMedian":16894,"workHomeCommuteMedian":38388},"geometry":{"type":"Polygon","coordinates":[[[-82.78580105569773,27.831993037079073],[-82.78580105569773,27.84098624071632],[-82.77680785206049,27.84098624071632],[-82.77680785206049,27.831993037079073],[-82.78580105569773,27.831993037079073]]]}},{"type":"Feature","properties":{"jobs":677,"pop":1467,"pointCount":2,"homeWorkCommuteMedian":16524,"workHomeCommuteMedian":20276},"geometry":{"type":"Polygon","coordinates":[[[-82.78580105569773,27.84098624071632],[-82.78580105569773,27.849979444353565],[-82.77680785206049,27.849979444353565],[-82.77680785206049,27.84098624071632],[-82.78580105569773,27.84098624071632]]]}},{"type":"Feature","properties":{"jobs":198,"pop":268,"pointCount":1,"homeWorkCommuteMedian":27409,"workHomeCommuteMedian":11827},"geometry":{"type":"Polygon","coordinates":[[[-82.78580105569773,27.849979444353565],[-82.78580105569773,27.85897264799081],[-82.77680785206049,27.85897264799081],[-82.77680785206049,27.849979444353565],[-82.78580105569773,27.849979444353565]]]}},{"type":"Feature","properties":{"jobs":377,"pop":641,"pointCount":1,"homeWorkCommuteMedian":19321,"workHomeCommuteMedian":19011},"geometry":{"type":"Polygon","coordinates":[[[-82.78580105569773,27.85897264799081],[-82.78580105569773,27.867965851628057],[-82.77680785206049,27.867965851628057],[-82.77680785206049,27.85897264799081],[-82.78580105569773,27.85897264799081]]]}},{"type":"Feature","properties":{"jobs":215,"pop":656,"pointCount":1,"homeWorkCommuteMedian":21947,"workHomeCommuteMedian":14293},"geometry":{"type":"Polygon","coordinates":[[[-82.78580105569773,27.867965851628057],[-82.78580105569773,27.876959055265303],[-82.77680785206049,27.876959055265303],[-82.77680785206049,27.867965851628057],[-82.78580105569773,27.867965851628057]]]}},{"type":"Feature","properties":{"jobs":90,"pop":804,"pointCount":1,"homeWorkCommuteMedian":17607,"workHomeCommuteMedian":18951},"geometry":{"type":"Polygon","coordinates":[[[-82.78580105569773,27.876959055265303],[-82.78580105569773,27.88595225890255],[-82.77680785206049,27.88595225890255],[-82.77680785206049,27.876959055265303],[-82.78580105569773,27.876959055265303]]]}},{"type":"Feature","properties":{"jobs":846,"pop":431,"pointCount":1,"homeWorkCommuteMedian":24320,"workHomeCommuteMedian":36038},"geometry":{"type":"Polygon","coordinates":[[[-82.78580105569773,27.88595225890255],[-82.78580105569773,27.894945462539795],[-82.77680785206049,27.894945462539795],[-82.77680785206049,27.88595225890255],[-82.78580105569773,27.88595225890255]]]}},{"type":"Feature","properties":{"jobs":263,"pop":659,"pointCount":1,"homeWorkCommuteMedian":22173,"workHomeCommuteMedian":17015},"geometry":{"type":"Polygon","coordinates":[[[-82.78580105569773,27.894945462539795],[-82.78580105569773,27.90393866617704],[-82.77680785206049,27.90393866617704],[-82.77680785206049,27.894945462539795],[-82.78580105569773,27.894945462539795]]]}},{"type":"Feature","properties":{"jobs":258,"pop":1385,"pointCount":2,"homeWorkCommuteMedian":16466,"workHomeCommuteMedian":18339},"geometry":{"type":"Polygon","coordinates":[[[-82.78580105569773,27.90393866617704],[-82.78580105569773,27.912931869814287],[-82.77680785206049,27.912931869814287],[-82.77680785206049,27.90393866617704],[-82.78580105569773,27.90393866617704]]]}},{"type":"Feature","properties":{"jobs":103,"pop":533,"pointCount":1,"homeWorkCommuteMedian":16777,"workHomeCommuteMedian":14039},"geometry":{"type":"Polygon","coordinates":[[[-82.78580105569773,27.912931869814287],[-82.78580105569773,27.921925073451533],[-82.77680785206049,27.921925073451533],[-82.77680785206049,27.912931869814287],[-82.78580105569773,27.912931869814287]]]}},{"type":"Feature","properties":{"jobs":790,"pop":2537,"pointCount":3,"homeWorkCommuteMedian":20944,"workHomeCommuteMedian":24258},"geometry":{"type":"Polygon","coordinates":[[[-82.78580105569773,27.921925073451533],[-82.78580105569773,27.93091827708878],[-82.77680785206049,27.93091827708878],[-82.77680785206049,27.921925073451533],[-82.78580105569773,27.921925073451533]]]}},{"type":"Feature","properties":{"jobs":116,"pop":1730,"pointCount":2,"homeWorkCommuteMedian":15609,"workHomeCommuteMedian":8474},"geometry":{"type":"Polygon","coordinates":[[[-82.78580105569773,27.93091827708878],[-82.78580105569773,27.939911480726025],[-82.77680785206049,27.939911480726025],[-82.77680785206049,27.93091827708878],[-82.78580105569773,27.93091827708878]]]}},{"type":"Feature","properties":{"jobs":80,"pop":822,"pointCount":1,"homeWorkCommuteMedian":19129,"workHomeCommuteMedian":19815},"geometry":{"type":"Polygon","coordinates":[[[-82.78580105569773,27.94890468436327],[-82.78580105569773,27.957897888000517],[-82.77680785206049,27.957897888000517],[-82.77680785206049,27.94890468436327],[-82.78580105569773,27.94890468436327]]]}},{"type":"Feature","properties":{"jobs":461,"pop":450,"pointCount":2,"homeWorkCommuteMedian":20066,"workHomeCommuteMedian":19473},"geometry":{"type":"Polygon","coordinates":[[[-82.78580105569773,27.957897888000517],[-82.78580105569773,27.966891091637763],[-82.77680785206049,27.966891091637763],[-82.77680785206049,27.957897888000517],[-82.78580105569773,27.957897888000517]]]}},{"type":"Feature","properties":{"jobs":687,"pop":1556,"pointCount":2,"homeWorkCommuteMedian":20762,"workHomeCommuteMedian":20287},"geometry":{"type":"Polygon","coordinates":[[[-82.78580105569773,27.966891091637763],[-82.78580105569773,27.97588429527501],[-82.77680785206049,27.97588429527501],[-82.77680785206049,27.966891091637763],[-82.78580105569773,27.966891091637763]]]}},{"type":"Feature","properties":{"jobs":84,"pop":818,"pointCount":1,"homeWorkCommuteMedian":21701,"workHomeCommuteMedian":8115},"geometry":{"type":"Polygon","coordinates":[[[-82.78580105569773,27.97588429527501],[-82.78580105569773,27.984877498912255],[-82.77680785206049,27.984877498912255],[-82.77680785206049,27.97588429527501],[-82.78580105569773,27.97588429527501]]]}},{"type":"Feature","properties":{"jobs":118,"pop":1199,"pointCount":1,"homeWorkCommuteMedian":26233,"workHomeCommuteMedian":28197},"geometry":{"type":"Polygon","coordinates":[[[-82.78580105569773,27.984877498912255],[-82.78580105569773,27.9938707025495],[-82.77680785206049,27.9938707025495],[-82.77680785206049,27.984877498912255],[-82.78580105569773,27.984877498912255]]]}},{"type":"Feature","properties":{"jobs":209,"pop":874,"pointCount":1,"homeWorkCommuteMedian":25443,"workHomeCommuteMedian":23803},"geometry":{"type":"Polygon","coordinates":[[[-82.78580105569773,27.9938707025495],[-82.78580105569773,28.002863906186747],[-82.77680785206049,28.002863906186747],[-82.77680785206049,27.9938707025495],[-82.78580105569773,27.9938707025495]]]}},{"type":"Feature","properties":{"jobs":2710,"pop":1159,"pointCount":4,"homeWorkCommuteMedian":14024,"workHomeCommuteMedian":20243},"geometry":{"type":"Polygon","coordinates":[[[-82.78580105569773,28.011857109823993],[-82.78580105569773,28.02085031346124],[-82.77680785206049,28.02085031346124],[-82.77680785206049,28.011857109823993],[-82.78580105569773,28.011857109823993]]]}},{"type":"Feature","properties":{"jobs":300,"pop":419,"pointCount":1,"homeWorkCommuteMedian":25241,"workHomeCommuteMedian":15582},"geometry":{"type":"Polygon","coordinates":[[[-82.78580105569773,28.02085031346124],[-82.78580105569773,28.029843517098485],[-82.77680785206049,28.029843517098485],[-82.77680785206049,28.02085031346124],[-82.78580105569773,28.02085031346124]]]}},{"type":"Feature","properties":{"jobs":428,"pop":297,"pointCount":2,"homeWorkCommuteMedian":30447,"workHomeCommuteMedian":23682},"geometry":{"type":"Polygon","coordinates":[[[-82.78580105569773,28.03883672073573],[-82.78580105569773,28.047829924372977],[-82.77680785206049,28.047829924372977],[-82.77680785206049,28.03883672073573],[-82.78580105569773,28.03883672073573]]]}},{"type":"Feature","properties":{"jobs":793,"pop":465,"pointCount":2,"homeWorkCommuteMedian":21012,"workHomeCommuteMedian":20365},"geometry":{"type":"Polygon","coordinates":[[[-82.78580105569773,28.047829924372977],[-82.78580105569773,28.056823128010222],[-82.77680785206049,28.056823128010222],[-82.77680785206049,28.047829924372977],[-82.78580105569773,28.047829924372977]]]}},{"type":"Feature","properties":{"jobs":151,"pop":38,"pointCount":1,"homeWorkCommuteMedian":27475,"workHomeCommuteMedian":17022},"geometry":{"type":"Polygon","coordinates":[[[-82.78580105569773,28.056823128010222],[-82.78580105569773,28.06581633164747],[-82.77680785206049,28.06581633164747],[-82.77680785206049,28.056823128010222],[-82.78580105569773,28.056823128010222]]]}},{"type":"Feature","properties":{"jobs":0,"pop":6,"pointCount":1,"homeWorkCommuteMedian":24465,"workHomeCommuteMedian":-1},"geometry":{"type":"Polygon","coordinates":[[[-82.78580105569773,28.074809535284714],[-82.78580105569773,28.08380273892196],[-82.77680785206049,28.08380273892196],[-82.77680785206049,28.074809535284714],[-82.78580105569773,28.074809535284714]]]}},{"type":"Feature","properties":{"jobs":100,"pop":411,"pointCount":1,"homeWorkCommuteMedian":25879,"workHomeCommuteMedian":19958},"geometry":{"type":"Polygon","coordinates":[[[-82.78580105569773,28.137761960745436],[-82.78580105569773,28.146755164382682],[-82.77680785206049,28.146755164382682],[-82.77680785206049,28.137761960745436],[-82.78580105569773,28.137761960745436]]]}},{"type":"Feature","properties":{"jobs":194,"pop":1145,"pointCount":1,"homeWorkCommuteMedian":37838,"workHomeCommuteMedian":21194},"geometry":{"type":"Polygon","coordinates":[[[-82.78580105569773,28.15574836801993],[-82.78580105569773,28.164741571657174],[-82.77680785206049,28.164741571657174],[-82.77680785206049,28.15574836801993],[-82.78580105569773,28.15574836801993]]]}},{"type":"Feature","properties":{"jobs":25,"pop":23,"pointCount":1,"homeWorkCommuteMedian":57176,"workHomeCommuteMedian":10448},"geometry":{"type":"Polygon","coordinates":[[[-82.78580105569773,28.191721182568912],[-82.78580105569773,28.20071438620616],[-82.77680785206049,28.20071438620616],[-82.77680785206049,28.191721182568912],[-82.78580105569773,28.191721182568912]]]}},{"type":"Feature","properties":{"jobs":471,"pop":50,"pointCount":1,"homeWorkCommuteMedian":16052,"workHomeCommuteMedian":21169},"geometry":{"type":"Polygon","coordinates":[[[-82.77680785206049,27.760047407981105],[-82.77680785206049,27.76904061161835],[-82.76781464842324,27.76904061161835],[-82.76781464842324,27.760047407981105],[-82.77680785206049,27.760047407981105]]]}},{"type":"Feature","properties":{"jobs":2000,"pop":0,"pointCount":1,"homeWorkCommuteMedian":-1,"workHomeCommuteMedian":16040},"geometry":{"type":"Polygon","coordinates":[[[-82.77680785206049,27.76904061161835],[-82.77680785206049,27.778033815255597],[-82.76781464842324,27.778033815255597],[-82.76781464842324,27.76904061161835],[-82.77680785206049,27.76904061161835]]]}},{"type":"Feature","properties":{"jobs":86,"pop":345,"pointCount":1,"homeWorkCommuteMedian":27942,"workHomeCommuteMedian":62421},"geometry":{"type":"Polygon","coordinates":[[[-82.77680785206049,27.778033815255597],[-82.77680785206049,27.787027018892843],[-82.76781464842324,27.787027018892843],[-82.76781464842324,27.778033815255597],[-82.77680785206049,27.778033815255597]]]}},{"type":"Feature","properties":{"jobs":0,"pop":297,"pointCount":1,"homeWorkCommuteMedian":19375,"workHomeCommuteMedian":-1},"geometry":{"type":"Polygon","coordinates":[[[-82.77680785206049,27.79602022253009],[-82.77680785206049,27.805013426167335],[-82.76781464842324,27.805013426167335],[-82.76781464842324,27.79602022253009],[-82.77680785206049,27.79602022253009]]]}},{"type":"Feature","properties":{"jobs":4865,"pop":625,"pointCount":1,"homeWorkCommuteMedian":18817,"workHomeCommuteMedian":33504},"geometry":{"type":"Polygon","coordinates":[[[-82.77680785206049,27.805013426167335],[-82.77680785206049,27.81400662980458],[-82.76781464842324,27.81400662980458],[-82.76781464842324,27.805013426167335],[-82.77680785206049,27.805013426167335]]]}},{"type":"Feature","properties":{"jobs":471,"pop":154,"pointCount":1,"homeWorkCommuteMedian":37656,"workHomeCommuteMedian":19092},"geometry":{"type":"Polygon","coordinates":[[[-82.77680785206049,27.81400662980458],[-82.77680785206049,27.822999833441827],[-82.76781464842324,27.822999833441827],[-82.76781464842324,27.81400662980458],[-82.77680785206049,27.81400662980458]]]}},{"type":"Feature","properties":{"jobs":96,"pop":802,"pointCount":1,"homeWorkCommuteMedian":14652,"workHomeCommuteMedian":10020},"geometry":{"type":"Polygon","coordinates":[[[-82.77680785206049,27.831993037079073],[-82.77680785206049,27.84098624071632],[-82.76781464842324,27.84098624071632],[-82.76781464842324,27.831993037079073],[-82.77680785206049,27.831993037079073]]]}},{"type":"Feature","properties":{"jobs":2700,"pop":0,"pointCount":1,"homeWorkCommuteMedian":-1,"workHomeCommuteMedian":6231},"geometry":{"type":"Polygon","coordinates":[[[-82.77680785206049,27.84098624071632],[-82.77680785206049,27.849979444353565],[-82.76781464842324,27.849979444353565],[-82.76781464842324,27.84098624071632],[-82.77680785206049,27.84098624071632]]]}},{"type":"Feature","properties":{"jobs":888,"pop":862,"pointCount":2,"homeWorkCommuteMedian":21395,"workHomeCommuteMedian":19985},"geometry":{"type":"Polygon","coordinates":[[[-82.77680785206049,27.894945462539795],[-82.77680785206049,27.90393866617704],[-82.76781464842324,27.90393866617704],[-82.76781464842324,27.894945462539795],[-82.77680785206049,27.894945462539795]]]}},{"type":"Feature","properties":{"jobs":76,"pop":1212,"pointCount":1,"homeWorkCommuteMedian":17428,"workHomeCommuteMedian":22941},"geometry":{"type":"Polygon","coordinates":[[[-82.77680785206049,27.90393866617704],[-82.77680785206049,27.912931869814287],[-82.76781464842324,27.912931869814287],[-82.76781464842324,27.90393866617704],[-82.77680785206049,27.90393866617704]]]}},{"type":"Feature","properties":{"jobs":762,"pop":1236,"pointCount":2,"homeWorkCommuteMedian":17628,"workHomeCommuteMedian":18491},"geometry":{"type":"Polygon","coordinates":[[[-82.77680785206049,27.912931869814287],[-82.77680785206049,27.921925073451533],[-82.76781464842324,27.921925073451533],[-82.76781464842324,27.912931869814287],[-82.77680785206049,27.912931869814287]]]}},{"type":"Feature","properties":{"jobs":514,"pop":800,"pointCount":2,"homeWorkCommuteMedian":24472,"workHomeCommuteMedian":15806},"geometry":{"type":"Polygon","coordinates":[[[-82.77680785206049,27.921925073451533],[-82.77680785206049,27.93091827708878],[-82.76781464842324,27.93091827708878],[-82.76781464842324,27.921925073451533],[-82.77680785206049,27.921925073451533]]]}},{"type":"Feature","properties":{"jobs":153,"pop":386,"pointCount":1,"homeWorkCommuteMedian":14371,"workHomeCommuteMedian":13551},"geometry":{"type":"Polygon","coordinates":[[[-82.77680785206049,27.93091827708878],[-82.77680785206049,27.939911480726025],[-82.76781464842324,27.939911480726025],[-82.76781464842324,27.93091827708878],[-82.77680785206049,27.93091827708878]]]}},{"type":"Feature","properties":{"jobs":315,"pop":753,"pointCount":1,"homeWorkCommuteMedian":21948,"workHomeCommuteMedian":21555},"geometry":{"type":"Polygon","coordinates":[[[-82.77680785206049,27.939911480726025],[-82.77680785206049,27.94890468436327],[-82.76781464842324,27.94890468436327],[-82.76781464842324,27.939911480726025],[-82.77680785206049,27.939911480726025]]]}},{"type":"Feature","properties":{"jobs":341,"pop":637,"pointCount":2,"homeWorkCommuteMedian":15154,"workHomeCommuteMedian":20298},"geometry":{"type":"Polygon","coordinates":[[[-82.77680785206049,27.94890468436327],[-82.77680785206049,27.957897888000517],[-82.76781464842324,27.957897888000517],[-82.76781464842324,27.94890468436327],[-82.77680785206049,27.94890468436327]]]}},{"type":"Feature","properties":{"jobs":400,"pop":400,"pointCount":1,"homeWorkCommuteMedian":13649,"workHomeCommuteMedian":26652},"geometry":{"type":"Polygon","coordinates":[[[-82.77680785206049,27.957897888000517],[-82.77680785206049,27.966891091637763],[-82.76781464842324,27.966891091637763],[-82.76781464842324,27.957897888000517],[-82.77680785206049,27.957897888000517]]]}},{"type":"Feature","properties":{"jobs":139,"pop":828,"pointCount":1,"homeWorkCommuteMedian":22730,"workHomeCommuteMedian":17274},"geometry":{"type":"Polygon","coordinates":[[[-82.77680785206049,27.966891091637763],[-82.77680785206049,27.97588429527501],[-82.76781464842324,27.97588429527501],[-82.76781464842324,27.966891091637763],[-82.77680785206049,27.966891091637763]]]}},{"type":"Feature","properties":{"jobs":50,"pop":804,"pointCount":1,"homeWorkCommuteMedian":20944,"workHomeCommuteMedian":26425},"geometry":{"type":"Polygon","coordinates":[[[-82.77680785206049,27.97588429527501],[-82.77680785206049,27.984877498912255],[-82.76781464842324,27.984877498912255],[-82.76781464842324,27.97588429527501],[-82.77680785206049,27.97588429527501]]]}},{"type":"Feature","properties":{"jobs":158,"pop":1122,"pointCount":2,"homeWorkCommuteMedian":21068,"workHomeCommuteMedian":27935},"geometry":{"type":"Polygon","coordinates":[[[-82.77680785206049,27.984877498912255],[-82.77680785206049,27.9938707025495],[-82.76781464842324,27.9938707025495],[-82.76781464842324,27.984877498912255],[-82.77680785206049,27.984877498912255]]]}},{"type":"Feature","properties":{"jobs":168,"pop":2030,"pointCount":3,"homeWorkCommuteMedian":19113,"workHomeCommuteMedian":16664},"geometry":{"type":"Polygon","coordinates":[[[-82.77680785206049,27.9938707025495],[-82.77680785206049,28.002863906186747],[-82.76781464842324,28.002863906186747],[-82.76781464842324,27.9938707025495],[-82.77680785206049,27.9938707025495]]]}},{"type":"Feature","properties":{"jobs":275,"pop":917,"pointCount":1,"homeWorkCommuteMedian":17295,"workHomeCommuteMedian":24299},"geometry":{"type":"Polygon","coordinates":[[[-82.77680785206049,28.002863906186747],[-82.77680785206049,28.011857109823993],[-82.76781464842324,28.011857109823993],[-82.76781464842324,28.002863906186747],[-82.77680785206049,28.002863906186747]]]}},{"type":"Feature","properties":{"jobs":937,"pop":1018,"pointCount":2,"homeWorkCommuteMedian":18756,"workHomeCommuteMedian":19507},"geometry":{"type":"Polygon","coordinates":[[[-82.77680785206049,28.02085031346124],[-82.77680785206049,28.029843517098485],[-82.76781464842324,28.029843517098485],[-82.76781464842324,28.02085031346124],[-82.77680785206049,28.02085031346124]]]}},{"type":"Feature","properties":{"jobs":137,"pop":1108,"pointCount":1,"homeWorkCommuteMedian":18619,"workHomeCommuteMedian":11010},"geometry":{"type":"Polygon","coordinates":[[[-82.77680785206049,28.029843517098485],[-82.77680785206049,28.03883672073573],[-82.76781464842324,28.03883672073573],[-82.76781464842324,28.029843517098485],[-82.77680785206049,28.029843517098485]]]}},{"type":"Feature","properties":{"jobs":57,"pop":307,"pointCount":1,"homeWorkCommuteMedian":26719,"workHomeCommuteMedian":17794},"geometry":{"type":"Polygon","coordinates":[[[-82.77680785206049,28.03883672073573],[-82.77680785206049,28.047829924372977],[-82.76781464842324,28.047829924372977],[-82.76781464842324,28.03883672073573],[-82.77680785206049,28.03883672073573]]]}},{"type":"Feature","properties":{"jobs":52,"pop":1090,"pointCount":1,"homeWorkCommuteMedian":20294,"workHomeCommuteMedian":22298},"geometry":{"type":"Polygon","coordinates":[[[-82.77680785206049,28.047829924372977],[-82.77680785206049,28.056823128010222],[-82.76781464842324,28.056823128010222],[-82.76781464842324,28.047829924372977],[-82.77680785206049,28.047829924372977]]]}},{"type":"Feature","properties":{"jobs":413,"pop":163,"pointCount":1,"homeWorkCommuteMedian":18742,"workHomeCommuteMedian":24376},"geometry":{"type":"Polygon","coordinates":[[[-82.77680785206049,28.056823128010222],[-82.77680785206049,28.06581633164747],[-82.76781464842324,28.06581633164747],[-82.76781464842324,28.056823128010222],[-82.77680785206049,28.056823128010222]]]}},{"type":"Feature","properties":{"jobs":170,"pop":135,"pointCount":1,"homeWorkCommuteMedian":27007,"workHomeCommuteMedian":18322},"geometry":{"type":"Polygon","coordinates":[[[-82.77680785206049,28.074809535284714],[-82.77680785206049,28.08380273892196],[-82.76781464842324,28.08380273892196],[-82.76781464842324,28.074809535284714],[-82.77680785206049,28.074809535284714]]]}},{"type":"Feature","properties":{"jobs":871,"pop":166,"pointCount":1,"homeWorkCommuteMedian":15339,"workHomeCommuteMedian":26841},"geometry":{"type":"Polygon","coordinates":[[[-82.77680785206049,28.08380273892196],[-82.77680785206049,28.092795942559206],[-82.76781464842324,28.092795942559206],[-82.76781464842324,28.08380273892196],[-82.77680785206049,28.08380273892196]]]}},{"type":"Feature","properties":{"jobs":738,"pop":360,"pointCount":3,"homeWorkCommuteMedian":20417,"workHomeCommuteMedian":21037},"geometry":{"type":"Polygon","coordinates":[[[-82.77680785206049,28.092795942559206],[-82.77680785206049,28.101789146196452],[-82.76781464842324,28.101789146196452],[-82.76781464842324,28.092795942559206],[-82.77680785206049,28.092795942559206]]]}},{"type":"Feature","properties":{"jobs":499,"pop":147,"pointCount":2,"homeWorkCommuteMedian":20833,"workHomeCommuteMedian":20049},"geometry":{"type":"Polygon","coordinates":[[[-82.77680785206049,28.101789146196452],[-82.77680785206049,28.1107823498337],[-82.76781464842324,28.1107823498337],[-82.76781464842324,28.101789146196452],[-82.77680785206049,28.101789146196452]]]}},{"type":"Feature","properties":{"jobs":113,"pop":97,"pointCount":1,"homeWorkCommuteMedian":30120,"workHomeCommuteMedian":16158},"geometry":{"type":"Polygon","coordinates":[[[-82.77680785206049,28.119775553470944],[-82.77680785206049,28.12876875710819],[-82.76781464842324,28.12876875710819],[-82.76781464842324,28.119775553470944],[-82.77680785206049,28.119775553470944]]]}},{"type":"Feature","properties":{"jobs":109,"pop":330,"pointCount":1,"homeWorkCommuteMedian":33932,"workHomeCommuteMedian":25919},"geometry":{"type":"Polygon","coordinates":[[[-82.77680785206049,28.12876875710819],[-82.77680785206049,28.137761960745436],[-82.76781464842324,28.137761960745436],[-82.76781464842324,28.12876875710819],[-82.77680785206049,28.12876875710819]]]}},{"type":"Feature","properties":{"jobs":166,"pop":352,"pointCount":1,"homeWorkCommuteMedian":35696,"workHomeCommuteMedian":30709},"geometry":{"type":"Polygon","coordinates":[[[-82.77680785206049,28.146755164382682],[-82.77680785206049,28.15574836801993],[-82.76781464842324,28.15574836801993],[-82.76781464842324,28.146755164382682],[-82.77680785206049,28.146755164382682]]]}},{"type":"Feature","properties":{"jobs":282,"pop":140,"pointCount":1,"homeWorkCommuteMedian":32099,"workHomeCommuteMedian":34217},"geometry":{"type":"Polygon","coordinates":[[[-82.77680785206049,28.15574836801993],[-82.77680785206049,28.164741571657174],[-82.76781464842324,28.164741571657174],[-82.76781464842324,28.15574836801993],[-82.77680785206049,28.15574836801993]]]}},{"type":"Feature","properties":{"jobs":612,"pop":67,"pointCount":1,"homeWorkCommuteMedian":46521,"workHomeCommuteMedian":28741},"geometry":{"type":"Polygon","coordinates":[[[-82.77680785206049,28.164741571657174],[-82.77680785206049,28.17373477529442],[-82.76781464842324,28.17373477529442],[-82.76781464842324,28.164741571657174],[-82.77680785206049,28.164741571657174]]]}},{"type":"Feature","properties":{"jobs":195,"pop":564,"pointCount":1,"homeWorkCommuteMedian":32643,"workHomeCommuteMedian":27293},"geometry":{"type":"Polygon","coordinates":[[[-82.77680785206049,28.17373477529442],[-82.77680785206049,28.182727978931666],[-82.76781464842324,28.182727978931666],[-82.76781464842324,28.17373477529442],[-82.77680785206049,28.17373477529442]]]}},{"type":"Feature","properties":{"jobs":425,"pop":42,"pointCount":2,"homeWorkCommuteMedian":15991,"workHomeCommuteMedian":24118},"geometry":{"type":"Polygon","coordinates":[[[-82.76781464842324,27.75105420434386],[-82.76781464842324,27.760047407981105],[-82.758821444786,27.760047407981105],[-82.758821444786,27.75105420434386],[-82.76781464842324,27.75105420434386]]]}},{"type":"Feature","properties":{"jobs":1112,"pop":362,"pointCount":2,"homeWorkCommuteMedian":16757,"workHomeCommuteMedian":20286},"geometry":{"type":"Polygon","coordinates":[[[-82.76781464842324,27.76904061161835],[-82.76781464842324,27.778033815255597],[-82.758821444786,27.778033815255597],[-82.758821444786,27.76904061161835],[-82.76781464842324,27.76904061161835]]]}},{"type":"Feature","properties":{"jobs":0,"pop":312,"pointCount":1,"homeWorkCommuteMedian":27532,"workHomeCommuteMedian":-1},"geometry":{"type":"Polygon","coordinates":[[[-82.76781464842324,27.778033815255597],[-82.76781464842324,27.787027018892843],[-82.758821444786,27.787027018892843],[-82.758821444786,27.778033815255597],[-82.76781464842324,27.778033815255597]]]}},{"type":"Feature","properties":{"jobs":113,"pop":345,"pointCount":1,"homeWorkCommuteMedian":28645,"workHomeCommuteMedian":20306},"geometry":{"type":"Polygon","coordinates":[[[-82.76781464842324,27.805013426167335],[-82.76781464842324,27.81400662980458],[-82.758821444786,27.81400662980458],[-82.758821444786,27.805013426167335],[-82.76781464842324,27.805013426167335]]]}},{"type":"Feature","properties":{"jobs":149,"pop":607,"pointCount":1,"homeWorkCommuteMedian":18307,"workHomeCommuteMedian":14848},"geometry":{"type":"Polygon","coordinates":[[[-82.76781464842324,27.822999833441827],[-82.76781464842324,27.831993037079073],[-82.758821444786,27.831993037079073],[-82.758821444786,27.822999833441827],[-82.76781464842324,27.822999833441827]]]}},{"type":"Feature","properties":{"jobs":460,"pop":712,"pointCount":1,"homeWorkCommuteMedian":15711,"workHomeCommuteMedian":16343},"geometry":{"type":"Polygon","coordinates":[[[-82.76781464842324,27.831993037079073],[-82.76781464842324,27.84098624071632],[-82.758821444786,27.84098624071632],[-82.758821444786,27.831993037079073],[-82.76781464842324,27.831993037079073]]]}},{"type":"Feature","properties":{"jobs":331,"pop":389,"pointCount":1,"homeWorkCommuteMedian":21430,"workHomeCommuteMedian":12864},"geometry":{"type":"Polygon","coordinates":[[[-82.76781464842324,27.84098624071632],[-82.76781464842324,27.849979444353565],[-82.758821444786,27.849979444353565],[-82.758821444786,27.84098624071632],[-82.76781464842324,27.84098624071632]]]}},{"type":"Feature","properties":{"jobs":143,"pop":1092,"pointCount":1,"homeWorkCommuteMedian":12942,"workHomeCommuteMedian":13778},"geometry":{"type":"Polygon","coordinates":[[[-82.76781464842324,27.849979444353565],[-82.76781464842324,27.85897264799081],[-82.758821444786,27.85897264799081],[-82.758821444786,27.849979444353565],[-82.76781464842324,27.849979444353565]]]}},{"type":"Feature","properties":{"jobs":220,"pop":562,"pointCount":1,"homeWorkCommuteMedian":14319,"workHomeCommuteMedian":20311},"geometry":{"type":"Polygon","coordinates":[[[-82.76781464842324,27.85897264799081],[-82.76781464842324,27.867965851628057],[-82.758821444786,27.867965851628057],[-82.758821444786,27.85897264799081],[-82.76781464842324,27.85897264799081]]]}},{"type":"Feature","properties":{"jobs":847,"pop":498,"pointCount":3,"homeWorkCommuteMedian":22222,"workHomeCommuteMedian":20218},"geometry":{"type":"Polygon","coordinates":[[[-82.76781464842324,27.867965851628057],[-82.76781464842324,27.876959055265303],[-82.758821444786,27.876959055265303],[-82.758821444786,27.867965851628057],[-82.76781464842324,27.867965851628057]]]}},{"type":"Feature","properties":{"jobs":1594,"pop":398,"pointCount":3,"homeWorkCommuteMedian":19878,"workHomeCommuteMedian":21359},"geometry":{"type":"Polygon","coordinates":[[[-82.76781464842324,27.876959055265303],[-82.76781464842324,27.88595225890255],[-82.758821444786,27.88595225890255],[-82.758821444786,27.876959055265303],[-82.76781464842324,27.876959055265303]]]}},{"type":"Feature","properties":{"jobs":983,"pop":510,"pointCount":3,"homeWorkCommuteMedian":12403,"workHomeCommuteMedian":22813},"geometry":{"type":"Polygon","coordinates":[[[-82.76781464842324,27.88595225890255],[-82.76781464842324,27.894945462539795],[-82.758821444786,27.894945462539795],[-82.758821444786,27.88595225890255],[-82.76781464842324,27.88595225890255]]]}},{"type":"Feature","properties":{"jobs":510,"pop":149,"pointCount":1,"homeWorkCommuteMedian":12838,"workHomeCommuteMedian":22779},"geometry":{"type":"Polygon","coordinates":[[[-82.76781464842324,27.894945462539795],[-82.76781464842324,27.90393866617704],[-82.758821444786,27.90393866617704],[-82.758821444786,27.894945462539795],[-82.76781464842324,27.894945462539795]]]}},{"type":"Feature","properties":{"jobs":381,"pop":665,"pointCount":1,"homeWorkCommuteMedian":24285,"workHomeCommuteMedian":28569},"geometry":{"type":"Polygon","coordinates":[[[-82.76781464842324,27.90393866617704],[-82.76781464842324,27.912931869814287],[-82.758821444786,27.912931869814287],[-82.758821444786,27.90393866617704],[-82.76781464842324,27.90393866617704]]]}},{"type":"Feature","properties":{"jobs":752,"pop":2720,"pointCount":3,"homeWorkCommuteMedian":15612,"workHomeCommuteMedian":27024},"geometry":{"type":"Polygon","coordinates":[[[-82.76781464842324,27.912931869814287],[-82.76781464842324,27.921925073451533],[-82.758821444786,27.921925073451533],[-82.758821444786,27.912931869814287],[-82.76781464842324,27.912931869814287]]]}},{"type":"Feature","properties":{"jobs":224,"pop":937,"pointCount":1,"homeWorkCommuteMedian":19538,"workHomeCommuteMedian":20253},"geometry":{"type":"Polygon","coordinates":[[[-82.76781464842324,27.93091827708878],[-82.76781464842324,27.939911480726025],[-82.758821444786,27.939911480726025],[-82.758821444786,27.93091827708878],[-82.76781464842324,27.93091827708878]]]}},{"type":"Feature","properties":{"jobs":119,"pop":991,"pointCount":1,"homeWorkCommuteMedian":17738,"workHomeCommuteMedian":17806},"geometry":{"type":"Polygon","coordinates":[[[-82.76781464842324,27.939911480726025],[-82.76781464842324,27.94890468436327],[-82.758821444786,27.94890468436327],[-82.758821444786,27.939911480726025],[-82.76781464842324,27.939911480726025]]]}},{"type":"Feature","properties":{"jobs":62,"pop":401,"pointCount":1,"homeWorkCommuteMedian":15596,"workHomeCommuteMedian":15191},"geometry":{"type":"Polygon","coordinates":[[[-82.76781464842324,27.94890468436327],[-82.76781464842324,27.957897888000517],[-82.758821444786,27.957897888000517],[-82.758821444786,27.94890468436327],[-82.76781464842324,27.94890468436327]]]}},{"type":"Feature","properties":{"jobs":444,"pop":421,"pointCount":1,"homeWorkCommuteMedian":23196,"workHomeCommuteMedian":15339},"geometry":{"type":"Polygon","coordinates":[[[-82.76781464842324,27.957897888000517],[-82.76781464842324,27.966891091637763],[-82.758821444786,27.966891091637763],[-82.758821444786,27.957897888000517],[-82.76781464842324,27.957897888000517]]]}},{"type":"Feature","properties":{"jobs":748,"pop":959,"pointCount":2,"homeWorkCommuteMedian":23270,"workHomeCommuteMedian":17716},"geometry":{"type":"Polygon","coordinates":[[[-82.76781464842324,27.966891091637763],[-82.76781464842324,27.97588429527501],[-82.758821444786,27.97588429527501],[-82.758821444786,27.966891091637763],[-82.76781464842324,27.966891091637763]]]}},{"type":"Feature","properties":{"jobs":60,"pop":666,"pointCount":1,"homeWorkCommuteMedian":16324,"workHomeCommuteMedian":42603},"geometry":{"type":"Polygon","coordinates":[[[-82.76781464842324,27.97588429527501],[-82.76781464842324,27.984877498912255],[-82.758821444786,27.984877498912255],[-82.758821444786,27.97588429527501],[-82.76781464842324,27.97588429527501]]]}},{"type":"Feature","properties":{"jobs":403,"pop":219,"pointCount":1,"homeWorkCommuteMedian":22685,"workHomeCommuteMedian":21567},"geometry":{"type":"Polygon","coordinates":[[[-82.76781464842324,27.984877498912255],[-82.76781464842324,27.9938707025495],[-82.758821444786,27.9938707025495],[-82.758821444786,27.984877498912255],[-82.76781464842324,27.984877498912255]]]}},{"type":"Feature","properties":{"jobs":175,"pop":586,"pointCount":1,"homeWorkCommuteMedian":16392,"workHomeCommuteMedian":21130},"geometry":{"type":"Polygon","coordinates":[[[-82.76781464842324,27.9938707025495],[-82.76781464842324,28.002863906186747],[-82.758821444786,28.002863906186747],[-82.758821444786,27.9938707025495],[-82.76781464842324,27.9938707025495]]]}},{"type":"Feature","properties":{"jobs":83,"pop":1689,"pointCount":1,"homeWorkCommuteMedian":17573,"workHomeCommuteMedian":23150},"geometry":{"type":"Polygon","coordinates":[[[-82.76781464842324,28.002863906186747],[-82.76781464842324,28.011857109823993],[-82.758821444786,28.011857109823993],[-82.758821444786,28.002863906186747],[-82.76781464842324,28.002863906186747]]]}},{"type":"Feature","properties":{"jobs":361,"pop":914,"pointCount":1,"homeWorkCommuteMedian":31465,"workHomeCommuteMedian":19064},"geometry":{"type":"Polygon","coordinates":[[[-82.76781464842324,28.011857109823993],[-82.76781464842324,28.02085031346124],[-82.758821444786,28.02085031346124],[-82.758821444786,28.011857109823993],[-82.76781464842324,28.011857109823993]]]}},{"type":"Feature","properties":{"jobs":293,"pop":595,"pointCount":1,"homeWorkCommuteMedian":17555,"workHomeCommuteMedian":23228},"geometry":{"type":"Polygon","coordinates":[[[-82.76781464842324,28.02085031346124],[-82.76781464842324,28.029843517098485],[-82.758821444786,28.029843517098485],[-82.758821444786,28.02085031346124],[-82.76781464842324,28.02085031346124]]]}},{"type":"Feature","properties":{"jobs":155,"pop":324,"pointCount":1,"homeWorkCommuteMedian":30069,"workHomeCommuteMedian":8340},"geometry":{"type":"Polygon","coordinates":[[[-82.76781464842324,28.03883672073573],[-82.76781464842324,28.047829924372977],[-82.758821444786,28.047829924372977],[-82.758821444786,28.03883672073573],[-82.76781464842324,28.03883672073573]]]}},{"type":"Feature","properties":{"jobs":222,"pop":876,"pointCount":1,"homeWorkCommuteMedian":27887,"workHomeCommuteMedian":15835},"geometry":{"type":"Polygon","coordinates":[[[-82.76781464842324,28.047829924372977],[-82.76781464842324,28.056823128010222],[-82.758821444786,28.056823128010222],[-82.758821444786,28.047829924372977],[-82.76781464842324,28.047829924372977]]]}},{"type":"Feature","properties":{"jobs":1051,"pop":1397,"pointCount":2,"homeWorkCommuteMedian":23287,"workHomeCommuteMedian":23857},"geometry":{"type":"Polygon","coordinates":[[[-82.76781464842324,28.06581633164747],[-82.76781464842324,28.074809535284714],[-82.758821444786,28.074809535284714],[-82.758821444786,28.06581633164747],[-82.76781464842324,28.06581633164747]]]}},{"type":"Feature","properties":{"jobs":583,"pop":1172,"pointCount":3,"homeWorkCommuteMedian":22632,"workHomeCommuteMedian":20804},"geometry":{"type":"Polygon","coordinates":[[[-82.76781464842324,28.074809535284714],[-82.76781464842324,28.08380273892196],[-82.758821444786,28.08380273892196],[-82.758821444786,28.074809535284714],[-82.76781464842324,28.074809535284714]]]}},{"type":"Feature","properties":{"jobs":171,"pop":344,"pointCount":1,"homeWorkCommuteMedian":25313,"workHomeCommuteMedian":17197},"geometry":{"type":"Polygon","coordinates":[[[-82.76781464842324,28.092795942559206],[-82.76781464842324,28.101789146196452],[-82.758821444786,28.101789146196452],[-82.758821444786,28.092795942559206],[-82.76781464842324,28.092795942559206]]]}},{"type":"Feature","properties":{"jobs":157,"pop":849,"pointCount":1,"homeWorkCommuteMedian":32176,"workHomeCommuteMedian":19515},"geometry":{"type":"Polygon","coordinates":[[[-82.76781464842324,28.1107823498337],[-82.76781464842324,28.119775553470944],[-82.758821444786,28.119775553470944],[-82.758821444786,28.1107823498337],[-82.76781464842324,28.1107823498337]]]}},{"type":"Feature","properties":{"jobs":142,"pop":334,"pointCount":1,"homeWorkCommuteMedian":29530,"workHomeCommuteMedian":21339},"geometry":{"type":"Polygon","coordinates":[[[-82.76781464842324,28.12876875710819],[-82.76781464842324,28.137761960745436],[-82.758821444786,28.137761960745436],[-82.758821444786,28.12876875710819],[-82.76781464842324,28.12876875710819]]]}},{"type":"Feature","properties":{"jobs":147,"pop":792,"pointCount":1,"homeWorkCommuteMedian":22642,"workHomeCommuteMedian":25574},"geometry":{"type":"Polygon","coordinates":[[[-82.76781464842324,28.137761960745436],[-82.76781464842324,28.146755164382682],[-82.758821444786,28.146755164382682],[-82.758821444786,28.137761960745436],[-82.76781464842324,28.137761960745436]]]}},{"type":"Feature","properties":{"jobs":318,"pop":164,"pointCount":1,"homeWorkCommuteMedian":23919,"workHomeCommuteMedian":28730},"geometry":{"type":"Polygon","coordinates":[[[-82.76781464842324,28.146755164382682],[-82.76781464842324,28.15574836801993],[-82.758821444786,28.15574836801993],[-82.758821444786,28.146755164382682],[-82.76781464842324,28.146755164382682]]]}},{"type":"Feature","properties":{"jobs":655,"pop":196,"pointCount":1,"homeWorkCommuteMedian":32592,"workHomeCommuteMedian":27438},"geometry":{"type":"Polygon","coordinates":[[[-82.76781464842324,28.15574836801993],[-82.76781464842324,28.164741571657174],[-82.758821444786,28.164741571657174],[-82.758821444786,28.15574836801993],[-82.76781464842324,28.15574836801993]]]}},{"type":"Feature","properties":{"jobs":351,"pop":428,"pointCount":1,"homeWorkCommuteMedian":36420,"workHomeCommuteMedian":30824},"geometry":{"type":"Polygon","coordinates":[[[-82.76781464842324,28.164741571657174],[-82.76781464842324,28.17373477529442],[-82.758821444786,28.17373477529442],[-82.758821444786,28.164741571657174],[-82.76781464842324,28.164741571657174]]]}},{"type":"Feature","properties":{"jobs":128,"pop":1024,"pointCount":1,"homeWorkCommuteMedian":35917,"workHomeCommuteMedian":23578},"geometry":{"type":"Polygon","coordinates":[[[-82.76781464842324,28.182727978931666],[-82.76781464842324,28.191721182568912],[-82.758821444786,28.191721182568912],[-82.758821444786,28.182727978931666],[-82.76781464842324,28.182727978931666]]]}},{"type":"Feature","properties":{"jobs":735,"pop":40,"pointCount":1,"homeWorkCommuteMedian":28614,"workHomeCommuteMedian":16038},"geometry":{"type":"Polygon","coordinates":[[[-82.758821444786,27.733067797069367],[-82.758821444786,27.742061000706613],[-82.74982824114875,27.742061000706613],[-82.74982824114875,27.733067797069367],[-82.758821444786,27.733067797069367]]]}},{"type":"Feature","properties":{"jobs":181,"pop":293,"pointCount":1,"homeWorkCommuteMedian":25661,"workHomeCommuteMedian":11002},"geometry":{"type":"Polygon","coordinates":[[[-82.758821444786,27.742061000706613],[-82.758821444786,27.75105420434386],[-82.74982824114875,27.75105420434386],[-82.74982824114875,27.742061000706613],[-82.758821444786,27.742061000706613]]]}},{"type":"Feature","properties":{"jobs":185,"pop":217,"pointCount":1,"homeWorkCommuteMedian":42682,"workHomeCommuteMedian":15633},"geometry":{"type":"Polygon","coordinates":[[[-82.758821444786,27.75105420434386],[-82.758821444786,27.760047407981105],[-82.74982824114875,27.760047407981105],[-82.74982824114875,27.75105420434386],[-82.758821444786,27.75105420434386]]]}},{"type":"Feature","properties":{"jobs":95,"pop":835,"pointCount":1,"homeWorkCommuteMedian":18908,"workHomeCommuteMedian":43864},"geometry":{"type":"Polygon","coordinates":[[[-82.758821444786,27.760047407981105],[-82.758821444786,27.76904061161835],[-82.74982824114875,27.76904061161835],[-82.74982824114875,27.760047407981105],[-82.758821444786,27.760047407981105]]]}},{"type":"Feature","properties":{"jobs":15,"pop":1376,"pointCount":1,"homeWorkCommuteMedian":24499,"workHomeCommuteMedian":20976},"geometry":{"type":"Polygon","coordinates":[[[-82.758821444786,27.76904061161835],[-82.758821444786,27.778033815255597],[-82.74982824114875,27.778033815255597],[-82.74982824114875,27.76904061161835],[-82.758821444786,27.76904061161835]]]}},{"type":"Feature","properties":{"jobs":29,"pop":719,"pointCount":1,"homeWorkCommuteMedian":34060,"workHomeCommuteMedian":21343},"geometry":{"type":"Polygon","coordinates":[[[-82.758821444786,27.787027018892843],[-82.758821444786,27.79602022253009],[-82.74982824114875,27.79602022253009],[-82.74982824114875,27.787027018892843],[-82.758821444786,27.787027018892843]]]}},{"type":"Feature","properties":{"jobs":508,"pop":335,"pointCount":1,"homeWorkCommuteMedian":18217,"workHomeCommuteMedian":15607},"geometry":{"type":"Polygon","coordinates":[[[-82.758821444786,27.805013426167335],[-82.758821444786,27.81400662980458],[-82.74982824114875,27.81400662980458],[-82.74982824114875,27.805013426167335],[-82.758821444786,27.805013426167335]]]}},{"type":"Feature","properties":{"jobs":1828,"pop":744,"pointCount":3,"homeWorkCommuteMedian":14763,"workHomeCommuteMedian":19977},"geometry":{"type":"Polygon","coordinates":[[[-82.758821444786,27.81400662980458],[-82.758821444786,27.822999833441827],[-82.74982824114875,27.822999833441827],[-82.74982824114875,27.81400662980458],[-82.758821444786,27.81400662980458]]]}},{"type":"Feature","properties":{"jobs":300,"pop":576,"pointCount":1,"homeWorkCommuteMedian":15883,"workHomeCommuteMedian":15596},"geometry":{"type":"Polygon","coordinates":[[[-82.758821444786,27.822999833441827],[-82.758821444786,27.831993037079073],[-82.74982824114875,27.831993037079073],[-82.74982824114875,27.822999833441827],[-82.758821444786,27.822999833441827]]]}},{"type":"Feature","properties":{"jobs":99,"pop":3001,"pointCount":2,"homeWorkCommuteMedian":14834,"workHomeCommuteMedian":14528},"geometry":{"type":"Polygon","coordinates":[[[-82.758821444786,27.849979444353565],[-82.758821444786,27.85897264799081],[-82.74982824114875,27.85897264799081],[-82.74982824114875,27.849979444353565],[-82.758821444786,27.849979444353565]]]}},{"type":"Feature","properties":{"jobs":320,"pop":371,"pointCount":1,"homeWorkCommuteMedian":16790,"workHomeCommuteMedian":20877},"geometry":{"type":"Polygon","coordinates":[[[-82.758821444786,27.85897264799081],[-82.758821444786,27.867965851628057],[-82.74982824114875,27.867965851628057],[-82.74982824114875,27.85897264799081],[-82.758821444786,27.85897264799081]]]}},{"type":"Feature","properties":{"jobs":4207,"pop":222,"pointCount":3,"homeWorkCommuteMedian":19980,"workHomeCommuteMedian":27098},"geometry":{"type":"Polygon","coordinates":[[[-82.758821444786,27.867965851628057],[-82.758821444786,27.876959055265303],[-82.74982824114875,27.876959055265303],[-82.74982824114875,27.867965851628057],[-82.758821444786,27.867965851628057]]]}},{"type":"Feature","properties":{"jobs":940,"pop":84,"pointCount":1,"homeWorkCommuteMedian":26348,"workHomeCommuteMedian":20827},"geometry":{"type":"Polygon","coordinates":[[[-82.758821444786,27.876959055265303],[-82.758821444786,27.88595225890255],[-82.74982824114875,27.88595225890255],[-82.74982824114875,27.876959055265303],[-82.758821444786,27.876959055265303]]]}},{"type":"Feature","properties":{"jobs":699,"pop":275,"pointCount":2,"homeWorkCommuteMedian":15622,"workHomeCommuteMedian":21814},"geometry":{"type":"Polygon","coordinates":[[[-82.758821444786,27.88595225890255],[-82.758821444786,27.894945462539795],[-82.74982824114875,27.894945462539795],[-82.74982824114875,27.88595225890255],[-82.758821444786,27.88595225890255]]]}},{"type":"Feature","properties":{"jobs":612,"pop":218,"pointCount":1,"homeWorkCommuteMedian":20340,"workHomeCommuteMedian":26252},"geometry":{"type":"Polygon","coordinates":[[[-82.758821444786,27.894945462539795],[-82.758821444786,27.90393866617704],[-82.74982824114875,27.90393866617704],[-82.74982824114875,27.894945462539795],[-82.758821444786,27.894945462539795]]]}},{"type":"Feature","properties":{"jobs":353,"pop":2016,"pointCount":2,"homeWorkCommuteMedian":19088,"workHomeCommuteMedian":17258},"geometry":{"type":"Polygon","coordinates":[[[-82.758821444786,27.90393866617704],[-82.758821444786,27.912931869814287],[-82.74982824114875,27.912931869814287],[-82.74982824114875,27.90393866617704],[-82.758821444786,27.90393866617704]]]}},{"type":"Feature","properties":{"jobs":494,"pop":2137,"pointCount":2,"homeWorkCommuteMedian":18541,"workHomeCommuteMedian":19685},"geometry":{"type":"Polygon","coordinates":[[[-82.758821444786,27.912931869814287],[-82.758821444786,27.921925073451533],[-82.74982824114875,27.921925073451533],[-82.74982824114875,27.912931869814287],[-82.758821444786,27.912931869814287]]]}},{"type":"Feature","properties":{"jobs":113,"pop":420,"pointCount":1,"homeWorkCommuteMedian":19948,"workHomeCommuteMedian":15320},"geometry":{"type":"Polygon","coordinates":[[[-82.758821444786,27.921925073451533],[-82.758821444786,27.93091827708878],[-82.74982824114875,27.93091827708878],[-82.74982824114875,27.921925073451533],[-82.758821444786,27.921925073451533]]]}},{"type":"Feature","properties":{"jobs":590,"pop":682,"pointCount":2,"homeWorkCommuteMedian":27550,"workHomeCommuteMedian":24726},"geometry":{"type":"Polygon","coordinates":[[[-82.758821444786,27.957897888000517],[-82.758821444786,27.966891091637763],[-82.74982824114875,27.966891091637763],[-82.74982824114875,27.957897888000517],[-82.758821444786,27.957897888000517]]]}},{"type":"Feature","properties":{"jobs":337,"pop":260,"pointCount":1,"homeWorkCommuteMedian":19950,"workHomeCommuteMedian":25449},"geometry":{"type":"Polygon","coordinates":[[[-82.758821444786,27.966891091637763],[-82.758821444786,27.97588429527501],[-82.74982824114875,27.97588429527501],[-82.74982824114875,27.966891091637763],[-82.758821444786,27.966891091637763]]]}},{"type":"Feature","properties":{"jobs":2219,"pop":537,"pointCount":5,"homeWorkCommuteMedian":20692,"workHomeCommuteMedian":22500},"geometry":{"type":"Polygon","coordinates":[[[-82.758821444786,27.97588429527501],[-82.758821444786,27.984877498912255],[-82.74982824114875,27.984877498912255],[-82.74982824114875,27.97588429527501],[-82.758821444786,27.97588429527501]]]}},{"type":"Feature","properties":{"jobs":2050,"pop":696,"pointCount":4,"homeWorkCommuteMedian":23630,"workHomeCommuteMedian":20605},"geometry":{"type":"Polygon","coordinates":[[[-82.758821444786,27.984877498912255],[-82.758821444786,27.9938707025495],[-82.74982824114875,27.9938707025495],[-82.74982824114875,27.984877498912255],[-82.758821444786,27.984877498912255]]]}},{"type":"Feature","properties":{"jobs":34,"pop":570,"pointCount":1,"homeWorkCommuteMedian":23717,"workHomeCommuteMedian":28007},"geometry":{"type":"Polygon","coordinates":[[[-82.758821444786,27.9938707025495],[-82.758821444786,28.002863906186747],[-82.74982824114875,28.002863906186747],[-82.74982824114875,27.9938707025495],[-82.758821444786,27.9938707025495]]]}},{"type":"Feature","properties":{"jobs":150,"pop":1503,"pointCount":1,"homeWorkCommuteMedian":20260,"workHomeCommuteMedian":28912},"geometry":{"type":"Polygon","coordinates":[[[-82.758821444786,28.002863906186747],[-82.758821444786,28.011857109823993],[-82.74982824114875,28.011857109823993],[-82.74982824114875,28.002863906186747],[-82.758821444786,28.002863906186747]]]}},{"type":"Feature","properties":{"jobs":855,"pop":1059,"pointCount":2,"homeWorkCommuteMedian":17722,"workHomeCommuteMedian":25594},"geometry":{"type":"Polygon","coordinates":[[[-82.758821444786,28.011857109823993],[-82.758821444786,28.02085031346124],[-82.74982824114875,28.02085031346124],[-82.74982824114875,28.011857109823993],[-82.758821444786,28.011857109823993]]]}},{"type":"Feature","properties":{"jobs":648,"pop":2266,"pointCount":3,"homeWorkCommuteMedian":20544,"workHomeCommuteMedian":23376},"geometry":{"type":"Polygon","coordinates":[[[-82.758821444786,28.02085031346124],[-82.758821444786,28.029843517098485],[-82.74982824114875,28.029843517098485],[-82.74982824114875,28.02085031346124],[-82.758821444786,28.02085031346124]]]}},{"type":"Feature","properties":{"jobs":176,"pop":1154,"pointCount":1,"homeWorkCommuteMedian":23797,"workHomeCommuteMedian":24704},"geometry":{"type":"Polygon","coordinates":[[[-82.758821444786,28.029843517098485],[-82.758821444786,28.03883672073573],[-82.74982824114875,28.03883672073573],[-82.74982824114875,28.029843517098485],[-82.758821444786,28.029843517098485]]]}},{"type":"Feature","properties":{"jobs":379,"pop":1000,"pointCount":1,"homeWorkCommuteMedian":25574,"workHomeCommuteMedian":22537},"geometry":{"type":"Polygon","coordinates":[[[-82.758821444786,28.047829924372977],[-82.758821444786,28.056823128010222],[-82.74982824114875,28.056823128010222],[-82.74982824114875,28.047829924372977],[-82.758821444786,28.047829924372977]]]}},{"type":"Feature","properties":{"jobs":157,"pop":1144,"pointCount":1,"homeWorkCommuteMedian":21512,"workHomeCommuteMedian":24727},"geometry":{"type":"Polygon","coordinates":[[[-82.758821444786,28.06581633164747],[-82.758821444786,28.074809535284714],[-82.74982824114875,28.074809535284714],[-82.74982824114875,28.06581633164747],[-82.758821444786,28.06581633164747]]]}},{"type":"Feature","properties":{"jobs":84,"pop":643,"pointCount":1,"homeWorkCommuteMedian":26763,"workHomeCommuteMedian":19272},"geometry":{"type":"Polygon","coordinates":[[[-82.758821444786,28.08380273892196],[-82.758821444786,28.092795942559206],[-82.74982824114875,28.092795942559206],[-82.74982824114875,28.08380273892196],[-82.758821444786,28.08380273892196]]]}},{"type":"Feature","properties":{"jobs":160,"pop":886,"pointCount":1,"homeWorkCommuteMedian":25369,"workHomeCommuteMedian":25820},"geometry":{"type":"Polygon","coordinates":[[[-82.758821444786,28.092795942559206],[-82.758821444786,28.101789146196452],[-82.74982824114875,28.101789146196452],[-82.74982824114875,28.092795942559206],[-82.758821444786,28.092795942559206]]]}},{"type":"Feature","properties":{"jobs":274,"pop":857,"pointCount":1,"homeWorkCommuteMedian":30249,"workHomeCommuteMedian":18212},"geometry":{"type":"Polygon","coordinates":[[[-82.758821444786,28.119775553470944],[-82.758821444786,28.12876875710819],[-82.74982824114875,28.12876875710819],[-82.74982824114875,28.119775553470944],[-82.758821444786,28.119775553470944]]]}},{"type":"Feature","properties":{"jobs":1014,"pop":793,"pointCount":1,"homeWorkCommuteMedian":31264,"workHomeCommuteMedian":26490},"geometry":{"type":"Polygon","coordinates":[[[-82.758821444786,28.12876875710819],[-82.758821444786,28.137761960745436],[-82.74982824114875,28.137761960745436],[-82.74982824114875,28.12876875710819],[-82.758821444786,28.12876875710819]]]}},{"type":"Feature","properties":{"jobs":870,"pop":1015,"pointCount":2,"homeWorkCommuteMedian":34570,"workHomeCommuteMedian":23318},"geometry":{"type":"Polygon","coordinates":[[[-82.758821444786,28.137761960745436],[-82.758821444786,28.146755164382682],[-82.74982824114875,28.146755164382682],[-82.74982824114875,28.137761960745436],[-82.758821444786,28.137761960745436]]]}},{"type":"Feature","properties":{"jobs":865,"pop":786,"pointCount":2,"homeWorkCommuteMedian":27384,"workHomeCommuteMedian":17993},"geometry":{"type":"Polygon","coordinates":[[[-82.758821444786,28.146755164382682],[-82.758821444786,28.15574836801993],[-82.74982824114875,28.15574836801993],[-82.74982824114875,28.146755164382682],[-82.758821444786,28.146755164382682]]]}},{"type":"Feature","properties":{"jobs":148,"pop":474,"pointCount":1,"homeWorkCommuteMedian":35118,"workHomeCommuteMedian":31194},"geometry":{"type":"Polygon","coordinates":[[[-82.758821444786,28.164741571657174],[-82.758821444786,28.17373477529442],[-82.74982824114875,28.17373477529442],[-82.74982824114875,28.164741571657174],[-82.758821444786,28.164741571657174]]]}},{"type":"Feature","properties":{"jobs":289,"pop":621,"pointCount":1,"homeWorkCommuteMedian":32351,"workHomeCommuteMedian":29467},"geometry":{"type":"Polygon","coordinates":[[[-82.758821444786,28.17373477529442],[-82.758821444786,28.182727978931666],[-82.74982824114875,28.182727978931666],[-82.74982824114875,28.17373477529442],[-82.758821444786,28.17373477529442]]]}},{"type":"Feature","properties":{"jobs":73,"pop":1661,"pointCount":1,"homeWorkCommuteMedian":32965,"workHomeCommuteMedian":20300},"geometry":{"type":"Polygon","coordinates":[[[-82.758821444786,28.182727978931666],[-82.758821444786,28.191721182568912],[-82.74982824114875,28.191721182568912],[-82.74982824114875,28.182727978931666],[-82.758821444786,28.182727978931666]]]}},{"type":"Feature","properties":{"jobs":28,"pop":623,"pointCount":1,"homeWorkCommuteMedian":40237,"workHomeCommuteMedian":23786},"geometry":{"type":"Polygon","coordinates":[[[-82.758821444786,28.191721182568912],[-82.758821444786,28.20071438620616],[-82.74982824114875,28.20071438620616],[-82.74982824114875,28.191721182568912],[-82.758821444786,28.191721182568912]]]}},{"type":"Feature","properties":{"jobs":50,"pop":875,"pointCount":1,"homeWorkCommuteMedian":35784,"workHomeCommuteMedian":13056},"geometry":{"type":"Polygon","coordinates":[[[-82.758821444786,28.20071438620616],[-82.758821444786,28.209707589843404],[-82.74982824114875,28.209707589843404],[-82.74982824114875,28.20071438620616],[-82.758821444786,28.20071438620616]]]}},{"type":"Feature","properties":{"jobs":6800,"pop":0,"pointCount":1,"homeWorkCommuteMedian":-1,"workHomeCommuteMedian":39387},"geometry":{"type":"Polygon","coordinates":[[[-82.74982824114875,27.715081389794875],[-82.74982824114875,27.72407459343212],[-82.7408350375115,27.72407459343212],[-82.7408350375115,27.715081389794875],[-82.74982824114875,27.715081389794875]]]}},{"type":"Feature","properties":{"jobs":1845,"pop":475,"pointCount":2,"homeWorkCommuteMedian":17569,"workHomeCommuteMedian":19107},"geometry":{"type":"Polygon","coordinates":[[[-82.74982824114875,27.72407459343212],[-82.74982824114875,27.733067797069367],[-82.7408350375115,27.733067797069367],[-82.7408350375115,27.72407459343212],[-82.74982824114875,27.72407459343212]]]}},{"type":"Feature","properties":{"jobs":350,"pop":662,"pointCount":1,"homeWorkCommuteMedian":24660,"workHomeCommuteMedian":14938},"geometry":{"type":"Polygon","coordinates":[[[-82.74982824114875,27.742061000706613],[-82.74982824114875,27.75105420434386],[-82.7408350375115,27.75105420434386],[-82.7408350375115,27.742061000706613],[-82.74982824114875,27.742061000706613]]]}},{"type":"Feature","properties":{"jobs":0,"pop":1168,"pointCount":1,"homeWorkCommuteMedian":24098,"workHomeCommuteMedian":-1},"geometry":{"type":"Polygon","coordinates":[[[-82.74982824114875,27.75105420434386],[-82.74982824114875,27.760047407981105],[-82.7408350375115,27.760047407981105],[-82.7408350375115,27.75105420434386],[-82.74982824114875,27.75105420434386]]]}},{"type":"Feature","properties":{"jobs":106,"pop":992,"pointCount":1,"homeWorkCommuteMedian":21335,"workHomeCommuteMedian":23829},"geometry":{"type":"Polygon","coordinates":[[[-82.74982824114875,27.760047407981105],[-82.74982824114875,27.76904061161835],[-82.7408350375115,27.76904061161835],[-82.7408350375115,27.760047407981105],[-82.74982824114875,27.760047407981105]]]}},{"type":"Feature","properties":{"jobs":210,"pop":408,"pointCount":1,"homeWorkCommuteMedian":17620,"workHomeCommuteMedian":16421},"geometry":{"type":"Polygon","coordinates":[[[-82.74982824114875,27.778033815255597],[-82.74982824114875,27.787027018892843],[-82.7408350375115,27.787027018892843],[-82.7408350375115,27.778033815255597],[-82.74982824114875,27.778033815255597]]]}},{"type":"Feature","properties":{"jobs":352,"pop":2641,"pointCount":2,"homeWorkCommuteMedian":11548,"workHomeCommuteMedian":16711},"geometry":{"type":"Polygon","coordinates":[[[-82.74982824114875,27.787027018892843],[-82.74982824114875,27.79602022253009],[-82.7408350375115,27.79602022253009],[-82.7408350375115,27.787027018892843],[-82.74982824114875,27.787027018892843]]]}},{"type":"Feature","properties":{"jobs":238,"pop":329,"pointCount":1,"homeWorkCommuteMedian":11820,"workHomeCommuteMedian":16031},"geometry":{"type":"Polygon","coordinates":[[[-82.74982824114875,27.79602022253009],[-82.74982824114875,27.805013426167335],[-82.7408350375115,27.805013426167335],[-82.7408350375115,27.79602022253009],[-82.74982824114875,27.79602022253009]]]}},{"type":"Feature","properties":{"jobs":178,"pop":2036,"pointCount":2,"homeWorkCommuteMedian":16618,"workHomeCommuteMedian":14341},"geometry":{"type":"Polygon","coordinates":[[[-82.74982824114875,27.805013426167335],[-82.74982824114875,27.81400662980458],[-82.7408350375115,27.81400662980458],[-82.7408350375115,27.805013426167335],[-82.74982824114875,27.805013426167335]]]}},{"type":"Feature","properties":{"jobs":289,"pop":587,"pointCount":1,"homeWorkCommuteMedian":15818,"workHomeCommuteMedian":19911},"geometry":{"type":"Polygon","coordinates":[[[-82.74982824114875,27.831993037079073],[-82.74982824114875,27.84098624071632],[-82.7408350375115,27.84098624071632],[-82.7408350375115,27.831993037079073],[-82.74982824114875,27.831993037079073]]]}},{"type":"Feature","properties":{"jobs":13,"pop":743,"pointCount":1,"homeWorkCommuteMedian":13910,"workHomeCommuteMedian":17507},"geometry":{"type":"Polygon","coordinates":[[[-82.74982824114875,27.84098624071632],[-82.74982824114875,27.849979444353565],[-82.7408350375115,27.849979444353565],[-82.7408350375115,27.84098624071632],[-82.74982824114875,27.84098624071632]]]}},{"type":"Feature","properties":{"jobs":36,"pop":1005,"pointCount":1,"homeWorkCommuteMedian":14435,"workHomeCommuteMedian":14701},"geometry":{"type":"Polygon","coordinates":[[[-82.74982824114875,27.849979444353565],[-82.74982824114875,27.85897264799081],[-82.7408350375115,27.85897264799081],[-82.7408350375115,27.849979444353565],[-82.74982824114875,27.849979444353565]]]}},{"type":"Feature","properties":{"jobs":493,"pop":114,"pointCount":1,"homeWorkCommuteMedian":11591,"workHomeCommuteMedian":27005},"geometry":{"type":"Polygon","coordinates":[[[-82.74982824114875,27.867965851628057],[-82.74982824114875,27.876959055265303],[-82.7408350375115,27.876959055265303],[-82.7408350375115,27.867965851628057],[-82.74982824114875,27.867965851628057]]]}},{"type":"Feature","properties":{"jobs":2006,"pop":313,"pointCount":2,"homeWorkCommuteMedian":16934,"workHomeCommuteMedian":26180},"geometry":{"type":"Polygon","coordinates":[[[-82.74982824114875,27.876959055265303],[-82.74982824114875,27.88595225890255],[-82.7408350375115,27.88595225890255],[-82.7408350375115,27.876959055265303],[-82.74982824114875,27.876959055265303]]]}},{"type":"Feature","properties":{"jobs":1306,"pop":1357,"pointCount":3,"homeWorkCommuteMedian":17052,"workHomeCommuteMedian":17374},"geometry":{"type":"Polygon","coordinates":[[[-82.74982824114875,27.88595225890255],[-82.74982824114875,27.894945462539795],[-82.7408350375115,27.894945462539795],[-82.7408350375115,27.88595225890255],[-82.74982824114875,27.88595225890255]]]}},{"type":"Feature","properties":{"jobs":732,"pop":1339,"pointCount":3,"homeWorkCommuteMedian":13797,"workHomeCommuteMedian":18476},"geometry":{"type":"Polygon","coordinates":[[[-82.74982824114875,27.894945462539795],[-82.74982824114875,27.90393866617704],[-82.7408350375115,27.90393866617704],[-82.7408350375115,27.894945462539795],[-82.74982824114875,27.894945462539795]]]}},{"type":"Feature","properties":{"jobs":45,"pop":840,"pointCount":1,"homeWorkCommuteMedian":12288,"workHomeCommuteMedian":38450},"geometry":{"type":"Polygon","coordinates":[[[-82.74982824114875,27.90393866617704],[-82.74982824114875,27.912931869814287],[-82.7408350375115,27.912931869814287],[-82.7408350375115,27.90393866617704],[-82.74982824114875,27.90393866617704]]]}},{"type":"Feature","properties":{"jobs":1846,"pop":2535,"pointCount":3,"homeWorkCommuteMedian":20400,"workHomeCommuteMedian":23966},"geometry":{"type":"Polygon","coordinates":[[[-82.74982824114875,27.912931869814287],[-82.74982824114875,27.921925073451533],[-82.7408350375115,27.921925073451533],[-82.7408350375115,27.912931869814287],[-82.74982824114875,27.912931869814287]]]}},{"type":"Feature","properties":{"jobs":60,"pop":697,"pointCount":1,"homeWorkCommuteMedian":19238,"workHomeCommuteMedian":22397},"geometry":{"type":"Polygon","coordinates":[[[-82.74982824114875,27.921925073451533],[-82.74982824114875,27.93091827708878],[-82.7408350375115,27.93091827708878],[-82.7408350375115,27.921925073451533],[-82.74982824114875,27.921925073451533]]]}},{"type":"Feature","properties":{"jobs":159,"pop":940,"pointCount":1,"homeWorkCommuteMedian":16387,"workHomeCommuteMedian":28470},"geometry":{"type":"Polygon","coordinates":[[[-82.74982824114875,27.93091827708878],[-82.74982824114875,27.939911480726025],[-82.7408350375115,27.939911480726025],[-82.7408350375115,27.93091827708878],[-82.74982824114875,27.93091827708878]]]}},{"type":"Feature","properties":{"jobs":340,"pop":684,"pointCount":1,"homeWorkCommuteMedian":20114,"workHomeCommuteMedian":20100},"geometry":{"type":"Polygon","coordinates":[[[-82.74982824114875,27.939911480726025],[-82.74982824114875,27.94890468436327],[-82.7408350375115,27.94890468436327],[-82.7408350375115,27.939911480726025],[-82.74982824114875,27.939911480726025]]]}},{"type":"Feature","properties":{"jobs":524,"pop":1583,"pointCount":2,"homeWorkCommuteMedian":18311,"workHomeCommuteMedian":18640},"geometry":{"type":"Polygon","coordinates":[[[-82.74982824114875,27.94890468436327],[-82.74982824114875,27.957897888000517],[-82.7408350375115,27.957897888000517],[-82.7408350375115,27.94890468436327],[-82.74982824114875,27.94890468436327]]]}},{"type":"Feature","properties":{"jobs":1029,"pop":887,"pointCount":3,"homeWorkCommuteMedian":16386,"workHomeCommuteMedian":18518},"geometry":{"type":"Polygon","coordinates":[[[-82.74982824114875,27.957897888000517],[-82.74982824114875,27.966891091637763],[-82.7408350375115,27.966891091637763],[-82.7408350375115,27.957897888000517],[-82.74982824114875,27.957897888000517]]]}},{"type":"Feature","properties":{"jobs":1164,"pop":876,"pointCount":2,"homeWorkCommuteMedian":24350,"workHomeCommuteMedian":21001},"geometry":{"type":"Polygon","coordinates":[[[-82.74982824114875,27.966891091637763],[-82.74982824114875,27.97588429527501],[-82.7408350375115,27.97588429527501],[-82.7408350375115,27.966891091637763],[-82.74982824114875,27.966891091637763]]]}},{"type":"Feature","properties":{"jobs":1452,"pop":572,"pointCount":4,"homeWorkCommuteMedian":17883,"workHomeCommuteMedian":22026},"geometry":{"type":"Polygon","coordinates":[[[-82.74982824114875,27.97588429527501],[-82.74982824114875,27.984877498912255],[-82.7408350375115,27.984877498912255],[-82.7408350375115,27.97588429527501],[-82.74982824114875,27.97588429527501]]]}},{"type":"Feature","properties":{"jobs":399,"pop":788,"pointCount":2,"homeWorkCommuteMedian":17936,"workHomeCommuteMedian":22253},"geometry":{"type":"Polygon","coordinates":[[[-82.74982824114875,27.984877498912255],[-82.74982824114875,27.9938707025495],[-82.7408350375115,27.9938707025495],[-82.7408350375115,27.984877498912255],[-82.74982824114875,27.984877498912255]]]}},{"type":"Feature","properties":{"jobs":30,"pop":1667,"pointCount":1,"homeWorkCommuteMedian":22642,"workHomeCommuteMedian":52491},"geometry":{"type":"Polygon","coordinates":[[[-82.74982824114875,27.9938707025495],[-82.74982824114875,28.002863906186747],[-82.7408350375115,28.002863906186747],[-82.7408350375115,27.9938707025495],[-82.74982824114875,27.9938707025495]]]}},{"type":"Feature","properties":{"jobs":107,"pop":467,"pointCount":1,"homeWorkCommuteMedian":21945,"workHomeCommuteMedian":16048},"geometry":{"type":"Polygon","coordinates":[[[-82.74982824114875,28.002863906186747],[-82.74982824114875,28.011857109823993],[-82.7408350375115,28.011857109823993],[-82.7408350375115,28.002863906186747],[-82.74982824114875,28.002863906186747]]]}},{"type":"Feature","properties":{"jobs":534,"pop":2416,"pointCount":3,"homeWorkCommuteMedian":22937,"workHomeCommuteMedian":23669},"geometry":{"type":"Polygon","coordinates":[[[-82.74982824114875,28.011857109823993],[-82.74982824114875,28.02085031346124],[-82.7408350375115,28.02085031346124],[-82.7408350375115,28.011857109823993],[-82.74982824114875,28.011857109823993]]]}},{"type":"Feature","properties":{"jobs":229,"pop":898,"pointCount":1,"homeWorkCommuteMedian":24093,"workHomeCommuteMedian":22735},"geometry":{"type":"Polygon","coordinates":[[[-82.74982824114875,28.02085031346124],[-82.74982824114875,28.029843517098485],[-82.7408350375115,28.029843517098485],[-82.7408350375115,28.02085031346124],[-82.74982824114875,28.02085031346124]]]}},{"type":"Feature","properties":{"jobs":254,"pop":305,"pointCount":1,"homeWorkCommuteMedian":22692,"workHomeCommuteMedian":16241},"geometry":{"type":"Polygon","coordinates":[[[-82.74982824114875,28.029843517098485],[-82.74982824114875,28.03883672073573],[-82.7408350375115,28.03883672073573],[-82.7408350375115,28.029843517098485],[-82.74982824114875,28.029843517098485]]]}},{"type":"Feature","properties":{"jobs":524,"pop":444,"pointCount":1,"homeWorkCommuteMedian":26016,"workHomeCommuteMedian":19646},"geometry":{"type":"Polygon","coordinates":[[[-82.74982824114875,28.03883672073573],[-82.74982824114875,28.047829924372977],[-82.7408350375115,28.047829924372977],[-82.7408350375115,28.03883672073573],[-82.74982824114875,28.03883672073573]]]}},{"type":"Feature","properties":{"jobs":474,"pop":672,"pointCount":2,"homeWorkCommuteMedian":20536,"workHomeCommuteMedian":20892},"geometry":{"type":"Polygon","coordinates":[[[-82.74982824114875,28.047829924372977],[-82.74982824114875,28.056823128010222],[-82.7408350375115,28.056823128010222],[-82.7408350375115,28.047829924372977],[-82.74982824114875,28.047829924372977]]]}},{"type":"Feature","properties":{"jobs":805,"pop":1811,"pointCount":1,"homeWorkCommuteMedian":20702,"workHomeCommuteMedian":21726},"geometry":{"type":"Polygon","coordinates":[[[-82.74982824114875,28.056823128010222],[-82.74982824114875,28.06581633164747],[-82.7408350375115,28.06581633164747],[-82.7408350375115,28.056823128010222],[-82.74982824114875,28.056823128010222]]]}},{"type":"Feature","properties":{"jobs":424,"pop":879,"pointCount":1,"homeWorkCommuteMedian":23066,"workHomeCommuteMedian":23024},"geometry":{"type":"Polygon","coordinates":[[[-82.74982824114875,28.06581633164747],[-82.74982824114875,28.074809535284714],[-82.7408350375115,28.074809535284714],[-82.7408350375115,28.06581633164747],[-82.74982824114875,28.06581633164747]]]}},{"type":"Feature","properties":{"jobs":153,"pop":736,"pointCount":1,"homeWorkCommuteMedian":21988,"workHomeCommuteMedian":14850},"geometry":{"type":"Polygon","coordinates":[[[-82.74982824114875,28.074809535284714],[-82.74982824114875,28.08380273892196],[-82.7408350375115,28.08380273892196],[-82.7408350375115,28.074809535284714],[-82.74982824114875,28.074809535284714]]]}},{"type":"Feature","properties":{"jobs":740,"pop":760,"pointCount":2,"homeWorkCommuteMedian":30774,"workHomeCommuteMedian":25495},"geometry":{"type":"Polygon","coordinates":[[[-82.74982824114875,28.08380273892196],[-82.74982824114875,28.092795942559206],[-82.7408350375115,28.092795942559206],[-82.7408350375115,28.08380273892196],[-82.74982824114875,28.08380273892196]]]}},{"type":"Feature","properties":{"jobs":482,"pop":1953,"pointCount":3,"homeWorkCommuteMedian":26216,"workHomeCommuteMedian":29452},"geometry":{"type":"Polygon","coordinates":[[[-82.74982824114875,28.092795942559206],[-82.74982824114875,28.101789146196452],[-82.7408350375115,28.101789146196452],[-82.7408350375115,28.092795942559206],[-82.74982824114875,28.092795942559206]]]}},{"type":"Feature","properties":{"jobs":626,"pop":1332,"pointCount":1,"homeWorkCommuteMedian":29959,"workHomeCommuteMedian":21064},"geometry":{"type":"Polygon","coordinates":[[[-82.74982824114875,28.101789146196452],[-82.74982824114875,28.1107823498337],[-82.7408350375115,28.1107823498337],[-82.7408350375115,28.101789146196452],[-82.74982824114875,28.101789146196452]]]}},{"type":"Feature","properties":{"jobs":147,"pop":1065,"pointCount":1,"homeWorkCommuteMedian":27502,"workHomeCommuteMedian":16411},"geometry":{"type":"Polygon","coordinates":[[[-82.74982824114875,28.1107823498337],[-82.74982824114875,28.119775553470944],[-82.7408350375115,28.119775553470944],[-82.7408350375115,28.1107823498337],[-82.74982824114875,28.1107823498337]]]}},{"type":"Feature","properties":{"jobs":190,"pop":821,"pointCount":1,"homeWorkCommuteMedian":26845,"workHomeCommuteMedian":28009},"geometry":{"type":"Polygon","coordinates":[[[-82.74982824114875,28.119775553470944],[-82.74982824114875,28.12876875710819],[-82.7408350375115,28.12876875710819],[-82.7408350375115,28.119775553470944],[-82.74982824114875,28.119775553470944]]]}},{"type":"Feature","properties":{"jobs":174,"pop":269,"pointCount":1,"homeWorkCommuteMedian":28307,"workHomeCommuteMedian":21191},"geometry":{"type":"Polygon","coordinates":[[[-82.74982824114875,28.12876875710819],[-82.74982824114875,28.137761960745436],[-82.7408350375115,28.137761960745436],[-82.7408350375115,28.12876875710819],[-82.74982824114875,28.12876875710819]]]}},{"type":"Feature","properties":{"jobs":946,"pop":488,"pointCount":2,"homeWorkCommuteMedian":31147,"workHomeCommuteMedian":25336},"geometry":{"type":"Polygon","coordinates":[[[-82.74982824114875,28.137761960745436],[-82.74982824114875,28.146755164382682],[-82.7408350375115,28.146755164382682],[-82.7408350375115,28.137761960745436],[-82.74982824114875,28.137761960745436]]]}},{"type":"Feature","properties":{"jobs":304,"pop":106,"pointCount":1,"homeWorkCommuteMedian":38025,"workHomeCommuteMedian":25526},"geometry":{"type":"Polygon","coordinates":[[[-82.74982824114875,28.146755164382682],[-82.74982824114875,28.15574836801993],[-82.7408350375115,28.15574836801993],[-82.7408350375115,28.146755164382682],[-82.74982824114875,28.146755164382682]]]}},{"type":"Feature","properties":{"jobs":331,"pop":557,"pointCount":2,"homeWorkCommuteMedian":34959,"workHomeCommuteMedian":24210},"geometry":{"type":"Polygon","coordinates":[[[-82.74982824114875,28.15574836801993],[-82.74982824114875,28.164741571657174],[-82.7408350375115,28.164741571657174],[-82.7408350375115,28.15574836801993],[-82.74982824114875,28.15574836801993]]]}},{"type":"Feature","properties":{"jobs":331,"pop":175,"pointCount":1,"homeWorkCommuteMedian":30215,"workHomeCommuteMedian":27126},"geometry":{"type":"Polygon","coordinates":[[[-82.74982824114875,28.164741571657174],[-82.74982824114875,28.17373477529442],[-82.7408350375115,28.17373477529442],[-82.7408350375115,28.164741571657174],[-82.74982824114875,28.164741571657174]]]}},{"type":"Feature","properties":{"jobs":411,"pop":962,"pointCount":2,"homeWorkCommuteMedian":37965,"workHomeCommuteMedian":32021},"geometry":{"type":"Polygon","coordinates":[[[-82.74982824114875,28.17373477529442],[-82.74982824114875,28.182727978931666],[-82.7408350375115,28.182727978931666],[-82.7408350375115,28.17373477529442],[-82.74982824114875,28.17373477529442]]]}},{"type":"Feature","properties":{"jobs":287,"pop":993,"pointCount":1,"homeWorkCommuteMedian":34423,"workHomeCommuteMedian":27979},"geometry":{"type":"Polygon","coordinates":[[[-82.74982824114875,28.191721182568912],[-82.74982824114875,28.20071438620616],[-82.7408350375115,28.20071438620616],[-82.7408350375115,28.191721182568912],[-82.74982824114875,28.191721182568912]]]}},{"type":"Feature","properties":{"jobs":217,"pop":586,"pointCount":1,"homeWorkCommuteMedian":30116,"workHomeCommuteMedian":17335},"geometry":{"type":"Polygon","coordinates":[[[-82.74982824114875,28.20071438620616],[-82.74982824114875,28.209707589843404],[-82.7408350375115,28.209707589843404],[-82.7408350375115,28.20071438620616],[-82.74982824114875,28.20071438620616]]]}},{"type":"Feature","properties":{"jobs":244,"pop":870,"pointCount":1,"homeWorkCommuteMedian":38608,"workHomeCommuteMedian":18302},"geometry":{"type":"Polygon","coordinates":[[[-82.74982824114875,28.209707589843404],[-82.74982824114875,28.21870079348065],[-82.7408350375115,28.21870079348065],[-82.7408350375115,28.209707589843404],[-82.74982824114875,28.209707589843404]]]}},{"type":"Feature","properties":{"jobs":98,"pop":458,"pointCount":1,"homeWorkCommuteMedian":38988,"workHomeCommuteMedian":38661},"geometry":{"type":"Polygon","coordinates":[[[-82.74982824114875,28.21870079348065],[-82.74982824114875,28.227693997117896],[-82.7408350375115,28.227693997117896],[-82.7408350375115,28.21870079348065],[-82.74982824114875,28.21870079348065]]]}},{"type":"Feature","properties":{"jobs":138,"pop":234,"pointCount":1,"homeWorkCommuteMedian":40835,"workHomeCommuteMedian":21427},"geometry":{"type":"Polygon","coordinates":[[[-82.74982824114875,28.236687200755142],[-82.74982824114875,28.245680404392388],[-82.7408350375115,28.245680404392388],[-82.7408350375115,28.236687200755142],[-82.74982824114875,28.236687200755142]]]}},{"type":"Feature","properties":{"jobs":179,"pop":13,"pointCount":1,"homeWorkCommuteMedian":68833,"workHomeCommuteMedian":23786},"geometry":{"type":"Polygon","coordinates":[[[-82.7408350375115,27.67910857524589],[-82.7408350375115,27.688101778883137],[-82.73184183387426,27.688101778883137],[-82.73184183387426,27.67910857524589],[-82.7408350375115,27.67910857524589]]]}},{"type":"Feature","properties":{"jobs":2883,"pop":32,"pointCount":2,"homeWorkCommuteMedian":61392,"workHomeCommuteMedian":23581},"geometry":{"type":"Polygon","coordinates":[[[-82.7408350375115,27.688101778883137],[-82.7408350375115,27.697094982520383],[-82.73184183387426,27.697094982520383],[-82.73184183387426,27.688101778883137],[-82.7408350375115,27.688101778883137]]]}},{"type":"Feature","properties":{"jobs":184,"pop":353,"pointCount":1,"homeWorkCommuteMedian":20909,"workHomeCommuteMedian":21862},"geometry":{"type":"Polygon","coordinates":[[[-82.7408350375115,27.70608818615763],[-82.7408350375115,27.715081389794875],[-82.73184183387426,27.715081389794875],[-82.73184183387426,27.70608818615763],[-82.7408350375115,27.70608818615763]]]}},{"type":"Feature","properties":{"jobs":1078,"pop":156,"pointCount":2,"homeWorkCommuteMedian":43881,"workHomeCommuteMedian":28055},"geometry":{"type":"Polygon","coordinates":[[[-82.7408350375115,27.715081389794875],[-82.7408350375115,27.72407459343212],[-82.73184183387426,27.72407459343212],[-82.73184183387426,27.715081389794875],[-82.7408350375115,27.715081389794875]]]}},{"type":"Feature","properties":{"jobs":1806,"pop":2300,"pointCount":3,"homeWorkCommuteMedian":18464,"workHomeCommuteMedian":19183},"geometry":{"type":"Polygon","coordinates":[[[-82.7408350375115,27.75105420434386],[-82.7408350375115,27.760047407981105],[-82.73184183387426,27.760047407981105],[-82.73184183387426,27.75105420434386],[-82.7408350375115,27.75105420434386]]]}},{"type":"Feature","properties":{"jobs":570,"pop":1224,"pointCount":2,"homeWorkCommuteMedian":18851,"workHomeCommuteMedian":18911},"geometry":{"type":"Polygon","coordinates":[[[-82.7408350375115,27.760047407981105],[-82.7408350375115,27.76904061161835],[-82.73184183387426,27.76904061161835],[-82.73184183387426,27.760047407981105],[-82.7408350375115,27.760047407981105]]]}},{"type":"Feature","properties":{"jobs":480,"pop":1095,"pointCount":1,"homeWorkCommuteMedian":19844,"workHomeCommuteMedian":15029},"geometry":{"type":"Polygon","coordinates":[[[-82.7408350375115,27.76904061161835],[-82.7408350375115,27.778033815255597],[-82.73184183387426,27.778033815255597],[-82.73184183387426,27.76904061161835],[-82.7408350375115,27.76904061161835]]]}},{"type":"Feature","properties":{"jobs":134,"pop":908,"pointCount":1,"homeWorkCommuteMedian":12953,"workHomeCommuteMedian":13168},"geometry":{"type":"Polygon","coordinates":[[[-82.7408350375115,27.778033815255597],[-82.7408350375115,27.787027018892843],[-82.73184183387426,27.787027018892843],[-82.73184183387426,27.778033815255597],[-82.7408350375115,27.778033815255597]]]}},{"type":"Feature","properties":{"jobs":16703,"pop":715,"pointCount":2,"homeWorkCommuteMedian":20996,"workHomeCommuteMedian":6644},"geometry":{"type":"Polygon","coordinates":[[[-82.7408350375115,27.787027018892843],[-82.7408350375115,27.79602022253009],[-82.73184183387426,27.79602022253009],[-82.73184183387426,27.787027018892843],[-82.7408350375115,27.787027018892843]]]}},{"type":"Feature","properties":{"jobs":2041,"pop":3991,"pointCount":3,"homeWorkCommuteMedian":12785,"workHomeCommuteMedian":22366},"geometry":{"type":"Polygon","coordinates":[[[-82.7408350375115,27.79602022253009],[-82.7408350375115,27.805013426167335],[-82.73184183387426,27.805013426167335],[-82.73184183387426,27.79602022253009],[-82.7408350375115,27.79602022253009]]]}},{"type":"Feature","properties":{"jobs":322,"pop":679,"pointCount":2,"homeWorkCommuteMedian":14513,"workHomeCommuteMedian":11706},"geometry":{"type":"Polygon","coordinates":[[[-82.7408350375115,27.805013426167335],[-82.7408350375115,27.81400662980458],[-82.73184183387426,27.81400662980458],[-82.73184183387426,27.805013426167335],[-82.7408350375115,27.805013426167335]]]}},{"type":"Feature","properties":{"jobs":41,"pop":1055,"pointCount":1,"homeWorkCommuteMedian":20379,"workHomeCommuteMedian":9421},"geometry":{"type":"Polygon","coordinates":[[[-82.7408350375115,27.81400662980458],[-82.7408350375115,27.822999833441827],[-82.73184183387426,27.822999833441827],[-82.73184183387426,27.81400662980458],[-82.7408350375115,27.81400662980458]]]}},{"type":"Feature","properties":{"jobs":377,"pop":2526,"pointCount":2,"homeWorkCommuteMedian":16547,"workHomeCommuteMedian":13743},"geometry":{"type":"Polygon","coordinates":[[[-82.7408350375115,27.822999833441827],[-82.7408350375115,27.831993037079073],[-82.73184183387426,27.831993037079073],[-82.73184183387426,27.822999833441827],[-82.7408350375115,27.822999833441827]]]}},{"type":"Feature","properties":{"jobs":78,"pop":211,"pointCount":1,"homeWorkCommuteMedian":14224,"workHomeCommuteMedian":14574},"geometry":{"type":"Polygon","coordinates":[[[-82.7408350375115,27.831993037079073],[-82.7408350375115,27.84098624071632],[-82.73184183387426,27.84098624071632],[-82.73184183387426,27.831993037079073],[-82.7408350375115,27.831993037079073]]]}},{"type":"Feature","properties":{"jobs":452,"pop":427,"pointCount":1,"homeWorkCommuteMedian":18279,"workHomeCommuteMedian":25516},"geometry":{"type":"Polygon","coordinates":[[[-82.7408350375115,27.84098624071632],[-82.7408350375115,27.849979444353565],[-82.73184183387426,27.849979444353565],[-82.73184183387426,27.84098624071632],[-82.7408350375115,27.84098624071632]]]}},{"type":"Feature","properties":{"jobs":933,"pop":1045,"pointCount":1,"homeWorkCommuteMedian":14791,"workHomeCommuteMedian":28293},"geometry":{"type":"Polygon","coordinates":[[[-82.7408350375115,27.849979444353565],[-82.7408350375115,27.85897264799081],[-82.73184183387426,27.85897264799081],[-82.73184183387426,27.849979444353565],[-82.7408350375115,27.849979444353565]]]}},{"type":"Feature","properties":{"jobs":4085,"pop":523,"pointCount":5,"homeWorkCommuteMedian":16344,"workHomeCommuteMedian":21166},"geometry":{"type":"Polygon","coordinates":[[[-82.7408350375115,27.867965851628057],[-82.7408350375115,27.876959055265303],[-82.73184183387426,27.876959055265303],[-82.73184183387426,27.867965851628057],[-82.7408350375115,27.867965851628057]]]}},{"type":"Feature","properties":{"jobs":394,"pop":1242,"pointCount":3,"homeWorkCommuteMedian":12717,"workHomeCommuteMedian":21187},"geometry":{"type":"Polygon","coordinates":[[[-82.7408350375115,27.88595225890255],[-82.7408350375115,27.894945462539795],[-82.73184183387426,27.894945462539795],[-82.73184183387426,27.88595225890255],[-82.7408350375115,27.88595225890255]]]}},{"type":"Feature","properties":{"jobs":769,"pop":840,"pointCount":3,"homeWorkCommuteMedian":13028,"workHomeCommuteMedian":20150},"geometry":{"type":"Polygon","coordinates":[[[-82.7408350375115,27.894945462539795],[-82.7408350375115,27.90393866617704],[-82.73184183387426,27.90393866617704],[-82.73184183387426,27.894945462539795],[-82.7408350375115,27.894945462539795]]]}},{"type":"Feature","properties":{"jobs":324,"pop":1237,"pointCount":1,"homeWorkCommuteMedian":16640,"workHomeCommuteMedian":13970},"geometry":{"type":"Polygon","coordinates":[[[-82.7408350375115,27.90393866617704],[-82.7408350375115,27.912931869814287],[-82.73184183387426,27.912931869814287],[-82.73184183387426,27.90393866617704],[-82.7408350375115,27.90393866617704]]]}},{"type":"Feature","properties":{"jobs":1913,"pop":796,"pointCount":3,"homeWorkCommuteMedian":19047,"workHomeCommuteMedian":27857},"geometry":{"type":"Polygon","coordinates":[[[-82.7408350375115,27.912931869814287],[-82.7408350375115,27.921925073451533],[-82.73184183387426,27.921925073451533],[-82.73184183387426,27.912931869814287],[-82.7408350375115,27.912931869814287]]]}},{"type":"Feature","properties":{"jobs":465,"pop":537,"pointCount":1,"homeWorkCommuteMedian":15522,"workHomeCommuteMedian":26637},"geometry":{"type":"Polygon","coordinates":[[[-82.7408350375115,27.921925073451533],[-82.7408350375115,27.93091827708878],[-82.73184183387426,27.93091827708878],[-82.73184183387426,27.921925073451533],[-82.7408350375115,27.921925073451533]]]}},{"type":"Feature","properties":{"jobs":316,"pop":1208,"pointCount":2,"homeWorkCommuteMedian":14891,"workHomeCommuteMedian":16753},"geometry":{"type":"Polygon","coordinates":[[[-82.7408350375115,27.93091827708878],[-82.7408350375115,27.939911480726025],[-82.73184183387426,27.939911480726025],[-82.73184183387426,27.93091827708878],[-82.7408350375115,27.93091827708878]]]}},{"type":"Feature","properties":{"jobs":218,"pop":640,"pointCount":1,"homeWorkCommuteMedian":21064,"workHomeCommuteMedian":19409},"geometry":{"type":"Polygon","coordinates":[[[-82.7408350375115,27.939911480726025],[-82.7408350375115,27.94890468436327],[-82.73184183387426,27.94890468436327],[-82.73184183387426,27.939911480726025],[-82.7408350375115,27.939911480726025]]]}},{"type":"Feature","properties":{"jobs":157,"pop":2243,"pointCount":2,"homeWorkCommuteMedian":19504,"workHomeCommuteMedian":23438},"geometry":{"type":"Polygon","coordinates":[[[-82.7408350375115,27.94890468436327],[-82.7408350375115,27.957897888000517],[-82.73184183387426,27.957897888000517],[-82.73184183387426,27.94890468436327],[-82.7408350375115,27.94890468436327]]]}},{"type":"Feature","properties":{"jobs":1258,"pop":2527,"pointCount":4,"homeWorkCommuteMedian":15328,"workHomeCommuteMedian":18873},"geometry":{"type":"Polygon","coordinates":[[[-82.7408350375115,27.957897888000517],[-82.7408350375115,27.966891091637763],[-82.73184183387426,27.966891091637763],[-82.73184183387426,27.957897888000517],[-82.7408350375115,27.957897888000517]]]}},{"type":"Feature","properties":{"jobs":1286,"pop":1308,"pointCount":2,"homeWorkCommuteMedian":18321,"workHomeCommuteMedian":23938},"geometry":{"type":"Polygon","coordinates":[[[-82.7408350375115,27.966891091637763],[-82.7408350375115,27.97588429527501],[-82.73184183387426,27.97588429527501],[-82.73184183387426,27.966891091637763],[-82.7408350375115,27.966891091637763]]]}},{"type":"Feature","properties":{"jobs":567,"pop":1042,"pointCount":2,"homeWorkCommuteMedian":24310,"workHomeCommuteMedian":21367},"geometry":{"type":"Polygon","coordinates":[[[-82.7408350375115,27.984877498912255],[-82.7408350375115,27.9938707025495],[-82.73184183387426,27.9938707025495],[-82.73184183387426,27.984877498912255],[-82.7408350375115,27.984877498912255]]]}},{"type":"Feature","properties":{"jobs":37,"pop":611,"pointCount":1,"homeWorkCommuteMedian":12908,"workHomeCommuteMedian":7959},"geometry":{"type":"Polygon","coordinates":[[[-82.7408350375115,27.9938707025495],[-82.7408350375115,28.002863906186747],[-82.73184183387426,28.002863906186747],[-82.73184183387426,27.9938707025495],[-82.7408350375115,27.9938707025495]]]}},{"type":"Feature","properties":{"jobs":1499,"pop":1050,"pointCount":2,"homeWorkCommuteMedian":22241,"workHomeCommuteMedian":23659},"geometry":{"type":"Polygon","coordinates":[[[-82.7408350375115,28.002863906186747],[-82.7408350375115,28.011857109823993],[-82.73184183387426,28.011857109823993],[-82.73184183387426,28.002863906186747],[-82.7408350375115,28.002863906186747]]]}},{"type":"Feature","properties":{"jobs":15834,"pop":1653,"pointCount":4,"homeWorkCommuteMedian":23109,"workHomeCommuteMedian":19340},"geometry":{"type":"Polygon","coordinates":[[[-82.7408350375115,28.011857109823993],[-82.7408350375115,28.02085031346124],[-82.73184183387426,28.02085031346124],[-82.73184183387426,28.011857109823993],[-82.7408350375115,28.011857109823993]]]}},{"type":"Feature","properties":{"jobs":1580,"pop":1677,"pointCount":3,"homeWorkCommuteMedian":21369,"workHomeCommuteMedian":23130},"geometry":{"type":"Polygon","coordinates":[[[-82.7408350375115,28.02085031346124],[-82.7408350375115,28.029843517098485],[-82.73184183387426,28.029843517098485],[-82.73184183387426,28.02085031346124],[-82.7408350375115,28.02085031346124]]]}},{"type":"Feature","properties":{"jobs":853,"pop":1202,"pointCount":3,"homeWorkCommuteMedian":17830,"workHomeCommuteMedian":26946},"geometry":{"type":"Polygon","coordinates":[[[-82.7408350375115,28.029843517098485],[-82.7408350375115,28.03883672073573],[-82.73184183387426,28.03883672073573],[-82.73184183387426,28.029843517098485],[-82.7408350375115,28.029843517098485]]]}},{"type":"Feature","properties":{"jobs":815,"pop":1369,"pointCount":3,"homeWorkCommuteMedian":21557,"workHomeCommuteMedian":23258},"geometry":{"type":"Polygon","coordinates":[[[-82.7408350375115,28.03883672073573],[-82.7408350375115,28.047829924372977],[-82.73184183387426,28.047829924372977],[-82.73184183387426,28.03883672073573],[-82.7408350375115,28.03883672073573]]]}},{"type":"Feature","properties":{"jobs":629,"pop":599,"pointCount":1,"homeWorkCommuteMedian":21730,"workHomeCommuteMedian":27455},"geometry":{"type":"Polygon","coordinates":[[[-82.7408350375115,28.047829924372977],[-82.7408350375115,28.056823128010222],[-82.73184183387426,28.056823128010222],[-82.73184183387426,28.047829924372977],[-82.7408350375115,28.047829924372977]]]}},{"type":"Feature","properties":{"jobs":646,"pop":1230,"pointCount":1,"homeWorkCommuteMedian":24599,"workHomeCommuteMedian":24413},"geometry":{"type":"Polygon","coordinates":[[[-82.7408350375115,28.056823128010222],[-82.7408350375115,28.06581633164747],[-82.73184183387426,28.06581633164747],[-82.73184183387426,28.056823128010222],[-82.7408350375115,28.056823128010222]]]}},{"type":"Feature","properties":{"jobs":941,"pop":980,"pointCount":2,"homeWorkCommuteMedian":28963,"workHomeCommuteMedian":22093},"geometry":{"type":"Polygon","coordinates":[[[-82.7408350375115,28.06581633164747],[-82.7408350375115,28.074809535284714],[-82.73184183387426,28.074809535284714],[-82.73184183387426,28.06581633164747],[-82.7408350375115,28.06581633164747]]]}},{"type":"Feature","properties":{"jobs":1334,"pop":1351,"pointCount":3,"homeWorkCommuteMedian":24339,"workHomeCommuteMedian":22800},"geometry":{"type":"Polygon","coordinates":[[[-82.7408350375115,28.074809535284714],[-82.7408350375115,28.08380273892196],[-82.73184183387426,28.08380273892196],[-82.73184183387426,28.074809535284714],[-82.7408350375115,28.074809535284714]]]}},{"type":"Feature","properties":{"jobs":449,"pop":875,"pointCount":2,"homeWorkCommuteMedian":26651,"workHomeCommuteMedian":22341},"geometry":{"type":"Polygon","coordinates":[[[-82.7408350375115,28.08380273892196],[-82.7408350375115,28.092795942559206],[-82.73184183387426,28.092795942559206],[-82.73184183387426,28.08380273892196],[-82.7408350375115,28.08380273892196]]]}},{"type":"Feature","properties":{"jobs":433,"pop":578,"pointCount":2,"homeWorkCommuteMedian":23194,"workHomeCommuteMedian":24153},"geometry":{"type":"Polygon","coordinates":[[[-82.7408350375115,28.092795942559206],[-82.7408350375115,28.101789146196452],[-82.73184183387426,28.101789146196452],[-82.73184183387426,28.092795942559206],[-82.7408350375115,28.092795942559206]]]}},{"type":"Feature","properties":{"jobs":191,"pop":1230,"pointCount":1,"homeWorkCommuteMedian":25991,"workHomeCommuteMedian":31218},"geometry":{"type":"Polygon","coordinates":[[[-82.7408350375115,28.101789146196452],[-82.7408350375115,28.1107823498337],[-82.73184183387426,28.1107823498337],[-82.73184183387426,28.101789146196452],[-82.7408350375115,28.101789146196452]]]}},{"type":"Feature","properties":{"jobs":253,"pop":579,"pointCount":1,"homeWorkCommuteMedian":26617,"workHomeCommuteMedian":16994},"geometry":{"type":"Polygon","coordinates":[[[-82.7408350375115,28.1107823498337],[-82.7408350375115,28.119775553470944],[-82.73184183387426,28.119775553470944],[-82.73184183387426,28.1107823498337],[-82.7408350375115,28.1107823498337]]]}},{"type":"Feature","properties":{"jobs":191,"pop":195,"pointCount":1,"homeWorkCommuteMedian":35720,"workHomeCommuteMedian":15458},"geometry":{"type":"Polygon","coordinates":[[[-82.7408350375115,28.12876875710819],[-82.7408350375115,28.137761960745436],[-82.73184183387426,28.137761960745436],[-82.73184183387426,28.12876875710819],[-82.7408350375115,28.12876875710819]]]}},{"type":"Feature","properties":{"jobs":340,"pop":298,"pointCount":1,"homeWorkCommuteMedian":27351,"workHomeCommuteMedian":29736},"geometry":{"type":"Polygon","coordinates":[[[-82.7408350375115,28.146755164382682],[-82.7408350375115,28.15574836801993],[-82.73184183387426,28.15574836801993],[-82.73184183387426,28.146755164382682],[-82.7408350375115,28.146755164382682]]]}},{"type":"Feature","properties":{"jobs":287,"pop":413,"pointCount":1,"homeWorkCommuteMedian":36816,"workHomeCommuteMedian":17999},"geometry":{"type":"Polygon","coordinates":[[[-82.7408350375115,28.164741571657174],[-82.7408350375115,28.17373477529442],[-82.73184183387426,28.17373477529442],[-82.73184183387426,28.164741571657174],[-82.7408350375115,28.164741571657174]]]}},{"type":"Feature","properties":{"jobs":143,"pop":179,"pointCount":1,"homeWorkCommuteMedian":23803,"workHomeCommuteMedian":25203},"geometry":{"type":"Polygon","coordinates":[[[-82.7408350375115,28.17373477529442],[-82.7408350375115,28.182727978931666],[-82.73184183387426,28.182727978931666],[-82.73184183387426,28.17373477529442],[-82.7408350375115,28.17373477529442]]]}},{"type":"Feature","properties":{"jobs":402,"pop":811,"pointCount":1,"homeWorkCommuteMedian":22687,"workHomeCommuteMedian":20601},"geometry":{"type":"Polygon","coordinates":[[[-82.7408350375115,28.182727978931666],[-82.7408350375115,28.191721182568912],[-82.73184183387426,28.191721182568912],[-82.73184183387426,28.182727978931666],[-82.7408350375115,28.182727978931666]]]}},{"type":"Feature","properties":{"jobs":512,"pop":1166,"pointCount":2,"homeWorkCommuteMedian":36955,"workHomeCommuteMedian":22970},"geometry":{"type":"Polygon","coordinates":[[[-82.7408350375115,28.191721182568912],[-82.7408350375115,28.20071438620616],[-82.73184183387426,28.20071438620616],[-82.73184183387426,28.191721182568912],[-82.7408350375115,28.191721182568912]]]}},{"type":"Feature","properties":{"jobs":113,"pop":839,"pointCount":1,"homeWorkCommuteMedian":33641,"workHomeCommuteMedian":25743},"geometry":{"type":"Polygon","coordinates":[[[-82.7408350375115,28.20071438620616],[-82.7408350375115,28.209707589843404],[-82.73184183387426,28.209707589843404],[-82.73184183387426,28.20071438620616],[-82.7408350375115,28.20071438620616]]]}},{"type":"Feature","properties":{"jobs":295,"pop":652,"pointCount":1,"homeWorkCommuteMedian":21110,"workHomeCommuteMedian":24782},"geometry":{"type":"Polygon","coordinates":[[[-82.7408350375115,28.21870079348065],[-82.7408350375115,28.227693997117896],[-82.73184183387426,28.227693997117896],[-82.73184183387426,28.21870079348065],[-82.7408350375115,28.21870079348065]]]}},{"type":"Feature","properties":{"jobs":251,"pop":854,"pointCount":1,"homeWorkCommuteMedian":38965,"workHomeCommuteMedian":27764},"geometry":{"type":"Polygon","coordinates":[[[-82.7408350375115,28.227693997117896],[-82.7408350375115,28.236687200755142],[-82.73184183387426,28.236687200755142],[-82.73184183387426,28.227693997117896],[-82.7408350375115,28.227693997117896]]]}},{"type":"Feature","properties":{"jobs":240,"pop":582,"pointCount":1,"homeWorkCommuteMedian":39646,"workHomeCommuteMedian":39056},"geometry":{"type":"Polygon","coordinates":[[[-82.7408350375115,28.236687200755142],[-82.7408350375115,28.245680404392388],[-82.73184183387426,28.245680404392388],[-82.73184183387426,28.236687200755142],[-82.7408350375115,28.236687200755142]]]}},{"type":"Feature","properties":{"jobs":88,"pop":49,"pointCount":1,"homeWorkCommuteMedian":55941,"workHomeCommuteMedian":45808},"geometry":{"type":"Polygon","coordinates":[[[-82.7408350375115,28.254673608029634],[-82.7408350375115,28.26366681166688],[-82.73184183387426,28.26366681166688],[-82.73184183387426,28.254673608029634],[-82.7408350375115,28.254673608029634]]]}},{"type":"Feature","properties":{"jobs":149,"pop":0,"pointCount":1,"homeWorkCommuteMedian":-1,"workHomeCommuteMedian":34567},"geometry":{"type":"Polygon","coordinates":[[[-82.73184183387426,27.625149353422415],[-82.73184183387426,27.63414255705966],[-82.72284863023701,27.63414255705966],[-82.72284863023701,27.625149353422415],[-82.73184183387426,27.625149353422415]]]}},{"type":"Feature","properties":{"jobs":86,"pop":9,"pointCount":1,"homeWorkCommuteMedian":30495,"workHomeCommuteMedian":31574},"geometry":{"type":"Polygon","coordinates":[[[-82.73184183387426,27.6611221679714],[-82.73184183387426,27.670115371608645],[-82.72284863023701,27.670115371608645],[-82.72284863023701,27.6611221679714],[-82.73184183387426,27.6611221679714]]]}},{"type":"Feature","properties":{"jobs":70,"pop":8,"pointCount":1,"homeWorkCommuteMedian":25177,"workHomeCommuteMedian":28267},"geometry":{"type":"Polygon","coordinates":[[[-82.73184183387426,27.670115371608645],[-82.73184183387426,27.67910857524589],[-82.72284863023701,27.67910857524589],[-82.72284863023701,27.670115371608645],[-82.73184183387426,27.670115371608645]]]}},{"type":"Feature","properties":{"jobs":301,"pop":150,"pointCount":1,"homeWorkCommuteMedian":31118,"workHomeCommuteMedian":24035},"geometry":{"type":"Polygon","coordinates":[[[-82.73184183387426,27.67910857524589],[-82.73184183387426,27.688101778883137],[-82.72284863023701,27.688101778883137],[-82.72284863023701,27.67910857524589],[-82.73184183387426,27.67910857524589]]]}},{"type":"Feature","properties":{"jobs":355,"pop":291,"pointCount":1,"homeWorkCommuteMedian":34138,"workHomeCommuteMedian":27205},"geometry":{"type":"Polygon","coordinates":[[[-82.73184183387426,27.688101778883137],[-82.73184183387426,27.697094982520383],[-82.72284863023701,27.697094982520383],[-82.72284863023701,27.688101778883137],[-82.73184183387426,27.688101778883137]]]}},{"type":"Feature","properties":{"jobs":126,"pop":652,"pointCount":1,"homeWorkCommuteMedian":31376,"workHomeCommuteMedian":25120},"geometry":{"type":"Polygon","coordinates":[[[-82.73184183387426,27.697094982520383],[-82.73184183387426,27.70608818615763],[-82.72284863023701,27.70608818615763],[-82.72284863023701,27.697094982520383],[-82.73184183387426,27.697094982520383]]]}},{"type":"Feature","properties":{"jobs":41,"pop":1045,"pointCount":1,"homeWorkCommuteMedian":26875,"workHomeCommuteMedian":8815},"geometry":{"type":"Polygon","coordinates":[[[-82.73184183387426,27.733067797069367],[-82.73184183387426,27.742061000706613],[-82.72284863023701,27.742061000706613],[-82.72284863023701,27.733067797069367],[-82.73184183387426,27.733067797069367]]]}},{"type":"Feature","properties":{"jobs":188,"pop":661,"pointCount":1,"homeWorkCommuteMedian":26360,"workHomeCommuteMedian":14407},"geometry":{"type":"Polygon","coordinates":[[[-82.73184183387426,27.742061000706613],[-82.73184183387426,27.75105420434386],[-82.72284863023701,27.75105420434386],[-82.72284863023701,27.742061000706613],[-82.73184183387426,27.742061000706613]]]}},{"type":"Feature","properties":{"jobs":85,"pop":1032,"pointCount":1,"homeWorkCommuteMedian":12471,"workHomeCommuteMedian":11042},"geometry":{"type":"Polygon","coordinates":[[[-82.73184183387426,27.760047407981105],[-82.73184183387426,27.76904061161835],[-82.72284863023701,27.76904061161835],[-82.72284863023701,27.760047407981105],[-82.73184183387426,27.760047407981105]]]}},{"type":"Feature","properties":{"jobs":859,"pop":901,"pointCount":1,"homeWorkCommuteMedian":20283,"workHomeCommuteMedian":17752},"geometry":{"type":"Polygon","coordinates":[[[-82.73184183387426,27.76904061161835],[-82.73184183387426,27.778033815255597],[-82.72284863023701,27.778033815255597],[-82.72284863023701,27.76904061161835],[-82.73184183387426,27.76904061161835]]]}},{"type":"Feature","properties":{"jobs":1074,"pop":1779,"pointCount":2,"homeWorkCommuteMedian":21555,"workHomeCommuteMedian":24749},"geometry":{"type":"Polygon","coordinates":[[[-82.73184183387426,27.778033815255597],[-82.73184183387426,27.787027018892843],[-82.72284863023701,27.787027018892843],[-82.72284863023701,27.778033815255597],[-82.73184183387426,27.778033815255597]]]}},{"type":"Feature","properties":{"jobs":1517,"pop":1834,"pointCount":4,"homeWorkCommuteMedian":15876,"workHomeCommuteMedian":30894},"geometry":{"type":"Polygon","coordinates":[[[-82.73184183387426,27.787027018892843],[-82.73184183387426,27.79602022253009],[-82.72284863023701,27.79602022253009],[-82.72284863023701,27.787027018892843],[-82.73184183387426,27.787027018892843]]]}},{"type":"Feature","properties":{"jobs":376,"pop":1473,"pointCount":2,"homeWorkCommuteMedian":13321,"workHomeCommuteMedian":16400},"geometry":{"type":"Polygon","coordinates":[[[-82.73184183387426,27.79602022253009],[-82.73184183387426,27.805013426167335],[-82.72284863023701,27.805013426167335],[-82.72284863023701,27.79602022253009],[-82.73184183387426,27.79602022253009]]]}},{"type":"Feature","properties":{"jobs":1426,"pop":1200,"pointCount":3,"homeWorkCommuteMedian":31103,"workHomeCommuteMedian":14765},"geometry":{"type":"Polygon","coordinates":[[[-82.73184183387426,27.805013426167335],[-82.73184183387426,27.81400662980458],[-82.72284863023701,27.81400662980458],[-82.72284863023701,27.805013426167335],[-82.73184183387426,27.805013426167335]]]}},{"type":"Feature","properties":{"jobs":292,"pop":1330,"pointCount":1,"homeWorkCommuteMedian":13616,"workHomeCommuteMedian":21073},"geometry":{"type":"Polygon","coordinates":[[[-82.73184183387426,27.81400662980458],[-82.73184183387426,27.822999833441827],[-82.72284863023701,27.822999833441827],[-82.72284863023701,27.81400662980458],[-82.73184183387426,27.81400662980458]]]}},{"type":"Feature","properties":{"jobs":534,"pop":1296,"pointCount":2,"homeWorkCommuteMedian":18931,"workHomeCommuteMedian":13147},"geometry":{"type":"Polygon","coordinates":[[[-82.73184183387426,27.822999833441827],[-82.73184183387426,27.831993037079073],[-82.72284863023701,27.831993037079073],[-82.72284863023701,27.822999833441827],[-82.73184183387426,27.822999833441827]]]}},{"type":"Feature","properties":{"jobs":812,"pop":1446,"pointCount":3,"homeWorkCommuteMedian":16091,"workHomeCommuteMedian":13996},"geometry":{"type":"Polygon","coordinates":[[[-82.73184183387426,27.831993037079073],[-82.73184183387426,27.84098624071632],[-82.72284863023701,27.84098624071632],[-82.72284863023701,27.831993037079073],[-82.73184183387426,27.831993037079073]]]}},{"type":"Feature","properties":{"jobs":712,"pop":1079,"pointCount":2,"homeWorkCommuteMedian":19500,"workHomeCommuteMedian":14298},"geometry":{"type":"Polygon","coordinates":[[[-82.73184183387426,27.84098624071632],[-82.73184183387426,27.849979444353565],[-82.72284863023701,27.849979444353565],[-82.72284863023701,27.84098624071632],[-82.73184183387426,27.84098624071632]]]}},{"type":"Feature","properties":{"jobs":2879,"pop":1120,"pointCount":1,"homeWorkCommuteMedian":17679,"workHomeCommuteMedian":20478},"geometry":{"type":"Polygon","coordinates":[[[-82.73184183387426,27.849979444353565],[-82.73184183387426,27.85897264799081],[-82.72284863023701,27.85897264799081],[-82.72284863023701,27.849979444353565],[-82.73184183387426,27.849979444353565]]]}},{"type":"Feature","properties":{"jobs":816,"pop":804,"pointCount":3,"homeWorkCommuteMedian":18707,"workHomeCommuteMedian":16322},"geometry":{"type":"Polygon","coordinates":[[[-82.73184183387426,27.85897264799081],[-82.73184183387426,27.867965851628057],[-82.72284863023701,27.867965851628057],[-82.72284863023701,27.85897264799081],[-82.73184183387426,27.85897264799081]]]}},{"type":"Feature","properties":{"jobs":1898,"pop":1036,"pointCount":3,"homeWorkCommuteMedian":17107,"workHomeCommuteMedian":26143},"geometry":{"type":"Polygon","coordinates":[[[-82.73184183387426,27.876959055265303],[-82.73184183387426,27.88595225890255],[-82.72284863023701,27.88595225890255],[-82.72284863023701,27.876959055265303],[-82.73184183387426,27.876959055265303]]]}},{"type":"Feature","properties":{"jobs":1403,"pop":254,"pointCount":3,"homeWorkCommuteMedian":19466,"workHomeCommuteMedian":24859},"geometry":{"type":"Polygon","coordinates":[[[-82.73184183387426,27.88595225890255],[-82.73184183387426,27.894945462539795],[-82.72284863023701,27.894945462539795],[-82.72284863023701,27.88595225890255],[-82.73184183387426,27.88595225890255]]]}},{"type":"Feature","properties":{"jobs":349,"pop":232,"pointCount":1,"homeWorkCommuteMedian":26483,"workHomeCommuteMedian":14290},"geometry":{"type":"Polygon","coordinates":[[[-82.73184183387426,27.894945462539795],[-82.73184183387426,27.90393866617704],[-82.72284863023701,27.90393866617704],[-82.72284863023701,27.894945462539795],[-82.73184183387426,27.894945462539795]]]}},{"type":"Feature","properties":{"jobs":1191,"pop":3086,"pointCount":4,"homeWorkCommuteMedian":15333,"workHomeCommuteMedian":20789},"geometry":{"type":"Polygon","coordinates":[[[-82.73184183387426,27.90393866617704],[-82.73184183387426,27.912931869814287],[-82.72284863023701,27.912931869814287],[-82.72284863023701,27.90393866617704],[-82.73184183387426,27.90393866617704]]]}},{"type":"Feature","properties":{"jobs":731,"pop":562,"pointCount":2,"homeWorkCommuteMedian":18171,"workHomeCommuteMedian":26009},"geometry":{"type":"Polygon","coordinates":[[[-82.73184183387426,27.912931869814287],[-82.73184183387426,27.921925073451533],[-82.72284863023701,27.921925073451533],[-82.72284863023701,27.912931869814287],[-82.73184183387426,27.912931869814287]]]}},{"type":"Feature","properties":{"jobs":373,"pop":172,"pointCount":1,"homeWorkCommuteMedian":21887,"workHomeCommuteMedian":21262},"geometry":{"type":"Polygon","coordinates":[[[-82.73184183387426,27.921925073451533],[-82.73184183387426,27.93091827708878],[-82.72284863023701,27.93091827708878],[-82.72284863023701,27.921925073451533],[-82.73184183387426,27.921925073451533]]]}},{"type":"Feature","properties":{"jobs":1241,"pop":950,"pointCount":3,"homeWorkCommuteMedian":19987,"workHomeCommuteMedian":24372},"geometry":{"type":"Polygon","coordinates":[[[-82.73184183387426,27.93091827708878],[-82.73184183387426,27.939911480726025],[-82.72284863023701,27.939911480726025],[-82.72284863023701,27.93091827708878],[-82.73184183387426,27.93091827708878]]]}},{"type":"Feature","properties":{"jobs":1368,"pop":450,"pointCount":1,"homeWorkCommuteMedian":25346,"workHomeCommuteMedian":24290},"geometry":{"type":"Polygon","coordinates":[[[-82.73184183387426,27.939911480726025],[-82.73184183387426,27.94890468436327],[-82.72284863023701,27.94890468436327],[-82.72284863023701,27.939911480726025],[-82.73184183387426,27.939911480726025]]]}},{"type":"Feature","properties":{"jobs":116,"pop":492,"pointCount":1,"homeWorkCommuteMedian":21761,"workHomeCommuteMedian":30475},"geometry":{"type":"Polygon","coordinates":[[[-82.73184183387426,27.94890468436327],[-82.73184183387426,27.957897888000517],[-82.72284863023701,27.957897888000517],[-82.72284863023701,27.94890468436327],[-82.73184183387426,27.94890468436327]]]}},{"type":"Feature","properties":{"jobs":3571,"pop":2562,"pointCount":4,"homeWorkCommuteMedian":17507,"workHomeCommuteMedian":28480},"geometry":{"type":"Polygon","coordinates":[[[-82.73184183387426,27.957897888000517],[-82.73184183387426,27.966891091637763],[-82.72284863023701,27.966891091637763],[-82.72284863023701,27.957897888000517],[-82.73184183387426,27.957897888000517]]]}},{"type":"Feature","properties":{"jobs":815,"pop":2245,"pointCount":4,"homeWorkCommuteMedian":17090,"workHomeCommuteMedian":27108},"geometry":{"type":"Polygon","coordinates":[[[-82.73184183387426,27.966891091637763],[-82.73184183387426,27.97588429527501],[-82.72284863023701,27.97588429527501],[-82.72284863023701,27.966891091637763],[-82.73184183387426,27.966891091637763]]]}},{"type":"Feature","properties":{"jobs":599,"pop":2279,"pointCount":2,"homeWorkCommuteMedian":19949,"workHomeCommuteMedian":19703},"geometry":{"type":"Polygon","coordinates":[[[-82.73184183387426,27.97588429527501],[-82.73184183387426,27.984877498912255],[-82.72284863023701,27.984877498912255],[-82.72284863023701,27.97588429527501],[-82.73184183387426,27.97588429527501]]]}},{"type":"Feature","properties":{"jobs":569,"pop":988,"pointCount":2,"homeWorkCommuteMedian":19950,"workHomeCommuteMedian":24947},"geometry":{"type":"Polygon","coordinates":[[[-82.73184183387426,27.984877498912255],[-82.73184183387426,27.9938707025495],[-82.72284863023701,27.9938707025495],[-82.72284863023701,27.984877498912255],[-82.73184183387426,27.984877498912255]]]}},{"type":"Feature","properties":{"jobs":1890,"pop":1250,"pointCount":2,"homeWorkCommuteMedian":24577,"workHomeCommuteMedian":24371},"geometry":{"type":"Polygon","coordinates":[[[-82.73184183387426,27.9938707025495],[-82.73184183387426,28.002863906186747],[-82.72284863023701,28.002863906186747],[-82.72284863023701,27.9938707025495],[-82.73184183387426,27.9938707025495]]]}},{"type":"Feature","properties":{"jobs":783,"pop":1229,"pointCount":2,"homeWorkCommuteMedian":26774,"workHomeCommuteMedian":24425},"geometry":{"type":"Polygon","coordinates":[[[-82.73184183387426,28.002863906186747],[-82.73184183387426,28.011857109823993],[-82.72284863023701,28.011857109823993],[-82.72284863023701,28.002863906186747],[-82.73184183387426,28.002863906186747]]]}},{"type":"Feature","properties":{"jobs":220,"pop":1011,"pointCount":1,"homeWorkCommuteMedian":22452,"workHomeCommuteMedian":29383},"geometry":{"type":"Polygon","coordinates":[[[-82.73184183387426,28.029843517098485],[-82.73184183387426,28.03883672073573],[-82.72284863023701,28.03883672073573],[-82.72284863023701,28.029843517098485],[-82.73184183387426,28.029843517098485]]]}},{"type":"Feature","properties":{"jobs":160,"pop":1110,"pointCount":2,"homeWorkCommuteMedian":20454,"workHomeCommuteMedian":13162},"geometry":{"type":"Polygon","coordinates":[[[-82.73184183387426,28.03883672073573],[-82.73184183387426,28.047829924372977],[-82.72284863023701,28.047829924372977],[-82.72284863023701,28.03883672073573],[-82.73184183387426,28.03883672073573]]]}},{"type":"Feature","properties":{"jobs":20,"pop":781,"pointCount":1,"homeWorkCommuteMedian":17281,"workHomeCommuteMedian":3682},"geometry":{"type":"Polygon","coordinates":[[[-82.73184183387426,28.047829924372977],[-82.73184183387426,28.056823128010222],[-82.72284863023701,28.056823128010222],[-82.72284863023701,28.047829924372977],[-82.73184183387426,28.047829924372977]]]}},{"type":"Feature","properties":{"jobs":75,"pop":1694,"pointCount":1,"homeWorkCommuteMedian":23180,"workHomeCommuteMedian":7038},"geometry":{"type":"Polygon","coordinates":[[[-82.73184183387426,28.056823128010222],[-82.73184183387426,28.06581633164747],[-82.72284863023701,28.06581633164747],[-82.72284863023701,28.056823128010222],[-82.73184183387426,28.056823128010222]]]}},{"type":"Feature","properties":{"jobs":716,"pop":1516,"pointCount":2,"homeWorkCommuteMedian":22230,"workHomeCommuteMedian":18593},"geometry":{"type":"Polygon","coordinates":[[[-82.73184183387426,28.06581633164747],[-82.73184183387426,28.074809535284714],[-82.72284863023701,28.074809535284714],[-82.72284863023701,28.06581633164747],[-82.73184183387426,28.06581633164747]]]}},{"type":"Feature","properties":{"jobs":67,"pop":879,"pointCount":1,"homeWorkCommuteMedian":26161,"workHomeCommuteMedian":38296},"geometry":{"type":"Polygon","coordinates":[[[-82.73184183387426,28.074809535284714],[-82.73184183387426,28.08380273892196],[-82.72284863023701,28.08380273892196],[-82.72284863023701,28.074809535284714],[-82.73184183387426,28.074809535284714]]]}},{"type":"Feature","properties":{"jobs":204,"pop":1323,"pointCount":1,"homeWorkCommuteMedian":26361,"workHomeCommuteMedian":19473},"geometry":{"type":"Polygon","coordinates":[[[-82.73184183387426,28.092795942559206],[-82.73184183387426,28.101789146196452],[-82.72284863023701,28.101789146196452],[-82.72284863023701,28.092795942559206],[-82.73184183387426,28.092795942559206]]]}},{"type":"Feature","properties":{"jobs":153,"pop":698,"pointCount":1,"homeWorkCommuteMedian":31549,"workHomeCommuteMedian":12845},"geometry":{"type":"Polygon","coordinates":[[[-82.73184183387426,28.146755164382682],[-82.73184183387426,28.15574836801993],[-82.72284863023701,28.15574836801993],[-82.72284863023701,28.146755164382682],[-82.73184183387426,28.146755164382682]]]}},{"type":"Feature","properties":{"jobs":153,"pop":796,"pointCount":1,"homeWorkCommuteMedian":33981,"workHomeCommuteMedian":20242},"geometry":{"type":"Polygon","coordinates":[[[-82.73184183387426,28.182727978931666],[-82.73184183387426,28.191721182568912],[-82.72284863023701,28.191721182568912],[-82.72284863023701,28.182727978931666],[-82.73184183387426,28.182727978931666]]]}},{"type":"Feature","properties":{"jobs":89,"pop":327,"pointCount":1,"homeWorkCommuteMedian":33575,"workHomeCommuteMedian":25089},"geometry":{"type":"Polygon","coordinates":[[[-82.73184183387426,28.191721182568912],[-82.73184183387426,28.20071438620616],[-82.72284863023701,28.20071438620616],[-82.72284863023701,28.191721182568912],[-82.73184183387426,28.191721182568912]]]}},{"type":"Feature","properties":{"jobs":477,"pop":810,"pointCount":2,"homeWorkCommuteMedian":35338,"workHomeCommuteMedian":28215},"geometry":{"type":"Polygon","coordinates":[[[-82.73184183387426,28.20071438620616],[-82.73184183387426,28.209707589843404],[-82.72284863023701,28.209707589843404],[-82.72284863023701,28.20071438620616],[-82.73184183387426,28.20071438620616]]]}},{"type":"Feature","properties":{"jobs":347,"pop":1170,"pointCount":2,"homeWorkCommuteMedian":31178,"workHomeCommuteMedian":22942},"geometry":{"type":"Polygon","coordinates":[[[-82.73184183387426,28.209707589843404],[-82.73184183387426,28.21870079348065],[-82.72284863023701,28.21870079348065],[-82.72284863023701,28.209707589843404],[-82.73184183387426,28.209707589843404]]]}},{"type":"Feature","properties":{"jobs":346,"pop":580,"pointCount":1,"homeWorkCommuteMedian":39972,"workHomeCommuteMedian":37381},"geometry":{"type":"Polygon","coordinates":[[[-82.73184183387426,28.21870079348065],[-82.73184183387426,28.227693997117896],[-82.72284863023701,28.227693997117896],[-82.72284863023701,28.21870079348065],[-82.73184183387426,28.21870079348065]]]}},{"type":"Feature","properties":{"jobs":594,"pop":1181,"pointCount":2,"homeWorkCommuteMedian":39653,"workHomeCommuteMedian":31903},"geometry":{"type":"Polygon","coordinates":[[[-82.73184183387426,28.227693997117896],[-82.73184183387426,28.236687200755142],[-82.72284863023701,28.236687200755142],[-82.72284863023701,28.227693997117896],[-82.73184183387426,28.227693997117896]]]}},{"type":"Feature","properties":{"jobs":298,"pop":452,"pointCount":1,"homeWorkCommuteMedian":45867,"workHomeCommuteMedian":24379},"geometry":{"type":"Polygon","coordinates":[[[-82.73184183387426,28.236687200755142],[-82.73184183387426,28.245680404392388],[-82.72284863023701,28.245680404392388],[-82.72284863023701,28.236687200755142],[-82.73184183387426,28.236687200755142]]]}},{"type":"Feature","properties":{"jobs":299,"pop":345,"pointCount":1,"homeWorkCommuteMedian":46883,"workHomeCommuteMedian":14276},"geometry":{"type":"Polygon","coordinates":[[[-82.73184183387426,28.245680404392388],[-82.73184183387426,28.254673608029634],[-82.72284863023701,28.254673608029634],[-82.72284863023701,28.245680404392388],[-82.73184183387426,28.245680404392388]]]}},{"type":"Feature","properties":{"jobs":302,"pop":109,"pointCount":1,"homeWorkCommuteMedian":40537,"workHomeCommuteMedian":32119},"geometry":{"type":"Polygon","coordinates":[[[-82.73184183387426,28.26366681166688],[-82.73184183387426,28.272660015304126],[-82.72284863023701,28.272660015304126],[-82.72284863023701,28.26366681166688],[-82.73184183387426,28.26366681166688]]]}},{"type":"Feature","properties":{"jobs":279,"pop":62,"pointCount":1,"homeWorkCommuteMedian":55840,"workHomeCommuteMedian":33747},"geometry":{"type":"Polygon","coordinates":[[[-82.73184183387426,28.272660015304126],[-82.73184183387426,28.281653218941372],[-82.72284863023701,28.281653218941372],[-82.72284863023701,28.272660015304126],[-82.73184183387426,28.272660015304126]]]}},{"type":"Feature","properties":{"jobs":7400,"pop":0,"pointCount":1,"homeWorkCommuteMedian":-1,"workHomeCommuteMedian":26695},"geometry":{"type":"Polygon","coordinates":[[[-82.72284863023701,27.625149353422415],[-82.72284863023701,27.63414255705966],[-82.71385542659976,27.63414255705966],[-82.71385542659976,27.625149353422415],[-82.72284863023701,27.625149353422415]]]}},{"type":"Feature","properties":{"jobs":189,"pop":266,"pointCount":1,"homeWorkCommuteMedian":45620,"workHomeCommuteMedian":25909},"geometry":{"type":"Polygon","coordinates":[[[-82.72284863023701,27.688101778883137],[-82.72284863023701,27.697094982520383],[-82.71385542659976,27.697094982520383],[-82.71385542659976,27.688101778883137],[-82.72284863023701,27.688101778883137]]]}},{"type":"Feature","properties":{"jobs":240,"pop":370,"pointCount":1,"homeWorkCommuteMedian":44735,"workHomeCommuteMedian":23767},"geometry":{"type":"Polygon","coordinates":[[[-82.72284863023701,27.70608818615763],[-82.72284863023701,27.715081389794875],[-82.71385542659976,27.715081389794875],[-82.71385542659976,27.70608818615763],[-82.72284863023701,27.70608818615763]]]}},{"type":"Feature","properties":{"jobs":1022,"pop":694,"pointCount":2,"homeWorkCommuteMedian":17277,"workHomeCommuteMedian":4793},"geometry":{"type":"Polygon","coordinates":[[[-82.72284863023701,27.75105420434386],[-82.72284863023701,27.760047407981105],[-82.71385542659976,27.760047407981105],[-82.71385542659976,27.75105420434386],[-82.72284863023701,27.75105420434386]]]}},{"type":"Feature","properties":{"jobs":195,"pop":470,"pointCount":1,"homeWorkCommuteMedian":21108,"workHomeCommuteMedian":15077},"geometry":{"type":"Polygon","coordinates":[[[-82.72284863023701,27.760047407981105],[-82.72284863023701,27.76904061161835],[-82.71385542659976,27.76904061161835],[-82.71385542659976,27.760047407981105],[-82.72284863023701,27.760047407981105]]]}},{"type":"Feature","properties":{"jobs":847,"pop":599,"pointCount":2,"homeWorkCommuteMedian":21500,"workHomeCommuteMedian":17442},"geometry":{"type":"Polygon","coordinates":[[[-82.72284863023701,27.76904061161835],[-82.72284863023701,27.778033815255597],[-82.71385542659976,27.778033815255597],[-82.71385542659976,27.76904061161835],[-82.72284863023701,27.76904061161835]]]}},{"type":"Feature","properties":{"jobs":547,"pop":273,"pointCount":1,"homeWorkCommuteMedian":26542,"workHomeCommuteMedian":17691},"geometry":{"type":"Polygon","coordinates":[[[-82.72284863023701,27.778033815255597],[-82.72284863023701,27.787027018892843],[-82.71385542659976,27.787027018892843],[-82.71385542659976,27.778033815255597],[-82.72284863023701,27.778033815255597]]]}},{"type":"Feature","properties":{"jobs":81,"pop":949,"pointCount":1,"homeWorkCommuteMedian":20109,"workHomeCommuteMedian":11189},"geometry":{"type":"Polygon","coordinates":[[[-82.72284863023701,27.787027018892843],[-82.72284863023701,27.79602022253009],[-82.71385542659976,27.79602022253009],[-82.71385542659976,27.787027018892843],[-82.72284863023701,27.787027018892843]]]}},{"type":"Feature","properties":{"jobs":45,"pop":818,"pointCount":1,"homeWorkCommuteMedian":11764,"workHomeCommuteMedian":28216},"geometry":{"type":"Polygon","coordinates":[[[-82.72284863023701,27.79602022253009],[-82.72284863023701,27.805013426167335],[-82.71385542659976,27.805013426167335],[-82.71385542659976,27.79602022253009],[-82.72284863023701,27.79602022253009]]]}},{"type":"Feature","properties":{"jobs":38,"pop":1301,"pointCount":2,"homeWorkCommuteMedian":14568,"workHomeCommuteMedian":52025},"geometry":{"type":"Polygon","coordinates":[[[-82.72284863023701,27.805013426167335],[-82.72284863023701,27.81400662980458],[-82.71385542659976,27.81400662980458],[-82.71385542659976,27.805013426167335],[-82.72284863023701,27.805013426167335]]]}},{"type":"Feature","properties":{"jobs":63,"pop":1039,"pointCount":1,"homeWorkCommuteMedian":13474,"workHomeCommuteMedian":13182},"geometry":{"type":"Polygon","coordinates":[[[-82.72284863023701,27.81400662980458],[-82.72284863023701,27.822999833441827],[-82.71385542659976,27.822999833441827],[-82.71385542659976,27.81400662980458],[-82.72284863023701,27.81400662980458]]]}},{"type":"Feature","properties":{"jobs":165,"pop":1071,"pointCount":1,"homeWorkCommuteMedian":19103,"workHomeCommuteMedian":15735},"geometry":{"type":"Polygon","coordinates":[[[-82.72284863023701,27.822999833441827],[-82.72284863023701,27.831993037079073],[-82.71385542659976,27.831993037079073],[-82.71385542659976,27.822999833441827],[-82.72284863023701,27.822999833441827]]]}},{"type":"Feature","properties":{"jobs":661,"pop":1682,"pointCount":2,"homeWorkCommuteMedian":16033,"workHomeCommuteMedian":14388},"geometry":{"type":"Polygon","coordinates":[[[-82.72284863023701,27.831993037079073],[-82.72284863023701,27.84098624071632],[-82.71385542659976,27.84098624071632],[-82.71385542659976,27.831993037079073],[-82.72284863023701,27.831993037079073]]]}},{"type":"Feature","properties":{"jobs":136,"pop":1374,"pointCount":2,"homeWorkCommuteMedian":15779,"workHomeCommuteMedian":10411},"geometry":{"type":"Polygon","coordinates":[[[-82.72284863023701,27.849979444353565],[-82.72284863023701,27.85897264799081],[-82.71385542659976,27.85897264799081],[-82.71385542659976,27.849979444353565],[-82.72284863023701,27.849979444353565]]]}},{"type":"Feature","properties":{"jobs":24,"pop":640,"pointCount":1,"homeWorkCommuteMedian":12490,"workHomeCommuteMedian":7013},"geometry":{"type":"Polygon","coordinates":[[[-82.72284863023701,27.85897264799081],[-82.72284863023701,27.867965851628057],[-82.71385542659976,27.867965851628057],[-82.71385542659976,27.85897264799081],[-82.72284863023701,27.85897264799081]]]}},{"type":"Feature","properties":{"jobs":208,"pop":284,"pointCount":1,"homeWorkCommuteMedian":15562,"workHomeCommuteMedian":37054},"geometry":{"type":"Polygon","coordinates":[[[-82.72284863023701,27.867965851628057],[-82.72284863023701,27.876959055265303],[-82.71385542659976,27.876959055265303],[-82.71385542659976,27.867965851628057],[-82.72284863023701,27.867965851628057]]]}},{"type":"Feature","properties":{"jobs":442,"pop":306,"pointCount":2,"homeWorkCommuteMedian":13452,"workHomeCommuteMedian":25123},"geometry":{"type":"Polygon","coordinates":[[[-82.72284863023701,27.876959055265303],[-82.72284863023701,27.88595225890255],[-82.71385542659976,27.88595225890255],[-82.71385542659976,27.876959055265303],[-82.72284863023701,27.876959055265303]]]}},{"type":"Feature","properties":{"jobs":3885,"pop":295,"pointCount":4,"homeWorkCommuteMedian":17806,"workHomeCommuteMedian":23496},"geometry":{"type":"Polygon","coordinates":[[[-82.72284863023701,27.88595225890255],[-82.72284863023701,27.894945462539795],[-82.71385542659976,27.894945462539795],[-82.71385542659976,27.88595225890255],[-82.72284863023701,27.88595225890255]]]}},{"type":"Feature","properties":{"jobs":2577,"pop":563,"pointCount":5,"homeWorkCommuteMedian":16421,"workHomeCommuteMedian":22857},"geometry":{"type":"Polygon","coordinates":[[[-82.72284863023701,27.894945462539795],[-82.72284863023701,27.90393866617704],[-82.71385542659976,27.90393866617704],[-82.71385542659976,27.894945462539795],[-82.72284863023701,27.894945462539795]]]}},{"type":"Feature","properties":{"jobs":664,"pop":1781,"pointCount":3,"homeWorkCommuteMedian":18283,"workHomeCommuteMedian":21701},"geometry":{"type":"Polygon","coordinates":[[[-82.72284863023701,27.90393866617704],[-82.72284863023701,27.912931869814287],[-82.71385542659976,27.912931869814287],[-82.71385542659976,27.90393866617704],[-82.72284863023701,27.90393866617704]]]}},{"type":"Feature","properties":{"jobs":231,"pop":817,"pointCount":2,"homeWorkCommuteMedian":15141,"workHomeCommuteMedian":18350},"geometry":{"type":"Polygon","coordinates":[[[-82.72284863023701,27.912931869814287],[-82.72284863023701,27.921925073451533],[-82.71385542659976,27.921925073451533],[-82.71385542659976,27.912931869814287],[-82.72284863023701,27.912931869814287]]]}},{"type":"Feature","properties":{"jobs":119,"pop":327,"pointCount":1,"homeWorkCommuteMedian":15455,"workHomeCommuteMedian":22548},"geometry":{"type":"Polygon","coordinates":[[[-82.72284863023701,27.921925073451533],[-82.72284863023701,27.93091827708878],[-82.71385542659976,27.93091827708878],[-82.71385542659976,27.921925073451533],[-82.72284863023701,27.921925073451533]]]}},{"type":"Feature","properties":{"jobs":133,"pop":297,"pointCount":1,"homeWorkCommuteMedian":19786,"workHomeCommuteMedian":17370},"geometry":{"type":"Polygon","coordinates":[[[-82.72284863023701,27.94890468436327],[-82.72284863023701,27.957897888000517],[-82.71385542659976,27.957897888000517],[-82.71385542659976,27.94890468436327],[-82.72284863023701,27.94890468436327]]]}},{"type":"Feature","properties":{"jobs":3717,"pop":384,"pointCount":2,"homeWorkCommuteMedian":21652,"workHomeCommuteMedian":27293},"geometry":{"type":"Polygon","coordinates":[[[-82.72284863023701,27.957897888000517],[-82.72284863023701,27.966891091637763],[-82.71385542659976,27.966891091637763],[-82.71385542659976,27.957897888000517],[-82.72284863023701,27.957897888000517]]]}},{"type":"Feature","properties":{"jobs":161,"pop":2510,"pointCount":3,"homeWorkCommuteMedian":15715,"workHomeCommuteMedian":22955},"geometry":{"type":"Polygon","coordinates":[[[-82.72284863023701,27.966891091637763],[-82.72284863023701,27.97588429527501],[-82.71385542659976,27.97588429527501],[-82.71385542659976,27.966891091637763],[-82.72284863023701,27.966891091637763]]]}},{"type":"Feature","properties":{"jobs":480,"pop":503,"pointCount":1,"homeWorkCommuteMedian":21037,"workHomeCommuteMedian":21701},"geometry":{"type":"Polygon","coordinates":[[[-82.72284863023701,27.97588429527501],[-82.72284863023701,27.984877498912255],[-82.71385542659976,27.984877498912255],[-82.71385542659976,27.97588429527501],[-82.72284863023701,27.97588429527501]]]}},{"type":"Feature","properties":{"jobs":160,"pop":538,"pointCount":1,"homeWorkCommuteMedian":21450,"workHomeCommuteMedian":12579},"geometry":{"type":"Polygon","coordinates":[[[-82.72284863023701,27.984877498912255],[-82.72284863023701,27.9938707025495],[-82.71385542659976,27.9938707025495],[-82.71385542659976,27.984877498912255],[-82.72284863023701,27.984877498912255]]]}},{"type":"Feature","properties":{"jobs":307,"pop":434,"pointCount":1,"homeWorkCommuteMedian":20209,"workHomeCommuteMedian":21119},"geometry":{"type":"Polygon","coordinates":[[[-82.72284863023701,27.9938707025495],[-82.72284863023701,28.002863906186747],[-82.71385542659976,28.002863906186747],[-82.71385542659976,27.9938707025495],[-82.72284863023701,27.9938707025495]]]}},{"type":"Feature","properties":{"jobs":55,"pop":761,"pointCount":1,"homeWorkCommuteMedian":25023,"workHomeCommuteMedian":23697},"geometry":{"type":"Polygon","coordinates":[[[-82.72284863023701,28.011857109823993],[-82.72284863023701,28.02085031346124],[-82.71385542659976,28.02085031346124],[-82.71385542659976,28.011857109823993],[-82.72284863023701,28.011857109823993]]]}},{"type":"Feature","properties":{"jobs":287,"pop":2721,"pointCount":2,"homeWorkCommuteMedian":21885,"workHomeCommuteMedian":18260},"geometry":{"type":"Polygon","coordinates":[[[-82.72284863023701,28.02085031346124],[-82.72284863023701,28.029843517098485],[-82.71385542659976,28.029843517098485],[-82.71385542659976,28.02085031346124],[-82.72284863023701,28.02085031346124]]]}},{"type":"Feature","properties":{"jobs":131,"pop":1982,"pointCount":2,"homeWorkCommuteMedian":21539,"workHomeCommuteMedian":20930},"geometry":{"type":"Polygon","coordinates":[[[-82.72284863023701,28.047829924372977],[-82.72284863023701,28.056823128010222],[-82.71385542659976,28.056823128010222],[-82.71385542659976,28.047829924372977],[-82.72284863023701,28.047829924372977]]]}},{"type":"Feature","properties":{"jobs":256,"pop":684,"pointCount":1,"homeWorkCommuteMedian":20653,"workHomeCommuteMedian":23742},"geometry":{"type":"Polygon","coordinates":[[[-82.72284863023701,28.056823128010222],[-82.72284863023701,28.06581633164747],[-82.71385542659976,28.06581633164747],[-82.71385542659976,28.056823128010222],[-82.72284863023701,28.056823128010222]]]}},{"type":"Feature","properties":{"jobs":26,"pop":560,"pointCount":1,"homeWorkCommuteMedian":22268,"workHomeCommuteMedian":25254},"geometry":{"type":"Polygon","coordinates":[[[-82.72284863023701,28.06581633164747],[-82.72284863023701,28.074809535284714],[-82.71385542659976,28.074809535284714],[-82.71385542659976,28.06581633164747],[-82.72284863023701,28.06581633164747]]]}},{"type":"Feature","properties":{"jobs":9,"pop":786,"pointCount":1,"homeWorkCommuteMedian":21889,"workHomeCommuteMedian":10213},"geometry":{"type":"Polygon","coordinates":[[[-82.72284863023701,28.074809535284714],[-82.72284863023701,28.08380273892196],[-82.71385542659976,28.08380273892196],[-82.71385542659976,28.074809535284714],[-82.72284863023701,28.074809535284714]]]}},{"type":"Feature","properties":{"jobs":70,"pop":615,"pointCount":1,"homeWorkCommuteMedian":25218,"workHomeCommuteMedian":23987},"geometry":{"type":"Polygon","coordinates":[[[-82.72284863023701,28.08380273892196],[-82.72284863023701,28.092795942559206],[-82.71385542659976,28.092795942559206],[-82.71385542659976,28.08380273892196],[-82.72284863023701,28.08380273892196]]]}},{"type":"Feature","properties":{"jobs":24,"pop":356,"pointCount":1,"homeWorkCommuteMedian":29729,"workHomeCommuteMedian":2924},"geometry":{"type":"Polygon","coordinates":[[[-82.72284863023701,28.12876875710819],[-82.72284863023701,28.137761960745436],[-82.71385542659976,28.137761960745436],[-82.71385542659976,28.12876875710819],[-82.72284863023701,28.12876875710819]]]}},{"type":"Feature","properties":{"jobs":92,"pop":475,"pointCount":1,"homeWorkCommuteMedian":36352,"workHomeCommuteMedian":13178},"geometry":{"type":"Polygon","coordinates":[[[-82.72284863023701,28.17373477529442],[-82.72284863023701,28.182727978931666],[-82.71385542659976,28.182727978931666],[-82.71385542659976,28.17373477529442],[-82.72284863023701,28.17373477529442]]]}},{"type":"Feature","properties":{"jobs":241,"pop":759,"pointCount":1,"homeWorkCommuteMedian":32776,"workHomeCommuteMedian":27685},"geometry":{"type":"Polygon","coordinates":[[[-82.72284863023701,28.191721182568912],[-82.72284863023701,28.20071438620616],[-82.71385542659976,28.20071438620616],[-82.71385542659976,28.191721182568912],[-82.72284863023701,28.191721182568912]]]}},{"type":"Feature","properties":{"jobs":333,"pop":814,"pointCount":1,"homeWorkCommuteMedian":36433,"workHomeCommuteMedian":24253},"geometry":{"type":"Polygon","coordinates":[[[-82.72284863023701,28.21870079348065],[-82.72284863023701,28.227693997117896],[-82.71385542659976,28.227693997117896],[-82.71385542659976,28.21870079348065],[-82.72284863023701,28.21870079348065]]]}},{"type":"Feature","properties":{"jobs":1595,"pop":543,"pointCount":1,"homeWorkCommuteMedian":44134,"workHomeCommuteMedian":27413},"geometry":{"type":"Polygon","coordinates":[[[-82.72284863023701,28.227693997117896],[-82.72284863023701,28.236687200755142],[-82.71385542659976,28.236687200755142],[-82.71385542659976,28.227693997117896],[-82.72284863023701,28.227693997117896]]]}},{"type":"Feature","properties":{"jobs":124,"pop":534,"pointCount":1,"homeWorkCommuteMedian":32267,"workHomeCommuteMedian":26539},"geometry":{"type":"Polygon","coordinates":[[[-82.72284863023701,28.236687200755142],[-82.72284863023701,28.245680404392388],[-82.71385542659976,28.245680404392388],[-82.71385542659976,28.236687200755142],[-82.72284863023701,28.236687200755142]]]}},{"type":"Feature","properties":{"jobs":1877,"pop":723,"pointCount":2,"homeWorkCommuteMedian":41870,"workHomeCommuteMedian":31468},"geometry":{"type":"Polygon","coordinates":[[[-82.72284863023701,28.245680404392388],[-82.72284863023701,28.254673608029634],[-82.71385542659976,28.254673608029634],[-82.71385542659976,28.245680404392388],[-82.72284863023701,28.245680404392388]]]}},{"type":"Feature","properties":{"jobs":143,"pop":847,"pointCount":2,"homeWorkCommuteMedian":42041,"workHomeCommuteMedian":16480},"geometry":{"type":"Polygon","coordinates":[[[-82.72284863023701,28.254673608029634],[-82.72284863023701,28.26366681166688],[-82.71385542659976,28.26366681166688],[-82.71385542659976,28.254673608029634],[-82.72284863023701,28.254673608029634]]]}},{"type":"Feature","properties":{"jobs":685,"pop":204,"pointCount":2,"homeWorkCommuteMedian":40184,"workHomeCommuteMedian":38245},"geometry":{"type":"Polygon","coordinates":[[[-82.72284863023701,28.272660015304126],[-82.72284863023701,28.281653218941372],[-82.71385542659976,28.281653218941372],[-82.71385542659976,28.272660015304126],[-82.72284863023701,28.272660015304126]]]}},{"type":"Feature","properties":{"jobs":0,"pop":39,"pointCount":1,"homeWorkCommuteMedian":40385,"workHomeCommuteMedian":-1},"geometry":{"type":"Polygon","coordinates":[[[-82.71385542659976,27.697094982520383],[-82.71385542659976,27.70608818615763],[-82.70486222296252,27.70608818615763],[-82.70486222296252,27.697094982520383],[-82.71385542659976,27.697094982520383]]]}},{"type":"Feature","properties":{"jobs":0,"pop":487,"pointCount":1,"homeWorkCommuteMedian":33253,"workHomeCommuteMedian":-1},"geometry":{"type":"Polygon","coordinates":[[[-82.71385542659976,27.72407459343212],[-82.71385542659976,27.733067797069367],[-82.70486222296252,27.733067797069367],[-82.70486222296252,27.72407459343212],[-82.71385542659976,27.72407459343212]]]}},{"type":"Feature","properties":{"jobs":564,"pop":738,"pointCount":1,"homeWorkCommuteMedian":37355,"workHomeCommuteMedian":14150},"geometry":{"type":"Polygon","coordinates":[[[-82.71385542659976,27.733067797069367],[-82.71385542659976,27.742061000706613],[-82.70486222296252,27.742061000706613],[-82.70486222296252,27.733067797069367],[-82.71385542659976,27.733067797069367]]]}},{"type":"Feature","properties":{"jobs":415,"pop":891,"pointCount":1,"homeWorkCommuteMedian":19565,"workHomeCommuteMedian":17616},"geometry":{"type":"Polygon","coordinates":[[[-82.71385542659976,27.742061000706613],[-82.71385542659976,27.75105420434386],[-82.70486222296252,27.75105420434386],[-82.70486222296252,27.742061000706613],[-82.71385542659976,27.742061000706613]]]}},{"type":"Feature","properties":{"jobs":325,"pop":2293,"pointCount":3,"homeWorkCommuteMedian":16524,"workHomeCommuteMedian":13739},"geometry":{"type":"Polygon","coordinates":[[[-82.71385542659976,27.75105420434386],[-82.71385542659976,27.760047407981105],[-82.70486222296252,27.760047407981105],[-82.70486222296252,27.75105420434386],[-82.71385542659976,27.75105420434386]]]}},{"type":"Feature","properties":{"jobs":879,"pop":985,"pointCount":2,"homeWorkCommuteMedian":13429,"workHomeCommuteMedian":19870},"geometry":{"type":"Polygon","coordinates":[[[-82.71385542659976,27.76904061161835],[-82.71385542659976,27.778033815255597],[-82.70486222296252,27.778033815255597],[-82.70486222296252,27.76904061161835],[-82.71385542659976,27.76904061161835]]]}},{"type":"Feature","properties":{"jobs":38,"pop":353,"pointCount":1,"homeWorkCommuteMedian":13613,"workHomeCommuteMedian":21022},"geometry":{"type":"Polygon","coordinates":[[[-82.71385542659976,27.778033815255597],[-82.71385542659976,27.787027018892843],[-82.70486222296252,27.787027018892843],[-82.70486222296252,27.778033815255597],[-82.71385542659976,27.778033815255597]]]}},{"type":"Feature","properties":{"jobs":96,"pop":713,"pointCount":1,"homeWorkCommuteMedian":25393,"workHomeCommuteMedian":8503},"geometry":{"type":"Polygon","coordinates":[[[-82.71385542659976,27.787027018892843],[-82.71385542659976,27.79602022253009],[-82.70486222296252,27.79602022253009],[-82.70486222296252,27.787027018892843],[-82.71385542659976,27.787027018892843]]]}},{"type":"Feature","properties":{"jobs":125,"pop":1710,"pointCount":2,"homeWorkCommuteMedian":13949,"workHomeCommuteMedian":16969},"geometry":{"type":"Polygon","coordinates":[[[-82.71385542659976,27.805013426167335],[-82.71385542659976,27.81400662980458],[-82.70486222296252,27.81400662980458],[-82.70486222296252,27.805013426167335],[-82.71385542659976,27.805013426167335]]]}},{"type":"Feature","properties":{"jobs":159,"pop":1337,"pointCount":1,"homeWorkCommuteMedian":16099,"workHomeCommuteMedian":15344},"geometry":{"type":"Polygon","coordinates":[[[-82.71385542659976,27.81400662980458],[-82.71385542659976,27.822999833441827],[-82.70486222296252,27.822999833441827],[-82.70486222296252,27.81400662980458],[-82.71385542659976,27.81400662980458]]]}},{"type":"Feature","properties":{"jobs":247,"pop":332,"pointCount":2,"homeWorkCommuteMedian":11027,"workHomeCommuteMedian":9494},"geometry":{"type":"Polygon","coordinates":[[[-82.71385542659976,27.822999833441827],[-82.71385542659976,27.831993037079073],[-82.70486222296252,27.831993037079073],[-82.70486222296252,27.822999833441827],[-82.71385542659976,27.822999833441827]]]}},{"type":"Feature","properties":{"jobs":1073,"pop":916,"pointCount":2,"homeWorkCommuteMedian":16375,"workHomeCommuteMedian":20027},"geometry":{"type":"Polygon","coordinates":[[[-82.71385542659976,27.831993037079073],[-82.71385542659976,27.84098624071632],[-82.70486222296252,27.84098624071632],[-82.70486222296252,27.831993037079073],[-82.71385542659976,27.831993037079073]]]}},{"type":"Feature","properties":{"jobs":42,"pop":844,"pointCount":1,"homeWorkCommuteMedian":13825,"workHomeCommuteMedian":21598},"geometry":{"type":"Polygon","coordinates":[[[-82.71385542659976,27.84098624071632],[-82.71385542659976,27.849979444353565],[-82.70486222296252,27.849979444353565],[-82.70486222296252,27.84098624071632],[-82.71385542659976,27.84098624071632]]]}},{"type":"Feature","properties":{"jobs":41,"pop":938,"pointCount":1,"homeWorkCommuteMedian":17965,"workHomeCommuteMedian":22067},"geometry":{"type":"Polygon","coordinates":[[[-82.71385542659976,27.849979444353565],[-82.71385542659976,27.85897264799081],[-82.70486222296252,27.85897264799081],[-82.70486222296252,27.849979444353565],[-82.71385542659976,27.849979444353565]]]}},{"type":"Feature","properties":{"jobs":43,"pop":2080,"pointCount":2,"homeWorkCommuteMedian":12988,"workHomeCommuteMedian":8888},"geometry":{"type":"Polygon","coordinates":[[[-82.71385542659976,27.85897264799081],[-82.71385542659976,27.867965851628057],[-82.70486222296252,27.867965851628057],[-82.70486222296252,27.85897264799081],[-82.71385542659976,27.85897264799081]]]}},{"type":"Feature","properties":{"jobs":843,"pop":254,"pointCount":3,"homeWorkCommuteMedian":16232,"workHomeCommuteMedian":20211},"geometry":{"type":"Polygon","coordinates":[[[-82.71385542659976,27.867965851628057],[-82.71385542659976,27.876959055265303],[-82.70486222296252,27.876959055265303],[-82.70486222296252,27.867965851628057],[-82.71385542659976,27.867965851628057]]]}},{"type":"Feature","properties":{"jobs":1463,"pop":110,"pointCount":2,"homeWorkCommuteMedian":25914,"workHomeCommuteMedian":24132},"geometry":{"type":"Polygon","coordinates":[[[-82.71385542659976,27.876959055265303],[-82.71385542659976,27.88595225890255],[-82.70486222296252,27.88595225890255],[-82.70486222296252,27.876959055265303],[-82.71385542659976,27.876959055265303]]]}},{"type":"Feature","properties":{"jobs":760,"pop":27,"pointCount":1,"homeWorkCommuteMedian":21013,"workHomeCommuteMedian":25527},"geometry":{"type":"Polygon","coordinates":[[[-82.71385542659976,27.88595225890255],[-82.71385542659976,27.894945462539795],[-82.70486222296252,27.894945462539795],[-82.70486222296252,27.88595225890255],[-82.71385542659976,27.88595225890255]]]}},{"type":"Feature","properties":{"jobs":592,"pop":57,"pointCount":1,"homeWorkCommuteMedian":16878,"workHomeCommuteMedian":27481},"geometry":{"type":"Polygon","coordinates":[[[-82.71385542659976,27.894945462539795],[-82.71385542659976,27.90393866617704],[-82.70486222296252,27.90393866617704],[-82.70486222296252,27.894945462539795],[-82.71385542659976,27.894945462539795]]]}},{"type":"Feature","properties":{"jobs":554,"pop":1505,"pointCount":2,"homeWorkCommuteMedian":11589,"workHomeCommuteMedian":21989},"geometry":{"type":"Polygon","coordinates":[[[-82.71385542659976,27.90393866617704],[-82.71385542659976,27.912931869814287],[-82.70486222296252,27.912931869814287],[-82.70486222296252,27.90393866617704],[-82.71385542659976,27.90393866617704]]]}},{"type":"Feature","properties":{"jobs":5915,"pop":1300,"pointCount":4,"homeWorkCommuteMedian":13660,"workHomeCommuteMedian":24714},"geometry":{"type":"Polygon","coordinates":[[[-82.71385542659976,27.912931869814287],[-82.71385542659976,27.921925073451533],[-82.70486222296252,27.921925073451533],[-82.70486222296252,27.912931869814287],[-82.71385542659976,27.912931869814287]]]}},{"type":"Feature","properties":{"jobs":256,"pop":76,"pointCount":1,"homeWorkCommuteMedian":16059,"workHomeCommuteMedian":19395},"geometry":{"type":"Polygon","coordinates":[[[-82.71385542659976,27.921925073451533],[-82.71385542659976,27.93091827708878],[-82.70486222296252,27.93091827708878],[-82.70486222296252,27.921925073451533],[-82.71385542659976,27.921925073451533]]]}},{"type":"Feature","properties":{"jobs":147,"pop":42,"pointCount":1,"homeWorkCommuteMedian":28910,"workHomeCommuteMedian":23420},"geometry":{"type":"Polygon","coordinates":[[[-82.71385542659976,27.97588429527501],[-82.71385542659976,27.984877498912255],[-82.70486222296252,27.984877498912255],[-82.70486222296252,27.97588429527501],[-82.71385542659976,27.97588429527501]]]}},{"type":"Feature","properties":{"jobs":154,"pop":357,"pointCount":1,"homeWorkCommuteMedian":23620,"workHomeCommuteMedian":12288},"geometry":{"type":"Polygon","coordinates":[[[-82.71385542659976,27.984877498912255],[-82.71385542659976,27.9938707025495],[-82.70486222296252,27.9938707025495],[-82.70486222296252,27.984877498912255],[-82.71385542659976,27.984877498912255]]]}},{"type":"Feature","properties":{"jobs":417,"pop":1352,"pointCount":2,"homeWorkCommuteMedian":17898,"workHomeCommuteMedian":23596},"geometry":{"type":"Polygon","coordinates":[[[-82.71385542659976,27.9938707025495],[-82.71385542659976,28.002863906186747],[-82.70486222296252,28.002863906186747],[-82.70486222296252,27.9938707025495],[-82.71385542659976,27.9938707025495]]]}},{"type":"Feature","properties":{"jobs":271,"pop":872,"pointCount":1,"homeWorkCommuteMedian":21480,"workHomeCommuteMedian":28354},"geometry":{"type":"Polygon","coordinates":[[[-82.71385542659976,28.002863906186747],[-82.71385542659976,28.011857109823993],[-82.70486222296252,28.011857109823993],[-82.70486222296252,28.002863906186747],[-82.71385542659976,28.002863906186747]]]}},{"type":"Feature","properties":{"jobs":810,"pop":744,"pointCount":2,"homeWorkCommuteMedian":20554,"workHomeCommuteMedian":23487},"geometry":{"type":"Polygon","coordinates":[[[-82.71385542659976,28.011857109823993],[-82.71385542659976,28.02085031346124],[-82.70486222296252,28.02085031346124],[-82.70486222296252,28.011857109823993],[-82.71385542659976,28.011857109823993]]]}},{"type":"Feature","properties":{"jobs":297,"pop":610,"pointCount":1,"homeWorkCommuteMedian":23678,"workHomeCommuteMedian":19238},"geometry":{"type":"Polygon","coordinates":[[[-82.71385542659976,28.029843517098485],[-82.71385542659976,28.03883672073573],[-82.70486222296252,28.03883672073573],[-82.70486222296252,28.029843517098485],[-82.71385542659976,28.029843517098485]]]}},{"type":"Feature","properties":{"jobs":3825,"pop":1179,"pointCount":2,"homeWorkCommuteMedian":21789,"workHomeCommuteMedian":24455},"geometry":{"type":"Polygon","coordinates":[[[-82.71385542659976,28.03883672073573],[-82.71385542659976,28.047829924372977],[-82.70486222296252,28.047829924372977],[-82.70486222296252,28.03883672073573],[-82.71385542659976,28.03883672073573]]]}},{"type":"Feature","properties":{"jobs":276,"pop":1192,"pointCount":1,"homeWorkCommuteMedian":23728,"workHomeCommuteMedian":23129},"geometry":{"type":"Polygon","coordinates":[[[-82.71385542659976,28.047829924372977],[-82.71385542659976,28.056823128010222],[-82.70486222296252,28.056823128010222],[-82.70486222296252,28.047829924372977],[-82.71385542659976,28.047829924372977]]]}},{"type":"Feature","properties":{"jobs":1151,"pop":557,"pointCount":2,"homeWorkCommuteMedian":21458,"workHomeCommuteMedian":21455},"geometry":{"type":"Polygon","coordinates":[[[-82.71385542659976,28.056823128010222],[-82.71385542659976,28.06581633164747],[-82.70486222296252,28.06581633164747],[-82.70486222296252,28.056823128010222],[-82.71385542659976,28.056823128010222]]]}},{"type":"Feature","properties":{"jobs":99,"pop":408,"pointCount":1,"homeWorkCommuteMedian":25240,"workHomeCommuteMedian":25149},"geometry":{"type":"Polygon","coordinates":[[[-82.71385542659976,28.06581633164747],[-82.71385542659976,28.074809535284714],[-82.70486222296252,28.074809535284714],[-82.70486222296252,28.06581633164747],[-82.71385542659976,28.06581633164747]]]}},{"type":"Feature","properties":{"jobs":55,"pop":262,"pointCount":1,"homeWorkCommuteMedian":24012,"workHomeCommuteMedian":26065},"geometry":{"type":"Polygon","coordinates":[[[-82.71385542659976,28.12876875710819],[-82.71385542659976,28.137761960745436],[-82.70486222296252,28.137761960745436],[-82.70486222296252,28.12876875710819],[-82.71385542659976,28.12876875710819]]]}},{"type":"Feature","properties":{"jobs":208,"pop":206,"pointCount":1,"homeWorkCommuteMedian":34607,"workHomeCommuteMedian":23010},"geometry":{"type":"Polygon","coordinates":[[[-82.71385542659976,28.15574836801993],[-82.71385542659976,28.164741571657174],[-82.70486222296252,28.164741571657174],[-82.70486222296252,28.15574836801993],[-82.71385542659976,28.15574836801993]]]}},{"type":"Feature","properties":{"jobs":161,"pop":769,"pointCount":1,"homeWorkCommuteMedian":31076,"workHomeCommuteMedian":20456},"geometry":{"type":"Polygon","coordinates":[[[-82.71385542659976,28.17373477529442],[-82.71385542659976,28.182727978931666],[-82.70486222296252,28.182727978931666],[-82.70486222296252,28.17373477529442],[-82.71385542659976,28.17373477529442]]]}},{"type":"Feature","properties":{"jobs":55,"pop":730,"pointCount":1,"homeWorkCommuteMedian":41795,"workHomeCommuteMedian":12601},"geometry":{"type":"Polygon","coordinates":[[[-82.71385542659976,28.209707589843404],[-82.71385542659976,28.21870079348065],[-82.70486222296252,28.21870079348065],[-82.70486222296252,28.209707589843404],[-82.71385542659976,28.209707589843404]]]}},{"type":"Feature","properties":{"jobs":282,"pop":694,"pointCount":1,"homeWorkCommuteMedian":41825,"workHomeCommuteMedian":39292},"geometry":{"type":"Polygon","coordinates":[[[-82.71385542659976,28.21870079348065],[-82.71385542659976,28.227693997117896],[-82.70486222296252,28.227693997117896],[-82.70486222296252,28.21870079348065],[-82.71385542659976,28.21870079348065]]]}},{"type":"Feature","properties":{"jobs":155,"pop":780,"pointCount":1,"homeWorkCommuteMedian":35290,"workHomeCommuteMedian":18583},"geometry":{"type":"Polygon","coordinates":[[[-82.71385542659976,28.227693997117896],[-82.71385542659976,28.236687200755142],[-82.70486222296252,28.236687200755142],[-82.70486222296252,28.227693997117896],[-82.71385542659976,28.227693997117896]]]}},{"type":"Feature","properties":{"jobs":224,"pop":457,"pointCount":1,"homeWorkCommuteMedian":47868,"workHomeCommuteMedian":43349},"geometry":{"type":"Polygon","coordinates":[[[-82.71385542659976,28.254673608029634],[-82.71385542659976,28.26366681166688],[-82.70486222296252,28.26366681166688],[-82.70486222296252,28.254673608029634],[-82.71385542659976,28.254673608029634]]]}},{"type":"Feature","properties":{"jobs":146,"pop":535,"pointCount":1,"homeWorkCommuteMedian":47998,"workHomeCommuteMedian":32242},"geometry":{"type":"Polygon","coordinates":[[[-82.71385542659976,28.26366681166688],[-82.71385542659976,28.272660015304126],[-82.70486222296252,28.272660015304126],[-82.70486222296252,28.26366681166688],[-82.71385542659976,28.26366681166688]]]}},{"type":"Feature","properties":{"jobs":612,"pop":321,"pointCount":1,"homeWorkCommuteMedian":50808,"workHomeCommuteMedian":43642},"geometry":{"type":"Polygon","coordinates":[[[-82.71385542659976,28.272660015304126],[-82.71385542659976,28.281653218941372],[-82.70486222296252,28.281653218941372],[-82.70486222296252,28.272660015304126],[-82.71385542659976,28.272660015304126]]]}},{"type":"Feature","properties":{"jobs":26,"pop":808,"pointCount":1,"homeWorkCommuteMedian":21945,"workHomeCommuteMedian":17630},"geometry":{"type":"Polygon","coordinates":[[[-82.70486222296252,27.733067797069367],[-82.70486222296252,27.742061000706613],[-82.69586901932527,27.742061000706613],[-82.69586901932527,27.733067797069367],[-82.70486222296252,27.733067797069367]]]}},{"type":"Feature","properties":{"jobs":221,"pop":917,"pointCount":1,"homeWorkCommuteMedian":26980,"workHomeCommuteMedian":18669},"geometry":{"type":"Polygon","coordinates":[[[-82.70486222296252,27.742061000706613],[-82.70486222296252,27.75105420434386],[-82.69586901932527,27.75105420434386],[-82.69586901932527,27.742061000706613],[-82.70486222296252,27.742061000706613]]]}},{"type":"Feature","properties":{"jobs":327,"pop":1359,"pointCount":2,"homeWorkCommuteMedian":16736,"workHomeCommuteMedian":21267},"geometry":{"type":"Polygon","coordinates":[[[-82.70486222296252,27.760047407981105],[-82.70486222296252,27.76904061161835],[-82.69586901932527,27.76904061161835],[-82.69586901932527,27.760047407981105],[-82.70486222296252,27.760047407981105]]]}},{"type":"Feature","properties":{"jobs":330,"pop":774,"pointCount":1,"homeWorkCommuteMedian":14818,"workHomeCommuteMedian":14093},"geometry":{"type":"Polygon","coordinates":[[[-82.70486222296252,27.76904061161835],[-82.70486222296252,27.778033815255597],[-82.69586901932527,27.778033815255597],[-82.69586901932527,27.76904061161835],[-82.70486222296252,27.76904061161835]]]}},{"type":"Feature","properties":{"jobs":464,"pop":1217,"pointCount":2,"homeWorkCommuteMedian":13253,"workHomeCommuteMedian":16708},"geometry":{"type":"Polygon","coordinates":[[[-82.70486222296252,27.79602022253009],[-82.70486222296252,27.805013426167335],[-82.69586901932527,27.805013426167335],[-82.69586901932527,27.79602022253009],[-82.70486222296252,27.79602022253009]]]}},{"type":"Feature","properties":{"jobs":935,"pop":995,"pointCount":2,"homeWorkCommuteMedian":16878,"workHomeCommuteMedian":23211},"geometry":{"type":"Polygon","coordinates":[[[-82.70486222296252,27.805013426167335],[-82.70486222296252,27.81400662980458],[-82.69586901932527,27.81400662980458],[-82.69586901932527,27.805013426167335],[-82.70486222296252,27.805013426167335]]]}},{"type":"Feature","properties":{"jobs":219,"pop":826,"pointCount":1,"homeWorkCommuteMedian":19471,"workHomeCommuteMedian":12746},"geometry":{"type":"Polygon","coordinates":[[[-82.70486222296252,27.81400662980458],[-82.70486222296252,27.822999833441827],[-82.69586901932527,27.822999833441827],[-82.69586901932527,27.81400662980458],[-82.70486222296252,27.81400662980458]]]}},{"type":"Feature","properties":{"jobs":1610,"pop":500,"pointCount":2,"homeWorkCommuteMedian":15122,"workHomeCommuteMedian":24075},"geometry":{"type":"Polygon","coordinates":[[[-82.70486222296252,27.822999833441827],[-82.70486222296252,27.831993037079073],[-82.69586901932527,27.831993037079073],[-82.69586901932527,27.822999833441827],[-82.70486222296252,27.822999833441827]]]}},{"type":"Feature","properties":{"jobs":1660,"pop":1168,"pointCount":3,"homeWorkCommuteMedian":18681,"workHomeCommuteMedian":20390},"geometry":{"type":"Polygon","coordinates":[[[-82.70486222296252,27.831993037079073],[-82.70486222296252,27.84098624071632],[-82.69586901932527,27.84098624071632],[-82.69586901932527,27.831993037079073],[-82.70486222296252,27.831993037079073]]]}},{"type":"Feature","properties":{"jobs":1013,"pop":842,"pointCount":2,"homeWorkCommuteMedian":10365,"workHomeCommuteMedian":16072},"geometry":{"type":"Polygon","coordinates":[[[-82.70486222296252,27.84098624071632],[-82.70486222296252,27.849979444353565],[-82.69586901932527,27.849979444353565],[-82.69586901932527,27.84098624071632],[-82.70486222296252,27.84098624071632]]]}},{"type":"Feature","properties":{"jobs":652,"pop":2104,"pointCount":3,"homeWorkCommuteMedian":13802,"workHomeCommuteMedian":21693},"geometry":{"type":"Polygon","coordinates":[[[-82.70486222296252,27.849979444353565],[-82.70486222296252,27.85897264799081],[-82.69586901932527,27.85897264799081],[-82.69586901932527,27.849979444353565],[-82.70486222296252,27.849979444353565]]]}},{"type":"Feature","properties":{"jobs":251,"pop":124,"pointCount":1,"homeWorkCommuteMedian":17384,"workHomeCommuteMedian":20587},"geometry":{"type":"Polygon","coordinates":[[[-82.70486222296252,27.85897264799081],[-82.70486222296252,27.867965851628057],[-82.69586901932527,27.867965851628057],[-82.69586901932527,27.85897264799081],[-82.70486222296252,27.85897264799081]]]}},{"type":"Feature","properties":{"jobs":2049,"pop":213,"pointCount":3,"homeWorkCommuteMedian":25265,"workHomeCommuteMedian":21185},"geometry":{"type":"Polygon","coordinates":[[[-82.70486222296252,27.867965851628057],[-82.70486222296252,27.876959055265303],[-82.69586901932527,27.876959055265303],[-82.69586901932527,27.867965851628057],[-82.70486222296252,27.867965851628057]]]}},{"type":"Feature","properties":{"jobs":907,"pop":52,"pointCount":2,"homeWorkCommuteMedian":15077,"workHomeCommuteMedian":18246},"geometry":{"type":"Polygon","coordinates":[[[-82.70486222296252,27.876959055265303],[-82.70486222296252,27.88595225890255],[-82.69586901932527,27.88595225890255],[-82.69586901932527,27.876959055265303],[-82.70486222296252,27.876959055265303]]]}},{"type":"Feature","properties":{"jobs":2655,"pop":79,"pointCount":2,"homeWorkCommuteMedian":24050,"workHomeCommuteMedian":24572},"geometry":{"type":"Polygon","coordinates":[[[-82.70486222296252,27.88595225890255],[-82.70486222296252,27.894945462539795],[-82.69586901932527,27.894945462539795],[-82.69586901932527,27.88595225890255],[-82.70486222296252,27.88595225890255]]]}},{"type":"Feature","properties":{"jobs":2017,"pop":243,"pointCount":4,"homeWorkCommuteMedian":24361,"workHomeCommuteMedian":24178},"geometry":{"type":"Polygon","coordinates":[[[-82.70486222296252,27.894945462539795],[-82.70486222296252,27.90393866617704],[-82.69586901932527,27.90393866617704],[-82.69586901932527,27.894945462539795],[-82.70486222296252,27.894945462539795]]]}},{"type":"Feature","properties":{"jobs":3444,"pop":398,"pointCount":4,"homeWorkCommuteMedian":26570,"workHomeCommuteMedian":21648},"geometry":{"type":"Polygon","coordinates":[[[-82.70486222296252,27.90393866617704],[-82.70486222296252,27.912931869814287],[-82.69586901932527,27.912931869814287],[-82.69586901932527,27.90393866617704],[-82.70486222296252,27.90393866617704]]]}},{"type":"Feature","properties":{"jobs":931,"pop":42,"pointCount":1,"homeWorkCommuteMedian":26335,"workHomeCommuteMedian":25725},"geometry":{"type":"Polygon","coordinates":[[[-82.70486222296252,27.912931869814287],[-82.70486222296252,27.921925073451533],[-82.69586901932527,27.921925073451533],[-82.69586901932527,27.912931869814287],[-82.70486222296252,27.912931869814287]]]}},{"type":"Feature","properties":{"jobs":6,"pop":22,"pointCount":1,"homeWorkCommuteMedian":16387,"workHomeCommuteMedian":25462},"geometry":{"type":"Polygon","coordinates":[[[-82.70486222296252,27.94890468436327],[-82.70486222296252,27.957897888000517],[-82.69586901932527,27.957897888000517],[-82.69586901932527,27.94890468436327],[-82.70486222296252,27.94890468436327]]]}},{"type":"Feature","properties":{"jobs":328,"pop":51,"pointCount":1,"homeWorkCommuteMedian":28948,"workHomeCommuteMedian":18444},"geometry":{"type":"Polygon","coordinates":[[[-82.70486222296252,27.97588429527501],[-82.70486222296252,27.984877498912255],[-82.69586901932527,27.984877498912255],[-82.69586901932527,27.97588429527501],[-82.70486222296252,27.97588429527501]]]}},{"type":"Feature","properties":{"jobs":549,"pop":91,"pointCount":1,"homeWorkCommuteMedian":27426,"workHomeCommuteMedian":20672},"geometry":{"type":"Polygon","coordinates":[[[-82.70486222296252,27.984877498912255],[-82.70486222296252,27.9938707025495],[-82.69586901932527,27.9938707025495],[-82.69586901932527,27.984877498912255],[-82.70486222296252,27.984877498912255]]]}},{"type":"Feature","properties":{"jobs":1109,"pop":903,"pointCount":2,"homeWorkCommuteMedian":18531,"workHomeCommuteMedian":21595},"geometry":{"type":"Polygon","coordinates":[[[-82.70486222296252,27.9938707025495],[-82.70486222296252,28.002863906186747],[-82.69586901932527,28.002863906186747],[-82.69586901932527,27.9938707025495],[-82.70486222296252,27.9938707025495]]]}},{"type":"Feature","properties":{"jobs":286,"pop":961,"pointCount":1,"homeWorkCommuteMedian":19554,"workHomeCommuteMedian":22156},"geometry":{"type":"Polygon","coordinates":[[[-82.70486222296252,28.011857109823993],[-82.70486222296252,28.02085031346124],[-82.69586901932527,28.02085031346124],[-82.69586901932527,28.011857109823993],[-82.70486222296252,28.011857109823993]]]}},{"type":"Feature","properties":{"jobs":135,"pop":630,"pointCount":1,"homeWorkCommuteMedian":21217,"workHomeCommuteMedian":18470},"geometry":{"type":"Polygon","coordinates":[[[-82.70486222296252,28.02085031346124],[-82.70486222296252,28.029843517098485],[-82.69586901932527,28.029843517098485],[-82.69586901932527,28.02085031346124],[-82.70486222296252,28.02085031346124]]]}},{"type":"Feature","properties":{"jobs":616,"pop":1218,"pointCount":2,"homeWorkCommuteMedian":22290,"workHomeCommuteMedian":21997},"geometry":{"type":"Polygon","coordinates":[[[-82.70486222296252,28.047829924372977],[-82.70486222296252,28.056823128010222],[-82.69586901932527,28.056823128010222],[-82.69586901932527,28.047829924372977],[-82.70486222296252,28.047829924372977]]]}},{"type":"Feature","properties":{"jobs":4,"pop":1009,"pointCount":1,"homeWorkCommuteMedian":22954,"workHomeCommuteMedian":29133},"geometry":{"type":"Polygon","coordinates":[[[-82.70486222296252,28.056823128010222],[-82.70486222296252,28.06581633164747],[-82.69586901932527,28.06581633164747],[-82.69586901932527,28.056823128010222],[-82.70486222296252,28.056823128010222]]]}},{"type":"Feature","properties":{"jobs":265,"pop":739,"pointCount":1,"homeWorkCommuteMedian":21970,"workHomeCommuteMedian":27619},"geometry":{"type":"Polygon","coordinates":[[[-82.70486222296252,28.074809535284714],[-82.70486222296252,28.08380273892196],[-82.69586901932527,28.08380273892196],[-82.69586901932527,28.074809535284714],[-82.70486222296252,28.074809535284714]]]}},{"type":"Feature","properties":{"jobs":2488,"pop":769,"pointCount":2,"homeWorkCommuteMedian":22190,"workHomeCommuteMedian":15270},"geometry":{"type":"Polygon","coordinates":[[[-82.70486222296252,28.08380273892196],[-82.70486222296252,28.092795942559206],[-82.69586901932527,28.092795942559206],[-82.69586901932527,28.08380273892196],[-82.70486222296252,28.08380273892196]]]}},{"type":"Feature","properties":{"jobs":31,"pop":403,"pointCount":1,"homeWorkCommuteMedian":28767,"workHomeCommuteMedian":20380},"geometry":{"type":"Polygon","coordinates":[[[-82.70486222296252,28.092795942559206],[-82.70486222296252,28.101789146196452],[-82.69586901932527,28.101789146196452],[-82.69586901932527,28.092795942559206],[-82.70486222296252,28.092795942559206]]]}},{"type":"Feature","properties":{"jobs":135,"pop":488,"pointCount":1,"homeWorkCommuteMedian":25943,"workHomeCommuteMedian":23671},"geometry":{"type":"Polygon","coordinates":[[[-82.70486222296252,28.101789146196452],[-82.70486222296252,28.1107823498337],[-82.69586901932527,28.1107823498337],[-82.69586901932527,28.101789146196452],[-82.70486222296252,28.101789146196452]]]}},{"type":"Feature","properties":{"jobs":157,"pop":391,"pointCount":1,"homeWorkCommuteMedian":25337,"workHomeCommuteMedian":31106},"geometry":{"type":"Polygon","coordinates":[[[-82.70486222296252,28.119775553470944],[-82.70486222296252,28.12876875710819],[-82.69586901932527,28.12876875710819],[-82.69586901932527,28.119775553470944],[-82.70486222296252,28.119775553470944]]]}},{"type":"Feature","properties":{"jobs":146,"pop":186,"pointCount":1,"homeWorkCommuteMedian":34502,"workHomeCommuteMedian":17007},"geometry":{"type":"Polygon","coordinates":[[[-82.70486222296252,28.137761960745436],[-82.70486222296252,28.146755164382682],[-82.69586901932527,28.146755164382682],[-82.69586901932527,28.137761960745436],[-82.70486222296252,28.137761960745436]]]}},{"type":"Feature","properties":{"jobs":228,"pop":251,"pointCount":1,"homeWorkCommuteMedian":31895,"workHomeCommuteMedian":22713},"geometry":{"type":"Polygon","coordinates":[[[-82.70486222296252,28.146755164382682],[-82.70486222296252,28.15574836801993],[-82.69586901932527,28.15574836801993],[-82.69586901932527,28.146755164382682],[-82.70486222296252,28.146755164382682]]]}},{"type":"Feature","properties":{"jobs":411,"pop":701,"pointCount":1,"homeWorkCommuteMedian":30265,"workHomeCommuteMedian":26149},"geometry":{"type":"Polygon","coordinates":[[[-82.70486222296252,28.182727978931666],[-82.70486222296252,28.191721182568912],[-82.69586901932527,28.191721182568912],[-82.69586901932527,28.182727978931666],[-82.70486222296252,28.182727978931666]]]}},{"type":"Feature","properties":{"jobs":152,"pop":1266,"pointCount":1,"homeWorkCommuteMedian":41784,"workHomeCommuteMedian":31715},"geometry":{"type":"Polygon","coordinates":[[[-82.70486222296252,28.209707589843404],[-82.70486222296252,28.21870079348065],[-82.69586901932527,28.21870079348065],[-82.69586901932527,28.209707589843404],[-82.70486222296252,28.209707589843404]]]}},{"type":"Feature","properties":{"jobs":316,"pop":645,"pointCount":1,"homeWorkCommuteMedian":41633,"workHomeCommuteMedian":30993},"geometry":{"type":"Polygon","coordinates":[[[-82.70486222296252,28.21870079348065],[-82.70486222296252,28.227693997117896],[-82.69586901932527,28.227693997117896],[-82.69586901932527,28.21870079348065],[-82.70486222296252,28.21870079348065]]]}},{"type":"Feature","properties":{"jobs":99,"pop":835,"pointCount":1,"homeWorkCommuteMedian":36853,"workHomeCommuteMedian":33024},"geometry":{"type":"Polygon","coordinates":[[[-82.70486222296252,28.227693997117896],[-82.70486222296252,28.236687200755142],[-82.69586901932527,28.236687200755142],[-82.69586901932527,28.227693997117896],[-82.70486222296252,28.227693997117896]]]}},{"type":"Feature","properties":{"jobs":175,"pop":667,"pointCount":1,"homeWorkCommuteMedian":34074,"workHomeCommuteMedian":24502},"geometry":{"type":"Polygon","coordinates":[[[-82.70486222296252,28.245680404392388],[-82.70486222296252,28.254673608029634],[-82.69586901932527,28.254673608029634],[-82.69586901932527,28.245680404392388],[-82.70486222296252,28.245680404392388]]]}},{"type":"Feature","properties":{"jobs":228,"pop":757,"pointCount":1,"homeWorkCommuteMedian":40979,"workHomeCommuteMedian":15196},"geometry":{"type":"Polygon","coordinates":[[[-82.70486222296252,28.254673608029634],[-82.70486222296252,28.26366681166688],[-82.69586901932527,28.26366681166688],[-82.69586901932527,28.254673608029634],[-82.70486222296252,28.254673608029634]]]}},{"type":"Feature","properties":{"jobs":175,"pop":1245,"pointCount":1,"homeWorkCommuteMedian":35788,"workHomeCommuteMedian":38095},"geometry":{"type":"Polygon","coordinates":[[[-82.70486222296252,28.26366681166688],[-82.70486222296252,28.272660015304126],[-82.69586901932527,28.272660015304126],[-82.69586901932527,28.26366681166688],[-82.70486222296252,28.26366681166688]]]}},{"type":"Feature","properties":{"jobs":316,"pop":168,"pointCount":1,"homeWorkCommuteMedian":52020,"workHomeCommuteMedian":36704},"geometry":{"type":"Polygon","coordinates":[[[-82.70486222296252,28.272660015304126],[-82.70486222296252,28.281653218941372],[-82.69586901932527,28.281653218941372],[-82.69586901932527,28.272660015304126],[-82.70486222296252,28.272660015304126]]]}},{"type":"Feature","properties":{"jobs":0,"pop":138,"pointCount":1,"homeWorkCommuteMedian":47638,"workHomeCommuteMedian":-1},"geometry":{"type":"Polygon","coordinates":[[[-82.69586901932527,27.697094982520383],[-82.69586901932527,27.70608818615763],[-82.68687581568803,27.70608818615763],[-82.68687581568803,27.697094982520383],[-82.69586901932527,27.697094982520383]]]}},{"type":"Feature","properties":{"jobs":208,"pop":1154,"pointCount":1,"homeWorkCommuteMedian":29082,"workHomeCommuteMedian":25979},"geometry":{"type":"Polygon","coordinates":[[[-82.69586901932527,27.715081389794875],[-82.69586901932527,27.72407459343212],[-82.68687581568803,27.72407459343212],[-82.68687581568803,27.715081389794875],[-82.69586901932527,27.715081389794875]]]}},{"type":"Feature","properties":{"jobs":45,"pop":642,"pointCount":1,"homeWorkCommuteMedian":36863,"workHomeCommuteMedian":26753},"geometry":{"type":"Polygon","coordinates":[[[-82.69586901932527,27.72407459343212],[-82.69586901932527,27.733067797069367],[-82.68687581568803,27.733067797069367],[-82.68687581568803,27.72407459343212],[-82.69586901932527,27.72407459343212]]]}},{"type":"Feature","properties":{"jobs":69,"pop":556,"pointCount":1,"homeWorkCommuteMedian":33215,"workHomeCommuteMedian":22721},"geometry":{"type":"Polygon","coordinates":[[[-82.69586901932527,27.733067797069367],[-82.69586901932527,27.742061000706613],[-82.68687581568803,27.742061000706613],[-82.68687581568803,27.733067797069367],[-82.69586901932527,27.733067797069367]]]}},{"type":"Feature","properties":{"jobs":10,"pop":1240,"pointCount":1,"homeWorkCommuteMedian":16936,"workHomeCommuteMedian":60221},"geometry":{"type":"Polygon","coordinates":[[[-82.69586901932527,27.742061000706613],[-82.69586901932527,27.75105420434386],[-82.68687581568803,27.75105420434386],[-82.68687581568803,27.742061000706613],[-82.69586901932527,27.742061000706613]]]}},{"type":"Feature","properties":{"jobs":699,"pop":1024,"pointCount":1,"homeWorkCommuteMedian":21622,"workHomeCommuteMedian":26405},"geometry":{"type":"Polygon","coordinates":[[[-82.69586901932527,27.760047407981105],[-82.69586901932527,27.76904061161835],[-82.68687581568803,27.76904061161835],[-82.68687581568803,27.760047407981105],[-82.69586901932527,27.760047407981105]]]}},{"type":"Feature","properties":{"jobs":667,"pop":1567,"pointCount":2,"homeWorkCommuteMedian":21451,"workHomeCommuteMedian":19690},"geometry":{"type":"Polygon","coordinates":[[[-82.69586901932527,27.76904061161835],[-82.69586901932527,27.778033815255597],[-82.68687581568803,27.778033815255597],[-82.68687581568803,27.76904061161835],[-82.69586901932527,27.76904061161835]]]}},{"type":"Feature","properties":{"jobs":113,"pop":907,"pointCount":1,"homeWorkCommuteMedian":16320,"workHomeCommuteMedian":19849},"geometry":{"type":"Polygon","coordinates":[[[-82.69586901932527,27.778033815255597],[-82.69586901932527,27.787027018892843],[-82.68687581568803,27.787027018892843],[-82.68687581568803,27.778033815255597],[-82.69586901932527,27.778033815255597]]]}},{"type":"Feature","properties":{"jobs":72,"pop":1297,"pointCount":1,"homeWorkCommuteMedian":8300,"workHomeCommuteMedian":6226},"geometry":{"type":"Polygon","coordinates":[[[-82.69586901932527,27.787027018892843],[-82.69586901932527,27.79602022253009],[-82.68687581568803,27.79602022253009],[-82.68687581568803,27.787027018892843],[-82.69586901932527,27.787027018892843]]]}},{"type":"Feature","properties":{"jobs":245,"pop":1203,"pointCount":2,"homeWorkCommuteMedian":11657,"workHomeCommuteMedian":13128},"geometry":{"type":"Polygon","coordinates":[[[-82.69586901932527,27.79602022253009],[-82.69586901932527,27.805013426167335],[-82.68687581568803,27.805013426167335],[-82.68687581568803,27.79602022253009],[-82.69586901932527,27.79602022253009]]]}},{"type":"Feature","properties":{"jobs":43,"pop":828,"pointCount":1,"homeWorkCommuteMedian":8834,"workHomeCommuteMedian":13503},"geometry":{"type":"Polygon","coordinates":[[[-82.69586901932527,27.805013426167335],[-82.69586901932527,27.81400662980458],[-82.68687581568803,27.81400662980458],[-82.68687581568803,27.805013426167335],[-82.69586901932527,27.805013426167335]]]}},{"type":"Feature","properties":{"jobs":566,"pop":1102,"pointCount":2,"homeWorkCommuteMedian":21241,"workHomeCommuteMedian":18155},"geometry":{"type":"Polygon","coordinates":[[[-82.69586901932527,27.81400662980458],[-82.69586901932527,27.822999833441827],[-82.68687581568803,27.822999833441827],[-82.68687581568803,27.81400662980458],[-82.69586901932527,27.81400662980458]]]}},{"type":"Feature","properties":{"jobs":820,"pop":721,"pointCount":2,"homeWorkCommuteMedian":20666,"workHomeCommuteMedian":20521},"geometry":{"type":"Polygon","coordinates":[[[-82.69586901932527,27.822999833441827],[-82.69586901932527,27.831993037079073],[-82.68687581568803,27.831993037079073],[-82.68687581568803,27.822999833441827],[-82.69586901932527,27.822999833441827]]]}},{"type":"Feature","properties":{"jobs":600,"pop":876,"pointCount":2,"homeWorkCommuteMedian":14774,"workHomeCommuteMedian":21945},"geometry":{"type":"Polygon","coordinates":[[[-82.69586901932527,27.831993037079073],[-82.69586901932527,27.84098624071632],[-82.68687581568803,27.84098624071632],[-82.68687581568803,27.831993037079073],[-82.69586901932527,27.831993037079073]]]}},{"type":"Feature","properties":{"jobs":802,"pop":1097,"pointCount":3,"homeWorkCommuteMedian":14039,"workHomeCommuteMedian":19529},"geometry":{"type":"Polygon","coordinates":[[[-82.69586901932527,27.84098624071632],[-82.69586901932527,27.849979444353565],[-82.68687581568803,27.849979444353565],[-82.68687581568803,27.84098624071632],[-82.69586901932527,27.84098624071632]]]}},{"type":"Feature","properties":{"jobs":340,"pop":256,"pointCount":1,"homeWorkCommuteMedian":11365,"workHomeCommuteMedian":36934},"geometry":{"type":"Polygon","coordinates":[[[-82.69586901932527,27.849979444353565],[-82.69586901932527,27.85897264799081],[-82.68687581568803,27.85897264799081],[-82.68687581568803,27.849979444353565],[-82.69586901932527,27.849979444353565]]]}},{"type":"Feature","properties":{"jobs":2021,"pop":137,"pointCount":3,"homeWorkCommuteMedian":18031,"workHomeCommuteMedian":24913},"geometry":{"type":"Polygon","coordinates":[[[-82.69586901932527,27.867965851628057],[-82.69586901932527,27.876959055265303],[-82.68687581568803,27.876959055265303],[-82.68687581568803,27.867965851628057],[-82.69586901932527,27.867965851628057]]]}},{"type":"Feature","properties":{"jobs":482,"pop":48,"pointCount":2,"homeWorkCommuteMedian":25136,"workHomeCommuteMedian":24325},"geometry":{"type":"Polygon","coordinates":[[[-82.69586901932527,27.876959055265303],[-82.69586901932527,27.88595225890255],[-82.68687581568803,27.88595225890255],[-82.68687581568803,27.876959055265303],[-82.69586901932527,27.876959055265303]]]}},{"type":"Feature","properties":{"jobs":1101,"pop":242,"pointCount":3,"homeWorkCommuteMedian":25363,"workHomeCommuteMedian":22492},"geometry":{"type":"Polygon","coordinates":[[[-82.69586901932527,27.88595225890255],[-82.69586901932527,27.894945462539795],[-82.68687581568803,27.894945462539795],[-82.68687581568803,27.88595225890255],[-82.69586901932527,27.88595225890255]]]}},{"type":"Feature","properties":{"jobs":779,"pop":38,"pointCount":1,"homeWorkCommuteMedian":14741,"workHomeCommuteMedian":25451},"geometry":{"type":"Polygon","coordinates":[[[-82.69586901932527,27.894945462539795],[-82.69586901932527,27.90393866617704],[-82.68687581568803,27.90393866617704],[-82.68687581568803,27.894945462539795],[-82.69586901932527,27.894945462539795]]]}},{"type":"Feature","properties":{"jobs":4934,"pop":73,"pointCount":2,"homeWorkCommuteMedian":19491,"workHomeCommuteMedian":31199},"geometry":{"type":"Polygon","coordinates":[[[-82.69586901932527,27.90393866617704],[-82.69586901932527,27.912931869814287],[-82.68687581568803,27.912931869814287],[-82.68687581568803,27.90393866617704],[-82.69586901932527,27.90393866617704]]]}},{"type":"Feature","properties":{"jobs":292,"pop":15,"pointCount":1,"homeWorkCommuteMedian":37355,"workHomeCommuteMedian":21370},"geometry":{"type":"Polygon","coordinates":[[[-82.69586901932527,27.97588429527501],[-82.69586901932527,27.984877498912255],[-82.68687581568803,27.984877498912255],[-82.68687581568803,27.97588429527501],[-82.69586901932527,27.97588429527501]]]}},{"type":"Feature","properties":{"jobs":1368,"pop":196,"pointCount":2,"homeWorkCommuteMedian":7344,"workHomeCommuteMedian":21323},"geometry":{"type":"Polygon","coordinates":[[[-82.69586901932527,27.984877498912255],[-82.69586901932527,27.9938707025495],[-82.68687581568803,27.9938707025495],[-82.68687581568803,27.984877498912255],[-82.69586901932527,27.984877498912255]]]}},{"type":"Feature","properties":{"jobs":517,"pop":185,"pointCount":1,"homeWorkCommuteMedian":20347,"workHomeCommuteMedian":27813},"geometry":{"type":"Polygon","coordinates":[[[-82.69586901932527,27.9938707025495],[-82.69586901932527,28.002863906186747],[-82.68687581568803,28.002863906186747],[-82.68687581568803,27.9938707025495],[-82.69586901932527,27.9938707025495]]]}},{"type":"Feature","properties":{"jobs":103,"pop":879,"pointCount":1,"homeWorkCommuteMedian":19471,"workHomeCommuteMedian":17416},"geometry":{"type":"Polygon","coordinates":[[[-82.69586901932527,28.002863906186747],[-82.69586901932527,28.011857109823993],[-82.68687581568803,28.011857109823993],[-82.68687581568803,28.002863906186747],[-82.69586901932527,28.002863906186747]]]}},{"type":"Feature","properties":{"jobs":39,"pop":690,"pointCount":1,"homeWorkCommuteMedian":22788,"workHomeCommuteMedian":11687},"geometry":{"type":"Polygon","coordinates":[[[-82.69586901932527,28.02085031346124],[-82.69586901932527,28.029843517098485],[-82.68687581568803,28.029843517098485],[-82.68687581568803,28.02085031346124],[-82.69586901932527,28.02085031346124]]]}},{"type":"Feature","properties":{"jobs":37,"pop":1241,"pointCount":1,"homeWorkCommuteMedian":20550,"workHomeCommuteMedian":14948},"geometry":{"type":"Polygon","coordinates":[[[-82.69586901932527,28.029843517098485],[-82.69586901932527,28.03883672073573],[-82.68687581568803,28.03883672073573],[-82.68687581568803,28.029843517098485],[-82.69586901932527,28.029843517098485]]]}},{"type":"Feature","properties":{"jobs":343,"pop":1348,"pointCount":2,"homeWorkCommuteMedian":22033,"workHomeCommuteMedian":22964},"geometry":{"type":"Polygon","coordinates":[[[-82.69586901932527,28.03883672073573],[-82.69586901932527,28.047829924372977],[-82.68687581568803,28.047829924372977],[-82.68687581568803,28.03883672073573],[-82.69586901932527,28.03883672073573]]]}},{"type":"Feature","properties":{"jobs":637,"pop":785,"pointCount":1,"homeWorkCommuteMedian":16292,"workHomeCommuteMedian":24152},"geometry":{"type":"Polygon","coordinates":[[[-82.69586901932527,28.047829924372977],[-82.69586901932527,28.056823128010222],[-82.68687581568803,28.056823128010222],[-82.68687581568803,28.047829924372977],[-82.69586901932527,28.047829924372977]]]}},{"type":"Feature","properties":{"jobs":221,"pop":557,"pointCount":1,"homeWorkCommuteMedian":26487,"workHomeCommuteMedian":20734},"geometry":{"type":"Polygon","coordinates":[[[-82.69586901932527,28.056823128010222],[-82.69586901932527,28.06581633164747],[-82.68687581568803,28.06581633164747],[-82.68687581568803,28.056823128010222],[-82.69586901932527,28.056823128010222]]]}},{"type":"Feature","properties":{"jobs":239,"pop":403,"pointCount":1,"homeWorkCommuteMedian":24247,"workHomeCommuteMedian":25543},"geometry":{"type":"Polygon","coordinates":[[[-82.69586901932527,28.074809535284714],[-82.69586901932527,28.08380273892196],[-82.68687581568803,28.08380273892196],[-82.68687581568803,28.074809535284714],[-82.69586901932527,28.074809535284714]]]}},{"type":"Feature","properties":{"jobs":113,"pop":249,"pointCount":1,"homeWorkCommuteMedian":23387,"workHomeCommuteMedian":21304},"geometry":{"type":"Polygon","coordinates":[[[-82.69586901932527,28.08380273892196],[-82.69586901932527,28.092795942559206],[-82.68687581568803,28.092795942559206],[-82.68687581568803,28.08380273892196],[-82.69586901932527,28.08380273892196]]]}},{"type":"Feature","properties":{"jobs":386,"pop":415,"pointCount":1,"homeWorkCommuteMedian":28384,"workHomeCommuteMedian":20659},"geometry":{"type":"Polygon","coordinates":[[[-82.69586901932527,28.092795942559206],[-82.69586901932527,28.101789146196452],[-82.68687581568803,28.101789146196452],[-82.68687581568803,28.092795942559206],[-82.69586901932527,28.092795942559206]]]}},{"type":"Feature","properties":{"jobs":668,"pop":1233,"pointCount":2,"homeWorkCommuteMedian":24181,"workHomeCommuteMedian":27550},"geometry":{"type":"Polygon","coordinates":[[[-82.69586901932527,28.101789146196452],[-82.69586901932527,28.1107823498337],[-82.68687581568803,28.1107823498337],[-82.68687581568803,28.101789146196452],[-82.69586901932527,28.101789146196452]]]}},{"type":"Feature","properties":{"jobs":22,"pop":3422,"pointCount":1,"homeWorkCommuteMedian":25317,"workHomeCommuteMedian":17654},"geometry":{"type":"Polygon","coordinates":[[[-82.69586901932527,28.1107823498337],[-82.69586901932527,28.119775553470944],[-82.68687581568803,28.119775553470944],[-82.68687581568803,28.1107823498337],[-82.69586901932527,28.1107823498337]]]}},{"type":"Feature","properties":{"jobs":62,"pop":248,"pointCount":1,"homeWorkCommuteMedian":37763,"workHomeCommuteMedian":27111},"geometry":{"type":"Polygon","coordinates":[[[-82.69586901932527,28.12876875710819],[-82.69586901932527,28.137761960745436],[-82.68687581568803,28.137761960745436],[-82.68687581568803,28.12876875710819],[-82.69586901932527,28.12876875710819]]]}},{"type":"Feature","properties":{"jobs":11,"pop":90,"pointCount":1,"homeWorkCommuteMedian":37502,"workHomeCommuteMedian":17631},"geometry":{"type":"Polygon","coordinates":[[[-82.69586901932527,28.164741571657174],[-82.69586901932527,28.17373477529442],[-82.68687581568803,28.17373477529442],[-82.68687581568803,28.164741571657174],[-82.69586901932527,28.164741571657174]]]}},{"type":"Feature","properties":{"jobs":179,"pop":330,"pointCount":1,"homeWorkCommuteMedian":37702,"workHomeCommuteMedian":21619},"geometry":{"type":"Polygon","coordinates":[[[-82.69586901932527,28.17373477529442],[-82.69586901932527,28.182727978931666],[-82.68687581568803,28.182727978931666],[-82.68687581568803,28.17373477529442],[-82.69586901932527,28.17373477529442]]]}},{"type":"Feature","properties":{"jobs":89,"pop":1099,"pointCount":1,"homeWorkCommuteMedian":36783,"workHomeCommuteMedian":23562},"geometry":{"type":"Polygon","coordinates":[[[-82.69586901932527,28.191721182568912],[-82.69586901932527,28.20071438620616],[-82.68687581568803,28.20071438620616],[-82.68687581568803,28.191721182568912],[-82.69586901932527,28.191721182568912]]]}},{"type":"Feature","properties":{"jobs":295,"pop":1071,"pointCount":1,"homeWorkCommuteMedian":30429,"workHomeCommuteMedian":21141},"geometry":{"type":"Polygon","coordinates":[[[-82.69586901932527,28.20071438620616],[-82.69586901932527,28.209707589843404],[-82.68687581568803,28.209707589843404],[-82.68687581568803,28.20071438620616],[-82.69586901932527,28.20071438620616]]]}},{"type":"Feature","properties":{"jobs":246,"pop":714,"pointCount":1,"homeWorkCommuteMedian":38799,"workHomeCommuteMedian":29838},"geometry":{"type":"Polygon","coordinates":[[[-82.69586901932527,28.21870079348065],[-82.69586901932527,28.227693997117896],[-82.68687581568803,28.227693997117896],[-82.68687581568803,28.21870079348065],[-82.69586901932527,28.21870079348065]]]}},{"type":"Feature","properties":{"jobs":93,"pop":708,"pointCount":1,"homeWorkCommuteMedian":30753,"workHomeCommuteMedian":12140},"geometry":{"type":"Polygon","coordinates":[[[-82.69586901932527,28.227693997117896],[-82.69586901932527,28.236687200755142],[-82.68687581568803,28.236687200755142],[-82.68687581568803,28.227693997117896],[-82.69586901932527,28.227693997117896]]]}},{"type":"Feature","properties":{"jobs":264,"pop":803,"pointCount":1,"homeWorkCommuteMedian":43496,"workHomeCommuteMedian":24602},"geometry":{"type":"Polygon","coordinates":[[[-82.69586901932527,28.236687200755142],[-82.69586901932527,28.245680404392388],[-82.68687581568803,28.245680404392388],[-82.68687581568803,28.236687200755142],[-82.69586901932527,28.236687200755142]]]}},{"type":"Feature","properties":{"jobs":221,"pop":424,"pointCount":1,"homeWorkCommuteMedian":43229,"workHomeCommuteMedian":32094},"geometry":{"type":"Polygon","coordinates":[[[-82.69586901932527,28.254673608029634],[-82.69586901932527,28.26366681166688],[-82.68687581568803,28.26366681166688],[-82.68687581568803,28.254673608029634],[-82.69586901932527,28.254673608029634]]]}},{"type":"Feature","properties":{"jobs":83,"pop":1298,"pointCount":2,"homeWorkCommuteMedian":44303,"workHomeCommuteMedian":25704},"geometry":{"type":"Polygon","coordinates":[[[-82.69586901932527,28.26366681166688],[-82.69586901932527,28.272660015304126],[-82.68687581568803,28.272660015304126],[-82.68687581568803,28.26366681166688],[-82.69586901932527,28.26366681166688]]]}},{"type":"Feature","properties":{"jobs":250,"pop":528,"pointCount":1,"homeWorkCommuteMedian":26658,"workHomeCommuteMedian":41906},"geometry":{"type":"Polygon","coordinates":[[[-82.68687581568803,27.70608818615763],[-82.68687581568803,27.715081389794875],[-82.67788261205078,27.715081389794875],[-82.67788261205078,27.70608818615763],[-82.68687581568803,27.70608818615763]]]}},{"type":"Feature","properties":{"jobs":1108,"pop":1304,"pointCount":4,"homeWorkCommuteMedian":39072,"workHomeCommuteMedian":33242},"geometry":{"type":"Polygon","coordinates":[[[-82.68687581568803,27.715081389794875],[-82.68687581568803,27.72407459343212],[-82.67788261205078,27.72407459343212],[-82.67788261205078,27.715081389794875],[-82.68687581568803,27.715081389794875]]]}},{"type":"Feature","properties":{"jobs":328,"pop":207,"pointCount":1,"homeWorkCommuteMedian":41882,"workHomeCommuteMedian":36867},"geometry":{"type":"Polygon","coordinates":[[[-82.68687581568803,27.72407459343212],[-82.68687581568803,27.733067797069367],[-82.67788261205078,27.733067797069367],[-82.67788261205078,27.72407459343212],[-82.68687581568803,27.72407459343212]]]}},{"type":"Feature","properties":{"jobs":479,"pop":353,"pointCount":1,"homeWorkCommuteMedian":33662,"workHomeCommuteMedian":40656},"geometry":{"type":"Polygon","coordinates":[[[-82.68687581568803,27.733067797069367],[-82.68687581568803,27.742061000706613],[-82.67788261205078,27.742061000706613],[-82.67788261205078,27.733067797069367],[-82.68687581568803,27.733067797069367]]]}},{"type":"Feature","properties":{"jobs":126,"pop":744,"pointCount":1,"homeWorkCommuteMedian":18742,"workHomeCommuteMedian":26582},"geometry":{"type":"Polygon","coordinates":[[[-82.68687581568803,27.742061000706613],[-82.68687581568803,27.75105420434386],[-82.67788261205078,27.75105420434386],[-82.67788261205078,27.742061000706613],[-82.68687581568803,27.742061000706613]]]}},{"type":"Feature","properties":{"jobs":216,"pop":999,"pointCount":1,"homeWorkCommuteMedian":23802,"workHomeCommuteMedian":42106},"geometry":{"type":"Polygon","coordinates":[[[-82.68687581568803,27.75105420434386],[-82.68687581568803,27.760047407981105],[-82.67788261205078,27.760047407981105],[-82.67788261205078,27.75105420434386],[-82.68687581568803,27.75105420434386]]]}},{"type":"Feature","properties":{"jobs":501,"pop":1263,"pointCount":1,"homeWorkCommuteMedian":16667,"workHomeCommuteMedian":18530},"geometry":{"type":"Polygon","coordinates":[[[-82.68687581568803,27.760047407981105],[-82.68687581568803,27.76904061161835],[-82.67788261205078,27.76904061161835],[-82.67788261205078,27.760047407981105],[-82.68687581568803,27.760047407981105]]]}},{"type":"Feature","properties":{"jobs":450,"pop":89,"pointCount":1,"homeWorkCommuteMedian":14848,"workHomeCommuteMedian":25753},"geometry":{"type":"Polygon","coordinates":[[[-82.68687581568803,27.76904061161835],[-82.68687581568803,27.778033815255597],[-82.67788261205078,27.778033815255597],[-82.67788261205078,27.76904061161835],[-82.68687581568803,27.76904061161835]]]}},{"type":"Feature","properties":{"jobs":474,"pop":369,"pointCount":1,"homeWorkCommuteMedian":23786,"workHomeCommuteMedian":29655},"geometry":{"type":"Polygon","coordinates":[[[-82.68687581568803,27.778033815255597],[-82.68687581568803,27.787027018892843],[-82.67788261205078,27.787027018892843],[-82.67788261205078,27.778033815255597],[-82.68687581568803,27.778033815255597]]]}},{"type":"Feature","properties":{"jobs":911,"pop":879,"pointCount":3,"homeWorkCommuteMedian":13336,"workHomeCommuteMedian":28112},"geometry":{"type":"Polygon","coordinates":[[[-82.68687581568803,27.787027018892843],[-82.68687581568803,27.79602022253009],[-82.67788261205078,27.79602022253009],[-82.67788261205078,27.787027018892843],[-82.68687581568803,27.787027018892843]]]}},{"type":"Feature","properties":{"jobs":444,"pop":492,"pointCount":2,"homeWorkCommuteMedian":16542,"workHomeCommuteMedian":22659},"geometry":{"type":"Polygon","coordinates":[[[-82.68687581568803,27.79602022253009],[-82.68687581568803,27.805013426167335],[-82.67788261205078,27.805013426167335],[-82.67788261205078,27.79602022253009],[-82.68687581568803,27.79602022253009]]]}},{"type":"Feature","properties":{"jobs":906,"pop":960,"pointCount":2,"homeWorkCommuteMedian":13958,"workHomeCommuteMedian":23171},"geometry":{"type":"Polygon","coordinates":[[[-82.68687581568803,27.805013426167335],[-82.68687581568803,27.81400662980458],[-82.67788261205078,27.81400662980458],[-82.67788261205078,27.805013426167335],[-82.68687581568803,27.805013426167335]]]}},{"type":"Feature","properties":{"jobs":585,"pop":2342,"pointCount":3,"homeWorkCommuteMedian":14621,"workHomeCommuteMedian":18702},"geometry":{"type":"Polygon","coordinates":[[[-82.68687581568803,27.81400662980458],[-82.68687581568803,27.822999833441827],[-82.67788261205078,27.822999833441827],[-82.67788261205078,27.81400662980458],[-82.68687581568803,27.81400662980458]]]}},{"type":"Feature","properties":{"jobs":797,"pop":1075,"pointCount":2,"homeWorkCommuteMedian":13994,"workHomeCommuteMedian":19512},"geometry":{"type":"Polygon","coordinates":[[[-82.68687581568803,27.822999833441827],[-82.68687581568803,27.831993037079073],[-82.67788261205078,27.831993037079073],[-82.67788261205078,27.822999833441827],[-82.68687581568803,27.822999833441827]]]}},{"type":"Feature","properties":{"jobs":1408,"pop":448,"pointCount":1,"homeWorkCommuteMedian":18459,"workHomeCommuteMedian":24157},"geometry":{"type":"Polygon","coordinates":[[[-82.68687581568803,27.831993037079073],[-82.68687581568803,27.84098624071632],[-82.67788261205078,27.84098624071632],[-82.67788261205078,27.831993037079073],[-82.68687581568803,27.831993037079073]]]}},{"type":"Feature","properties":{"jobs":857,"pop":910,"pointCount":3,"homeWorkCommuteMedian":17667,"workHomeCommuteMedian":23333},"geometry":{"type":"Polygon","coordinates":[[[-82.68687581568803,27.84098624071632],[-82.68687581568803,27.849979444353565],[-82.67788261205078,27.849979444353565],[-82.67788261205078,27.84098624071632],[-82.68687581568803,27.84098624071632]]]}},{"type":"Feature","properties":{"jobs":552,"pop":429,"pointCount":1,"homeWorkCommuteMedian":27115,"workHomeCommuteMedian":28117},"geometry":{"type":"Polygon","coordinates":[[[-82.68687581568803,27.849979444353565],[-82.68687581568803,27.85897264799081],[-82.67788261205078,27.85897264799081],[-82.67788261205078,27.849979444353565],[-82.68687581568803,27.849979444353565]]]}},{"type":"Feature","properties":{"jobs":182,"pop":49,"pointCount":1,"homeWorkCommuteMedian":21383,"workHomeCommuteMedian":22938},"geometry":{"type":"Polygon","coordinates":[[[-82.68687581568803,27.876959055265303],[-82.68687581568803,27.88595225890255],[-82.67788261205078,27.88595225890255],[-82.67788261205078,27.876959055265303],[-82.68687581568803,27.876959055265303]]]}},{"type":"Feature","properties":{"jobs":756,"pop":56,"pointCount":2,"homeWorkCommuteMedian":25958,"workHomeCommuteMedian":23797},"geometry":{"type":"Polygon","coordinates":[[[-82.68687581568803,27.88595225890255],[-82.68687581568803,27.894945462539795],[-82.67788261205078,27.894945462539795],[-82.67788261205078,27.88595225890255],[-82.68687581568803,27.88595225890255]]]}},{"type":"Feature","properties":{"jobs":0,"pop":8,"pointCount":1,"homeWorkCommuteMedian":25827,"workHomeCommuteMedian":-1},"geometry":{"type":"Polygon","coordinates":[[[-82.68687581568803,27.921925073451533],[-82.68687581568803,27.93091827708878],[-82.67788261205078,27.93091827708878],[-82.67788261205078,27.921925073451533],[-82.68687581568803,27.921925073451533]]]}},{"type":"Feature","properties":{"jobs":2745,"pop":161,"pointCount":2,"homeWorkCommuteMedian":22346,"workHomeCommuteMedian":17300},"geometry":{"type":"Polygon","coordinates":[[[-82.68687581568803,28.002863906186747],[-82.68687581568803,28.011857109823993],[-82.67788261205078,28.011857109823993],[-82.67788261205078,28.002863906186747],[-82.68687581568803,28.002863906186747]]]}},{"type":"Feature","properties":{"jobs":228,"pop":253,"pointCount":1,"homeWorkCommuteMedian":21853,"workHomeCommuteMedian":25260},"geometry":{"type":"Polygon","coordinates":[[[-82.68687581568803,28.029843517098485],[-82.68687581568803,28.03883672073573],[-82.67788261205078,28.03883672073573],[-82.67788261205078,28.029843517098485],[-82.68687581568803,28.029843517098485]]]}},{"type":"Feature","properties":{"jobs":407,"pop":998,"pointCount":2,"homeWorkCommuteMedian":19877,"workHomeCommuteMedian":22889},"geometry":{"type":"Polygon","coordinates":[[[-82.68687581568803,28.03883672073573],[-82.68687581568803,28.047829924372977],[-82.67788261205078,28.047829924372977],[-82.67788261205078,28.03883672073573],[-82.68687581568803,28.03883672073573]]]}},{"type":"Feature","properties":{"jobs":337,"pop":474,"pointCount":2,"homeWorkCommuteMedian":19230,"workHomeCommuteMedian":20743},"geometry":{"type":"Polygon","coordinates":[[[-82.68687581568803,28.047829924372977],[-82.68687581568803,28.056823128010222],[-82.67788261205078,28.056823128010222],[-82.67788261205078,28.047829924372977],[-82.68687581568803,28.047829924372977]]]}},{"type":"Feature","properties":{"jobs":71,"pop":1270,"pointCount":2,"homeWorkCommuteMedian":27912,"workHomeCommuteMedian":19637},"geometry":{"type":"Polygon","coordinates":[[[-82.68687581568803,28.101789146196452],[-82.68687581568803,28.1107823498337],[-82.67788261205078,28.1107823498337],[-82.67788261205078,28.101789146196452],[-82.68687581568803,28.101789146196452]]]}},{"type":"Feature","properties":{"jobs":76,"pop":295,"pointCount":1,"homeWorkCommuteMedian":21993,"workHomeCommuteMedian":32495},"geometry":{"type":"Polygon","coordinates":[[[-82.68687581568803,28.119775553470944],[-82.68687581568803,28.12876875710819],[-82.67788261205078,28.12876875710819],[-82.67788261205078,28.119775553470944],[-82.68687581568803,28.119775553470944]]]}},{"type":"Feature","properties":{"jobs":125,"pop":213,"pointCount":1,"homeWorkCommuteMedian":30954,"workHomeCommuteMedian":18850},"geometry":{"type":"Polygon","coordinates":[[[-82.68687581568803,28.137761960745436],[-82.68687581568803,28.146755164382682],[-82.67788261205078,28.146755164382682],[-82.67788261205078,28.137761960745436],[-82.68687581568803,28.137761960745436]]]}},{"type":"Feature","properties":{"jobs":287,"pop":751,"pointCount":1,"homeWorkCommuteMedian":28578,"workHomeCommuteMedian":19628},"geometry":{"type":"Polygon","coordinates":[[[-82.68687581568803,28.17373477529442],[-82.68687581568803,28.182727978931666],[-82.67788261205078,28.182727978931666],[-82.67788261205078,28.17373477529442],[-82.68687581568803,28.17373477529442]]]}},{"type":"Feature","properties":{"jobs":153,"pop":468,"pointCount":1,"homeWorkCommuteMedian":35929,"workHomeCommuteMedian":26360},"geometry":{"type":"Polygon","coordinates":[[[-82.68687581568803,28.182727978931666],[-82.68687581568803,28.191721182568912],[-82.67788261205078,28.191721182568912],[-82.67788261205078,28.182727978931666],[-82.68687581568803,28.182727978931666]]]}},{"type":"Feature","properties":{"jobs":172,"pop":195,"pointCount":1,"homeWorkCommuteMedian":30116,"workHomeCommuteMedian":15991},"geometry":{"type":"Polygon","coordinates":[[[-82.68687581568803,28.191721182568912],[-82.68687581568803,28.20071438620616],[-82.67788261205078,28.20071438620616],[-82.67788261205078,28.191721182568912],[-82.68687581568803,28.191721182568912]]]}},{"type":"Feature","properties":{"jobs":106,"pop":1181,"pointCount":1,"homeWorkCommuteMedian":35410,"workHomeCommuteMedian":40682},"geometry":{"type":"Polygon","coordinates":[[[-82.68687581568803,28.20071438620616],[-82.68687581568803,28.209707589843404],[-82.67788261205078,28.209707589843404],[-82.67788261205078,28.20071438620616],[-82.68687581568803,28.20071438620616]]]}},{"type":"Feature","properties":{"jobs":195,"pop":911,"pointCount":1,"homeWorkCommuteMedian":25596,"workHomeCommuteMedian":22411},"geometry":{"type":"Polygon","coordinates":[[[-82.68687581568803,28.209707589843404],[-82.68687581568803,28.21870079348065],[-82.67788261205078,28.21870079348065],[-82.67788261205078,28.209707589843404],[-82.68687581568803,28.209707589843404]]]}},{"type":"Feature","properties":{"jobs":204,"pop":552,"pointCount":1,"homeWorkCommuteMedian":40731,"workHomeCommuteMedian":35449},"geometry":{"type":"Polygon","coordinates":[[[-82.68687581568803,28.245680404392388],[-82.68687581568803,28.254673608029634],[-82.67788261205078,28.254673608029634],[-82.67788261205078,28.245680404392388],[-82.68687581568803,28.245680404392388]]]}},{"type":"Feature","properties":{"jobs":156,"pop":264,"pointCount":1,"homeWorkCommuteMedian":40600,"workHomeCommuteMedian":39079},"geometry":{"type":"Polygon","coordinates":[[[-82.68687581568803,28.254673608029634],[-82.68687581568803,28.26366681166688],[-82.67788261205078,28.26366681166688],[-82.67788261205078,28.254673608029634],[-82.68687581568803,28.254673608029634]]]}},{"type":"Feature","properties":{"jobs":406,"pop":1156,"pointCount":3,"homeWorkCommuteMedian":35328,"workHomeCommuteMedian":33799},"geometry":{"type":"Polygon","coordinates":[[[-82.68687581568803,28.26366681166688],[-82.68687581568803,28.272660015304126],[-82.67788261205078,28.272660015304126],[-82.67788261205078,28.26366681166688],[-82.68687581568803,28.26366681166688]]]}},{"type":"Feature","properties":{"jobs":222,"pop":132,"pointCount":1,"homeWorkCommuteMedian":44651,"workHomeCommuteMedian":44571},"geometry":{"type":"Polygon","coordinates":[[[-82.68687581568803,28.272660015304126],[-82.68687581568803,28.281653218941372],[-82.67788261205078,28.281653218941372],[-82.67788261205078,28.272660015304126],[-82.68687581568803,28.272660015304126]]]}},{"type":"Feature","properties":{"jobs":0,"pop":246,"pointCount":1,"homeWorkCommuteMedian":44633,"workHomeCommuteMedian":-1},"geometry":{"type":"Polygon","coordinates":[[[-82.67788261205078,27.643135760696907],[-82.67788261205078,27.652128964334153],[-82.66888940841353,27.652128964334153],[-82.66888940841353,27.643135760696907],[-82.67788261205078,27.643135760696907]]]}},{"type":"Feature","properties":{"jobs":235,"pop":2378,"pointCount":2,"homeWorkCommuteMedian":22230,"workHomeCommuteMedian":39481},"geometry":{"type":"Polygon","coordinates":[[[-82.67788261205078,27.715081389794875],[-82.67788261205078,27.72407459343212],[-82.66888940841353,27.72407459343212],[-82.66888940841353,27.715081389794875],[-82.67788261205078,27.715081389794875]]]}},{"type":"Feature","properties":{"jobs":199,"pop":1012,"pointCount":1,"homeWorkCommuteMedian":32264,"workHomeCommuteMedian":33377},"geometry":{"type":"Polygon","coordinates":[[[-82.67788261205078,27.72407459343212],[-82.67788261205078,27.733067797069367],[-82.66888940841353,27.733067797069367],[-82.66888940841353,27.72407459343212],[-82.67788261205078,27.72407459343212]]]}},{"type":"Feature","properties":{"jobs":231,"pop":886,"pointCount":1,"homeWorkCommuteMedian":23024,"workHomeCommuteMedian":24974},"geometry":{"type":"Polygon","coordinates":[[[-82.67788261205078,27.733067797069367],[-82.67788261205078,27.742061000706613],[-82.66888940841353,27.742061000706613],[-82.66888940841353,27.733067797069367],[-82.67788261205078,27.733067797069367]]]}},{"type":"Feature","properties":{"jobs":148,"pop":853,"pointCount":1,"homeWorkCommuteMedian":27994,"workHomeCommuteMedian":31084},"geometry":{"type":"Polygon","coordinates":[[[-82.67788261205078,27.742061000706613],[-82.67788261205078,27.75105420434386],[-82.66888940841353,27.75105420434386],[-82.66888940841353,27.742061000706613],[-82.67788261205078,27.742061000706613]]]}},{"type":"Feature","properties":{"jobs":552,"pop":925,"pointCount":1,"homeWorkCommuteMedian":27507,"workHomeCommuteMedian":20301},"geometry":{"type":"Polygon","coordinates":[[[-82.67788261205078,27.760047407981105],[-82.67788261205078,27.76904061161835],[-82.66888940841353,27.76904061161835],[-82.66888940841353,27.760047407981105],[-82.67788261205078,27.760047407981105]]]}},{"type":"Feature","properties":{"jobs":1552,"pop":1951,"pointCount":4,"homeWorkCommuteMedian":16009,"workHomeCommuteMedian":24993},"geometry":{"type":"Polygon","coordinates":[[[-82.67788261205078,27.76904061161835],[-82.67788261205078,27.778033815255597],[-82.66888940841353,27.778033815255597],[-82.66888940841353,27.76904061161835],[-82.67788261205078,27.76904061161835]]]}},{"type":"Feature","properties":{"jobs":150,"pop":667,"pointCount":1,"homeWorkCommuteMedian":22861,"workHomeCommuteMedian":21854},"geometry":{"type":"Polygon","coordinates":[[[-82.67788261205078,27.778033815255597],[-82.67788261205078,27.787027018892843],[-82.66888940841353,27.787027018892843],[-82.66888940841353,27.778033815255597],[-82.67788261205078,27.778033815255597]]]}},{"type":"Feature","properties":{"jobs":1148,"pop":418,"pointCount":2,"homeWorkCommuteMedian":12040,"workHomeCommuteMedian":19415},"geometry":{"type":"Polygon","coordinates":[[[-82.67788261205078,27.787027018892843],[-82.67788261205078,27.79602022253009],[-82.66888940841353,27.79602022253009],[-82.66888940841353,27.787027018892843],[-82.67788261205078,27.787027018892843]]]}},{"type":"Feature","properties":{"jobs":275,"pop":392,"pointCount":1,"homeWorkCommuteMedian":23722,"workHomeCommuteMedian":26700},"geometry":{"type":"Polygon","coordinates":[[[-82.67788261205078,27.79602022253009],[-82.67788261205078,27.805013426167335],[-82.66888940841353,27.805013426167335],[-82.66888940841353,27.79602022253009],[-82.67788261205078,27.79602022253009]]]}},{"type":"Feature","properties":{"jobs":989,"pop":656,"pointCount":3,"homeWorkCommuteMedian":15453,"workHomeCommuteMedian":17902},"geometry":{"type":"Polygon","coordinates":[[[-82.67788261205078,27.805013426167335],[-82.67788261205078,27.81400662980458],[-82.66888940841353,27.81400662980458],[-82.66888940841353,27.805013426167335],[-82.67788261205078,27.805013426167335]]]}},{"type":"Feature","properties":{"jobs":847,"pop":1122,"pointCount":2,"homeWorkCommuteMedian":24233,"workHomeCommuteMedian":19971},"geometry":{"type":"Polygon","coordinates":[[[-82.67788261205078,27.81400662980458],[-82.67788261205078,27.822999833441827],[-82.66888940841353,27.822999833441827],[-82.66888940841353,27.81400662980458],[-82.67788261205078,27.81400662980458]]]}},{"type":"Feature","properties":{"jobs":429,"pop":866,"pointCount":1,"homeWorkCommuteMedian":24166,"workHomeCommuteMedian":16171},"geometry":{"type":"Polygon","coordinates":[[[-82.67788261205078,27.822999833441827],[-82.67788261205078,27.831993037079073],[-82.66888940841353,27.831993037079073],[-82.66888940841353,27.822999833441827],[-82.67788261205078,27.822999833441827]]]}},{"type":"Feature","properties":{"jobs":502,"pop":936,"pointCount":1,"homeWorkCommuteMedian":21564,"workHomeCommuteMedian":30778},"geometry":{"type":"Polygon","coordinates":[[[-82.67788261205078,27.831993037079073],[-82.67788261205078,27.84098624071632],[-82.66888940841353,27.84098624071632],[-82.66888940841353,27.831993037079073],[-82.67788261205078,27.831993037079073]]]}},{"type":"Feature","properties":{"jobs":162,"pop":570,"pointCount":1,"homeWorkCommuteMedian":16912,"workHomeCommuteMedian":27756},"geometry":{"type":"Polygon","coordinates":[[[-82.67788261205078,27.84098624071632],[-82.67788261205078,27.849979444353565],[-82.66888940841353,27.849979444353565],[-82.66888940841353,27.84098624071632],[-82.67788261205078,27.84098624071632]]]}},{"type":"Feature","properties":{"jobs":555,"pop":208,"pointCount":1,"homeWorkCommuteMedian":21436,"workHomeCommuteMedian":24779},"geometry":{"type":"Polygon","coordinates":[[[-82.67788261205078,27.849979444353565],[-82.67788261205078,27.85897264799081],[-82.66888940841353,27.85897264799081],[-82.66888940841353,27.849979444353565],[-82.67788261205078,27.849979444353565]]]}},{"type":"Feature","properties":{"jobs":233,"pop":170,"pointCount":1,"homeWorkCommuteMedian":25437,"workHomeCommuteMedian":21239},"geometry":{"type":"Polygon","coordinates":[[[-82.67788261205078,27.867965851628057],[-82.67788261205078,27.876959055265303],[-82.66888940841353,27.876959055265303],[-82.66888940841353,27.867965851628057],[-82.67788261205078,27.867965851628057]]]}},{"type":"Feature","properties":{"jobs":2840,"pop":333,"pointCount":2,"homeWorkCommuteMedian":21500,"workHomeCommuteMedian":21735},"geometry":{"type":"Polygon","coordinates":[[[-82.67788261205078,27.876959055265303],[-82.67788261205078,27.88595225890255],[-82.66888940841353,27.88595225890255],[-82.66888940841353,27.876959055265303],[-82.67788261205078,27.876959055265303]]]}},{"type":"Feature","properties":{"jobs":7898,"pop":148,"pointCount":3,"homeWorkCommuteMedian":23236,"workHomeCommuteMedian":26020},"geometry":{"type":"Polygon","coordinates":[[[-82.67788261205078,27.88595225890255],[-82.67788261205078,27.894945462539795],[-82.66888940841353,27.894945462539795],[-82.66888940841353,27.88595225890255],[-82.67788261205078,27.88595225890255]]]}},{"type":"Feature","properties":{"jobs":1022,"pop":200,"pointCount":2,"homeWorkCommuteMedian":27550,"workHomeCommuteMedian":21718},"geometry":{"type":"Polygon","coordinates":[[[-82.67788261205078,27.894945462539795],[-82.67788261205078,27.90393866617704],[-82.66888940841353,27.90393866617704],[-82.66888940841353,27.894945462539795],[-82.67788261205078,27.894945462539795]]]}},{"type":"Feature","properties":{"jobs":219,"pop":39,"pointCount":1,"homeWorkCommuteMedian":23927,"workHomeCommuteMedian":26513},"geometry":{"type":"Polygon","coordinates":[[[-82.67788261205078,27.90393866617704],[-82.67788261205078,27.912931869814287],[-82.66888940841353,27.912931869814287],[-82.66888940841353,27.90393866617704],[-82.67788261205078,27.90393866617704]]]}},{"type":"Feature","properties":{"jobs":0,"pop":6,"pointCount":1,"homeWorkCommuteMedian":22486,"workHomeCommuteMedian":-1},"geometry":{"type":"Polygon","coordinates":[[[-82.67788261205078,27.957897888000517],[-82.67788261205078,27.966891091637763],[-82.66888940841353,27.966891091637763],[-82.66888940841353,27.957897888000517],[-82.67788261205078,27.957897888000517]]]}},{"type":"Feature","properties":{"jobs":675,"pop":238,"pointCount":1,"homeWorkCommuteMedian":19688,"workHomeCommuteMedian":21188},"geometry":{"type":"Polygon","coordinates":[[[-82.67788261205078,28.029843517098485],[-82.67788261205078,28.03883672073573],[-82.66888940841353,28.03883672073573],[-82.66888940841353,28.029843517098485],[-82.67788261205078,28.029843517098485]]]}},{"type":"Feature","properties":{"jobs":1372,"pop":656,"pointCount":4,"homeWorkCommuteMedian":19385,"workHomeCommuteMedian":23473},"geometry":{"type":"Polygon","coordinates":[[[-82.67788261205078,28.03883672073573],[-82.67788261205078,28.047829924372977],[-82.66888940841353,28.047829924372977],[-82.66888940841353,28.03883672073573],[-82.67788261205078,28.03883672073573]]]}},{"type":"Feature","properties":{"jobs":100,"pop":296,"pointCount":1,"homeWorkCommuteMedian":27005,"workHomeCommuteMedian":23141},"geometry":{"type":"Polygon","coordinates":[[[-82.67788261205078,28.056823128010222],[-82.67788261205078,28.06581633164747],[-82.66888940841353,28.06581633164747],[-82.66888940841353,28.056823128010222],[-82.67788261205078,28.056823128010222]]]}},{"type":"Feature","properties":{"jobs":32,"pop":212,"pointCount":1,"homeWorkCommuteMedian":25172,"workHomeCommuteMedian":25169},"geometry":{"type":"Polygon","coordinates":[[[-82.67788261205078,28.092795942559206],[-82.67788261205078,28.101789146196452],[-82.66888940841353,28.101789146196452],[-82.66888940841353,28.092795942559206],[-82.67788261205078,28.092795942559206]]]}},{"type":"Feature","properties":{"jobs":180,"pop":197,"pointCount":1,"homeWorkCommuteMedian":36127,"workHomeCommuteMedian":18169},"geometry":{"type":"Polygon","coordinates":[[[-82.67788261205078,28.15574836801993],[-82.67788261205078,28.164741571657174],[-82.66888940841353,28.164741571657174],[-82.66888940841353,28.15574836801993],[-82.67788261205078,28.15574836801993]]]}},{"type":"Feature","properties":{"jobs":332,"pop":530,"pointCount":1,"homeWorkCommuteMedian":40200,"workHomeCommuteMedian":24029},"geometry":{"type":"Polygon","coordinates":[[[-82.67788261205078,28.182727978931666],[-82.67788261205078,28.191721182568912],[-82.66888940841353,28.191721182568912],[-82.66888940841353,28.182727978931666],[-82.67788261205078,28.182727978931666]]]}},{"type":"Feature","properties":{"jobs":423,"pop":730,"pointCount":1,"homeWorkCommuteMedian":35037,"workHomeCommuteMedian":28962},"geometry":{"type":"Polygon","coordinates":[[[-82.67788261205078,28.191721182568912],[-82.67788261205078,28.20071438620616],[-82.66888940841353,28.20071438620616],[-82.66888940841353,28.191721182568912],[-82.67788261205078,28.191721182568912]]]}},{"type":"Feature","properties":{"jobs":466,"pop":684,"pointCount":1,"homeWorkCommuteMedian":35866,"workHomeCommuteMedian":38994},"geometry":{"type":"Polygon","coordinates":[[[-82.67788261205078,28.20071438620616],[-82.67788261205078,28.209707589843404],[-82.66888940841353,28.209707589843404],[-82.66888940841353,28.20071438620616],[-82.67788261205078,28.20071438620616]]]}},{"type":"Feature","properties":{"jobs":238,"pop":150,"pointCount":1,"homeWorkCommuteMedian":34891,"workHomeCommuteMedian":19549},"geometry":{"type":"Polygon","coordinates":[[[-82.67788261205078,28.209707589843404],[-82.67788261205078,28.21870079348065],[-82.66888940841353,28.21870079348065],[-82.66888940841353,28.209707589843404],[-82.67788261205078,28.209707589843404]]]}},{"type":"Feature","properties":{"jobs":187,"pop":674,"pointCount":1,"homeWorkCommuteMedian":38259,"workHomeCommuteMedian":12639},"geometry":{"type":"Polygon","coordinates":[[[-82.67788261205078,28.21870079348065],[-82.67788261205078,28.227693997117896],[-82.66888940841353,28.227693997117896],[-82.66888940841353,28.21870079348065],[-82.67788261205078,28.21870079348065]]]}},{"type":"Feature","properties":{"jobs":68,"pop":648,"pointCount":1,"homeWorkCommuteMedian":39814,"workHomeCommuteMedian":16445},"geometry":{"type":"Polygon","coordinates":[[[-82.67788261205078,28.227693997117896],[-82.67788261205078,28.236687200755142],[-82.66888940841353,28.236687200755142],[-82.66888940841353,28.227693997117896],[-82.67788261205078,28.227693997117896]]]}},{"type":"Feature","properties":{"jobs":808,"pop":420,"pointCount":1,"homeWorkCommuteMedian":35977,"workHomeCommuteMedian":38860},"geometry":{"type":"Polygon","coordinates":[[[-82.67788261205078,28.26366681166688],[-82.67788261205078,28.272660015304126],[-82.66888940841353,28.272660015304126],[-82.66888940841353,28.26366681166688],[-82.67788261205078,28.26366681166688]]]}},{"type":"Feature","properties":{"jobs":81,"pop":1614,"pointCount":1,"homeWorkCommuteMedian":24132,"workHomeCommuteMedian":38962},"geometry":{"type":"Polygon","coordinates":[[[-82.66888940841353,27.70608818615763],[-82.66888940841353,27.715081389794875],[-82.65989620477629,27.715081389794875],[-82.65989620477629,27.70608818615763],[-82.66888940841353,27.70608818615763]]]}},{"type":"Feature","properties":{"jobs":112,"pop":2978,"pointCount":1,"homeWorkCommuteMedian":31616,"workHomeCommuteMedian":26787},"geometry":{"type":"Polygon","coordinates":[[[-82.66888940841353,27.715081389794875],[-82.66888940841353,27.72407459343212],[-82.65989620477629,27.72407459343212],[-82.65989620477629,27.715081389794875],[-82.66888940841353,27.715081389794875]]]}},{"type":"Feature","properties":{"jobs":96,"pop":2547,"pointCount":1,"homeWorkCommuteMedian":24416,"workHomeCommuteMedian":12253},"geometry":{"type":"Polygon","coordinates":[[[-82.66888940841353,27.72407459343212],[-82.66888940841353,27.733067797069367],[-82.65989620477629,27.733067797069367],[-82.65989620477629,27.72407459343212],[-82.66888940841353,27.72407459343212]]]}},{"type":"Feature","properties":{"jobs":274,"pop":733,"pointCount":1,"homeWorkCommuteMedian":24478,"workHomeCommuteMedian":18139},"geometry":{"type":"Polygon","coordinates":[[[-82.66888940841353,27.760047407981105],[-82.66888940841353,27.76904061161835],[-82.65989620477629,27.76904061161835],[-82.65989620477629,27.760047407981105],[-82.66888940841353,27.760047407981105]]]}},{"type":"Feature","properties":{"jobs":1024,"pop":766,"pointCount":2,"homeWorkCommuteMedian":18565,"workHomeCommuteMedian":15395},"geometry":{"type":"Polygon","coordinates":[[[-82.66888940841353,27.76904061161835],[-82.66888940841353,27.778033815255597],[-82.65989620477629,27.778033815255597],[-82.65989620477629,27.76904061161835],[-82.66888940841353,27.76904061161835]]]}},{"type":"Feature","properties":{"jobs":514,"pop":460,"pointCount":2,"homeWorkCommuteMedian":24228,"workHomeCommuteMedian":12746},"geometry":{"type":"Polygon","coordinates":[[[-82.66888940841353,27.778033815255597],[-82.66888940841353,27.787027018892843],[-82.65989620477629,27.787027018892843],[-82.65989620477629,27.778033815255597],[-82.66888940841353,27.778033815255597]]]}},{"type":"Feature","properties":{"jobs":459,"pop":391,"pointCount":1,"homeWorkCommuteMedian":16237,"workHomeCommuteMedian":23012},"geometry":{"type":"Polygon","coordinates":[[[-82.66888940841353,27.787027018892843],[-82.66888940841353,27.79602022253009],[-82.65989620477629,27.79602022253009],[-82.65989620477629,27.787027018892843],[-82.66888940841353,27.787027018892843]]]}},{"type":"Feature","properties":{"jobs":984,"pop":457,"pointCount":2,"homeWorkCommuteMedian":23073,"workHomeCommuteMedian":24986},"geometry":{"type":"Polygon","coordinates":[[[-82.66888940841353,27.79602022253009],[-82.66888940841353,27.805013426167335],[-82.65989620477629,27.805013426167335],[-82.65989620477629,27.79602022253009],[-82.66888940841353,27.79602022253009]]]}},{"type":"Feature","properties":{"jobs":66,"pop":1499,"pointCount":2,"homeWorkCommuteMedian":19159,"workHomeCommuteMedian":10614},"geometry":{"type":"Polygon","coordinates":[[[-82.66888940841353,27.805013426167335],[-82.66888940841353,27.81400662980458],[-82.65989620477629,27.81400662980458],[-82.65989620477629,27.805013426167335],[-82.66888940841353,27.805013426167335]]]}},{"type":"Feature","properties":{"jobs":332,"pop":1172,"pointCount":1,"homeWorkCommuteMedian":20913,"workHomeCommuteMedian":15111},"geometry":{"type":"Polygon","coordinates":[[[-82.66888940841353,27.81400662980458],[-82.66888940841353,27.822999833441827],[-82.65989620477629,27.822999833441827],[-82.65989620477629,27.81400662980458],[-82.66888940841353,27.81400662980458]]]}},{"type":"Feature","properties":{"jobs":139,"pop":1177,"pointCount":1,"homeWorkCommuteMedian":23347,"workHomeCommuteMedian":19019},"geometry":{"type":"Polygon","coordinates":[[[-82.66888940841353,27.831993037079073],[-82.66888940841353,27.84098624071632],[-82.65989620477629,27.84098624071632],[-82.65989620477629,27.831993037079073],[-82.66888940841353,27.831993037079073]]]}},{"type":"Feature","properties":{"jobs":373,"pop":515,"pointCount":1,"homeWorkCommuteMedian":24137,"workHomeCommuteMedian":27377},"geometry":{"type":"Polygon","coordinates":[[[-82.66888940841353,27.84098624071632],[-82.66888940841353,27.849979444353565],[-82.65989620477629,27.849979444353565],[-82.65989620477629,27.84098624071632],[-82.66888940841353,27.84098624071632]]]}},{"type":"Feature","properties":{"jobs":929,"pop":141,"pointCount":1,"homeWorkCommuteMedian":25814,"workHomeCommuteMedian":23496},"geometry":{"type":"Polygon","coordinates":[[[-82.66888940841353,27.849979444353565],[-82.66888940841353,27.85897264799081],[-82.65989620477629,27.85897264799081],[-82.65989620477629,27.849979444353565],[-82.66888940841353,27.849979444353565]]]}},{"type":"Feature","properties":{"jobs":1276,"pop":378,"pointCount":1,"homeWorkCommuteMedian":24583,"workHomeCommuteMedian":32161},"geometry":{"type":"Polygon","coordinates":[[[-82.66888940841353,27.85897264799081],[-82.66888940841353,27.867965851628057],[-82.65989620477629,27.867965851628057],[-82.65989620477629,27.85897264799081],[-82.66888940841353,27.85897264799081]]]}},{"type":"Feature","properties":{"jobs":512,"pop":799,"pointCount":2,"homeWorkCommuteMedian":25408,"workHomeCommuteMedian":21280},"geometry":{"type":"Polygon","coordinates":[[[-82.66888940841353,27.867965851628057],[-82.66888940841353,27.876959055265303],[-82.65989620477629,27.876959055265303],[-82.65989620477629,27.867965851628057],[-82.66888940841353,27.867965851628057]]]}},{"type":"Feature","properties":{"jobs":7824,"pop":1046,"pointCount":2,"homeWorkCommuteMedian":20680,"workHomeCommuteMedian":30256},"geometry":{"type":"Polygon","coordinates":[[[-82.66888940841353,27.876959055265303],[-82.66888940841353,27.88595225890255],[-82.65989620477629,27.88595225890255],[-82.65989620477629,27.876959055265303],[-82.66888940841353,27.876959055265303]]]}},{"type":"Feature","properties":{"jobs":8266,"pop":405,"pointCount":3,"homeWorkCommuteMedian":15427,"workHomeCommuteMedian":27712},"geometry":{"type":"Polygon","coordinates":[[[-82.66888940841353,27.88595225890255],[-82.66888940841353,27.894945462539795],[-82.65989620477629,27.894945462539795],[-82.65989620477629,27.88595225890255],[-82.66888940841353,27.88595225890255]]]}},{"type":"Feature","properties":{"jobs":1906,"pop":47,"pointCount":2,"homeWorkCommuteMedian":28273,"workHomeCommuteMedian":25017},"geometry":{"type":"Polygon","coordinates":[[[-82.66888940841353,27.894945462539795],[-82.66888940841353,27.90393866617704],[-82.65989620477629,27.90393866617704],[-82.65989620477629,27.894945462539795],[-82.66888940841353,27.894945462539795]]]}},{"type":"Feature","properties":{"jobs":67,"pop":102,"pointCount":1,"homeWorkCommuteMedian":25833,"workHomeCommuteMedian":25792},"geometry":{"type":"Polygon","coordinates":[[[-82.66888940841353,28.02085031346124],[-82.66888940841353,28.029843517098485],[-82.65989620477629,28.029843517098485],[-82.65989620477629,28.02085031346124],[-82.66888940841353,28.02085031346124]]]}},{"type":"Feature","properties":{"jobs":612,"pop":91,"pointCount":1,"homeWorkCommuteMedian":22407,"workHomeCommuteMedian":24796},"geometry":{"type":"Polygon","coordinates":[[[-82.66888940841353,28.029843517098485],[-82.66888940841353,28.03883672073573],[-82.65989620477629,28.03883672073573],[-82.65989620477629,28.029843517098485],[-82.66888940841353,28.029843517098485]]]}},{"type":"Feature","properties":{"jobs":1156,"pop":289,"pointCount":2,"homeWorkCommuteMedian":23916,"workHomeCommuteMedian":25003},"geometry":{"type":"Polygon","coordinates":[[[-82.66888940841353,28.03883672073573],[-82.66888940841353,28.047829924372977],[-82.65989620477629,28.047829924372977],[-82.65989620477629,28.03883672073573],[-82.66888940841353,28.03883672073573]]]}},{"type":"Feature","properties":{"jobs":0,"pop":287,"pointCount":1,"homeWorkCommuteMedian":29469,"workHomeCommuteMedian":-1},"geometry":{"type":"Polygon","coordinates":[[[-82.66888940841353,28.06581633164747],[-82.66888940841353,28.074809535284714],[-82.65989620477629,28.074809535284714],[-82.65989620477629,28.06581633164747],[-82.66888940841353,28.06581633164747]]]}},{"type":"Feature","properties":{"jobs":62,"pop":257,"pointCount":1,"homeWorkCommuteMedian":31694,"workHomeCommuteMedian":28794},"geometry":{"type":"Polygon","coordinates":[[[-82.66888940841353,28.08380273892196],[-82.66888940841353,28.092795942559206],[-82.65989620477629,28.092795942559206],[-82.65989620477629,28.08380273892196],[-82.66888940841353,28.08380273892196]]]}},{"type":"Feature","properties":{"jobs":0,"pop":168,"pointCount":1,"homeWorkCommuteMedian":22105,"workHomeCommuteMedian":-1},"geometry":{"type":"Polygon","coordinates":[[[-82.66888940841353,28.101789146196452],[-82.66888940841353,28.1107823498337],[-82.65989620477629,28.1107823498337],[-82.65989620477629,28.101789146196452],[-82.66888940841353,28.101789146196452]]]}},{"type":"Feature","properties":{"jobs":0,"pop":93,"pointCount":1,"homeWorkCommuteMedian":35050,"workHomeCommuteMedian":-1},"geometry":{"type":"Polygon","coordinates":[[[-82.66888940841353,28.119775553470944],[-82.66888940841353,28.12876875710819],[-82.65989620477629,28.12876875710819],[-82.65989620477629,28.119775553470944],[-82.66888940841353,28.119775553470944]]]}},{"type":"Feature","properties":{"jobs":142,"pop":316,"pointCount":1,"homeWorkCommuteMedian":37297,"workHomeCommuteMedian":21908},"geometry":{"type":"Polygon","coordinates":[[[-82.66888940841353,28.182727978931666],[-82.66888940841353,28.191721182568912],[-82.65989620477629,28.191721182568912],[-82.65989620477629,28.182727978931666],[-82.66888940841353,28.182727978931666]]]}},{"type":"Feature","properties":{"jobs":353,"pop":329,"pointCount":1,"homeWorkCommuteMedian":38814,"workHomeCommuteMedian":31136},"geometry":{"type":"Polygon","coordinates":[[[-82.66888940841353,28.209707589843404],[-82.66888940841353,28.21870079348065],[-82.65989620477629,28.21870079348065],[-82.65989620477629,28.209707589843404],[-82.66888940841353,28.209707589843404]]]}},{"type":"Feature","properties":{"jobs":381,"pop":543,"pointCount":1,"homeWorkCommuteMedian":46593,"workHomeCommuteMedian":39959},"geometry":{"type":"Polygon","coordinates":[[[-82.66888940841353,28.236687200755142],[-82.66888940841353,28.245680404392388],[-82.65989620477629,28.245680404392388],[-82.65989620477629,28.236687200755142],[-82.66888940841353,28.236687200755142]]]}},{"type":"Feature","properties":{"jobs":2400,"pop":586,"pointCount":1,"homeWorkCommuteMedian":42426,"workHomeCommuteMedian":42321},"geometry":{"type":"Polygon","coordinates":[[[-82.66888940841353,28.26366681166688],[-82.66888940841353,28.272660015304126],[-82.65989620477629,28.272660015304126],[-82.65989620477629,28.26366681166688],[-82.66888940841353,28.26366681166688]]]}},{"type":"Feature","properties":{"jobs":67,"pop":582,"pointCount":1,"homeWorkCommuteMedian":30331,"workHomeCommuteMedian":37410},"geometry":{"type":"Polygon","coordinates":[[[-82.65989620477629,27.70608818615763],[-82.65989620477629,27.715081389794875],[-82.65090300113904,27.715081389794875],[-82.65090300113904,27.70608818615763],[-82.65989620477629,27.70608818615763]]]}},{"type":"Feature","properties":{"jobs":59,"pop":1586,"pointCount":1,"homeWorkCommuteMedian":34201,"workHomeCommuteMedian":48609},"geometry":{"type":"Polygon","coordinates":[[[-82.65989620477629,27.715081389794875],[-82.65989620477629,27.72407459343212],[-82.65090300113904,27.72407459343212],[-82.65090300113904,27.715081389794875],[-82.65989620477629,27.715081389794875]]]}},{"type":"Feature","properties":{"jobs":20,"pop":1527,"pointCount":1,"homeWorkCommuteMedian":23845,"workHomeCommuteMedian":15786},"geometry":{"type":"Polygon","coordinates":[[[-82.65989620477629,27.733067797069367],[-82.65989620477629,27.742061000706613],[-82.65090300113904,27.742061000706613],[-82.65090300113904,27.733067797069367],[-82.65989620477629,27.733067797069367]]]}},{"type":"Feature","properties":{"jobs":265,"pop":3020,"pointCount":2,"homeWorkCommuteMedian":24714,"workHomeCommuteMedian":15234},"geometry":{"type":"Polygon","coordinates":[[[-82.65989620477629,27.75105420434386],[-82.65989620477629,27.760047407981105],[-82.65090300113904,27.760047407981105],[-82.65090300113904,27.75105420434386],[-82.65989620477629,27.75105420434386]]]}},{"type":"Feature","properties":{"jobs":4987,"pop":528,"pointCount":2,"homeWorkCommuteMedian":25623,"workHomeCommuteMedian":9112},"geometry":{"type":"Polygon","coordinates":[[[-82.65989620477629,27.760047407981105],[-82.65989620477629,27.76904061161835],[-82.65090300113904,27.76904061161835],[-82.65090300113904,27.760047407981105],[-82.65989620477629,27.760047407981105]]]}},{"type":"Feature","properties":{"jobs":1576,"pop":1979,"pointCount":4,"homeWorkCommuteMedian":23016,"workHomeCommuteMedian":22173},"geometry":{"type":"Polygon","coordinates":[[[-82.65989620477629,27.76904061161835],[-82.65989620477629,27.778033815255597],[-82.65090300113904,27.778033815255597],[-82.65090300113904,27.76904061161835],[-82.65989620477629,27.76904061161835]]]}},{"type":"Feature","properties":{"jobs":494,"pop":491,"pointCount":1,"homeWorkCommuteMedian":16288,"workHomeCommuteMedian":17178},"geometry":{"type":"Polygon","coordinates":[[[-82.65989620477629,27.778033815255597],[-82.65989620477629,27.787027018892843],[-82.65090300113904,27.787027018892843],[-82.65090300113904,27.778033815255597],[-82.65989620477629,27.778033815255597]]]}},{"type":"Feature","properties":{"jobs":277,"pop":463,"pointCount":1,"homeWorkCommuteMedian":29336,"workHomeCommuteMedian":21585},"geometry":{"type":"Polygon","coordinates":[[[-82.65989620477629,27.787027018892843],[-82.65989620477629,27.79602022253009],[-82.65090300113904,27.79602022253009],[-82.65090300113904,27.787027018892843],[-82.65989620477629,27.787027018892843]]]}},{"type":"Feature","properties":{"jobs":287,"pop":692,"pointCount":1,"homeWorkCommuteMedian":24656,"workHomeCommuteMedian":12878},"geometry":{"type":"Polygon","coordinates":[[[-82.65989620477629,27.805013426167335],[-82.65989620477629,27.81400662980458],[-82.65090300113904,27.81400662980458],[-82.65090300113904,27.805013426167335],[-82.65989620477629,27.805013426167335]]]}},{"type":"Feature","properties":{"jobs":181,"pop":1744,"pointCount":1,"homeWorkCommuteMedian":16255,"workHomeCommuteMedian":10731},"geometry":{"type":"Polygon","coordinates":[[[-82.65989620477629,27.81400662980458],[-82.65989620477629,27.822999833441827],[-82.65090300113904,27.822999833441827],[-82.65090300113904,27.81400662980458],[-82.65989620477629,27.81400662980458]]]}},{"type":"Feature","properties":{"jobs":584,"pop":918,"pointCount":2,"homeWorkCommuteMedian":23165,"workHomeCommuteMedian":28014},"geometry":{"type":"Polygon","coordinates":[[[-82.65989620477629,27.849979444353565],[-82.65989620477629,27.85897264799081],[-82.65090300113904,27.85897264799081],[-82.65090300113904,27.849979444353565],[-82.65989620477629,27.849979444353565]]]}},{"type":"Feature","properties":{"jobs":1693,"pop":522,"pointCount":2,"homeWorkCommuteMedian":25878,"workHomeCommuteMedian":24330},"geometry":{"type":"Polygon","coordinates":[[[-82.65989620477629,27.85897264799081],[-82.65989620477629,27.867965851628057],[-82.65090300113904,27.867965851628057],[-82.65090300113904,27.85897264799081],[-82.65989620477629,27.85897264799081]]]}},{"type":"Feature","properties":{"jobs":155,"pop":1023,"pointCount":1,"homeWorkCommuteMedian":20097,"workHomeCommuteMedian":20790},"geometry":{"type":"Polygon","coordinates":[[[-82.65989620477629,27.867965851628057],[-82.65989620477629,27.876959055265303],[-82.65090300113904,27.876959055265303],[-82.65090300113904,27.867965851628057],[-82.65989620477629,27.867965851628057]]]}},{"type":"Feature","properties":{"jobs":2814,"pop":3856,"pointCount":2,"homeWorkCommuteMedian":27269,"workHomeCommuteMedian":24324},"geometry":{"type":"Polygon","coordinates":[[[-82.65989620477629,27.876959055265303],[-82.65989620477629,27.88595225890255],[-82.65090300113904,27.88595225890255],[-82.65090300113904,27.876959055265303],[-82.65989620477629,27.876959055265303]]]}},{"type":"Feature","properties":{"jobs":0,"pop":6,"pointCount":1,"homeWorkCommuteMedian":21228,"workHomeCommuteMedian":-1},"geometry":{"type":"Polygon","coordinates":[[[-82.65989620477629,27.93091827708878],[-82.65989620477629,27.939911480726025],[-82.65090300113904,27.939911480726025],[-82.65090300113904,27.93091827708878],[-82.65989620477629,27.93091827708878]]]}},{"type":"Feature","properties":{"jobs":1109,"pop":107,"pointCount":2,"homeWorkCommuteMedian":25090,"workHomeCommuteMedian":22724},"geometry":{"type":"Polygon","coordinates":[[[-82.65989620477629,28.029843517098485],[-82.65989620477629,28.03883672073573],[-82.65090300113904,28.03883672073573],[-82.65090300113904,28.029843517098485],[-82.65989620477629,28.029843517098485]]]}},{"type":"Feature","properties":{"jobs":4221,"pop":154,"pointCount":3,"homeWorkCommuteMedian":28825,"workHomeCommuteMedian":25656},"geometry":{"type":"Polygon","coordinates":[[[-82.65989620477629,28.03883672073573],[-82.65989620477629,28.047829924372977],[-82.65090300113904,28.047829924372977],[-82.65090300113904,28.03883672073573],[-82.65989620477629,28.03883672073573]]]}},{"type":"Feature","properties":{"jobs":1451,"pop":462,"pointCount":2,"homeWorkCommuteMedian":23291,"workHomeCommuteMedian":26520},"geometry":{"type":"Polygon","coordinates":[[[-82.65989620477629,28.047829924372977],[-82.65989620477629,28.056823128010222],[-82.65090300113904,28.056823128010222],[-82.65090300113904,28.047829924372977],[-82.65989620477629,28.047829924372977]]]}},{"type":"Feature","properties":{"jobs":0,"pop":74,"pointCount":1,"homeWorkCommuteMedian":26494,"workHomeCommuteMedian":-1},"geometry":{"type":"Polygon","coordinates":[[[-82.65989620477629,28.15574836801993],[-82.65989620477629,28.164741571657174],[-82.65090300113904,28.164741571657174],[-82.65090300113904,28.15574836801993],[-82.65989620477629,28.15574836801993]]]}},{"type":"Feature","properties":{"jobs":125,"pop":344,"pointCount":1,"homeWorkCommuteMedian":36839,"workHomeCommuteMedian":23583},"geometry":{"type":"Polygon","coordinates":[[[-82.65989620477629,28.17373477529442],[-82.65989620477629,28.182727978931666],[-82.65090300113904,28.182727978931666],[-82.65090300113904,28.17373477529442],[-82.65989620477629,28.17373477529442]]]}},{"type":"Feature","properties":{"jobs":107,"pop":425,"pointCount":1,"homeWorkCommuteMedian":33530,"workHomeCommuteMedian":29592},"geometry":{"type":"Polygon","coordinates":[[[-82.65989620477629,28.182727978931666],[-82.65989620477629,28.191721182568912],[-82.65090300113904,28.191721182568912],[-82.65090300113904,28.182727978931666],[-82.65989620477629,28.182727978931666]]]}},{"type":"Feature","properties":{"jobs":1251,"pop":835,"pointCount":1,"homeWorkCommuteMedian":36306,"workHomeCommuteMedian":33921},"geometry":{"type":"Polygon","coordinates":[[[-82.65989620477629,28.191721182568912],[-82.65989620477629,28.20071438620616],[-82.65090300113904,28.20071438620616],[-82.65090300113904,28.191721182568912],[-82.65989620477629,28.191721182568912]]]}},{"type":"Feature","properties":{"jobs":66,"pop":975,"pointCount":1,"homeWorkCommuteMedian":38874,"workHomeCommuteMedian":25035},"geometry":{"type":"Polygon","coordinates":[[[-82.65989620477629,28.21870079348065],[-82.65989620477629,28.227693997117896],[-82.65090300113904,28.227693997117896],[-82.65090300113904,28.21870079348065],[-82.65989620477629,28.21870079348065]]]}},{"type":"Feature","properties":{"jobs":141,"pop":798,"pointCount":1,"homeWorkCommuteMedian":37020,"workHomeCommuteMedian":29851},"geometry":{"type":"Polygon","coordinates":[[[-82.65989620477629,28.236687200755142],[-82.65989620477629,28.245680404392388],[-82.65090300113904,28.245680404392388],[-82.65090300113904,28.236687200755142],[-82.65989620477629,28.236687200755142]]]}},{"type":"Feature","properties":{"jobs":89,"pop":733,"pointCount":1,"homeWorkCommuteMedian":44401,"workHomeCommuteMedian":27808},"geometry":{"type":"Polygon","coordinates":[[[-82.65989620477629,28.245680404392388],[-82.65989620477629,28.254673608029634],[-82.65090300113904,28.254673608029634],[-82.65090300113904,28.245680404392388],[-82.65989620477629,28.245680404392388]]]}},{"type":"Feature","properties":{"jobs":416,"pop":742,"pointCount":2,"homeWorkCommuteMedian":34085,"workHomeCommuteMedian":19959},"geometry":{"type":"Polygon","coordinates":[[[-82.65090300113904,27.70608818615763],[-82.65090300113904,27.715081389794875],[-82.6419097975018,27.715081389794875],[-82.6419097975018,27.70608818615763],[-82.65090300113904,27.70608818615763]]]}},{"type":"Feature","properties":{"jobs":48,"pop":299,"pointCount":1,"homeWorkCommuteMedian":24165,"workHomeCommuteMedian":18370},"geometry":{"type":"Polygon","coordinates":[[[-82.65090300113904,27.715081389794875],[-82.65090300113904,27.72407459343212],[-82.6419097975018,27.72407459343212],[-82.6419097975018,27.715081389794875],[-82.65090300113904,27.715081389794875]]]}},{"type":"Feature","properties":{"jobs":60,"pop":536,"pointCount":1,"homeWorkCommuteMedian":30515,"workHomeCommuteMedian":29864},"geometry":{"type":"Polygon","coordinates":[[[-82.65090300113904,27.733067797069367],[-82.65090300113904,27.742061000706613],[-82.6419097975018,27.742061000706613],[-82.6419097975018,27.733067797069367],[-82.65090300113904,27.733067797069367]]]}},{"type":"Feature","properties":{"jobs":227,"pop":267,"pointCount":1,"homeWorkCommuteMedian":26606,"workHomeCommuteMedian":16356},"geometry":{"type":"Polygon","coordinates":[[[-82.65090300113904,27.742061000706613],[-82.65090300113904,27.75105420434386],[-82.6419097975018,27.75105420434386],[-82.6419097975018,27.742061000706613],[-82.65090300113904,27.742061000706613]]]}},{"type":"Feature","properties":{"jobs":131,"pop":1180,"pointCount":1,"homeWorkCommuteMedian":21198,"workHomeCommuteMedian":26548},"geometry":{"type":"Polygon","coordinates":[[[-82.65090300113904,27.75105420434386],[-82.65090300113904,27.760047407981105],[-82.6419097975018,27.760047407981105],[-82.6419097975018,27.75105420434386],[-82.65090300113904,27.75105420434386]]]}},{"type":"Feature","properties":{"jobs":4181,"pop":5318,"pointCount":3,"homeWorkCommuteMedian":19740,"workHomeCommuteMedian":27366},"geometry":{"type":"Polygon","coordinates":[[[-82.65090300113904,27.760047407981105],[-82.65090300113904,27.76904061161835],[-82.6419097975018,27.76904061161835],[-82.6419097975018,27.760047407981105],[-82.65090300113904,27.760047407981105]]]}},{"type":"Feature","properties":{"jobs":2864,"pop":4030,"pointCount":4,"homeWorkCommuteMedian":23234,"workHomeCommuteMedian":30245},"geometry":{"type":"Polygon","coordinates":[[[-82.65090300113904,27.76904061161835],[-82.65090300113904,27.778033815255597],[-82.6419097975018,27.778033815255597],[-82.6419097975018,27.76904061161835],[-82.65090300113904,27.76904061161835]]]}},{"type":"Feature","properties":{"jobs":4003,"pop":2424,"pointCount":3,"homeWorkCommuteMedian":22818,"workHomeCommuteMedian":27101},"geometry":{"type":"Polygon","coordinates":[[[-82.65090300113904,27.778033815255597],[-82.65090300113904,27.787027018892843],[-82.6419097975018,27.787027018892843],[-82.6419097975018,27.778033815255597],[-82.65090300113904,27.778033815255597]]]}},{"type":"Feature","properties":{"jobs":572,"pop":481,"pointCount":1,"homeWorkCommuteMedian":13735,"workHomeCommuteMedian":32167},"geometry":{"type":"Polygon","coordinates":[[[-82.65090300113904,27.787027018892843],[-82.65090300113904,27.79602022253009],[-82.6419097975018,27.79602022253009],[-82.6419097975018,27.787027018892843],[-82.65090300113904,27.787027018892843]]]}},{"type":"Feature","properties":{"jobs":770,"pop":1328,"pointCount":2,"homeWorkCommuteMedian":18931,"workHomeCommuteMedian":16663},"geometry":{"type":"Polygon","coordinates":[[[-82.65090300113904,27.79602022253009],[-82.65090300113904,27.805013426167335],[-82.6419097975018,27.805013426167335],[-82.6419097975018,27.79602022253009],[-82.65090300113904,27.79602022253009]]]}},{"type":"Feature","properties":{"jobs":161,"pop":694,"pointCount":1,"homeWorkCommuteMedian":18047,"workHomeCommuteMedian":29522},"geometry":{"type":"Polygon","coordinates":[[[-82.65090300113904,27.805013426167335],[-82.65090300113904,27.81400662980458],[-82.6419097975018,27.81400662980458],[-82.6419097975018,27.805013426167335],[-82.65090300113904,27.805013426167335]]]}},{"type":"Feature","properties":{"jobs":310,"pop":1237,"pointCount":1,"homeWorkCommuteMedian":23786,"workHomeCommuteMedian":19097},"geometry":{"type":"Polygon","coordinates":[[[-82.65090300113904,27.81400662980458],[-82.65090300113904,27.822999833441827],[-82.6419097975018,27.822999833441827],[-82.6419097975018,27.81400662980458],[-82.65090300113904,27.81400662980458]]]}},{"type":"Feature","properties":{"jobs":462,"pop":1097,"pointCount":1,"homeWorkCommuteMedian":19856,"workHomeCommuteMedian":23270},"geometry":{"type":"Polygon","coordinates":[[[-82.65090300113904,27.822999833441827],[-82.65090300113904,27.831993037079073],[-82.6419097975018,27.831993037079073],[-82.6419097975018,27.822999833441827],[-82.65090300113904,27.822999833441827]]]}},{"type":"Feature","properties":{"jobs":921,"pop":3386,"pointCount":3,"homeWorkCommuteMedian":20542,"workHomeCommuteMedian":26813},"geometry":{"type":"Polygon","coordinates":[[[-82.65090300113904,27.84098624071632],[-82.65090300113904,27.849979444353565],[-82.6419097975018,27.849979444353565],[-82.6419097975018,27.84098624071632],[-82.65090300113904,27.84098624071632]]]}},{"type":"Feature","properties":{"jobs":2238,"pop":2867,"pointCount":3,"homeWorkCommuteMedian":22072,"workHomeCommuteMedian":20853},"geometry":{"type":"Polygon","coordinates":[[[-82.65090300113904,27.849979444353565],[-82.65090300113904,27.85897264799081],[-82.6419097975018,27.85897264799081],[-82.6419097975018,27.849979444353565],[-82.65090300113904,27.849979444353565]]]}},{"type":"Feature","properties":{"jobs":2988,"pop":1694,"pointCount":3,"homeWorkCommuteMedian":19287,"workHomeCommuteMedian":25077},"geometry":{"type":"Polygon","coordinates":[[[-82.65090300113904,27.85897264799081],[-82.65090300113904,27.867965851628057],[-82.6419097975018,27.867965851628057],[-82.6419097975018,27.85897264799081],[-82.65090300113904,27.85897264799081]]]}},{"type":"Feature","properties":{"jobs":1018,"pop":3546,"pointCount":4,"homeWorkCommuteMedian":18647,"workHomeCommuteMedian":24139},"geometry":{"type":"Polygon","coordinates":[[[-82.65090300113904,27.867965851628057],[-82.65090300113904,27.876959055265303],[-82.6419097975018,27.876959055265303],[-82.6419097975018,27.867965851628057],[-82.65090300113904,27.867965851628057]]]}},{"type":"Feature","properties":{"jobs":2108,"pop":1589,"pointCount":2,"homeWorkCommuteMedian":19441,"workHomeCommuteMedian":28092},"geometry":{"type":"Polygon","coordinates":[[[-82.65090300113904,27.876959055265303],[-82.65090300113904,27.88595225890255],[-82.6419097975018,27.88595225890255],[-82.6419097975018,27.876959055265303],[-82.65090300113904,27.876959055265303]]]}},{"type":"Feature","properties":{"jobs":0,"pop":19,"pointCount":1,"homeWorkCommuteMedian":22911,"workHomeCommuteMedian":-1},"geometry":{"type":"Polygon","coordinates":[[[-82.65090300113904,27.9938707025495],[-82.65090300113904,28.002863906186747],[-82.6419097975018,28.002863906186747],[-82.6419097975018,27.9938707025495],[-82.65090300113904,27.9938707025495]]]}},{"type":"Feature","properties":{"jobs":230,"pop":362,"pointCount":1,"homeWorkCommuteMedian":23977,"workHomeCommuteMedian":26109},"geometry":{"type":"Polygon","coordinates":[[[-82.65090300113904,28.03883672073573],[-82.65090300113904,28.047829924372977],[-82.6419097975018,28.047829924372977],[-82.6419097975018,28.03883672073573],[-82.65090300113904,28.03883672073573]]]}},{"type":"Feature","properties":{"jobs":1842,"pop":1110,"pointCount":4,"homeWorkCommuteMedian":22734,"workHomeCommuteMedian":27449},"geometry":{"type":"Polygon","coordinates":[[[-82.65090300113904,28.056823128010222],[-82.65090300113904,28.06581633164747],[-82.6419097975018,28.06581633164747],[-82.6419097975018,28.056823128010222],[-82.65090300113904,28.056823128010222]]]}},{"type":"Feature","properties":{"jobs":36,"pop":265,"pointCount":1,"homeWorkCommuteMedian":31267,"workHomeCommuteMedian":23969},"geometry":{"type":"Polygon","coordinates":[[[-82.65090300113904,28.08380273892196],[-82.65090300113904,28.092795942559206],[-82.6419097975018,28.092795942559206],[-82.6419097975018,28.08380273892196],[-82.65090300113904,28.08380273892196]]]}},{"type":"Feature","properties":{"jobs":22,"pop":118,"pointCount":1,"homeWorkCommuteMedian":34028,"workHomeCommuteMedian":64159},"geometry":{"type":"Polygon","coordinates":[[[-82.65090300113904,28.101789146196452],[-82.65090300113904,28.1107823498337],[-82.6419097975018,28.1107823498337],[-82.6419097975018,28.101789146196452],[-82.65090300113904,28.101789146196452]]]}},{"type":"Feature","properties":{"jobs":102,"pop":121,"pointCount":1,"homeWorkCommuteMedian":23768,"workHomeCommuteMedian":22759},"geometry":{"type":"Polygon","coordinates":[[[-82.65090300113904,28.119775553470944],[-82.65090300113904,28.12876875710819],[-82.6419097975018,28.12876875710819],[-82.6419097975018,28.119775553470944],[-82.65090300113904,28.119775553470944]]]}},{"type":"Feature","properties":{"jobs":28,"pop":59,"pointCount":1,"homeWorkCommuteMedian":43894,"workHomeCommuteMedian":11308},"geometry":{"type":"Polygon","coordinates":[[[-82.65090300113904,28.137761960745436],[-82.65090300113904,28.146755164382682],[-82.6419097975018,28.146755164382682],[-82.6419097975018,28.137761960745436],[-82.65090300113904,28.137761960745436]]]}},{"type":"Feature","properties":{"jobs":154,"pop":503,"pointCount":1,"homeWorkCommuteMedian":33192,"workHomeCommuteMedian":23657},"geometry":{"type":"Polygon","coordinates":[[[-82.65090300113904,28.17373477529442],[-82.65090300113904,28.182727978931666],[-82.6419097975018,28.182727978931666],[-82.6419097975018,28.17373477529442],[-82.65090300113904,28.17373477529442]]]}},{"type":"Feature","properties":{"jobs":320,"pop":505,"pointCount":1,"homeWorkCommuteMedian":29940,"workHomeCommuteMedian":27080},"geometry":{"type":"Polygon","coordinates":[[[-82.65090300113904,28.182727978931666],[-82.65090300113904,28.191721182568912],[-82.6419097975018,28.191721182568912],[-82.6419097975018,28.182727978931666],[-82.65090300113904,28.182727978931666]]]}},{"type":"Feature","properties":{"jobs":17,"pop":617,"pointCount":1,"homeWorkCommuteMedian":33953,"workHomeCommuteMedian":60394},"geometry":{"type":"Polygon","coordinates":[[[-82.65090300113904,28.191721182568912],[-82.65090300113904,28.20071438620616],[-82.6419097975018,28.20071438620616],[-82.6419097975018,28.191721182568912],[-82.65090300113904,28.191721182568912]]]}},{"type":"Feature","properties":{"jobs":168,"pop":414,"pointCount":1,"homeWorkCommuteMedian":39846,"workHomeCommuteMedian":38992},"geometry":{"type":"Polygon","coordinates":[[[-82.65090300113904,28.20071438620616],[-82.65090300113904,28.209707589843404],[-82.6419097975018,28.209707589843404],[-82.6419097975018,28.20071438620616],[-82.65090300113904,28.20071438620616]]]}},{"type":"Feature","properties":{"jobs":126,"pop":660,"pointCount":1,"homeWorkCommuteMedian":38369,"workHomeCommuteMedian":13726},"geometry":{"type":"Polygon","coordinates":[[[-82.65090300113904,28.209707589843404],[-82.65090300113904,28.21870079348065],[-82.6419097975018,28.21870079348065],[-82.6419097975018,28.209707589843404],[-82.65090300113904,28.209707589843404]]]}},{"type":"Feature","properties":{"jobs":580,"pop":454,"pointCount":1,"homeWorkCommuteMedian":45288,"workHomeCommuteMedian":39458},"geometry":{"type":"Polygon","coordinates":[[[-82.65090300113904,28.272660015304126],[-82.65090300113904,28.281653218941372],[-82.6419097975018,28.281653218941372],[-82.6419097975018,28.272660015304126],[-82.65090300113904,28.272660015304126]]]}},{"type":"Feature","properties":{"jobs":35,"pop":345,"pointCount":1,"homeWorkCommuteMedian":23357,"workHomeCommuteMedian":3000},"geometry":{"type":"Polygon","coordinates":[[[-82.6419097975018,27.715081389794875],[-82.6419097975018,27.72407459343212],[-82.63291659386455,27.72407459343212],[-82.63291659386455,27.715081389794875],[-82.6419097975018,27.715081389794875]]]}},{"type":"Feature","properties":{"jobs":450,"pop":1149,"pointCount":2,"homeWorkCommuteMedian":29884,"workHomeCommuteMedian":42603},"geometry":{"type":"Polygon","coordinates":[[[-82.6419097975018,27.72407459343212],[-82.6419097975018,27.733067797069367],[-82.63291659386455,27.733067797069367],[-82.63291659386455,27.72407459343212],[-82.6419097975018,27.72407459343212]]]}},{"type":"Feature","properties":{"jobs":58,"pop":882,"pointCount":1,"homeWorkCommuteMedian":31222,"workHomeCommuteMedian":11583},"geometry":{"type":"Polygon","coordinates":[[[-82.6419097975018,27.733067797069367],[-82.6419097975018,27.742061000706613],[-82.63291659386455,27.742061000706613],[-82.63291659386455,27.733067797069367],[-82.6419097975018,27.733067797069367]]]}},{"type":"Feature","properties":{"jobs":530,"pop":364,"pointCount":1,"homeWorkCommuteMedian":17472,"workHomeCommuteMedian":27048},"geometry":{"type":"Polygon","coordinates":[[[-82.6419097975018,27.75105420434386],[-82.6419097975018,27.760047407981105],[-82.63291659386455,27.760047407981105],[-82.63291659386455,27.75105420434386],[-82.6419097975018,27.75105420434386]]]}},{"type":"Feature","properties":{"jobs":11514,"pop":1188,"pointCount":4,"homeWorkCommuteMedian":30695,"workHomeCommuteMedian":29076},"geometry":{"type":"Polygon","coordinates":[[[-82.6419097975018,27.760047407981105],[-82.6419097975018,27.76904061161835],[-82.63291659386455,27.76904061161835],[-82.63291659386455,27.760047407981105],[-82.6419097975018,27.760047407981105]]]}},{"type":"Feature","properties":{"jobs":15320,"pop":4185,"pointCount":9,"homeWorkCommuteMedian":19984,"workHomeCommuteMedian":31491},"geometry":{"type":"Polygon","coordinates":[[[-82.6419097975018,27.76904061161835],[-82.6419097975018,27.778033815255597],[-82.63291659386455,27.778033815255597],[-82.63291659386455,27.76904061161835],[-82.6419097975018,27.76904061161835]]]}},{"type":"Feature","properties":{"jobs":949,"pop":1188,"pointCount":2,"homeWorkCommuteMedian":31024,"workHomeCommuteMedian":27520},"geometry":{"type":"Polygon","coordinates":[[[-82.6419097975018,27.778033815255597],[-82.6419097975018,27.787027018892843],[-82.63291659386455,27.787027018892843],[-82.63291659386455,27.778033815255597],[-82.6419097975018,27.778033815255597]]]}},{"type":"Feature","properties":{"jobs":833,"pop":830,"pointCount":2,"homeWorkCommuteMedian":20696,"workHomeCommuteMedian":23855},"geometry":{"type":"Polygon","coordinates":[[[-82.6419097975018,27.787027018892843],[-82.6419097975018,27.79602022253009],[-82.63291659386455,27.79602022253009],[-82.63291659386455,27.787027018892843],[-82.6419097975018,27.787027018892843]]]}},{"type":"Feature","properties":{"jobs":668,"pop":473,"pointCount":2,"homeWorkCommuteMedian":23792,"workHomeCommuteMedian":19822},"geometry":{"type":"Polygon","coordinates":[[[-82.6419097975018,27.79602022253009],[-82.6419097975018,27.805013426167335],[-82.63291659386455,27.805013426167335],[-82.63291659386455,27.79602022253009],[-82.6419097975018,27.79602022253009]]]}},{"type":"Feature","properties":{"jobs":1747,"pop":1123,"pointCount":3,"homeWorkCommuteMedian":27736,"workHomeCommuteMedian":25570},"geometry":{"type":"Polygon","coordinates":[[[-82.6419097975018,27.805013426167335],[-82.6419097975018,27.81400662980458],[-82.63291659386455,27.81400662980458],[-82.63291659386455,27.805013426167335],[-82.6419097975018,27.805013426167335]]]}},{"type":"Feature","properties":{"jobs":358,"pop":1111,"pointCount":2,"homeWorkCommuteMedian":23322,"workHomeCommuteMedian":24870},"geometry":{"type":"Polygon","coordinates":[[[-82.6419097975018,27.81400662980458],[-82.6419097975018,27.822999833441827],[-82.63291659386455,27.822999833441827],[-82.63291659386455,27.81400662980458],[-82.6419097975018,27.81400662980458]]]}},{"type":"Feature","properties":{"jobs":645,"pop":1192,"pointCount":2,"homeWorkCommuteMedian":21744,"workHomeCommuteMedian":18853},"geometry":{"type":"Polygon","coordinates":[[[-82.6419097975018,27.822999833441827],[-82.6419097975018,27.831993037079073],[-82.63291659386455,27.831993037079073],[-82.63291659386455,27.822999833441827],[-82.6419097975018,27.822999833441827]]]}},{"type":"Feature","properties":{"jobs":419,"pop":1725,"pointCount":2,"homeWorkCommuteMedian":17528,"workHomeCommuteMedian":19761},"geometry":{"type":"Polygon","coordinates":[[[-82.6419097975018,27.831993037079073],[-82.6419097975018,27.84098624071632],[-82.63291659386455,27.84098624071632],[-82.63291659386455,27.831993037079073],[-82.6419097975018,27.831993037079073]]]}},{"type":"Feature","properties":{"jobs":1343,"pop":1413,"pointCount":1,"homeWorkCommuteMedian":20986,"workHomeCommuteMedian":29019},"geometry":{"type":"Polygon","coordinates":[[[-82.6419097975018,27.84098624071632],[-82.6419097975018,27.849979444353565],[-82.63291659386455,27.849979444353565],[-82.63291659386455,27.84098624071632],[-82.6419097975018,27.84098624071632]]]}},{"type":"Feature","properties":{"jobs":520,"pop":1015,"pointCount":1,"homeWorkCommuteMedian":23016,"workHomeCommuteMedian":27319},"geometry":{"type":"Polygon","coordinates":[[[-82.6419097975018,27.849979444353565],[-82.6419097975018,27.85897264799081],[-82.63291659386455,27.85897264799081],[-82.63291659386455,27.849979444353565],[-82.6419097975018,27.849979444353565]]]}},{"type":"Feature","properties":{"jobs":2711,"pop":3613,"pointCount":4,"homeWorkCommuteMedian":20638,"workHomeCommuteMedian":27319},"geometry":{"type":"Polygon","coordinates":[[[-82.6419097975018,27.85897264799081],[-82.6419097975018,27.867965851628057],[-82.63291659386455,27.867965851628057],[-82.63291659386455,27.85897264799081],[-82.6419097975018,27.85897264799081]]]}},{"type":"Feature","properties":{"jobs":274,"pop":1390,"pointCount":2,"homeWorkCommuteMedian":23085,"workHomeCommuteMedian":28748},"geometry":{"type":"Polygon","coordinates":[[[-82.6419097975018,27.867965851628057],[-82.6419097975018,27.876959055265303],[-82.63291659386455,27.876959055265303],[-82.63291659386455,27.867965851628057],[-82.6419097975018,27.867965851628057]]]}},{"type":"Feature","properties":{"jobs":76,"pop":207,"pointCount":1,"homeWorkCommuteMedian":21451,"workHomeCommuteMedian":21811},"geometry":{"type":"Polygon","coordinates":[[[-82.6419097975018,27.876959055265303],[-82.6419097975018,27.88595225890255],[-82.63291659386455,27.88595225890255],[-82.63291659386455,27.876959055265303],[-82.6419097975018,27.876959055265303]]]}},{"type":"Feature","properties":{"jobs":0,"pop":39,"pointCount":1,"homeWorkCommuteMedian":23130,"workHomeCommuteMedian":-1},"geometry":{"type":"Polygon","coordinates":[[[-82.6419097975018,28.011857109823993],[-82.6419097975018,28.02085031346124],[-82.63291659386455,28.02085031346124],[-82.63291659386455,28.011857109823993],[-82.6419097975018,28.011857109823993]]]}},{"type":"Feature","properties":{"jobs":285,"pop":132,"pointCount":1,"homeWorkCommuteMedian":25211,"workHomeCommuteMedian":28330},"geometry":{"type":"Polygon","coordinates":[[[-82.6419097975018,28.02085031346124],[-82.6419097975018,28.029843517098485],[-82.63291659386455,28.029843517098485],[-82.63291659386455,28.02085031346124],[-82.6419097975018,28.02085031346124]]]}},{"type":"Feature","properties":{"jobs":1939,"pop":89,"pointCount":1,"homeWorkCommuteMedian":26167,"workHomeCommuteMedian":27503},"geometry":{"type":"Polygon","coordinates":[[[-82.6419097975018,28.029843517098485],[-82.6419097975018,28.03883672073573],[-82.63291659386455,28.03883672073573],[-82.63291659386455,28.029843517098485],[-82.6419097975018,28.029843517098485]]]}},{"type":"Feature","properties":{"jobs":65,"pop":166,"pointCount":1,"homeWorkCommuteMedian":24902,"workHomeCommuteMedian":18150},"geometry":{"type":"Polygon","coordinates":[[[-82.6419097975018,28.03883672073573],[-82.6419097975018,28.047829924372977],[-82.63291659386455,28.047829924372977],[-82.63291659386455,28.03883672073573],[-82.6419097975018,28.03883672073573]]]}},{"type":"Feature","properties":{"jobs":6,"pop":1177,"pointCount":1,"homeWorkCommuteMedian":28735,"workHomeCommuteMedian":12339},"geometry":{"type":"Polygon","coordinates":[[[-82.6419097975018,28.047829924372977],[-82.6419097975018,28.056823128010222],[-82.63291659386455,28.056823128010222],[-82.63291659386455,28.047829924372977],[-82.6419097975018,28.047829924372977]]]}},{"type":"Feature","properties":{"jobs":1156,"pop":714,"pointCount":1,"homeWorkCommuteMedian":20535,"workHomeCommuteMedian":25708},"geometry":{"type":"Polygon","coordinates":[[[-82.6419097975018,28.056823128010222],[-82.6419097975018,28.06581633164747],[-82.63291659386455,28.06581633164747],[-82.63291659386455,28.056823128010222],[-82.6419097975018,28.056823128010222]]]}},{"type":"Feature","properties":{"jobs":1940,"pop":3219,"pointCount":2,"homeWorkCommuteMedian":24643,"workHomeCommuteMedian":27726},"geometry":{"type":"Polygon","coordinates":[[[-82.6419097975018,28.06581633164747],[-82.6419097975018,28.074809535284714],[-82.63291659386455,28.074809535284714],[-82.63291659386455,28.06581633164747],[-82.6419097975018,28.06581633164747]]]}},{"type":"Feature","properties":{"jobs":43,"pop":1178,"pointCount":1,"homeWorkCommuteMedian":29046,"workHomeCommuteMedian":8582},"geometry":{"type":"Polygon","coordinates":[[[-82.6419097975018,28.074809535284714],[-82.6419097975018,28.08380273892196],[-82.63291659386455,28.08380273892196],[-82.63291659386455,28.074809535284714],[-82.6419097975018,28.074809535284714]]]}},{"type":"Feature","properties":{"jobs":487,"pop":129,"pointCount":2,"homeWorkCommuteMedian":46421,"workHomeCommuteMedian":25814},"geometry":{"type":"Polygon","coordinates":[[[-82.6419097975018,28.191721182568912],[-82.6419097975018,28.20071438620616],[-82.63291659386455,28.20071438620616],[-82.63291659386455,28.191721182568912],[-82.6419097975018,28.191721182568912]]]}},{"type":"Feature","properties":{"jobs":95,"pop":261,"pointCount":1,"homeWorkCommuteMedian":39400,"workHomeCommuteMedian":28077},"geometry":{"type":"Polygon","coordinates":[[[-82.6419097975018,28.227693997117896],[-82.6419097975018,28.236687200755142],[-82.63291659386455,28.236687200755142],[-82.63291659386455,28.227693997117896],[-82.6419097975018,28.227693997117896]]]}},{"type":"Feature","properties":{"jobs":0,"pop":488,"pointCount":1,"homeWorkCommuteMedian":42817,"workHomeCommuteMedian":-1},"geometry":{"type":"Polygon","coordinates":[[[-82.6419097975018,28.245680404392388],[-82.6419097975018,28.254673608029634],[-82.63291659386455,28.254673608029634],[-82.63291659386455,28.245680404392388],[-82.6419097975018,28.245680404392388]]]}},{"type":"Feature","properties":{"jobs":59,"pop":456,"pointCount":1,"homeWorkCommuteMedian":45597,"workHomeCommuteMedian":44932},"geometry":{"type":"Polygon","coordinates":[[[-82.6419097975018,28.254673608029634],[-82.6419097975018,28.26366681166688],[-82.63291659386455,28.26366681166688],[-82.63291659386455,28.254673608029634],[-82.6419097975018,28.254673608029634]]]}},{"type":"Feature","properties":{"jobs":15,"pop":858,"pointCount":1,"homeWorkCommuteMedian":35976,"workHomeCommuteMedian":59557},"geometry":{"type":"Polygon","coordinates":[[[-82.6419097975018,28.272660015304126],[-82.6419097975018,28.281653218941372],[-82.63291659386455,28.281653218941372],[-82.63291659386455,28.272660015304126],[-82.6419097975018,28.272660015304126]]]}},{"type":"Feature","properties":{"jobs":129,"pop":268,"pointCount":1,"homeWorkCommuteMedian":18093,"workHomeCommuteMedian":21507},"geometry":{"type":"Polygon","coordinates":[[[-82.63291659386455,27.715081389794875],[-82.63291659386455,27.72407459343212],[-82.6239233902273,27.72407459343212],[-82.6239233902273,27.715081389794875],[-82.63291659386455,27.715081389794875]]]}},{"type":"Feature","properties":{"jobs":850,"pop":0,"pointCount":1,"homeWorkCommuteMedian":-1,"workHomeCommuteMedian":9305},"geometry":{"type":"Polygon","coordinates":[[[-82.63291659386455,27.75105420434386],[-82.63291659386455,27.760047407981105],[-82.6239233902273,27.760047407981105],[-82.6239233902273,27.75105420434386],[-82.63291659386455,27.75105420434386]]]}},{"type":"Feature","properties":{"jobs":1842,"pop":68,"pointCount":3,"homeWorkCommuteMedian":30373,"workHomeCommuteMedian":23431},"geometry":{"type":"Polygon","coordinates":[[[-82.63291659386455,27.760047407981105],[-82.63291659386455,27.76904061161835],[-82.6239233902273,27.76904061161835],[-82.6239233902273,27.760047407981105],[-82.63291659386455,27.760047407981105]]]}},{"type":"Feature","properties":{"jobs":150,"pop":171,"pointCount":1,"homeWorkCommuteMedian":2198,"workHomeCommuteMedian":36362},"geometry":{"type":"Polygon","coordinates":[[[-82.63291659386455,27.76904061161835],[-82.63291659386455,27.778033815255597],[-82.6239233902273,27.778033815255597],[-82.6239233902273,27.76904061161835],[-82.63291659386455,27.76904061161835]]]}},{"type":"Feature","properties":{"jobs":497,"pop":116,"pointCount":1,"homeWorkCommuteMedian":40291,"workHomeCommuteMedian":12896},"geometry":{"type":"Polygon","coordinates":[[[-82.63291659386455,27.778033815255597],[-82.63291659386455,27.787027018892843],[-82.6239233902273,27.787027018892843],[-82.6239233902273,27.778033815255597],[-82.63291659386455,27.778033815255597]]]}},{"type":"Feature","properties":{"jobs":211,"pop":509,"pointCount":1,"homeWorkCommuteMedian":31077,"workHomeCommuteMedian":17810},"geometry":{"type":"Polygon","coordinates":[[[-82.63291659386455,27.787027018892843],[-82.63291659386455,27.79602022253009],[-82.6239233902273,27.79602022253009],[-82.6239233902273,27.787027018892843],[-82.63291659386455,27.787027018892843]]]}},{"type":"Feature","properties":{"jobs":150,"pop":762,"pointCount":1,"homeWorkCommuteMedian":23547,"workHomeCommuteMedian":17754},"geometry":{"type":"Polygon","coordinates":[[[-82.63291659386455,27.79602022253009],[-82.63291659386455,27.805013426167335],[-82.6239233902273,27.805013426167335],[-82.6239233902273,27.79602022253009],[-82.63291659386455,27.79602022253009]]]}},{"type":"Feature","properties":{"jobs":213,"pop":1601,"pointCount":3,"homeWorkCommuteMedian":20762,"workHomeCommuteMedian":29476},"geometry":{"type":"Polygon","coordinates":[[[-82.63291659386455,27.805013426167335],[-82.63291659386455,27.81400662980458],[-82.6239233902273,27.81400662980458],[-82.6239233902273,27.805013426167335],[-82.63291659386455,27.805013426167335]]]}},{"type":"Feature","properties":{"jobs":305,"pop":609,"pointCount":1,"homeWorkCommuteMedian":24795,"workHomeCommuteMedian":13910},"geometry":{"type":"Polygon","coordinates":[[[-82.63291659386455,27.81400662980458],[-82.63291659386455,27.822999833441827],[-82.6239233902273,27.822999833441827],[-82.6239233902273,27.81400662980458],[-82.63291659386455,27.81400662980458]]]}},{"type":"Feature","properties":{"jobs":32,"pop":853,"pointCount":1,"homeWorkCommuteMedian":22627,"workHomeCommuteMedian":45442},"geometry":{"type":"Polygon","coordinates":[[[-82.63291659386455,27.822999833441827],[-82.63291659386455,27.831993037079073],[-82.6239233902273,27.831993037079073],[-82.6239233902273,27.822999833441827],[-82.63291659386455,27.822999833441827]]]}},{"type":"Feature","properties":{"jobs":710,"pop":484,"pointCount":2,"homeWorkCommuteMedian":21255,"workHomeCommuteMedian":26518},"geometry":{"type":"Polygon","coordinates":[[[-82.63291659386455,27.85897264799081],[-82.63291659386455,27.867965851628057],[-82.6239233902273,27.867965851628057],[-82.6239233902273,27.85897264799081],[-82.63291659386455,27.85897264799081]]]}},{"type":"Feature","properties":{"jobs":802,"pop":333,"pointCount":2,"homeWorkCommuteMedian":20025,"workHomeCommuteMedian":22018},"geometry":{"type":"Polygon","coordinates":[[[-82.63291659386455,27.867965851628057],[-82.63291659386455,27.876959055265303],[-82.6239233902273,27.876959055265303],[-82.6239233902273,27.867965851628057],[-82.63291659386455,27.867965851628057]]]}},{"type":"Feature","properties":{"jobs":0,"pop":8,"pointCount":1,"homeWorkCommuteMedian":29076,"workHomeCommuteMedian":-1},"geometry":{"type":"Polygon","coordinates":[[[-82.63291659386455,27.93091827708878],[-82.63291659386455,27.939911480726025],[-82.6239233902273,27.939911480726025],[-82.6239233902273,27.93091827708878],[-82.63291659386455,27.93091827708878]]]}},{"type":"Feature","properties":{"jobs":138,"pop":620,"pointCount":1,"homeWorkCommuteMedian":23879,"workHomeCommuteMedian":26796},"geometry":{"type":"Polygon","coordinates":[[[-82.63291659386455,28.029843517098485],[-82.63291659386455,28.03883672073573],[-82.6239233902273,28.03883672073573],[-82.6239233902273,28.029843517098485],[-82.63291659386455,28.029843517098485]]]}},{"type":"Feature","properties":{"jobs":42,"pop":409,"pointCount":1,"homeWorkCommuteMedian":19084,"workHomeCommuteMedian":22325},"geometry":{"type":"Polygon","coordinates":[[[-82.63291659386455,28.03883672073573],[-82.63291659386455,28.047829924372977],[-82.6239233902273,28.047829924372977],[-82.6239233902273,28.03883672073573],[-82.63291659386455,28.03883672073573]]]}},{"type":"Feature","properties":{"jobs":695,"pop":658,"pointCount":2,"homeWorkCommuteMedian":23639,"workHomeCommuteMedian":24362},"geometry":{"type":"Polygon","coordinates":[[[-82.63291659386455,28.047829924372977],[-82.63291659386455,28.056823128010222],[-82.6239233902273,28.056823128010222],[-82.6239233902273,28.047829924372977],[-82.63291659386455,28.047829924372977]]]}},{"type":"Feature","properties":{"jobs":30,"pop":650,"pointCount":1,"homeWorkCommuteMedian":28321,"workHomeCommuteMedian":28543},"geometry":{"type":"Polygon","coordinates":[[[-82.63291659386455,28.056823128010222],[-82.63291659386455,28.06581633164747],[-82.6239233902273,28.06581633164747],[-82.6239233902273,28.056823128010222],[-82.63291659386455,28.056823128010222]]]}},{"type":"Feature","properties":{"jobs":181,"pop":820,"pointCount":1,"homeWorkCommuteMedian":23333,"workHomeCommuteMedian":26936},"geometry":{"type":"Polygon","coordinates":[[[-82.63291659386455,28.074809535284714],[-82.63291659386455,28.08380273892196],[-82.6239233902273,28.08380273892196],[-82.6239233902273,28.074809535284714],[-82.63291659386455,28.074809535284714]]]}},{"type":"Feature","properties":{"jobs":50,"pop":472,"pointCount":1,"homeWorkCommuteMedian":28254,"workHomeCommuteMedian":33313},"geometry":{"type":"Polygon","coordinates":[[[-82.63291659386455,28.092795942559206],[-82.63291659386455,28.101789146196452],[-82.6239233902273,28.101789146196452],[-82.6239233902273,28.092795942559206],[-82.63291659386455,28.092795942559206]]]}},{"type":"Feature","properties":{"jobs":73,"pop":296,"pointCount":1,"homeWorkCommuteMedian":27635,"workHomeCommuteMedian":23289},"geometry":{"type":"Polygon","coordinates":[[[-82.63291659386455,28.101789146196452],[-82.63291659386455,28.1107823498337],[-82.6239233902273,28.1107823498337],[-82.6239233902273,28.101789146196452],[-82.63291659386455,28.101789146196452]]]}},{"type":"Feature","properties":{"jobs":46,"pop":143,"pointCount":1,"homeWorkCommuteMedian":25330,"workHomeCommuteMedian":27751},"geometry":{"type":"Polygon","coordinates":[[[-82.63291659386455,28.146755164382682],[-82.63291659386455,28.15574836801993],[-82.6239233902273,28.15574836801993],[-82.6239233902273,28.146755164382682],[-82.63291659386455,28.146755164382682]]]}},{"type":"Feature","properties":{"jobs":0,"pop":249,"pointCount":1,"homeWorkCommuteMedian":34683,"workHomeCommuteMedian":-1},"geometry":{"type":"Polygon","coordinates":[[[-82.63291659386455,28.164741571657174],[-82.63291659386455,28.17373477529442],[-82.6239233902273,28.17373477529442],[-82.6239233902273,28.164741571657174],[-82.63291659386455,28.164741571657174]]]}},{"type":"Feature","properties":{"jobs":602,"pop":994,"pointCount":1,"homeWorkCommuteMedian":36516,"workHomeCommuteMedian":24534},"geometry":{"type":"Polygon","coordinates":[[[-82.63291659386455,28.182727978931666],[-82.63291659386455,28.191721182568912],[-82.6239233902273,28.191721182568912],[-82.6239233902273,28.182727978931666],[-82.63291659386455,28.182727978931666]]]}},{"type":"Feature","properties":{"jobs":1710,"pop":212,"pointCount":3,"homeWorkCommuteMedian":31515,"workHomeCommuteMedian":31977},"geometry":{"type":"Polygon","coordinates":[[[-82.63291659386455,28.191721182568912],[-82.63291659386455,28.20071438620616],[-82.6239233902273,28.20071438620616],[-82.6239233902273,28.191721182568912],[-82.63291659386455,28.191721182568912]]]}},{"type":"Feature","properties":{"jobs":57,"pop":121,"pointCount":1,"homeWorkCommuteMedian":37577,"workHomeCommuteMedian":31785},"geometry":{"type":"Polygon","coordinates":[[[-82.63291659386455,28.209707589843404],[-82.63291659386455,28.21870079348065],[-82.6239233902273,28.21870079348065],[-82.6239233902273,28.209707589843404],[-82.63291659386455,28.209707589843404]]]}},{"type":"Feature","properties":{"jobs":101,"pop":306,"pointCount":1,"homeWorkCommuteMedian":43280,"workHomeCommuteMedian":47797},"geometry":{"type":"Polygon","coordinates":[[[-82.63291659386455,28.272660015304126],[-82.63291659386455,28.281653218941372],[-82.6239233902273,28.281653218941372],[-82.6239233902273,28.272660015304126],[-82.63291659386455,28.272660015304126]]]}},{"type":"Feature","properties":{"jobs":135,"pop":281,"pointCount":1,"homeWorkCommuteMedian":22959,"workHomeCommuteMedian":10891},"geometry":{"type":"Polygon","coordinates":[[[-82.6239233902273,27.79602022253009],[-82.6239233902273,27.805013426167335],[-82.61493018659006,27.805013426167335],[-82.61493018659006,27.79602022253009],[-82.6239233902273,27.79602022253009]]]}},{"type":"Feature","properties":{"jobs":156,"pop":998,"pointCount":1,"homeWorkCommuteMedian":23605,"workHomeCommuteMedian":27193},"geometry":{"type":"Polygon","coordinates":[[[-82.6239233902273,27.81400662980458],[-82.6239233902273,27.822999833441827],[-82.61493018659006,27.822999833441827],[-82.61493018659006,27.81400662980458],[-82.6239233902273,27.81400662980458]]]}},{"type":"Feature","properties":{"jobs":164,"pop":184,"pointCount":1,"homeWorkCommuteMedian":23767,"workHomeCommuteMedian":28760},"geometry":{"type":"Polygon","coordinates":[[[-82.6239233902273,27.831993037079073],[-82.6239233902273,27.84098624071632],[-82.61493018659006,27.84098624071632],[-82.61493018659006,27.831993037079073],[-82.6239233902273,27.831993037079073]]]}},{"type":"Feature","properties":{"jobs":138,"pop":49,"pointCount":1,"homeWorkCommuteMedian":23226,"workHomeCommuteMedian":29274},"geometry":{"type":"Polygon","coordinates":[[[-82.6239233902273,27.867965851628057],[-82.6239233902273,27.876959055265303],[-82.61493018659006,27.876959055265303],[-82.61493018659006,27.867965851628057],[-82.6239233902273,27.867965851628057]]]}},{"type":"Feature","properties":{"jobs":0,"pop":6,"pointCount":1,"homeWorkCommuteMedian":45884,"workHomeCommuteMedian":-1},"geometry":{"type":"Polygon","coordinates":[[[-82.6239233902273,27.97588429527501],[-82.6239233902273,27.984877498912255],[-82.61493018659006,27.984877498912255],[-82.61493018659006,27.97588429527501],[-82.6239233902273,27.97588429527501]]]}},{"type":"Feature","properties":{"jobs":376,"pop":830,"pointCount":1,"homeWorkCommuteMedian":17242,"workHomeCommuteMedian":23717},"geometry":{"type":"Polygon","coordinates":[[[-82.6239233902273,28.02085031346124],[-82.6239233902273,28.029843517098485],[-82.61493018659006,28.029843517098485],[-82.61493018659006,28.02085031346124],[-82.6239233902273,28.02085031346124]]]}},{"type":"Feature","properties":{"jobs":84,"pop":731,"pointCount":1,"homeWorkCommuteMedian":22214,"workHomeCommuteMedian":25278},"geometry":{"type":"Polygon","coordinates":[[[-82.6239233902273,28.029843517098485],[-82.6239233902273,28.03883672073573],[-82.61493018659006,28.03883672073573],[-82.61493018659006,28.029843517098485],[-82.6239233902273,28.029843517098485]]]}},{"type":"Feature","properties":{"jobs":280,"pop":561,"pointCount":1,"homeWorkCommuteMedian":25703,"workHomeCommuteMedian":29297},"geometry":{"type":"Polygon","coordinates":[[[-82.6239233902273,28.047829924372977],[-82.6239233902273,28.056823128010222],[-82.61493018659006,28.056823128010222],[-82.61493018659006,28.047829924372977],[-82.6239233902273,28.047829924372977]]]}},{"type":"Feature","properties":{"jobs":176,"pop":992,"pointCount":1,"homeWorkCommuteMedian":24294,"workHomeCommuteMedian":20769},"geometry":{"type":"Polygon","coordinates":[[[-82.6239233902273,28.056823128010222],[-82.6239233902273,28.06581633164747],[-82.61493018659006,28.06581633164747],[-82.61493018659006,28.056823128010222],[-82.6239233902273,28.056823128010222]]]}},{"type":"Feature","properties":{"jobs":62,"pop":619,"pointCount":1,"homeWorkCommuteMedian":28477,"workHomeCommuteMedian":31936},"geometry":{"type":"Polygon","coordinates":[[[-82.6239233902273,28.06581633164747],[-82.6239233902273,28.074809535284714],[-82.61493018659006,28.074809535284714],[-82.61493018659006,28.06581633164747],[-82.6239233902273,28.06581633164747]]]}},{"type":"Feature","properties":{"jobs":153,"pop":279,"pointCount":1,"homeWorkCommuteMedian":25947,"workHomeCommuteMedian":24194},"geometry":{"type":"Polygon","coordinates":[[[-82.6239233902273,28.1107823498337],[-82.6239233902273,28.119775553470944],[-82.61493018659006,28.119775553470944],[-82.61493018659006,28.1107823498337],[-82.6239233902273,28.1107823498337]]]}},{"type":"Feature","properties":{"jobs":23,"pop":226,"pointCount":1,"homeWorkCommuteMedian":26510,"workHomeCommuteMedian":15160},"geometry":{"type":"Polygon","coordinates":[[[-82.6239233902273,28.119775553470944],[-82.6239233902273,28.12876875710819],[-82.61493018659006,28.12876875710819],[-82.61493018659006,28.119775553470944],[-82.6239233902273,28.119775553470944]]]}},{"type":"Feature","properties":{"jobs":198,"pop":406,"pointCount":1,"homeWorkCommuteMedian":28049,"workHomeCommuteMedian":25410},"geometry":{"type":"Polygon","coordinates":[[[-82.6239233902273,28.182727978931666],[-82.6239233902273,28.191721182568912],[-82.61493018659006,28.191721182568912],[-82.61493018659006,28.182727978931666],[-82.6239233902273,28.182727978931666]]]}},{"type":"Feature","properties":{"jobs":233,"pop":59,"pointCount":1,"homeWorkCommuteMedian":37642,"workHomeCommuteMedian":29347},"geometry":{"type":"Polygon","coordinates":[[[-82.6239233902273,28.191721182568912],[-82.6239233902273,28.20071438620616],[-82.61493018659006,28.20071438620616],[-82.61493018659006,28.191721182568912],[-82.6239233902273,28.191721182568912]]]}},{"type":"Feature","properties":{"jobs":0,"pop":58,"pointCount":1,"homeWorkCommuteMedian":27944,"workHomeCommuteMedian":-1},"geometry":{"type":"Polygon","coordinates":[[[-82.6239233902273,28.227693997117896],[-82.6239233902273,28.236687200755142],[-82.61493018659006,28.236687200755142],[-82.61493018659006,28.227693997117896],[-82.6239233902273,28.227693997117896]]]}},{"type":"Feature","properties":{"jobs":196,"pop":134,"pointCount":1,"homeWorkCommuteMedian":28621,"workHomeCommuteMedian":24674},"geometry":{"type":"Polygon","coordinates":[[[-82.61493018659006,27.79602022253009],[-82.61493018659006,27.805013426167335],[-82.60593698295281,27.805013426167335],[-82.60593698295281,27.79602022253009],[-82.61493018659006,27.79602022253009]]]}},{"type":"Feature","properties":{"jobs":155,"pop":1123,"pointCount":1,"homeWorkCommuteMedian":16031,"workHomeCommuteMedian":22172},"geometry":{"type":"Polygon","coordinates":[[[-82.61493018659006,27.805013426167335],[-82.61493018659006,27.81400662980458],[-82.60593698295281,27.81400662980458],[-82.60593698295281,27.805013426167335],[-82.61493018659006,27.805013426167335]]]}},{"type":"Feature","properties":{"jobs":118,"pop":769,"pointCount":1,"homeWorkCommuteMedian":27060,"workHomeCommuteMedian":18811},"geometry":{"type":"Polygon","coordinates":[[[-82.61493018659006,27.81400662980458],[-82.61493018659006,27.822999833441827],[-82.60593698295281,27.822999833441827],[-82.60593698295281,27.81400662980458],[-82.61493018659006,27.81400662980458]]]}},{"type":"Feature","properties":{"jobs":0,"pop":19,"pointCount":1,"homeWorkCommuteMedian":19898,"workHomeCommuteMedian":-1},"geometry":{"type":"Polygon","coordinates":[[[-82.61493018659006,27.84098624071632],[-82.61493018659006,27.849979444353565],[-82.60593698295281,27.849979444353565],[-82.60593698295281,27.84098624071632],[-82.61493018659006,27.84098624071632]]]}},{"type":"Feature","properties":{"jobs":273,"pop":49,"pointCount":1,"homeWorkCommuteMedian":29274,"workHomeCommuteMedian":25614},"geometry":{"type":"Polygon","coordinates":[[[-82.61493018659006,27.867965851628057],[-82.61493018659006,27.876959055265303],[-82.60593698295281,27.876959055265303],[-82.60593698295281,27.867965851628057],[-82.61493018659006,27.867965851628057]]]}},{"type":"Feature","properties":{"jobs":0,"pop":8,"pointCount":1,"homeWorkCommuteMedian":17720,"workHomeCommuteMedian":-1},"geometry":{"type":"Polygon","coordinates":[[[-82.61493018659006,27.894945462539795],[-82.61493018659006,27.90393866617704],[-82.60593698295281,27.90393866617704],[-82.60593698295281,27.894945462539795],[-82.61493018659006,27.894945462539795]]]}},{"type":"Feature","properties":{"jobs":140,"pop":41,"pointCount":1,"homeWorkCommuteMedian":16863,"workHomeCommuteMedian":23665},"geometry":{"type":"Polygon","coordinates":[[[-82.61493018659006,27.9938707025495],[-82.61493018659006,28.002863906186747],[-82.60593698295281,28.002863906186747],[-82.60593698295281,27.9938707025495],[-82.61493018659006,27.9938707025495]]]}},{"type":"Feature","properties":{"jobs":204,"pop":286,"pointCount":1,"homeWorkCommuteMedian":18106,"workHomeCommuteMedian":17376},"geometry":{"type":"Polygon","coordinates":[[[-82.61493018659006,28.002863906186747],[-82.61493018659006,28.011857109823993],[-82.60593698295281,28.011857109823993],[-82.60593698295281,28.002863906186747],[-82.61493018659006,28.002863906186747]]]}},{"type":"Feature","properties":{"jobs":352,"pop":305,"pointCount":1,"homeWorkCommuteMedian":22376,"workHomeCommuteMedian":23781},"geometry":{"type":"Polygon","coordinates":[[[-82.61493018659006,28.011857109823993],[-82.61493018659006,28.02085031346124],[-82.60593698295281,28.02085031346124],[-82.60593698295281,28.011857109823993],[-82.61493018659006,28.011857109823993]]]}},{"type":"Feature","properties":{"jobs":17,"pop":494,"pointCount":1,"homeWorkCommuteMedian":22489,"workHomeCommuteMedian":20809},"geometry":{"type":"Polygon","coordinates":[[[-82.61493018659006,28.02085031346124],[-82.61493018659006,28.029843517098485],[-82.60593698295281,28.029843517098485],[-82.60593698295281,28.02085031346124],[-82.61493018659006,28.02085031346124]]]}},{"type":"Feature","properties":{"jobs":203,"pop":636,"pointCount":1,"homeWorkCommuteMedian":25526,"workHomeCommuteMedian":21468},"geometry":{"type":"Polygon","coordinates":[[[-82.61493018659006,28.03883672073573],[-82.61493018659006,28.047829924372977],[-82.60593698295281,28.047829924372977],[-82.60593698295281,28.03883672073573],[-82.61493018659006,28.03883672073573]]]}},{"type":"Feature","properties":{"jobs":131,"pop":216,"pointCount":1,"homeWorkCommuteMedian":25774,"workHomeCommuteMedian":31779},"geometry":{"type":"Polygon","coordinates":[[[-82.61493018659006,28.074809535284714],[-82.61493018659006,28.08380273892196],[-82.60593698295281,28.08380273892196],[-82.60593698295281,28.074809535284714],[-82.61493018659006,28.074809535284714]]]}},{"type":"Feature","properties":{"jobs":166,"pop":349,"pointCount":1,"homeWorkCommuteMedian":27066,"workHomeCommuteMedian":26578},"geometry":{"type":"Polygon","coordinates":[[[-82.61493018659006,28.119775553470944],[-82.61493018659006,28.12876875710819],[-82.60593698295281,28.12876875710819],[-82.60593698295281,28.119775553470944],[-82.61493018659006,28.119775553470944]]]}},{"type":"Feature","properties":{"jobs":262,"pop":852,"pointCount":2,"homeWorkCommuteMedian":36955,"workHomeCommuteMedian":24281},"geometry":{"type":"Polygon","coordinates":[[[-82.61493018659006,28.182727978931666],[-82.61493018659006,28.191721182568912],[-82.60593698295281,28.191721182568912],[-82.60593698295281,28.182727978931666],[-82.61493018659006,28.182727978931666]]]}},{"type":"Feature","properties":{"jobs":169,"pop":106,"pointCount":1,"homeWorkCommuteMedian":32696,"workHomeCommuteMedian":30465},"geometry":{"type":"Polygon","coordinates":[[[-82.61493018659006,28.20071438620616],[-82.61493018659006,28.209707589843404],[-82.60593698295281,28.209707589843404],[-82.60593698295281,28.20071438620616],[-82.61493018659006,28.20071438620616]]]}},{"type":"Feature","properties":{"jobs":112,"pop":64,"pointCount":1,"homeWorkCommuteMedian":38344,"workHomeCommuteMedian":29041},"geometry":{"type":"Polygon","coordinates":[[[-82.61493018659006,28.209707589843404],[-82.61493018659006,28.21870079348065],[-82.60593698295281,28.21870079348065],[-82.60593698295281,28.209707589843404],[-82.61493018659006,28.209707589843404]]]}},{"type":"Feature","properties":{"jobs":321,"pop":153,"pointCount":1,"homeWorkCommuteMedian":31606,"workHomeCommuteMedian":20985},"geometry":{"type":"Polygon","coordinates":[[[-82.60593698295281,27.805013426167335],[-82.60593698295281,27.81400662980458],[-82.59694377931557,27.81400662980458],[-82.59694377931557,27.805013426167335],[-82.60593698295281,27.805013426167335]]]}},{"type":"Feature","properties":{"jobs":308,"pop":153,"pointCount":1,"homeWorkCommuteMedian":16303,"workHomeCommuteMedian":32870},"geometry":{"type":"Polygon","coordinates":[[[-82.60593698295281,27.81400662980458],[-82.60593698295281,27.822999833441827],[-82.59694377931557,27.822999833441827],[-82.59694377931557,27.81400662980458],[-82.60593698295281,27.81400662980458]]]}},{"type":"Feature","properties":{"jobs":28,"pop":1607,"pointCount":2,"homeWorkCommuteMedian":22246,"workHomeCommuteMedian":11747},"geometry":{"type":"Polygon","coordinates":[[[-82.60593698295281,28.011857109823993],[-82.60593698295281,28.02085031346124],[-82.59694377931557,28.02085031346124],[-82.59694377931557,28.011857109823993],[-82.60593698295281,28.011857109823993]]]}},{"type":"Feature","properties":{"jobs":0,"pop":1838,"pointCount":1,"homeWorkCommuteMedian":23386,"workHomeCommuteMedian":-1},"geometry":{"type":"Polygon","coordinates":[[[-82.60593698295281,28.02085031346124],[-82.60593698295281,28.029843517098485],[-82.59694377931557,28.029843517098485],[-82.59694377931557,28.02085031346124],[-82.60593698295281,28.02085031346124]]]}},{"type":"Feature","properties":{"jobs":142,"pop":793,"pointCount":1,"homeWorkCommuteMedian":21488,"workHomeCommuteMedian":21833},"geometry":{"type":"Polygon","coordinates":[[[-82.60593698295281,28.029843517098485],[-82.60593698295281,28.03883672073573],[-82.59694377931557,28.03883672073573],[-82.59694377931557,28.029843517098485],[-82.60593698295281,28.029843517098485]]]}},{"type":"Feature","properties":{"jobs":352,"pop":1199,"pointCount":1,"homeWorkCommuteMedian":26416,"workHomeCommuteMedian":24712},"geometry":{"type":"Polygon","coordinates":[[[-82.60593698295281,28.03883672073573],[-82.60593698295281,28.047829924372977],[-82.59694377931557,28.047829924372977],[-82.59694377931557,28.03883672073573],[-82.60593698295281,28.03883672073573]]]}},{"type":"Feature","properties":{"jobs":324,"pop":934,"pointCount":1,"homeWorkCommuteMedian":24707,"workHomeCommuteMedian":24394},"geometry":{"type":"Polygon","coordinates":[[[-82.60593698295281,28.047829924372977],[-82.60593698295281,28.056823128010222],[-82.59694377931557,28.056823128010222],[-82.59694377931557,28.047829924372977],[-82.60593698295281,28.047829924372977]]]}},{"type":"Feature","properties":{"jobs":33,"pop":285,"pointCount":1,"homeWorkCommuteMedian":33714,"workHomeCommuteMedian":20996},"geometry":{"type":"Polygon","coordinates":[[[-82.60593698295281,28.08380273892196],[-82.60593698295281,28.092795942559206],[-82.59694377931557,28.092795942559206],[-82.59694377931557,28.08380273892196],[-82.60593698295281,28.08380273892196]]]}},{"type":"Feature","properties":{"jobs":8,"pop":156,"pointCount":1,"homeWorkCommuteMedian":27636,"workHomeCommuteMedian":7378},"geometry":{"type":"Polygon","coordinates":[[[-82.60593698295281,28.101789146196452],[-82.60593698295281,28.1107823498337],[-82.59694377931557,28.1107823498337],[-82.59694377931557,28.101789146196452],[-82.60593698295281,28.101789146196452]]]}},{"type":"Feature","properties":{"jobs":35,"pop":225,"pointCount":1,"homeWorkCommuteMedian":31111,"workHomeCommuteMedian":34153},"geometry":{"type":"Polygon","coordinates":[[[-82.60593698295281,28.146755164382682],[-82.60593698295281,28.15574836801993],[-82.59694377931557,28.15574836801993],[-82.59694377931557,28.146755164382682],[-82.60593698295281,28.146755164382682]]]}},{"type":"Feature","properties":{"jobs":336,"pop":350,"pointCount":1,"homeWorkCommuteMedian":26168,"workHomeCommuteMedian":31785},"geometry":{"type":"Polygon","coordinates":[[[-82.60593698295281,28.17373477529442],[-82.60593698295281,28.182727978931666],[-82.59694377931557,28.182727978931666],[-82.59694377931557,28.17373477529442],[-82.60593698295281,28.17373477529442]]]}},{"type":"Feature","properties":{"jobs":56,"pop":592,"pointCount":1,"homeWorkCommuteMedian":30039,"workHomeCommuteMedian":28329},"geometry":{"type":"Polygon","coordinates":[[[-82.60593698295281,28.182727978931666],[-82.60593698295281,28.191721182568912],[-82.59694377931557,28.191721182568912],[-82.59694377931557,28.182727978931666],[-82.60593698295281,28.182727978931666]]]}},{"type":"Feature","properties":{"jobs":2,"pop":25,"pointCount":1,"homeWorkCommuteMedian":34387,"workHomeCommuteMedian":86331},"geometry":{"type":"Polygon","coordinates":[[[-82.60593698295281,28.26366681166688],[-82.60593698295281,28.272660015304126],[-82.59694377931557,28.272660015304126],[-82.59694377931557,28.26366681166688],[-82.60593698295281,28.26366681166688]]]}},{"type":"Feature","properties":{"jobs":337,"pop":41,"pointCount":1,"homeWorkCommuteMedian":49777,"workHomeCommuteMedian":44110},"geometry":{"type":"Polygon","coordinates":[[[-82.60593698295281,28.272660015304126],[-82.60593698295281,28.281653218941372],[-82.59694377931557,28.281653218941372],[-82.59694377931557,28.272660015304126],[-82.60593698295281,28.272660015304126]]]}},{"type":"Feature","properties":{"jobs":0,"pop":8,"pointCount":1,"homeWorkCommuteMedian":41872,"workHomeCommuteMedian":-1},"geometry":{"type":"Polygon","coordinates":[[[-82.59694377931557,27.831993037079073],[-82.59694377931557,27.84098624071632],[-82.58795057567832,27.84098624071632],[-82.58795057567832,27.831993037079073],[-82.59694377931557,27.831993037079073]]]}},{"type":"Feature","properties":{"jobs":0,"pop":16,"pointCount":1,"homeWorkCommuteMedian":33292,"workHomeCommuteMedian":-1},"geometry":{"type":"Polygon","coordinates":[[[-82.59694377931557,27.876959055265303],[-82.59694377931557,27.88595225890255],[-82.58795057567832,27.88595225890255],[-82.58795057567832,27.876959055265303],[-82.59694377931557,27.876959055265303]]]}},{"type":"Feature","properties":{"jobs":316,"pop":33,"pointCount":1,"homeWorkCommuteMedian":27486,"workHomeCommuteMedian":29516},"geometry":{"type":"Polygon","coordinates":[[[-82.59694377931557,27.984877498912255],[-82.59694377931557,27.9938707025495],[-82.58795057567832,27.9938707025495],[-82.58795057567832,27.984877498912255],[-82.59694377931557,27.984877498912255]]]}},{"type":"Feature","properties":{"jobs":308,"pop":1877,"pointCount":2,"homeWorkCommuteMedian":23201,"workHomeCommuteMedian":25778},"geometry":{"type":"Polygon","coordinates":[[[-82.59694377931557,28.002863906186747],[-82.59694377931557,28.011857109823993],[-82.58795057567832,28.011857109823993],[-82.58795057567832,28.002863906186747],[-82.59694377931557,28.002863906186747]]]}},{"type":"Feature","properties":{"jobs":299,"pop":3145,"pointCount":2,"homeWorkCommuteMedian":23205,"workHomeCommuteMedian":24057},"geometry":{"type":"Polygon","coordinates":[[[-82.59694377931557,28.02085031346124],[-82.59694377931557,28.029843517098485],[-82.58795057567832,28.029843517098485],[-82.58795057567832,28.02085031346124],[-82.59694377931557,28.02085031346124]]]}},{"type":"Feature","properties":{"jobs":174,"pop":1252,"pointCount":1,"homeWorkCommuteMedian":28613,"workHomeCommuteMedian":36851},"geometry":{"type":"Polygon","coordinates":[[[-82.59694377931557,28.029843517098485],[-82.59694377931557,28.03883672073573],[-82.58795057567832,28.03883672073573],[-82.58795057567832,28.029843517098485],[-82.59694377931557,28.029843517098485]]]}},{"type":"Feature","properties":{"jobs":241,"pop":2361,"pointCount":2,"homeWorkCommuteMedian":23209,"workHomeCommuteMedian":23121},"geometry":{"type":"Polygon","coordinates":[[[-82.59694377931557,28.03883672073573],[-82.59694377931557,28.047829924372977],[-82.58795057567832,28.047829924372977],[-82.58795057567832,28.03883672073573],[-82.59694377931557,28.03883672073573]]]}},{"type":"Feature","properties":{"jobs":62,"pop":1770,"pointCount":1,"homeWorkCommuteMedian":21277,"workHomeCommuteMedian":21619},"geometry":{"type":"Polygon","coordinates":[[[-82.59694377931557,28.047829924372977],[-82.59694377931557,28.056823128010222],[-82.58795057567832,28.056823128010222],[-82.58795057567832,28.047829924372977],[-82.59694377931557,28.047829924372977]]]}},{"type":"Feature","properties":{"jobs":350,"pop":569,"pointCount":1,"homeWorkCommuteMedian":24668,"workHomeCommuteMedian":25521},"geometry":{"type":"Polygon","coordinates":[[[-82.59694377931557,28.06581633164747],[-82.59694377931557,28.074809535284714],[-82.58795057567832,28.074809535284714],[-82.58795057567832,28.06581633164747],[-82.59694377931557,28.06581633164747]]]}},{"type":"Feature","properties":{"jobs":126,"pop":236,"pointCount":1,"homeWorkCommuteMedian":28180,"workHomeCommuteMedian":24491},"geometry":{"type":"Polygon","coordinates":[[[-82.59694377931557,28.12876875710819],[-82.59694377931557,28.137761960745436],[-82.58795057567832,28.137761960745436],[-82.58795057567832,28.12876875710819],[-82.59694377931557,28.12876875710819]]]}},{"type":"Feature","properties":{"jobs":265,"pop":113,"pointCount":1,"homeWorkCommuteMedian":30216,"workHomeCommuteMedian":26487},"geometry":{"type":"Polygon","coordinates":[[[-82.59694377931557,28.164741571657174],[-82.59694377931557,28.17373477529442],[-82.58795057567832,28.17373477529442],[-82.58795057567832,28.164741571657174],[-82.59694377931557,28.164741571657174]]]}},{"type":"Feature","properties":{"jobs":480,"pop":198,"pointCount":1,"homeWorkCommuteMedian":29577,"workHomeCommuteMedian":25630},"geometry":{"type":"Polygon","coordinates":[[[-82.59694377931557,28.17373477529442],[-82.59694377931557,28.182727978931666],[-82.58795057567832,28.182727978931666],[-82.58795057567832,28.17373477529442],[-82.59694377931557,28.17373477529442]]]}},{"type":"Feature","properties":{"jobs":323,"pop":210,"pointCount":1,"homeWorkCommuteMedian":28797,"workHomeCommuteMedian":26728},"geometry":{"type":"Polygon","coordinates":[[[-82.59694377931557,28.191721182568912],[-82.59694377931557,28.20071438620616],[-82.58795057567832,28.20071438620616],[-82.58795057567832,28.191721182568912],[-82.59694377931557,28.191721182568912]]]}},{"type":"Feature","properties":{"jobs":0,"pop":10,"pointCount":1,"homeWorkCommuteMedian":25149,"workHomeCommuteMedian":-1},"geometry":{"type":"Polygon","coordinates":[[[-82.59694377931557,28.21870079348065],[-82.59694377931557,28.227693997117896],[-82.58795057567832,28.227693997117896],[-82.58795057567832,28.21870079348065],[-82.59694377931557,28.21870079348065]]]}},{"type":"Feature","properties":{"jobs":1100,"pop":0,"pointCount":1,"homeWorkCommuteMedian":-1,"workHomeCommuteMedian":20279},"geometry":{"type":"Polygon","coordinates":[[[-82.58795057567832,27.966891091637763],[-82.58795057567832,27.97588429527501],[-82.57895737204107,27.97588429527501],[-82.57895737204107,27.966891091637763],[-82.58795057567832,27.966891091637763]]]}},{"type":"Feature","properties":{"jobs":452,"pop":527,"pointCount":2,"homeWorkCommuteMedian":21101,"workHomeCommuteMedian":29151},"geometry":{"type":"Polygon","coordinates":[[[-82.58795057567832,27.9938707025495],[-82.58795057567832,28.002863906186747],[-82.57895737204107,28.002863906186747],[-82.57895737204107,27.9938707025495],[-82.58795057567832,27.9938707025495]]]}},{"type":"Feature","properties":{"jobs":332,"pop":2527,"pointCount":1,"homeWorkCommuteMedian":26445,"workHomeCommuteMedian":20256},"geometry":{"type":"Polygon","coordinates":[[[-82.58795057567832,28.002863906186747],[-82.58795057567832,28.011857109823993],[-82.57895737204107,28.011857109823993],[-82.57895737204107,28.002863906186747],[-82.58795057567832,28.002863906186747]]]}},{"type":"Feature","properties":{"jobs":220,"pop":4640,"pointCount":2,"homeWorkCommuteMedian":21216,"workHomeCommuteMedian":27857},"geometry":{"type":"Polygon","coordinates":[[[-82.58795057567832,28.011857109823993],[-82.58795057567832,28.02085031346124],[-82.57895737204107,28.02085031346124],[-82.57895737204107,28.011857109823993],[-82.58795057567832,28.011857109823993]]]}},{"type":"Feature","properties":{"jobs":262,"pop":1011,"pointCount":1,"homeWorkCommuteMedian":19962,"workHomeCommuteMedian":29008},"geometry":{"type":"Polygon","coordinates":[[[-82.58795057567832,28.02085031346124],[-82.58795057567832,28.029843517098485],[-82.57895737204107,28.029843517098485],[-82.57895737204107,28.02085031346124],[-82.58795057567832,28.02085031346124]]]}},{"type":"Feature","properties":{"jobs":102,"pop":2791,"pointCount":2,"homeWorkCommuteMedian":22271,"workHomeCommuteMedian":37732},"geometry":{"type":"Polygon","coordinates":[[[-82.58795057567832,28.029843517098485],[-82.58795057567832,28.03883672073573],[-82.57895737204107,28.03883672073573],[-82.57895737204107,28.029843517098485],[-82.58795057567832,28.029843517098485]]]}},{"type":"Feature","properties":{"jobs":100,"pop":215,"pointCount":1,"homeWorkCommuteMedian":39894,"workHomeCommuteMedian":31070},"geometry":{"type":"Polygon","coordinates":[[[-82.58795057567832,28.03883672073573],[-82.58795057567832,28.047829924372977],[-82.57895737204107,28.047829924372977],[-82.57895737204107,28.03883672073573],[-82.58795057567832,28.03883672073573]]]}},{"type":"Feature","properties":{"jobs":403,"pop":599,"pointCount":1,"homeWorkCommuteMedian":24270,"workHomeCommuteMedian":25117},"geometry":{"type":"Polygon","coordinates":[[[-82.58795057567832,28.047829924372977],[-82.58795057567832,28.056823128010222],[-82.57895737204107,28.056823128010222],[-82.57895737204107,28.047829924372977],[-82.58795057567832,28.047829924372977]]]}},{"type":"Feature","properties":{"jobs":19,"pop":911,"pointCount":1,"homeWorkCommuteMedian":25573,"workHomeCommuteMedian":50564},"geometry":{"type":"Polygon","coordinates":[[[-82.58795057567832,28.06581633164747],[-82.58795057567832,28.074809535284714],[-82.57895737204107,28.074809535284714],[-82.57895737204107,28.06581633164747],[-82.58795057567832,28.06581633164747]]]}},{"type":"Feature","properties":{"jobs":169,"pop":136,"pointCount":1,"homeWorkCommuteMedian":21114,"workHomeCommuteMedian":25697},"geometry":{"type":"Polygon","coordinates":[[[-82.58795057567832,28.08380273892196],[-82.58795057567832,28.092795942559206],[-82.57895737204107,28.092795942559206],[-82.57895737204107,28.08380273892196],[-82.58795057567832,28.08380273892196]]]}},{"type":"Feature","properties":{"jobs":8,"pop":187,"pointCount":1,"homeWorkCommuteMedian":27620,"workHomeCommuteMedian":19954},"geometry":{"type":"Polygon","coordinates":[[[-82.58795057567832,28.101789146196452],[-82.58795057567832,28.1107823498337],[-82.57895737204107,28.1107823498337],[-82.57895737204107,28.101789146196452],[-82.58795057567832,28.101789146196452]]]}},{"type":"Feature","properties":{"jobs":140,"pop":111,"pointCount":1,"homeWorkCommuteMedian":27911,"workHomeCommuteMedian":25701},"geometry":{"type":"Polygon","coordinates":[[[-82.58795057567832,28.119775553470944],[-82.58795057567832,28.12876875710819],[-82.57895737204107,28.12876875710819],[-82.57895737204107,28.119775553470944],[-82.58795057567832,28.119775553470944]]]}},{"type":"Feature","properties":{"jobs":68,"pop":83,"pointCount":1,"homeWorkCommuteMedian":32442,"workHomeCommuteMedian":26239},"geometry":{"type":"Polygon","coordinates":[[[-82.58795057567832,28.146755164382682],[-82.58795057567832,28.15574836801993],[-82.57895737204107,28.15574836801993],[-82.57895737204107,28.146755164382682],[-82.58795057567832,28.146755164382682]]]}},{"type":"Feature","properties":{"jobs":39,"pop":120,"pointCount":1,"homeWorkCommuteMedian":30376,"workHomeCommuteMedian":25258},"geometry":{"type":"Polygon","coordinates":[[[-82.58795057567832,28.15574836801993],[-82.58795057567832,28.164741571657174],[-82.57895737204107,28.164741571657174],[-82.57895737204107,28.15574836801993],[-82.58795057567832,28.15574836801993]]]}},{"type":"Feature","properties":{"jobs":408,"pop":465,"pointCount":1,"homeWorkCommuteMedian":27900,"workHomeCommuteMedian":26361},"geometry":{"type":"Polygon","coordinates":[[[-82.58795057567832,28.17373477529442],[-82.58795057567832,28.182727978931666],[-82.57895737204107,28.182727978931666],[-82.57895737204107,28.17373477529442],[-82.58795057567832,28.17373477529442]]]}},{"type":"Feature","properties":{"jobs":0,"pop":10,"pointCount":1,"homeWorkCommuteMedian":65872,"workHomeCommuteMedian":-1},"geometry":{"type":"Polygon","coordinates":[[[-82.57895737204107,27.63414255705966],[-82.57895737204107,27.643135760696907],[-82.56996416840383,27.643135760696907],[-82.56996416840383,27.63414255705966],[-82.57895737204107,27.63414255705966]]]}},{"type":"Feature","properties":{"jobs":0,"pop":19,"pointCount":1,"homeWorkCommuteMedian":34379,"workHomeCommuteMedian":-1},"geometry":{"type":"Polygon","coordinates":[[[-82.57895737204107,27.849979444353565],[-82.57895737204107,27.85897264799081],[-82.56996416840383,27.85897264799081],[-82.56996416840383,27.849979444353565],[-82.57895737204107,27.849979444353565]]]}},{"type":"Feature","properties":{"jobs":408,"pop":2459,"pointCount":2,"homeWorkCommuteMedian":24114,"workHomeCommuteMedian":29501},"geometry":{"type":"Polygon","coordinates":[[[-82.57895737204107,27.984877498912255],[-82.57895737204107,27.9938707025495],[-82.56996416840383,27.9938707025495],[-82.56996416840383,27.984877498912255],[-82.57895737204107,27.984877498912255]]]}},{"type":"Feature","properties":{"jobs":1176,"pop":1550,"pointCount":2,"homeWorkCommuteMedian":20186,"workHomeCommuteMedian":25806},"geometry":{"type":"Polygon","coordinates":[[[-82.57895737204107,27.9938707025495],[-82.57895737204107,28.002863906186747],[-82.56996416840383,28.002863906186747],[-82.56996416840383,27.9938707025495],[-82.57895737204107,27.9938707025495]]]}},{"type":"Feature","properties":{"jobs":270,"pop":1752,"pointCount":1,"homeWorkCommuteMedian":20991,"workHomeCommuteMedian":26845},"geometry":{"type":"Polygon","coordinates":[[[-82.57895737204107,28.002863906186747],[-82.57895737204107,28.011857109823993],[-82.56996416840383,28.011857109823993],[-82.56996416840383,28.002863906186747],[-82.57895737204107,28.002863906186747]]]}},{"type":"Feature","properties":{"jobs":24,"pop":1796,"pointCount":1,"homeWorkCommuteMedian":21562,"workHomeCommuteMedian":20702},"geometry":{"type":"Polygon","coordinates":[[[-82.57895737204107,28.011857109823993],[-82.57895737204107,28.02085031346124],[-82.56996416840383,28.02085031346124],[-82.56996416840383,28.011857109823993],[-82.57895737204107,28.011857109823993]]]}},{"type":"Feature","properties":{"jobs":231,"pop":1410,"pointCount":2,"homeWorkCommuteMedian":21408,"workHomeCommuteMedian":23940},"geometry":{"type":"Polygon","coordinates":[[[-82.57895737204107,28.02085031346124],[-82.57895737204107,28.029843517098485],[-82.56996416840383,28.029843517098485],[-82.56996416840383,28.02085031346124],[-82.57895737204107,28.02085031346124]]]}},{"type":"Feature","properties":{"jobs":346,"pop":652,"pointCount":1,"homeWorkCommuteMedian":25022,"workHomeCommuteMedian":23270},"geometry":{"type":"Polygon","coordinates":[[[-82.57895737204107,28.03883672073573],[-82.57895737204107,28.047829924372977],[-82.56996416840383,28.047829924372977],[-82.56996416840383,28.03883672073573],[-82.57895737204107,28.03883672073573]]]}},{"type":"Feature","properties":{"jobs":119,"pop":471,"pointCount":1,"homeWorkCommuteMedian":33024,"workHomeCommuteMedian":22353},"geometry":{"type":"Polygon","coordinates":[[[-82.57895737204107,28.047829924372977],[-82.57895737204107,28.056823128010222],[-82.56996416840383,28.056823128010222],[-82.56996416840383,28.047829924372977],[-82.57895737204107,28.047829924372977]]]}},{"type":"Feature","properties":{"jobs":1162,"pop":1260,"pointCount":2,"homeWorkCommuteMedian":24279,"workHomeCommuteMedian":27816},"geometry":{"type":"Polygon","coordinates":[[[-82.57895737204107,28.056823128010222],[-82.57895737204107,28.06581633164747],[-82.56996416840383,28.06581633164747],[-82.56996416840383,28.056823128010222],[-82.57895737204107,28.056823128010222]]]}},{"type":"Feature","properties":{"jobs":1237,"pop":362,"pointCount":1,"homeWorkCommuteMedian":23992,"workHomeCommuteMedian":28356},"geometry":{"type":"Polygon","coordinates":[[[-82.57895737204107,28.06581633164747],[-82.57895737204107,28.074809535284714],[-82.56996416840383,28.074809535284714],[-82.56996416840383,28.06581633164747],[-82.57895737204107,28.06581633164747]]]}},{"type":"Feature","properties":{"jobs":701,"pop":976,"pointCount":2,"homeWorkCommuteMedian":23052,"workHomeCommuteMedian":26732},"geometry":{"type":"Polygon","coordinates":[[[-82.57895737204107,28.074809535284714],[-82.57895737204107,28.08380273892196],[-82.56996416840383,28.08380273892196],[-82.56996416840383,28.074809535284714],[-82.57895737204107,28.074809535284714]]]}},{"type":"Feature","properties":{"jobs":245,"pop":448,"pointCount":1,"homeWorkCommuteMedian":26338,"workHomeCommuteMedian":24561},"geometry":{"type":"Polygon","coordinates":[[[-82.57895737204107,28.08380273892196],[-82.57895737204107,28.092795942559206],[-82.56996416840383,28.092795942559206],[-82.56996416840383,28.08380273892196],[-82.57895737204107,28.08380273892196]]]}},{"type":"Feature","properties":{"jobs":82,"pop":248,"pointCount":1,"homeWorkCommuteMedian":23596,"workHomeCommuteMedian":22191},"geometry":{"type":"Polygon","coordinates":[[[-82.57895737204107,28.1107823498337],[-82.57895737204107,28.119775553470944],[-82.56996416840383,28.119775553470944],[-82.56996416840383,28.1107823498337],[-82.57895737204107,28.1107823498337]]]}},{"type":"Feature","properties":{"jobs":72,"pop":404,"pointCount":1,"homeWorkCommuteMedian":40261,"workHomeCommuteMedian":23368},"geometry":{"type":"Polygon","coordinates":[[[-82.57895737204107,28.164741571657174],[-82.57895737204107,28.17373477529442],[-82.56996416840383,28.17373477529442],[-82.56996416840383,28.164741571657174],[-82.57895737204107,28.164741571657174]]]}},{"type":"Feature","properties":{"jobs":18,"pop":103,"pointCount":1,"homeWorkCommuteMedian":43689,"workHomeCommuteMedian":56643},"geometry":{"type":"Polygon","coordinates":[[[-82.57895737204107,28.191721182568912],[-82.57895737204107,28.20071438620616],[-82.56996416840383,28.20071438620616],[-82.56996416840383,28.191721182568912],[-82.57895737204107,28.191721182568912]]]}},{"type":"Feature","properties":{"jobs":0,"pop":10,"pointCount":1,"homeWorkCommuteMedian":27993,"workHomeCommuteMedian":-1},"geometry":{"type":"Polygon","coordinates":[[[-82.57895737204107,28.26366681166688],[-82.57895737204107,28.272660015304126],[-82.56996416840383,28.272660015304126],[-82.56996416840383,28.26366681166688],[-82.57895737204107,28.26366681166688]]]}},{"type":"Feature","properties":{"jobs":3166,"pop":132,"pointCount":1,"homeWorkCommuteMedian":30613,"workHomeCommuteMedian":31866},"geometry":{"type":"Polygon","coordinates":[[[-82.56996416840383,27.957897888000517],[-82.56996416840383,27.966891091637763],[-82.56097096476658,27.966891091637763],[-82.56097096476658,27.957897888000517],[-82.56996416840383,27.957897888000517]]]}},{"type":"Feature","properties":{"jobs":3683,"pop":782,"pointCount":2,"homeWorkCommuteMedian":22938,"workHomeCommuteMedian":32229},"geometry":{"type":"Polygon","coordinates":[[[-82.56996416840383,27.966891091637763],[-82.56996416840383,27.97588429527501],[-82.56097096476658,27.97588429527501],[-82.56097096476658,27.966891091637763],[-82.56996416840383,27.966891091637763]]]}},{"type":"Feature","properties":{"jobs":177,"pop":4396,"pointCount":3,"homeWorkCommuteMedian":16042,"workHomeCommuteMedian":26497},"geometry":{"type":"Polygon","coordinates":[[[-82.56996416840383,27.97588429527501],[-82.56996416840383,27.984877498912255],[-82.56097096476658,27.984877498912255],[-82.56097096476658,27.97588429527501],[-82.56996416840383,27.97588429527501]]]}},{"type":"Feature","properties":{"jobs":720,"pop":2610,"pointCount":4,"homeWorkCommuteMedian":16491,"workHomeCommuteMedian":19052},"geometry":{"type":"Polygon","coordinates":[[[-82.56996416840383,27.984877498912255],[-82.56996416840383,27.9938707025495],[-82.56097096476658,27.9938707025495],[-82.56097096476658,27.984877498912255],[-82.56996416840383,27.984877498912255]]]}},{"type":"Feature","properties":{"jobs":463,"pop":1244,"pointCount":1,"homeWorkCommuteMedian":16952,"workHomeCommuteMedian":28161},"geometry":{"type":"Polygon","coordinates":[[[-82.56996416840383,27.9938707025495],[-82.56996416840383,28.002863906186747],[-82.56097096476658,28.002863906186747],[-82.56097096476658,27.9938707025495],[-82.56996416840383,27.9938707025495]]]}},{"type":"Feature","properties":{"jobs":189,"pop":2030,"pointCount":2,"homeWorkCommuteMedian":17262,"workHomeCommuteMedian":25230},"geometry":{"type":"Polygon","coordinates":[[[-82.56996416840383,28.002863906186747],[-82.56996416840383,28.011857109823993],[-82.56097096476658,28.011857109823993],[-82.56097096476658,28.002863906186747],[-82.56996416840383,28.002863906186747]]]}},{"type":"Feature","properties":{"jobs":6,"pop":1885,"pointCount":2,"homeWorkCommuteMedian":19138,"workHomeCommuteMedian":2020},"geometry":{"type":"Polygon","coordinates":[[[-82.56996416840383,28.011857109823993],[-82.56996416840383,28.02085031346124],[-82.56097096476658,28.02085031346124],[-82.56097096476658,28.011857109823993],[-82.56996416840383,28.011857109823993]]]}},{"type":"Feature","properties":{"jobs":214,"pop":209,"pointCount":1,"homeWorkCommuteMedian":27146,"workHomeCommuteMedian":17723},"geometry":{"type":"Polygon","coordinates":[[[-82.56996416840383,28.02085031346124],[-82.56996416840383,28.029843517098485],[-82.56097096476658,28.029843517098485],[-82.56097096476658,28.02085031346124],[-82.56996416840383,28.02085031346124]]]}},{"type":"Feature","properties":{"jobs":292,"pop":758,"pointCount":1,"homeWorkCommuteMedian":22219,"workHomeCommuteMedian":22035},"geometry":{"type":"Polygon","coordinates":[[[-82.56996416840383,28.029843517098485],[-82.56996416840383,28.03883672073573],[-82.56097096476658,28.03883672073573],[-82.56097096476658,28.029843517098485],[-82.56996416840383,28.029843517098485]]]}},{"type":"Feature","properties":{"jobs":267,"pop":674,"pointCount":1,"homeWorkCommuteMedian":28643,"workHomeCommuteMedian":19075},"geometry":{"type":"Polygon","coordinates":[[[-82.56996416840383,28.03883672073573],[-82.56996416840383,28.047829924372977],[-82.56097096476658,28.047829924372977],[-82.56097096476658,28.03883672073573],[-82.56996416840383,28.03883672073573]]]}},{"type":"Feature","properties":{"jobs":17,"pop":575,"pointCount":1,"homeWorkCommuteMedian":29644,"workHomeCommuteMedian":57012},"geometry":{"type":"Polygon","coordinates":[[[-82.56996416840383,28.047829924372977],[-82.56996416840383,28.056823128010222],[-82.56097096476658,28.056823128010222],[-82.56097096476658,28.047829924372977],[-82.56996416840383,28.047829924372977]]]}},{"type":"Feature","properties":{"jobs":165,"pop":1384,"pointCount":2,"homeWorkCommuteMedian":19589,"workHomeCommuteMedian":26409},"geometry":{"type":"Polygon","coordinates":[[[-82.56996416840383,28.06581633164747],[-82.56996416840383,28.074809535284714],[-82.56097096476658,28.074809535284714],[-82.56097096476658,28.06581633164747],[-82.56996416840383,28.06581633164747]]]}},{"type":"Feature","properties":{"jobs":41,"pop":673,"pointCount":1,"homeWorkCommuteMedian":22729,"workHomeCommuteMedian":17904},"geometry":{"type":"Polygon","coordinates":[[[-82.56996416840383,28.074809535284714],[-82.56996416840383,28.08380273892196],[-82.56097096476658,28.08380273892196],[-82.56097096476658,28.074809535284714],[-82.56996416840383,28.074809535284714]]]}},{"type":"Feature","properties":{"jobs":58,"pop":279,"pointCount":1,"homeWorkCommuteMedian":24513,"workHomeCommuteMedian":23737},"geometry":{"type":"Polygon","coordinates":[[[-82.56996416840383,28.08380273892196],[-82.56996416840383,28.092795942559206],[-82.56097096476658,28.092795942559206],[-82.56097096476658,28.08380273892196],[-82.56996416840383,28.08380273892196]]]}},{"type":"Feature","properties":{"jobs":139,"pop":172,"pointCount":1,"homeWorkCommuteMedian":22193,"workHomeCommuteMedian":24478},"geometry":{"type":"Polygon","coordinates":[[[-82.56996416840383,28.101789146196452],[-82.56996416840383,28.1107823498337],[-82.56097096476658,28.1107823498337],[-82.56097096476658,28.101789146196452],[-82.56996416840383,28.101789146196452]]]}},{"type":"Feature","properties":{"jobs":248,"pop":437,"pointCount":1,"homeWorkCommuteMedian":32691,"workHomeCommuteMedian":24752},"geometry":{"type":"Polygon","coordinates":[[[-82.56996416840383,28.146755164382682],[-82.56996416840383,28.15574836801993],[-82.56097096476658,28.15574836801993],[-82.56097096476658,28.146755164382682],[-82.56996416840383,28.146755164382682]]]}},{"type":"Feature","properties":{"jobs":198,"pop":636,"pointCount":1,"homeWorkCommuteMedian":27242,"workHomeCommuteMedian":33135},"geometry":{"type":"Polygon","coordinates":[[[-82.56996416840383,28.182727978931666],[-82.56996416840383,28.191721182568912],[-82.56097096476658,28.191721182568912],[-82.56097096476658,28.182727978931666],[-82.56996416840383,28.182727978931666]]]}},{"type":"Feature","properties":{"jobs":0,"pop":36,"pointCount":1,"homeWorkCommuteMedian":39944,"workHomeCommuteMedian":-1},"geometry":{"type":"Polygon","coordinates":[[[-82.56996416840383,28.209707589843404],[-82.56996416840383,28.21870079348065],[-82.56097096476658,28.21870079348065],[-82.56097096476658,28.209707589843404],[-82.56996416840383,28.209707589843404]]]}},{"type":"Feature","properties":{"jobs":0,"pop":9,"pointCount":1,"homeWorkCommuteMedian":46074,"workHomeCommuteMedian":-1},"geometry":{"type":"Polygon","coordinates":[[[-82.56996416840383,28.245680404392388],[-82.56996416840383,28.254673608029634],[-82.56097096476658,28.254673608029634],[-82.56097096476658,28.245680404392388],[-82.56996416840383,28.245680404392388]]]}},{"type":"Feature","properties":{"jobs":279,"pop":0,"pointCount":1,"homeWorkCommuteMedian":-1,"workHomeCommuteMedian":51216},"geometry":{"type":"Polygon","coordinates":[[[-82.56097096476658,27.625149353422415],[-82.56097096476658,27.63414255705966],[-82.55197776112934,27.63414255705966],[-82.55197776112934,27.625149353422415],[-82.56097096476658,27.625149353422415]]]}},{"type":"Feature","properties":{"jobs":0,"pop":9,"pointCount":1,"homeWorkCommuteMedian":49691,"workHomeCommuteMedian":-1},"geometry":{"type":"Polygon","coordinates":[[[-82.56097096476658,27.867965851628057],[-82.56097096476658,27.876959055265303],[-82.55197776112934,27.876959055265303],[-82.55197776112934,27.867965851628057],[-82.56097096476658,27.867965851628057]]]}},{"type":"Feature","properties":{"jobs":437,"pop":74,"pointCount":1,"homeWorkCommuteMedian":23310,"workHomeCommuteMedian":26589},"geometry":{"type":"Polygon","coordinates":[[[-82.56097096476658,27.97588429527501],[-82.56097096476658,27.984877498912255],[-82.55197776112934,27.984877498912255],[-82.55197776112934,27.97588429527501],[-82.56097096476658,27.97588429527501]]]}},{"type":"Feature","properties":{"jobs":161,"pop":319,"pointCount":1,"homeWorkCommuteMedian":27450,"workHomeCommuteMedian":31316},"geometry":{"type":"Polygon","coordinates":[[[-82.56097096476658,27.984877498912255],[-82.56097096476658,27.9938707025495],[-82.55197776112934,27.9938707025495],[-82.55197776112934,27.984877498912255],[-82.56097096476658,27.984877498912255]]]}},{"type":"Feature","properties":{"jobs":107,"pop":194,"pointCount":1,"homeWorkCommuteMedian":28014,"workHomeCommuteMedian":27008},"geometry":{"type":"Polygon","coordinates":[[[-82.56097096476658,27.9938707025495],[-82.56097096476658,28.002863906186747],[-82.55197776112934,28.002863906186747],[-82.55197776112934,27.9938707025495],[-82.56097096476658,27.9938707025495]]]}},{"type":"Feature","properties":{"jobs":123,"pop":113,"pointCount":1,"homeWorkCommuteMedian":28470,"workHomeCommuteMedian":28539},"geometry":{"type":"Polygon","coordinates":[[[-82.56097096476658,28.002863906186747],[-82.56097096476658,28.011857109823993],[-82.55197776112934,28.011857109823993],[-82.55197776112934,28.002863906186747],[-82.56097096476658,28.002863906186747]]]}},{"type":"Feature","properties":{"jobs":38,"pop":972,"pointCount":1,"homeWorkCommuteMedian":20059,"workHomeCommuteMedian":38961},"geometry":{"type":"Polygon","coordinates":[[[-82.56097096476658,28.011857109823993],[-82.56097096476658,28.02085031346124],[-82.55197776112934,28.02085031346124],[-82.55197776112934,28.011857109823993],[-82.56097096476658,28.011857109823993]]]}},{"type":"Feature","properties":{"jobs":978,"pop":1510,"pointCount":4,"homeWorkCommuteMedian":19615,"workHomeCommuteMedian":24540},"geometry":{"type":"Polygon","coordinates":[[[-82.56097096476658,28.02085031346124],[-82.56097096476658,28.029843517098485],[-82.55197776112934,28.029843517098485],[-82.55197776112934,28.02085031346124],[-82.56097096476658,28.02085031346124]]]}},{"type":"Feature","properties":{"jobs":716,"pop":976,"pointCount":2,"homeWorkCommuteMedian":28212,"workHomeCommuteMedian":26184},"geometry":{"type":"Polygon","coordinates":[[[-82.56097096476658,28.03883672073573],[-82.56097096476658,28.047829924372977],[-82.55197776112934,28.047829924372977],[-82.55197776112934,28.03883672073573],[-82.56097096476658,28.03883672073573]]]}},{"type":"Feature","properties":{"jobs":768,"pop":1472,"pointCount":2,"homeWorkCommuteMedian":19161,"workHomeCommuteMedian":26197},"geometry":{"type":"Polygon","coordinates":[[[-82.56097096476658,28.056823128010222],[-82.56097096476658,28.06581633164747],[-82.55197776112934,28.06581633164747],[-82.55197776112934,28.056823128010222],[-82.56097096476658,28.056823128010222]]]}},{"type":"Feature","properties":{"jobs":265,"pop":2185,"pointCount":2,"homeWorkCommuteMedian":20950,"workHomeCommuteMedian":24030},"geometry":{"type":"Polygon","coordinates":[[[-82.56097096476658,28.06581633164747],[-82.56097096476658,28.074809535284714],[-82.55197776112934,28.074809535284714],[-82.55197776112934,28.06581633164747],[-82.56097096476658,28.06581633164747]]]}},{"type":"Feature","properties":{"jobs":6,"pop":1061,"pointCount":1,"homeWorkCommuteMedian":20360,"workHomeCommuteMedian":32320},"geometry":{"type":"Polygon","coordinates":[[[-82.56097096476658,28.074809535284714],[-82.56097096476658,28.08380273892196],[-82.55197776112934,28.08380273892196],[-82.55197776112934,28.074809535284714],[-82.56097096476658,28.074809535284714]]]}},{"type":"Feature","properties":{"jobs":90,"pop":806,"pointCount":1,"homeWorkCommuteMedian":25737,"workHomeCommuteMedian":26561},"geometry":{"type":"Polygon","coordinates":[[[-82.56097096476658,28.092795942559206],[-82.56097096476658,28.101789146196452],[-82.55197776112934,28.101789146196452],[-82.55197776112934,28.092795942559206],[-82.56097096476658,28.092795942559206]]]}},{"type":"Feature","properties":{"jobs":109,"pop":303,"pointCount":1,"homeWorkCommuteMedian":25836,"workHomeCommuteMedian":25521},"geometry":{"type":"Polygon","coordinates":[[[-82.56097096476658,28.119775553470944],[-82.56097096476658,28.12876875710819],[-82.55197776112934,28.12876875710819],[-82.55197776112934,28.119775553470944],[-82.56097096476658,28.119775553470944]]]}},{"type":"Feature","properties":{"jobs":22,"pop":551,"pointCount":1,"homeWorkCommuteMedian":30817,"workHomeCommuteMedian":19564},"geometry":{"type":"Polygon","coordinates":[[[-82.56097096476658,28.17373477529442],[-82.56097096476658,28.182727978931666],[-82.55197776112934,28.182727978931666],[-82.55197776112934,28.17373477529442],[-82.56097096476658,28.17373477529442]]]}},{"type":"Feature","properties":{"jobs":0,"pop":627,"pointCount":1,"homeWorkCommuteMedian":23258,"workHomeCommuteMedian":-1},"geometry":{"type":"Polygon","coordinates":[[[-82.56097096476658,28.182727978931666],[-82.56097096476658,28.191721182568912],[-82.55197776112934,28.191721182568912],[-82.55197776112934,28.182727978931666],[-82.56097096476658,28.182727978931666]]]}},{"type":"Feature","properties":{"jobs":306,"pop":731,"pointCount":1,"homeWorkCommuteMedian":30269,"workHomeCommuteMedian":26107},"geometry":{"type":"Polygon","coordinates":[[[-82.56097096476658,28.191721182568912],[-82.56097096476658,28.20071438620616],[-82.55197776112934,28.20071438620616],[-82.55197776112934,28.191721182568912],[-82.56097096476658,28.191721182568912]]]}},{"type":"Feature","properties":{"jobs":124,"pop":12,"pointCount":1,"homeWorkCommuteMedian":1811,"workHomeCommuteMedian":74487},"geometry":{"type":"Polygon","coordinates":[[[-82.55197776112934,27.63414255705966],[-82.55197776112934,27.643135760696907],[-82.54298455749209,27.643135760696907],[-82.54298455749209,27.63414255705966],[-82.55197776112934,27.63414255705966]]]}},{"type":"Feature","properties":{"jobs":0,"pop":14,"pointCount":1,"homeWorkCommuteMedian":23234,"workHomeCommuteMedian":-1},"geometry":{"type":"Polygon","coordinates":[[[-82.55197776112934,27.849979444353565],[-82.55197776112934,27.85897264799081],[-82.54298455749209,27.85897264799081],[-82.54298455749209,27.849979444353565],[-82.55197776112934,27.849979444353565]]]}},{"type":"Feature","properties":{"jobs":675,"pop":0,"pointCount":1,"homeWorkCommuteMedian":-1,"workHomeCommuteMedian":26772},"geometry":{"type":"Polygon","coordinates":[[[-82.55197776112934,27.85897264799081],[-82.55197776112934,27.867965851628057],[-82.54298455749209,27.867965851628057],[-82.54298455749209,27.85897264799081],[-82.55197776112934,27.85897264799081]]]}},{"type":"Feature","properties":{"jobs":0,"pop":8,"pointCount":1,"homeWorkCommuteMedian":3607,"workHomeCommuteMedian":-1},"geometry":{"type":"Polygon","coordinates":[[[-82.55197776112934,27.876959055265303],[-82.55197776112934,27.88595225890255],[-82.54298455749209,27.88595225890255],[-82.54298455749209,27.876959055265303],[-82.55197776112934,27.876959055265303]]]}},{"type":"Feature","properties":{"jobs":0,"pop":9,"pointCount":1,"homeWorkCommuteMedian":8227,"workHomeCommuteMedian":-1},"geometry":{"type":"Polygon","coordinates":[[[-82.55197776112934,27.921925073451533],[-82.55197776112934,27.93091827708878],[-82.54298455749209,27.93091827708878],[-82.54298455749209,27.921925073451533],[-82.55197776112934,27.921925073451533]]]}},{"type":"Feature","properties":{"jobs":2478,"pop":384,"pointCount":2,"homeWorkCommuteMedian":22955,"workHomeCommuteMedian":31786},"geometry":{"type":"Polygon","coordinates":[[[-82.55197776112934,27.966891091637763],[-82.55197776112934,27.97588429527501],[-82.54298455749209,27.97588429527501],[-82.54298455749209,27.966891091637763],[-82.55197776112934,27.966891091637763]]]}},{"type":"Feature","properties":{"jobs":4662,"pop":61,"pointCount":3,"homeWorkCommuteMedian":27426,"workHomeCommuteMedian":28908},"geometry":{"type":"Polygon","coordinates":[[[-82.55197776112934,27.97588429527501],[-82.55197776112934,27.984877498912255],[-82.54298455749209,27.984877498912255],[-82.54298455749209,27.97588429527501],[-82.55197776112934,27.97588429527501]]]}},{"type":"Feature","properties":{"jobs":1735,"pop":132,"pointCount":2,"homeWorkCommuteMedian":20525,"workHomeCommuteMedian":29041},"geometry":{"type":"Polygon","coordinates":[[[-82.55197776112934,27.984877498912255],[-82.55197776112934,27.9938707025495],[-82.54298455749209,27.9938707025495],[-82.54298455749209,27.984877498912255],[-82.55197776112934,27.984877498912255]]]}},{"type":"Feature","properties":{"jobs":2555,"pop":73,"pointCount":2,"homeWorkCommuteMedian":25202,"workHomeCommuteMedian":26246},"geometry":{"type":"Polygon","coordinates":[[[-82.55197776112934,27.9938707025495],[-82.55197776112934,28.002863906186747],[-82.54298455749209,28.002863906186747],[-82.54298455749209,27.9938707025495],[-82.55197776112934,27.9938707025495]]]}},{"type":"Feature","properties":{"jobs":1968,"pop":179,"pointCount":3,"homeWorkCommuteMedian":27265,"workHomeCommuteMedian":27099},"geometry":{"type":"Polygon","coordinates":[[[-82.55197776112934,28.002863906186747],[-82.55197776112934,28.011857109823993],[-82.54298455749209,28.011857109823993],[-82.54298455749209,28.002863906186747],[-82.55197776112934,28.002863906186747]]]}},{"type":"Feature","properties":{"jobs":394,"pop":88,"pointCount":1,"homeWorkCommuteMedian":27386,"workHomeCommuteMedian":27130},"geometry":{"type":"Polygon","coordinates":[[[-82.55197776112934,28.011857109823993],[-82.55197776112934,28.02085031346124],[-82.54298455749209,28.02085031346124],[-82.54298455749209,28.011857109823993],[-82.55197776112934,28.011857109823993]]]}},{"type":"Feature","properties":{"jobs":234,"pop":109,"pointCount":1,"homeWorkCommuteMedian":18658,"workHomeCommuteMedian":32064},"geometry":{"type":"Polygon","coordinates":[[[-82.55197776112934,28.02085031346124],[-82.55197776112934,28.029843517098485],[-82.54298455749209,28.029843517098485],[-82.54298455749209,28.02085031346124],[-82.55197776112934,28.02085031346124]]]}},{"type":"Feature","properties":{"jobs":1501,"pop":510,"pointCount":2,"homeWorkCommuteMedian":20980,"workHomeCommuteMedian":26276},"geometry":{"type":"Polygon","coordinates":[[[-82.55197776112934,28.029843517098485],[-82.55197776112934,28.03883672073573],[-82.54298455749209,28.03883672073573],[-82.54298455749209,28.029843517098485],[-82.55197776112934,28.029843517098485]]]}},{"type":"Feature","properties":{"jobs":301,"pop":2148,"pointCount":2,"homeWorkCommuteMedian":22753,"workHomeCommuteMedian":20356},"geometry":{"type":"Polygon","coordinates":[[[-82.55197776112934,28.047829924372977],[-82.55197776112934,28.056823128010222],[-82.54298455749209,28.056823128010222],[-82.54298455749209,28.047829924372977],[-82.55197776112934,28.047829924372977]]]}},{"type":"Feature","properties":{"jobs":66,"pop":1556,"pointCount":2,"homeWorkCommuteMedian":22805,"workHomeCommuteMedian":23563},"geometry":{"type":"Polygon","coordinates":[[[-82.55197776112934,28.056823128010222],[-82.55197776112934,28.06581633164747],[-82.54298455749209,28.06581633164747],[-82.54298455749209,28.056823128010222],[-82.55197776112934,28.056823128010222]]]}},{"type":"Feature","properties":{"jobs":191,"pop":583,"pointCount":1,"homeWorkCommuteMedian":20603,"workHomeCommuteMedian":26173},"geometry":{"type":"Polygon","coordinates":[[[-82.55197776112934,28.06581633164747],[-82.55197776112934,28.074809535284714],[-82.54298455749209,28.074809535284714],[-82.54298455749209,28.06581633164747],[-82.55197776112934,28.06581633164747]]]}},{"type":"Feature","properties":{"jobs":99,"pop":1331,"pointCount":1,"homeWorkCommuteMedian":22470,"workHomeCommuteMedian":16540},"geometry":{"type":"Polygon","coordinates":[[[-82.55197776112934,28.074809535284714],[-82.55197776112934,28.08380273892196],[-82.54298455749209,28.08380273892196],[-82.54298455749209,28.074809535284714],[-82.55197776112934,28.074809535284714]]]}},{"type":"Feature","properties":{"jobs":452,"pop":708,"pointCount":1,"homeWorkCommuteMedian":23655,"workHomeCommuteMedian":27656},"geometry":{"type":"Polygon","coordinates":[[[-82.55197776112934,28.08380273892196],[-82.55197776112934,28.092795942559206],[-82.54298455749209,28.092795942559206],[-82.54298455749209,28.08380273892196],[-82.55197776112934,28.08380273892196]]]}},{"type":"Feature","properties":{"jobs":232,"pop":316,"pointCount":1,"homeWorkCommuteMedian":26349,"workHomeCommuteMedian":29200},"geometry":{"type":"Polygon","coordinates":[[[-82.55197776112934,28.101789146196452],[-82.55197776112934,28.1107823498337],[-82.54298455749209,28.1107823498337],[-82.54298455749209,28.101789146196452],[-82.55197776112934,28.101789146196452]]]}},{"type":"Feature","properties":{"jobs":101,"pop":414,"pointCount":1,"homeWorkCommuteMedian":23227,"workHomeCommuteMedian":22717},"geometry":{"type":"Polygon","coordinates":[[[-82.55197776112934,28.1107823498337],[-82.55197776112934,28.119775553470944],[-82.54298455749209,28.119775553470944],[-82.54298455749209,28.1107823498337],[-82.55197776112934,28.1107823498337]]]}},{"type":"Feature","properties":{"jobs":55,"pop":849,"pointCount":1,"homeWorkCommuteMedian":27108,"workHomeCommuteMedian":20284},"geometry":{"type":"Polygon","coordinates":[[[-82.55197776112934,28.119775553470944],[-82.55197776112934,28.12876875710819],[-82.54298455749209,28.12876875710819],[-82.54298455749209,28.119775553470944],[-82.55197776112934,28.119775553470944]]]}},{"type":"Feature","properties":{"jobs":97,"pop":825,"pointCount":1,"homeWorkCommuteMedian":33050,"workHomeCommuteMedian":21069},"geometry":{"type":"Polygon","coordinates":[[[-82.55197776112934,28.12876875710819],[-82.55197776112934,28.137761960745436],[-82.54298455749209,28.137761960745436],[-82.54298455749209,28.12876875710819],[-82.55197776112934,28.12876875710819]]]}},{"type":"Feature","properties":{"jobs":28,"pop":379,"pointCount":1,"homeWorkCommuteMedian":24210,"workHomeCommuteMedian":20266},"geometry":{"type":"Polygon","coordinates":[[[-82.55197776112934,28.15574836801993],[-82.55197776112934,28.164741571657174],[-82.54298455749209,28.164741571657174],[-82.54298455749209,28.15574836801993],[-82.55197776112934,28.15574836801993]]]}},{"type":"Feature","properties":{"jobs":428,"pop":209,"pointCount":1,"homeWorkCommuteMedian":32204,"workHomeCommuteMedian":25505},"geometry":{"type":"Polygon","coordinates":[[[-82.55197776112934,28.182727978931666],[-82.55197776112934,28.191721182568912],[-82.54298455749209,28.191721182568912],[-82.54298455749209,28.182727978931666],[-82.55197776112934,28.182727978931666]]]}},{"type":"Feature","properties":{"jobs":9,"pop":14,"pointCount":1,"homeWorkCommuteMedian":28059,"workHomeCommuteMedian":6070},"geometry":{"type":"Polygon","coordinates":[[[-82.55197776112934,28.209707589843404],[-82.55197776112934,28.21870079348065],[-82.54298455749209,28.21870079348065],[-82.54298455749209,28.209707589843404],[-82.55197776112934,28.209707589843404]]]}},{"type":"Feature","properties":{"jobs":1,"pop":0,"pointCount":1,"homeWorkCommuteMedian":-1,"workHomeCommuteMedian":34449},"geometry":{"type":"Polygon","coordinates":[[[-82.55197776112934,28.245680404392388],[-82.55197776112934,28.254673608029634],[-82.54298455749209,28.254673608029634],[-82.54298455749209,28.245680404392388],[-82.55197776112934,28.245680404392388]]]}},{"type":"Feature","properties":{"jobs":234,"pop":0,"pointCount":1,"homeWorkCommuteMedian":-1,"workHomeCommuteMedian":60236},"geometry":{"type":"Polygon","coordinates":[[[-82.54298455749209,27.61615614978517],[-82.54298455749209,27.625149353422415],[-82.53399135385484,27.625149353422415],[-82.53399135385484,27.61615614978517],[-82.54298455749209,27.61615614978517]]]}},{"type":"Feature","properties":{"jobs":0,"pop":158,"pointCount":1,"homeWorkCommuteMedian":66725,"workHomeCommuteMedian":-1},"geometry":{"type":"Polygon","coordinates":[[[-82.54298455749209,27.63414255705966],[-82.54298455749209,27.643135760696907],[-82.53399135385484,27.643135760696907],[-82.53399135385484,27.63414255705966],[-82.54298455749209,27.63414255705966]]]}},{"type":"Feature","properties":{"jobs":273,"pop":38,"pointCount":1,"homeWorkCommuteMedian":38997,"workHomeCommuteMedian":32488},"geometry":{"type":"Polygon","coordinates":[[[-82.54298455749209,27.85897264799081],[-82.54298455749209,27.867965851628057],[-82.53399135385484,27.867965851628057],[-82.53399135385484,27.85897264799081],[-82.54298455749209,27.85897264799081]]]}},{"type":"Feature","properties":{"jobs":7392,"pop":43,"pointCount":4,"homeWorkCommuteMedian":21935,"workHomeCommuteMedian":28815},"geometry":{"type":"Polygon","coordinates":[[[-82.54298455749209,27.939911480726025],[-82.54298455749209,27.94890468436327],[-82.53399135385484,27.94890468436327],[-82.53399135385484,27.939911480726025],[-82.54298455749209,27.939911480726025]]]}},{"type":"Feature","properties":{"jobs":3287,"pop":50,"pointCount":3,"homeWorkCommuteMedian":13438,"workHomeCommuteMedian":29407},"geometry":{"type":"Polygon","coordinates":[[[-82.54298455749209,27.94890468436327],[-82.54298455749209,27.957897888000517],[-82.53399135385484,27.957897888000517],[-82.53399135385484,27.94890468436327],[-82.54298455749209,27.94890468436327]]]}},{"type":"Feature","properties":{"jobs":5443,"pop":749,"pointCount":3,"homeWorkCommuteMedian":34296,"workHomeCommuteMedian":28759},"geometry":{"type":"Polygon","coordinates":[[[-82.54298455749209,27.957897888000517],[-82.54298455749209,27.966891091637763],[-82.53399135385484,27.966891091637763],[-82.53399135385484,27.957897888000517],[-82.54298455749209,27.957897888000517]]]}},{"type":"Feature","properties":{"jobs":22220,"pop":127,"pointCount":1,"homeWorkCommuteMedian":24947,"workHomeCommuteMedian":29451},"geometry":{"type":"Polygon","coordinates":[[[-82.54298455749209,27.97588429527501],[-82.54298455749209,27.984877498912255],[-82.53399135385484,27.984877498912255],[-82.53399135385484,27.97588429527501],[-82.54298455749209,27.97588429527501]]]}},{"type":"Feature","properties":{"jobs":334,"pop":82,"pointCount":1,"homeWorkCommuteMedian":30061,"workHomeCommuteMedian":24049},"geometry":{"type":"Polygon","coordinates":[[[-82.54298455749209,27.984877498912255],[-82.54298455749209,27.9938707025495],[-82.53399135385484,27.9938707025495],[-82.53399135385484,27.984877498912255],[-82.54298455749209,27.984877498912255]]]}},{"type":"Feature","properties":{"jobs":523,"pop":48,"pointCount":1,"homeWorkCommuteMedian":21617,"workHomeCommuteMedian":27244},"geometry":{"type":"Polygon","coordinates":[[[-82.54298455749209,27.9938707025495],[-82.54298455749209,28.002863906186747],[-82.53399135385484,28.002863906186747],[-82.53399135385484,27.9938707025495],[-82.54298455749209,27.9938707025495]]]}},{"type":"Feature","properties":{"jobs":5061,"pop":99,"pointCount":4,"homeWorkCommuteMedian":16296,"workHomeCommuteMedian":27778},"geometry":{"type":"Polygon","coordinates":[[[-82.54298455749209,28.002863906186747],[-82.54298455749209,28.011857109823993],[-82.53399135385484,28.011857109823993],[-82.53399135385484,28.002863906186747],[-82.54298455749209,28.002863906186747]]]}},{"type":"Feature","properties":{"jobs":1735,"pop":249,"pointCount":3,"homeWorkCommuteMedian":24913,"workHomeCommuteMedian":29451},"geometry":{"type":"Polygon","coordinates":[[[-82.54298455749209,28.011857109823993],[-82.54298455749209,28.02085031346124],[-82.53399135385484,28.02085031346124],[-82.53399135385484,28.011857109823993],[-82.54298455749209,28.011857109823993]]]}},{"type":"Feature","properties":{"jobs":1504,"pop":117,"pointCount":2,"homeWorkCommuteMedian":23563,"workHomeCommuteMedian":28599},"geometry":{"type":"Polygon","coordinates":[[[-82.54298455749209,28.02085031346124],[-82.54298455749209,28.029843517098485],[-82.53399135385484,28.029843517098485],[-82.53399135385484,28.02085031346124],[-82.54298455749209,28.02085031346124]]]}},{"type":"Feature","properties":{"jobs":3490,"pop":244,"pointCount":2,"homeWorkCommuteMedian":28843,"workHomeCommuteMedian":27773},"geometry":{"type":"Polygon","coordinates":[[[-82.54298455749209,28.029843517098485],[-82.54298455749209,28.03883672073573],[-82.53399135385484,28.03883672073573],[-82.53399135385484,28.029843517098485],[-82.54298455749209,28.029843517098485]]]}},{"type":"Feature","properties":{"jobs":785,"pop":725,"pointCount":2,"homeWorkCommuteMedian":23517,"workHomeCommuteMedian":29028},"geometry":{"type":"Polygon","coordinates":[[[-82.54298455749209,28.03883672073573],[-82.54298455749209,28.047829924372977],[-82.53399135385484,28.047829924372977],[-82.53399135385484,28.03883672073573],[-82.54298455749209,28.03883672073573]]]}},{"type":"Feature","properties":{"jobs":134,"pop":1826,"pointCount":2,"homeWorkCommuteMedian":17746,"workHomeCommuteMedian":16228},"geometry":{"type":"Polygon","coordinates":[[[-82.54298455749209,28.056823128010222],[-82.54298455749209,28.06581633164747],[-82.53399135385484,28.06581633164747],[-82.53399135385484,28.056823128010222],[-82.54298455749209,28.056823128010222]]]}},{"type":"Feature","properties":{"jobs":262,"pop":1092,"pointCount":2,"homeWorkCommuteMedian":25608,"workHomeCommuteMedian":24132},"geometry":{"type":"Polygon","coordinates":[[[-82.54298455749209,28.074809535284714],[-82.54298455749209,28.08380273892196],[-82.53399135385484,28.08380273892196],[-82.53399135385484,28.074809535284714],[-82.54298455749209,28.074809535284714]]]}},{"type":"Feature","properties":{"jobs":250,"pop":269,"pointCount":1,"homeWorkCommuteMedian":21039,"workHomeCommuteMedian":28629},"geometry":{"type":"Polygon","coordinates":[[[-82.54298455749209,28.08380273892196],[-82.54298455749209,28.092795942559206],[-82.53399135385484,28.092795942559206],[-82.53399135385484,28.08380273892196],[-82.54298455749209,28.08380273892196]]]}},{"type":"Feature","properties":{"jobs":149,"pop":1510,"pointCount":1,"homeWorkCommuteMedian":25413,"workHomeCommuteMedian":29205},"geometry":{"type":"Polygon","coordinates":[[[-82.54298455749209,28.092795942559206],[-82.54298455749209,28.101789146196452],[-82.53399135385484,28.101789146196452],[-82.53399135385484,28.092795942559206],[-82.54298455749209,28.092795942559206]]]}},{"type":"Feature","properties":{"jobs":59,"pop":438,"pointCount":1,"homeWorkCommuteMedian":27085,"workHomeCommuteMedian":16091},"geometry":{"type":"Polygon","coordinates":[[[-82.54298455749209,28.1107823498337],[-82.54298455749209,28.119775553470944],[-82.53399135385484,28.119775553470944],[-82.53399135385484,28.1107823498337],[-82.54298455749209,28.1107823498337]]]}},{"type":"Feature","properties":{"jobs":38,"pop":450,"pointCount":1,"homeWorkCommuteMedian":27680,"workHomeCommuteMedian":21203},"geometry":{"type":"Polygon","coordinates":[[[-82.54298455749209,28.146755164382682],[-82.54298455749209,28.15574836801993],[-82.53399135385484,28.15574836801993],[-82.53399135385484,28.146755164382682],[-82.54298455749209,28.146755164382682]]]}},{"type":"Feature","properties":{"jobs":54,"pop":580,"pointCount":1,"homeWorkCommuteMedian":27604,"workHomeCommuteMedian":10402},"geometry":{"type":"Polygon","coordinates":[[[-82.54298455749209,28.17373477529442],[-82.54298455749209,28.182727978931666],[-82.53399135385484,28.182727978931666],[-82.53399135385484,28.17373477529442],[-82.54298455749209,28.17373477529442]]]}},{"type":"Feature","properties":{"jobs":579,"pop":243,"pointCount":1,"homeWorkCommuteMedian":25048,"workHomeCommuteMedian":31714},"geometry":{"type":"Polygon","coordinates":[[[-82.54298455749209,28.182727978931666],[-82.54298455749209,28.191721182568912],[-82.53399135385484,28.191721182568912],[-82.53399135385484,28.182727978931666],[-82.54298455749209,28.182727978931666]]]}},{"type":"Feature","properties":{"jobs":390,"pop":881,"pointCount":1,"homeWorkCommuteMedian":34847,"workHomeCommuteMedian":31379},"geometry":{"type":"Polygon","coordinates":[[[-82.54298455749209,28.191721182568912],[-82.54298455749209,28.20071438620616],[-82.53399135385484,28.20071438620616],[-82.53399135385484,28.191721182568912],[-82.54298455749209,28.191721182568912]]]}},{"type":"Feature","properties":{"jobs":0,"pop":17,"pointCount":1,"homeWorkCommuteMedian":54836,"workHomeCommuteMedian":-1},"geometry":{"type":"Polygon","coordinates":[[[-82.54298455749209,28.227693997117896],[-82.54298455749209,28.236687200755142],[-82.53399135385484,28.236687200755142],[-82.53399135385484,28.227693997117896],[-82.54298455749209,28.227693997117896]]]}},{"type":"Feature","properties":{"jobs":235,"pop":52,"pointCount":1,"homeWorkCommuteMedian":78552,"workHomeCommuteMedian":68430},"geometry":{"type":"Polygon","coordinates":[[[-82.53399135385484,27.625149353422415],[-82.53399135385484,27.63414255705966],[-82.5249981502176,27.63414255705966],[-82.5249981502176,27.625149353422415],[-82.53399135385484,27.625149353422415]]]}},{"type":"Feature","properties":{"jobs":209,"pop":120,"pointCount":1,"homeWorkCommuteMedian":30240,"workHomeCommuteMedian":27578},"geometry":{"type":"Polygon","coordinates":[[[-82.53399135385484,27.85897264799081],[-82.53399135385484,27.867965851628057],[-82.5249981502176,27.867965851628057],[-82.5249981502176,27.85897264799081],[-82.53399135385484,27.85897264799081]]]}},{"type":"Feature","properties":{"jobs":57,"pop":475,"pointCount":1,"homeWorkCommuteMedian":22597,"workHomeCommuteMedian":34145},"geometry":{"type":"Polygon","coordinates":[[[-82.53399135385484,27.867965851628057],[-82.53399135385484,27.876959055265303],[-82.5249981502176,27.876959055265303],[-82.5249981502176,27.867965851628057],[-82.53399135385484,27.867965851628057]]]}},{"type":"Feature","properties":{"jobs":573,"pop":431,"pointCount":1,"homeWorkCommuteMedian":21616,"workHomeCommuteMedian":32156},"geometry":{"type":"Polygon","coordinates":[[[-82.53399135385484,27.876959055265303],[-82.53399135385484,27.88595225890255],[-82.5249981502176,27.88595225890255],[-82.5249981502176,27.876959055265303],[-82.53399135385484,27.876959055265303]]]}},{"type":"Feature","properties":{"jobs":628,"pop":596,"pointCount":3,"homeWorkCommuteMedian":21964,"workHomeCommuteMedian":26542},"geometry":{"type":"Polygon","coordinates":[[[-82.53399135385484,27.88595225890255],[-82.53399135385484,27.894945462539795],[-82.5249981502176,27.894945462539795],[-82.5249981502176,27.88595225890255],[-82.53399135385484,27.88595225890255]]]}},{"type":"Feature","properties":{"jobs":466,"pop":252,"pointCount":1,"homeWorkCommuteMedian":21598,"workHomeCommuteMedian":27114},"geometry":{"type":"Polygon","coordinates":[[[-82.53399135385484,27.90393866617704],[-82.53399135385484,27.912931869814287],[-82.5249981502176,27.912931869814287],[-82.5249981502176,27.90393866617704],[-82.53399135385484,27.90393866617704]]]}},{"type":"Feature","properties":{"jobs":236,"pop":94,"pointCount":1,"homeWorkCommuteMedian":25522,"workHomeCommuteMedian":25593},"geometry":{"type":"Polygon","coordinates":[[[-82.53399135385484,27.921925073451533],[-82.53399135385484,27.93091827708878],[-82.5249981502176,27.93091827708878],[-82.5249981502176,27.921925073451533],[-82.53399135385484,27.921925073451533]]]}},{"type":"Feature","properties":{"jobs":141,"pop":1207,"pointCount":1,"homeWorkCommuteMedian":12610,"workHomeCommuteMedian":25166},"geometry":{"type":"Polygon","coordinates":[[[-82.53399135385484,27.93091827708878],[-82.53399135385484,27.939911480726025],[-82.5249981502176,27.939911480726025],[-82.5249981502176,27.93091827708878],[-82.53399135385484,27.93091827708878]]]}},{"type":"Feature","properties":{"jobs":6598,"pop":64,"pointCount":4,"homeWorkCommuteMedian":23803,"workHomeCommuteMedian":27804},"geometry":{"type":"Polygon","coordinates":[[[-82.53399135385484,27.939911480726025],[-82.53399135385484,27.94890468436327],[-82.5249981502176,27.94890468436327],[-82.5249981502176,27.939911480726025],[-82.53399135385484,27.939911480726025]]]}},{"type":"Feature","properties":{"jobs":5224,"pop":137,"pointCount":6,"homeWorkCommuteMedian":20098,"workHomeCommuteMedian":29274},"geometry":{"type":"Polygon","coordinates":[[[-82.53399135385484,27.94890468436327],[-82.53399135385484,27.957897888000517],[-82.5249981502176,27.957897888000517],[-82.5249981502176,27.94890468436327],[-82.53399135385484,27.94890468436327]]]}},{"type":"Feature","properties":{"jobs":3243,"pop":441,"pointCount":1,"homeWorkCommuteMedian":24451,"workHomeCommuteMedian":30106},"geometry":{"type":"Polygon","coordinates":[[[-82.53399135385484,27.957897888000517],[-82.53399135385484,27.966891091637763],[-82.5249981502176,27.966891091637763],[-82.5249981502176,27.957897888000517],[-82.53399135385484,27.957897888000517]]]}},{"type":"Feature","properties":{"jobs":864,"pop":84,"pointCount":2,"homeWorkCommuteMedian":23669,"workHomeCommuteMedian":27502},"geometry":{"type":"Polygon","coordinates":[[[-82.53399135385484,27.9938707025495],[-82.53399135385484,28.002863906186747],[-82.5249981502176,28.002863906186747],[-82.5249981502176,27.9938707025495],[-82.53399135385484,27.9938707025495]]]}},{"type":"Feature","properties":{"jobs":1265,"pop":65,"pointCount":2,"homeWorkCommuteMedian":16152,"workHomeCommuteMedian":28211},"geometry":{"type":"Polygon","coordinates":[[[-82.53399135385484,28.002863906186747],[-82.53399135385484,28.011857109823993],[-82.5249981502176,28.011857109823993],[-82.5249981502176,28.002863906186747],[-82.53399135385484,28.002863906186747]]]}},{"type":"Feature","properties":{"jobs":2231,"pop":282,"pointCount":2,"homeWorkCommuteMedian":26181,"workHomeCommuteMedian":29670},"geometry":{"type":"Polygon","coordinates":[[[-82.53399135385484,28.011857109823993],[-82.53399135385484,28.02085031346124],[-82.5249981502176,28.02085031346124],[-82.5249981502176,28.011857109823993],[-82.53399135385484,28.011857109823993]]]}},{"type":"Feature","properties":{"jobs":5292,"pop":527,"pointCount":4,"homeWorkCommuteMedian":21909,"workHomeCommuteMedian":29521},"geometry":{"type":"Polygon","coordinates":[[[-82.53399135385484,28.02085031346124],[-82.53399135385484,28.029843517098485],[-82.5249981502176,28.029843517098485],[-82.5249981502176,28.02085031346124],[-82.53399135385484,28.02085031346124]]]}},{"type":"Feature","properties":{"jobs":223,"pop":1435,"pointCount":1,"homeWorkCommuteMedian":22941,"workHomeCommuteMedian":23248},"geometry":{"type":"Polygon","coordinates":[[[-82.53399135385484,28.047829924372977],[-82.53399135385484,28.056823128010222],[-82.5249981502176,28.056823128010222],[-82.5249981502176,28.047829924372977],[-82.53399135385484,28.047829924372977]]]}},{"type":"Feature","properties":{"jobs":77,"pop":976,"pointCount":2,"homeWorkCommuteMedian":19031,"workHomeCommuteMedian":12109},"geometry":{"type":"Polygon","coordinates":[[[-82.53399135385484,28.056823128010222],[-82.53399135385484,28.06581633164747],[-82.5249981502176,28.06581633164747],[-82.5249981502176,28.056823128010222],[-82.53399135385484,28.056823128010222]]]}},{"type":"Feature","properties":{"jobs":2832,"pop":618,"pointCount":2,"homeWorkCommuteMedian":20074,"workHomeCommuteMedian":10609},"geometry":{"type":"Polygon","coordinates":[[[-82.53399135385484,28.06581633164747],[-82.53399135385484,28.074809535284714],[-82.5249981502176,28.074809535284714],[-82.5249981502176,28.06581633164747],[-82.53399135385484,28.06581633164747]]]}},{"type":"Feature","properties":{"jobs":32,"pop":447,"pointCount":1,"homeWorkCommuteMedian":14887,"workHomeCommuteMedian":46080},"geometry":{"type":"Polygon","coordinates":[[[-82.53399135385484,28.074809535284714],[-82.53399135385484,28.08380273892196],[-82.5249981502176,28.08380273892196],[-82.5249981502176,28.074809535284714],[-82.53399135385484,28.074809535284714]]]}},{"type":"Feature","properties":{"jobs":206,"pop":624,"pointCount":1,"homeWorkCommuteMedian":22325,"workHomeCommuteMedian":25907},"geometry":{"type":"Polygon","coordinates":[[[-82.53399135385484,28.08380273892196],[-82.53399135385484,28.092795942559206],[-82.5249981502176,28.092795942559206],[-82.5249981502176,28.08380273892196],[-82.53399135385484,28.08380273892196]]]}},{"type":"Feature","properties":{"jobs":77,"pop":671,"pointCount":1,"homeWorkCommuteMedian":24962,"workHomeCommuteMedian":11749},"geometry":{"type":"Polygon","coordinates":[[[-82.53399135385484,28.092795942559206],[-82.53399135385484,28.101789146196452],[-82.5249981502176,28.101789146196452],[-82.5249981502176,28.092795942559206],[-82.53399135385484,28.092795942559206]]]}},{"type":"Feature","properties":{"jobs":209,"pop":526,"pointCount":1,"homeWorkCommuteMedian":25082,"workHomeCommuteMedian":17564},"geometry":{"type":"Polygon","coordinates":[[[-82.53399135385484,28.101789146196452],[-82.53399135385484,28.1107823498337],[-82.5249981502176,28.1107823498337],[-82.5249981502176,28.101789146196452],[-82.53399135385484,28.101789146196452]]]}},{"type":"Feature","properties":{"jobs":98,"pop":771,"pointCount":1,"homeWorkCommuteMedian":24388,"workHomeCommuteMedian":19448},"geometry":{"type":"Polygon","coordinates":[[[-82.53399135385484,28.1107823498337],[-82.53399135385484,28.119775553470944],[-82.5249981502176,28.119775553470944],[-82.5249981502176,28.1107823498337],[-82.53399135385484,28.1107823498337]]]}},{"type":"Feature","properties":{"jobs":177,"pop":259,"pointCount":1,"homeWorkCommuteMedian":27777,"workHomeCommuteMedian":23200},"geometry":{"type":"Polygon","coordinates":[[[-82.53399135385484,28.12876875710819],[-82.53399135385484,28.137761960745436],[-82.5249981502176,28.137761960745436],[-82.5249981502176,28.12876875710819],[-82.53399135385484,28.12876875710819]]]}},{"type":"Feature","properties":{"jobs":0,"pop":443,"pointCount":1,"homeWorkCommuteMedian":27195,"workHomeCommuteMedian":-1},"geometry":{"type":"Polygon","coordinates":[[[-82.53399135385484,28.137761960745436],[-82.53399135385484,28.146755164382682],[-82.5249981502176,28.146755164382682],[-82.5249981502176,28.137761960745436],[-82.53399135385484,28.137761960745436]]]}},{"type":"Feature","properties":{"jobs":67,"pop":1255,"pointCount":1,"homeWorkCommuteMedian":31136,"workHomeCommuteMedian":25516},"geometry":{"type":"Polygon","coordinates":[[[-82.53399135385484,28.146755164382682],[-82.53399135385484,28.15574836801993],[-82.5249981502176,28.15574836801993],[-82.5249981502176,28.146755164382682],[-82.53399135385484,28.146755164382682]]]}},{"type":"Feature","properties":{"jobs":175,"pop":964,"pointCount":1,"homeWorkCommuteMedian":31605,"workHomeCommuteMedian":26846},"geometry":{"type":"Polygon","coordinates":[[[-82.53399135385484,28.164741571657174],[-82.53399135385484,28.17373477529442],[-82.5249981502176,28.17373477529442],[-82.5249981502176,28.164741571657174],[-82.53399135385484,28.164741571657174]]]}},{"type":"Feature","properties":{"jobs":173,"pop":572,"pointCount":1,"homeWorkCommuteMedian":32129,"workHomeCommuteMedian":27542},"geometry":{"type":"Polygon","coordinates":[[[-82.53399135385484,28.191721182568912],[-82.53399135385484,28.20071438620616],[-82.5249981502176,28.20071438620616],[-82.5249981502176,28.191721182568912],[-82.53399135385484,28.191721182568912]]]}},{"type":"Feature","properties":{"jobs":106,"pop":779,"pointCount":1,"homeWorkCommuteMedian":28755,"workHomeCommuteMedian":28962},"geometry":{"type":"Polygon","coordinates":[[[-82.53399135385484,28.20071438620616],[-82.53399135385484,28.209707589843404],[-82.5249981502176,28.209707589843404],[-82.5249981502176,28.20071438620616],[-82.53399135385484,28.20071438620616]]]}},{"type":"Feature","properties":{"jobs":17,"pop":30,"pointCount":1,"homeWorkCommuteMedian":44796,"workHomeCommuteMedian":91247},"geometry":{"type":"Polygon","coordinates":[[[-82.53399135385484,28.272660015304126],[-82.53399135385484,28.281653218941372],[-82.5249981502176,28.281653218941372],[-82.5249981502176,28.272660015304126],[-82.53399135385484,28.272660015304126]]]}},{"type":"Feature","properties":{"jobs":0,"pop":69,"pointCount":1,"homeWorkCommuteMedian":59757,"workHomeCommuteMedian":-1},"geometry":{"type":"Polygon","coordinates":[[[-82.5249981502176,27.625149353422415],[-82.5249981502176,27.63414255705966],[-82.51600494658035,27.63414255705966],[-82.51600494658035,27.625149353422415],[-82.5249981502176,27.625149353422415]]]}},{"type":"Feature","properties":{"jobs":184,"pop":1257,"pointCount":3,"homeWorkCommuteMedian":22516,"workHomeCommuteMedian":29474},"geometry":{"type":"Polygon","coordinates":[[[-82.5249981502176,27.867965851628057],[-82.5249981502176,27.876959055265303],[-82.51600494658035,27.876959055265303],[-82.51600494658035,27.867965851628057],[-82.5249981502176,27.867965851628057]]]}},{"type":"Feature","properties":{"jobs":99,"pop":3170,"pointCount":3,"homeWorkCommuteMedian":22172,"workHomeCommuteMedian":24344},"geometry":{"type":"Polygon","coordinates":[[[-82.5249981502176,27.876959055265303],[-82.5249981502176,27.88595225890255],[-82.51600494658035,27.88595225890255],[-82.51600494658035,27.876959055265303],[-82.5249981502176,27.876959055265303]]]}},{"type":"Feature","properties":{"jobs":780,"pop":5505,"pointCount":4,"homeWorkCommuteMedian":20390,"workHomeCommuteMedian":27092},"geometry":{"type":"Polygon","coordinates":[[[-82.5249981502176,27.88595225890255],[-82.5249981502176,27.894945462539795],[-82.51600494658035,27.894945462539795],[-82.51600494658035,27.88595225890255],[-82.5249981502176,27.88595225890255]]]}},{"type":"Feature","properties":{"jobs":308,"pop":1329,"pointCount":2,"homeWorkCommuteMedian":21581,"workHomeCommuteMedian":28472},"geometry":{"type":"Polygon","coordinates":[[[-82.5249981502176,27.894945462539795],[-82.5249981502176,27.90393866617704],[-82.51600494658035,27.90393866617704],[-82.51600494658035,27.894945462539795],[-82.5249981502176,27.894945462539795]]]}},{"type":"Feature","properties":{"jobs":305,"pop":392,"pointCount":1,"homeWorkCommuteMedian":23741,"workHomeCommuteMedian":23722},"geometry":{"type":"Polygon","coordinates":[[[-82.5249981502176,27.90393866617704],[-82.5249981502176,27.912931869814287],[-82.51600494658035,27.912931869814287],[-82.51600494658035,27.90393866617704],[-82.5249981502176,27.90393866617704]]]}},{"type":"Feature","properties":{"jobs":289,"pop":628,"pointCount":1,"homeWorkCommuteMedian":22799,"workHomeCommuteMedian":27513},"geometry":{"type":"Polygon","coordinates":[[[-82.5249981502176,27.912931869814287],[-82.5249981502176,27.921925073451533],[-82.51600494658035,27.921925073451533],[-82.51600494658035,27.912931869814287],[-82.5249981502176,27.912931869814287]]]}},{"type":"Feature","properties":{"jobs":449,"pop":853,"pointCount":2,"homeWorkCommuteMedian":17022,"workHomeCommuteMedian":28577},"geometry":{"type":"Polygon","coordinates":[[[-82.5249981502176,27.921925073451533],[-82.5249981502176,27.93091827708878],[-82.51600494658035,27.93091827708878],[-82.51600494658035,27.921925073451533],[-82.5249981502176,27.921925073451533]]]}},{"type":"Feature","properties":{"jobs":1667,"pop":619,"pointCount":3,"homeWorkCommuteMedian":16045,"workHomeCommuteMedian":25285},"geometry":{"type":"Polygon","coordinates":[[[-82.5249981502176,27.939911480726025],[-82.5249981502176,27.94890468436327],[-82.51600494658035,27.94890468436327],[-82.51600494658035,27.939911480726025],[-82.5249981502176,27.939911480726025]]]}},{"type":"Feature","properties":{"jobs":7440,"pop":1206,"pointCount":4,"homeWorkCommuteMedian":14226,"workHomeCommuteMedian":27766},"geometry":{"type":"Polygon","coordinates":[[[-82.5249981502176,27.94890468436327],[-82.5249981502176,27.957897888000517],[-82.51600494658035,27.957897888000517],[-82.51600494658035,27.94890468436327],[-82.5249981502176,27.94890468436327]]]}},{"type":"Feature","properties":{"jobs":49622,"pop":884,"pointCount":2,"homeWorkCommuteMedian":19970,"workHomeCommuteMedian":19065},"geometry":{"type":"Polygon","coordinates":[[[-82.5249981502176,27.957897888000517],[-82.5249981502176,27.966891091637763],[-82.51600494658035,27.966891091637763],[-82.51600494658035,27.957897888000517],[-82.5249981502176,27.957897888000517]]]}},{"type":"Feature","properties":{"jobs":424,"pop":320,"pointCount":2,"homeWorkCommuteMedian":31821,"workHomeCommuteMedian":24393},"geometry":{"type":"Polygon","coordinates":[[[-82.5249981502176,27.966891091637763],[-82.5249981502176,27.97588429527501],[-82.51600494658035,27.97588429527501],[-82.51600494658035,27.966891091637763],[-82.5249981502176,27.966891091637763]]]}},{"type":"Feature","properties":{"jobs":1289,"pop":58,"pointCount":2,"homeWorkCommuteMedian":34846,"workHomeCommuteMedian":30857},"geometry":{"type":"Polygon","coordinates":[[[-82.5249981502176,27.97588429527501],[-82.5249981502176,27.984877498912255],[-82.51600494658035,27.984877498912255],[-82.51600494658035,27.97588429527501],[-82.5249981502176,27.97588429527501]]]}},{"type":"Feature","properties":{"jobs":1310,"pop":104,"pointCount":2,"homeWorkCommuteMedian":10962,"workHomeCommuteMedian":27426},"geometry":{"type":"Polygon","coordinates":[[[-82.5249981502176,27.984877498912255],[-82.5249981502176,27.9938707025495],[-82.51600494658035,27.9938707025495],[-82.51600494658035,27.984877498912255],[-82.5249981502176,27.984877498912255]]]}},{"type":"Feature","properties":{"jobs":813,"pop":76,"pointCount":2,"homeWorkCommuteMedian":20585,"workHomeCommuteMedian":25441},"geometry":{"type":"Polygon","coordinates":[[[-82.5249981502176,27.9938707025495],[-82.5249981502176,28.002863906186747],[-82.51600494658035,28.002863906186747],[-82.51600494658035,27.9938707025495],[-82.5249981502176,27.9938707025495]]]}},{"type":"Feature","properties":{"jobs":197,"pop":35,"pointCount":1,"homeWorkCommuteMedian":29025,"workHomeCommuteMedian":15224},"geometry":{"type":"Polygon","coordinates":[[[-82.5249981502176,28.002863906186747],[-82.5249981502176,28.011857109823993],[-82.51600494658035,28.011857109823993],[-82.51600494658035,28.002863906186747],[-82.5249981502176,28.002863906186747]]]}},{"type":"Feature","properties":{"jobs":4460,"pop":563,"pointCount":2,"homeWorkCommuteMedian":19859,"workHomeCommuteMedian":29584},"geometry":{"type":"Polygon","coordinates":[[[-82.5249981502176,28.011857109823993],[-82.5249981502176,28.02085031346124],[-82.51600494658035,28.02085031346124],[-82.51600494658035,28.011857109823993],[-82.5249981502176,28.011857109823993]]]}},{"type":"Feature","properties":{"jobs":263,"pop":241,"pointCount":1,"homeWorkCommuteMedian":17294,"workHomeCommuteMedian":28945},"geometry":{"type":"Polygon","coordinates":[[[-82.5249981502176,28.02085031346124],[-82.5249981502176,28.029843517098485],[-82.51600494658035,28.029843517098485],[-82.51600494658035,28.02085031346124],[-82.5249981502176,28.02085031346124]]]}},{"type":"Feature","properties":{"jobs":1216,"pop":694,"pointCount":1,"homeWorkCommuteMedian":16451,"workHomeCommuteMedian":24247},"geometry":{"type":"Polygon","coordinates":[[[-82.5249981502176,28.029843517098485],[-82.5249981502176,28.03883672073573],[-82.51600494658035,28.03883672073573],[-82.51600494658035,28.029843517098485],[-82.5249981502176,28.029843517098485]]]}},{"type":"Feature","properties":{"jobs":67,"pop":1296,"pointCount":1,"homeWorkCommuteMedian":16964,"workHomeCommuteMedian":13641},"geometry":{"type":"Polygon","coordinates":[[[-82.5249981502176,28.03883672073573],[-82.5249981502176,28.047829924372977],[-82.51600494658035,28.047829924372977],[-82.51600494658035,28.03883672073573],[-82.5249981502176,28.03883672073573]]]}},{"type":"Feature","properties":{"jobs":176,"pop":587,"pointCount":1,"homeWorkCommuteMedian":20438,"workHomeCommuteMedian":14501},"geometry":{"type":"Polygon","coordinates":[[[-82.5249981502176,28.047829924372977],[-82.5249981502176,28.056823128010222],[-82.51600494658035,28.056823128010222],[-82.51600494658035,28.047829924372977],[-82.5249981502176,28.047829924372977]]]}},{"type":"Feature","properties":{"jobs":105,"pop":1423,"pointCount":2,"homeWorkCommuteMedian":16600,"workHomeCommuteMedian":13276},"geometry":{"type":"Polygon","coordinates":[[[-82.5249981502176,28.056823128010222],[-82.5249981502176,28.06581633164747],[-82.51600494658035,28.06581633164747],[-82.51600494658035,28.056823128010222],[-82.5249981502176,28.056823128010222]]]}},{"type":"Feature","properties":{"jobs":96,"pop":214,"pointCount":1,"homeWorkCommuteMedian":20539,"workHomeCommuteMedian":32971},"geometry":{"type":"Polygon","coordinates":[[[-82.5249981502176,28.06581633164747],[-82.5249981502176,28.074809535284714],[-82.51600494658035,28.074809535284714],[-82.51600494658035,28.06581633164747],[-82.5249981502176,28.06581633164747]]]}},{"type":"Feature","properties":{"jobs":222,"pop":1870,"pointCount":2,"homeWorkCommuteMedian":21540,"workHomeCommuteMedian":31332},"geometry":{"type":"Polygon","coordinates":[[[-82.5249981502176,28.074809535284714],[-82.5249981502176,28.08380273892196],[-82.51600494658035,28.08380273892196],[-82.51600494658035,28.074809535284714],[-82.5249981502176,28.074809535284714]]]}},{"type":"Feature","properties":{"jobs":190,"pop":715,"pointCount":1,"homeWorkCommuteMedian":18782,"workHomeCommuteMedian":20858},"geometry":{"type":"Polygon","coordinates":[[[-82.5249981502176,28.08380273892196],[-82.5249981502176,28.092795942559206],[-82.51600494658035,28.092795942559206],[-82.51600494658035,28.08380273892196],[-82.5249981502176,28.08380273892196]]]}},{"type":"Feature","properties":{"jobs":95,"pop":1542,"pointCount":2,"homeWorkCommuteMedian":23291,"workHomeCommuteMedian":28130},"geometry":{"type":"Polygon","coordinates":[[[-82.5249981502176,28.092795942559206],[-82.5249981502176,28.101789146196452],[-82.51600494658035,28.101789146196452],[-82.51600494658035,28.092795942559206],[-82.5249981502176,28.092795942559206]]]}},{"type":"Feature","properties":{"jobs":74,"pop":237,"pointCount":1,"homeWorkCommuteMedian":18410,"workHomeCommuteMedian":21470},"geometry":{"type":"Polygon","coordinates":[[[-82.5249981502176,28.119775553470944],[-82.5249981502176,28.12876875710819],[-82.51600494658035,28.12876875710819],[-82.51600494658035,28.119775553470944],[-82.5249981502176,28.119775553470944]]]}},{"type":"Feature","properties":{"jobs":100,"pop":372,"pointCount":1,"homeWorkCommuteMedian":26230,"workHomeCommuteMedian":23214},"geometry":{"type":"Polygon","coordinates":[[[-82.5249981502176,28.12876875710819],[-82.5249981502176,28.137761960745436],[-82.51600494658035,28.137761960745436],[-82.51600494658035,28.12876875710819],[-82.5249981502176,28.12876875710819]]]}},{"type":"Feature","properties":{"jobs":23,"pop":580,"pointCount":1,"homeWorkCommuteMedian":25296,"workHomeCommuteMedian":34074},"geometry":{"type":"Polygon","coordinates":[[[-82.5249981502176,28.137761960745436],[-82.5249981502176,28.146755164382682],[-82.51600494658035,28.146755164382682],[-82.51600494658035,28.137761960745436],[-82.5249981502176,28.137761960745436]]]}},{"type":"Feature","properties":{"jobs":133,"pop":598,"pointCount":1,"homeWorkCommuteMedian":29508,"workHomeCommuteMedian":27804},"geometry":{"type":"Polygon","coordinates":[[[-82.5249981502176,28.146755164382682],[-82.5249981502176,28.15574836801993],[-82.51600494658035,28.15574836801993],[-82.51600494658035,28.146755164382682],[-82.5249981502176,28.146755164382682]]]}},{"type":"Feature","properties":{"jobs":183,"pop":947,"pointCount":1,"homeWorkCommuteMedian":30056,"workHomeCommuteMedian":28307},"geometry":{"type":"Polygon","coordinates":[[[-82.5249981502176,28.182727978931666],[-82.5249981502176,28.191721182568912],[-82.51600494658035,28.191721182568912],[-82.51600494658035,28.182727978931666],[-82.5249981502176,28.182727978931666]]]}},{"type":"Feature","properties":{"jobs":209,"pop":812,"pointCount":2,"homeWorkCommuteMedian":25127,"workHomeCommuteMedian":24728},"geometry":{"type":"Polygon","coordinates":[[[-82.5249981502176,28.191721182568912],[-82.5249981502176,28.20071438620616],[-82.51600494658035,28.20071438620616],[-82.51600494658035,28.191721182568912],[-82.5249981502176,28.191721182568912]]]}},{"type":"Feature","properties":{"jobs":96,"pop":680,"pointCount":1,"homeWorkCommuteMedian":33275,"workHomeCommuteMedian":27567},"geometry":{"type":"Polygon","coordinates":[[[-82.5249981502176,28.209707589843404],[-82.5249981502176,28.21870079348065],[-82.51600494658035,28.21870079348065],[-82.51600494658035,28.209707589843404],[-82.5249981502176,28.209707589843404]]]}},{"type":"Feature","properties":{"jobs":86,"pop":281,"pointCount":1,"homeWorkCommuteMedian":38818,"workHomeCommuteMedian":30187},"geometry":{"type":"Polygon","coordinates":[[[-82.5249981502176,28.227693997117896],[-82.5249981502176,28.236687200755142],[-82.51600494658035,28.236687200755142],[-82.51600494658035,28.227693997117896],[-82.5249981502176,28.227693997117896]]]}},{"type":"Feature","properties":{"jobs":0,"pop":27,"pointCount":1,"homeWorkCommuteMedian":43363,"workHomeCommuteMedian":-1},"geometry":{"type":"Polygon","coordinates":[[[-82.51600494658035,27.6611221679714],[-82.51600494658035,27.670115371608645],[-82.5070117429431,27.670115371608645],[-82.5070117429431,27.6611221679714],[-82.51600494658035,27.6611221679714]]]}},{"type":"Feature","properties":{"jobs":360,"pop":0,"pointCount":1,"homeWorkCommuteMedian":-1,"workHomeCommuteMedian":41411},"geometry":{"type":"Polygon","coordinates":[[[-82.51600494658035,27.84098624071632],[-82.51600494658035,27.849979444353565],[-82.5070117429431,27.849979444353565],[-82.5070117429431,27.84098624071632],[-82.51600494658035,27.84098624071632]]]}},{"type":"Feature","properties":{"jobs":730,"pop":1616,"pointCount":3,"homeWorkCommuteMedian":25732,"workHomeCommuteMedian":35238},"geometry":{"type":"Polygon","coordinates":[[[-82.51600494658035,27.867965851628057],[-82.51600494658035,27.876959055265303],[-82.5070117429431,27.876959055265303],[-82.5070117429431,27.867965851628057],[-82.51600494658035,27.867965851628057]]]}},{"type":"Feature","properties":{"jobs":302,"pop":2599,"pointCount":2,"homeWorkCommuteMedian":24557,"workHomeCommuteMedian":32458},"geometry":{"type":"Polygon","coordinates":[[[-82.51600494658035,27.876959055265303],[-82.51600494658035,27.88595225890255],[-82.5070117429431,27.88595225890255],[-82.5070117429431,27.876959055265303],[-82.51600494658035,27.876959055265303]]]}},{"type":"Feature","properties":{"jobs":481,"pop":4049,"pointCount":2,"homeWorkCommuteMedian":19634,"workHomeCommuteMedian":33476},"geometry":{"type":"Polygon","coordinates":[[[-82.51600494658035,27.88595225890255],[-82.51600494658035,27.894945462539795],[-82.5070117429431,27.894945462539795],[-82.5070117429431,27.88595225890255],[-82.51600494658035,27.88595225890255]]]}},{"type":"Feature","properties":{"jobs":2183,"pop":3896,"pointCount":4,"homeWorkCommuteMedian":22045,"workHomeCommuteMedian":29844},"geometry":{"type":"Polygon","coordinates":[[[-82.51600494658035,27.894945462539795],[-82.51600494658035,27.90393866617704],[-82.5070117429431,27.90393866617704],[-82.5070117429431,27.894945462539795],[-82.51600494658035,27.894945462539795]]]}},{"type":"Feature","properties":{"jobs":337,"pop":2417,"pointCount":3,"homeWorkCommuteMedian":21708,"workHomeCommuteMedian":26726},"geometry":{"type":"Polygon","coordinates":[[[-82.51600494658035,27.90393866617704],[-82.51600494658035,27.912931869814287],[-82.5070117429431,27.912931869814287],[-82.5070117429431,27.90393866617704],[-82.51600494658035,27.90393866617704]]]}},{"type":"Feature","properties":{"jobs":762,"pop":2032,"pointCount":2,"homeWorkCommuteMedian":24006,"workHomeCommuteMedian":22430},"geometry":{"type":"Polygon","coordinates":[[[-82.51600494658035,27.912931869814287],[-82.51600494658035,27.921925073451533],[-82.5070117429431,27.921925073451533],[-82.5070117429431,27.912931869814287],[-82.51600494658035,27.912931869814287]]]}},{"type":"Feature","properties":{"jobs":380,"pop":784,"pointCount":1,"homeWorkCommuteMedian":26130,"workHomeCommuteMedian":27027},"geometry":{"type":"Polygon","coordinates":[[[-82.51600494658035,27.921925073451533],[-82.51600494658035,27.93091827708878],[-82.5070117429431,27.93091827708878],[-82.5070117429431,27.921925073451533],[-82.51600494658035,27.921925073451533]]]}},{"type":"Feature","properties":{"jobs":724,"pop":253,"pointCount":1,"homeWorkCommuteMedian":22760,"workHomeCommuteMedian":26504},"geometry":{"type":"Polygon","coordinates":[[[-82.51600494658035,27.93091827708878],[-82.51600494658035,27.939911480726025],[-82.5070117429431,27.939911480726025],[-82.5070117429431,27.93091827708878],[-82.51600494658035,27.93091827708878]]]}},{"type":"Feature","properties":{"jobs":1488,"pop":1130,"pointCount":3,"homeWorkCommuteMedian":13172,"workHomeCommuteMedian":23863},"geometry":{"type":"Polygon","coordinates":[[[-82.51600494658035,27.939911480726025],[-82.51600494658035,27.94890468436327],[-82.5070117429431,27.94890468436327],[-82.5070117429431,27.939911480726025],[-82.51600494658035,27.939911480726025]]]}},{"type":"Feature","properties":{"jobs":1084,"pop":6593,"pointCount":3,"homeWorkCommuteMedian":8469,"workHomeCommuteMedian":29208},"geometry":{"type":"Polygon","coordinates":[[[-82.51600494658035,27.94890468436327],[-82.51600494658035,27.957897888000517],[-82.5070117429431,27.957897888000517],[-82.5070117429431,27.94890468436327],[-82.51600494658035,27.94890468436327]]]}},{"type":"Feature","properties":{"jobs":11373,"pop":3815,"pointCount":5,"homeWorkCommuteMedian":11202,"workHomeCommuteMedian":29346},"geometry":{"type":"Polygon","coordinates":[[[-82.51600494658035,27.957897888000517],[-82.51600494658035,27.966891091637763],[-82.5070117429431,27.966891091637763],[-82.5070117429431,27.957897888000517],[-82.51600494658035,27.957897888000517]]]}},{"type":"Feature","properties":{"jobs":208,"pop":178,"pointCount":1,"homeWorkCommuteMedian":9530,"workHomeCommuteMedian":23647},"geometry":{"type":"Polygon","coordinates":[[[-82.51600494658035,27.966891091637763],[-82.51600494658035,27.97588429527501],[-82.5070117429431,27.97588429527501],[-82.5070117429431,27.966891091637763],[-82.51600494658035,27.966891091637763]]]}},{"type":"Feature","properties":{"jobs":7420,"pop":401,"pointCount":3,"homeWorkCommuteMedian":16881,"workHomeCommuteMedian":19768},"geometry":{"type":"Polygon","coordinates":[[[-82.51600494658035,27.97588429527501],[-82.51600494658035,27.984877498912255],[-82.5070117429431,27.984877498912255],[-82.5070117429431,27.97588429527501],[-82.51600494658035,27.97588429527501]]]}},{"type":"Feature","properties":{"jobs":1336,"pop":350,"pointCount":4,"homeWorkCommuteMedian":12447,"workHomeCommuteMedian":25058},"geometry":{"type":"Polygon","coordinates":[[[-82.51600494658035,27.984877498912255],[-82.51600494658035,27.9938707025495],[-82.5070117429431,27.9938707025495],[-82.5070117429431,27.984877498912255],[-82.51600494658035,27.984877498912255]]]}},{"type":"Feature","properties":{"jobs":420,"pop":382,"pointCount":3,"homeWorkCommuteMedian":16962,"workHomeCommuteMedian":27150},"geometry":{"type":"Polygon","coordinates":[[[-82.51600494658035,27.9938707025495],[-82.51600494658035,28.002863906186747],[-82.5070117429431,28.002863906186747],[-82.5070117429431,27.9938707025495],[-82.51600494658035,27.9938707025495]]]}},{"type":"Feature","properties":{"jobs":46,"pop":474,"pointCount":1,"homeWorkCommuteMedian":22305,"workHomeCommuteMedian":10868},"geometry":{"type":"Polygon","coordinates":[[[-82.51600494658035,28.002863906186747],[-82.51600494658035,28.011857109823993],[-82.5070117429431,28.011857109823993],[-82.5070117429431,28.002863906186747],[-82.51600494658035,28.002863906186747]]]}},{"type":"Feature","properties":{"jobs":752,"pop":2036,"pointCount":3,"homeWorkCommuteMedian":14620,"workHomeCommuteMedian":23468},"geometry":{"type":"Polygon","coordinates":[[[-82.51600494658035,28.02085031346124],[-82.51600494658035,28.029843517098485],[-82.5070117429431,28.029843517098485],[-82.5070117429431,28.02085031346124],[-82.51600494658035,28.02085031346124]]]}},{"type":"Feature","properties":{"jobs":935,"pop":1723,"pointCount":2,"homeWorkCommuteMedian":15080,"workHomeCommuteMedian":31613},"geometry":{"type":"Polygon","coordinates":[[[-82.51600494658035,28.029843517098485],[-82.51600494658035,28.03883672073573],[-82.5070117429431,28.03883672073573],[-82.5070117429431,28.029843517098485],[-82.51600494658035,28.029843517098485]]]}},{"type":"Feature","properties":{"jobs":1749,"pop":2267,"pointCount":2,"homeWorkCommuteMedian":16580,"workHomeCommuteMedian":27350},"geometry":{"type":"Polygon","coordinates":[[[-82.51600494658035,28.03883672073573],[-82.51600494658035,28.047829924372977],[-82.5070117429431,28.047829924372977],[-82.5070117429431,28.03883672073573],[-82.51600494658035,28.03883672073573]]]}},{"type":"Feature","properties":{"jobs":276,"pop":1146,"pointCount":2,"homeWorkCommuteMedian":16113,"workHomeCommuteMedian":22687},"geometry":{"type":"Polygon","coordinates":[[[-82.51600494658035,28.047829924372977],[-82.51600494658035,28.056823128010222],[-82.5070117429431,28.056823128010222],[-82.5070117429431,28.047829924372977],[-82.51600494658035,28.047829924372977]]]}},{"type":"Feature","properties":{"jobs":360,"pop":203,"pointCount":1,"homeWorkCommuteMedian":28996,"workHomeCommuteMedian":30895},"geometry":{"type":"Polygon","coordinates":[[[-82.51600494658035,28.056823128010222],[-82.51600494658035,28.06581633164747],[-82.5070117429431,28.06581633164747],[-82.5070117429431,28.056823128010222],[-82.51600494658035,28.056823128010222]]]}},{"type":"Feature","properties":{"jobs":840,"pop":332,"pointCount":2,"homeWorkCommuteMedian":21665,"workHomeCommuteMedian":21334},"geometry":{"type":"Polygon","coordinates":[[[-82.51600494658035,28.06581633164747],[-82.51600494658035,28.074809535284714],[-82.5070117429431,28.074809535284714],[-82.5070117429431,28.06581633164747],[-82.51600494658035,28.06581633164747]]]}},{"type":"Feature","properties":{"jobs":800,"pop":344,"pointCount":1,"homeWorkCommuteMedian":20874,"workHomeCommuteMedian":27829},"geometry":{"type":"Polygon","coordinates":[[[-82.51600494658035,28.074809535284714],[-82.51600494658035,28.08380273892196],[-82.5070117429431,28.08380273892196],[-82.5070117429431,28.074809535284714],[-82.51600494658035,28.074809535284714]]]}},{"type":"Feature","properties":{"jobs":403,"pop":517,"pointCount":1,"homeWorkCommuteMedian":21242,"workHomeCommuteMedian":31583},"geometry":{"type":"Polygon","coordinates":[[[-82.51600494658035,28.08380273892196],[-82.51600494658035,28.092795942559206],[-82.5070117429431,28.092795942559206],[-82.5070117429431,28.08380273892196],[-82.51600494658035,28.08380273892196]]]}},{"type":"Feature","properties":{"jobs":652,"pop":906,"pointCount":2,"homeWorkCommuteMedian":18361,"workHomeCommuteMedian":32173},"geometry":{"type":"Polygon","coordinates":[[[-82.51600494658035,28.092795942559206],[-82.51600494658035,28.101789146196452],[-82.5070117429431,28.101789146196452],[-82.5070117429431,28.092795942559206],[-82.51600494658035,28.092795942559206]]]}},{"type":"Feature","properties":{"jobs":363,"pop":1262,"pointCount":1,"homeWorkCommuteMedian":22401,"workHomeCommuteMedian":25474},"geometry":{"type":"Polygon","coordinates":[[[-82.51600494658035,28.101789146196452],[-82.51600494658035,28.1107823498337],[-82.5070117429431,28.1107823498337],[-82.5070117429431,28.101789146196452],[-82.51600494658035,28.101789146196452]]]}},{"type":"Feature","properties":{"jobs":58,"pop":879,"pointCount":1,"homeWorkCommuteMedian":21015,"workHomeCommuteMedian":16288},"geometry":{"type":"Polygon","coordinates":[[[-82.51600494658035,28.1107823498337],[-82.51600494658035,28.119775553470944],[-82.5070117429431,28.119775553470944],[-82.5070117429431,28.1107823498337],[-82.51600494658035,28.1107823498337]]]}},{"type":"Feature","properties":{"jobs":1855,"pop":313,"pointCount":1,"homeWorkCommuteMedian":26601,"workHomeCommuteMedian":28498},"geometry":{"type":"Polygon","coordinates":[[[-82.51600494658035,28.12876875710819],[-82.51600494658035,28.137761960745436],[-82.5070117429431,28.137761960745436],[-82.5070117429431,28.12876875710819],[-82.51600494658035,28.12876875710819]]]}},{"type":"Feature","properties":{"jobs":96,"pop":298,"pointCount":1,"homeWorkCommuteMedian":27609,"workHomeCommuteMedian":25912},"geometry":{"type":"Polygon","coordinates":[[[-82.51600494658035,28.137761960745436],[-82.51600494658035,28.146755164382682],[-82.5070117429431,28.146755164382682],[-82.5070117429431,28.137761960745436],[-82.51600494658035,28.137761960745436]]]}},{"type":"Feature","properties":{"jobs":239,"pop":935,"pointCount":1,"homeWorkCommuteMedian":23459,"workHomeCommuteMedian":27085},"geometry":{"type":"Polygon","coordinates":[[[-82.51600494658035,28.15574836801993],[-82.51600494658035,28.164741571657174],[-82.5070117429431,28.164741571657174],[-82.5070117429431,28.15574836801993],[-82.51600494658035,28.15574836801993]]]}},{"type":"Feature","properties":{"jobs":50,"pop":996,"pointCount":1,"homeWorkCommuteMedian":28551,"workHomeCommuteMedian":30772},"geometry":{"type":"Polygon","coordinates":[[[-82.51600494658035,28.17373477529442],[-82.51600494658035,28.182727978931666],[-82.5070117429431,28.182727978931666],[-82.5070117429431,28.17373477529442],[-82.51600494658035,28.17373477529442]]]}},{"type":"Feature","properties":{"jobs":46,"pop":434,"pointCount":1,"homeWorkCommuteMedian":34290,"workHomeCommuteMedian":30003},"geometry":{"type":"Polygon","coordinates":[[[-82.51600494658035,28.20071438620616],[-82.51600494658035,28.209707589843404],[-82.5070117429431,28.209707589843404],[-82.5070117429431,28.20071438620616],[-82.51600494658035,28.20071438620616]]]}},{"type":"Feature","properties":{"jobs":0,"pop":14,"pointCount":1,"homeWorkCommuteMedian":93134,"workHomeCommuteMedian":-1},"geometry":{"type":"Polygon","coordinates":[[[-82.5070117429431,27.63414255705966],[-82.5070117429431,27.643135760696907],[-82.49801853930586,27.643135760696907],[-82.49801853930586,27.63414255705966],[-82.5070117429431,27.63414255705966]]]}},{"type":"Feature","properties":{"jobs":8,"pop":52,"pointCount":1,"homeWorkCommuteMedian":44581,"workHomeCommuteMedian":27258},"geometry":{"type":"Polygon","coordinates":[[[-82.5070117429431,27.643135760696907],[-82.5070117429431,27.652128964334153],[-82.49801853930586,27.652128964334153],[-82.49801853930586,27.643135760696907],[-82.5070117429431,27.643135760696907]]]}},{"type":"Feature","properties":{"jobs":140,"pop":416,"pointCount":1,"homeWorkCommuteMedian":23874,"workHomeCommuteMedian":37342},"geometry":{"type":"Polygon","coordinates":[[[-82.5070117429431,27.867965851628057],[-82.5070117429431,27.876959055265303],[-82.49801853930586,27.876959055265303],[-82.49801853930586,27.867965851628057],[-82.5070117429431,27.867965851628057]]]}},{"type":"Feature","properties":{"jobs":29,"pop":834,"pointCount":1,"homeWorkCommuteMedian":18663,"workHomeCommuteMedian":31325},"geometry":{"type":"Polygon","coordinates":[[[-82.5070117429431,27.876959055265303],[-82.5070117429431,27.88595225890255],[-82.49801853930586,27.88595225890255],[-82.49801853930586,27.876959055265303],[-82.5070117429431,27.876959055265303]]]}},{"type":"Feature","properties":{"jobs":749,"pop":810,"pointCount":3,"homeWorkCommuteMedian":20799,"workHomeCommuteMedian":28856},"geometry":{"type":"Polygon","coordinates":[[[-82.5070117429431,27.88595225890255],[-82.5070117429431,27.894945462539795],[-82.49801853930586,27.894945462539795],[-82.49801853930586,27.88595225890255],[-82.5070117429431,27.88595225890255]]]}},{"type":"Feature","properties":{"jobs":322,"pop":439,"pointCount":1,"homeWorkCommuteMedian":22944,"workHomeCommuteMedian":27173},"geometry":{"type":"Polygon","coordinates":[[[-82.5070117429431,27.894945462539795],[-82.5070117429431,27.90393866617704],[-82.49801853930586,27.90393866617704],[-82.49801853930586,27.894945462539795],[-82.5070117429431,27.894945462539795]]]}},{"type":"Feature","properties":{"jobs":1240,"pop":2223,"pointCount":3,"homeWorkCommuteMedian":23199,"workHomeCommuteMedian":29440},"geometry":{"type":"Polygon","coordinates":[[[-82.5070117429431,27.90393866617704],[-82.5070117429431,27.912931869814287],[-82.49801853930586,27.912931869814287],[-82.49801853930586,27.90393866617704],[-82.5070117429431,27.90393866617704]]]}},{"type":"Feature","properties":{"jobs":563,"pop":783,"pointCount":1,"homeWorkCommuteMedian":19432,"workHomeCommuteMedian":26304},"geometry":{"type":"Polygon","coordinates":[[[-82.5070117429431,27.912931869814287],[-82.5070117429431,27.921925073451533],[-82.49801853930586,27.921925073451533],[-82.49801853930586,27.912931869814287],[-82.5070117429431,27.912931869814287]]]}},{"type":"Feature","properties":{"jobs":1512,"pop":778,"pointCount":2,"homeWorkCommuteMedian":20471,"workHomeCommuteMedian":26324},"geometry":{"type":"Polygon","coordinates":[[[-82.5070117429431,27.921925073451533],[-82.5070117429431,27.93091827708878],[-82.49801853930586,27.93091827708878],[-82.49801853930586,27.921925073451533],[-82.5070117429431,27.921925073451533]]]}},{"type":"Feature","properties":{"jobs":1758,"pop":1044,"pointCount":3,"homeWorkCommuteMedian":21209,"workHomeCommuteMedian":27326},"geometry":{"type":"Polygon","coordinates":[[[-82.5070117429431,27.93091827708878],[-82.5070117429431,27.939911480726025],[-82.49801853930586,27.939911480726025],[-82.49801853930586,27.93091827708878],[-82.5070117429431,27.93091827708878]]]}},{"type":"Feature","properties":{"jobs":2330,"pop":1391,"pointCount":3,"homeWorkCommuteMedian":19844,"workHomeCommuteMedian":27065},"geometry":{"type":"Polygon","coordinates":[[[-82.5070117429431,27.939911480726025],[-82.5070117429431,27.94890468436327],[-82.49801853930586,27.94890468436327],[-82.49801853930586,27.939911480726025],[-82.5070117429431,27.939911480726025]]]}},{"type":"Feature","properties":{"jobs":1897,"pop":2349,"pointCount":4,"homeWorkCommuteMedian":17874,"workHomeCommuteMedian":26163},"geometry":{"type":"Polygon","coordinates":[[[-82.5070117429431,27.94890468436327],[-82.5070117429431,27.957897888000517],[-82.49801853930586,27.957897888000517],[-82.49801853930586,27.94890468436327],[-82.5070117429431,27.94890468436327]]]}},{"type":"Feature","properties":{"jobs":2391,"pop":1712,"pointCount":3,"homeWorkCommuteMedian":17894,"workHomeCommuteMedian":27735},"geometry":{"type":"Polygon","coordinates":[[[-82.5070117429431,27.957897888000517],[-82.5070117429431,27.966891091637763],[-82.49801853930586,27.966891091637763],[-82.49801853930586,27.957897888000517],[-82.5070117429431,27.957897888000517]]]}},{"type":"Feature","properties":{"jobs":430,"pop":779,"pointCount":1,"homeWorkCommuteMedian":10693,"workHomeCommuteMedian":26613},"geometry":{"type":"Polygon","coordinates":[[[-82.5070117429431,27.966891091637763],[-82.5070117429431,27.97588429527501],[-82.49801853930586,27.97588429527501],[-82.49801853930586,27.966891091637763],[-82.5070117429431,27.966891091637763]]]}},{"type":"Feature","properties":{"jobs":5188,"pop":99,"pointCount":2,"homeWorkCommuteMedian":27222,"workHomeCommuteMedian":23896},"geometry":{"type":"Polygon","coordinates":[[[-82.5070117429431,27.97588429527501],[-82.5070117429431,27.984877498912255],[-82.49801853930586,27.984877498912255],[-82.49801853930586,27.97588429527501],[-82.5070117429431,27.97588429527501]]]}},{"type":"Feature","properties":{"jobs":1188,"pop":137,"pointCount":1,"homeWorkCommuteMedian":12639,"workHomeCommuteMedian":27328},"geometry":{"type":"Polygon","coordinates":[[[-82.5070117429431,27.984877498912255],[-82.5070117429431,27.9938707025495],[-82.49801853930586,27.9938707025495],[-82.49801853930586,27.984877498912255],[-82.5070117429431,27.984877498912255]]]}},{"type":"Feature","properties":{"jobs":1385,"pop":2065,"pointCount":3,"homeWorkCommuteMedian":11603,"workHomeCommuteMedian":26006},"geometry":{"type":"Polygon","coordinates":[[[-82.5070117429431,27.9938707025495],[-82.5070117429431,28.002863906186747],[-82.49801853930586,28.002863906186747],[-82.49801853930586,27.9938707025495],[-82.5070117429431,27.9938707025495]]]}},{"type":"Feature","properties":{"jobs":819,"pop":860,"pointCount":2,"homeWorkCommuteMedian":15250,"workHomeCommuteMedian":23431},"geometry":{"type":"Polygon","coordinates":[[[-82.5070117429431,28.002863906186747],[-82.5070117429431,28.011857109823993],[-82.49801853930586,28.011857109823993],[-82.49801853930586,28.002863906186747],[-82.5070117429431,28.002863906186747]]]}},{"type":"Feature","properties":{"jobs":266,"pop":2964,"pointCount":4,"homeWorkCommuteMedian":14537,"workHomeCommuteMedian":25875},"geometry":{"type":"Polygon","coordinates":[[[-82.5070117429431,28.011857109823993],[-82.5070117429431,28.02085031346124],[-82.49801853930586,28.02085031346124],[-82.49801853930586,28.011857109823993],[-82.5070117429431,28.011857109823993]]]}},{"type":"Feature","properties":{"jobs":2051,"pop":1878,"pointCount":3,"homeWorkCommuteMedian":15195,"workHomeCommuteMedian":27327},"geometry":{"type":"Polygon","coordinates":[[[-82.5070117429431,28.02085031346124],[-82.5070117429431,28.029843517098485],[-82.49801853930586,28.029843517098485],[-82.49801853930586,28.02085031346124],[-82.5070117429431,28.02085031346124]]]}},{"type":"Feature","properties":{"jobs":820,"pop":2251,"pointCount":4,"homeWorkCommuteMedian":14208,"workHomeCommuteMedian":28060},"geometry":{"type":"Polygon","coordinates":[[[-82.5070117429431,28.029843517098485],[-82.5070117429431,28.03883672073573],[-82.49801853930586,28.03883672073573],[-82.49801853930586,28.029843517098485],[-82.5070117429431,28.029843517098485]]]}},{"type":"Feature","properties":{"jobs":253,"pop":433,"pointCount":1,"homeWorkCommuteMedian":15753,"workHomeCommuteMedian":25149},"geometry":{"type":"Polygon","coordinates":[[[-82.5070117429431,28.03883672073573],[-82.5070117429431,28.047829924372977],[-82.49801853930586,28.047829924372977],[-82.49801853930586,28.03883672073573],[-82.5070117429431,28.03883672073573]]]}},{"type":"Feature","properties":{"jobs":719,"pop":602,"pointCount":3,"homeWorkCommuteMedian":25565,"workHomeCommuteMedian":23595},"geometry":{"type":"Polygon","coordinates":[[[-82.5070117429431,28.047829924372977],[-82.5070117429431,28.056823128010222],[-82.49801853930586,28.056823128010222],[-82.49801853930586,28.047829924372977],[-82.5070117429431,28.047829924372977]]]}},{"type":"Feature","properties":{"jobs":442,"pop":412,"pointCount":2,"homeWorkCommuteMedian":15552,"workHomeCommuteMedian":21799},"geometry":{"type":"Polygon","coordinates":[[[-82.5070117429431,28.056823128010222],[-82.5070117429431,28.06581633164747],[-82.49801853930586,28.06581633164747],[-82.49801853930586,28.056823128010222],[-82.5070117429431,28.056823128010222]]]}},{"type":"Feature","properties":{"jobs":494,"pop":56,"pointCount":1,"homeWorkCommuteMedian":30672,"workHomeCommuteMedian":28418},"geometry":{"type":"Polygon","coordinates":[[[-82.5070117429431,28.06581633164747],[-82.5070117429431,28.074809535284714],[-82.49801853930586,28.074809535284714],[-82.49801853930586,28.06581633164747],[-82.5070117429431,28.06581633164747]]]}},{"type":"Feature","properties":{"jobs":1125,"pop":208,"pointCount":1,"homeWorkCommuteMedian":19842,"workHomeCommuteMedian":20830},"geometry":{"type":"Polygon","coordinates":[[[-82.5070117429431,28.074809535284714],[-82.5070117429431,28.08380273892196],[-82.49801853930586,28.08380273892196],[-82.49801853930586,28.074809535284714],[-82.5070117429431,28.074809535284714]]]}},{"type":"Feature","properties":{"jobs":763,"pop":2756,"pointCount":3,"homeWorkCommuteMedian":21450,"workHomeCommuteMedian":21366},"geometry":{"type":"Polygon","coordinates":[[[-82.5070117429431,28.08380273892196],[-82.5070117429431,28.092795942559206],[-82.49801853930586,28.092795942559206],[-82.49801853930586,28.08380273892196],[-82.5070117429431,28.08380273892196]]]}},{"type":"Feature","properties":{"jobs":1445,"pop":2176,"pointCount":3,"homeWorkCommuteMedian":21122,"workHomeCommuteMedian":30076},"geometry":{"type":"Polygon","coordinates":[[[-82.5070117429431,28.092795942559206],[-82.5070117429431,28.101789146196452],[-82.49801853930586,28.101789146196452],[-82.49801853930586,28.092795942559206],[-82.5070117429431,28.092795942559206]]]}},{"type":"Feature","properties":{"jobs":455,"pop":541,"pointCount":1,"homeWorkCommuteMedian":22677,"workHomeCommuteMedian":23355},"geometry":{"type":"Polygon","coordinates":[[[-82.5070117429431,28.101789146196452],[-82.5070117429431,28.1107823498337],[-82.49801853930586,28.1107823498337],[-82.49801853930586,28.101789146196452],[-82.5070117429431,28.101789146196452]]]}},{"type":"Feature","properties":{"jobs":415,"pop":292,"pointCount":1,"homeWorkCommuteMedian":29153,"workHomeCommuteMedian":27335},"geometry":{"type":"Polygon","coordinates":[[[-82.5070117429431,28.119775553470944],[-82.5070117429431,28.12876875710819],[-82.49801853930586,28.12876875710819],[-82.49801853930586,28.119775553470944],[-82.5070117429431,28.119775553470944]]]}},{"type":"Feature","properties":{"jobs":285,"pop":257,"pointCount":1,"homeWorkCommuteMedian":27085,"workHomeCommuteMedian":24386},"geometry":{"type":"Polygon","coordinates":[[[-82.5070117429431,28.12876875710819],[-82.5070117429431,28.137761960745436],[-82.49801853930586,28.137761960745436],[-82.49801853930586,28.12876875710819],[-82.5070117429431,28.12876875710819]]]}},{"type":"Feature","properties":{"jobs":224,"pop":1163,"pointCount":2,"homeWorkCommuteMedian":28397,"workHomeCommuteMedian":28674},"geometry":{"type":"Polygon","coordinates":[[[-82.5070117429431,28.137761960745436],[-82.5070117429431,28.146755164382682],[-82.49801853930586,28.146755164382682],[-82.49801853930586,28.137761960745436],[-82.5070117429431,28.137761960745436]]]}},{"type":"Feature","properties":{"jobs":9,"pop":380,"pointCount":1,"homeWorkCommuteMedian":24460,"workHomeCommuteMedian":31437},"geometry":{"type":"Polygon","coordinates":[[[-82.5070117429431,28.146755164382682],[-82.5070117429431,28.15574836801993],[-82.49801853930586,28.15574836801993],[-82.49801853930586,28.146755164382682],[-82.5070117429431,28.146755164382682]]]}},{"type":"Feature","properties":{"jobs":36,"pop":537,"pointCount":1,"homeWorkCommuteMedian":30128,"workHomeCommuteMedian":26538},"geometry":{"type":"Polygon","coordinates":[[[-82.5070117429431,28.15574836801993],[-82.5070117429431,28.164741571657174],[-82.49801853930586,28.164741571657174],[-82.49801853930586,28.15574836801993],[-82.5070117429431,28.15574836801993]]]}},{"type":"Feature","properties":{"jobs":428,"pop":531,"pointCount":2,"homeWorkCommuteMedian":30709,"workHomeCommuteMedian":27663},"geometry":{"type":"Polygon","coordinates":[[[-82.5070117429431,28.191721182568912],[-82.5070117429431,28.20071438620616],[-82.49801853930586,28.20071438620616],[-82.49801853930586,28.191721182568912],[-82.5070117429431,28.191721182568912]]]}},{"type":"Feature","properties":{"jobs":14,"pop":322,"pointCount":1,"homeWorkCommuteMedian":36126,"workHomeCommuteMedian":66807},"geometry":{"type":"Polygon","coordinates":[[[-82.5070117429431,28.21870079348065],[-82.5070117429431,28.227693997117896],[-82.49801853930586,28.227693997117896],[-82.49801853930586,28.21870079348065],[-82.5070117429431,28.21870079348065]]]}},{"type":"Feature","properties":{"jobs":0,"pop":148,"pointCount":1,"homeWorkCommuteMedian":33841,"workHomeCommuteMedian":-1},"geometry":{"type":"Polygon","coordinates":[[[-82.5070117429431,28.245680404392388],[-82.5070117429431,28.254673608029634],[-82.49801853930586,28.254673608029634],[-82.49801853930586,28.245680404392388],[-82.5070117429431,28.245680404392388]]]}},{"type":"Feature","properties":{"jobs":10,"pop":170,"pointCount":1,"homeWorkCommuteMedian":45917,"workHomeCommuteMedian":25427},"geometry":{"type":"Polygon","coordinates":[[[-82.5070117429431,28.26366681166688],[-82.5070117429431,28.272660015304126],[-82.49801853930586,28.272660015304126],[-82.49801853930586,28.26366681166688],[-82.5070117429431,28.26366681166688]]]}},{"type":"Feature","properties":{"jobs":25,"pop":45,"pointCount":1,"homeWorkCommuteMedian":59479,"workHomeCommuteMedian":34594},"geometry":{"type":"Polygon","coordinates":[[[-82.49801853930586,27.67910857524589],[-82.49801853930586,27.688101778883137],[-82.48902533566861,27.688101778883137],[-82.48902533566861,27.67910857524589],[-82.49801853930586,27.67910857524589]]]}},{"type":"Feature","properties":{"jobs":122,"pop":0,"pointCount":1,"homeWorkCommuteMedian":-1,"workHomeCommuteMedian":43355},"geometry":{"type":"Polygon","coordinates":[[[-82.49801853930586,27.831993037079073],[-82.49801853930586,27.84098624071632],[-82.48902533566861,27.84098624071632],[-82.48902533566861,27.831993037079073],[-82.49801853930586,27.831993037079073]]]}},{"type":"Feature","properties":{"jobs":393,"pop":36,"pointCount":1,"homeWorkCommuteMedian":27945,"workHomeCommuteMedian":32135},"geometry":{"type":"Polygon","coordinates":[[[-82.49801853930586,27.85897264799081],[-82.49801853930586,27.867965851628057],[-82.48902533566861,27.867965851628057],[-82.48902533566861,27.85897264799081],[-82.49801853930586,27.85897264799081]]]}},{"type":"Feature","properties":{"jobs":450,"pop":413,"pointCount":1,"homeWorkCommuteMedian":24242,"workHomeCommuteMedian":27083},"geometry":{"type":"Polygon","coordinates":[[[-82.49801853930586,27.876959055265303],[-82.49801853930586,27.88595225890255],[-82.48902533566861,27.88595225890255],[-82.48902533566861,27.876959055265303],[-82.49801853930586,27.876959055265303]]]}},{"type":"Feature","properties":{"jobs":174,"pop":247,"pointCount":1,"homeWorkCommuteMedian":21689,"workHomeCommuteMedian":30495},"geometry":{"type":"Polygon","coordinates":[[[-82.49801853930586,27.88595225890255],[-82.49801853930586,27.894945462539795],[-82.48902533566861,27.894945462539795],[-82.48902533566861,27.88595225890255],[-82.49801853930586,27.88595225890255]]]}},{"type":"Feature","properties":{"jobs":456,"pop":989,"pointCount":2,"homeWorkCommuteMedian":20888,"workHomeCommuteMedian":26995},"geometry":{"type":"Polygon","coordinates":[[[-82.49801853930586,27.894945462539795],[-82.49801853930586,27.90393866617704],[-82.48902533566861,27.90393866617704],[-82.48902533566861,27.894945462539795],[-82.49801853930586,27.894945462539795]]]}},{"type":"Feature","properties":{"jobs":409,"pop":594,"pointCount":1,"homeWorkCommuteMedian":24531,"workHomeCommuteMedian":29225},"geometry":{"type":"Polygon","coordinates":[[[-82.49801853930586,27.90393866617704],[-82.49801853930586,27.912931869814287],[-82.48902533566861,27.912931869814287],[-82.48902533566861,27.90393866617704],[-82.49801853930586,27.90393866617704]]]}},{"type":"Feature","properties":{"jobs":2035,"pop":1703,"pointCount":4,"homeWorkCommuteMedian":24422,"workHomeCommuteMedian":26374},"geometry":{"type":"Polygon","coordinates":[[[-82.49801853930586,27.912931869814287],[-82.49801853930586,27.921925073451533],[-82.48902533566861,27.921925073451533],[-82.48902533566861,27.912931869814287],[-82.49801853930586,27.912931869814287]]]}},{"type":"Feature","properties":{"jobs":283,"pop":268,"pointCount":1,"homeWorkCommuteMedian":17460,"workHomeCommuteMedian":29869},"geometry":{"type":"Polygon","coordinates":[[[-82.49801853930586,27.921925073451533],[-82.49801853930586,27.93091827708878],[-82.48902533566861,27.93091827708878],[-82.48902533566861,27.921925073451533],[-82.49801853930586,27.921925073451533]]]}},{"type":"Feature","properties":{"jobs":1665,"pop":672,"pointCount":2,"homeWorkCommuteMedian":19386,"workHomeCommuteMedian":27055},"geometry":{"type":"Polygon","coordinates":[[[-82.49801853930586,27.93091827708878],[-82.49801853930586,27.939911480726025],[-82.48902533566861,27.939911480726025],[-82.48902533566861,27.93091827708878],[-82.49801853930586,27.93091827708878]]]}},{"type":"Feature","properties":{"jobs":1856,"pop":1843,"pointCount":4,"homeWorkCommuteMedian":19136,"workHomeCommuteMedian":27951},"geometry":{"type":"Polygon","coordinates":[[[-82.49801853930586,27.939911480726025],[-82.49801853930586,27.94890468436327],[-82.48902533566861,27.94890468436327],[-82.48902533566861,27.939911480726025],[-82.49801853930586,27.939911480726025]]]}},{"type":"Feature","properties":{"jobs":1150,"pop":1057,"pointCount":3,"homeWorkCommuteMedian":20164,"workHomeCommuteMedian":28861},"geometry":{"type":"Polygon","coordinates":[[[-82.49801853930586,27.94890468436327],[-82.49801853930586,27.957897888000517],[-82.48902533566861,27.957897888000517],[-82.48902533566861,27.94890468436327],[-82.49801853930586,27.94890468436327]]]}},{"type":"Feature","properties":{"jobs":497,"pop":2003,"pointCount":2,"homeWorkCommuteMedian":10659,"workHomeCommuteMedian":19826},"geometry":{"type":"Polygon","coordinates":[[[-82.49801853930586,27.957897888000517],[-82.49801853930586,27.966891091637763],[-82.48902533566861,27.966891091637763],[-82.48902533566861,27.957897888000517],[-82.49801853930586,27.957897888000517]]]}},{"type":"Feature","properties":{"jobs":3601,"pop":1654,"pointCount":4,"homeWorkCommuteMedian":21043,"workHomeCommuteMedian":27498},"geometry":{"type":"Polygon","coordinates":[[[-82.49801853930586,27.97588429527501],[-82.49801853930586,27.984877498912255],[-82.48902533566861,27.984877498912255],[-82.48902533566861,27.97588429527501],[-82.49801853930586,27.97588429527501]]]}},{"type":"Feature","properties":{"jobs":7353,"pop":5318,"pointCount":3,"homeWorkCommuteMedian":15829,"workHomeCommuteMedian":27236},"geometry":{"type":"Polygon","coordinates":[[[-82.49801853930586,27.984877498912255],[-82.49801853930586,27.9938707025495],[-82.48902533566861,27.9938707025495],[-82.48902533566861,27.984877498912255],[-82.49801853930586,27.984877498912255]]]}},{"type":"Feature","properties":{"jobs":6403,"pop":3828,"pointCount":2,"homeWorkCommuteMedian":13347,"workHomeCommuteMedian":29131},"geometry":{"type":"Polygon","coordinates":[[[-82.49801853930586,27.9938707025495],[-82.49801853930586,28.002863906186747],[-82.48902533566861,28.002863906186747],[-82.48902533566861,27.9938707025495],[-82.49801853930586,27.9938707025495]]]}},{"type":"Feature","properties":{"jobs":142,"pop":3454,"pointCount":2,"homeWorkCommuteMedian":12176,"workHomeCommuteMedian":15868},"geometry":{"type":"Polygon","coordinates":[[[-82.49801853930586,28.002863906186747],[-82.49801853930586,28.011857109823993],[-82.48902533566861,28.011857109823993],[-82.48902533566861,28.002863906186747],[-82.49801853930586,28.002863906186747]]]}},{"type":"Feature","properties":{"jobs":337,"pop":1324,"pointCount":1,"homeWorkCommuteMedian":13532,"workHomeCommuteMedian":24379},"geometry":{"type":"Polygon","coordinates":[[[-82.49801853930586,28.011857109823993],[-82.49801853930586,28.02085031346124],[-82.48902533566861,28.02085031346124],[-82.48902533566861,28.011857109823993],[-82.49801853930586,28.011857109823993]]]}},{"type":"Feature","properties":{"jobs":252,"pop":1237,"pointCount":1,"homeWorkCommuteMedian":12909,"workHomeCommuteMedian":17562},"geometry":{"type":"Polygon","coordinates":[[[-82.49801853930586,28.02085031346124],[-82.49801853930586,28.029843517098485],[-82.48902533566861,28.029843517098485],[-82.48902533566861,28.02085031346124],[-82.49801853930586,28.02085031346124]]]}},{"type":"Feature","properties":{"jobs":1864,"pop":1363,"pointCount":2,"homeWorkCommuteMedian":15111,"workHomeCommuteMedian":26158},"geometry":{"type":"Polygon","coordinates":[[[-82.49801853930586,28.029843517098485],[-82.49801853930586,28.03883672073573],[-82.48902533566861,28.03883672073573],[-82.48902533566861,28.029843517098485],[-82.49801853930586,28.029843517098485]]]}},{"type":"Feature","properties":{"jobs":1147,"pop":539,"pointCount":1,"homeWorkCommuteMedian":16158,"workHomeCommuteMedian":27661},"geometry":{"type":"Polygon","coordinates":[[[-82.49801853930586,28.03883672073573],[-82.49801853930586,28.047829924372977],[-82.48902533566861,28.047829924372977],[-82.48902533566861,28.03883672073573],[-82.49801853930586,28.03883672073573]]]}},{"type":"Feature","properties":{"jobs":168,"pop":561,"pointCount":1,"homeWorkCommuteMedian":18173,"workHomeCommuteMedian":19691},"geometry":{"type":"Polygon","coordinates":[[[-82.49801853930586,28.047829924372977],[-82.49801853930586,28.056823128010222],[-82.48902533566861,28.056823128010222],[-82.48902533566861,28.047829924372977],[-82.49801853930586,28.047829924372977]]]}},{"type":"Feature","properties":{"jobs":120,"pop":737,"pointCount":1,"homeWorkCommuteMedian":27418,"workHomeCommuteMedian":28450},"geometry":{"type":"Polygon","coordinates":[[[-82.49801853930586,28.056823128010222],[-82.49801853930586,28.06581633164747],[-82.48902533566861,28.06581633164747],[-82.48902533566861,28.056823128010222],[-82.49801853930586,28.056823128010222]]]}},{"type":"Feature","properties":{"jobs":322,"pop":266,"pointCount":1,"homeWorkCommuteMedian":20329,"workHomeCommuteMedian":20719},"geometry":{"type":"Polygon","coordinates":[[[-82.49801853930586,28.06581633164747],[-82.49801853930586,28.074809535284714],[-82.48902533566861,28.074809535284714],[-82.48902533566861,28.06581633164747],[-82.49801853930586,28.06581633164747]]]}},{"type":"Feature","properties":{"jobs":202,"pop":692,"pointCount":2,"homeWorkCommuteMedian":26108,"workHomeCommuteMedian":20979},"geometry":{"type":"Polygon","coordinates":[[[-82.49801853930586,28.074809535284714],[-82.49801853930586,28.08380273892196],[-82.48902533566861,28.08380273892196],[-82.48902533566861,28.074809535284714],[-82.49801853930586,28.074809535284714]]]}},{"type":"Feature","properties":{"jobs":229,"pop":896,"pointCount":1,"homeWorkCommuteMedian":19343,"workHomeCommuteMedian":21501},"geometry":{"type":"Polygon","coordinates":[[[-82.49801853930586,28.08380273892196],[-82.49801853930586,28.092795942559206],[-82.48902533566861,28.092795942559206],[-82.48902533566861,28.08380273892196],[-82.49801853930586,28.08380273892196]]]}},{"type":"Feature","properties":{"jobs":541,"pop":430,"pointCount":1,"homeWorkCommuteMedian":20230,"workHomeCommuteMedian":29391},"geometry":{"type":"Polygon","coordinates":[[[-82.49801853930586,28.092795942559206],[-82.49801853930586,28.101789146196452],[-82.48902533566861,28.101789146196452],[-82.48902533566861,28.092795942559206],[-82.49801853930586,28.092795942559206]]]}},{"type":"Feature","properties":{"jobs":31,"pop":622,"pointCount":1,"homeWorkCommuteMedian":22773,"workHomeCommuteMedian":47184},"geometry":{"type":"Polygon","coordinates":[[[-82.49801853930586,28.101789146196452],[-82.49801853930586,28.1107823498337],[-82.48902533566861,28.1107823498337],[-82.48902533566861,28.101789146196452],[-82.49801853930586,28.101789146196452]]]}},{"type":"Feature","properties":{"jobs":291,"pop":231,"pointCount":1,"homeWorkCommuteMedian":27131,"workHomeCommuteMedian":27894},"geometry":{"type":"Polygon","coordinates":[[[-82.49801853930586,28.137761960745436],[-82.49801853930586,28.146755164382682],[-82.48902533566861,28.146755164382682],[-82.48902533566861,28.137761960745436],[-82.49801853930586,28.137761960745436]]]}},{"type":"Feature","properties":{"jobs":308,"pop":686,"pointCount":2,"homeWorkCommuteMedian":27334,"workHomeCommuteMedian":22857},"geometry":{"type":"Polygon","coordinates":[[[-82.49801853930586,28.146755164382682],[-82.49801853930586,28.15574836801993],[-82.48902533566861,28.15574836801993],[-82.48902533566861,28.146755164382682],[-82.49801853930586,28.146755164382682]]]}},{"type":"Feature","properties":{"jobs":13,"pop":173,"pointCount":1,"homeWorkCommuteMedian":31257,"workHomeCommuteMedian":16426},"geometry":{"type":"Polygon","coordinates":[[[-82.49801853930586,28.164741571657174],[-82.49801853930586,28.17373477529442],[-82.48902533566861,28.17373477529442],[-82.48902533566861,28.164741571657174],[-82.49801853930586,28.164741571657174]]]}},{"type":"Feature","properties":{"jobs":98,"pop":712,"pointCount":1,"homeWorkCommuteMedian":30334,"workHomeCommuteMedian":23350},"geometry":{"type":"Polygon","coordinates":[[[-82.49801853930586,28.182727978931666],[-82.49801853930586,28.191721182568912],[-82.48902533566861,28.191721182568912],[-82.48902533566861,28.182727978931666],[-82.49801853930586,28.182727978931666]]]}},{"type":"Feature","properties":{"jobs":147,"pop":697,"pointCount":1,"homeWorkCommuteMedian":32017,"workHomeCommuteMedian":25603},"geometry":{"type":"Polygon","coordinates":[[[-82.49801853930586,28.20071438620616],[-82.49801853930586,28.209707589843404],[-82.48902533566861,28.209707589843404],[-82.48902533566861,28.20071438620616],[-82.49801853930586,28.20071438620616]]]}},{"type":"Feature","properties":{"jobs":10,"pop":389,"pointCount":1,"homeWorkCommuteMedian":35505,"workHomeCommuteMedian":32837},"geometry":{"type":"Polygon","coordinates":[[[-82.49801853930586,28.236687200755142],[-82.49801853930586,28.245680404392388],[-82.48902533566861,28.245680404392388],[-82.48902533566861,28.236687200755142],[-82.49801853930586,28.236687200755142]]]}},{"type":"Feature","properties":{"jobs":0,"pop":8,"pointCount":1,"homeWorkCommuteMedian":98100,"workHomeCommuteMedian":-1},"geometry":{"type":"Polygon","coordinates":[[[-82.48902533566861,27.63414255705966],[-82.48902533566861,27.643135760696907],[-82.48003213203137,27.643135760696907],[-82.48003213203137,27.63414255705966],[-82.48902533566861,27.63414255705966]]]}},{"type":"Feature","properties":{"jobs":64,"pop":59,"pointCount":1,"homeWorkCommuteMedian":71495,"workHomeCommuteMedian":37374},"geometry":{"type":"Polygon","coordinates":[[[-82.48902533566861,27.670115371608645],[-82.48902533566861,27.67910857524589],[-82.48003213203137,27.67910857524589],[-82.48003213203137,27.670115371608645],[-82.48902533566861,27.670115371608645]]]}},{"type":"Feature","properties":{"jobs":63,"pop":53,"pointCount":1,"homeWorkCommuteMedian":66139,"workHomeCommuteMedian":24429},"geometry":{"type":"Polygon","coordinates":[[[-82.48902533566861,27.70608818615763],[-82.48902533566861,27.715081389794875],[-82.48003213203137,27.715081389794875],[-82.48003213203137,27.70608818615763],[-82.48902533566861,27.70608818615763]]]}},{"type":"Feature","properties":{"jobs":14438,"pop":1012,"pointCount":2,"homeWorkCommuteMedian":29620,"workHomeCommuteMedian":31993},"geometry":{"type":"Polygon","coordinates":[[[-82.48902533566861,27.849979444353565],[-82.48902533566861,27.85897264799081],[-82.48003213203137,27.85897264799081],[-82.48003213203137,27.849979444353565],[-82.48902533566861,27.849979444353565]]]}},{"type":"Feature","properties":{"jobs":364,"pop":14,"pointCount":1,"homeWorkCommuteMedian":59275,"workHomeCommuteMedian":33937},"geometry":{"type":"Polygon","coordinates":[[[-82.48902533566861,27.85897264799081],[-82.48902533566861,27.867965851628057],[-82.48003213203137,27.867965851628057],[-82.48003213203137,27.85897264799081],[-82.48902533566861,27.85897264799081]]]}},{"type":"Feature","properties":{"jobs":449,"pop":84,"pointCount":2,"homeWorkCommuteMedian":16346,"workHomeCommuteMedian":26658},"geometry":{"type":"Polygon","coordinates":[[[-82.48902533566861,27.88595225890255],[-82.48902533566861,27.894945462539795],[-82.48003213203137,27.894945462539795],[-82.48003213203137,27.88595225890255],[-82.48902533566861,27.88595225890255]]]}},{"type":"Feature","properties":{"jobs":622,"pop":1126,"pointCount":2,"homeWorkCommuteMedian":26996,"workHomeCommuteMedian":22449},"geometry":{"type":"Polygon","coordinates":[[[-82.48902533566861,27.921925073451533],[-82.48902533566861,27.93091827708878],[-82.48003213203137,27.93091827708878],[-82.48003213203137,27.921925073451533],[-82.48902533566861,27.921925073451533]]]}},{"type":"Feature","properties":{"jobs":2730,"pop":2696,"pointCount":5,"homeWorkCommuteMedian":16609,"workHomeCommuteMedian":26021},"geometry":{"type":"Polygon","coordinates":[[[-82.48902533566861,27.93091827708878],[-82.48902533566861,27.939911480726025],[-82.48003213203137,27.939911480726025],[-82.48003213203137,27.93091827708878],[-82.48902533566861,27.93091827708878]]]}},{"type":"Feature","properties":{"jobs":2060,"pop":2490,"pointCount":4,"homeWorkCommuteMedian":17323,"workHomeCommuteMedian":24365},"geometry":{"type":"Polygon","coordinates":[[[-82.48902533566861,27.939911480726025],[-82.48902533566861,27.94890468436327],[-82.48003213203137,27.94890468436327],[-82.48003213203137,27.939911480726025],[-82.48902533566861,27.939911480726025]]]}},{"type":"Feature","properties":{"jobs":443,"pop":1798,"pointCount":2,"homeWorkCommuteMedian":16513,"workHomeCommuteMedian":26494},"geometry":{"type":"Polygon","coordinates":[[[-82.48902533566861,27.94890468436327],[-82.48902533566861,27.957897888000517],[-82.48003213203137,27.957897888000517],[-82.48003213203137,27.94890468436327],[-82.48902533566861,27.94890468436327]]]}},{"type":"Feature","properties":{"jobs":640,"pop":650,"pointCount":1,"homeWorkCommuteMedian":24171,"workHomeCommuteMedian":19452},"geometry":{"type":"Polygon","coordinates":[[[-82.48902533566861,27.957897888000517],[-82.48902533566861,27.966891091637763],[-82.48003213203137,27.966891091637763],[-82.48003213203137,27.957897888000517],[-82.48902533566861,27.957897888000517]]]}},{"type":"Feature","properties":{"jobs":1617,"pop":1636,"pointCount":3,"homeWorkCommuteMedian":18073,"workHomeCommuteMedian":25166},"geometry":{"type":"Polygon","coordinates":[[[-82.48902533566861,27.966891091637763],[-82.48902533566861,27.97588429527501],[-82.48003213203137,27.97588429527501],[-82.48003213203137,27.966891091637763],[-82.48902533566861,27.966891091637763]]]}},{"type":"Feature","properties":{"jobs":1726,"pop":4173,"pointCount":4,"homeWorkCommuteMedian":13350,"workHomeCommuteMedian":24831},"geometry":{"type":"Polygon","coordinates":[[[-82.48902533566861,27.97588429527501],[-82.48902533566861,27.984877498912255],[-82.48003213203137,27.984877498912255],[-82.48003213203137,27.97588429527501],[-82.48902533566861,27.97588429527501]]]}},{"type":"Feature","properties":{"jobs":1695,"pop":1796,"pointCount":4,"homeWorkCommuteMedian":10526,"workHomeCommuteMedian":23824},"geometry":{"type":"Polygon","coordinates":[[[-82.48902533566861,27.984877498912255],[-82.48902533566861,27.9938707025495],[-82.48003213203137,27.9938707025495],[-82.48003213203137,27.984877498912255],[-82.48902533566861,27.984877498912255]]]}},{"type":"Feature","properties":{"jobs":466,"pop":919,"pointCount":1,"homeWorkCommuteMedian":16659,"workHomeCommuteMedian":16863},"geometry":{"type":"Polygon","coordinates":[[[-82.48902533566861,27.9938707025495],[-82.48902533566861,28.002863906186747],[-82.48003213203137,28.002863906186747],[-82.48003213203137,27.9938707025495],[-82.48902533566861,27.9938707025495]]]}},{"type":"Feature","properties":{"jobs":306,"pop":626,"pointCount":1,"homeWorkCommuteMedian":16873,"workHomeCommuteMedian":28823},"geometry":{"type":"Polygon","coordinates":[[[-82.48902533566861,28.002863906186747],[-82.48902533566861,28.011857109823993],[-82.48003213203137,28.011857109823993],[-82.48003213203137,28.002863906186747],[-82.48902533566861,28.002863906186747]]]}},{"type":"Feature","properties":{"jobs":676,"pop":676,"pointCount":2,"homeWorkCommuteMedian":18515,"workHomeCommuteMedian":30791},"geometry":{"type":"Polygon","coordinates":[[[-82.48902533566861,28.02085031346124],[-82.48902533566861,28.029843517098485],[-82.48003213203137,28.029843517098485],[-82.48003213203137,28.02085031346124],[-82.48902533566861,28.02085031346124]]]}},{"type":"Feature","properties":{"jobs":270,"pop":344,"pointCount":1,"homeWorkCommuteMedian":12814,"workHomeCommuteMedian":29758},"geometry":{"type":"Polygon","coordinates":[[[-82.48902533566861,28.029843517098485],[-82.48902533566861,28.03883672073573],[-82.48003213203137,28.03883672073573],[-82.48003213203137,28.029843517098485],[-82.48902533566861,28.029843517098485]]]}},{"type":"Feature","properties":{"jobs":145,"pop":770,"pointCount":1,"homeWorkCommuteMedian":24718,"workHomeCommuteMedian":14142},"geometry":{"type":"Polygon","coordinates":[[[-82.48902533566861,28.03883672073573],[-82.48902533566861,28.047829924372977],[-82.48003213203137,28.047829924372977],[-82.48003213203137,28.03883672073573],[-82.48902533566861,28.03883672073573]]]}},{"type":"Feature","properties":{"jobs":160,"pop":577,"pointCount":1,"homeWorkCommuteMedian":19487,"workHomeCommuteMedian":25535},"geometry":{"type":"Polygon","coordinates":[[[-82.48902533566861,28.056823128010222],[-82.48902533566861,28.06581633164747],[-82.48003213203137,28.06581633164747],[-82.48003213203137,28.056823128010222],[-82.48902533566861,28.056823128010222]]]}},{"type":"Feature","properties":{"jobs":24,"pop":983,"pointCount":1,"homeWorkCommuteMedian":16716,"workHomeCommuteMedian":6297},"geometry":{"type":"Polygon","coordinates":[[[-82.48902533566861,28.06581633164747],[-82.48902533566861,28.074809535284714],[-82.48003213203137,28.074809535284714],[-82.48003213203137,28.06581633164747],[-82.48902533566861,28.06581633164747]]]}},{"type":"Feature","properties":{"jobs":0,"pop":440,"pointCount":1,"homeWorkCommuteMedian":21819,"workHomeCommuteMedian":-1},"geometry":{"type":"Polygon","coordinates":[[[-82.48902533566861,28.08380273892196],[-82.48902533566861,28.092795942559206],[-82.48003213203137,28.092795942559206],[-82.48003213203137,28.08380273892196],[-82.48902533566861,28.08380273892196]]]}},{"type":"Feature","properties":{"jobs":21,"pop":489,"pointCount":1,"homeWorkCommuteMedian":19932,"workHomeCommuteMedian":17048},"geometry":{"type":"Polygon","coordinates":[[[-82.48902533566861,28.092795942559206],[-82.48902533566861,28.101789146196452],[-82.48003213203137,28.101789146196452],[-82.48003213203137,28.092795942559206],[-82.48902533566861,28.092795942559206]]]}},{"type":"Feature","properties":{"jobs":43,"pop":1063,"pointCount":1,"homeWorkCommuteMedian":23581,"workHomeCommuteMedian":10937},"geometry":{"type":"Polygon","coordinates":[[[-82.48902533566861,28.101789146196452],[-82.48902533566861,28.1107823498337],[-82.48003213203137,28.1107823498337],[-82.48003213203137,28.101789146196452],[-82.48902533566861,28.101789146196452]]]}},{"type":"Feature","properties":{"jobs":53,"pop":282,"pointCount":1,"homeWorkCommuteMedian":25419,"workHomeCommuteMedian":12856},"geometry":{"type":"Polygon","coordinates":[[[-82.48902533566861,28.119775553470944],[-82.48902533566861,28.12876875710819],[-82.48003213203137,28.12876875710819],[-82.48003213203137,28.119775553470944],[-82.48902533566861,28.119775553470944]]]}},{"type":"Feature","properties":{"jobs":304,"pop":192,"pointCount":1,"homeWorkCommuteMedian":24593,"workHomeCommuteMedian":21872},"geometry":{"type":"Polygon","coordinates":[[[-82.48902533566861,28.137761960745436],[-82.48902533566861,28.146755164382682],[-82.48003213203137,28.146755164382682],[-82.48003213203137,28.137761960745436],[-82.48902533566861,28.137761960745436]]]}},{"type":"Feature","properties":{"jobs":12,"pop":440,"pointCount":1,"homeWorkCommuteMedian":36779,"workHomeCommuteMedian":69991},"geometry":{"type":"Polygon","coordinates":[[[-82.48902533566861,28.191721182568912],[-82.48902533566861,28.20071438620616],[-82.48003213203137,28.20071438620616],[-82.48003213203137,28.191721182568912],[-82.48902533566861,28.191721182568912]]]}},{"type":"Feature","properties":{"jobs":149,"pop":247,"pointCount":1,"homeWorkCommuteMedian":33029,"workHomeCommuteMedian":28764},"geometry":{"type":"Polygon","coordinates":[[[-82.48902533566861,28.20071438620616],[-82.48902533566861,28.209707589843404],[-82.48003213203137,28.209707589843404],[-82.48003213203137,28.20071438620616],[-82.48902533566861,28.20071438620616]]]}},{"type":"Feature","properties":{"jobs":8148,"pop":331,"pointCount":1,"homeWorkCommuteMedian":40163,"workHomeCommuteMedian":37808},"geometry":{"type":"Polygon","coordinates":[[[-82.48902533566861,28.254673608029634],[-82.48902533566861,28.26366681166688],[-82.48003213203137,28.26366681166688],[-82.48003213203137,28.254673608029634],[-82.48902533566861,28.254673608029634]]]}},{"type":"Feature","properties":{"jobs":32,"pop":1276,"pointCount":1,"homeWorkCommuteMedian":34313,"workHomeCommuteMedian":38916},"geometry":{"type":"Polygon","coordinates":[[[-82.48902533566861,28.26366681166688],[-82.48902533566861,28.272660015304126],[-82.48003213203137,28.272660015304126],[-82.48003213203137,28.26366681166688],[-82.48902533566861,28.26366681166688]]]}},{"type":"Feature","properties":{"jobs":34,"pop":1198,"pointCount":1,"homeWorkCommuteMedian":37065,"workHomeCommuteMedian":41699},"geometry":{"type":"Polygon","coordinates":[[[-82.48902533566861,28.272660015304126],[-82.48902533566861,28.281653218941372],[-82.48003213203137,28.281653218941372],[-82.48003213203137,28.272660015304126],[-82.48902533566861,28.272660015304126]]]}},{"type":"Feature","properties":{"jobs":54,"pop":94,"pointCount":1,"homeWorkCommuteMedian":47265,"workHomeCommuteMedian":25724},"geometry":{"type":"Polygon","coordinates":[[[-82.48003213203137,27.697094982520383],[-82.48003213203137,27.70608818615763],[-82.47103892839412,27.70608818615763],[-82.47103892839412,27.697094982520383],[-82.48003213203137,27.697094982520383]]]}},{"type":"Feature","properties":{"jobs":25,"pop":18,"pointCount":1,"homeWorkCommuteMedian":24641,"workHomeCommuteMedian":72975},"geometry":{"type":"Polygon","coordinates":[[[-82.48003213203137,27.733067797069367],[-82.48003213203137,27.742061000706613],[-82.47103892839412,27.742061000706613],[-82.47103892839412,27.733067797069367],[-82.48003213203137,27.733067797069367]]]}},{"type":"Feature","properties":{"jobs":27,"pop":16,"pointCount":1,"homeWorkCommuteMedian":52758,"workHomeCommuteMedian":42280},"geometry":{"type":"Polygon","coordinates":[[[-82.48003213203137,27.84098624071632],[-82.48003213203137,27.849979444353565],[-82.47103892839412,27.849979444353565],[-82.47103892839412,27.84098624071632],[-82.48003213203137,27.84098624071632]]]}},{"type":"Feature","properties":{"jobs":11040,"pop":2294,"pointCount":2,"homeWorkCommuteMedian":19196,"workHomeCommuteMedian":14424},"geometry":{"type":"Polygon","coordinates":[[[-82.48003213203137,27.93091827708878],[-82.48003213203137,27.939911480726025],[-82.47103892839412,27.939911480726025],[-82.47103892839412,27.93091827708878],[-82.48003213203137,27.93091827708878]]]}},{"type":"Feature","properties":{"jobs":1663,"pop":4325,"pointCount":3,"homeWorkCommuteMedian":18360,"workHomeCommuteMedian":28282},"geometry":{"type":"Polygon","coordinates":[[[-82.48003213203137,27.939911480726025],[-82.48003213203137,27.94890468436327],[-82.47103892839412,27.94890468436327],[-82.47103892839412,27.939911480726025],[-82.48003213203137,27.939911480726025]]]}},{"type":"Feature","properties":{"jobs":1567,"pop":4073,"pointCount":3,"homeWorkCommuteMedian":16127,"workHomeCommuteMedian":25848},"geometry":{"type":"Polygon","coordinates":[[[-82.48003213203137,27.94890468436327],[-82.48003213203137,27.957897888000517],[-82.47103892839412,27.957897888000517],[-82.47103892839412,27.94890468436327],[-82.48003213203137,27.94890468436327]]]}},{"type":"Feature","properties":{"jobs":456,"pop":892,"pointCount":1,"homeWorkCommuteMedian":17918,"workHomeCommuteMedian":25435},"geometry":{"type":"Polygon","coordinates":[[[-82.48003213203137,27.957897888000517],[-82.48003213203137,27.966891091637763],[-82.47103892839412,27.966891091637763],[-82.47103892839412,27.957897888000517],[-82.48003213203137,27.957897888000517]]]}},{"type":"Feature","properties":{"jobs":98,"pop":1134,"pointCount":1,"homeWorkCommuteMedian":20614,"workHomeCommuteMedian":19970},"geometry":{"type":"Polygon","coordinates":[[[-82.48003213203137,27.966891091637763],[-82.48003213203137,27.97588429527501],[-82.47103892839412,27.97588429527501],[-82.47103892839412,27.966891091637763],[-82.48003213203137,27.966891091637763]]]}},{"type":"Feature","properties":{"jobs":626,"pop":657,"pointCount":2,"homeWorkCommuteMedian":12977,"workHomeCommuteMedian":28670},"geometry":{"type":"Polygon","coordinates":[[[-82.48003213203137,27.97588429527501],[-82.48003213203137,27.984877498912255],[-82.47103892839412,27.984877498912255],[-82.47103892839412,27.97588429527501],[-82.48003213203137,27.97588429527501]]]}},{"type":"Feature","properties":{"jobs":230,"pop":684,"pointCount":1,"homeWorkCommuteMedian":16081,"workHomeCommuteMedian":21826},"geometry":{"type":"Polygon","coordinates":[[[-82.48003213203137,27.984877498912255],[-82.48003213203137,27.9938707025495],[-82.47103892839412,27.9938707025495],[-82.47103892839412,27.984877498912255],[-82.48003213203137,27.984877498912255]]]}},{"type":"Feature","properties":{"jobs":286,"pop":400,"pointCount":1,"homeWorkCommuteMedian":14419,"workHomeCommuteMedian":21617},"geometry":{"type":"Polygon","coordinates":[[[-82.48003213203137,27.9938707025495],[-82.48003213203137,28.002863906186747],[-82.47103892839412,28.002863906186747],[-82.47103892839412,27.9938707025495],[-82.48003213203137,27.9938707025495]]]}},{"type":"Feature","properties":{"jobs":132,"pop":1182,"pointCount":1,"homeWorkCommuteMedian":12815,"workHomeCommuteMedian":18859},"geometry":{"type":"Polygon","coordinates":[[[-82.48003213203137,28.002863906186747],[-82.48003213203137,28.011857109823993],[-82.47103892839412,28.011857109823993],[-82.47103892839412,28.002863906186747],[-82.48003213203137,28.002863906186747]]]}},{"type":"Feature","properties":{"jobs":93,"pop":1126,"pointCount":1,"homeWorkCommuteMedian":11687,"workHomeCommuteMedian":8470},"geometry":{"type":"Polygon","coordinates":[[[-82.48003213203137,28.011857109823993],[-82.48003213203137,28.02085031346124],[-82.47103892839412,28.02085031346124],[-82.47103892839412,28.011857109823993],[-82.48003213203137,28.011857109823993]]]}},{"type":"Feature","properties":{"jobs":208,"pop":524,"pointCount":1,"homeWorkCommuteMedian":10517,"workHomeCommuteMedian":18824},"geometry":{"type":"Polygon","coordinates":[[[-82.48003213203137,28.02085031346124],[-82.48003213203137,28.029843517098485],[-82.47103892839412,28.029843517098485],[-82.47103892839412,28.02085031346124],[-82.48003213203137,28.02085031346124]]]}},{"type":"Feature","properties":{"jobs":818,"pop":869,"pointCount":2,"homeWorkCommuteMedian":13518,"workHomeCommuteMedian":26321},"geometry":{"type":"Polygon","coordinates":[[[-82.48003213203137,28.029843517098485],[-82.48003213203137,28.03883672073573],[-82.47103892839412,28.03883672073573],[-82.47103892839412,28.029843517098485],[-82.48003213203137,28.029843517098485]]]}},{"type":"Feature","properties":{"jobs":218,"pop":372,"pointCount":1,"homeWorkCommuteMedian":25992,"workHomeCommuteMedian":14189},"geometry":{"type":"Polygon","coordinates":[[[-82.48003213203137,28.03883672073573],[-82.48003213203137,28.047829924372977],[-82.47103892839412,28.047829924372977],[-82.47103892839412,28.03883672073573],[-82.48003213203137,28.03883672073573]]]}},{"type":"Feature","properties":{"jobs":102,"pop":611,"pointCount":1,"homeWorkCommuteMedian":16346,"workHomeCommuteMedian":18352},"geometry":{"type":"Polygon","coordinates":[[[-82.48003213203137,28.047829924372977],[-82.48003213203137,28.056823128010222],[-82.47103892839412,28.056823128010222],[-82.47103892839412,28.047829924372977],[-82.48003213203137,28.047829924372977]]]}},{"type":"Feature","properties":{"jobs":100,"pop":994,"pointCount":2,"homeWorkCommuteMedian":15059,"workHomeCommuteMedian":27134},"geometry":{"type":"Polygon","coordinates":[[[-82.48003213203137,28.056823128010222],[-82.48003213203137,28.06581633164747],[-82.47103892839412,28.06581633164747],[-82.47103892839412,28.056823128010222],[-82.48003213203137,28.056823128010222]]]}},{"type":"Feature","properties":{"jobs":501,"pop":563,"pointCount":2,"homeWorkCommuteMedian":16580,"workHomeCommuteMedian":24333},"geometry":{"type":"Polygon","coordinates":[[[-82.48003213203137,28.06581633164747],[-82.48003213203137,28.074809535284714],[-82.47103892839412,28.074809535284714],[-82.47103892839412,28.06581633164747],[-82.48003213203137,28.06581633164747]]]}},{"type":"Feature","properties":{"jobs":154,"pop":320,"pointCount":1,"homeWorkCommuteMedian":20992,"workHomeCommuteMedian":20473},"geometry":{"type":"Polygon","coordinates":[[[-82.48003213203137,28.074809535284714],[-82.48003213203137,28.08380273892196],[-82.47103892839412,28.08380273892196],[-82.47103892839412,28.074809535284714],[-82.48003213203137,28.074809535284714]]]}},{"type":"Feature","properties":{"jobs":260,"pop":353,"pointCount":1,"homeWorkCommuteMedian":25744,"workHomeCommuteMedian":24066},"geometry":{"type":"Polygon","coordinates":[[[-82.48003213203137,28.08380273892196],[-82.48003213203137,28.092795942559206],[-82.47103892839412,28.092795942559206],[-82.47103892839412,28.08380273892196],[-82.48003213203137,28.08380273892196]]]}},{"type":"Feature","properties":{"jobs":147,"pop":448,"pointCount":1,"homeWorkCommuteMedian":24582,"workHomeCommuteMedian":22445},"geometry":{"type":"Polygon","coordinates":[[[-82.48003213203137,28.101789146196452],[-82.48003213203137,28.1107823498337],[-82.47103892839412,28.1107823498337],[-82.47103892839412,28.101789146196452],[-82.48003213203137,28.101789146196452]]]}},{"type":"Feature","properties":{"jobs":345,"pop":447,"pointCount":1,"homeWorkCommuteMedian":32405,"workHomeCommuteMedian":26445},"geometry":{"type":"Polygon","coordinates":[[[-82.48003213203137,28.12876875710819],[-82.48003213203137,28.137761960745436],[-82.47103892839412,28.137761960745436],[-82.47103892839412,28.12876875710819],[-82.48003213203137,28.12876875710819]]]}},{"type":"Feature","properties":{"jobs":402,"pop":234,"pointCount":1,"homeWorkCommuteMedian":27836,"workHomeCommuteMedian":25612},"geometry":{"type":"Polygon","coordinates":[[[-82.48003213203137,28.15574836801993],[-82.48003213203137,28.164741571657174],[-82.47103892839412,28.164741571657174],[-82.47103892839412,28.15574836801993],[-82.48003213203137,28.15574836801993]]]}},{"type":"Feature","properties":{"jobs":284,"pop":239,"pointCount":1,"homeWorkCommuteMedian":35359,"workHomeCommuteMedian":26813},"geometry":{"type":"Polygon","coordinates":[[[-82.48003213203137,28.17373477529442],[-82.48003213203137,28.182727978931666],[-82.47103892839412,28.182727978931666],[-82.47103892839412,28.17373477529442],[-82.48003213203137,28.17373477529442]]]}},{"type":"Feature","properties":{"jobs":161,"pop":71,"pointCount":1,"homeWorkCommuteMedian":24608,"workHomeCommuteMedian":28546},"geometry":{"type":"Polygon","coordinates":[[[-82.48003213203137,28.182727978931666],[-82.48003213203137,28.191721182568912],[-82.47103892839412,28.191721182568912],[-82.47103892839412,28.182727978931666],[-82.48003213203137,28.182727978931666]]]}},{"type":"Feature","properties":{"jobs":592,"pop":217,"pointCount":1,"homeWorkCommuteMedian":30593,"workHomeCommuteMedian":29285},"geometry":{"type":"Polygon","coordinates":[[[-82.48003213203137,28.20071438620616],[-82.48003213203137,28.209707589843404],[-82.47103892839412,28.209707589843404],[-82.47103892839412,28.20071438620616],[-82.48003213203137,28.20071438620616]]]}},{"type":"Feature","properties":{"jobs":44,"pop":211,"pointCount":1,"homeWorkCommuteMedian":32946,"workHomeCommuteMedian":30090},"geometry":{"type":"Polygon","coordinates":[[[-82.48003213203137,28.21870079348065],[-82.48003213203137,28.227693997117896],[-82.47103892839412,28.227693997117896],[-82.47103892839412,28.21870079348065],[-82.48003213203137,28.21870079348065]]]}},{"type":"Feature","properties":{"jobs":18,"pop":141,"pointCount":1,"homeWorkCommuteMedian":36640,"workHomeCommuteMedian":26729},"geometry":{"type":"Polygon","coordinates":[[[-82.48003213203137,28.227693997117896],[-82.48003213203137,28.236687200755142],[-82.47103892839412,28.236687200755142],[-82.47103892839412,28.227693997117896],[-82.48003213203137,28.227693997117896]]]}},{"type":"Feature","properties":{"jobs":405,"pop":468,"pointCount":1,"homeWorkCommuteMedian":30580,"workHomeCommuteMedian":35374},"geometry":{"type":"Polygon","coordinates":[[[-82.48003213203137,28.254673608029634],[-82.48003213203137,28.26366681166688],[-82.47103892839412,28.26366681166688],[-82.47103892839412,28.254673608029634],[-82.48003213203137,28.254673608029634]]]}},{"type":"Feature","properties":{"jobs":60,"pop":218,"pointCount":1,"homeWorkCommuteMedian":39024,"workHomeCommuteMedian":31499},"geometry":{"type":"Polygon","coordinates":[[[-82.48003213203137,28.26366681166688],[-82.48003213203137,28.272660015304126],[-82.47103892839412,28.272660015304126],[-82.47103892839412,28.26366681166688],[-82.48003213203137,28.26366681166688]]]}},{"type":"Feature","properties":{"jobs":21,"pop":74,"pointCount":1,"homeWorkCommuteMedian":77510,"workHomeCommuteMedian":75518},"geometry":{"type":"Polygon","coordinates":[[[-82.47103892839412,27.67910857524589],[-82.47103892839412,27.688101778883137],[-82.46204572475688,27.688101778883137],[-82.46204572475688,27.67910857524589],[-82.47103892839412,27.67910857524589]]]}},{"type":"Feature","properties":{"jobs":0,"pop":8,"pointCount":1,"homeWorkCommuteMedian":35750,"workHomeCommuteMedian":-1},"geometry":{"type":"Polygon","coordinates":[[[-82.47103892839412,27.805013426167335],[-82.47103892839412,27.81400662980458],[-82.46204572475688,27.81400662980458],[-82.46204572475688,27.805013426167335],[-82.47103892839412,27.805013426167335]]]}},{"type":"Feature","properties":{"jobs":0,"pop":9,"pointCount":1,"homeWorkCommuteMedian":25334,"workHomeCommuteMedian":-1},"geometry":{"type":"Polygon","coordinates":[[[-82.47103892839412,27.867965851628057],[-82.47103892839412,27.876959055265303],[-82.46204572475688,27.876959055265303],[-82.46204572475688,27.867965851628057],[-82.47103892839412,27.867965851628057]]]}},{"type":"Feature","properties":{"jobs":1590,"pop":1081,"pointCount":2,"homeWorkCommuteMedian":25125,"workHomeCommuteMedian":23839},"geometry":{"type":"Polygon","coordinates":[[[-82.47103892839412,27.93091827708878],[-82.47103892839412,27.939911480726025],[-82.46204572475688,27.939911480726025],[-82.46204572475688,27.93091827708878],[-82.47103892839412,27.93091827708878]]]}},{"type":"Feature","properties":{"jobs":10958,"pop":7474,"pointCount":6,"homeWorkCommuteMedian":14125,"workHomeCommuteMedian":20370},"geometry":{"type":"Polygon","coordinates":[[[-82.47103892839412,27.939911480726025],[-82.47103892839412,27.94890468436327],[-82.46204572475688,27.94890468436327],[-82.46204572475688,27.939911480726025],[-82.47103892839412,27.939911480726025]]]}},{"type":"Feature","properties":{"jobs":1386,"pop":1150,"pointCount":2,"homeWorkCommuteMedian":20357,"workHomeCommuteMedian":25573},"geometry":{"type":"Polygon","coordinates":[[[-82.47103892839412,27.94890468436327],[-82.47103892839412,27.957897888000517],[-82.46204572475688,27.957897888000517],[-82.46204572475688,27.94890468436327],[-82.47103892839412,27.94890468436327]]]}},{"type":"Feature","properties":{"jobs":1062,"pop":606,"pointCount":2,"homeWorkCommuteMedian":11831,"workHomeCommuteMedian":26041},"geometry":{"type":"Polygon","coordinates":[[[-82.47103892839412,27.957897888000517],[-82.47103892839412,27.966891091637763],[-82.46204572475688,27.966891091637763],[-82.46204572475688,27.957897888000517],[-82.47103892839412,27.957897888000517]]]}},{"type":"Feature","properties":{"jobs":444,"pop":2411,"pointCount":2,"homeWorkCommuteMedian":17798,"workHomeCommuteMedian":24141},"geometry":{"type":"Polygon","coordinates":[[[-82.47103892839412,27.97588429527501],[-82.47103892839412,27.984877498912255],[-82.46204572475688,27.984877498912255],[-82.46204572475688,27.97588429527501],[-82.47103892839412,27.97588429527501]]]}},{"type":"Feature","properties":{"jobs":599,"pop":649,"pointCount":2,"homeWorkCommuteMedian":12771,"workHomeCommuteMedian":21328},"geometry":{"type":"Polygon","coordinates":[[[-82.47103892839412,27.984877498912255],[-82.47103892839412,27.9938707025495],[-82.46204572475688,27.9938707025495],[-82.46204572475688,27.984877498912255],[-82.47103892839412,27.984877498912255]]]}},{"type":"Feature","properties":{"jobs":1492,"pop":504,"pointCount":1,"homeWorkCommuteMedian":14091,"workHomeCommuteMedian":21339},"geometry":{"type":"Polygon","coordinates":[[[-82.47103892839412,27.9938707025495],[-82.47103892839412,28.002863906186747],[-82.46204572475688,28.002863906186747],[-82.46204572475688,27.9938707025495],[-82.47103892839412,27.9938707025495]]]}},{"type":"Feature","properties":{"jobs":668,"pop":591,"pointCount":1,"homeWorkCommuteMedian":21867,"workHomeCommuteMedian":25954},"geometry":{"type":"Polygon","coordinates":[[[-82.47103892839412,28.002863906186747],[-82.47103892839412,28.011857109823993],[-82.46204572475688,28.011857109823993],[-82.46204572475688,28.002863906186747],[-82.47103892839412,28.002863906186747]]]}},{"type":"Feature","properties":{"jobs":3200,"pop":0,"pointCount":1,"homeWorkCommuteMedian":-1,"workHomeCommuteMedian":8147},"geometry":{"type":"Polygon","coordinates":[[[-82.47103892839412,28.011857109823993],[-82.47103892839412,28.02085031346124],[-82.46204572475688,28.02085031346124],[-82.46204572475688,28.011857109823993],[-82.47103892839412,28.011857109823993]]]}},{"type":"Feature","properties":{"jobs":456,"pop":395,"pointCount":1,"homeWorkCommuteMedian":19047,"workHomeCommuteMedian":27267},"geometry":{"type":"Polygon","coordinates":[[[-82.47103892839412,28.02085031346124],[-82.47103892839412,28.029843517098485],[-82.46204572475688,28.029843517098485],[-82.46204572475688,28.02085031346124],[-82.47103892839412,28.02085031346124]]]}},{"type":"Feature","properties":{"jobs":68,"pop":991,"pointCount":1,"homeWorkCommuteMedian":12710,"workHomeCommuteMedian":35914},"geometry":{"type":"Polygon","coordinates":[[[-82.47103892839412,28.029843517098485],[-82.47103892839412,28.03883672073573],[-82.46204572475688,28.03883672073573],[-82.46204572475688,28.029843517098485],[-82.47103892839412,28.029843517098485]]]}},{"type":"Feature","properties":{"jobs":99,"pop":499,"pointCount":1,"homeWorkCommuteMedian":14797,"workHomeCommuteMedian":15406},"geometry":{"type":"Polygon","coordinates":[[[-82.47103892839412,28.03883672073573],[-82.47103892839412,28.047829924372977],[-82.46204572475688,28.047829924372977],[-82.46204572475688,28.03883672073573],[-82.47103892839412,28.03883672073573]]]}},{"type":"Feature","properties":{"jobs":715,"pop":1228,"pointCount":2,"homeWorkCommuteMedian":18095,"workHomeCommuteMedian":24178},"geometry":{"type":"Polygon","coordinates":[[[-82.47103892839412,28.047829924372977],[-82.47103892839412,28.056823128010222],[-82.46204572475688,28.056823128010222],[-82.46204572475688,28.047829924372977],[-82.47103892839412,28.047829924372977]]]}},{"type":"Feature","properties":{"jobs":26,"pop":336,"pointCount":1,"homeWorkCommuteMedian":13140,"workHomeCommuteMedian":13400},"geometry":{"type":"Polygon","coordinates":[[[-82.47103892839412,28.056823128010222],[-82.47103892839412,28.06581633164747],[-82.46204572475688,28.06581633164747],[-82.46204572475688,28.056823128010222],[-82.47103892839412,28.056823128010222]]]}},{"type":"Feature","properties":{"jobs":366,"pop":271,"pointCount":1,"homeWorkCommuteMedian":21866,"workHomeCommuteMedian":25119},"geometry":{"type":"Polygon","coordinates":[[[-82.47103892839412,28.06581633164747],[-82.47103892839412,28.074809535284714],[-82.46204572475688,28.074809535284714],[-82.46204572475688,28.06581633164747],[-82.47103892839412,28.06581633164747]]]}},{"type":"Feature","properties":{"jobs":252,"pop":673,"pointCount":2,"homeWorkCommuteMedian":17936,"workHomeCommuteMedian":14687},"geometry":{"type":"Polygon","coordinates":[[[-82.47103892839412,28.074809535284714],[-82.47103892839412,28.08380273892196],[-82.46204572475688,28.08380273892196],[-82.46204572475688,28.074809535284714],[-82.47103892839412,28.074809535284714]]]}},{"type":"Feature","properties":{"jobs":723,"pop":680,"pointCount":2,"homeWorkCommuteMedian":20361,"workHomeCommuteMedian":22739},"geometry":{"type":"Polygon","coordinates":[[[-82.47103892839412,28.08380273892196],[-82.47103892839412,28.092795942559206],[-82.46204572475688,28.092795942559206],[-82.46204572475688,28.08380273892196],[-82.47103892839412,28.08380273892196]]]}},{"type":"Feature","properties":{"jobs":126,"pop":506,"pointCount":1,"homeWorkCommuteMedian":19072,"workHomeCommuteMedian":23130},"geometry":{"type":"Polygon","coordinates":[[[-82.47103892839412,28.092795942559206],[-82.47103892839412,28.101789146196452],[-82.46204572475688,28.101789146196452],[-82.46204572475688,28.092795942559206],[-82.47103892839412,28.092795942559206]]]}},{"type":"Feature","properties":{"jobs":224,"pop":138,"pointCount":1,"homeWorkCommuteMedian":20222,"workHomeCommuteMedian":21221},"geometry":{"type":"Polygon","coordinates":[[[-82.47103892839412,28.101789146196452],[-82.47103892839412,28.1107823498337],[-82.46204572475688,28.1107823498337],[-82.46204572475688,28.101789146196452],[-82.47103892839412,28.101789146196452]]]}},{"type":"Feature","properties":{"jobs":366,"pop":134,"pointCount":1,"homeWorkCommuteMedian":21669,"workHomeCommuteMedian":23106},"geometry":{"type":"Polygon","coordinates":[[[-82.47103892839412,28.1107823498337],[-82.47103892839412,28.119775553470944],[-82.46204572475688,28.119775553470944],[-82.46204572475688,28.1107823498337],[-82.47103892839412,28.1107823498337]]]}},{"type":"Feature","properties":{"jobs":237,"pop":101,"pointCount":1,"homeWorkCommuteMedian":32235,"workHomeCommuteMedian":22410},"geometry":{"type":"Polygon","coordinates":[[[-82.47103892839412,28.119775553470944],[-82.47103892839412,28.12876875710819],[-82.46204572475688,28.12876875710819],[-82.46204572475688,28.119775553470944],[-82.47103892839412,28.119775553470944]]]}},{"type":"Feature","properties":{"jobs":369,"pop":212,"pointCount":1,"homeWorkCommuteMedian":31290,"workHomeCommuteMedian":22903},"geometry":{"type":"Polygon","coordinates":[[[-82.47103892839412,28.12876875710819],[-82.47103892839412,28.137761960745436],[-82.46204572475688,28.137761960745436],[-82.46204572475688,28.12876875710819],[-82.47103892839412,28.12876875710819]]]}},{"type":"Feature","properties":{"jobs":202,"pop":203,"pointCount":1,"homeWorkCommuteMedian":29158,"workHomeCommuteMedian":18264},"geometry":{"type":"Polygon","coordinates":[[[-82.47103892839412,28.137761960745436],[-82.47103892839412,28.146755164382682],[-82.46204572475688,28.146755164382682],[-82.46204572475688,28.137761960745436],[-82.47103892839412,28.137761960745436]]]}},{"type":"Feature","properties":{"jobs":40,"pop":396,"pointCount":1,"homeWorkCommuteMedian":29665,"workHomeCommuteMedian":20438},"geometry":{"type":"Polygon","coordinates":[[[-82.47103892839412,28.164741571657174],[-82.47103892839412,28.17373477529442],[-82.46204572475688,28.17373477529442],[-82.46204572475688,28.164741571657174],[-82.47103892839412,28.164741571657174]]]}},{"type":"Feature","properties":{"jobs":235,"pop":117,"pointCount":1,"homeWorkCommuteMedian":24573,"workHomeCommuteMedian":28762},"geometry":{"type":"Polygon","coordinates":[[[-82.47103892839412,28.17373477529442],[-82.47103892839412,28.182727978931666],[-82.46204572475688,28.182727978931666],[-82.46204572475688,28.17373477529442],[-82.47103892839412,28.17373477529442]]]}},{"type":"Feature","properties":{"jobs":328,"pop":36,"pointCount":1,"homeWorkCommuteMedian":58602,"workHomeCommuteMedian":29974},"geometry":{"type":"Polygon","coordinates":[[[-82.47103892839412,28.182727978931666],[-82.47103892839412,28.191721182568912],[-82.46204572475688,28.191721182568912],[-82.46204572475688,28.182727978931666],[-82.47103892839412,28.182727978931666]]]}},{"type":"Feature","properties":{"jobs":407,"pop":136,"pointCount":2,"homeWorkCommuteMedian":30439,"workHomeCommuteMedian":25787},"geometry":{"type":"Polygon","coordinates":[[[-82.47103892839412,28.191721182568912],[-82.47103892839412,28.20071438620616],[-82.46204572475688,28.20071438620616],[-82.46204572475688,28.191721182568912],[-82.47103892839412,28.191721182568912]]]}},{"type":"Feature","properties":{"jobs":9,"pop":565,"pointCount":1,"homeWorkCommuteMedian":40059,"workHomeCommuteMedian":4334},"geometry":{"type":"Polygon","coordinates":[[[-82.47103892839412,28.209707589843404],[-82.47103892839412,28.21870079348065],[-82.46204572475688,28.21870079348065],[-82.46204572475688,28.209707589843404],[-82.47103892839412,28.209707589843404]]]}},{"type":"Feature","properties":{"jobs":163,"pop":385,"pointCount":1,"homeWorkCommuteMedian":36115,"workHomeCommuteMedian":28641},"geometry":{"type":"Polygon","coordinates":[[[-82.47103892839412,28.236687200755142],[-82.47103892839412,28.245680404392388],[-82.46204572475688,28.245680404392388],[-82.46204572475688,28.236687200755142],[-82.47103892839412,28.236687200755142]]]}},{"type":"Feature","properties":{"jobs":152,"pop":225,"pointCount":1,"homeWorkCommuteMedian":41407,"workHomeCommuteMedian":32681},"geometry":{"type":"Polygon","coordinates":[[[-82.47103892839412,28.254673608029634],[-82.47103892839412,28.26366681166688],[-82.46204572475688,28.26366681166688],[-82.46204572475688,28.254673608029634],[-82.47103892839412,28.254673608029634]]]}},{"type":"Feature","properties":{"jobs":0,"pop":10,"pointCount":1,"homeWorkCommuteMedian":80444,"workHomeCommuteMedian":-1},"geometry":{"type":"Polygon","coordinates":[[[-82.46204572475688,27.6611221679714],[-82.46204572475688,27.670115371608645],[-82.45305252111963,27.670115371608645],[-82.45305252111963,27.6611221679714],[-82.46204572475688,27.6611221679714]]]}},{"type":"Feature","properties":{"jobs":15,"pop":75,"pointCount":1,"homeWorkCommuteMedian":48311,"workHomeCommuteMedian":80452},"geometry":{"type":"Polygon","coordinates":[[[-82.46204572475688,27.697094982520383],[-82.46204572475688,27.70608818615763],[-82.45305252111963,27.70608818615763],[-82.45305252111963,27.697094982520383],[-82.46204572475688,27.697094982520383]]]}},{"type":"Feature","properties":{"jobs":63,"pop":359,"pointCount":1,"homeWorkCommuteMedian":42573,"workHomeCommuteMedian":33739},"geometry":{"type":"Polygon","coordinates":[[[-82.46204572475688,27.715081389794875],[-82.46204572475688,27.72407459343212],[-82.45305252111963,27.72407459343212],[-82.45305252111963,27.715081389794875],[-82.46204572475688,27.715081389794875]]]}},{"type":"Feature","properties":{"jobs":284,"pop":39,"pointCount":1,"homeWorkCommuteMedian":24001,"workHomeCommuteMedian":27348},"geometry":{"type":"Polygon","coordinates":[[[-82.46204572475688,27.90393866617704],[-82.46204572475688,27.912931869814287],[-82.45305252111963,27.912931869814287],[-82.45305252111963,27.90393866617704],[-82.46204572475688,27.90393866617704]]]}},{"type":"Feature","properties":{"jobs":0,"pop":393,"pointCount":1,"homeWorkCommuteMedian":26568,"workHomeCommuteMedian":-1},"geometry":{"type":"Polygon","coordinates":[[[-82.46204572475688,27.912931869814287],[-82.46204572475688,27.921925073451533],[-82.45305252111963,27.921925073451533],[-82.45305252111963,27.912931869814287],[-82.46204572475688,27.912931869814287]]]}},{"type":"Feature","properties":{"jobs":814,"pop":639,"pointCount":2,"homeWorkCommuteMedian":29510,"workHomeCommuteMedian":27206},"geometry":{"type":"Polygon","coordinates":[[[-82.46204572475688,27.921925073451533],[-82.46204572475688,27.93091827708878],[-82.45305252111963,27.93091827708878],[-82.45305252111963,27.921925073451533],[-82.46204572475688,27.921925073451533]]]}},{"type":"Feature","properties":{"jobs":12690,"pop":355,"pointCount":1,"homeWorkCommuteMedian":19715,"workHomeCommuteMedian":28942},"geometry":{"type":"Polygon","coordinates":[[[-82.46204572475688,27.93091827708878],[-82.46204572475688,27.939911480726025],[-82.45305252111963,27.939911480726025],[-82.45305252111963,27.93091827708878],[-82.46204572475688,27.93091827708878]]]}},{"type":"Feature","properties":{"jobs":45292,"pop":14952,"pointCount":11,"homeWorkCommuteMedian":10207,"workHomeCommuteMedian":26670},"geometry":{"type":"Polygon","coordinates":[[[-82.46204572475688,27.939911480726025],[-82.46204572475688,27.94890468436327],[-82.45305252111963,27.94890468436327],[-82.45305252111963,27.939911480726025],[-82.46204572475688,27.939911480726025]]]}},{"type":"Feature","properties":{"jobs":5660,"pop":4144,"pointCount":5,"homeWorkCommuteMedian":13400,"workHomeCommuteMedian":24270},"geometry":{"type":"Polygon","coordinates":[[[-82.46204572475688,27.94890468436327],[-82.46204572475688,27.957897888000517],[-82.45305252111963,27.957897888000517],[-82.45305252111963,27.94890468436327],[-82.46204572475688,27.94890468436327]]]}},{"type":"Feature","properties":{"jobs":1929,"pop":1114,"pointCount":3,"homeWorkCommuteMedian":16250,"workHomeCommuteMedian":23886},"geometry":{"type":"Polygon","coordinates":[[[-82.46204572475688,27.957897888000517],[-82.46204572475688,27.966891091637763],[-82.45305252111963,27.966891091637763],[-82.45305252111963,27.957897888000517],[-82.46204572475688,27.957897888000517]]]}},{"type":"Feature","properties":{"jobs":385,"pop":565,"pointCount":1,"homeWorkCommuteMedian":21541,"workHomeCommuteMedian":20372},"geometry":{"type":"Polygon","coordinates":[[[-82.46204572475688,27.966891091637763],[-82.46204572475688,27.97588429527501],[-82.45305252111963,27.97588429527501],[-82.45305252111963,27.966891091637763],[-82.46204572475688,27.966891091637763]]]}},{"type":"Feature","properties":{"jobs":417,"pop":364,"pointCount":1,"homeWorkCommuteMedian":16539,"workHomeCommuteMedian":23088},"geometry":{"type":"Polygon","coordinates":[[[-82.46204572475688,27.97588429527501],[-82.46204572475688,27.984877498912255],[-82.45305252111963,27.984877498912255],[-82.45305252111963,27.97588429527501],[-82.46204572475688,27.97588429527501]]]}},{"type":"Feature","properties":{"jobs":260,"pop":364,"pointCount":1,"homeWorkCommuteMedian":13533,"workHomeCommuteMedian":22625},"geometry":{"type":"Polygon","coordinates":[[[-82.46204572475688,27.984877498912255],[-82.46204572475688,27.9938707025495],[-82.45305252111963,27.9938707025495],[-82.45305252111963,27.984877498912255],[-82.46204572475688,27.984877498912255]]]}},{"type":"Feature","properties":{"jobs":506,"pop":1457,"pointCount":3,"homeWorkCommuteMedian":12788,"workHomeCommuteMedian":20137},"geometry":{"type":"Polygon","coordinates":[[[-82.46204572475688,27.9938707025495],[-82.46204572475688,28.002863906186747],[-82.45305252111963,28.002863906186747],[-82.45305252111963,27.9938707025495],[-82.46204572475688,27.9938707025495]]]}},{"type":"Feature","properties":{"jobs":396,"pop":345,"pointCount":1,"homeWorkCommuteMedian":20329,"workHomeCommuteMedian":24226},"geometry":{"type":"Polygon","coordinates":[[[-82.46204572475688,28.002863906186747],[-82.46204572475688,28.011857109823993],[-82.45305252111963,28.011857109823993],[-82.45305252111963,28.002863906186747],[-82.46204572475688,28.002863906186747]]]}},{"type":"Feature","properties":{"jobs":346,"pop":602,"pointCount":1,"homeWorkCommuteMedian":12692,"workHomeCommuteMedian":24559},"geometry":{"type":"Polygon","coordinates":[[[-82.46204572475688,28.011857109823993],[-82.46204572475688,28.02085031346124],[-82.45305252111963,28.02085031346124],[-82.45305252111963,28.011857109823993],[-82.46204572475688,28.011857109823993]]]}},{"type":"Feature","properties":{"jobs":857,"pop":594,"pointCount":2,"homeWorkCommuteMedian":13280,"workHomeCommuteMedian":26595},"geometry":{"type":"Polygon","coordinates":[[[-82.46204572475688,28.02085031346124],[-82.46204572475688,28.029843517098485],[-82.45305252111963,28.029843517098485],[-82.45305252111963,28.02085031346124],[-82.46204572475688,28.02085031346124]]]}},{"type":"Feature","properties":{"jobs":2980,"pop":585,"pointCount":2,"homeWorkCommuteMedian":15213,"workHomeCommuteMedian":28383},"geometry":{"type":"Polygon","coordinates":[[[-82.46204572475688,28.029843517098485],[-82.46204572475688,28.03883672073573],[-82.45305252111963,28.03883672073573],[-82.45305252111963,28.029843517098485],[-82.46204572475688,28.029843517098485]]]}},{"type":"Feature","properties":{"jobs":394,"pop":959,"pointCount":2,"homeWorkCommuteMedian":14509,"workHomeCommuteMedian":15980},"geometry":{"type":"Polygon","coordinates":[[[-82.46204572475688,28.03883672073573],[-82.46204572475688,28.047829924372977],[-82.45305252111963,28.047829924372977],[-82.45305252111963,28.03883672073573],[-82.46204572475688,28.03883672073573]]]}},{"type":"Feature","properties":{"jobs":1196,"pop":175,"pointCount":1,"homeWorkCommuteMedian":20503,"workHomeCommuteMedian":27962},"geometry":{"type":"Polygon","coordinates":[[[-82.46204572475688,28.047829924372977],[-82.46204572475688,28.056823128010222],[-82.45305252111963,28.056823128010222],[-82.45305252111963,28.047829924372977],[-82.46204572475688,28.047829924372977]]]}},{"type":"Feature","properties":{"jobs":408,"pop":417,"pointCount":1,"homeWorkCommuteMedian":22615,"workHomeCommuteMedian":20098},"geometry":{"type":"Polygon","coordinates":[[[-82.46204572475688,28.056823128010222],[-82.46204572475688,28.06581633164747],[-82.45305252111963,28.06581633164747],[-82.45305252111963,28.056823128010222],[-82.46204572475688,28.056823128010222]]]}},{"type":"Feature","properties":{"jobs":1567,"pop":873,"pointCount":3,"homeWorkCommuteMedian":21804,"workHomeCommuteMedian":22499},"geometry":{"type":"Polygon","coordinates":[[[-82.46204572475688,28.06581633164747],[-82.46204572475688,28.074809535284714],[-82.45305252111963,28.074809535284714],[-82.45305252111963,28.06581633164747],[-82.46204572475688,28.06581633164747]]]}},{"type":"Feature","properties":{"jobs":187,"pop":132,"pointCount":1,"homeWorkCommuteMedian":30447,"workHomeCommuteMedian":21637},"geometry":{"type":"Polygon","coordinates":[[[-82.46204572475688,28.074809535284714],[-82.46204572475688,28.08380273892196],[-82.45305252111963,28.08380273892196],[-82.45305252111963,28.074809535284714],[-82.46204572475688,28.074809535284714]]]}},{"type":"Feature","properties":{"jobs":456,"pop":183,"pointCount":2,"homeWorkCommuteMedian":21851,"workHomeCommuteMedian":23794},"geometry":{"type":"Polygon","coordinates":[[[-82.46204572475688,28.08380273892196],[-82.46204572475688,28.092795942559206],[-82.45305252111963,28.092795942559206],[-82.45305252111963,28.08380273892196],[-82.46204572475688,28.08380273892196]]]}},{"type":"Feature","properties":{"jobs":163,"pop":127,"pointCount":1,"homeWorkCommuteMedian":23640,"workHomeCommuteMedian":18247},"geometry":{"type":"Polygon","coordinates":[[[-82.46204572475688,28.092795942559206],[-82.46204572475688,28.101789146196452],[-82.45305252111963,28.101789146196452],[-82.45305252111963,28.092795942559206],[-82.46204572475688,28.092795942559206]]]}},{"type":"Feature","properties":{"jobs":369,"pop":84,"pointCount":1,"homeWorkCommuteMedian":21233,"workHomeCommuteMedian":20965},"geometry":{"type":"Polygon","coordinates":[[[-82.46204572475688,28.101789146196452],[-82.46204572475688,28.1107823498337],[-82.45305252111963,28.1107823498337],[-82.45305252111963,28.101789146196452],[-82.46204572475688,28.101789146196452]]]}},{"type":"Feature","properties":{"jobs":179,"pop":250,"pointCount":2,"homeWorkCommuteMedian":17575,"workHomeCommuteMedian":23484},"geometry":{"type":"Polygon","coordinates":[[[-82.46204572475688,28.1107823498337],[-82.46204572475688,28.119775553470944],[-82.45305252111963,28.119775553470944],[-82.45305252111963,28.1107823498337],[-82.46204572475688,28.1107823498337]]]}},{"type":"Feature","properties":{"jobs":0,"pop":270,"pointCount":1,"homeWorkCommuteMedian":18947,"workHomeCommuteMedian":-1},"geometry":{"type":"Polygon","coordinates":[[[-82.46204572475688,28.12876875710819],[-82.46204572475688,28.137761960745436],[-82.45305252111963,28.137761960745436],[-82.45305252111963,28.12876875710819],[-82.46204572475688,28.12876875710819]]]}},{"type":"Feature","properties":{"jobs":77,"pop":210,"pointCount":1,"homeWorkCommuteMedian":29997,"workHomeCommuteMedian":20829},"geometry":{"type":"Polygon","coordinates":[[[-82.46204572475688,28.146755164382682],[-82.46204572475688,28.15574836801993],[-82.45305252111963,28.15574836801993],[-82.45305252111963,28.146755164382682],[-82.46204572475688,28.146755164382682]]]}},{"type":"Feature","properties":{"jobs":432,"pop":540,"pointCount":2,"homeWorkCommuteMedian":27354,"workHomeCommuteMedian":23676},"geometry":{"type":"Polygon","coordinates":[[[-82.46204572475688,28.17373477529442],[-82.46204572475688,28.182727978931666],[-82.45305252111963,28.182727978931666],[-82.45305252111963,28.17373477529442],[-82.46204572475688,28.17373477529442]]]}},{"type":"Feature","properties":{"jobs":657,"pop":247,"pointCount":2,"homeWorkCommuteMedian":25486,"workHomeCommuteMedian":31389},"geometry":{"type":"Polygon","coordinates":[[[-82.46204572475688,28.182727978931666],[-82.46204572475688,28.191721182568912],[-82.45305252111963,28.191721182568912],[-82.45305252111963,28.182727978931666],[-82.46204572475688,28.182727978931666]]]}},{"type":"Feature","properties":{"jobs":326,"pop":242,"pointCount":1,"homeWorkCommuteMedian":33686,"workHomeCommuteMedian":24736},"geometry":{"type":"Polygon","coordinates":[[[-82.46204572475688,28.20071438620616],[-82.46204572475688,28.209707589843404],[-82.45305252111963,28.209707589843404],[-82.45305252111963,28.20071438620616],[-82.46204572475688,28.20071438620616]]]}},{"type":"Feature","properties":{"jobs":114,"pop":162,"pointCount":1,"homeWorkCommuteMedian":30307,"workHomeCommuteMedian":24152},"geometry":{"type":"Polygon","coordinates":[[[-82.46204572475688,28.209707589843404],[-82.46204572475688,28.21870079348065],[-82.45305252111963,28.21870079348065],[-82.45305252111963,28.209707589843404],[-82.46204572475688,28.209707589843404]]]}},{"type":"Feature","properties":{"jobs":123,"pop":365,"pointCount":1,"homeWorkCommuteMedian":28429,"workHomeCommuteMedian":31403},"geometry":{"type":"Polygon","coordinates":[[[-82.46204572475688,28.21870079348065],[-82.46204572475688,28.227693997117896],[-82.45305252111963,28.227693997117896],[-82.45305252111963,28.21870079348065],[-82.46204572475688,28.21870079348065]]]}},{"type":"Feature","properties":{"jobs":48,"pop":530,"pointCount":1,"homeWorkCommuteMedian":33164,"workHomeCommuteMedian":39298},"geometry":{"type":"Polygon","coordinates":[[[-82.46204572475688,28.236687200755142],[-82.46204572475688,28.245680404392388],[-82.45305252111963,28.245680404392388],[-82.45305252111963,28.236687200755142],[-82.46204572475688,28.236687200755142]]]}},{"type":"Feature","properties":{"jobs":37,"pop":167,"pointCount":1,"homeWorkCommuteMedian":42719,"workHomeCommuteMedian":29094},"geometry":{"type":"Polygon","coordinates":[[[-82.46204572475688,28.26366681166688],[-82.46204572475688,28.272660015304126],[-82.45305252111963,28.272660015304126],[-82.45305252111963,28.26366681166688],[-82.46204572475688,28.26366681166688]]]}},{"type":"Feature","properties":{"jobs":50,"pop":134,"pointCount":1,"homeWorkCommuteMedian":43221,"workHomeCommuteMedian":65894},"geometry":{"type":"Polygon","coordinates":[[[-82.45305252111963,27.67910857524589],[-82.45305252111963,27.688101778883137],[-82.44405931748238,27.688101778883137],[-82.44405931748238,27.67910857524589],[-82.45305252111963,27.67910857524589]]]}},{"type":"Feature","properties":{"jobs":81,"pop":1186,"pointCount":1,"homeWorkCommuteMedian":42524,"workHomeCommuteMedian":31713},"geometry":{"type":"Polygon","coordinates":[[[-82.45305252111963,27.70608818615763],[-82.45305252111963,27.715081389794875],[-82.44405931748238,27.715081389794875],[-82.44405931748238,27.70608818615763],[-82.45305252111963,27.70608818615763]]]}},{"type":"Feature","properties":{"jobs":62,"pop":954,"pointCount":1,"homeWorkCommuteMedian":47636,"workHomeCommuteMedian":39624},"geometry":{"type":"Polygon","coordinates":[[[-82.45305252111963,27.715081389794875],[-82.45305252111963,27.72407459343212],[-82.44405931748238,27.72407459343212],[-82.44405931748238,27.715081389794875],[-82.45305252111963,27.715081389794875]]]}},{"type":"Feature","properties":{"jobs":0,"pop":10,"pointCount":1,"homeWorkCommuteMedian":20816,"workHomeCommuteMedian":-1},"geometry":{"type":"Polygon","coordinates":[[[-82.45305252111963,27.742061000706613],[-82.45305252111963,27.75105420434386],[-82.44405931748238,27.75105420434386],[-82.44405931748238,27.742061000706613],[-82.45305252111963,27.742061000706613]]]}},{"type":"Feature","properties":{"jobs":3446,"pop":1424,"pointCount":2,"homeWorkCommuteMedian":20098,"workHomeCommuteMedian":27411},"geometry":{"type":"Polygon","coordinates":[[[-82.45305252111963,27.93091827708878],[-82.45305252111963,27.939911480726025],[-82.44405931748238,27.939911480726025],[-82.44405931748238,27.93091827708878],[-82.45305252111963,27.93091827708878]]]}},{"type":"Feature","properties":{"jobs":8939,"pop":3145,"pointCount":5,"homeWorkCommuteMedian":15071,"workHomeCommuteMedian":24576},"geometry":{"type":"Polygon","coordinates":[[[-82.45305252111963,27.939911480726025],[-82.45305252111963,27.94890468436327],[-82.44405931748238,27.94890468436327],[-82.44405931748238,27.939911480726025],[-82.45305252111963,27.939911480726025]]]}},{"type":"Feature","properties":{"jobs":35749,"pop":2913,"pointCount":4,"homeWorkCommuteMedian":15480,"workHomeCommuteMedian":25413},"geometry":{"type":"Polygon","coordinates":[[[-82.45305252111963,27.94890468436327],[-82.45305252111963,27.957897888000517],[-82.44405931748238,27.957897888000517],[-82.44405931748238,27.94890468436327],[-82.45305252111963,27.94890468436327]]]}},{"type":"Feature","properties":{"jobs":5560,"pop":1599,"pointCount":4,"homeWorkCommuteMedian":13237,"workHomeCommuteMedian":17996},"geometry":{"type":"Polygon","coordinates":[[[-82.45305252111963,27.957897888000517],[-82.45305252111963,27.966891091637763],[-82.44405931748238,27.966891091637763],[-82.44405931748238,27.957897888000517],[-82.45305252111963,27.957897888000517]]]}},{"type":"Feature","properties":{"jobs":514,"pop":759,"pointCount":1,"homeWorkCommuteMedian":23281,"workHomeCommuteMedian":25915},"geometry":{"type":"Polygon","coordinates":[[[-82.45305252111963,27.97588429527501],[-82.45305252111963,27.984877498912255],[-82.44405931748238,27.984877498912255],[-82.44405931748238,27.97588429527501],[-82.45305252111963,27.97588429527501]]]}},{"type":"Feature","properties":{"jobs":565,"pop":347,"pointCount":1,"homeWorkCommuteMedian":14518,"workHomeCommuteMedian":19480},"geometry":{"type":"Polygon","coordinates":[[[-82.45305252111963,27.984877498912255],[-82.45305252111963,27.9938707025495],[-82.44405931748238,27.9938707025495],[-82.44405931748238,27.984877498912255],[-82.45305252111963,27.984877498912255]]]}},{"type":"Feature","properties":{"jobs":876,"pop":1217,"pointCount":2,"homeWorkCommuteMedian":16618,"workHomeCommuteMedian":23697},"geometry":{"type":"Polygon","coordinates":[[[-82.45305252111963,27.9938707025495],[-82.45305252111963,28.002863906186747],[-82.44405931748238,28.002863906186747],[-82.44405931748238,27.9938707025495],[-82.45305252111963,27.9938707025495]]]}},{"type":"Feature","properties":{"jobs":535,"pop":661,"pointCount":2,"homeWorkCommuteMedian":14417,"workHomeCommuteMedian":19797},"geometry":{"type":"Polygon","coordinates":[[[-82.45305252111963,28.002863906186747],[-82.45305252111963,28.011857109823993],[-82.44405931748238,28.011857109823993],[-82.44405931748238,28.002863906186747],[-82.45305252111963,28.002863906186747]]]}},{"type":"Feature","properties":{"jobs":267,"pop":1411,"pointCount":2,"homeWorkCommuteMedian":14313,"workHomeCommuteMedian":28112},"geometry":{"type":"Polygon","coordinates":[[[-82.45305252111963,28.011857109823993],[-82.45305252111963,28.02085031346124],[-82.44405931748238,28.02085031346124],[-82.44405931748238,28.011857109823993],[-82.45305252111963,28.011857109823993]]]}},{"type":"Feature","properties":{"jobs":94,"pop":630,"pointCount":1,"homeWorkCommuteMedian":11435,"workHomeCommuteMedian":20794},"geometry":{"type":"Polygon","coordinates":[[[-82.45305252111963,28.02085031346124],[-82.45305252111963,28.029843517098485],[-82.44405931748238,28.029843517098485],[-82.44405931748238,28.02085031346124],[-82.45305252111963,28.02085031346124]]]}},{"type":"Feature","properties":{"jobs":514,"pop":1264,"pointCount":2,"homeWorkCommuteMedian":21069,"workHomeCommuteMedian":17854},"geometry":{"type":"Polygon","coordinates":[[[-82.45305252111963,28.029843517098485],[-82.45305252111963,28.03883672073573],[-82.44405931748238,28.03883672073573],[-82.44405931748238,28.029843517098485],[-82.45305252111963,28.029843517098485]]]}},{"type":"Feature","properties":{"jobs":18,"pop":2037,"pointCount":1,"homeWorkCommuteMedian":12770,"workHomeCommuteMedian":50513},"geometry":{"type":"Polygon","coordinates":[[[-82.45305252111963,28.03883672073573],[-82.45305252111963,28.047829924372977],[-82.44405931748238,28.047829924372977],[-82.44405931748238,28.03883672073573],[-82.45305252111963,28.03883672073573]]]}},{"type":"Feature","properties":{"jobs":1238,"pop":1154,"pointCount":2,"homeWorkCommuteMedian":21747,"workHomeCommuteMedian":25374},"geometry":{"type":"Polygon","coordinates":[[[-82.45305252111963,28.047829924372977],[-82.45305252111963,28.056823128010222],[-82.44405931748238,28.056823128010222],[-82.44405931748238,28.047829924372977],[-82.45305252111963,28.047829924372977]]]}},{"type":"Feature","properties":{"jobs":402,"pop":1256,"pointCount":1,"homeWorkCommuteMedian":17540,"workHomeCommuteMedian":23493},"geometry":{"type":"Polygon","coordinates":[[[-82.45305252111963,28.056823128010222],[-82.45305252111963,28.06581633164747],[-82.44405931748238,28.06581633164747],[-82.44405931748238,28.056823128010222],[-82.45305252111963,28.056823128010222]]]}},{"type":"Feature","properties":{"jobs":1283,"pop":971,"pointCount":3,"homeWorkCommuteMedian":27262,"workHomeCommuteMedian":20873},"geometry":{"type":"Polygon","coordinates":[[[-82.45305252111963,28.06581633164747],[-82.45305252111963,28.074809535284714],[-82.44405931748238,28.074809535284714],[-82.44405931748238,28.06581633164747],[-82.45305252111963,28.06581633164747]]]}},{"type":"Feature","properties":{"jobs":257,"pop":702,"pointCount":2,"homeWorkCommuteMedian":18548,"workHomeCommuteMedian":27251},"geometry":{"type":"Polygon","coordinates":[[[-82.45305252111963,28.074809535284714],[-82.45305252111963,28.08380273892196],[-82.44405931748238,28.08380273892196],[-82.44405931748238,28.074809535284714],[-82.45305252111963,28.074809535284714]]]}},{"type":"Feature","properties":{"jobs":1026,"pop":1557,"pointCount":3,"homeWorkCommuteMedian":19507,"workHomeCommuteMedian":23175},"geometry":{"type":"Polygon","coordinates":[[[-82.45305252111963,28.08380273892196],[-82.45305252111963,28.092795942559206],[-82.44405931748238,28.092795942559206],[-82.44405931748238,28.08380273892196],[-82.45305252111963,28.08380273892196]]]}},{"type":"Feature","properties":{"jobs":397,"pop":185,"pointCount":1,"homeWorkCommuteMedian":11925,"workHomeCommuteMedian":27929},"geometry":{"type":"Polygon","coordinates":[[[-82.45305252111963,28.092795942559206],[-82.45305252111963,28.101789146196452],[-82.44405931748238,28.101789146196452],[-82.44405931748238,28.092795942559206],[-82.45305252111963,28.092795942559206]]]}},{"type":"Feature","properties":{"jobs":260,"pop":369,"pointCount":1,"homeWorkCommuteMedian":26365,"workHomeCommuteMedian":27980},"geometry":{"type":"Polygon","coordinates":[[[-82.45305252111963,28.119775553470944],[-82.45305252111963,28.12876875710819],[-82.44405931748238,28.12876875710819],[-82.44405931748238,28.119775553470944],[-82.45305252111963,28.119775553470944]]]}},{"type":"Feature","properties":{"jobs":526,"pop":213,"pointCount":1,"homeWorkCommuteMedian":25044,"workHomeCommuteMedian":22965},"geometry":{"type":"Polygon","coordinates":[[[-82.45305252111963,28.12876875710819],[-82.45305252111963,28.137761960745436],[-82.44405931748238,28.137761960745436],[-82.44405931748238,28.12876875710819],[-82.45305252111963,28.12876875710819]]]}},{"type":"Feature","properties":{"jobs":38,"pop":302,"pointCount":1,"homeWorkCommuteMedian":26579,"workHomeCommuteMedian":14319},"geometry":{"type":"Polygon","coordinates":[[[-82.45305252111963,28.137761960745436],[-82.45305252111963,28.146755164382682],[-82.44405931748238,28.146755164382682],[-82.44405931748238,28.137761960745436],[-82.45305252111963,28.137761960745436]]]}},{"type":"Feature","properties":{"jobs":70,"pop":488,"pointCount":1,"homeWorkCommuteMedian":30304,"workHomeCommuteMedian":14591},"geometry":{"type":"Polygon","coordinates":[[[-82.45305252111963,28.164741571657174],[-82.45305252111963,28.17373477529442],[-82.44405931748238,28.17373477529442],[-82.44405931748238,28.164741571657174],[-82.45305252111963,28.164741571657174]]]}},{"type":"Feature","properties":{"jobs":754,"pop":335,"pointCount":1,"homeWorkCommuteMedian":27306,"workHomeCommuteMedian":32237},"geometry":{"type":"Polygon","coordinates":[[[-82.45305252111963,28.191721182568912],[-82.45305252111963,28.20071438620616],[-82.44405931748238,28.20071438620616],[-82.44405931748238,28.191721182568912],[-82.45305252111963,28.191721182568912]]]}},{"type":"Feature","properties":{"jobs":44,"pop":794,"pointCount":1,"homeWorkCommuteMedian":39464,"workHomeCommuteMedian":15059},"geometry":{"type":"Polygon","coordinates":[[[-82.45305252111963,28.20071438620616],[-82.45305252111963,28.209707589843404],[-82.44405931748238,28.209707589843404],[-82.44405931748238,28.20071438620616],[-82.45305252111963,28.20071438620616]]]}},{"type":"Feature","properties":{"jobs":166,"pop":532,"pointCount":2,"homeWorkCommuteMedian":33911,"workHomeCommuteMedian":21239},"geometry":{"type":"Polygon","coordinates":[[[-82.45305252111963,28.21870079348065],[-82.45305252111963,28.227693997117896],[-82.44405931748238,28.227693997117896],[-82.44405931748238,28.21870079348065],[-82.45305252111963,28.21870079348065]]]}},{"type":"Feature","properties":{"jobs":267,"pop":297,"pointCount":1,"homeWorkCommuteMedian":26425,"workHomeCommuteMedian":34553},"geometry":{"type":"Polygon","coordinates":[[[-82.45305252111963,28.227693997117896],[-82.45305252111963,28.236687200755142],[-82.44405931748238,28.236687200755142],[-82.44405931748238,28.227693997117896],[-82.45305252111963,28.227693997117896]]]}},{"type":"Feature","properties":{"jobs":5,"pop":72,"pointCount":1,"homeWorkCommuteMedian":49586,"workHomeCommuteMedian":47967},"geometry":{"type":"Polygon","coordinates":[[[-82.45305252111963,28.245680404392388],[-82.45305252111963,28.254673608029634],[-82.44405931748238,28.254673608029634],[-82.44405931748238,28.245680404392388],[-82.45305252111963,28.245680404392388]]]}},{"type":"Feature","properties":{"jobs":644,"pop":1056,"pointCount":2,"homeWorkCommuteMedian":39245,"workHomeCommuteMedian":35090},"geometry":{"type":"Polygon","coordinates":[[[-82.44405931748238,27.697094982520383],[-82.44405931748238,27.70608818615763],[-82.43506611384514,27.70608818615763],[-82.43506611384514,27.697094982520383],[-82.44405931748238,27.697094982520383]]]}},{"type":"Feature","properties":{"jobs":489,"pop":877,"pointCount":1,"homeWorkCommuteMedian":47628,"workHomeCommuteMedian":28299},"geometry":{"type":"Polygon","coordinates":[[[-82.44405931748238,27.72407459343212],[-82.44405931748238,27.733067797069367],[-82.43506611384514,27.733067797069367],[-82.43506611384514,27.72407459343212],[-82.44405931748238,27.72407459343212]]]}},{"type":"Feature","properties":{"jobs":582,"pop":17,"pointCount":1,"homeWorkCommuteMedian":10577,"workHomeCommuteMedian":24271},"geometry":{"type":"Polygon","coordinates":[[[-82.44405931748238,27.912931869814287],[-82.44405931748238,27.921925073451533],[-82.43506611384514,27.921925073451533],[-82.43506611384514,27.912931869814287],[-82.44405931748238,27.912931869814287]]]}},{"type":"Feature","properties":{"jobs":277,"pop":28,"pointCount":1,"homeWorkCommuteMedian":25373,"workHomeCommuteMedian":27782},"geometry":{"type":"Polygon","coordinates":[[[-82.44405931748238,27.921925073451533],[-82.44405931748238,27.93091827708878],[-82.43506611384514,27.93091827708878],[-82.43506611384514,27.921925073451533],[-82.44405931748238,27.921925073451533]]]}},{"type":"Feature","properties":{"jobs":754,"pop":278,"pointCount":1,"homeWorkCommuteMedian":30796,"workHomeCommuteMedian":29665},"geometry":{"type":"Polygon","coordinates":[[[-82.44405931748238,27.939911480726025],[-82.44405931748238,27.94890468436327],[-82.43506611384514,27.94890468436327],[-82.43506611384514,27.939911480726025],[-82.44405931748238,27.939911480726025]]]}},{"type":"Feature","properties":{"jobs":1297,"pop":167,"pointCount":2,"homeWorkCommuteMedian":11912,"workHomeCommuteMedian":25730},"geometry":{"type":"Polygon","coordinates":[[[-82.44405931748238,27.94890468436327],[-82.44405931748238,27.957897888000517],[-82.43506611384514,27.957897888000517],[-82.43506611384514,27.94890468436327],[-82.44405931748238,27.94890468436327]]]}},{"type":"Feature","properties":{"jobs":8459,"pop":1709,"pointCount":5,"homeWorkCommuteMedian":8631,"workHomeCommuteMedian":26479},"geometry":{"type":"Polygon","coordinates":[[[-82.44405931748238,27.957897888000517],[-82.44405931748238,27.966891091637763],[-82.43506611384514,27.966891091637763],[-82.43506611384514,27.957897888000517],[-82.44405931748238,27.957897888000517]]]}},{"type":"Feature","properties":{"jobs":422,"pop":1884,"pointCount":3,"homeWorkCommuteMedian":13832,"workHomeCommuteMedian":21541},"geometry":{"type":"Polygon","coordinates":[[[-82.44405931748238,27.966891091637763],[-82.44405931748238,27.97588429527501],[-82.43506611384514,27.97588429527501],[-82.43506611384514,27.966891091637763],[-82.44405931748238,27.966891091637763]]]}},{"type":"Feature","properties":{"jobs":216,"pop":1262,"pointCount":1,"homeWorkCommuteMedian":11080,"workHomeCommuteMedian":32729},"geometry":{"type":"Polygon","coordinates":[[[-82.44405931748238,27.97588429527501],[-82.44405931748238,27.984877498912255],[-82.43506611384514,27.984877498912255],[-82.43506611384514,27.97588429527501],[-82.44405931748238,27.97588429527501]]]}},{"type":"Feature","properties":{"jobs":375,"pop":1788,"pointCount":2,"homeWorkCommuteMedian":16862,"workHomeCommuteMedian":18208},"geometry":{"type":"Polygon","coordinates":[[[-82.44405931748238,27.984877498912255],[-82.44405931748238,27.9938707025495],[-82.43506611384514,27.9938707025495],[-82.43506611384514,27.984877498912255],[-82.44405931748238,27.984877498912255]]]}},{"type":"Feature","properties":{"jobs":694,"pop":1167,"pointCount":2,"homeWorkCommuteMedian":12304,"workHomeCommuteMedian":22510},"geometry":{"type":"Polygon","coordinates":[[[-82.44405931748238,27.9938707025495],[-82.44405931748238,28.002863906186747],[-82.43506611384514,28.002863906186747],[-82.43506611384514,27.9938707025495],[-82.44405931748238,27.9938707025495]]]}},{"type":"Feature","properties":{"jobs":268,"pop":1599,"pointCount":2,"homeWorkCommuteMedian":9471,"workHomeCommuteMedian":21788},"geometry":{"type":"Polygon","coordinates":[[[-82.44405931748238,28.002863906186747],[-82.44405931748238,28.011857109823993],[-82.43506611384514,28.011857109823993],[-82.43506611384514,28.002863906186747],[-82.44405931748238,28.002863906186747]]]}},{"type":"Feature","properties":{"jobs":96,"pop":1083,"pointCount":1,"homeWorkCommuteMedian":18790,"workHomeCommuteMedian":19159},"geometry":{"type":"Polygon","coordinates":[[[-82.44405931748238,28.011857109823993],[-82.44405931748238,28.02085031346124],[-82.43506611384514,28.02085031346124],[-82.43506611384514,28.011857109823993],[-82.44405931748238,28.011857109823993]]]}},{"type":"Feature","properties":{"jobs":158,"pop":1138,"pointCount":2,"homeWorkCommuteMedian":16229,"workHomeCommuteMedian":16542},"geometry":{"type":"Polygon","coordinates":[[[-82.44405931748238,28.02085031346124],[-82.44405931748238,28.029843517098485],[-82.43506611384514,28.029843517098485],[-82.43506611384514,28.02085031346124],[-82.44405931748238,28.02085031346124]]]}},{"type":"Feature","properties":{"jobs":35,"pop":2254,"pointCount":2,"homeWorkCommuteMedian":13632,"workHomeCommuteMedian":3510},"geometry":{"type":"Polygon","coordinates":[[[-82.44405931748238,28.03883672073573],[-82.44405931748238,28.047829924372977],[-82.43506611384514,28.047829924372977],[-82.43506611384514,28.03883672073573],[-82.44405931748238,28.03883672073573]]]}},{"type":"Feature","properties":{"jobs":526,"pop":1952,"pointCount":2,"homeWorkCommuteMedian":17294,"workHomeCommuteMedian":25353},"geometry":{"type":"Polygon","coordinates":[[[-82.44405931748238,28.047829924372977],[-82.44405931748238,28.056823128010222],[-82.43506611384514,28.056823128010222],[-82.43506611384514,28.047829924372977],[-82.44405931748238,28.047829924372977]]]}},{"type":"Feature","properties":{"jobs":82,"pop":921,"pointCount":1,"homeWorkCommuteMedian":15935,"workHomeCommuteMedian":19593},"geometry":{"type":"Polygon","coordinates":[[[-82.44405931748238,28.056823128010222],[-82.44405931748238,28.06581633164747],[-82.43506611384514,28.06581633164747],[-82.43506611384514,28.056823128010222],[-82.44405931748238,28.056823128010222]]]}},{"type":"Feature","properties":{"jobs":442,"pop":2096,"pointCount":2,"homeWorkCommuteMedian":18449,"workHomeCommuteMedian":20155},"geometry":{"type":"Polygon","coordinates":[[[-82.44405931748238,28.06581633164747],[-82.44405931748238,28.074809535284714],[-82.43506611384514,28.074809535284714],[-82.43506611384514,28.06581633164747],[-82.44405931748238,28.06581633164747]]]}},{"type":"Feature","properties":{"jobs":196,"pop":2180,"pointCount":2,"homeWorkCommuteMedian":20158,"workHomeCommuteMedian":21569},"geometry":{"type":"Polygon","coordinates":[[[-82.44405931748238,28.074809535284714],[-82.44405931748238,28.08380273892196],[-82.43506611384514,28.08380273892196],[-82.43506611384514,28.074809535284714],[-82.44405931748238,28.074809535284714]]]}},{"type":"Feature","properties":{"jobs":172,"pop":523,"pointCount":1,"homeWorkCommuteMedian":23426,"workHomeCommuteMedian":28789},"geometry":{"type":"Polygon","coordinates":[[[-82.44405931748238,28.101789146196452],[-82.44405931748238,28.1107823498337],[-82.43506611384514,28.1107823498337],[-82.43506611384514,28.101789146196452],[-82.44405931748238,28.101789146196452]]]}},{"type":"Feature","properties":{"jobs":321,"pop":244,"pointCount":1,"homeWorkCommuteMedian":27469,"workHomeCommuteMedian":21498},"geometry":{"type":"Polygon","coordinates":[[[-82.44405931748238,28.119775553470944],[-82.44405931748238,28.12876875710819],[-82.43506611384514,28.12876875710819],[-82.43506611384514,28.119775553470944],[-82.44405931748238,28.119775553470944]]]}},{"type":"Feature","properties":{"jobs":42,"pop":490,"pointCount":1,"homeWorkCommuteMedian":21602,"workHomeCommuteMedian":10711},"geometry":{"type":"Polygon","coordinates":[[[-82.44405931748238,28.12876875710819],[-82.44405931748238,28.137761960745436],[-82.43506611384514,28.137761960745436],[-82.43506611384514,28.12876875710819],[-82.44405931748238,28.12876875710819]]]}},{"type":"Feature","properties":{"jobs":44,"pop":669,"pointCount":1,"homeWorkCommuteMedian":20883,"workHomeCommuteMedian":17013},"geometry":{"type":"Polygon","coordinates":[[[-82.44405931748238,28.137761960745436],[-82.44405931748238,28.146755164382682],[-82.43506611384514,28.146755164382682],[-82.43506611384514,28.137761960745436],[-82.44405931748238,28.137761960745436]]]}},{"type":"Feature","properties":{"jobs":225,"pop":339,"pointCount":1,"homeWorkCommuteMedian":29621,"workHomeCommuteMedian":28580},"geometry":{"type":"Polygon","coordinates":[[[-82.44405931748238,28.146755164382682],[-82.44405931748238,28.15574836801993],[-82.43506611384514,28.15574836801993],[-82.43506611384514,28.146755164382682],[-82.44405931748238,28.146755164382682]]]}},{"type":"Feature","properties":{"jobs":116,"pop":724,"pointCount":1,"homeWorkCommuteMedian":31376,"workHomeCommuteMedian":23972},"geometry":{"type":"Polygon","coordinates":[[[-82.44405931748238,28.182727978931666],[-82.44405931748238,28.191721182568912],[-82.43506611384514,28.191721182568912],[-82.43506611384514,28.182727978931666],[-82.44405931748238,28.182727978931666]]]}},{"type":"Feature","properties":{"jobs":0,"pop":538,"pointCount":1,"homeWorkCommuteMedian":28363,"workHomeCommuteMedian":-1},"geometry":{"type":"Polygon","coordinates":[[[-82.44405931748238,28.191721182568912],[-82.44405931748238,28.20071438620616],[-82.43506611384514,28.20071438620616],[-82.43506611384514,28.191721182568912],[-82.44405931748238,28.191721182568912]]]}},{"type":"Feature","properties":{"jobs":33,"pop":854,"pointCount":1,"homeWorkCommuteMedian":34610,"workHomeCommuteMedian":30467},"geometry":{"type":"Polygon","coordinates":[[[-82.44405931748238,28.20071438620616],[-82.44405931748238,28.209707589843404],[-82.43506611384514,28.209707589843404],[-82.43506611384514,28.20071438620616],[-82.44405931748238,28.20071438620616]]]}},{"type":"Feature","properties":{"jobs":78,"pop":2393,"pointCount":2,"homeWorkCommuteMedian":32916,"workHomeCommuteMedian":22381},"geometry":{"type":"Polygon","coordinates":[[[-82.44405931748238,28.209707589843404],[-82.44405931748238,28.21870079348065],[-82.43506611384514,28.21870079348065],[-82.43506611384514,28.209707589843404],[-82.44405931748238,28.209707589843404]]]}},{"type":"Feature","properties":{"jobs":39,"pop":434,"pointCount":1,"homeWorkCommuteMedian":31657,"workHomeCommuteMedian":40292},"geometry":{"type":"Polygon","coordinates":[[[-82.44405931748238,28.227693997117896],[-82.44405931748238,28.236687200755142],[-82.43506611384514,28.236687200755142],[-82.43506611384514,28.227693997117896],[-82.44405931748238,28.227693997117896]]]}},{"type":"Feature","properties":{"jobs":113,"pop":95,"pointCount":1,"homeWorkCommuteMedian":36115,"workHomeCommuteMedian":21358},"geometry":{"type":"Polygon","coordinates":[[[-82.44405931748238,28.236687200755142],[-82.44405931748238,28.245680404392388],[-82.43506611384514,28.245680404392388],[-82.43506611384514,28.236687200755142],[-82.44405931748238,28.236687200755142]]]}},{"type":"Feature","properties":{"jobs":8,"pop":0,"pointCount":1,"homeWorkCommuteMedian":-1,"workHomeCommuteMedian":8139},"geometry":{"type":"Polygon","coordinates":[[[-82.43506611384514,27.643135760696907],[-82.43506611384514,27.652128964334153],[-82.42607291020789,27.652128964334153],[-82.42607291020789,27.643135760696907],[-82.43506611384514,27.643135760696907]]]}},{"type":"Feature","properties":{"jobs":37,"pop":768,"pointCount":1,"homeWorkCommuteMedian":47289,"workHomeCommuteMedian":36491},"geometry":{"type":"Polygon","coordinates":[[[-82.43506611384514,27.688101778883137],[-82.43506611384514,27.697094982520383],[-82.42607291020789,27.697094982520383],[-82.42607291020789,27.688101778883137],[-82.43506611384514,27.688101778883137]]]}},{"type":"Feature","properties":{"jobs":143,"pop":980,"pointCount":1,"homeWorkCommuteMedian":45206,"workHomeCommuteMedian":31855},"geometry":{"type":"Polygon","coordinates":[[[-82.43506611384514,27.697094982520383],[-82.43506611384514,27.70608818615763],[-82.42607291020789,27.70608818615763],[-82.42607291020789,27.697094982520383],[-82.43506611384514,27.697094982520383]]]}},{"type":"Feature","properties":{"jobs":207,"pop":1553,"pointCount":1,"homeWorkCommuteMedian":41662,"workHomeCommuteMedian":30219},"geometry":{"type":"Polygon","coordinates":[[[-82.43506611384514,27.715081389794875],[-82.43506611384514,27.72407459343212],[-82.42607291020789,27.72407459343212],[-82.42607291020789,27.715081389794875],[-82.43506611384514,27.715081389794875]]]}},{"type":"Feature","properties":{"jobs":88,"pop":658,"pointCount":1,"homeWorkCommuteMedian":38847,"workHomeCommuteMedian":32221},"geometry":{"type":"Polygon","coordinates":[[[-82.43506611384514,27.72407459343212],[-82.43506611384514,27.733067797069367],[-82.42607291020789,27.733067797069367],[-82.42607291020789,27.72407459343212],[-82.43506611384514,27.72407459343212]]]}},{"type":"Feature","properties":{"jobs":200,"pop":528,"pointCount":1,"homeWorkCommuteMedian":44150,"workHomeCommuteMedian":54598},"geometry":{"type":"Polygon","coordinates":[[[-82.43506611384514,27.733067797069367],[-82.43506611384514,27.742061000706613],[-82.42607291020789,27.742061000706613],[-82.42607291020789,27.733067797069367],[-82.43506611384514,27.733067797069367]]]}},{"type":"Feature","properties":{"jobs":0,"pop":8,"pointCount":1,"homeWorkCommuteMedian":60778,"workHomeCommuteMedian":-1},"geometry":{"type":"Polygon","coordinates":[[[-82.43506611384514,27.849979444353565],[-82.43506611384514,27.85897264799081],[-82.42607291020789,27.85897264799081],[-82.42607291020789,27.849979444353565],[-82.43506611384514,27.849979444353565]]]}},{"type":"Feature","properties":{"jobs":217,"pop":18,"pointCount":1,"homeWorkCommuteMedian":52280,"workHomeCommuteMedian":25218},"geometry":{"type":"Polygon","coordinates":[[[-82.43506611384514,27.912931869814287],[-82.43506611384514,27.921925073451533],[-82.42607291020789,27.921925073451533],[-82.42607291020789,27.912931869814287],[-82.43506611384514,27.912931869814287]]]}},{"type":"Feature","properties":{"jobs":0,"pop":82,"pointCount":1,"homeWorkCommuteMedian":21085,"workHomeCommuteMedian":-1},"geometry":{"type":"Polygon","coordinates":[[[-82.43506611384514,27.939911480726025],[-82.43506611384514,27.94890468436327],[-82.42607291020789,27.94890468436327],[-82.42607291020789,27.939911480726025],[-82.43506611384514,27.939911480726025]]]}},{"type":"Feature","properties":{"jobs":1202,"pop":183,"pointCount":3,"homeWorkCommuteMedian":24770,"workHomeCommuteMedian":19493},"geometry":{"type":"Polygon","coordinates":[[[-82.43506611384514,27.94890468436327],[-82.43506611384514,27.957897888000517],[-82.42607291020789,27.957897888000517],[-82.42607291020789,27.94890468436327],[-82.43506611384514,27.94890468436327]]]}},{"type":"Feature","properties":{"jobs":1264,"pop":220,"pointCount":2,"homeWorkCommuteMedian":30285,"workHomeCommuteMedian":29368},"geometry":{"type":"Polygon","coordinates":[[[-82.43506611384514,27.957897888000517],[-82.43506611384514,27.966891091637763],[-82.42607291020789,27.966891091637763],[-82.42607291020789,27.957897888000517],[-82.43506611384514,27.957897888000517]]]}},{"type":"Feature","properties":{"jobs":52,"pop":571,"pointCount":1,"homeWorkCommuteMedian":21260,"workHomeCommuteMedian":17068},"geometry":{"type":"Polygon","coordinates":[[[-82.43506611384514,27.966891091637763],[-82.43506611384514,27.97588429527501],[-82.42607291020789,27.97588429527501],[-82.42607291020789,27.966891091637763],[-82.43506611384514,27.966891091637763]]]}},{"type":"Feature","properties":{"jobs":668,"pop":1198,"pointCount":3,"homeWorkCommuteMedian":13090,"workHomeCommuteMedian":24377},"geometry":{"type":"Polygon","coordinates":[[[-82.43506611384514,27.97588429527501],[-82.43506611384514,27.984877498912255],[-82.42607291020789,27.984877498912255],[-82.42607291020789,27.97588429527501],[-82.43506611384514,27.97588429527501]]]}},{"type":"Feature","properties":{"jobs":820,"pop":2125,"pointCount":3,"homeWorkCommuteMedian":13738,"workHomeCommuteMedian":22835},"geometry":{"type":"Polygon","coordinates":[[[-82.43506611384514,27.984877498912255],[-82.43506611384514,27.9938707025495],[-82.42607291020789,27.9938707025495],[-82.42607291020789,27.984877498912255],[-82.43506611384514,27.984877498912255]]]}},{"type":"Feature","properties":{"jobs":727,"pop":1695,"pointCount":2,"homeWorkCommuteMedian":13329,"workHomeCommuteMedian":22047},"geometry":{"type":"Polygon","coordinates":[[[-82.43506611384514,27.9938707025495],[-82.43506611384514,28.002863906186747],[-82.42607291020789,28.002863906186747],[-82.42607291020789,27.9938707025495],[-82.43506611384514,27.9938707025495]]]}},{"type":"Feature","properties":{"jobs":637,"pop":552,"pointCount":2,"homeWorkCommuteMedian":28984,"workHomeCommuteMedian":18592},"geometry":{"type":"Polygon","coordinates":[[[-82.43506611384514,28.029843517098485],[-82.43506611384514,28.03883672073573],[-82.42607291020789,28.03883672073573],[-82.42607291020789,28.029843517098485],[-82.43506611384514,28.029843517098485]]]}},{"type":"Feature","properties":{"jobs":81,"pop":1435,"pointCount":1,"homeWorkCommuteMedian":14369,"workHomeCommuteMedian":39567},"geometry":{"type":"Polygon","coordinates":[[[-82.43506611384514,28.03883672073573],[-82.43506611384514,28.047829924372977],[-82.42607291020789,28.047829924372977],[-82.42607291020789,28.03883672073573],[-82.43506611384514,28.03883672073573]]]}},{"type":"Feature","properties":{"jobs":1564,"pop":1038,"pointCount":3,"homeWorkCommuteMedian":18662,"workHomeCommuteMedian":24032},"geometry":{"type":"Polygon","coordinates":[[[-82.43506611384514,28.047829924372977],[-82.43506611384514,28.056823128010222],[-82.42607291020789,28.056823128010222],[-82.42607291020789,28.047829924372977],[-82.43506611384514,28.047829924372977]]]}},{"type":"Feature","properties":{"jobs":625,"pop":1572,"pointCount":2,"homeWorkCommuteMedian":21021,"workHomeCommuteMedian":24002},"geometry":{"type":"Polygon","coordinates":[[[-82.43506611384514,28.056823128010222],[-82.43506611384514,28.06581633164747],[-82.42607291020789,28.06581633164747],[-82.42607291020789,28.056823128010222],[-82.43506611384514,28.056823128010222]]]}},{"type":"Feature","properties":{"jobs":7860,"pop":4228,"pointCount":4,"homeWorkCommuteMedian":19768,"workHomeCommuteMedian":25653},"geometry":{"type":"Polygon","coordinates":[[[-82.43506611384514,28.06581633164747],[-82.43506611384514,28.074809535284714],[-82.42607291020789,28.074809535284714],[-82.42607291020789,28.06581633164747],[-82.43506611384514,28.06581633164747]]]}},{"type":"Feature","properties":{"jobs":590,"pop":2624,"pointCount":4,"homeWorkCommuteMedian":21901,"workHomeCommuteMedian":25911},"geometry":{"type":"Polygon","coordinates":[[[-82.43506611384514,28.074809535284714],[-82.43506611384514,28.08380273892196],[-82.42607291020789,28.08380273892196],[-82.42607291020789,28.074809535284714],[-82.43506611384514,28.074809535284714]]]}},{"type":"Feature","properties":{"jobs":210,"pop":123,"pointCount":1,"homeWorkCommuteMedian":25870,"workHomeCommuteMedian":21915},"geometry":{"type":"Polygon","coordinates":[[[-82.43506611384514,28.137761960745436],[-82.43506611384514,28.146755164382682],[-82.42607291020789,28.146755164382682],[-82.42607291020789,28.137761960745436],[-82.43506611384514,28.137761960745436]]]}},{"type":"Feature","properties":{"jobs":178,"pop":335,"pointCount":1,"homeWorkCommuteMedian":31146,"workHomeCommuteMedian":32728},"geometry":{"type":"Polygon","coordinates":[[[-82.43506611384514,28.15574836801993],[-82.43506611384514,28.164741571657174],[-82.42607291020789,28.164741571657174],[-82.42607291020789,28.15574836801993],[-82.43506611384514,28.15574836801993]]]}},{"type":"Feature","properties":{"jobs":400,"pop":460,"pointCount":1,"homeWorkCommuteMedian":33694,"workHomeCommuteMedian":29219},"geometry":{"type":"Polygon","coordinates":[[[-82.43506611384514,28.17373477529442],[-82.43506611384514,28.182727978931666],[-82.42607291020789,28.182727978931666],[-82.42607291020789,28.17373477529442],[-82.43506611384514,28.17373477529442]]]}},{"type":"Feature","properties":{"jobs":93,"pop":1985,"pointCount":1,"homeWorkCommuteMedian":25741,"workHomeCommuteMedian":19995},"geometry":{"type":"Polygon","coordinates":[[[-82.43506611384514,28.191721182568912],[-82.43506611384514,28.20071438620616],[-82.42607291020789,28.20071438620616],[-82.42607291020789,28.191721182568912],[-82.43506611384514,28.191721182568912]]]}},{"type":"Feature","properties":{"jobs":151,"pop":1360,"pointCount":1,"homeWorkCommuteMedian":35519,"workHomeCommuteMedian":23757},"geometry":{"type":"Polygon","coordinates":[[[-82.43506611384514,28.20071438620616],[-82.43506611384514,28.209707589843404],[-82.42607291020789,28.209707589843404],[-82.42607291020789,28.20071438620616],[-82.43506611384514,28.20071438620616]]]}},{"type":"Feature","properties":{"jobs":83,"pop":258,"pointCount":1,"homeWorkCommuteMedian":39667,"workHomeCommuteMedian":20479},"geometry":{"type":"Polygon","coordinates":[[[-82.43506611384514,28.21870079348065],[-82.43506611384514,28.227693997117896],[-82.42607291020789,28.227693997117896],[-82.42607291020789,28.21870079348065],[-82.43506611384514,28.21870079348065]]]}},{"type":"Feature","properties":{"jobs":2,"pop":218,"pointCount":1,"homeWorkCommuteMedian":47430,"workHomeCommuteMedian":63154},"geometry":{"type":"Polygon","coordinates":[[[-82.42607291020789,27.688101778883137],[-82.42607291020789,27.697094982520383],[-82.41707970657065,27.697094982520383],[-82.41707970657065,27.688101778883137],[-82.42607291020789,27.688101778883137]]]}},{"type":"Feature","properties":{"jobs":43,"pop":925,"pointCount":1,"homeWorkCommuteMedian":40449,"workHomeCommuteMedian":4355},"geometry":{"type":"Polygon","coordinates":[[[-82.42607291020789,27.72407459343212],[-82.42607291020789,27.733067797069367],[-82.41707970657065,27.733067797069367],[-82.41707970657065,27.72407459343212],[-82.42607291020789,27.72407459343212]]]}},{"type":"Feature","properties":{"jobs":11,"pop":776,"pointCount":1,"homeWorkCommuteMedian":41112,"workHomeCommuteMedian":68576},"geometry":{"type":"Polygon","coordinates":[[[-82.42607291020789,27.733067797069367],[-82.42607291020789,27.742061000706613],[-82.41707970657065,27.742061000706613],[-82.41707970657065,27.733067797069367],[-82.42607291020789,27.733067797069367]]]}},{"type":"Feature","properties":{"jobs":161,"pop":899,"pointCount":1,"homeWorkCommuteMedian":41268,"workHomeCommuteMedian":33498},"geometry":{"type":"Polygon","coordinates":[[[-82.42607291020789,27.742061000706613],[-82.42607291020789,27.75105420434386],[-82.41707970657065,27.75105420434386],[-82.41707970657065,27.742061000706613],[-82.42607291020789,27.742061000706613]]]}},{"type":"Feature","properties":{"jobs":123,"pop":621,"pointCount":1,"homeWorkCommuteMedian":40301,"workHomeCommuteMedian":19536},"geometry":{"type":"Polygon","coordinates":[[[-82.42607291020789,27.75105420434386],[-82.42607291020789,27.760047407981105],[-82.41707970657065,27.760047407981105],[-82.41707970657065,27.75105420434386],[-82.42607291020789,27.75105420434386]]]}},{"type":"Feature","properties":{"jobs":354,"pop":155,"pointCount":1,"homeWorkCommuteMedian":29597,"workHomeCommuteMedian":32246},"geometry":{"type":"Polygon","coordinates":[[[-82.42607291020789,27.76904061161835],[-82.42607291020789,27.778033815255597],[-82.41707970657065,27.778033815255597],[-82.41707970657065,27.76904061161835],[-82.42607291020789,27.76904061161835]]]}},{"type":"Feature","properties":{"jobs":402,"pop":47,"pointCount":1,"homeWorkCommuteMedian":46745,"workHomeCommuteMedian":25709},"geometry":{"type":"Polygon","coordinates":[[[-82.42607291020789,27.94890468436327],[-82.42607291020789,27.957897888000517],[-82.41707970657065,27.957897888000517],[-82.41707970657065,27.94890468436327],[-82.42607291020789,27.94890468436327]]]}},{"type":"Feature","properties":{"jobs":785,"pop":85,"pointCount":2,"homeWorkCommuteMedian":12878,"workHomeCommuteMedian":20402},"geometry":{"type":"Polygon","coordinates":[[[-82.42607291020789,27.957897888000517],[-82.42607291020789,27.966891091637763],[-82.41707970657065,27.966891091637763],[-82.41707970657065,27.957897888000517],[-82.42607291020789,27.957897888000517]]]}},{"type":"Feature","properties":{"jobs":557,"pop":76,"pointCount":1,"homeWorkCommuteMedian":15531,"workHomeCommuteMedian":20442},"geometry":{"type":"Polygon","coordinates":[[[-82.42607291020789,27.966891091637763],[-82.42607291020789,27.97588429527501],[-82.41707970657065,27.97588429527501],[-82.41707970657065,27.966891091637763],[-82.42607291020789,27.966891091637763]]]}},{"type":"Feature","properties":{"jobs":1621,"pop":679,"pointCount":2,"homeWorkCommuteMedian":16529,"workHomeCommuteMedian":24992},"geometry":{"type":"Polygon","coordinates":[[[-82.42607291020789,27.97588429527501],[-82.42607291020789,27.984877498912255],[-82.41707970657065,27.984877498912255],[-82.41707970657065,27.97588429527501],[-82.42607291020789,27.97588429527501]]]}},{"type":"Feature","properties":{"jobs":147,"pop":1235,"pointCount":1,"homeWorkCommuteMedian":13527,"workHomeCommuteMedian":17747},"geometry":{"type":"Polygon","coordinates":[[[-82.42607291020789,27.984877498912255],[-82.42607291020789,27.9938707025495],[-82.41707970657065,27.9938707025495],[-82.41707970657065,27.984877498912255],[-82.42607291020789,27.984877498912255]]]}},{"type":"Feature","properties":{"jobs":39,"pop":1437,"pointCount":1,"homeWorkCommuteMedian":17011,"workHomeCommuteMedian":16800},"geometry":{"type":"Polygon","coordinates":[[[-82.42607291020789,28.002863906186747],[-82.42607291020789,28.011857109823993],[-82.41707970657065,28.011857109823993],[-82.41707970657065,28.002863906186747],[-82.42607291020789,28.002863906186747]]]}},{"type":"Feature","properties":{"jobs":343,"pop":843,"pointCount":1,"homeWorkCommuteMedian":25952,"workHomeCommuteMedian":28185},"geometry":{"type":"Polygon","coordinates":[[[-82.42607291020789,28.02085031346124],[-82.42607291020789,28.029843517098485],[-82.41707970657065,28.029843517098485],[-82.41707970657065,28.02085031346124],[-82.42607291020789,28.02085031346124]]]}},{"type":"Feature","properties":{"jobs":13777,"pop":631,"pointCount":2,"homeWorkCommuteMedian":21538,"workHomeCommuteMedian":24398},"geometry":{"type":"Polygon","coordinates":[[[-82.42607291020789,28.029843517098485],[-82.42607291020789,28.03883672073573],[-82.41707970657065,28.03883672073573],[-82.41707970657065,28.029843517098485],[-82.42607291020789,28.029843517098485]]]}},{"type":"Feature","properties":{"jobs":1617,"pop":1893,"pointCount":2,"homeWorkCommuteMedian":22255,"workHomeCommuteMedian":27189},"geometry":{"type":"Polygon","coordinates":[[[-82.42607291020789,28.047829924372977],[-82.42607291020789,28.056823128010222],[-82.41707970657065,28.056823128010222],[-82.41707970657065,28.047829924372977],[-82.42607291020789,28.047829924372977]]]}},{"type":"Feature","properties":{"jobs":10054,"pop":2747,"pointCount":1,"homeWorkCommuteMedian":18344,"workHomeCommuteMedian":26723},"geometry":{"type":"Polygon","coordinates":[[[-82.42607291020789,28.056823128010222],[-82.42607291020789,28.06581633164747],[-82.41707970657065,28.06581633164747],[-82.41707970657065,28.056823128010222],[-82.42607291020789,28.056823128010222]]]}},{"type":"Feature","properties":{"jobs":6550,"pop":3604,"pointCount":3,"homeWorkCommuteMedian":22984,"workHomeCommuteMedian":27219},"geometry":{"type":"Polygon","coordinates":[[[-82.42607291020789,28.06581633164747],[-82.42607291020789,28.074809535284714],[-82.41707970657065,28.074809535284714],[-82.41707970657065,28.06581633164747],[-82.42607291020789,28.06581633164747]]]}},{"type":"Feature","properties":{"jobs":1063,"pop":5827,"pointCount":4,"homeWorkCommuteMedian":22171,"workHomeCommuteMedian":24422},"geometry":{"type":"Polygon","coordinates":[[[-82.42607291020789,28.074809535284714],[-82.42607291020789,28.08380273892196],[-82.41707970657065,28.08380273892196],[-82.41707970657065,28.074809535284714],[-82.42607291020789,28.074809535284714]]]}},{"type":"Feature","properties":{"jobs":44,"pop":745,"pointCount":1,"homeWorkCommuteMedian":26132,"workHomeCommuteMedian":29784},"geometry":{"type":"Polygon","coordinates":[[[-82.42607291020789,28.092795942559206],[-82.42607291020789,28.101789146196452],[-82.41707970657065,28.101789146196452],[-82.41707970657065,28.092795942559206],[-82.42607291020789,28.092795942559206]]]}},{"type":"Feature","properties":{"jobs":5,"pop":124,"pointCount":1,"homeWorkCommuteMedian":46714,"workHomeCommuteMedian":42040},"geometry":{"type":"Polygon","coordinates":[[[-82.42607291020789,28.1107823498337],[-82.42607291020789,28.119775553470944],[-82.41707970657065,28.119775553470944],[-82.41707970657065,28.1107823498337],[-82.42607291020789,28.1107823498337]]]}},{"type":"Feature","properties":{"jobs":0,"pop":99,"pointCount":1,"homeWorkCommuteMedian":32234,"workHomeCommuteMedian":-1},"geometry":{"type":"Polygon","coordinates":[[[-82.42607291020789,28.137761960745436],[-82.42607291020789,28.146755164382682],[-82.41707970657065,28.146755164382682],[-82.41707970657065,28.137761960745436],[-82.42607291020789,28.137761960745436]]]}},{"type":"Feature","properties":{"jobs":351,"pop":1293,"pointCount":2,"homeWorkCommuteMedian":29163,"workHomeCommuteMedian":27307},"geometry":{"type":"Polygon","coordinates":[[[-82.42607291020789,28.17373477529442],[-82.42607291020789,28.182727978931666],[-82.41707970657065,28.182727978931666],[-82.41707970657065,28.17373477529442],[-82.42607291020789,28.17373477529442]]]}},{"type":"Feature","properties":{"jobs":792,"pop":1318,"pointCount":1,"homeWorkCommuteMedian":35395,"workHomeCommuteMedian":27845},"geometry":{"type":"Polygon","coordinates":[[[-82.42607291020789,28.182727978931666],[-82.42607291020789,28.191721182568912],[-82.41707970657065,28.191721182568912],[-82.41707970657065,28.182727978931666],[-82.42607291020789,28.182727978931666]]]}},{"type":"Feature","properties":{"jobs":11,"pop":987,"pointCount":1,"homeWorkCommuteMedian":32540,"workHomeCommuteMedian":30153},"geometry":{"type":"Polygon","coordinates":[[[-82.42607291020789,28.20071438620616],[-82.42607291020789,28.209707589843404],[-82.41707970657065,28.209707589843404],[-82.41707970657065,28.20071438620616],[-82.42607291020789,28.20071438620616]]]}},{"type":"Feature","properties":{"jobs":0,"pop":14,"pointCount":1,"homeWorkCommuteMedian":38104,"workHomeCommuteMedian":-1},"geometry":{"type":"Polygon","coordinates":[[[-82.42607291020789,28.245680404392388],[-82.42607291020789,28.254673608029634],[-82.41707970657065,28.254673608029634],[-82.41707970657065,28.245680404392388],[-82.42607291020789,28.245680404392388]]]}},{"type":"Feature","properties":{"jobs":31,"pop":39,"pointCount":1,"homeWorkCommuteMedian":74026,"workHomeCommuteMedian":6665},"geometry":{"type":"Polygon","coordinates":[[[-82.41707970657065,27.670115371608645],[-82.41707970657065,27.67910857524589],[-82.4080865029334,27.67910857524589],[-82.4080865029334,27.670115371608645],[-82.41707970657065,27.670115371608645]]]}},{"type":"Feature","properties":{"jobs":53,"pop":922,"pointCount":1,"homeWorkCommuteMedian":44929,"workHomeCommuteMedian":15878},"geometry":{"type":"Polygon","coordinates":[[[-82.41707970657065,27.70608818615763],[-82.41707970657065,27.715081389794875],[-82.4080865029334,27.715081389794875],[-82.4080865029334,27.70608818615763],[-82.41707970657065,27.70608818615763]]]}},{"type":"Feature","properties":{"jobs":93,"pop":1068,"pointCount":1,"homeWorkCommuteMedian":45780,"workHomeCommuteMedian":15647},"geometry":{"type":"Polygon","coordinates":[[[-82.41707970657065,27.715081389794875],[-82.41707970657065,27.72407459343212],[-82.4080865029334,27.72407459343212],[-82.4080865029334,27.715081389794875],[-82.41707970657065,27.715081389794875]]]}},{"type":"Feature","properties":{"jobs":35,"pop":730,"pointCount":1,"homeWorkCommuteMedian":34686,"workHomeCommuteMedian":29096},"geometry":{"type":"Polygon","coordinates":[[[-82.41707970657065,27.72407459343212],[-82.41707970657065,27.733067797069367],[-82.4080865029334,27.733067797069367],[-82.4080865029334,27.72407459343212],[-82.41707970657065,27.72407459343212]]]}},{"type":"Feature","properties":{"jobs":227,"pop":474,"pointCount":1,"homeWorkCommuteMedian":43618,"workHomeCommuteMedian":30312},"geometry":{"type":"Polygon","coordinates":[[[-82.41707970657065,27.742061000706613],[-82.41707970657065,27.75105420434386],[-82.4080865029334,27.75105420434386],[-82.4080865029334,27.742061000706613],[-82.41707970657065,27.742061000706613]]]}},{"type":"Feature","properties":{"jobs":90,"pop":945,"pointCount":1,"homeWorkCommuteMedian":34764,"workHomeCommuteMedian":33456},"geometry":{"type":"Polygon","coordinates":[[[-82.41707970657065,27.760047407981105],[-82.41707970657065,27.76904061161835],[-82.4080865029334,27.76904061161835],[-82.4080865029334,27.760047407981105],[-82.41707970657065,27.760047407981105]]]}},{"type":"Feature","properties":{"jobs":140,"pop":183,"pointCount":1,"homeWorkCommuteMedian":31009,"workHomeCommuteMedian":28606},"geometry":{"type":"Polygon","coordinates":[[[-82.41707970657065,27.76904061161835],[-82.41707970657065,27.778033815255597],[-82.4080865029334,27.778033815255597],[-82.4080865029334,27.76904061161835],[-82.41707970657065,27.76904061161835]]]}},{"type":"Feature","properties":{"jobs":323,"pop":9,"pointCount":1,"homeWorkCommuteMedian":49165,"workHomeCommuteMedian":29467},"geometry":{"type":"Polygon","coordinates":[[[-82.41707970657065,27.90393866617704],[-82.41707970657065,27.912931869814287],[-82.4080865029334,27.912931869814287],[-82.4080865029334,27.90393866617704],[-82.41707970657065,27.90393866617704]]]}},{"type":"Feature","properties":{"jobs":166,"pop":8,"pointCount":1,"homeWorkCommuteMedian":43649,"workHomeCommuteMedian":24343},"geometry":{"type":"Polygon","coordinates":[[[-82.41707970657065,27.912931869814287],[-82.41707970657065,27.921925073451533],[-82.4080865029334,27.921925073451533],[-82.4080865029334,27.912931869814287],[-82.41707970657065,27.912931869814287]]]}},{"type":"Feature","properties":{"jobs":142,"pop":24,"pointCount":1,"homeWorkCommuteMedian":20366,"workHomeCommuteMedian":28739},"geometry":{"type":"Polygon","coordinates":[[[-82.41707970657065,27.921925073451533],[-82.41707970657065,27.93091827708878],[-82.4080865029334,27.93091827708878],[-82.4080865029334,27.921925073451533],[-82.41707970657065,27.921925073451533]]]}},{"type":"Feature","properties":{"jobs":196,"pop":16,"pointCount":1,"homeWorkCommuteMedian":44333,"workHomeCommuteMedian":22897},"geometry":{"type":"Polygon","coordinates":[[[-82.41707970657065,27.94890468436327],[-82.41707970657065,27.957897888000517],[-82.4080865029334,27.957897888000517],[-82.4080865029334,27.94890468436327],[-82.41707970657065,27.94890468436327]]]}},{"type":"Feature","properties":{"jobs":377,"pop":35,"pointCount":2,"homeWorkCommuteMedian":10555,"workHomeCommuteMedian":22949},"geometry":{"type":"Polygon","coordinates":[[[-82.41707970657065,27.957897888000517],[-82.41707970657065,27.966891091637763],[-82.4080865029334,27.966891091637763],[-82.4080865029334,27.957897888000517],[-82.41707970657065,27.957897888000517]]]}},{"type":"Feature","properties":{"jobs":1833,"pop":178,"pointCount":3,"homeWorkCommuteMedian":27718,"workHomeCommuteMedian":24913},"geometry":{"type":"Polygon","coordinates":[[[-82.41707970657065,27.966891091637763],[-82.41707970657065,27.97588429527501],[-82.4080865029334,27.97588429527501],[-82.4080865029334,27.966891091637763],[-82.41707970657065,27.966891091637763]]]}},{"type":"Feature","properties":{"jobs":388,"pop":129,"pointCount":1,"homeWorkCommuteMedian":15763,"workHomeCommuteMedian":21487},"geometry":{"type":"Polygon","coordinates":[[[-82.41707970657065,27.97588429527501],[-82.41707970657065,27.984877498912255],[-82.4080865029334,27.984877498912255],[-82.4080865029334,27.97588429527501],[-82.41707970657065,27.97588429527501]]]}},{"type":"Feature","properties":{"jobs":232,"pop":1407,"pointCount":2,"homeWorkCommuteMedian":13954,"workHomeCommuteMedian":21242},"geometry":{"type":"Polygon","coordinates":[[[-82.41707970657065,27.984877498912255],[-82.41707970657065,27.9938707025495],[-82.4080865029334,27.9938707025495],[-82.4080865029334,27.984877498912255],[-82.41707970657065,27.984877498912255]]]}},{"type":"Feature","properties":{"jobs":554,"pop":1521,"pointCount":1,"homeWorkCommuteMedian":13614,"workHomeCommuteMedian":21049},"geometry":{"type":"Polygon","coordinates":[[[-82.41707970657065,27.9938707025495],[-82.41707970657065,28.002863906186747],[-82.4080865029334,28.002863906186747],[-82.4080865029334,27.9938707025495],[-82.41707970657065,27.9938707025495]]]}},{"type":"Feature","properties":{"jobs":37,"pop":1776,"pointCount":1,"homeWorkCommuteMedian":17306,"workHomeCommuteMedian":35978},"geometry":{"type":"Polygon","coordinates":[[[-82.41707970657065,28.011857109823993],[-82.41707970657065,28.02085031346124],[-82.4080865029334,28.02085031346124],[-82.4080865029334,28.011857109823993],[-82.41707970657065,28.011857109823993]]]}},{"type":"Feature","properties":{"jobs":95,"pop":804,"pointCount":1,"homeWorkCommuteMedian":16066,"workHomeCommuteMedian":17907},"geometry":{"type":"Polygon","coordinates":[[[-82.41707970657065,28.02085031346124],[-82.41707970657065,28.029843517098485],[-82.4080865029334,28.029843517098485],[-82.4080865029334,28.02085031346124],[-82.41707970657065,28.02085031346124]]]}},{"type":"Feature","properties":{"jobs":189,"pop":1319,"pointCount":2,"homeWorkCommuteMedian":19618,"workHomeCommuteMedian":16196},"geometry":{"type":"Polygon","coordinates":[[[-82.41707970657065,28.029843517098485],[-82.41707970657065,28.03883672073573],[-82.4080865029334,28.03883672073573],[-82.4080865029334,28.029843517098485],[-82.41707970657065,28.029843517098485]]]}},{"type":"Feature","properties":{"jobs":2208,"pop":823,"pointCount":2,"homeWorkCommuteMedian":20160,"workHomeCommuteMedian":16626},"geometry":{"type":"Polygon","coordinates":[[[-82.41707970657065,28.03883672073573],[-82.41707970657065,28.047829924372977],[-82.4080865029334,28.047829924372977],[-82.4080865029334,28.03883672073573],[-82.41707970657065,28.03883672073573]]]}},{"type":"Feature","properties":{"jobs":29421,"pop":8418,"pointCount":2,"homeWorkCommuteMedian":6954,"workHomeCommuteMedian":4299},"geometry":{"type":"Polygon","coordinates":[[[-82.41707970657065,28.056823128010222],[-82.41707970657065,28.06581633164747],[-82.4080865029334,28.06581633164747],[-82.4080865029334,28.056823128010222],[-82.41707970657065,28.056823128010222]]]}},{"type":"Feature","properties":{"jobs":1869,"pop":3356,"pointCount":4,"homeWorkCommuteMedian":20370,"workHomeCommuteMedian":23839},"geometry":{"type":"Polygon","coordinates":[[[-82.41707970657065,28.06581633164747],[-82.41707970657065,28.074809535284714],[-82.4080865029334,28.074809535284714],[-82.4080865029334,28.06581633164747],[-82.41707970657065,28.06581633164747]]]}},{"type":"Feature","properties":{"jobs":194,"pop":2165,"pointCount":2,"homeWorkCommuteMedian":20094,"workHomeCommuteMedian":36902},"geometry":{"type":"Polygon","coordinates":[[[-82.41707970657065,28.074809535284714],[-82.41707970657065,28.08380273892196],[-82.4080865029334,28.08380273892196],[-82.4080865029334,28.074809535284714],[-82.41707970657065,28.074809535284714]]]}},{"type":"Feature","properties":{"jobs":209,"pop":1049,"pointCount":1,"homeWorkCommuteMedian":25033,"workHomeCommuteMedian":20895},"geometry":{"type":"Polygon","coordinates":[[[-82.41707970657065,28.08380273892196],[-82.41707970657065,28.092795942559206],[-82.4080865029334,28.092795942559206],[-82.4080865029334,28.08380273892196],[-82.41707970657065,28.08380273892196]]]}},{"type":"Feature","properties":{"jobs":381,"pop":86,"pointCount":1,"homeWorkCommuteMedian":30188,"workHomeCommuteMedian":25036},"geometry":{"type":"Polygon","coordinates":[[[-82.41707970657065,28.17373477529442],[-82.41707970657065,28.182727978931666],[-82.4080865029334,28.182727978931666],[-82.4080865029334,28.17373477529442],[-82.41707970657065,28.17373477529442]]]}},{"type":"Feature","properties":{"jobs":0,"pop":2363,"pointCount":2,"homeWorkCommuteMedian":32062,"workHomeCommuteMedian":-1},"geometry":{"type":"Polygon","coordinates":[[[-82.41707970657065,28.182727978931666],[-82.41707970657065,28.191721182568912],[-82.4080865029334,28.191721182568912],[-82.4080865029334,28.182727978931666],[-82.41707970657065,28.182727978931666]]]}},{"type":"Feature","properties":{"jobs":1,"pop":38,"pointCount":1,"homeWorkCommuteMedian":33912,"workHomeCommuteMedian":7971},"geometry":{"type":"Polygon","coordinates":[[[-82.41707970657065,28.236687200755142],[-82.41707970657065,28.245680404392388],[-82.4080865029334,28.245680404392388],[-82.4080865029334,28.236687200755142],[-82.41707970657065,28.236687200755142]]]}},{"type":"Feature","properties":{"jobs":6,"pop":64,"pointCount":1,"homeWorkCommuteMedian":57656,"workHomeCommuteMedian":0},"geometry":{"type":"Polygon","coordinates":[[[-82.4080865029334,27.643135760696907],[-82.4080865029334,27.652128964334153],[-82.39909329929615,27.652128964334153],[-82.39909329929615,27.643135760696907],[-82.4080865029334,27.643135760696907]]]}},{"type":"Feature","properties":{"jobs":0,"pop":47,"pointCount":1,"homeWorkCommuteMedian":47639,"workHomeCommuteMedian":-1},"geometry":{"type":"Polygon","coordinates":[[[-82.4080865029334,27.652128964334153],[-82.4080865029334,27.6611221679714],[-82.39909329929615,27.6611221679714],[-82.39909329929615,27.652128964334153],[-82.4080865029334,27.652128964334153]]]}},{"type":"Feature","properties":{"jobs":32,"pop":163,"pointCount":1,"homeWorkCommuteMedian":55909,"workHomeCommuteMedian":59876},"geometry":{"type":"Polygon","coordinates":[[[-82.4080865029334,27.67910857524589],[-82.4080865029334,27.688101778883137],[-82.39909329929615,27.688101778883137],[-82.39909329929615,27.67910857524589],[-82.4080865029334,27.67910857524589]]]}},{"type":"Feature","properties":{"jobs":1932,"pop":553,"pointCount":2,"homeWorkCommuteMedian":51202,"workHomeCommuteMedian":9293},"geometry":{"type":"Polygon","coordinates":[[[-82.4080865029334,27.715081389794875],[-82.4080865029334,27.72407459343212],[-82.39909329929615,27.72407459343212],[-82.39909329929615,27.715081389794875],[-82.4080865029334,27.715081389794875]]]}},{"type":"Feature","properties":{"jobs":154,"pop":538,"pointCount":1,"homeWorkCommuteMedian":35535,"workHomeCommuteMedian":29518},"geometry":{"type":"Polygon","coordinates":[[[-82.4080865029334,27.760047407981105],[-82.4080865029334,27.76904061161835],[-82.39909329929615,27.76904061161835],[-82.39909329929615,27.760047407981105],[-82.4080865029334,27.760047407981105]]]}},{"type":"Feature","properties":{"jobs":414,"pop":1586,"pointCount":2,"homeWorkCommuteMedian":34241,"workHomeCommuteMedian":30261},"geometry":{"type":"Polygon","coordinates":[[[-82.4080865029334,27.76904061161835],[-82.4080865029334,27.778033815255597],[-82.39909329929615,27.778033815255597],[-82.39909329929615,27.76904061161835],[-82.4080865029334,27.76904061161835]]]}},{"type":"Feature","properties":{"jobs":138,"pop":0,"pointCount":1,"homeWorkCommuteMedian":-1,"workHomeCommuteMedian":25237},"geometry":{"type":"Polygon","coordinates":[[[-82.4080865029334,27.894945462539795],[-82.4080865029334,27.90393866617704],[-82.39909329929615,27.90393866617704],[-82.39909329929615,27.894945462539795],[-82.4080865029334,27.894945462539795]]]}},{"type":"Feature","properties":{"jobs":572,"pop":6,"pointCount":1,"homeWorkCommuteMedian":42172,"workHomeCommuteMedian":23825},"geometry":{"type":"Polygon","coordinates":[[[-82.4080865029334,27.90393866617704],[-82.4080865029334,27.912931869814287],[-82.39909329929615,27.912931869814287],[-82.39909329929615,27.90393866617704],[-82.4080865029334,27.90393866617704]]]}},{"type":"Feature","properties":{"jobs":389,"pop":81,"pointCount":2,"homeWorkCommuteMedian":15567,"workHomeCommuteMedian":19181},"geometry":{"type":"Polygon","coordinates":[[[-82.4080865029334,27.921925073451533],[-82.4080865029334,27.93091827708878],[-82.39909329929615,27.93091827708878],[-82.39909329929615,27.921925073451533],[-82.4080865029334,27.921925073451533]]]}},{"type":"Feature","properties":{"jobs":146,"pop":101,"pointCount":1,"homeWorkCommuteMedian":34891,"workHomeCommuteMedian":21632},"geometry":{"type":"Polygon","coordinates":[[[-82.4080865029334,27.93091827708878],[-82.4080865029334,27.939911480726025],[-82.39909329929615,27.939911480726025],[-82.39909329929615,27.93091827708878],[-82.4080865029334,27.93091827708878]]]}},{"type":"Feature","properties":{"jobs":145,"pop":56,"pointCount":1,"homeWorkCommuteMedian":32345,"workHomeCommuteMedian":27335},"geometry":{"type":"Polygon","coordinates":[[[-82.4080865029334,27.939911480726025],[-82.4080865029334,27.94890468436327],[-82.39909329929615,27.94890468436327],[-82.39909329929615,27.939911480726025],[-82.4080865029334,27.939911480726025]]]}},{"type":"Feature","properties":{"jobs":2726,"pop":80,"pointCount":4,"homeWorkCommuteMedian":28299,"workHomeCommuteMedian":24968},"geometry":{"type":"Polygon","coordinates":[[[-82.4080865029334,27.94890468436327],[-82.4080865029334,27.957897888000517],[-82.39909329929615,27.957897888000517],[-82.39909329929615,27.94890468436327],[-82.4080865029334,27.94890468436327]]]}},{"type":"Feature","properties":{"jobs":511,"pop":0,"pointCount":1,"homeWorkCommuteMedian":-1,"workHomeCommuteMedian":26946},"geometry":{"type":"Polygon","coordinates":[[[-82.4080865029334,27.957897888000517],[-82.4080865029334,27.966891091637763],[-82.39909329929615,27.966891091637763],[-82.39909329929615,27.957897888000517],[-82.4080865029334,27.957897888000517]]]}},{"type":"Feature","properties":{"jobs":148,"pop":143,"pointCount":1,"homeWorkCommuteMedian":28424,"workHomeCommuteMedian":22087},"geometry":{"type":"Polygon","coordinates":[[[-82.4080865029334,27.966891091637763],[-82.4080865029334,27.97588429527501],[-82.39909329929615,27.97588429527501],[-82.39909329929615,27.966891091637763],[-82.4080865029334,27.966891091637763]]]}},{"type":"Feature","properties":{"jobs":198,"pop":410,"pointCount":1,"homeWorkCommuteMedian":11803,"workHomeCommuteMedian":24959},"geometry":{"type":"Polygon","coordinates":[[[-82.4080865029334,27.97588429527501],[-82.4080865029334,27.984877498912255],[-82.39909329929615,27.984877498912255],[-82.39909329929615,27.97588429527501],[-82.4080865029334,27.97588429527501]]]}},{"type":"Feature","properties":{"jobs":306,"pop":216,"pointCount":1,"homeWorkCommuteMedian":11954,"workHomeCommuteMedian":18716},"geometry":{"type":"Polygon","coordinates":[[[-82.4080865029334,27.984877498912255],[-82.4080865029334,27.9938707025495],[-82.39909329929615,27.9938707025495],[-82.39909329929615,27.984877498912255],[-82.4080865029334,27.984877498912255]]]}},{"type":"Feature","properties":{"jobs":408,"pop":213,"pointCount":2,"homeWorkCommuteMedian":16020,"workHomeCommuteMedian":20814},"geometry":{"type":"Polygon","coordinates":[[[-82.4080865029334,27.9938707025495],[-82.4080865029334,28.002863906186747],[-82.39909329929615,28.002863906186747],[-82.39909329929615,27.9938707025495],[-82.4080865029334,27.9938707025495]]]}},{"type":"Feature","properties":{"jobs":118,"pop":815,"pointCount":1,"homeWorkCommuteMedian":17308,"workHomeCommuteMedian":22880},"geometry":{"type":"Polygon","coordinates":[[[-82.4080865029334,28.002863906186747],[-82.4080865029334,28.011857109823993],[-82.39909329929615,28.011857109823993],[-82.39909329929615,28.002863906186747],[-82.4080865029334,28.002863906186747]]]}},{"type":"Feature","properties":{"jobs":20,"pop":2024,"pointCount":2,"homeWorkCommuteMedian":16959,"workHomeCommuteMedian":4428},"geometry":{"type":"Polygon","coordinates":[[[-82.4080865029334,28.011857109823993],[-82.4080865029334,28.02085031346124],[-82.39909329929615,28.02085031346124],[-82.39909329929615,28.011857109823993],[-82.4080865029334,28.011857109823993]]]}},{"type":"Feature","properties":{"jobs":292,"pop":3952,"pointCount":3,"homeWorkCommuteMedian":14810,"workHomeCommuteMedian":23079},"geometry":{"type":"Polygon","coordinates":[[[-82.4080865029334,28.02085031346124],[-82.4080865029334,28.029843517098485],[-82.39909329929615,28.029843517098485],[-82.39909329929615,28.02085031346124],[-82.4080865029334,28.02085031346124]]]}},{"type":"Feature","properties":{"jobs":250,"pop":874,"pointCount":2,"homeWorkCommuteMedian":18476,"workHomeCommuteMedian":24887},"geometry":{"type":"Polygon","coordinates":[[[-82.4080865029334,28.029843517098485],[-82.4080865029334,28.03883672073573],[-82.39909329929615,28.03883672073573],[-82.39909329929615,28.029843517098485],[-82.4080865029334,28.029843517098485]]]}},{"type":"Feature","properties":{"jobs":37,"pop":571,"pointCount":1,"homeWorkCommuteMedian":21327,"workHomeCommuteMedian":30483},"geometry":{"type":"Polygon","coordinates":[[[-82.4080865029334,28.03883672073573],[-82.4080865029334,28.047829924372977],[-82.39909329929615,28.047829924372977],[-82.39909329929615,28.03883672073573],[-82.4080865029334,28.03883672073573]]]}},{"type":"Feature","properties":{"jobs":881,"pop":1197,"pointCount":2,"homeWorkCommuteMedian":22656,"workHomeCommuteMedian":23023},"geometry":{"type":"Polygon","coordinates":[[[-82.4080865029334,28.047829924372977],[-82.4080865029334,28.056823128010222],[-82.39909329929615,28.056823128010222],[-82.39909329929615,28.047829924372977],[-82.4080865029334,28.047829924372977]]]}},{"type":"Feature","properties":{"jobs":62,"pop":819,"pointCount":1,"homeWorkCommuteMedian":25495,"workHomeCommuteMedian":19260},"geometry":{"type":"Polygon","coordinates":[[[-82.4080865029334,28.056823128010222],[-82.4080865029334,28.06581633164747],[-82.39909329929615,28.06581633164747],[-82.39909329929615,28.056823128010222],[-82.4080865029334,28.056823128010222]]]}},{"type":"Feature","properties":{"jobs":9772,"pop":1017,"pointCount":1,"homeWorkCommuteMedian":27195,"workHomeCommuteMedian":28363},"geometry":{"type":"Polygon","coordinates":[[[-82.4080865029334,28.06581633164747],[-82.4080865029334,28.074809535284714],[-82.39909329929615,28.074809535284714],[-82.39909329929615,28.06581633164747],[-82.4080865029334,28.06581633164747]]]}},{"type":"Feature","properties":{"jobs":585,"pop":1071,"pointCount":1,"homeWorkCommuteMedian":23007,"workHomeCommuteMedian":27373},"geometry":{"type":"Polygon","coordinates":[[[-82.4080865029334,28.092795942559206],[-82.4080865029334,28.101789146196452],[-82.39909329929615,28.101789146196452],[-82.39909329929615,28.092795942559206],[-82.4080865029334,28.092795942559206]]]}},{"type":"Feature","properties":{"jobs":330,"pop":366,"pointCount":1,"homeWorkCommuteMedian":29558,"workHomeCommuteMedian":30945},"geometry":{"type":"Polygon","coordinates":[[[-82.4080865029334,28.101789146196452],[-82.4080865029334,28.1107823498337],[-82.39909329929615,28.1107823498337],[-82.39909329929615,28.101789146196452],[-82.4080865029334,28.101789146196452]]]}},{"type":"Feature","properties":{"jobs":39,"pop":457,"pointCount":1,"homeWorkCommuteMedian":28347,"workHomeCommuteMedian":20335},"geometry":{"type":"Polygon","coordinates":[[[-82.4080865029334,28.119775553470944],[-82.4080865029334,28.12876875710819],[-82.39909329929615,28.12876875710819],[-82.39909329929615,28.119775553470944],[-82.4080865029334,28.119775553470944]]]}},{"type":"Feature","properties":{"jobs":11,"pop":203,"pointCount":1,"homeWorkCommuteMedian":34999,"workHomeCommuteMedian":34309},"geometry":{"type":"Polygon","coordinates":[[[-82.4080865029334,28.164741571657174],[-82.4080865029334,28.17373477529442],[-82.39909329929615,28.17373477529442],[-82.39909329929615,28.164741571657174],[-82.4080865029334,28.164741571657174]]]}},{"type":"Feature","properties":{"jobs":123,"pop":425,"pointCount":1,"homeWorkCommuteMedian":31400,"workHomeCommuteMedian":24283},"geometry":{"type":"Polygon","coordinates":[[[-82.4080865029334,28.17373477529442],[-82.4080865029334,28.182727978931666],[-82.39909329929615,28.182727978931666],[-82.39909329929615,28.17373477529442],[-82.4080865029334,28.17373477529442]]]}},{"type":"Feature","properties":{"jobs":91,"pop":692,"pointCount":1,"homeWorkCommuteMedian":34810,"workHomeCommuteMedian":33772},"geometry":{"type":"Polygon","coordinates":[[[-82.4080865029334,28.191721182568912],[-82.4080865029334,28.20071438620616],[-82.39909329929615,28.20071438620616],[-82.39909329929615,28.191721182568912],[-82.4080865029334,28.191721182568912]]]}},{"type":"Feature","properties":{"jobs":52,"pop":321,"pointCount":1,"homeWorkCommuteMedian":32612,"workHomeCommuteMedian":22955},"geometry":{"type":"Polygon","coordinates":[[[-82.4080865029334,28.209707589843404],[-82.4080865029334,28.21870079348065],[-82.39909329929615,28.21870079348065],[-82.39909329929615,28.209707589843404],[-82.4080865029334,28.209707589843404]]]}},{"type":"Feature","properties":{"jobs":12,"pop":113,"pointCount":1,"homeWorkCommuteMedian":38459,"workHomeCommuteMedian":19536},"geometry":{"type":"Polygon","coordinates":[[[-82.4080865029334,28.227693997117896],[-82.4080865029334,28.236687200755142],[-82.39909329929615,28.236687200755142],[-82.39909329929615,28.227693997117896],[-82.4080865029334,28.227693997117896]]]}},{"type":"Feature","properties":{"jobs":81,"pop":123,"pointCount":1,"homeWorkCommuteMedian":47828,"workHomeCommuteMedian":48703},"geometry":{"type":"Polygon","coordinates":[[[-82.39909329929615,27.670115371608645],[-82.39909329929615,27.67910857524589],[-82.39010009565891,27.67910857524589],[-82.39010009565891,27.670115371608645],[-82.39909329929615,27.670115371608645]]]}},{"type":"Feature","properties":{"jobs":77,"pop":431,"pointCount":1,"homeWorkCommuteMedian":47991,"workHomeCommuteMedian":37164},"geometry":{"type":"Polygon","coordinates":[[[-82.39909329929615,27.697094982520383],[-82.39909329929615,27.70608818615763],[-82.39010009565891,27.70608818615763],[-82.39010009565891,27.697094982520383],[-82.39909329929615,27.697094982520383]]]}},{"type":"Feature","properties":{"jobs":149,"pop":125,"pointCount":1,"homeWorkCommuteMedian":59771,"workHomeCommuteMedian":38660},"geometry":{"type":"Polygon","coordinates":[[[-82.39909329929615,27.70608818615763],[-82.39909329929615,27.715081389794875],[-82.39010009565891,27.715081389794875],[-82.39010009565891,27.70608818615763],[-82.39909329929615,27.70608818615763]]]}},{"type":"Feature","properties":{"jobs":2106,"pop":430,"pointCount":1,"homeWorkCommuteMedian":47385,"workHomeCommuteMedian":46332},"geometry":{"type":"Polygon","coordinates":[[[-82.39909329929615,27.72407459343212],[-82.39909329929615,27.733067797069367],[-82.39010009565891,27.733067797069367],[-82.39010009565891,27.72407459343212],[-82.39909329929615,27.72407459343212]]]}},{"type":"Feature","properties":{"jobs":14,"pop":1096,"pointCount":1,"homeWorkCommuteMedian":44977,"workHomeCommuteMedian":28217},"geometry":{"type":"Polygon","coordinates":[[[-82.39909329929615,27.733067797069367],[-82.39909329929615,27.742061000706613],[-82.39010009565891,27.742061000706613],[-82.39010009565891,27.733067797069367],[-82.39909329929615,27.733067797069367]]]}},{"type":"Feature","properties":{"jobs":82,"pop":996,"pointCount":1,"homeWorkCommuteMedian":41162,"workHomeCommuteMedian":40135},"geometry":{"type":"Polygon","coordinates":[[[-82.39909329929615,27.75105420434386],[-82.39909329929615,27.760047407981105],[-82.39010009565891,27.760047407981105],[-82.39010009565891,27.75105420434386],[-82.39909329929615,27.75105420434386]]]}},{"type":"Feature","properties":{"jobs":465,"pop":733,"pointCount":1,"homeWorkCommuteMedian":33508,"workHomeCommuteMedian":33378},"geometry":{"type":"Polygon","coordinates":[[[-82.39909329929615,27.76904061161835],[-82.39909329929615,27.778033815255597],[-82.39010009565891,27.778033815255597],[-82.39010009565891,27.76904061161835],[-82.39909329929615,27.76904061161835]]]}},{"type":"Feature","properties":{"jobs":1291,"pop":326,"pointCount":1,"homeWorkCommuteMedian":40398,"workHomeCommuteMedian":32266},"geometry":{"type":"Polygon","coordinates":[[[-82.39909329929615,27.778033815255597],[-82.39909329929615,27.787027018892843],[-82.39010009565891,27.787027018892843],[-82.39010009565891,27.778033815255597],[-82.39909329929615,27.778033815255597]]]}},{"type":"Feature","properties":{"jobs":645,"pop":70,"pointCount":1,"homeWorkCommuteMedian":23904,"workHomeCommuteMedian":29129},"geometry":{"type":"Polygon","coordinates":[[[-82.39909329929615,27.79602022253009],[-82.39909329929615,27.805013426167335],[-82.39010009565891,27.805013426167335],[-82.39010009565891,27.79602022253009],[-82.39909329929615,27.79602022253009]]]}},{"type":"Feature","properties":{"jobs":72,"pop":142,"pointCount":1,"homeWorkCommuteMedian":32383,"workHomeCommuteMedian":19490},"geometry":{"type":"Polygon","coordinates":[[[-82.39909329929615,27.805013426167335],[-82.39909329929615,27.81400662980458],[-82.39010009565891,27.81400662980458],[-82.39010009565891,27.805013426167335],[-82.39909329929615,27.805013426167335]]]}},{"type":"Feature","properties":{"jobs":0,"pop":6,"pointCount":1,"homeWorkCommuteMedian":23769,"workHomeCommuteMedian":-1},"geometry":{"type":"Polygon","coordinates":[[[-82.39909329929615,27.85897264799081],[-82.39909329929615,27.867965851628057],[-82.39010009565891,27.867965851628057],[-82.39010009565891,27.85897264799081],[-82.39909329929615,27.85897264799081]]]}},{"type":"Feature","properties":{"jobs":147,"pop":0,"pointCount":1,"homeWorkCommuteMedian":-1,"workHomeCommuteMedian":19811},"geometry":{"type":"Polygon","coordinates":[[[-82.39909329929615,27.88595225890255],[-82.39909329929615,27.894945462539795],[-82.39010009565891,27.894945462539795],[-82.39010009565891,27.88595225890255],[-82.39909329929615,27.88595225890255]]]}},{"type":"Feature","properties":{"jobs":764,"pop":0,"pointCount":1,"homeWorkCommuteMedian":-1,"workHomeCommuteMedian":26335},"geometry":{"type":"Polygon","coordinates":[[[-82.39909329929615,27.894945462539795],[-82.39909329929615,27.90393866617704],[-82.39010009565891,27.90393866617704],[-82.39010009565891,27.894945462539795],[-82.39909329929615,27.894945462539795]]]}},{"type":"Feature","properties":{"jobs":130,"pop":6,"pointCount":1,"homeWorkCommuteMedian":20257,"workHomeCommuteMedian":18760},"geometry":{"type":"Polygon","coordinates":[[[-82.39909329929615,27.912931869814287],[-82.39909329929615,27.921925073451533],[-82.39010009565891,27.921925073451533],[-82.39010009565891,27.912931869814287],[-82.39909329929615,27.912931869814287]]]}},{"type":"Feature","properties":{"jobs":415,"pop":81,"pointCount":1,"homeWorkCommuteMedian":34962,"workHomeCommuteMedian":23173},"geometry":{"type":"Polygon","coordinates":[[[-82.39909329929615,27.921925073451533],[-82.39909329929615,27.93091827708878],[-82.39010009565891,27.93091827708878],[-82.39010009565891,27.921925073451533],[-82.39909329929615,27.921925073451533]]]}},{"type":"Feature","properties":{"jobs":715,"pop":213,"pointCount":1,"homeWorkCommuteMedian":17595,"workHomeCommuteMedian":28798},"geometry":{"type":"Polygon","coordinates":[[[-82.39909329929615,27.93091827708878],[-82.39909329929615,27.939911480726025],[-82.39010009565891,27.939911480726025],[-82.39010009565891,27.93091827708878],[-82.39909329929615,27.93091827708878]]]}},{"type":"Feature","properties":{"jobs":685,"pop":64,"pointCount":2,"homeWorkCommuteMedian":39670,"workHomeCommuteMedian":27039},"geometry":{"type":"Polygon","coordinates":[[[-82.39909329929615,27.957897888000517],[-82.39909329929615,27.966891091637763],[-82.39010009565891,27.966891091637763],[-82.39010009565891,27.957897888000517],[-82.39909329929615,27.957897888000517]]]}},{"type":"Feature","properties":{"jobs":537,"pop":230,"pointCount":1,"homeWorkCommuteMedian":22208,"workHomeCommuteMedian":20911},"geometry":{"type":"Polygon","coordinates":[[[-82.39909329929615,27.97588429527501],[-82.39909329929615,27.984877498912255],[-82.39010009565891,27.984877498912255],[-82.39010009565891,27.97588429527501],[-82.39909329929615,27.97588429527501]]]}},{"type":"Feature","properties":{"jobs":1381,"pop":81,"pointCount":3,"homeWorkCommuteMedian":16778,"workHomeCommuteMedian":27951},"geometry":{"type":"Polygon","coordinates":[[[-82.39909329929615,27.984877498912255],[-82.39909329929615,27.9938707025495],[-82.39010009565891,27.9938707025495],[-82.39010009565891,27.984877498912255],[-82.39909329929615,27.984877498912255]]]}},{"type":"Feature","properties":{"jobs":1024,"pop":500,"pointCount":4,"homeWorkCommuteMedian":17247,"workHomeCommuteMedian":23510},"geometry":{"type":"Polygon","coordinates":[[[-82.39909329929615,27.9938707025495],[-82.39909329929615,28.002863906186747],[-82.39010009565891,28.002863906186747],[-82.39010009565891,27.9938707025495],[-82.39909329929615,27.9938707025495]]]}},{"type":"Feature","properties":{"jobs":716,"pop":595,"pointCount":3,"homeWorkCommuteMedian":19536,"workHomeCommuteMedian":24572},"geometry":{"type":"Polygon","coordinates":[[[-82.39909329929615,28.002863906186747],[-82.39909329929615,28.011857109823993],[-82.39010009565891,28.011857109823993],[-82.39010009565891,28.002863906186747],[-82.39909329929615,28.002863906186747]]]}},{"type":"Feature","properties":{"jobs":385,"pop":2435,"pointCount":2,"homeWorkCommuteMedian":17895,"workHomeCommuteMedian":25248},"geometry":{"type":"Polygon","coordinates":[[[-82.39909329929615,28.02085031346124],[-82.39909329929615,28.029843517098485],[-82.39010009565891,28.029843517098485],[-82.39010009565891,28.02085031346124],[-82.39909329929615,28.02085031346124]]]}},{"type":"Feature","properties":{"jobs":1116,"pop":1098,"pointCount":3,"homeWorkCommuteMedian":19264,"workHomeCommuteMedian":22537},"geometry":{"type":"Polygon","coordinates":[[[-82.39909329929615,28.029843517098485],[-82.39909329929615,28.03883672073573],[-82.39010009565891,28.03883672073573],[-82.39010009565891,28.029843517098485],[-82.39909329929615,28.029843517098485]]]}},{"type":"Feature","properties":{"jobs":222,"pop":1201,"pointCount":1,"homeWorkCommuteMedian":19173,"workHomeCommuteMedian":28642},"geometry":{"type":"Polygon","coordinates":[[[-82.39909329929615,28.03883672073573],[-82.39909329929615,28.047829924372977],[-82.39010009565891,28.047829924372977],[-82.39010009565891,28.03883672073573],[-82.39909329929615,28.03883672073573]]]}},{"type":"Feature","properties":{"jobs":1907,"pop":1573,"pointCount":4,"homeWorkCommuteMedian":21866,"workHomeCommuteMedian":24321},"geometry":{"type":"Polygon","coordinates":[[[-82.39909329929615,28.047829924372977],[-82.39909329929615,28.056823128010222],[-82.39010009565891,28.056823128010222],[-82.39010009565891,28.047829924372977],[-82.39909329929615,28.047829924372977]]]}},{"type":"Feature","properties":{"jobs":332,"pop":283,"pointCount":1,"homeWorkCommuteMedian":34449,"workHomeCommuteMedian":29737},"geometry":{"type":"Polygon","coordinates":[[[-82.39909329929615,28.056823128010222],[-82.39909329929615,28.06581633164747],[-82.39010009565891,28.06581633164747],[-82.39010009565891,28.056823128010222],[-82.39909329929615,28.056823128010222]]]}},{"type":"Feature","properties":{"jobs":233,"pop":147,"pointCount":1,"homeWorkCommuteMedian":21602,"workHomeCommuteMedian":22905},"geometry":{"type":"Polygon","coordinates":[[[-82.39909329929615,28.06581633164747],[-82.39909329929615,28.074809535284714],[-82.39010009565891,28.074809535284714],[-82.39010009565891,28.06581633164747],[-82.39909329929615,28.06581633164747]]]}},{"type":"Feature","properties":{"jobs":1,"pop":1284,"pointCount":1,"homeWorkCommuteMedian":23959,"workHomeCommuteMedian":47391},"geometry":{"type":"Polygon","coordinates":[[[-82.39909329929615,28.074809535284714],[-82.39909329929615,28.08380273892196],[-82.39010009565891,28.08380273892196],[-82.39010009565891,28.074809535284714],[-82.39909329929615,28.074809535284714]]]}},{"type":"Feature","properties":{"jobs":339,"pop":1336,"pointCount":1,"homeWorkCommuteMedian":24540,"workHomeCommuteMedian":30269},"geometry":{"type":"Polygon","coordinates":[[[-82.39909329929615,28.101789146196452],[-82.39909329929615,28.1107823498337],[-82.39010009565891,28.1107823498337],[-82.39010009565891,28.101789146196452],[-82.39909329929615,28.101789146196452]]]}},{"type":"Feature","properties":{"jobs":0,"pop":296,"pointCount":1,"homeWorkCommuteMedian":57099,"workHomeCommuteMedian":-1},"geometry":{"type":"Polygon","coordinates":[[[-82.39909329929615,28.146755164382682],[-82.39909329929615,28.15574836801993],[-82.39010009565891,28.15574836801993],[-82.39010009565891,28.146755164382682],[-82.39909329929615,28.146755164382682]]]}},{"type":"Feature","properties":{"jobs":22954,"pop":718,"pointCount":2,"homeWorkCommuteMedian":28089,"workHomeCommuteMedian":18016},"geometry":{"type":"Polygon","coordinates":[[[-82.39909329929615,28.182727978931666],[-82.39909329929615,28.191721182568912],[-82.39010009565891,28.191721182568912],[-82.39010009565891,28.182727978931666],[-82.39909329929615,28.182727978931666]]]}},{"type":"Feature","properties":{"jobs":492,"pop":1287,"pointCount":2,"homeWorkCommuteMedian":28454,"workHomeCommuteMedian":32628},"geometry":{"type":"Polygon","coordinates":[[[-82.39909329929615,28.191721182568912],[-82.39909329929615,28.20071438620616],[-82.39010009565891,28.20071438620616],[-82.39010009565891,28.191721182568912],[-82.39909329929615,28.191721182568912]]]}},{"type":"Feature","properties":{"jobs":66,"pop":726,"pointCount":1,"homeWorkCommuteMedian":39448,"workHomeCommuteMedian":41206},"geometry":{"type":"Polygon","coordinates":[[[-82.39909329929615,28.21870079348065],[-82.39909329929615,28.227693997117896],[-82.39010009565891,28.227693997117896],[-82.39010009565891,28.21870079348065],[-82.39909329929615,28.21870079348065]]]}},{"type":"Feature","properties":{"jobs":35,"pop":42,"pointCount":1,"homeWorkCommuteMedian":32331,"workHomeCommuteMedian":24894},"geometry":{"type":"Polygon","coordinates":[[[-82.39909329929615,28.254673608029634],[-82.39909329929615,28.26366681166688],[-82.39010009565891,28.26366681166688],[-82.39010009565891,28.254673608029634],[-82.39909329929615,28.254673608029634]]]}},{"type":"Feature","properties":{"jobs":8,"pop":14,"pointCount":1,"homeWorkCommuteMedian":73775,"workHomeCommuteMedian":22261},"geometry":{"type":"Polygon","coordinates":[[[-82.39010009565891,27.625149353422415],[-82.39010009565891,27.63414255705966],[-82.38110689202166,27.63414255705966],[-82.38110689202166,27.625149353422415],[-82.39010009565891,27.625149353422415]]]}},{"type":"Feature","properties":{"jobs":0,"pop":70,"pointCount":1,"homeWorkCommuteMedian":55667,"workHomeCommuteMedian":-1},"geometry":{"type":"Polygon","coordinates":[[[-82.39010009565891,27.652128964334153],[-82.39010009565891,27.6611221679714],[-82.38110689202166,27.6611221679714],[-82.38110689202166,27.652128964334153],[-82.39010009565891,27.652128964334153]]]}},{"type":"Feature","properties":{"jobs":165,"pop":120,"pointCount":1,"homeWorkCommuteMedian":55145,"workHomeCommuteMedian":35746},"geometry":{"type":"Polygon","coordinates":[[[-82.39010009565891,27.715081389794875],[-82.39010009565891,27.72407459343212],[-82.38110689202166,27.72407459343212],[-82.38110689202166,27.715081389794875],[-82.39010009565891,27.715081389794875]]]}},{"type":"Feature","properties":{"jobs":57,"pop":515,"pointCount":1,"homeWorkCommuteMedian":40438,"workHomeCommuteMedian":36774},"geometry":{"type":"Polygon","coordinates":[[[-82.39010009565891,27.760047407981105],[-82.39010009565891,27.76904061161835],[-82.38110689202166,27.76904061161835],[-82.38110689202166,27.760047407981105],[-82.39010009565891,27.760047407981105]]]}},{"type":"Feature","properties":{"jobs":8,"pop":301,"pointCount":1,"homeWorkCommuteMedian":32827,"workHomeCommuteMedian":32656},"geometry":{"type":"Polygon","coordinates":[[[-82.39010009565891,27.76904061161835],[-82.39010009565891,27.778033815255597],[-82.38110689202166,27.778033815255597],[-82.38110689202166,27.76904061161835],[-82.39010009565891,27.76904061161835]]]}},{"type":"Feature","properties":{"jobs":269,"pop":92,"pointCount":1,"homeWorkCommuteMedian":49249,"workHomeCommuteMedian":33240},"geometry":{"type":"Polygon","coordinates":[[[-82.39010009565891,27.778033815255597],[-82.39010009565891,27.787027018892843],[-82.38110689202166,27.787027018892843],[-82.38110689202166,27.778033815255597],[-82.39010009565891,27.778033815255597]]]}},{"type":"Feature","properties":{"jobs":152,"pop":108,"pointCount":1,"homeWorkCommuteMedian":38205,"workHomeCommuteMedian":29710},"geometry":{"type":"Polygon","coordinates":[[[-82.39010009565891,27.787027018892843],[-82.39010009565891,27.79602022253009],[-82.38110689202166,27.79602022253009],[-82.38110689202166,27.787027018892843],[-82.39010009565891,27.787027018892843]]]}},{"type":"Feature","properties":{"jobs":303,"pop":8,"pointCount":1,"homeWorkCommuteMedian":19989,"workHomeCommuteMedian":25521},"geometry":{"type":"Polygon","coordinates":[[[-82.39010009565891,27.831993037079073],[-82.39010009565891,27.84098624071632],[-82.38110689202166,27.84098624071632],[-82.38110689202166,27.831993037079073],[-82.39010009565891,27.831993037079073]]]}},{"type":"Feature","properties":{"jobs":131,"pop":42,"pointCount":1,"homeWorkCommuteMedian":51837,"workHomeCommuteMedian":20615},"geometry":{"type":"Polygon","coordinates":[[[-82.39010009565891,27.84098624071632],[-82.39010009565891,27.849979444353565],[-82.38110689202166,27.849979444353565],[-82.38110689202166,27.84098624071632],[-82.39010009565891,27.84098624071632]]]}},{"type":"Feature","properties":{"jobs":441,"pop":18,"pointCount":1,"homeWorkCommuteMedian":25569,"workHomeCommuteMedian":27162},"geometry":{"type":"Polygon","coordinates":[[[-82.39010009565891,27.85897264799081],[-82.39010009565891,27.867965851628057],[-82.38110689202166,27.867965851628057],[-82.38110689202166,27.85897264799081],[-82.39010009565891,27.85897264799081]]]}},{"type":"Feature","properties":{"jobs":3018,"pop":14,"pointCount":1,"homeWorkCommuteMedian":54322,"workHomeCommuteMedian":26474},"geometry":{"type":"Polygon","coordinates":[[[-82.39010009565891,27.90393866617704],[-82.39010009565891,27.912931869814287],[-82.38110689202166,27.912931869814287],[-82.38110689202166,27.90393866617704],[-82.39010009565891,27.90393866617704]]]}},{"type":"Feature","properties":{"jobs":119,"pop":162,"pointCount":1,"homeWorkCommuteMedian":26223,"workHomeCommuteMedian":19564},"geometry":{"type":"Polygon","coordinates":[[[-82.39010009565891,27.912931869814287],[-82.39010009565891,27.921925073451533],[-82.38110689202166,27.921925073451533],[-82.38110689202166,27.912931869814287],[-82.39010009565891,27.912931869814287]]]}},{"type":"Feature","properties":{"jobs":93,"pop":343,"pointCount":1,"homeWorkCommuteMedian":15237,"workHomeCommuteMedian":22255},"geometry":{"type":"Polygon","coordinates":[[[-82.39010009565891,27.921925073451533],[-82.39010009565891,27.93091827708878],[-82.38110689202166,27.93091827708878],[-82.38110689202166,27.921925073451533],[-82.39010009565891,27.921925073451533]]]}},{"type":"Feature","properties":{"jobs":119,"pop":832,"pointCount":1,"homeWorkCommuteMedian":16777,"workHomeCommuteMedian":19415},"geometry":{"type":"Polygon","coordinates":[[[-82.39010009565891,27.93091827708878],[-82.39010009565891,27.939911480726025],[-82.38110689202166,27.939911480726025],[-82.38110689202166,27.93091827708878],[-82.39010009565891,27.93091827708878]]]}},{"type":"Feature","properties":{"jobs":991,"pop":186,"pointCount":2,"homeWorkCommuteMedian":22840,"workHomeCommuteMedian":27214},"geometry":{"type":"Polygon","coordinates":[[[-82.39010009565891,27.94890468436327],[-82.39010009565891,27.957897888000517],[-82.38110689202166,27.957897888000517],[-82.38110689202166,27.94890468436327],[-82.39010009565891,27.94890468436327]]]}},{"type":"Feature","properties":{"jobs":1176,"pop":56,"pointCount":1,"homeWorkCommuteMedian":22164,"workHomeCommuteMedian":26676},"geometry":{"type":"Polygon","coordinates":[[[-82.39010009565891,27.957897888000517],[-82.39010009565891,27.966891091637763],[-82.38110689202166,27.966891091637763],[-82.38110689202166,27.957897888000517],[-82.39010009565891,27.957897888000517]]]}},{"type":"Feature","properties":{"jobs":236,"pop":161,"pointCount":1,"homeWorkCommuteMedian":16928,"workHomeCommuteMedian":20585},"geometry":{"type":"Polygon","coordinates":[[[-82.39010009565891,27.966891091637763],[-82.39010009565891,27.97588429527501],[-82.38110689202166,27.97588429527501],[-82.38110689202166,27.966891091637763],[-82.39010009565891,27.966891091637763]]]}},{"type":"Feature","properties":{"jobs":976,"pop":405,"pointCount":1,"homeWorkCommuteMedian":12792,"workHomeCommuteMedian":28303},"geometry":{"type":"Polygon","coordinates":[[[-82.39010009565891,27.97588429527501],[-82.39010009565891,27.984877498912255],[-82.38110689202166,27.984877498912255],[-82.38110689202166,27.97588429527501],[-82.39010009565891,27.97588429527501]]]}},{"type":"Feature","properties":{"jobs":4685,"pop":257,"pointCount":2,"homeWorkCommuteMedian":25025,"workHomeCommuteMedian":26043},"geometry":{"type":"Polygon","coordinates":[[[-82.39010009565891,27.984877498912255],[-82.39010009565891,27.9938707025495],[-82.38110689202166,27.9938707025495],[-82.38110689202166,27.984877498912255],[-82.39010009565891,27.984877498912255]]]}},{"type":"Feature","properties":{"jobs":591,"pop":79,"pointCount":1,"homeWorkCommuteMedian":15710,"workHomeCommuteMedian":25176},"geometry":{"type":"Polygon","coordinates":[[[-82.39010009565891,27.9938707025495],[-82.39010009565891,28.002863906186747],[-82.38110689202166,28.002863906186747],[-82.38110689202166,27.9938707025495],[-82.39010009565891,27.9938707025495]]]}},{"type":"Feature","properties":{"jobs":501,"pop":425,"pointCount":2,"homeWorkCommuteMedian":21619,"workHomeCommuteMedian":22907},"geometry":{"type":"Polygon","coordinates":[[[-82.39010009565891,28.002863906186747],[-82.39010009565891,28.011857109823993],[-82.38110689202166,28.011857109823993],[-82.38110689202166,28.002863906186747],[-82.39010009565891,28.002863906186747]]]}},{"type":"Feature","properties":{"jobs":77,"pop":807,"pointCount":1,"homeWorkCommuteMedian":19010,"workHomeCommuteMedian":32619},"geometry":{"type":"Polygon","coordinates":[[[-82.39010009565891,28.011857109823993],[-82.39010009565891,28.02085031346124],[-82.38110689202166,28.02085031346124],[-82.38110689202166,28.011857109823993],[-82.39010009565891,28.011857109823993]]]}},{"type":"Feature","properties":{"jobs":357,"pop":1020,"pointCount":2,"homeWorkCommuteMedian":19406,"workHomeCommuteMedian":24314},"geometry":{"type":"Polygon","coordinates":[[[-82.39010009565891,28.029843517098485],[-82.39010009565891,28.03883672073573],[-82.38110689202166,28.03883672073573],[-82.38110689202166,28.029843517098485],[-82.39010009565891,28.029843517098485]]]}},{"type":"Feature","properties":{"jobs":108,"pop":736,"pointCount":1,"homeWorkCommuteMedian":18401,"workHomeCommuteMedian":18020},"geometry":{"type":"Polygon","coordinates":[[[-82.39010009565891,28.03883672073573],[-82.39010009565891,28.047829924372977],[-82.38110689202166,28.047829924372977],[-82.38110689202166,28.03883672073573],[-82.39010009565891,28.03883672073573]]]}},{"type":"Feature","properties":{"jobs":655,"pop":2536,"pointCount":3,"homeWorkCommuteMedian":17729,"workHomeCommuteMedian":22665},"geometry":{"type":"Polygon","coordinates":[[[-82.39010009565891,28.047829924372977],[-82.39010009565891,28.056823128010222],[-82.38110689202166,28.056823128010222],[-82.38110689202166,28.047829924372977],[-82.39010009565891,28.047829924372977]]]}},{"type":"Feature","properties":{"jobs":53,"pop":583,"pointCount":1,"homeWorkCommuteMedian":11383,"workHomeCommuteMedian":16049},"geometry":{"type":"Polygon","coordinates":[[[-82.39010009565891,28.056823128010222],[-82.39010009565891,28.06581633164747],[-82.38110689202166,28.06581633164747],[-82.38110689202166,28.056823128010222],[-82.39010009565891,28.056823128010222]]]}},{"type":"Feature","properties":{"jobs":334,"pop":281,"pointCount":1,"homeWorkCommuteMedian":21817,"workHomeCommuteMedian":21727},"geometry":{"type":"Polygon","coordinates":[[[-82.39010009565891,28.06581633164747],[-82.39010009565891,28.074809535284714],[-82.38110689202166,28.074809535284714],[-82.38110689202166,28.06581633164747],[-82.39010009565891,28.06581633164747]]]}},{"type":"Feature","properties":{"jobs":151,"pop":1982,"pointCount":1,"homeWorkCommuteMedian":24478,"workHomeCommuteMedian":27368},"geometry":{"type":"Polygon","coordinates":[[[-82.39010009565891,28.101789146196452],[-82.39010009565891,28.1107823498337],[-82.38110689202166,28.1107823498337],[-82.38110689202166,28.101789146196452],[-82.39010009565891,28.101789146196452]]]}},{"type":"Feature","properties":{"jobs":104,"pop":1700,"pointCount":2,"homeWorkCommuteMedian":22803,"workHomeCommuteMedian":26961},"geometry":{"type":"Polygon","coordinates":[[[-82.39010009565891,28.1107823498337],[-82.39010009565891,28.119775553470944],[-82.38110689202166,28.119775553470944],[-82.38110689202166,28.1107823498337],[-82.39010009565891,28.1107823498337]]]}},{"type":"Feature","properties":{"jobs":4529,"pop":314,"pointCount":1,"homeWorkCommuteMedian":29433,"workHomeCommuteMedian":33110},"geometry":{"type":"Polygon","coordinates":[[[-82.39010009565891,28.119775553470944],[-82.39010009565891,28.12876875710819],[-82.38110689202166,28.12876875710819],[-82.38110689202166,28.119775553470944],[-82.39010009565891,28.119775553470944]]]}},{"type":"Feature","properties":{"jobs":306,"pop":179,"pointCount":1,"homeWorkCommuteMedian":20584,"workHomeCommuteMedian":27266},"geometry":{"type":"Polygon","coordinates":[[[-82.39010009565891,28.12876875710819],[-82.39010009565891,28.137761960745436],[-82.38110689202166,28.137761960745436],[-82.38110689202166,28.12876875710819],[-82.39010009565891,28.12876875710819]]]}},{"type":"Feature","properties":{"jobs":137,"pop":187,"pointCount":1,"homeWorkCommuteMedian":27766,"workHomeCommuteMedian":30322},"geometry":{"type":"Polygon","coordinates":[[[-82.39010009565891,28.137761960745436],[-82.39010009565891,28.146755164382682],[-82.38110689202166,28.146755164382682],[-82.38110689202166,28.137761960745436],[-82.39010009565891,28.137761960745436]]]}},{"type":"Feature","properties":{"jobs":293,"pop":517,"pointCount":1,"homeWorkCommuteMedian":38137,"workHomeCommuteMedian":34662},"geometry":{"type":"Polygon","coordinates":[[[-82.39010009565891,28.164741571657174],[-82.39010009565891,28.17373477529442],[-82.38110689202166,28.17373477529442],[-82.38110689202166,28.164741571657174],[-82.39010009565891,28.164741571657174]]]}},{"type":"Feature","properties":{"jobs":259,"pop":970,"pointCount":1,"homeWorkCommuteMedian":45142,"workHomeCommuteMedian":33901},"geometry":{"type":"Polygon","coordinates":[[[-82.39010009565891,28.191721182568912],[-82.39010009565891,28.20071438620616],[-82.38110689202166,28.20071438620616],[-82.38110689202166,28.191721182568912],[-82.39010009565891,28.191721182568912]]]}},{"type":"Feature","properties":{"jobs":160,"pop":583,"pointCount":1,"homeWorkCommuteMedian":35978,"workHomeCommuteMedian":21440},"geometry":{"type":"Polygon","coordinates":[[[-82.39010009565891,28.236687200755142],[-82.39010009565891,28.245680404392388],[-82.38110689202166,28.245680404392388],[-82.38110689202166,28.236687200755142],[-82.39010009565891,28.236687200755142]]]}},{"type":"Feature","properties":{"jobs":0,"pop":226,"pointCount":1,"homeWorkCommuteMedian":25198,"workHomeCommuteMedian":-1},"geometry":{"type":"Polygon","coordinates":[[[-82.38110689202166,27.670115371608645],[-82.38110689202166,27.67910857524589],[-82.37211368838442,27.67910857524589],[-82.37211368838442,27.670115371608645],[-82.38110689202166,27.670115371608645]]]}},{"type":"Feature","properties":{"jobs":51,"pop":276,"pointCount":1,"homeWorkCommuteMedian":51978,"workHomeCommuteMedian":20210},"geometry":{"type":"Polygon","coordinates":[[[-82.38110689202166,27.688101778883137],[-82.38110689202166,27.697094982520383],[-82.37211368838442,27.697094982520383],[-82.37211368838442,27.688101778883137],[-82.38110689202166,27.688101778883137]]]}},{"type":"Feature","properties":{"jobs":786,"pop":65,"pointCount":1,"homeWorkCommuteMedian":38713,"workHomeCommuteMedian":37494},"geometry":{"type":"Polygon","coordinates":[[[-82.38110689202166,27.70608818615763],[-82.38110689202166,27.715081389794875],[-82.37211368838442,27.715081389794875],[-82.37211368838442,27.70608818615763],[-82.38110689202166,27.70608818615763]]]}},{"type":"Feature","properties":{"jobs":500,"pop":433,"pointCount":2,"homeWorkCommuteMedian":54304,"workHomeCommuteMedian":33074},"geometry":{"type":"Polygon","coordinates":[[[-82.38110689202166,27.715081389794875],[-82.38110689202166,27.72407459343212],[-82.37211368838442,27.72407459343212],[-82.37211368838442,27.715081389794875],[-82.38110689202166,27.715081389794875]]]}},{"type":"Feature","properties":{"jobs":93,"pop":943,"pointCount":1,"homeWorkCommuteMedian":40499,"workHomeCommuteMedian":55397},"geometry":{"type":"Polygon","coordinates":[[[-82.38110689202166,27.75105420434386],[-82.38110689202166,27.760047407981105],[-82.37211368838442,27.760047407981105],[-82.37211368838442,27.75105420434386],[-82.38110689202166,27.75105420434386]]]}},{"type":"Feature","properties":{"jobs":29,"pop":239,"pointCount":1,"homeWorkCommuteMedian":33083,"workHomeCommuteMedian":18982},"geometry":{"type":"Polygon","coordinates":[[[-82.38110689202166,27.778033815255597],[-82.38110689202166,27.787027018892843],[-82.37211368838442,27.787027018892843],[-82.37211368838442,27.778033815255597],[-82.38110689202166,27.778033815255597]]]}},{"type":"Feature","properties":{"jobs":90,"pop":264,"pointCount":1,"homeWorkCommuteMedian":42592,"workHomeCommuteMedian":21029},"geometry":{"type":"Polygon","coordinates":[[[-82.38110689202166,27.787027018892843],[-82.38110689202166,27.79602022253009],[-82.37211368838442,27.79602022253009],[-82.37211368838442,27.787027018892843],[-82.38110689202166,27.787027018892843]]]}},{"type":"Feature","properties":{"jobs":437,"pop":209,"pointCount":1,"homeWorkCommuteMedian":28150,"workHomeCommuteMedian":29327},"geometry":{"type":"Polygon","coordinates":[[[-82.38110689202166,27.79602022253009],[-82.38110689202166,27.805013426167335],[-82.37211368838442,27.805013426167335],[-82.37211368838442,27.79602022253009],[-82.38110689202166,27.79602022253009]]]}},{"type":"Feature","properties":{"jobs":218,"pop":41,"pointCount":1,"homeWorkCommuteMedian":47935,"workHomeCommuteMedian":23782},"geometry":{"type":"Polygon","coordinates":[[[-82.38110689202166,27.84098624071632],[-82.38110689202166,27.849979444353565],[-82.37211368838442,27.849979444353565],[-82.37211368838442,27.84098624071632],[-82.38110689202166,27.84098624071632]]]}},{"type":"Feature","properties":{"jobs":266,"pop":28,"pointCount":1,"homeWorkCommuteMedian":30237,"workHomeCommuteMedian":24198},"geometry":{"type":"Polygon","coordinates":[[[-82.38110689202166,27.876959055265303],[-82.38110689202166,27.88595225890255],[-82.37211368838442,27.88595225890255],[-82.37211368838442,27.876959055265303],[-82.38110689202166,27.876959055265303]]]}},{"type":"Feature","properties":{"jobs":151,"pop":124,"pointCount":1,"homeWorkCommuteMedian":28554,"workHomeCommuteMedian":20562},"geometry":{"type":"Polygon","coordinates":[[[-82.38110689202166,27.90393866617704],[-82.38110689202166,27.912931869814287],[-82.37211368838442,27.912931869814287],[-82.37211368838442,27.90393866617704],[-82.38110689202166,27.90393866617704]]]}},{"type":"Feature","properties":{"jobs":91,"pop":928,"pointCount":1,"homeWorkCommuteMedian":18464,"workHomeCommuteMedian":26122},"geometry":{"type":"Polygon","coordinates":[[[-82.38110689202166,27.921925073451533],[-82.38110689202166,27.93091827708878],[-82.37211368838442,27.93091827708878],[-82.37211368838442,27.921925073451533],[-82.38110689202166,27.921925073451533]]]}},{"type":"Feature","properties":{"jobs":107,"pop":1077,"pointCount":2,"homeWorkCommuteMedian":11898,"workHomeCommuteMedian":22826},"geometry":{"type":"Polygon","coordinates":[[[-82.38110689202166,27.93091827708878],[-82.38110689202166,27.939911480726025],[-82.37211368838442,27.939911480726025],[-82.37211368838442,27.93091827708878],[-82.38110689202166,27.93091827708878]]]}},{"type":"Feature","properties":{"jobs":605,"pop":151,"pointCount":1,"homeWorkCommuteMedian":15076,"workHomeCommuteMedian":23959},"geometry":{"type":"Polygon","coordinates":[[[-82.38110689202166,27.939911480726025],[-82.38110689202166,27.94890468436327],[-82.37211368838442,27.94890468436327],[-82.37211368838442,27.939911480726025],[-82.38110689202166,27.939911480726025]]]}},{"type":"Feature","properties":{"jobs":420,"pop":317,"pointCount":2,"homeWorkCommuteMedian":18706,"workHomeCommuteMedian":24721},"geometry":{"type":"Polygon","coordinates":[[[-82.38110689202166,27.94890468436327],[-82.38110689202166,27.957897888000517],[-82.37211368838442,27.957897888000517],[-82.37211368838442,27.94890468436327],[-82.38110689202166,27.94890468436327]]]}},{"type":"Feature","properties":{"jobs":314,"pop":241,"pointCount":1,"homeWorkCommuteMedian":15528,"workHomeCommuteMedian":25937},"geometry":{"type":"Polygon","coordinates":[[[-82.38110689202166,27.957897888000517],[-82.38110689202166,27.966891091637763],[-82.37211368838442,27.966891091637763],[-82.37211368838442,27.957897888000517],[-82.38110689202166,27.957897888000517]]]}},{"type":"Feature","properties":{"jobs":16019,"pop":897,"pointCount":3,"homeWorkCommuteMedian":12039,"workHomeCommuteMedian":27769},"geometry":{"type":"Polygon","coordinates":[[[-82.38110689202166,27.984877498912255],[-82.38110689202166,27.9938707025495],[-82.37211368838442,27.9938707025495],[-82.37211368838442,27.984877498912255],[-82.38110689202166,27.984877498912255]]]}},{"type":"Feature","properties":{"jobs":1941,"pop":553,"pointCount":2,"homeWorkCommuteMedian":13212,"workHomeCommuteMedian":23505},"geometry":{"type":"Polygon","coordinates":[[[-82.38110689202166,27.9938707025495],[-82.38110689202166,28.002863906186747],[-82.37211368838442,28.002863906186747],[-82.37211368838442,27.9938707025495],[-82.38110689202166,27.9938707025495]]]}},{"type":"Feature","properties":{"jobs":944,"pop":785,"pointCount":1,"homeWorkCommuteMedian":16073,"workHomeCommuteMedian":28312},"geometry":{"type":"Polygon","coordinates":[[[-82.38110689202166,28.002863906186747],[-82.38110689202166,28.011857109823993],[-82.37211368838442,28.011857109823993],[-82.37211368838442,28.002863906186747],[-82.38110689202166,28.002863906186747]]]}},{"type":"Feature","properties":{"jobs":79,"pop":2628,"pointCount":2,"homeWorkCommuteMedian":16487,"workHomeCommuteMedian":7183},"geometry":{"type":"Polygon","coordinates":[[[-82.38110689202166,28.02085031346124],[-82.38110689202166,28.029843517098485],[-82.37211368838442,28.029843517098485],[-82.37211368838442,28.02085031346124],[-82.38110689202166,28.02085031346124]]]}},{"type":"Feature","properties":{"jobs":156,"pop":692,"pointCount":1,"homeWorkCommuteMedian":16955,"workHomeCommuteMedian":23345},"geometry":{"type":"Polygon","coordinates":[[[-82.38110689202166,28.03883672073573],[-82.38110689202166,28.047829924372977],[-82.37211368838442,28.047829924372977],[-82.37211368838442,28.03883672073573],[-82.38110689202166,28.03883672073573]]]}},{"type":"Feature","properties":{"jobs":306,"pop":1212,"pointCount":1,"homeWorkCommuteMedian":20113,"workHomeCommuteMedian":21797},"geometry":{"type":"Polygon","coordinates":[[[-82.38110689202166,28.047829924372977],[-82.38110689202166,28.056823128010222],[-82.37211368838442,28.056823128010222],[-82.37211368838442,28.047829924372977],[-82.38110689202166,28.047829924372977]]]}},{"type":"Feature","properties":{"jobs":2137,"pop":839,"pointCount":2,"homeWorkCommuteMedian":23553,"workHomeCommuteMedian":30482},"geometry":{"type":"Polygon","coordinates":[[[-82.38110689202166,28.056823128010222],[-82.38110689202166,28.06581633164747],[-82.37211368838442,28.06581633164747],[-82.37211368838442,28.056823128010222],[-82.38110689202166,28.056823128010222]]]}},{"type":"Feature","properties":{"jobs":1915,"pop":378,"pointCount":2,"homeWorkCommuteMedian":17292,"workHomeCommuteMedian":16311},"geometry":{"type":"Polygon","coordinates":[[[-82.38110689202166,28.06581633164747],[-82.38110689202166,28.074809535284714],[-82.37211368838442,28.074809535284714],[-82.37211368838442,28.06581633164747],[-82.38110689202166,28.06581633164747]]]}},{"type":"Feature","properties":{"jobs":137,"pop":658,"pointCount":1,"homeWorkCommuteMedian":26329,"workHomeCommuteMedian":34783},"geometry":{"type":"Polygon","coordinates":[[[-82.38110689202166,28.08380273892196],[-82.38110689202166,28.092795942559206],[-82.37211368838442,28.092795942559206],[-82.37211368838442,28.08380273892196],[-82.38110689202166,28.08380273892196]]]}},{"type":"Feature","properties":{"jobs":392,"pop":407,"pointCount":1,"homeWorkCommuteMedian":32415,"workHomeCommuteMedian":27999},"geometry":{"type":"Polygon","coordinates":[[[-82.38110689202166,28.101789146196452],[-82.38110689202166,28.1107823498337],[-82.37211368838442,28.1107823498337],[-82.37211368838442,28.101789146196452],[-82.38110689202166,28.101789146196452]]]}},{"type":"Feature","properties":{"jobs":427,"pop":278,"pointCount":2,"homeWorkCommuteMedian":21832,"workHomeCommuteMedian":28002},"geometry":{"type":"Polygon","coordinates":[[[-82.38110689202166,28.1107823498337],[-82.38110689202166,28.119775553470944],[-82.37211368838442,28.119775553470944],[-82.37211368838442,28.1107823498337],[-82.38110689202166,28.1107823498337]]]}},{"type":"Feature","properties":{"jobs":194,"pop":1860,"pointCount":2,"homeWorkCommuteMedian":25367,"workHomeCommuteMedian":23052},"geometry":{"type":"Polygon","coordinates":[[[-82.38110689202166,28.119775553470944],[-82.38110689202166,28.12876875710819],[-82.37211368838442,28.12876875710819],[-82.37211368838442,28.119775553470944],[-82.38110689202166,28.119775553470944]]]}},{"type":"Feature","properties":{"jobs":4585,"pop":446,"pointCount":1,"homeWorkCommuteMedian":37350,"workHomeCommuteMedian":31448},"geometry":{"type":"Polygon","coordinates":[[[-82.38110689202166,28.12876875710819],[-82.38110689202166,28.137761960745436],[-82.37211368838442,28.137761960745436],[-82.37211368838442,28.12876875710819],[-82.38110689202166,28.12876875710819]]]}},{"type":"Feature","properties":{"jobs":99,"pop":620,"pointCount":1,"homeWorkCommuteMedian":28893,"workHomeCommuteMedian":23814},"geometry":{"type":"Polygon","coordinates":[[[-82.38110689202166,28.146755164382682],[-82.38110689202166,28.15574836801993],[-82.37211368838442,28.15574836801993],[-82.37211368838442,28.146755164382682],[-82.38110689202166,28.146755164382682]]]}},{"type":"Feature","properties":{"jobs":96,"pop":501,"pointCount":1,"homeWorkCommuteMedian":34767,"workHomeCommuteMedian":27671},"geometry":{"type":"Polygon","coordinates":[[[-82.38110689202166,28.15574836801993],[-82.38110689202166,28.164741571657174],[-82.37211368838442,28.164741571657174],[-82.37211368838442,28.15574836801993],[-82.38110689202166,28.15574836801993]]]}},{"type":"Feature","properties":{"jobs":0,"pop":263,"pointCount":1,"homeWorkCommuteMedian":38121,"workHomeCommuteMedian":-1},"geometry":{"type":"Polygon","coordinates":[[[-82.38110689202166,28.164741571657174],[-82.38110689202166,28.17373477529442],[-82.37211368838442,28.17373477529442],[-82.37211368838442,28.164741571657174],[-82.38110689202166,28.164741571657174]]]}},{"type":"Feature","properties":{"jobs":220,"pop":1347,"pointCount":2,"homeWorkCommuteMedian":34742,"workHomeCommuteMedian":33034},"geometry":{"type":"Polygon","coordinates":[[[-82.38110689202166,28.17373477529442],[-82.38110689202166,28.182727978931666],[-82.37211368838442,28.182727978931666],[-82.37211368838442,28.17373477529442],[-82.38110689202166,28.17373477529442]]]}},{"type":"Feature","properties":{"jobs":418,"pop":147,"pointCount":1,"homeWorkCommuteMedian":23488,"workHomeCommuteMedian":23910},"geometry":{"type":"Polygon","coordinates":[[[-82.38110689202166,28.182727978931666],[-82.38110689202166,28.191721182568912],[-82.37211368838442,28.191721182568912],[-82.37211368838442,28.182727978931666],[-82.38110689202166,28.182727978931666]]]}},{"type":"Feature","properties":{"jobs":1092,"pop":896,"pointCount":1,"homeWorkCommuteMedian":37939,"workHomeCommuteMedian":32993},"geometry":{"type":"Polygon","coordinates":[[[-82.38110689202166,28.191721182568912],[-82.38110689202166,28.20071438620616],[-82.37211368838442,28.20071438620616],[-82.37211368838442,28.191721182568912],[-82.38110689202166,28.191721182568912]]]}},{"type":"Feature","properties":{"jobs":468,"pop":685,"pointCount":1,"homeWorkCommuteMedian":33304,"workHomeCommuteMedian":36972},"geometry":{"type":"Polygon","coordinates":[[[-82.38110689202166,28.209707589843404],[-82.38110689202166,28.21870079348065],[-82.37211368838442,28.21870079348065],[-82.37211368838442,28.209707589843404],[-82.38110689202166,28.209707589843404]]]}},{"type":"Feature","properties":{"jobs":471,"pop":266,"pointCount":1,"homeWorkCommuteMedian":37944,"workHomeCommuteMedian":38745},"geometry":{"type":"Polygon","coordinates":[[[-82.38110689202166,28.21870079348065],[-82.38110689202166,28.227693997117896],[-82.37211368838442,28.227693997117896],[-82.37211368838442,28.21870079348065],[-82.38110689202166,28.21870079348065]]]}},{"type":"Feature","properties":{"jobs":207,"pop":1710,"pointCount":2,"homeWorkCommuteMedian":31016,"workHomeCommuteMedian":40406},"geometry":{"type":"Polygon","coordinates":[[[-82.38110689202166,28.227693997117896],[-82.38110689202166,28.236687200755142],[-82.37211368838442,28.236687200755142],[-82.37211368838442,28.227693997117896],[-82.38110689202166,28.227693997117896]]]}},{"type":"Feature","properties":{"jobs":108,"pop":730,"pointCount":1,"homeWorkCommuteMedian":28566,"workHomeCommuteMedian":15270},"geometry":{"type":"Polygon","coordinates":[[[-82.38110689202166,28.236687200755142],[-82.38110689202166,28.245680404392388],[-82.37211368838442,28.245680404392388],[-82.37211368838442,28.236687200755142],[-82.38110689202166,28.236687200755142]]]}},{"type":"Feature","properties":{"jobs":102,"pop":160,"pointCount":1,"homeWorkCommuteMedian":43912,"workHomeCommuteMedian":57786},"geometry":{"type":"Polygon","coordinates":[[[-82.37211368838442,27.652128964334153],[-82.37211368838442,27.6611221679714],[-82.36312048474717,27.6611221679714],[-82.36312048474717,27.652128964334153],[-82.37211368838442,27.652128964334153]]]}},{"type":"Feature","properties":{"jobs":485,"pop":131,"pointCount":2,"homeWorkCommuteMedian":72117,"workHomeCommuteMedian":33073},"geometry":{"type":"Polygon","coordinates":[[[-82.37211368838442,27.70608818615763],[-82.37211368838442,27.715081389794875],[-82.36312048474717,27.715081389794875],[-82.36312048474717,27.70608818615763],[-82.37211368838442,27.70608818615763]]]}},{"type":"Feature","properties":{"jobs":944,"pop":358,"pointCount":2,"homeWorkCommuteMedian":54246,"workHomeCommuteMedian":40381},"geometry":{"type":"Polygon","coordinates":[[[-82.37211368838442,27.715081389794875],[-82.37211368838442,27.72407459343212],[-82.36312048474717,27.72407459343212],[-82.36312048474717,27.715081389794875],[-82.37211368838442,27.715081389794875]]]}},{"type":"Feature","properties":{"jobs":16,"pop":761,"pointCount":1,"homeWorkCommuteMedian":43852,"workHomeCommuteMedian":17289},"geometry":{"type":"Polygon","coordinates":[[[-82.37211368838442,27.72407459343212],[-82.37211368838442,27.733067797069367],[-82.36312048474717,27.733067797069367],[-82.36312048474717,27.72407459343212],[-82.37211368838442,27.72407459343212]]]}},{"type":"Feature","properties":{"jobs":30,"pop":1225,"pointCount":1,"homeWorkCommuteMedian":53285,"workHomeCommuteMedian":77146},"geometry":{"type":"Polygon","coordinates":[[[-82.37211368838442,27.742061000706613],[-82.37211368838442,27.75105420434386],[-82.36312048474717,27.75105420434386],[-82.36312048474717,27.742061000706613],[-82.37211368838442,27.742061000706613]]]}},{"type":"Feature","properties":{"jobs":82,"pop":1393,"pointCount":2,"homeWorkCommuteMedian":37648,"workHomeCommuteMedian":35258},"geometry":{"type":"Polygon","coordinates":[[[-82.37211368838442,27.760047407981105],[-82.37211368838442,27.76904061161835],[-82.36312048474717,27.76904061161835],[-82.36312048474717,27.760047407981105],[-82.37211368838442,27.760047407981105]]]}},{"type":"Feature","properties":{"jobs":12,"pop":241,"pointCount":1,"homeWorkCommuteMedian":26166,"workHomeCommuteMedian":31044},"geometry":{"type":"Polygon","coordinates":[[[-82.37211368838442,27.76904061161835],[-82.37211368838442,27.778033815255597],[-82.36312048474717,27.778033815255597],[-82.36312048474717,27.76904061161835],[-82.37211368838442,27.76904061161835]]]}},{"type":"Feature","properties":{"jobs":45,"pop":1303,"pointCount":1,"homeWorkCommuteMedian":34183,"workHomeCommuteMedian":23148},"geometry":{"type":"Polygon","coordinates":[[[-82.37211368838442,27.778033815255597],[-82.37211368838442,27.787027018892843],[-82.36312048474717,27.787027018892843],[-82.36312048474717,27.778033815255597],[-82.37211368838442,27.778033815255597]]]}},{"type":"Feature","properties":{"jobs":225,"pop":310,"pointCount":1,"homeWorkCommuteMedian":35327,"workHomeCommuteMedian":25102},"geometry":{"type":"Polygon","coordinates":[[[-82.37211368838442,27.79602022253009],[-82.37211368838442,27.805013426167335],[-82.36312048474717,27.805013426167335],[-82.36312048474717,27.79602022253009],[-82.37211368838442,27.79602022253009]]]}},{"type":"Feature","properties":{"jobs":0,"pop":114,"pointCount":1,"homeWorkCommuteMedian":49011,"workHomeCommuteMedian":-1},"geometry":{"type":"Polygon","coordinates":[[[-82.37211368838442,27.81400662980458],[-82.37211368838442,27.822999833441827],[-82.36312048474717,27.822999833441827],[-82.36312048474717,27.81400662980458],[-82.37211368838442,27.81400662980458]]]}},{"type":"Feature","properties":{"jobs":77,"pop":1337,"pointCount":1,"homeWorkCommuteMedian":27298,"workHomeCommuteMedian":26144},"geometry":{"type":"Polygon","coordinates":[[[-82.37211368838442,27.822999833441827],[-82.37211368838442,27.831993037079073],[-82.36312048474717,27.831993037079073],[-82.36312048474717,27.822999833441827],[-82.37211368838442,27.822999833441827]]]}},{"type":"Feature","properties":{"jobs":12,"pop":1659,"pointCount":1,"homeWorkCommuteMedian":21750,"workHomeCommuteMedian":26991},"geometry":{"type":"Polygon","coordinates":[[[-82.37211368838442,27.831993037079073],[-82.37211368838442,27.84098624071632],[-82.36312048474717,27.84098624071632],[-82.36312048474717,27.831993037079073],[-82.37211368838442,27.831993037079073]]]}},{"type":"Feature","properties":{"jobs":55,"pop":621,"pointCount":1,"homeWorkCommuteMedian":27046,"workHomeCommuteMedian":22149},"geometry":{"type":"Polygon","coordinates":[[[-82.37211368838442,27.849979444353565],[-82.37211368838442,27.85897264799081],[-82.36312048474717,27.85897264799081],[-82.36312048474717,27.849979444353565],[-82.37211368838442,27.849979444353565]]]}},{"type":"Feature","properties":{"jobs":971,"pop":123,"pointCount":1,"homeWorkCommuteMedian":27837,"workHomeCommuteMedian":24926},"geometry":{"type":"Polygon","coordinates":[[[-82.37211368838442,27.88595225890255],[-82.37211368838442,27.894945462539795],[-82.36312048474717,27.894945462539795],[-82.36312048474717,27.88595225890255],[-82.37211368838442,27.88595225890255]]]}},{"type":"Feature","properties":{"jobs":177,"pop":557,"pointCount":1,"homeWorkCommuteMedian":18072,"workHomeCommuteMedian":27153},"geometry":{"type":"Polygon","coordinates":[[[-82.37211368838442,27.912931869814287],[-82.37211368838442,27.921925073451533],[-82.36312048474717,27.921925073451533],[-82.36312048474717,27.912931869814287],[-82.37211368838442,27.912931869814287]]]}},{"type":"Feature","properties":{"jobs":160,"pop":670,"pointCount":1,"homeWorkCommuteMedian":21364,"workHomeCommuteMedian":34709},"geometry":{"type":"Polygon","coordinates":[[[-82.37211368838442,27.921925073451533],[-82.37211368838442,27.93091827708878],[-82.36312048474717,27.93091827708878],[-82.36312048474717,27.921925073451533],[-82.37211368838442,27.921925073451533]]]}},{"type":"Feature","properties":{"jobs":485,"pop":269,"pointCount":1,"homeWorkCommuteMedian":17122,"workHomeCommuteMedian":31472},"geometry":{"type":"Polygon","coordinates":[[[-82.37211368838442,27.93091827708878],[-82.37211368838442,27.939911480726025],[-82.36312048474717,27.939911480726025],[-82.36312048474717,27.93091827708878],[-82.37211368838442,27.93091827708878]]]}},{"type":"Feature","properties":{"jobs":562,"pop":162,"pointCount":2,"homeWorkCommuteMedian":34857,"workHomeCommuteMedian":32296},"geometry":{"type":"Polygon","coordinates":[[[-82.37211368838442,27.939911480726025],[-82.37211368838442,27.94890468436327],[-82.36312048474717,27.94890468436327],[-82.36312048474717,27.939911480726025],[-82.37211368838442,27.939911480726025]]]}},{"type":"Feature","properties":{"jobs":304,"pop":99,"pointCount":1,"homeWorkCommuteMedian":13775,"workHomeCommuteMedian":28987},"geometry":{"type":"Polygon","coordinates":[[[-82.37211368838442,27.94890468436327],[-82.37211368838442,27.957897888000517],[-82.36312048474717,27.957897888000517],[-82.36312048474717,27.94890468436327],[-82.37211368838442,27.94890468436327]]]}},{"type":"Feature","properties":{"jobs":359,"pop":10,"pointCount":1,"homeWorkCommuteMedian":30951,"workHomeCommuteMedian":21480},"geometry":{"type":"Polygon","coordinates":[[[-82.37211368838442,27.957897888000517],[-82.37211368838442,27.966891091637763],[-82.36312048474717,27.966891091637763],[-82.36312048474717,27.957897888000517],[-82.37211368838442,27.957897888000517]]]}},{"type":"Feature","properties":{"jobs":1123,"pop":72,"pointCount":1,"homeWorkCommuteMedian":14430,"workHomeCommuteMedian":26149},"geometry":{"type":"Polygon","coordinates":[[[-82.37211368838442,27.966891091637763],[-82.37211368838442,27.97588429527501],[-82.36312048474717,27.97588429527501],[-82.36312048474717,27.966891091637763],[-82.37211368838442,27.966891091637763]]]}},{"type":"Feature","properties":{"jobs":78,"pop":181,"pointCount":1,"homeWorkCommuteMedian":31577,"workHomeCommuteMedian":14833},"geometry":{"type":"Polygon","coordinates":[[[-82.37211368838442,27.97588429527501],[-82.37211368838442,27.984877498912255],[-82.36312048474717,27.984877498912255],[-82.36312048474717,27.97588429527501],[-82.37211368838442,27.97588429527501]]]}},{"type":"Feature","properties":{"jobs":0,"pop":359,"pointCount":1,"homeWorkCommuteMedian":11972,"workHomeCommuteMedian":-1},"geometry":{"type":"Polygon","coordinates":[[[-82.37211368838442,27.984877498912255],[-82.37211368838442,27.9938707025495],[-82.36312048474717,27.9938707025495],[-82.36312048474717,27.984877498912255],[-82.37211368838442,27.984877498912255]]]}},{"type":"Feature","properties":{"jobs":289,"pop":390,"pointCount":1,"homeWorkCommuteMedian":18989,"workHomeCommuteMedian":31899},"geometry":{"type":"Polygon","coordinates":[[[-82.37211368838442,27.9938707025495],[-82.37211368838442,28.002863906186747],[-82.36312048474717,28.002863906186747],[-82.36312048474717,27.9938707025495],[-82.37211368838442,27.9938707025495]]]}},{"type":"Feature","properties":{"jobs":2448,"pop":467,"pointCount":1,"homeWorkCommuteMedian":21615,"workHomeCommuteMedian":27240},"geometry":{"type":"Polygon","coordinates":[[[-82.37211368838442,28.002863906186747],[-82.37211368838442,28.011857109823993],[-82.36312048474717,28.011857109823993],[-82.36312048474717,28.002863906186747],[-82.37211368838442,28.002863906186747]]]}},{"type":"Feature","properties":{"jobs":400,"pop":1113,"pointCount":2,"homeWorkCommuteMedian":18247,"workHomeCommuteMedian":23741},"geometry":{"type":"Polygon","coordinates":[[[-82.37211368838442,28.011857109823993],[-82.37211368838442,28.02085031346124],[-82.36312048474717,28.02085031346124],[-82.36312048474717,28.011857109823993],[-82.37211368838442,28.011857109823993]]]}},{"type":"Feature","properties":{"jobs":292,"pop":353,"pointCount":1,"homeWorkCommuteMedian":19085,"workHomeCommuteMedian":27040},"geometry":{"type":"Polygon","coordinates":[[[-82.37211368838442,28.029843517098485],[-82.37211368838442,28.03883672073573],[-82.36312048474717,28.03883672073573],[-82.36312048474717,28.029843517098485],[-82.37211368838442,28.029843517098485]]]}},{"type":"Feature","properties":{"jobs":39,"pop":404,"pointCount":1,"homeWorkCommuteMedian":18992,"workHomeCommuteMedian":14104},"geometry":{"type":"Polygon","coordinates":[[[-82.37211368838442,28.03883672073573],[-82.37211368838442,28.047829924372977],[-82.36312048474717,28.047829924372977],[-82.36312048474717,28.03883672073573],[-82.37211368838442,28.03883672073573]]]}},{"type":"Feature","properties":{"jobs":85,"pop":1217,"pointCount":1,"homeWorkCommuteMedian":23658,"workHomeCommuteMedian":26210},"geometry":{"type":"Polygon","coordinates":[[[-82.37211368838442,28.047829924372977],[-82.37211368838442,28.056823128010222],[-82.36312048474717,28.056823128010222],[-82.36312048474717,28.047829924372977],[-82.37211368838442,28.047829924372977]]]}},{"type":"Feature","properties":{"jobs":2864,"pop":1121,"pointCount":2,"homeWorkCommuteMedian":21546,"workHomeCommuteMedian":32061},"geometry":{"type":"Polygon","coordinates":[[[-82.37211368838442,28.056823128010222],[-82.37211368838442,28.06581633164747],[-82.36312048474717,28.06581633164747],[-82.36312048474717,28.056823128010222],[-82.37211368838442,28.056823128010222]]]}},{"type":"Feature","properties":{"jobs":573,"pop":260,"pointCount":2,"homeWorkCommuteMedian":27965,"workHomeCommuteMedian":28126},"geometry":{"type":"Polygon","coordinates":[[[-82.37211368838442,28.06581633164747],[-82.37211368838442,28.074809535284714],[-82.36312048474717,28.074809535284714],[-82.36312048474717,28.06581633164747],[-82.37211368838442,28.06581633164747]]]}},{"type":"Feature","properties":{"jobs":674,"pop":311,"pointCount":2,"homeWorkCommuteMedian":25631,"workHomeCommuteMedian":29221},"geometry":{"type":"Polygon","coordinates":[[[-82.37211368838442,28.119775553470944],[-82.37211368838442,28.12876875710819],[-82.36312048474717,28.12876875710819],[-82.36312048474717,28.119775553470944],[-82.37211368838442,28.119775553470944]]]}},{"type":"Feature","properties":{"jobs":332,"pop":1191,"pointCount":3,"homeWorkCommuteMedian":26087,"workHomeCommuteMedian":29716},"geometry":{"type":"Polygon","coordinates":[[[-82.37211368838442,28.12876875710819],[-82.37211368838442,28.137761960745436],[-82.36312048474717,28.137761960745436],[-82.36312048474717,28.12876875710819],[-82.37211368838442,28.12876875710819]]]}},{"type":"Feature","properties":{"jobs":90,"pop":2148,"pointCount":4,"homeWorkCommuteMedian":28810,"workHomeCommuteMedian":37209},"geometry":{"type":"Polygon","coordinates":[[[-82.37211368838442,28.137761960745436],[-82.37211368838442,28.146755164382682],[-82.36312048474717,28.146755164382682],[-82.36312048474717,28.137761960745436],[-82.37211368838442,28.137761960745436]]]}},{"type":"Feature","properties":{"jobs":134,"pop":968,"pointCount":1,"homeWorkCommuteMedian":23256,"workHomeCommuteMedian":29685},"geometry":{"type":"Polygon","coordinates":[[[-82.37211368838442,28.146755164382682],[-82.37211368838442,28.15574836801993],[-82.36312048474717,28.15574836801993],[-82.36312048474717,28.146755164382682],[-82.37211368838442,28.146755164382682]]]}},{"type":"Feature","properties":{"jobs":5,"pop":423,"pointCount":1,"homeWorkCommuteMedian":27807,"workHomeCommuteMedian":6583},"geometry":{"type":"Polygon","coordinates":[[[-82.37211368838442,28.15574836801993],[-82.37211368838442,28.164741571657174],[-82.36312048474717,28.164741571657174],[-82.36312048474717,28.15574836801993],[-82.37211368838442,28.15574836801993]]]}},{"type":"Feature","properties":{"jobs":37,"pop":1008,"pointCount":1,"homeWorkCommuteMedian":35038,"workHomeCommuteMedian":22978},"geometry":{"type":"Polygon","coordinates":[[[-82.37211368838442,28.164741571657174],[-82.37211368838442,28.17373477529442],[-82.36312048474717,28.17373477529442],[-82.36312048474717,28.164741571657174],[-82.37211368838442,28.164741571657174]]]}},{"type":"Feature","properties":{"jobs":112,"pop":1143,"pointCount":2,"homeWorkCommuteMedian":31220,"workHomeCommuteMedian":25113},"geometry":{"type":"Polygon","coordinates":[[[-82.37211368838442,28.17373477529442],[-82.37211368838442,28.182727978931666],[-82.36312048474717,28.182727978931666],[-82.36312048474717,28.17373477529442],[-82.37211368838442,28.17373477529442]]]}},{"type":"Feature","properties":{"jobs":66,"pop":243,"pointCount":1,"homeWorkCommuteMedian":33071,"workHomeCommuteMedian":27647},"geometry":{"type":"Polygon","coordinates":[[[-82.37211368838442,28.182727978931666],[-82.37211368838442,28.191721182568912],[-82.36312048474717,28.191721182568912],[-82.36312048474717,28.182727978931666],[-82.37211368838442,28.182727978931666]]]}},{"type":"Feature","properties":{"jobs":244,"pop":697,"pointCount":1,"homeWorkCommuteMedian":33754,"workHomeCommuteMedian":26946},"geometry":{"type":"Polygon","coordinates":[[[-82.37211368838442,28.191721182568912],[-82.37211368838442,28.20071438620616],[-82.36312048474717,28.20071438620616],[-82.36312048474717,28.191721182568912],[-82.37211368838442,28.191721182568912]]]}},{"type":"Feature","properties":{"jobs":463,"pop":583,"pointCount":1,"homeWorkCommuteMedian":36013,"workHomeCommuteMedian":31776},"geometry":{"type":"Polygon","coordinates":[[[-82.37211368838442,28.209707589843404],[-82.37211368838442,28.21870079348065],[-82.36312048474717,28.21870079348065],[-82.36312048474717,28.209707589843404],[-82.37211368838442,28.209707589843404]]]}},{"type":"Feature","properties":{"jobs":40,"pop":984,"pointCount":1,"homeWorkCommuteMedian":27678,"workHomeCommuteMedian":42646},"geometry":{"type":"Polygon","coordinates":[[[-82.37211368838442,28.21870079348065],[-82.37211368838442,28.227693997117896],[-82.36312048474717,28.227693997117896],[-82.36312048474717,28.21870079348065],[-82.37211368838442,28.21870079348065]]]}},{"type":"Feature","properties":{"jobs":579,"pop":1529,"pointCount":3,"homeWorkCommuteMedian":36783,"workHomeCommuteMedian":41330},"geometry":{"type":"Polygon","coordinates":[[[-82.37211368838442,28.227693997117896],[-82.37211368838442,28.236687200755142],[-82.36312048474717,28.236687200755142],[-82.36312048474717,28.227693997117896],[-82.37211368838442,28.227693997117896]]]}},{"type":"Feature","properties":{"jobs":153,"pop":286,"pointCount":1,"homeWorkCommuteMedian":40074,"workHomeCommuteMedian":39460},"geometry":{"type":"Polygon","coordinates":[[[-82.37211368838442,28.245680404392388],[-82.37211368838442,28.254673608029634],[-82.36312048474717,28.254673608029634],[-82.36312048474717,28.245680404392388],[-82.37211368838442,28.245680404392388]]]}},{"type":"Feature","properties":{"jobs":22,"pop":467,"pointCount":1,"homeWorkCommuteMedian":40578,"workHomeCommuteMedian":65362},"geometry":{"type":"Polygon","coordinates":[[[-82.37211368838442,28.254673608029634],[-82.37211368838442,28.26366681166688],[-82.36312048474717,28.26366681166688],[-82.36312048474717,28.254673608029634],[-82.37211368838442,28.254673608029634]]]}},{"type":"Feature","properties":{"jobs":159,"pop":220,"pointCount":1,"homeWorkCommuteMedian":42355,"workHomeCommuteMedian":36250},"geometry":{"type":"Polygon","coordinates":[[[-82.36312048474717,27.652128964334153],[-82.36312048474717,27.6611221679714],[-82.35412728110992,27.6611221679714],[-82.35412728110992,27.652128964334153],[-82.36312048474717,27.652128964334153]]]}},{"type":"Feature","properties":{"jobs":137,"pop":362,"pointCount":1,"homeWorkCommuteMedian":52481,"workHomeCommuteMedian":29081},"geometry":{"type":"Polygon","coordinates":[[[-82.36312048474717,27.67910857524589],[-82.36312048474717,27.688101778883137],[-82.35412728110992,27.688101778883137],[-82.35412728110992,27.67910857524589],[-82.36312048474717,27.67910857524589]]]}},{"type":"Feature","properties":{"jobs":10,"pop":331,"pointCount":1,"homeWorkCommuteMedian":49403,"workHomeCommuteMedian":23947},"geometry":{"type":"Polygon","coordinates":[[[-82.36312048474717,27.697094982520383],[-82.36312048474717,27.70608818615763],[-82.35412728110992,27.70608818615763],[-82.35412728110992,27.697094982520383],[-82.36312048474717,27.697094982520383]]]}},{"type":"Feature","properties":{"jobs":67,"pop":900,"pointCount":1,"homeWorkCommuteMedian":49121,"workHomeCommuteMedian":24178},"geometry":{"type":"Polygon","coordinates":[[[-82.36312048474717,27.76904061161835],[-82.36312048474717,27.778033815255597],[-82.35412728110992,27.778033815255597],[-82.35412728110992,27.76904061161835],[-82.36312048474717,27.76904061161835]]]}},{"type":"Feature","properties":{"jobs":292,"pop":489,"pointCount":1,"homeWorkCommuteMedian":25501,"workHomeCommuteMedian":35704},"geometry":{"type":"Polygon","coordinates":[[[-82.36312048474717,27.84098624071632],[-82.36312048474717,27.849979444353565],[-82.35412728110992,27.849979444353565],[-82.35412728110992,27.84098624071632],[-82.36312048474717,27.84098624071632]]]}},{"type":"Feature","properties":{"jobs":116,"pop":166,"pointCount":1,"homeWorkCommuteMedian":30735,"workHomeCommuteMedian":17534},"geometry":{"type":"Polygon","coordinates":[[[-82.36312048474717,27.849979444353565],[-82.36312048474717,27.85897264799081],[-82.35412728110992,27.85897264799081],[-82.35412728110992,27.849979444353565],[-82.36312048474717,27.849979444353565]]]}},{"type":"Feature","properties":{"jobs":606,"pop":1256,"pointCount":3,"homeWorkCommuteMedian":25298,"workHomeCommuteMedian":26338},"geometry":{"type":"Polygon","coordinates":[[[-82.36312048474717,27.867965851628057],[-82.36312048474717,27.876959055265303],[-82.35412728110992,27.876959055265303],[-82.35412728110992,27.867965851628057],[-82.36312048474717,27.867965851628057]]]}},{"type":"Feature","properties":{"jobs":433,"pop":520,"pointCount":2,"homeWorkCommuteMedian":25981,"workHomeCommuteMedian":24747},"geometry":{"type":"Polygon","coordinates":[[[-82.36312048474717,27.876959055265303],[-82.36312048474717,27.88595225890255],[-82.35412728110992,27.88595225890255],[-82.35412728110992,27.876959055265303],[-82.36312048474717,27.876959055265303]]]}},{"type":"Feature","properties":{"jobs":151,"pop":1085,"pointCount":2,"homeWorkCommuteMedian":22596,"workHomeCommuteMedian":16241},"geometry":{"type":"Polygon","coordinates":[[[-82.36312048474717,27.894945462539795],[-82.36312048474717,27.90393866617704],[-82.35412728110992,27.90393866617704],[-82.35412728110992,27.894945462539795],[-82.36312048474717,27.894945462539795]]]}},{"type":"Feature","properties":{"jobs":85,"pop":620,"pointCount":1,"homeWorkCommuteMedian":23866,"workHomeCommuteMedian":20141},"geometry":{"type":"Polygon","coordinates":[[[-82.36312048474717,27.90393866617704],[-82.36312048474717,27.912931869814287],[-82.35412728110992,27.912931869814287],[-82.35412728110992,27.90393866617704],[-82.36312048474717,27.90393866617704]]]}},{"type":"Feature","properties":{"jobs":39,"pop":2784,"pointCount":2,"homeWorkCommuteMedian":19111,"workHomeCommuteMedian":28814},"geometry":{"type":"Polygon","coordinates":[[[-82.36312048474717,27.912931869814287],[-82.36312048474717,27.921925073451533],[-82.35412728110992,27.921925073451533],[-82.35412728110992,27.912931869814287],[-82.36312048474717,27.912931869814287]]]}},{"type":"Feature","properties":{"jobs":36,"pop":586,"pointCount":1,"homeWorkCommuteMedian":20234,"workHomeCommuteMedian":19072},"geometry":{"type":"Polygon","coordinates":[[[-82.36312048474717,27.921925073451533],[-82.36312048474717,27.93091827708878],[-82.35412728110992,27.93091827708878],[-82.35412728110992,27.921925073451533],[-82.36312048474717,27.921925073451533]]]}},{"type":"Feature","properties":{"jobs":292,"pop":265,"pointCount":1,"homeWorkCommuteMedian":18798,"workHomeCommuteMedian":20799},"geometry":{"type":"Polygon","coordinates":[[[-82.36312048474717,27.93091827708878],[-82.36312048474717,27.939911480726025],[-82.35412728110992,27.939911480726025],[-82.35412728110992,27.93091827708878],[-82.36312048474717,27.93091827708878]]]}},{"type":"Feature","properties":{"jobs":1684,"pop":206,"pointCount":3,"homeWorkCommuteMedian":16342,"workHomeCommuteMedian":28019},"geometry":{"type":"Polygon","coordinates":[[[-82.36312048474717,27.939911480726025],[-82.36312048474717,27.94890468436327],[-82.35412728110992,27.94890468436327],[-82.35412728110992,27.939911480726025],[-82.36312048474717,27.939911480726025]]]}},{"type":"Feature","properties":{"jobs":1289,"pop":28,"pointCount":2,"homeWorkCommuteMedian":15897,"workHomeCommuteMedian":27611},"geometry":{"type":"Polygon","coordinates":[[[-82.36312048474717,27.94890468436327],[-82.36312048474717,27.957897888000517],[-82.35412728110992,27.957897888000517],[-82.35412728110992,27.94890468436327],[-82.36312048474717,27.94890468436327]]]}},{"type":"Feature","properties":{"jobs":1753,"pop":129,"pointCount":4,"homeWorkCommuteMedian":37635,"workHomeCommuteMedian":26051},"geometry":{"type":"Polygon","coordinates":[[[-82.36312048474717,27.957897888000517],[-82.36312048474717,27.966891091637763],[-82.35412728110992,27.966891091637763],[-82.35412728110992,27.957897888000517],[-82.36312048474717,27.957897888000517]]]}},{"type":"Feature","properties":{"jobs":550,"pop":85,"pointCount":1,"homeWorkCommuteMedian":19158,"workHomeCommuteMedian":21981},"geometry":{"type":"Polygon","coordinates":[[[-82.36312048474717,27.966891091637763],[-82.36312048474717,27.97588429527501],[-82.35412728110992,27.97588429527501],[-82.35412728110992,27.966891091637763],[-82.36312048474717,27.966891091637763]]]}},{"type":"Feature","properties":{"jobs":1138,"pop":336,"pointCount":2,"homeWorkCommuteMedian":14303,"workHomeCommuteMedian":26216},"geometry":{"type":"Polygon","coordinates":[[[-82.36312048474717,27.97588429527501],[-82.36312048474717,27.984877498912255],[-82.35412728110992,27.984877498912255],[-82.35412728110992,27.97588429527501],[-82.36312048474717,27.97588429527501]]]}},{"type":"Feature","properties":{"jobs":296,"pop":133,"pointCount":1,"homeWorkCommuteMedian":20030,"workHomeCommuteMedian":24864},"geometry":{"type":"Polygon","coordinates":[[[-82.36312048474717,27.984877498912255],[-82.36312048474717,27.9938707025495],[-82.35412728110992,27.9938707025495],[-82.35412728110992,27.984877498912255],[-82.36312048474717,27.984877498912255]]]}},{"type":"Feature","properties":{"jobs":1801,"pop":298,"pointCount":3,"homeWorkCommuteMedian":21159,"workHomeCommuteMedian":23816},"geometry":{"type":"Polygon","coordinates":[[[-82.36312048474717,27.9938707025495],[-82.36312048474717,28.002863906186747],[-82.35412728110992,28.002863906186747],[-82.35412728110992,27.9938707025495],[-82.36312048474717,27.9938707025495]]]}},{"type":"Feature","properties":{"jobs":561,"pop":91,"pointCount":1,"homeWorkCommuteMedian":23105,"workHomeCommuteMedian":27055},"geometry":{"type":"Polygon","coordinates":[[[-82.36312048474717,28.011857109823993],[-82.36312048474717,28.02085031346124],[-82.35412728110992,28.02085031346124],[-82.35412728110992,28.011857109823993],[-82.36312048474717,28.011857109823993]]]}},{"type":"Feature","properties":{"jobs":4093,"pop":241,"pointCount":2,"homeWorkCommuteMedian":16749,"workHomeCommuteMedian":25987},"geometry":{"type":"Polygon","coordinates":[[[-82.36312048474717,28.02085031346124],[-82.36312048474717,28.029843517098485],[-82.35412728110992,28.029843517098485],[-82.35412728110992,28.02085031346124],[-82.36312048474717,28.02085031346124]]]}},{"type":"Feature","properties":{"jobs":148,"pop":527,"pointCount":1,"homeWorkCommuteMedian":21820,"workHomeCommuteMedian":21674},"geometry":{"type":"Polygon","coordinates":[[[-82.36312048474717,28.029843517098485],[-82.36312048474717,28.03883672073573],[-82.35412728110992,28.03883672073573],[-82.35412728110992,28.029843517098485],[-82.36312048474717,28.029843517098485]]]}},{"type":"Feature","properties":{"jobs":824,"pop":986,"pointCount":3,"homeWorkCommuteMedian":24847,"workHomeCommuteMedian":31193},"geometry":{"type":"Polygon","coordinates":[[[-82.36312048474717,28.056823128010222],[-82.36312048474717,28.06581633164747],[-82.35412728110992,28.06581633164747],[-82.35412728110992,28.056823128010222],[-82.36312048474717,28.056823128010222]]]}},{"type":"Feature","properties":{"jobs":644,"pop":652,"pointCount":2,"homeWorkCommuteMedian":22487,"workHomeCommuteMedian":26799},"geometry":{"type":"Polygon","coordinates":[[[-82.36312048474717,28.06581633164747],[-82.36312048474717,28.074809535284714],[-82.35412728110992,28.074809535284714],[-82.35412728110992,28.06581633164747],[-82.36312048474717,28.06581633164747]]]}},{"type":"Feature","properties":{"jobs":2107,"pop":354,"pointCount":1,"homeWorkCommuteMedian":26905,"workHomeCommuteMedian":31913},"geometry":{"type":"Polygon","coordinates":[[[-82.36312048474717,28.074809535284714],[-82.36312048474717,28.08380273892196],[-82.35412728110992,28.08380273892196],[-82.35412728110992,28.074809535284714],[-82.36312048474717,28.074809535284714]]]}},{"type":"Feature","properties":{"jobs":39,"pop":73,"pointCount":1,"homeWorkCommuteMedian":28898,"workHomeCommuteMedian":19960},"geometry":{"type":"Polygon","coordinates":[[[-82.36312048474717,28.092795942559206],[-82.36312048474717,28.101789146196452],[-82.35412728110992,28.101789146196452],[-82.35412728110992,28.092795942559206],[-82.36312048474717,28.092795942559206]]]}},{"type":"Feature","properties":{"jobs":0,"pop":370,"pointCount":1,"homeWorkCommuteMedian":33481,"workHomeCommuteMedian":-1},"geometry":{"type":"Polygon","coordinates":[[[-82.36312048474717,28.12876875710819],[-82.36312048474717,28.137761960745436],[-82.35412728110992,28.137761960745436],[-82.35412728110992,28.12876875710819],[-82.36312048474717,28.12876875710819]]]}},{"type":"Feature","properties":{"jobs":47,"pop":698,"pointCount":1,"homeWorkCommuteMedian":30079,"workHomeCommuteMedian":17610},"geometry":{"type":"Polygon","coordinates":[[[-82.36312048474717,28.137761960745436],[-82.36312048474717,28.146755164382682],[-82.35412728110992,28.146755164382682],[-82.35412728110992,28.137761960745436],[-82.36312048474717,28.137761960745436]]]}},{"type":"Feature","properties":{"jobs":764,"pop":580,"pointCount":1,"homeWorkCommuteMedian":28665,"workHomeCommuteMedian":33966},"geometry":{"type":"Polygon","coordinates":[[[-82.36312048474717,28.146755164382682],[-82.36312048474717,28.15574836801993],[-82.35412728110992,28.15574836801993],[-82.35412728110992,28.146755164382682],[-82.36312048474717,28.146755164382682]]]}},{"type":"Feature","properties":{"jobs":2,"pop":559,"pointCount":1,"homeWorkCommuteMedian":32983,"workHomeCommuteMedian":6352},"geometry":{"type":"Polygon","coordinates":[[[-82.36312048474717,28.15574836801993],[-82.36312048474717,28.164741571657174],[-82.35412728110992,28.164741571657174],[-82.35412728110992,28.15574836801993],[-82.36312048474717,28.15574836801993]]]}},{"type":"Feature","properties":{"jobs":775,"pop":940,"pointCount":2,"homeWorkCommuteMedian":33988,"workHomeCommuteMedian":34166},"geometry":{"type":"Polygon","coordinates":[[[-82.36312048474717,28.164741571657174],[-82.36312048474717,28.17373477529442],[-82.35412728110992,28.17373477529442],[-82.35412728110992,28.164741571657174],[-82.36312048474717,28.164741571657174]]]}},{"type":"Feature","properties":{"jobs":36,"pop":989,"pointCount":1,"homeWorkCommuteMedian":32997,"workHomeCommuteMedian":4722},"geometry":{"type":"Polygon","coordinates":[[[-82.36312048474717,28.17373477529442],[-82.36312048474717,28.182727978931666],[-82.35412728110992,28.182727978931666],[-82.35412728110992,28.17373477529442],[-82.36312048474717,28.17373477529442]]]}},{"type":"Feature","properties":{"jobs":650,"pop":1461,"pointCount":3,"homeWorkCommuteMedian":32466,"workHomeCommuteMedian":30448},"geometry":{"type":"Polygon","coordinates":[[[-82.36312048474717,28.182727978931666],[-82.36312048474717,28.191721182568912],[-82.35412728110992,28.191721182568912],[-82.35412728110992,28.182727978931666],[-82.36312048474717,28.182727978931666]]]}},{"type":"Feature","properties":{"jobs":583,"pop":348,"pointCount":2,"homeWorkCommuteMedian":39274,"workHomeCommuteMedian":35146},"geometry":{"type":"Polygon","coordinates":[[[-82.36312048474717,28.191721182568912],[-82.36312048474717,28.20071438620616],[-82.35412728110992,28.20071438620616],[-82.35412728110992,28.191721182568912],[-82.36312048474717,28.191721182568912]]]}},{"type":"Feature","properties":{"jobs":443,"pop":624,"pointCount":2,"homeWorkCommuteMedian":38768,"workHomeCommuteMedian":34787},"geometry":{"type":"Polygon","coordinates":[[[-82.36312048474717,28.209707589843404],[-82.36312048474717,28.21870079348065],[-82.35412728110992,28.21870079348065],[-82.35412728110992,28.209707589843404],[-82.36312048474717,28.209707589843404]]]}},{"type":"Feature","properties":{"jobs":432,"pop":298,"pointCount":2,"homeWorkCommuteMedian":38369,"workHomeCommuteMedian":30878},"geometry":{"type":"Polygon","coordinates":[[[-82.36312048474717,28.236687200755142],[-82.36312048474717,28.245680404392388],[-82.35412728110992,28.245680404392388],[-82.35412728110992,28.236687200755142],[-82.36312048474717,28.236687200755142]]]}},{"type":"Feature","properties":{"jobs":27,"pop":238,"pointCount":1,"homeWorkCommuteMedian":38127,"workHomeCommuteMedian":34591},"geometry":{"type":"Polygon","coordinates":[[[-82.36312048474717,28.254673608029634],[-82.36312048474717,28.26366681166688],[-82.35412728110992,28.26366681166688],[-82.35412728110992,28.254673608029634],[-82.36312048474717,28.254673608029634]]]}},{"type":"Feature","properties":{"jobs":33,"pop":38,"pointCount":1,"homeWorkCommuteMedian":64415,"workHomeCommuteMedian":8603},"geometry":{"type":"Polygon","coordinates":[[[-82.35412728110992,27.643135760696907],[-82.35412728110992,27.652128964334153],[-82.34513407747268,27.652128964334153],[-82.34513407747268,27.643135760696907],[-82.35412728110992,27.643135760696907]]]}},{"type":"Feature","properties":{"jobs":816,"pop":302,"pointCount":1,"homeWorkCommuteMedian":49647,"workHomeCommuteMedian":36378},"geometry":{"type":"Polygon","coordinates":[[[-82.35412728110992,27.70608818615763],[-82.35412728110992,27.715081389794875],[-82.34513407747268,27.715081389794875],[-82.34513407747268,27.70608818615763],[-82.35412728110992,27.70608818615763]]]}},{"type":"Feature","properties":{"jobs":113,"pop":1210,"pointCount":1,"homeWorkCommuteMedian":53919,"workHomeCommuteMedian":34962},"geometry":{"type":"Polygon","coordinates":[[[-82.35412728110992,27.733067797069367],[-82.35412728110992,27.742061000706613],[-82.34513407747268,27.742061000706613],[-82.34513407747268,27.733067797069367],[-82.35412728110992,27.733067797069367]]]}},{"type":"Feature","properties":{"jobs":14,"pop":1642,"pointCount":1,"homeWorkCommuteMedian":42884,"workHomeCommuteMedian":63089},"geometry":{"type":"Polygon","coordinates":[[[-82.35412728110992,27.75105420434386],[-82.35412728110992,27.760047407981105],[-82.34513407747268,27.760047407981105],[-82.34513407747268,27.75105420434386],[-82.35412728110992,27.75105420434386]]]}},{"type":"Feature","properties":{"jobs":31,"pop":580,"pointCount":1,"homeWorkCommuteMedian":37562,"workHomeCommuteMedian":43173},"geometry":{"type":"Polygon","coordinates":[[[-82.35412728110992,27.778033815255597],[-82.35412728110992,27.787027018892843],[-82.34513407747268,27.787027018892843],[-82.34513407747268,27.778033815255597],[-82.35412728110992,27.778033815255597]]]}},{"type":"Feature","properties":{"jobs":5,"pop":626,"pointCount":1,"homeWorkCommuteMedian":36802,"workHomeCommuteMedian":15184},"geometry":{"type":"Polygon","coordinates":[[[-82.35412728110992,27.787027018892843],[-82.35412728110992,27.79602022253009],[-82.34513407747268,27.79602022253009],[-82.34513407747268,27.787027018892843],[-82.35412728110992,27.787027018892843]]]}},{"type":"Feature","properties":{"jobs":82,"pop":442,"pointCount":1,"homeWorkCommuteMedian":37717,"workHomeCommuteMedian":17500},"geometry":{"type":"Polygon","coordinates":[[[-82.35412728110992,27.79602022253009],[-82.35412728110992,27.805013426167335],[-82.34513407747268,27.805013426167335],[-82.34513407747268,27.79602022253009],[-82.35412728110992,27.79602022253009]]]}},{"type":"Feature","properties":{"jobs":33,"pop":573,"pointCount":1,"homeWorkCommuteMedian":47800,"workHomeCommuteMedian":25840},"geometry":{"type":"Polygon","coordinates":[[[-82.35412728110992,27.805013426167335],[-82.35412728110992,27.81400662980458],[-82.34513407747268,27.81400662980458],[-82.34513407747268,27.805013426167335],[-82.35412728110992,27.805013426167335]]]}},{"type":"Feature","properties":{"jobs":24,"pop":932,"pointCount":1,"homeWorkCommuteMedian":34897,"workHomeCommuteMedian":25092},"geometry":{"type":"Polygon","coordinates":[[[-82.35412728110992,27.822999833441827],[-82.35412728110992,27.831993037079073],[-82.34513407747268,27.831993037079073],[-82.34513407747268,27.822999833441827],[-82.35412728110992,27.822999833441827]]]}},{"type":"Feature","properties":{"jobs":204,"pop":355,"pointCount":1,"homeWorkCommuteMedian":33017,"workHomeCommuteMedian":27723},"geometry":{"type":"Polygon","coordinates":[[[-82.35412728110992,27.84098624071632],[-82.35412728110992,27.849979444353565],[-82.34513407747268,27.849979444353565],[-82.34513407747268,27.84098624071632],[-82.35412728110992,27.84098624071632]]]}},{"type":"Feature","properties":{"jobs":43,"pop":833,"pointCount":1,"homeWorkCommuteMedian":25154,"workHomeCommuteMedian":20927},"geometry":{"type":"Polygon","coordinates":[[[-82.35412728110992,27.85897264799081],[-82.35412728110992,27.867965851628057],[-82.34513407747268,27.867965851628057],[-82.34513407747268,27.85897264799081],[-82.35412728110992,27.85897264799081]]]}},{"type":"Feature","properties":{"jobs":0,"pop":742,"pointCount":2,"homeWorkCommuteMedian":28422,"workHomeCommuteMedian":-1},"geometry":{"type":"Polygon","coordinates":[[[-82.35412728110992,27.876959055265303],[-82.35412728110992,27.88595225890255],[-82.34513407747268,27.88595225890255],[-82.34513407747268,27.876959055265303],[-82.35412728110992,27.876959055265303]]]}},{"type":"Feature","properties":{"jobs":62,"pop":713,"pointCount":1,"homeWorkCommuteMedian":22059,"workHomeCommuteMedian":43179},"geometry":{"type":"Polygon","coordinates":[[[-82.35412728110992,27.88595225890255],[-82.35412728110992,27.894945462539795],[-82.34513407747268,27.894945462539795],[-82.34513407747268,27.88595225890255],[-82.35412728110992,27.88595225890255]]]}},{"type":"Feature","properties":{"jobs":2478,"pop":1774,"pointCount":2,"homeWorkCommuteMedian":21883,"workHomeCommuteMedian":29894},"geometry":{"type":"Polygon","coordinates":[[[-82.35412728110992,27.90393866617704],[-82.35412728110992,27.912931869814287],[-82.34513407747268,27.912931869814287],[-82.34513407747268,27.90393866617704],[-82.35412728110992,27.90393866617704]]]}},{"type":"Feature","properties":{"jobs":1941,"pop":2495,"pointCount":5,"homeWorkCommuteMedian":17901,"workHomeCommuteMedian":27805},"geometry":{"type":"Polygon","coordinates":[[[-82.35412728110992,27.912931869814287],[-82.35412728110992,27.921925073451533],[-82.34513407747268,27.921925073451533],[-82.34513407747268,27.912931869814287],[-82.35412728110992,27.912931869814287]]]}},{"type":"Feature","properties":{"jobs":55,"pop":524,"pointCount":1,"homeWorkCommuteMedian":20064,"workHomeCommuteMedian":26134},"geometry":{"type":"Polygon","coordinates":[[[-82.35412728110992,27.921925073451533],[-82.35412728110992,27.93091827708878],[-82.34513407747268,27.93091827708878],[-82.34513407747268,27.921925073451533],[-82.35412728110992,27.921925073451533]]]}},{"type":"Feature","properties":{"jobs":814,"pop":477,"pointCount":2,"homeWorkCommuteMedian":22897,"workHomeCommuteMedian":29103},"geometry":{"type":"Polygon","coordinates":[[[-82.35412728110992,27.93091827708878],[-82.35412728110992,27.939911480726025],[-82.34513407747268,27.939911480726025],[-82.34513407747268,27.93091827708878],[-82.35412728110992,27.93091827708878]]]}},{"type":"Feature","properties":{"jobs":2295,"pop":88,"pointCount":5,"homeWorkCommuteMedian":26366,"workHomeCommuteMedian":23525},"geometry":{"type":"Polygon","coordinates":[[[-82.35412728110992,27.939911480726025],[-82.35412728110992,27.94890468436327],[-82.34513407747268,27.94890468436327],[-82.34513407747268,27.939911480726025],[-82.35412728110992,27.939911480726025]]]}},{"type":"Feature","properties":{"jobs":561,"pop":202,"pointCount":2,"homeWorkCommuteMedian":33986,"workHomeCommuteMedian":25250},"geometry":{"type":"Polygon","coordinates":[[[-82.35412728110992,27.94890468436327],[-82.35412728110992,27.957897888000517],[-82.34513407747268,27.957897888000517],[-82.34513407747268,27.94890468436327],[-82.35412728110992,27.94890468436327]]]}},{"type":"Feature","properties":{"jobs":1502,"pop":63,"pointCount":2,"homeWorkCommuteMedian":28051,"workHomeCommuteMedian":26535},"geometry":{"type":"Polygon","coordinates":[[[-82.35412728110992,27.966891091637763],[-82.35412728110992,27.97588429527501],[-82.34513407747268,27.97588429527501],[-82.34513407747268,27.966891091637763],[-82.35412728110992,27.966891091637763]]]}},{"type":"Feature","properties":{"jobs":639,"pop":72,"pointCount":2,"homeWorkCommuteMedian":31152,"workHomeCommuteMedian":26793},"geometry":{"type":"Polygon","coordinates":[[[-82.35412728110992,27.97588429527501],[-82.35412728110992,27.984877498912255],[-82.34513407747268,27.984877498912255],[-82.34513407747268,27.97588429527501],[-82.35412728110992,27.97588429527501]]]}},{"type":"Feature","properties":{"jobs":175,"pop":49,"pointCount":1,"homeWorkCommuteMedian":21829,"workHomeCommuteMedian":16335},"geometry":{"type":"Polygon","coordinates":[[[-82.35412728110992,27.9938707025495],[-82.35412728110992,28.002863906186747],[-82.34513407747268,28.002863906186747],[-82.34513407747268,27.9938707025495],[-82.35412728110992,27.9938707025495]]]}},{"type":"Feature","properties":{"jobs":117,"pop":167,"pointCount":1,"homeWorkCommuteMedian":22867,"workHomeCommuteMedian":18219},"geometry":{"type":"Polygon","coordinates":[[[-82.35412728110992,28.002863906186747],[-82.35412728110992,28.011857109823993],[-82.34513407747268,28.011857109823993],[-82.34513407747268,28.002863906186747],[-82.35412728110992,28.002863906186747]]]}},{"type":"Feature","properties":{"jobs":764,"pop":192,"pointCount":2,"homeWorkCommuteMedian":16137,"workHomeCommuteMedian":25142},"geometry":{"type":"Polygon","coordinates":[[[-82.35412728110992,28.02085031346124],[-82.35412728110992,28.029843517098485],[-82.34513407747268,28.029843517098485],[-82.34513407747268,28.02085031346124],[-82.35412728110992,28.02085031346124]]]}},{"type":"Feature","properties":{"jobs":200,"pop":332,"pointCount":1,"homeWorkCommuteMedian":23431,"workHomeCommuteMedian":22805},"geometry":{"type":"Polygon","coordinates":[[[-82.35412728110992,28.047829924372977],[-82.35412728110992,28.056823128010222],[-82.34513407747268,28.056823128010222],[-82.34513407747268,28.047829924372977],[-82.35412728110992,28.047829924372977]]]}},{"type":"Feature","properties":{"jobs":0,"pop":516,"pointCount":1,"homeWorkCommuteMedian":21543,"workHomeCommuteMedian":-1},"geometry":{"type":"Polygon","coordinates":[[[-82.35412728110992,28.056823128010222],[-82.35412728110992,28.06581633164747],[-82.34513407747268,28.06581633164747],[-82.34513407747268,28.056823128010222],[-82.35412728110992,28.056823128010222]]]}},{"type":"Feature","properties":{"jobs":0,"pop":97,"pointCount":1,"homeWorkCommuteMedian":41887,"workHomeCommuteMedian":-1},"geometry":{"type":"Polygon","coordinates":[[[-82.35412728110992,28.101789146196452],[-82.35412728110992,28.1107823498337],[-82.34513407747268,28.1107823498337],[-82.34513407747268,28.101789146196452],[-82.35412728110992,28.101789146196452]]]}},{"type":"Feature","properties":{"jobs":570,"pop":200,"pointCount":2,"homeWorkCommuteMedian":31069,"workHomeCommuteMedian":26756},"geometry":{"type":"Polygon","coordinates":[[[-82.35412728110992,28.12876875710819],[-82.35412728110992,28.137761960745436],[-82.34513407747268,28.137761960745436],[-82.34513407747268,28.12876875710819],[-82.35412728110992,28.12876875710819]]]}},{"type":"Feature","properties":{"jobs":89,"pop":506,"pointCount":1,"homeWorkCommuteMedian":30676,"workHomeCommuteMedian":24830},"geometry":{"type":"Polygon","coordinates":[[[-82.35412728110992,28.146755164382682],[-82.35412728110992,28.15574836801993],[-82.34513407747268,28.15574836801993],[-82.34513407747268,28.146755164382682],[-82.35412728110992,28.146755164382682]]]}},{"type":"Feature","properties":{"jobs":169,"pop":563,"pointCount":1,"homeWorkCommuteMedian":32524,"workHomeCommuteMedian":29394},"geometry":{"type":"Polygon","coordinates":[[[-82.35412728110992,28.15574836801993],[-82.35412728110992,28.164741571657174],[-82.34513407747268,28.164741571657174],[-82.34513407747268,28.15574836801993],[-82.35412728110992,28.15574836801993]]]}},{"type":"Feature","properties":{"jobs":278,"pop":768,"pointCount":2,"homeWorkCommuteMedian":30419,"workHomeCommuteMedian":27510},"geometry":{"type":"Polygon","coordinates":[[[-82.35412728110992,28.164741571657174],[-82.35412728110992,28.17373477529442],[-82.34513407747268,28.17373477529442],[-82.34513407747268,28.164741571657174],[-82.35412728110992,28.164741571657174]]]}},{"type":"Feature","properties":{"jobs":16872,"pop":1589,"pointCount":3,"homeWorkCommuteMedian":33966,"workHomeCommuteMedian":21578},"geometry":{"type":"Polygon","coordinates":[[[-82.35412728110992,28.182727978931666],[-82.35412728110992,28.191721182568912],[-82.34513407747268,28.191721182568912],[-82.34513407747268,28.182727978931666],[-82.35412728110992,28.182727978931666]]]}},{"type":"Feature","properties":{"jobs":2071,"pop":65,"pointCount":1,"homeWorkCommuteMedian":46398,"workHomeCommuteMedian":31905},"geometry":{"type":"Polygon","coordinates":[[[-82.35412728110992,28.191721182568912],[-82.35412728110992,28.20071438620616],[-82.34513407747268,28.20071438620616],[-82.34513407747268,28.191721182568912],[-82.35412728110992,28.191721182568912]]]}},{"type":"Feature","properties":{"jobs":90,"pop":556,"pointCount":1,"homeWorkCommuteMedian":29797,"workHomeCommuteMedian":28797},"geometry":{"type":"Polygon","coordinates":[[[-82.35412728110992,28.209707589843404],[-82.35412728110992,28.21870079348065],[-82.34513407747268,28.21870079348065],[-82.34513407747268,28.209707589843404],[-82.35412728110992,28.209707589843404]]]}},{"type":"Feature","properties":{"jobs":0,"pop":779,"pointCount":1,"homeWorkCommuteMedian":36750,"workHomeCommuteMedian":-1},"geometry":{"type":"Polygon","coordinates":[[[-82.35412728110992,28.21870079348065],[-82.35412728110992,28.227693997117896],[-82.34513407747268,28.227693997117896],[-82.34513407747268,28.21870079348065],[-82.35412728110992,28.21870079348065]]]}},{"type":"Feature","properties":{"jobs":207,"pop":572,"pointCount":1,"homeWorkCommuteMedian":35545,"workHomeCommuteMedian":38925},"geometry":{"type":"Polygon","coordinates":[[[-82.35412728110992,28.227693997117896],[-82.35412728110992,28.236687200755142],[-82.34513407747268,28.236687200755142],[-82.34513407747268,28.227693997117896],[-82.35412728110992,28.227693997117896]]]}},{"type":"Feature","properties":{"jobs":1099,"pop":309,"pointCount":2,"homeWorkCommuteMedian":43137,"workHomeCommuteMedian":35652},"geometry":{"type":"Polygon","coordinates":[[[-82.35412728110992,28.236687200755142],[-82.35412728110992,28.245680404392388],[-82.34513407747268,28.245680404392388],[-82.34513407747268,28.236687200755142],[-82.35412728110992,28.236687200755142]]]}},{"type":"Feature","properties":{"jobs":18,"pop":45,"pointCount":1,"homeWorkCommuteMedian":72424,"workHomeCommuteMedian":74695},"geometry":{"type":"Polygon","coordinates":[[[-82.34513407747268,27.670115371608645],[-82.34513407747268,27.67910857524589],[-82.33614087383543,27.67910857524589],[-82.33614087383543,27.670115371608645],[-82.34513407747268,27.670115371608645]]]}},{"type":"Feature","properties":{"jobs":75,"pop":380,"pointCount":1,"homeWorkCommuteMedian":51051,"workHomeCommuteMedian":45687},"geometry":{"type":"Polygon","coordinates":[[[-82.34513407747268,27.697094982520383],[-82.34513407747268,27.70608818615763],[-82.33614087383543,27.70608818615763],[-82.33614087383543,27.697094982520383],[-82.34513407747268,27.697094982520383]]]}},{"type":"Feature","properties":{"jobs":175,"pop":422,"pointCount":1,"homeWorkCommuteMedian":51729,"workHomeCommuteMedian":48691},"geometry":{"type":"Polygon","coordinates":[[[-82.34513407747268,27.70608818615763],[-82.34513407747268,27.715081389794875],[-82.33614087383543,27.715081389794875],[-82.33614087383543,27.70608818615763],[-82.34513407747268,27.70608818615763]]]}},{"type":"Feature","properties":{"jobs":18,"pop":1245,"pointCount":1,"homeWorkCommuteMedian":46790,"workHomeCommuteMedian":66701},"geometry":{"type":"Polygon","coordinates":[[[-82.34513407747268,27.72407459343212],[-82.34513407747268,27.733067797069367],[-82.33614087383543,27.733067797069367],[-82.33614087383543,27.72407459343212],[-82.34513407747268,27.72407459343212]]]}},{"type":"Feature","properties":{"jobs":151,"pop":588,"pointCount":1,"homeWorkCommuteMedian":46143,"workHomeCommuteMedian":26699},"geometry":{"type":"Polygon","coordinates":[[[-82.34513407747268,27.760047407981105],[-82.34513407747268,27.76904061161835],[-82.33614087383543,27.76904061161835],[-82.33614087383543,27.760047407981105],[-82.34513407747268,27.760047407981105]]]}},{"type":"Feature","properties":{"jobs":35,"pop":797,"pointCount":1,"homeWorkCommuteMedian":40785,"workHomeCommuteMedian":30780},"geometry":{"type":"Polygon","coordinates":[[[-82.34513407747268,27.76904061161835],[-82.34513407747268,27.778033815255597],[-82.33614087383543,27.778033815255597],[-82.33614087383543,27.76904061161835],[-82.34513407747268,27.76904061161835]]]}},{"type":"Feature","properties":{"jobs":2155,"pop":584,"pointCount":2,"homeWorkCommuteMedian":40872,"workHomeCommuteMedian":42699},"geometry":{"type":"Polygon","coordinates":[[[-82.34513407747268,27.787027018892843],[-82.34513407747268,27.79602022253009],[-82.33614087383543,27.79602022253009],[-82.33614087383543,27.787027018892843],[-82.34513407747268,27.787027018892843]]]}},{"type":"Feature","properties":{"jobs":331,"pop":292,"pointCount":1,"homeWorkCommuteMedian":43587,"workHomeCommuteMedian":36965},"geometry":{"type":"Polygon","coordinates":[[[-82.34513407747268,27.79602022253009],[-82.34513407747268,27.805013426167335],[-82.33614087383543,27.805013426167335],[-82.33614087383543,27.79602022253009],[-82.34513407747268,27.79602022253009]]]}},{"type":"Feature","properties":{"jobs":133,"pop":735,"pointCount":1,"homeWorkCommuteMedian":37276,"workHomeCommuteMedian":37280},"geometry":{"type":"Polygon","coordinates":[[[-82.34513407747268,27.805013426167335],[-82.34513407747268,27.81400662980458],[-82.33614087383543,27.81400662980458],[-82.33614087383543,27.805013426167335],[-82.34513407747268,27.805013426167335]]]}},{"type":"Feature","properties":{"jobs":165,"pop":519,"pointCount":1,"homeWorkCommuteMedian":37871,"workHomeCommuteMedian":19738},"geometry":{"type":"Polygon","coordinates":[[[-82.34513407747268,27.822999833441827],[-82.34513407747268,27.831993037079073],[-82.33614087383543,27.831993037079073],[-82.33614087383543,27.822999833441827],[-82.34513407747268,27.822999833441827]]]}},{"type":"Feature","properties":{"jobs":60,"pop":944,"pointCount":1,"homeWorkCommuteMedian":37069,"workHomeCommuteMedian":26921},"geometry":{"type":"Polygon","coordinates":[[[-82.34513407747268,27.831993037079073],[-82.34513407747268,27.84098624071632],[-82.33614087383543,27.84098624071632],[-82.33614087383543,27.831993037079073],[-82.34513407747268,27.831993037079073]]]}},{"type":"Feature","properties":{"jobs":178,"pop":999,"pointCount":2,"homeWorkCommuteMedian":33778,"workHomeCommuteMedian":17577},"geometry":{"type":"Polygon","coordinates":[[[-82.34513407747268,27.84098624071632],[-82.34513407747268,27.849979444353565],[-82.33614087383543,27.849979444353565],[-82.33614087383543,27.84098624071632],[-82.34513407747268,27.84098624071632]]]}},{"type":"Feature","properties":{"jobs":753,"pop":1715,"pointCount":1,"homeWorkCommuteMedian":31310,"workHomeCommuteMedian":33604},"geometry":{"type":"Polygon","coordinates":[[[-82.34513407747268,27.85897264799081],[-82.34513407747268,27.867965851628057],[-82.33614087383543,27.867965851628057],[-82.33614087383543,27.85897264799081],[-82.34513407747268,27.85897264799081]]]}},{"type":"Feature","properties":{"jobs":30,"pop":579,"pointCount":1,"homeWorkCommuteMedian":28843,"workHomeCommuteMedian":52944},"geometry":{"type":"Polygon","coordinates":[[[-82.34513407747268,27.867965851628057],[-82.34513407747268,27.876959055265303],[-82.33614087383543,27.876959055265303],[-82.33614087383543,27.867965851628057],[-82.34513407747268,27.867965851628057]]]}},{"type":"Feature","properties":{"jobs":51,"pop":1916,"pointCount":2,"homeWorkCommuteMedian":25985,"workHomeCommuteMedian":20850},"geometry":{"type":"Polygon","coordinates":[[[-82.34513407747268,27.876959055265303],[-82.34513407747268,27.88595225890255],[-82.33614087383543,27.88595225890255],[-82.33614087383543,27.876959055265303],[-82.34513407747268,27.876959055265303]]]}},{"type":"Feature","properties":{"jobs":143,"pop":1090,"pointCount":1,"homeWorkCommuteMedian":29068,"workHomeCommuteMedian":24605},"geometry":{"type":"Polygon","coordinates":[[[-82.34513407747268,27.88595225890255],[-82.34513407747268,27.894945462539795],[-82.33614087383543,27.894945462539795],[-82.33614087383543,27.88595225890255],[-82.34513407747268,27.88595225890255]]]}},{"type":"Feature","properties":{"jobs":87,"pop":1817,"pointCount":1,"homeWorkCommuteMedian":24546,"workHomeCommuteMedian":40591},"geometry":{"type":"Polygon","coordinates":[[[-82.34513407747268,27.894945462539795],[-82.34513407747268,27.90393866617704],[-82.33614087383543,27.90393866617704],[-82.33614087383543,27.894945462539795],[-82.34513407747268,27.894945462539795]]]}},{"type":"Feature","properties":{"jobs":248,"pop":1997,"pointCount":1,"homeWorkCommuteMedian":25330,"workHomeCommuteMedian":27110},"geometry":{"type":"Polygon","coordinates":[[[-82.34513407747268,27.90393866617704],[-82.34513407747268,27.912931869814287],[-82.33614087383543,27.912931869814287],[-82.33614087383543,27.90393866617704],[-82.34513407747268,27.90393866617704]]]}},{"type":"Feature","properties":{"jobs":663,"pop":1785,"pointCount":1,"homeWorkCommuteMedian":16983,"workHomeCommuteMedian":20728},"geometry":{"type":"Polygon","coordinates":[[[-82.34513407747268,27.912931869814287],[-82.34513407747268,27.921925073451533],[-82.33614087383543,27.921925073451533],[-82.33614087383543,27.912931869814287],[-82.34513407747268,27.912931869814287]]]}},{"type":"Feature","properties":{"jobs":1191,"pop":1047,"pointCount":2,"homeWorkCommuteMedian":22569,"workHomeCommuteMedian":30844},"geometry":{"type":"Polygon","coordinates":[[[-82.34513407747268,27.921925073451533],[-82.34513407747268,27.93091827708878],[-82.33614087383543,27.93091827708878],[-82.33614087383543,27.921925073451533],[-82.34513407747268,27.921925073451533]]]}},{"type":"Feature","properties":{"jobs":195,"pop":50,"pointCount":1,"homeWorkCommuteMedian":51250,"workHomeCommuteMedian":21867},"geometry":{"type":"Polygon","coordinates":[[[-82.34513407747268,27.93091827708878],[-82.34513407747268,27.939911480726025],[-82.33614087383543,27.939911480726025],[-82.33614087383543,27.93091827708878],[-82.34513407747268,27.93091827708878]]]}},{"type":"Feature","properties":{"jobs":1317,"pop":103,"pointCount":2,"homeWorkCommuteMedian":44529,"workHomeCommuteMedian":22506},"geometry":{"type":"Polygon","coordinates":[[[-82.34513407747268,27.939911480726025],[-82.34513407747268,27.94890468436327],[-82.33614087383543,27.94890468436327],[-82.33614087383543,27.939911480726025],[-82.34513407747268,27.939911480726025]]]}},{"type":"Feature","properties":{"jobs":1480,"pop":67,"pointCount":2,"homeWorkCommuteMedian":37419,"workHomeCommuteMedian":24944},"geometry":{"type":"Polygon","coordinates":[[[-82.34513407747268,27.966891091637763],[-82.34513407747268,27.97588429527501],[-82.33614087383543,27.97588429527501],[-82.33614087383543,27.966891091637763],[-82.34513407747268,27.966891091637763]]]}},{"type":"Feature","properties":{"jobs":3454,"pop":203,"pointCount":3,"homeWorkCommuteMedian":21088,"workHomeCommuteMedian":25903},"geometry":{"type":"Polygon","coordinates":[[[-82.34513407747268,27.97588429527501],[-82.34513407747268,27.984877498912255],[-82.33614087383543,27.984877498912255],[-82.33614087383543,27.97588429527501],[-82.34513407747268,27.97588429527501]]]}},{"type":"Feature","properties":{"jobs":155,"pop":1283,"pointCount":2,"homeWorkCommuteMedian":17302,"workHomeCommuteMedian":20555},"geometry":{"type":"Polygon","coordinates":[[[-82.34513407747268,27.984877498912255],[-82.34513407747268,27.9938707025495],[-82.33614087383543,27.9938707025495],[-82.33614087383543,27.984877498912255],[-82.34513407747268,27.984877498912255]]]}},{"type":"Feature","properties":{"jobs":42,"pop":129,"pointCount":1,"homeWorkCommuteMedian":19448,"workHomeCommuteMedian":23491},"geometry":{"type":"Polygon","coordinates":[[[-82.34513407747268,28.002863906186747],[-82.34513407747268,28.011857109823993],[-82.33614087383543,28.011857109823993],[-82.33614087383543,28.002863906186747],[-82.34513407747268,28.002863906186747]]]}},{"type":"Feature","properties":{"jobs":13,"pop":180,"pointCount":1,"homeWorkCommuteMedian":26817,"workHomeCommuteMedian":6255},"geometry":{"type":"Polygon","coordinates":[[[-82.34513407747268,28.06581633164747],[-82.34513407747268,28.074809535284714],[-82.33614087383543,28.074809535284714],[-82.33614087383543,28.06581633164747],[-82.34513407747268,28.06581633164747]]]}},{"type":"Feature","properties":{"jobs":6,"pop":62,"pointCount":1,"homeWorkCommuteMedian":36243,"workHomeCommuteMedian":16501},"geometry":{"type":"Polygon","coordinates":[[[-82.34513407747268,28.092795942559206],[-82.34513407747268,28.101789146196452],[-82.33614087383543,28.101789146196452],[-82.33614087383543,28.092795942559206],[-82.34513407747268,28.092795942559206]]]}},{"type":"Feature","properties":{"jobs":96,"pop":191,"pointCount":1,"homeWorkCommuteMedian":29647,"workHomeCommuteMedian":22828},"geometry":{"type":"Polygon","coordinates":[[[-82.34513407747268,28.12876875710819],[-82.34513407747268,28.137761960745436],[-82.33614087383543,28.137761960745436],[-82.33614087383543,28.12876875710819],[-82.34513407747268,28.12876875710819]]]}},{"type":"Feature","properties":{"jobs":142,"pop":440,"pointCount":1,"homeWorkCommuteMedian":32439,"workHomeCommuteMedian":25629},"geometry":{"type":"Polygon","coordinates":[[[-82.34513407747268,28.137761960745436],[-82.34513407747268,28.146755164382682],[-82.33614087383543,28.146755164382682],[-82.33614087383543,28.137761960745436],[-82.34513407747268,28.137761960745436]]]}},{"type":"Feature","properties":{"jobs":28,"pop":599,"pointCount":1,"homeWorkCommuteMedian":32376,"workHomeCommuteMedian":32113},"geometry":{"type":"Polygon","coordinates":[[[-82.34513407747268,28.146755164382682],[-82.34513407747268,28.15574836801993],[-82.33614087383543,28.15574836801993],[-82.33614087383543,28.146755164382682],[-82.34513407747268,28.146755164382682]]]}},{"type":"Feature","properties":{"jobs":255,"pop":536,"pointCount":1,"homeWorkCommuteMedian":34156,"workHomeCommuteMedian":34473},"geometry":{"type":"Polygon","coordinates":[[[-82.34513407747268,28.15574836801993],[-82.34513407747268,28.164741571657174],[-82.33614087383543,28.164741571657174],[-82.33614087383543,28.15574836801993],[-82.34513407747268,28.15574836801993]]]}},{"type":"Feature","properties":{"jobs":33,"pop":423,"pointCount":1,"homeWorkCommuteMedian":31313,"workHomeCommuteMedian":27328},"geometry":{"type":"Polygon","coordinates":[[[-82.34513407747268,28.17373477529442],[-82.34513407747268,28.182727978931666],[-82.33614087383543,28.182727978931666],[-82.33614087383543,28.17373477529442],[-82.34513407747268,28.17373477529442]]]}},{"type":"Feature","properties":{"jobs":91,"pop":547,"pointCount":1,"homeWorkCommuteMedian":36879,"workHomeCommuteMedian":44109},"geometry":{"type":"Polygon","coordinates":[[[-82.34513407747268,28.209707589843404],[-82.34513407747268,28.21870079348065],[-82.33614087383543,28.21870079348065],[-82.33614087383543,28.209707589843404],[-82.34513407747268,28.209707589843404]]]}},{"type":"Feature","properties":{"jobs":50,"pop":338,"pointCount":1,"homeWorkCommuteMedian":38494,"workHomeCommuteMedian":10232},"geometry":{"type":"Polygon","coordinates":[[[-82.34513407747268,28.245680404392388],[-82.34513407747268,28.254673608029634],[-82.33614087383543,28.254673608029634],[-82.33614087383543,28.245680404392388],[-82.34513407747268,28.245680404392388]]]}},{"type":"Feature","properties":{"jobs":29,"pop":53,"pointCount":1,"homeWorkCommuteMedian":40917,"workHomeCommuteMedian":43012},"geometry":{"type":"Polygon","coordinates":[[[-82.34513407747268,28.26366681166688],[-82.34513407747268,28.272660015304126],[-82.33614087383543,28.272660015304126],[-82.33614087383543,28.26366681166688],[-82.34513407747268,28.26366681166688]]]}},{"type":"Feature","properties":{"jobs":39,"pop":314,"pointCount":1,"homeWorkCommuteMedian":44747,"workHomeCommuteMedian":17379},"geometry":{"type":"Polygon","coordinates":[[[-82.33614087383543,27.688101778883137],[-82.33614087383543,27.697094982520383],[-82.32714767019819,27.697094982520383],[-82.32714767019819,27.688101778883137],[-82.33614087383543,27.688101778883137]]]}},{"type":"Feature","properties":{"jobs":309,"pop":1015,"pointCount":1,"homeWorkCommuteMedian":44843,"workHomeCommuteMedian":45407},"geometry":{"type":"Polygon","coordinates":[[[-82.33614087383543,27.70608818615763],[-82.33614087383543,27.715081389794875],[-82.32714767019819,27.715081389794875],[-82.32714767019819,27.70608818615763],[-82.33614087383543,27.70608818615763]]]}},{"type":"Feature","properties":{"jobs":29,"pop":1070,"pointCount":1,"homeWorkCommuteMedian":42235,"workHomeCommuteMedian":13960},"geometry":{"type":"Polygon","coordinates":[[[-82.33614087383543,27.715081389794875],[-82.33614087383543,27.72407459343212],[-82.32714767019819,27.72407459343212],[-82.32714767019819,27.715081389794875],[-82.33614087383543,27.715081389794875]]]}},{"type":"Feature","properties":{"jobs":54,"pop":643,"pointCount":1,"homeWorkCommuteMedian":47851,"workHomeCommuteMedian":28268},"geometry":{"type":"Polygon","coordinates":[[[-82.33614087383543,27.742061000706613],[-82.33614087383543,27.75105420434386],[-82.32714767019819,27.75105420434386],[-82.32714767019819,27.742061000706613],[-82.33614087383543,27.742061000706613]]]}},{"type":"Feature","properties":{"jobs":90,"pop":1000,"pointCount":1,"homeWorkCommuteMedian":39285,"workHomeCommuteMedian":19261},"geometry":{"type":"Polygon","coordinates":[[[-82.33614087383543,27.760047407981105],[-82.33614087383543,27.76904061161835],[-82.32714767019819,27.76904061161835],[-82.32714767019819,27.760047407981105],[-82.33614087383543,27.760047407981105]]]}},{"type":"Feature","properties":{"jobs":44,"pop":1331,"pointCount":2,"homeWorkCommuteMedian":39146,"workHomeCommuteMedian":34785},"geometry":{"type":"Polygon","coordinates":[[[-82.33614087383543,27.76904061161835],[-82.33614087383543,27.778033815255597],[-82.32714767019819,27.778033815255597],[-82.32714767019819,27.76904061161835],[-82.33614087383543,27.76904061161835]]]}},{"type":"Feature","properties":{"jobs":25,"pop":1278,"pointCount":1,"homeWorkCommuteMedian":37761,"workHomeCommuteMedian":44473},"geometry":{"type":"Polygon","coordinates":[[[-82.33614087383543,27.778033815255597],[-82.33614087383543,27.787027018892843],[-82.32714767019819,27.787027018892843],[-82.32714767019819,27.778033815255597],[-82.33614087383543,27.778033815255597]]]}},{"type":"Feature","properties":{"jobs":876,"pop":1270,"pointCount":2,"homeWorkCommuteMedian":36783,"workHomeCommuteMedian":38815},"geometry":{"type":"Polygon","coordinates":[[[-82.33614087383543,27.787027018892843],[-82.33614087383543,27.79602022253009],[-82.32714767019819,27.79602022253009],[-82.32714767019819,27.787027018892843],[-82.33614087383543,27.787027018892843]]]}},{"type":"Feature","properties":{"jobs":88,"pop":1008,"pointCount":1,"homeWorkCommuteMedian":35405,"workHomeCommuteMedian":22857},"geometry":{"type":"Polygon","coordinates":[[[-82.33614087383543,27.79602022253009],[-82.33614087383543,27.805013426167335],[-82.32714767019819,27.805013426167335],[-82.32714767019819,27.79602022253009],[-82.33614087383543,27.79602022253009]]]}},{"type":"Feature","properties":{"jobs":14,"pop":426,"pointCount":1,"homeWorkCommuteMedian":37516,"workHomeCommuteMedian":66396},"geometry":{"type":"Polygon","coordinates":[[[-82.33614087383543,27.805013426167335],[-82.33614087383543,27.81400662980458],[-82.32714767019819,27.81400662980458],[-82.32714767019819,27.805013426167335],[-82.33614087383543,27.805013426167335]]]}},{"type":"Feature","properties":{"jobs":54,"pop":884,"pointCount":1,"homeWorkCommuteMedian":38506,"workHomeCommuteMedian":23738},"geometry":{"type":"Polygon","coordinates":[[[-82.33614087383543,27.81400662980458],[-82.33614087383543,27.822999833441827],[-82.32714767019819,27.822999833441827],[-82.32714767019819,27.81400662980458],[-82.33614087383543,27.81400662980458]]]}},{"type":"Feature","properties":{"jobs":205,"pop":1599,"pointCount":1,"homeWorkCommuteMedian":30833,"workHomeCommuteMedian":25922},"geometry":{"type":"Polygon","coordinates":[[[-82.33614087383543,27.831993037079073],[-82.33614087383543,27.84098624071632],[-82.32714767019819,27.84098624071632],[-82.32714767019819,27.831993037079073],[-82.33614087383543,27.831993037079073]]]}},{"type":"Feature","properties":{"jobs":114,"pop":1506,"pointCount":1,"homeWorkCommuteMedian":28433,"workHomeCommuteMedian":14699},"geometry":{"type":"Polygon","coordinates":[[[-82.33614087383543,27.84098624071632],[-82.33614087383543,27.849979444353565],[-82.32714767019819,27.849979444353565],[-82.32714767019819,27.84098624071632],[-82.33614087383543,27.84098624071632]]]}},{"type":"Feature","properties":{"jobs":620,"pop":1685,"pointCount":2,"homeWorkCommuteMedian":27193,"workHomeCommuteMedian":30307},"geometry":{"type":"Polygon","coordinates":[[[-82.33614087383543,27.849979444353565],[-82.33614087383543,27.85897264799081],[-82.32714767019819,27.85897264799081],[-82.32714767019819,27.849979444353565],[-82.33614087383543,27.849979444353565]]]}},{"type":"Feature","properties":{"jobs":479,"pop":716,"pointCount":2,"homeWorkCommuteMedian":30871,"workHomeCommuteMedian":28208},"geometry":{"type":"Polygon","coordinates":[[[-82.33614087383543,27.867965851628057],[-82.33614087383543,27.876959055265303],[-82.32714767019819,27.876959055265303],[-82.32714767019819,27.867965851628057],[-82.33614087383543,27.867965851628057]]]}},{"type":"Feature","properties":{"jobs":358,"pop":1267,"pointCount":3,"homeWorkCommuteMedian":23147,"workHomeCommuteMedian":25310},"geometry":{"type":"Polygon","coordinates":[[[-82.33614087383543,27.876959055265303],[-82.33614087383543,27.88595225890255],[-82.32714767019819,27.88595225890255],[-82.32714767019819,27.876959055265303],[-82.33614087383543,27.876959055265303]]]}},{"type":"Feature","properties":{"jobs":796,"pop":1740,"pointCount":1,"homeWorkCommuteMedian":29313,"workHomeCommuteMedian":30883},"geometry":{"type":"Polygon","coordinates":[[[-82.33614087383543,27.88595225890255],[-82.33614087383543,27.894945462539795],[-82.32714767019819,27.894945462539795],[-82.32714767019819,27.88595225890255],[-82.33614087383543,27.88595225890255]]]}},{"type":"Feature","properties":{"jobs":59,"pop":1159,"pointCount":1,"homeWorkCommuteMedian":28960,"workHomeCommuteMedian":10424},"geometry":{"type":"Polygon","coordinates":[[[-82.33614087383543,27.894945462539795],[-82.33614087383543,27.90393866617704],[-82.32714767019819,27.90393866617704],[-82.32714767019819,27.894945462539795],[-82.33614087383543,27.894945462539795]]]}},{"type":"Feature","properties":{"jobs":66,"pop":2580,"pointCount":2,"homeWorkCommuteMedian":24946,"workHomeCommuteMedian":22639},"geometry":{"type":"Polygon","coordinates":[[[-82.33614087383543,27.90393866617704],[-82.33614087383543,27.912931869814287],[-82.32714767019819,27.912931869814287],[-82.32714767019819,27.90393866617704],[-82.33614087383543,27.90393866617704]]]}},{"type":"Feature","properties":{"jobs":492,"pop":3359,"pointCount":2,"homeWorkCommuteMedian":27822,"workHomeCommuteMedian":27587},"geometry":{"type":"Polygon","coordinates":[[[-82.33614087383543,27.912931869814287],[-82.33614087383543,27.921925073451533],[-82.32714767019819,27.921925073451533],[-82.32714767019819,27.912931869814287],[-82.33614087383543,27.912931869814287]]]}},{"type":"Feature","properties":{"jobs":919,"pop":364,"pointCount":1,"homeWorkCommuteMedian":27251,"workHomeCommuteMedian":29700},"geometry":{"type":"Polygon","coordinates":[[[-82.33614087383543,27.921925073451533],[-82.33614087383543,27.93091827708878],[-82.32714767019819,27.93091827708878],[-82.32714767019819,27.921925073451533],[-82.33614087383543,27.921925073451533]]]}},{"type":"Feature","properties":{"jobs":551,"pop":1192,"pointCount":2,"homeWorkCommuteMedian":24379,"workHomeCommuteMedian":34612},"geometry":{"type":"Polygon","coordinates":[[[-82.33614087383543,27.93091827708878],[-82.33614087383543,27.939911480726025],[-82.32714767019819,27.939911480726025],[-82.32714767019819,27.93091827708878],[-82.33614087383543,27.93091827708878]]]}},{"type":"Feature","properties":{"jobs":250,"pop":304,"pointCount":1,"homeWorkCommuteMedian":25757,"workHomeCommuteMedian":23076},"geometry":{"type":"Polygon","coordinates":[[[-82.33614087383543,27.939911480726025],[-82.33614087383543,27.94890468436327],[-82.32714767019819,27.94890468436327],[-82.32714767019819,27.939911480726025],[-82.33614087383543,27.939911480726025]]]}},{"type":"Feature","properties":{"jobs":1212,"pop":247,"pointCount":4,"homeWorkCommuteMedian":23148,"workHomeCommuteMedian":24054},"geometry":{"type":"Polygon","coordinates":[[[-82.33614087383543,27.94890468436327],[-82.33614087383543,27.957897888000517],[-82.32714767019819,27.957897888000517],[-82.32714767019819,27.94890468436327],[-82.33614087383543,27.94890468436327]]]}},{"type":"Feature","properties":{"jobs":2296,"pop":408,"pointCount":2,"homeWorkCommuteMedian":16436,"workHomeCommuteMedian":26854},"geometry":{"type":"Polygon","coordinates":[[[-82.33614087383543,27.957897888000517],[-82.33614087383543,27.966891091637763],[-82.32714767019819,27.966891091637763],[-82.32714767019819,27.957897888000517],[-82.33614087383543,27.957897888000517]]]}},{"type":"Feature","properties":{"jobs":4400,"pop":0,"pointCount":1,"homeWorkCommuteMedian":-1,"workHomeCommuteMedian":7447},"geometry":{"type":"Polygon","coordinates":[[[-82.33614087383543,27.966891091637763],[-82.33614087383543,27.97588429527501],[-82.32714767019819,27.97588429527501],[-82.32714767019819,27.966891091637763],[-82.33614087383543,27.966891091637763]]]}},{"type":"Feature","properties":{"jobs":2222,"pop":1146,"pointCount":2,"homeWorkCommuteMedian":15960,"workHomeCommuteMedian":26899},"geometry":{"type":"Polygon","coordinates":[[[-82.33614087383543,27.97588429527501],[-82.33614087383543,27.984877498912255],[-82.32714767019819,27.984877498912255],[-82.32714767019819,27.97588429527501],[-82.33614087383543,27.97588429527501]]]}},{"type":"Feature","properties":{"jobs":5828,"pop":1386,"pointCount":2,"homeWorkCommuteMedian":20201,"workHomeCommuteMedian":28621},"geometry":{"type":"Polygon","coordinates":[[[-82.33614087383543,27.984877498912255],[-82.33614087383543,27.9938707025495],[-82.32714767019819,27.9938707025495],[-82.32714767019819,27.984877498912255],[-82.33614087383543,27.984877498912255]]]}},{"type":"Feature","properties":{"jobs":616,"pop":508,"pointCount":2,"homeWorkCommuteMedian":23065,"workHomeCommuteMedian":32897},"geometry":{"type":"Polygon","coordinates":[[[-82.33614087383543,27.9938707025495],[-82.33614087383543,28.002863906186747],[-82.32714767019819,28.002863906186747],[-82.32714767019819,27.9938707025495],[-82.33614087383543,27.9938707025495]]]}},{"type":"Feature","properties":{"jobs":108,"pop":847,"pointCount":1,"homeWorkCommuteMedian":23472,"workHomeCommuteMedian":18855},"geometry":{"type":"Polygon","coordinates":[[[-82.33614087383543,28.02085031346124],[-82.33614087383543,28.029843517098485],[-82.32714767019819,28.029843517098485],[-82.32714767019819,28.02085031346124],[-82.33614087383543,28.02085031346124]]]}},{"type":"Feature","properties":{"jobs":121,"pop":149,"pointCount":1,"homeWorkCommuteMedian":21096,"workHomeCommuteMedian":25130},"geometry":{"type":"Polygon","coordinates":[[[-82.33614087383543,28.029843517098485],[-82.33614087383543,28.03883672073573],[-82.32714767019819,28.03883672073573],[-82.32714767019819,28.029843517098485],[-82.33614087383543,28.029843517098485]]]}},{"type":"Feature","properties":{"jobs":446,"pop":231,"pointCount":1,"homeWorkCommuteMedian":18489,"workHomeCommuteMedian":27859},"geometry":{"type":"Polygon","coordinates":[[[-82.33614087383543,28.03883672073573],[-82.33614087383543,28.047829924372977],[-82.32714767019819,28.047829924372977],[-82.32714767019819,28.03883672073573],[-82.33614087383543,28.03883672073573]]]}},{"type":"Feature","properties":{"jobs":280,"pop":156,"pointCount":1,"homeWorkCommuteMedian":20018,"workHomeCommuteMedian":23291},"geometry":{"type":"Polygon","coordinates":[[[-82.33614087383543,28.047829924372977],[-82.33614087383543,28.056823128010222],[-82.32714767019819,28.056823128010222],[-82.32714767019819,28.047829924372977],[-82.33614087383543,28.047829924372977]]]}},{"type":"Feature","properties":{"jobs":90,"pop":527,"pointCount":1,"homeWorkCommuteMedian":26969,"workHomeCommuteMedian":26000},"geometry":{"type":"Polygon","coordinates":[[[-82.33614087383543,28.12876875710819],[-82.33614087383543,28.137761960745436],[-82.32714767019819,28.137761960745436],[-82.32714767019819,28.12876875710819],[-82.33614087383543,28.12876875710819]]]}},{"type":"Feature","properties":{"jobs":24,"pop":1606,"pointCount":2,"homeWorkCommuteMedian":28240,"workHomeCommuteMedian":26486},"geometry":{"type":"Polygon","coordinates":[[[-82.33614087383543,28.137761960745436],[-82.33614087383543,28.146755164382682],[-82.32714767019819,28.146755164382682],[-82.32714767019819,28.137761960745436],[-82.33614087383543,28.137761960745436]]]}},{"type":"Feature","properties":{"jobs":231,"pop":711,"pointCount":2,"homeWorkCommuteMedian":31829,"workHomeCommuteMedian":28037},"geometry":{"type":"Polygon","coordinates":[[[-82.33614087383543,28.146755164382682],[-82.33614087383543,28.15574836801993],[-82.32714767019819,28.15574836801993],[-82.32714767019819,28.146755164382682],[-82.33614087383543,28.146755164382682]]]}},{"type":"Feature","properties":{"jobs":101,"pop":1486,"pointCount":2,"homeWorkCommuteMedian":33765,"workHomeCommuteMedian":33298},"geometry":{"type":"Polygon","coordinates":[[[-82.33614087383543,28.164741571657174],[-82.33614087383543,28.17373477529442],[-82.32714767019819,28.17373477529442],[-82.32714767019819,28.164741571657174],[-82.33614087383543,28.164741571657174]]]}},{"type":"Feature","properties":{"jobs":37,"pop":618,"pointCount":1,"homeWorkCommuteMedian":36977,"workHomeCommuteMedian":20388},"geometry":{"type":"Polygon","coordinates":[[[-82.33614087383543,28.182727978931666],[-82.33614087383543,28.191721182568912],[-82.32714767019819,28.191721182568912],[-82.32714767019819,28.182727978931666],[-82.33614087383543,28.182727978931666]]]}},{"type":"Feature","properties":{"jobs":112,"pop":513,"pointCount":1,"homeWorkCommuteMedian":36017,"workHomeCommuteMedian":26744},"geometry":{"type":"Polygon","coordinates":[[[-82.33614087383543,28.191721182568912],[-82.33614087383543,28.20071438620616],[-82.32714767019819,28.20071438620616],[-82.32714767019819,28.191721182568912],[-82.33614087383543,28.191721182568912]]]}},{"type":"Feature","properties":{"jobs":1203,"pop":274,"pointCount":1,"homeWorkCommuteMedian":40205,"workHomeCommuteMedian":41450},"geometry":{"type":"Polygon","coordinates":[[[-82.33614087383543,28.227693997117896],[-82.33614087383543,28.236687200755142],[-82.32714767019819,28.236687200755142],[-82.32714767019819,28.227693997117896],[-82.33614087383543,28.227693997117896]]]}},{"type":"Feature","properties":{"jobs":6,"pop":0,"pointCount":1,"homeWorkCommuteMedian":-1,"workHomeCommuteMedian":6310},"geometry":{"type":"Polygon","coordinates":[[[-82.33614087383543,28.272660015304126],[-82.33614087383543,28.281653218941372],[-82.32714767019819,28.281653218941372],[-82.32714767019819,28.272660015304126],[-82.33614087383543,28.272660015304126]]]}},{"type":"Feature","properties":{"jobs":26,"pop":17,"pointCount":1,"homeWorkCommuteMedian":40029,"workHomeCommuteMedian":29223},"geometry":{"type":"Polygon","coordinates":[[[-82.32714767019819,27.652128964334153],[-82.32714767019819,27.6611221679714],[-82.31815446656094,27.6611221679714],[-82.31815446656094,27.652128964334153],[-82.32714767019819,27.652128964334153]]]}},{"type":"Feature","properties":{"jobs":32,"pop":177,"pointCount":1,"homeWorkCommuteMedian":54649,"workHomeCommuteMedian":7974},"geometry":{"type":"Polygon","coordinates":[[[-82.32714767019819,27.72407459343212],[-82.32714767019819,27.733067797069367],[-82.31815446656094,27.733067797069367],[-82.31815446656094,27.72407459343212],[-82.32714767019819,27.72407459343212]]]}},{"type":"Feature","properties":{"jobs":34,"pop":1033,"pointCount":1,"homeWorkCommuteMedian":43623,"workHomeCommuteMedian":8020},"geometry":{"type":"Polygon","coordinates":[[[-82.32714767019819,27.778033815255597],[-82.32714767019819,27.787027018892843],[-82.31815446656094,27.787027018892843],[-82.31815446656094,27.778033815255597],[-82.32714767019819,27.778033815255597]]]}},{"type":"Feature","properties":{"jobs":242,"pop":882,"pointCount":1,"homeWorkCommuteMedian":37294,"workHomeCommuteMedian":22774},"geometry":{"type":"Polygon","coordinates":[[[-82.32714767019819,27.787027018892843],[-82.32714767019819,27.79602022253009],[-82.31815446656094,27.79602022253009],[-82.31815446656094,27.787027018892843],[-82.32714767019819,27.787027018892843]]]}},{"type":"Feature","properties":{"jobs":942,"pop":2073,"pointCount":2,"homeWorkCommuteMedian":32718,"workHomeCommuteMedian":39141},"geometry":{"type":"Polygon","coordinates":[[[-82.32714767019819,27.79602022253009],[-82.32714767019819,27.805013426167335],[-82.31815446656094,27.805013426167335],[-82.31815446656094,27.79602022253009],[-82.32714767019819,27.79602022253009]]]}},{"type":"Feature","properties":{"jobs":14,"pop":964,"pointCount":1,"homeWorkCommuteMedian":36188,"workHomeCommuteMedian":70569},"geometry":{"type":"Polygon","coordinates":[[[-82.32714767019819,27.805013426167335],[-82.32714767019819,27.81400662980458],[-82.31815446656094,27.81400662980458],[-82.31815446656094,27.805013426167335],[-82.32714767019819,27.805013426167335]]]}},{"type":"Feature","properties":{"jobs":66,"pop":2061,"pointCount":2,"homeWorkCommuteMedian":36018,"workHomeCommuteMedian":15278},"geometry":{"type":"Polygon","coordinates":[[[-82.32714767019819,27.81400662980458],[-82.32714767019819,27.822999833441827],[-82.31815446656094,27.822999833441827],[-82.31815446656094,27.81400662980458],[-82.32714767019819,27.81400662980458]]]}},{"type":"Feature","properties":{"jobs":156,"pop":838,"pointCount":1,"homeWorkCommuteMedian":34903,"workHomeCommuteMedian":16643},"geometry":{"type":"Polygon","coordinates":[[[-82.32714767019819,27.822999833441827],[-82.32714767019819,27.831993037079073],[-82.31815446656094,27.831993037079073],[-82.31815446656094,27.822999833441827],[-82.32714767019819,27.822999833441827]]]}},{"type":"Feature","properties":{"jobs":127,"pop":1007,"pointCount":1,"homeWorkCommuteMedian":30658,"workHomeCommuteMedian":18373},"geometry":{"type":"Polygon","coordinates":[[[-82.32714767019819,27.831993037079073],[-82.32714767019819,27.84098624071632],[-82.31815446656094,27.84098624071632],[-82.31815446656094,27.831993037079073],[-82.32714767019819,27.831993037079073]]]}},{"type":"Feature","properties":{"jobs":329,"pop":462,"pointCount":2,"homeWorkCommuteMedian":24009,"workHomeCommuteMedian":18196},"geometry":{"type":"Polygon","coordinates":[[[-82.32714767019819,27.849979444353565],[-82.32714767019819,27.85897264799081],[-82.31815446656094,27.85897264799081],[-82.31815446656094,27.849979444353565],[-82.32714767019819,27.849979444353565]]]}},{"type":"Feature","properties":{"jobs":623,"pop":738,"pointCount":2,"homeWorkCommuteMedian":24141,"workHomeCommuteMedian":23535},"geometry":{"type":"Polygon","coordinates":[[[-82.32714767019819,27.85897264799081],[-82.32714767019819,27.867965851628057],[-82.31815446656094,27.867965851628057],[-82.31815446656094,27.85897264799081],[-82.32714767019819,27.85897264799081]]]}},{"type":"Feature","properties":{"jobs":117,"pop":501,"pointCount":1,"homeWorkCommuteMedian":26747,"workHomeCommuteMedian":39477},"geometry":{"type":"Polygon","coordinates":[[[-82.32714767019819,27.876959055265303],[-82.32714767019819,27.88595225890255],[-82.31815446656094,27.88595225890255],[-82.31815446656094,27.876959055265303],[-82.32714767019819,27.876959055265303]]]}},{"type":"Feature","properties":{"jobs":214,"pop":175,"pointCount":1,"homeWorkCommuteMedian":18817,"workHomeCommuteMedian":21866},"geometry":{"type":"Polygon","coordinates":[[[-82.32714767019819,27.88595225890255],[-82.32714767019819,27.894945462539795],[-82.31815446656094,27.894945462539795],[-82.31815446656094,27.88595225890255],[-82.32714767019819,27.88595225890255]]]}},{"type":"Feature","properties":{"jobs":400,"pop":532,"pointCount":1,"homeWorkCommuteMedian":21854,"workHomeCommuteMedian":26066},"geometry":{"type":"Polygon","coordinates":[[[-82.32714767019819,27.894945462539795],[-82.32714767019819,27.90393866617704],[-82.31815446656094,27.90393866617704],[-82.31815446656094,27.894945462539795],[-82.32714767019819,27.894945462539795]]]}},{"type":"Feature","properties":{"jobs":1040,"pop":2559,"pointCount":3,"homeWorkCommuteMedian":23284,"workHomeCommuteMedian":25343},"geometry":{"type":"Polygon","coordinates":[[[-82.32714767019819,27.912931869814287],[-82.32714767019819,27.921925073451533],[-82.31815446656094,27.921925073451533],[-82.31815446656094,27.912931869814287],[-82.32714767019819,27.912931869814287]]]}},{"type":"Feature","properties":{"jobs":1033,"pop":1737,"pointCount":3,"homeWorkCommuteMedian":21617,"workHomeCommuteMedian":27739},"geometry":{"type":"Polygon","coordinates":[[[-82.32714767019819,27.921925073451533],[-82.32714767019819,27.93091827708878],[-82.31815446656094,27.93091827708878],[-82.31815446656094,27.921925073451533],[-82.32714767019819,27.921925073451533]]]}},{"type":"Feature","properties":{"jobs":35298,"pop":1361,"pointCount":2,"homeWorkCommuteMedian":22265,"workHomeCommuteMedian":14939},"geometry":{"type":"Polygon","coordinates":[[[-82.32714767019819,27.93091827708878],[-82.32714767019819,27.939911480726025],[-82.31815446656094,27.939911480726025],[-82.31815446656094,27.93091827708878],[-82.32714767019819,27.93091827708878]]]}},{"type":"Feature","properties":{"jobs":1577,"pop":1501,"pointCount":4,"homeWorkCommuteMedian":23417,"workHomeCommuteMedian":25502},"geometry":{"type":"Polygon","coordinates":[[[-82.32714767019819,27.939911480726025],[-82.32714767019819,27.94890468436327],[-82.31815446656094,27.94890468436327],[-82.31815446656094,27.939911480726025],[-82.32714767019819,27.939911480726025]]]}},{"type":"Feature","properties":{"jobs":122,"pop":109,"pointCount":1,"homeWorkCommuteMedian":37602,"workHomeCommuteMedian":30658},"geometry":{"type":"Polygon","coordinates":[[[-82.32714767019819,27.94890468436327],[-82.32714767019819,27.957897888000517],[-82.31815446656094,27.957897888000517],[-82.31815446656094,27.94890468436327],[-82.32714767019819,27.94890468436327]]]}},{"type":"Feature","properties":{"jobs":82,"pop":596,"pointCount":1,"homeWorkCommuteMedian":26773,"workHomeCommuteMedian":21834},"geometry":{"type":"Polygon","coordinates":[[[-82.32714767019819,27.957897888000517],[-82.32714767019819,27.966891091637763],[-82.31815446656094,27.966891091637763],[-82.31815446656094,27.957897888000517],[-82.32714767019819,27.957897888000517]]]}},{"type":"Feature","properties":{"jobs":701,"pop":1996,"pointCount":1,"homeWorkCommuteMedian":17086,"workHomeCommuteMedian":29280},"geometry":{"type":"Polygon","coordinates":[[[-82.32714767019819,27.966891091637763],[-82.32714767019819,27.97588429527501],[-82.31815446656094,27.97588429527501],[-82.31815446656094,27.966891091637763],[-82.32714767019819,27.966891091637763]]]}},{"type":"Feature","properties":{"jobs":616,"pop":1240,"pointCount":1,"homeWorkCommuteMedian":16968,"workHomeCommuteMedian":22657},"geometry":{"type":"Polygon","coordinates":[[[-82.32714767019819,27.984877498912255],[-82.32714767019819,27.9938707025495],[-82.31815446656094,27.9938707025495],[-82.31815446656094,27.984877498912255],[-82.32714767019819,27.984877498912255]]]}},{"type":"Feature","properties":{"jobs":54,"pop":725,"pointCount":2,"homeWorkCommuteMedian":18168,"workHomeCommuteMedian":34992},"geometry":{"type":"Polygon","coordinates":[[[-82.32714767019819,28.029843517098485],[-82.32714767019819,28.03883672073573],[-82.31815446656094,28.03883672073573],[-82.31815446656094,28.029843517098485],[-82.32714767019819,28.029843517098485]]]}},{"type":"Feature","properties":{"jobs":265,"pop":296,"pointCount":1,"homeWorkCommuteMedian":21073,"workHomeCommuteMedian":22307},"geometry":{"type":"Polygon","coordinates":[[[-82.32714767019819,28.047829924372977],[-82.32714767019819,28.056823128010222],[-82.31815446656094,28.056823128010222],[-82.31815446656094,28.047829924372977],[-82.32714767019819,28.047829924372977]]]}},{"type":"Feature","properties":{"jobs":0,"pop":29,"pointCount":1,"homeWorkCommuteMedian":31801,"workHomeCommuteMedian":-1},"geometry":{"type":"Polygon","coordinates":[[[-82.32714767019819,28.06581633164747],[-82.32714767019819,28.074809535284714],[-82.31815446656094,28.074809535284714],[-82.31815446656094,28.06581633164747],[-82.32714767019819,28.06581633164747]]]}},{"type":"Feature","properties":{"jobs":16,"pop":373,"pointCount":2,"homeWorkCommuteMedian":32259,"workHomeCommuteMedian":75789},"geometry":{"type":"Polygon","coordinates":[[[-82.32714767019819,28.137761960745436],[-82.32714767019819,28.146755164382682],[-82.31815446656094,28.146755164382682],[-82.31815446656094,28.137761960745436],[-82.32714767019819,28.137761960745436]]]}},{"type":"Feature","properties":{"jobs":4,"pop":718,"pointCount":1,"homeWorkCommuteMedian":27981,"workHomeCommuteMedian":34846},"geometry":{"type":"Polygon","coordinates":[[[-82.32714767019819,28.146755164382682],[-82.32714767019819,28.15574836801993],[-82.31815446656094,28.15574836801993],[-82.31815446656094,28.146755164382682],[-82.32714767019819,28.146755164382682]]]}},{"type":"Feature","properties":{"jobs":89,"pop":1354,"pointCount":1,"homeWorkCommuteMedian":30036,"workHomeCommuteMedian":19782},"geometry":{"type":"Polygon","coordinates":[[[-82.32714767019819,28.15574836801993],[-82.32714767019819,28.164741571657174],[-82.31815446656094,28.164741571657174],[-82.31815446656094,28.15574836801993],[-82.32714767019819,28.15574836801993]]]}},{"type":"Feature","properties":{"jobs":9,"pop":639,"pointCount":1,"homeWorkCommuteMedian":36084,"workHomeCommuteMedian":52320},"geometry":{"type":"Polygon","coordinates":[[[-82.32714767019819,28.164741571657174],[-82.32714767019819,28.17373477529442],[-82.31815446656094,28.17373477529442],[-82.31815446656094,28.164741571657174],[-82.32714767019819,28.164741571657174]]]}},{"type":"Feature","properties":{"jobs":87,"pop":890,"pointCount":1,"homeWorkCommuteMedian":24887,"workHomeCommuteMedian":31950},"geometry":{"type":"Polygon","coordinates":[[[-82.32714767019819,28.17373477529442],[-82.32714767019819,28.182727978931666],[-82.31815446656094,28.182727978931666],[-82.31815446656094,28.17373477529442],[-82.32714767019819,28.17373477529442]]]}},{"type":"Feature","properties":{"jobs":0,"pop":338,"pointCount":1,"homeWorkCommuteMedian":38793,"workHomeCommuteMedian":-1},"geometry":{"type":"Polygon","coordinates":[[[-82.32714767019819,28.209707589843404],[-82.32714767019819,28.21870079348065],[-82.31815446656094,28.21870079348065],[-82.31815446656094,28.209707589843404],[-82.32714767019819,28.209707589843404]]]}},{"type":"Feature","properties":{"jobs":209,"pop":444,"pointCount":2,"homeWorkCommuteMedian":42052,"workHomeCommuteMedian":33512},"geometry":{"type":"Polygon","coordinates":[[[-82.32714767019819,28.227693997117896],[-82.32714767019819,28.236687200755142],[-82.31815446656094,28.236687200755142],[-82.31815446656094,28.227693997117896],[-82.32714767019819,28.227693997117896]]]}},{"type":"Feature","properties":{"jobs":211,"pop":313,"pointCount":1,"homeWorkCommuteMedian":35069,"workHomeCommuteMedian":18341},"geometry":{"type":"Polygon","coordinates":[[[-82.32714767019819,28.236687200755142],[-82.32714767019819,28.245680404392388],[-82.31815446656094,28.245680404392388],[-82.31815446656094,28.236687200755142],[-82.32714767019819,28.236687200755142]]]}},{"type":"Feature","properties":{"jobs":136,"pop":618,"pointCount":1,"homeWorkCommuteMedian":40854,"workHomeCommuteMedian":31461},"geometry":{"type":"Polygon","coordinates":[[[-82.32714767019819,28.254673608029634],[-82.32714767019819,28.26366681166688],[-82.31815446656094,28.26366681166688],[-82.31815446656094,28.254673608029634],[-82.32714767019819,28.254673608029634]]]}},{"type":"Feature","properties":{"jobs":9,"pop":21,"pointCount":1,"homeWorkCommuteMedian":48013,"workHomeCommuteMedian":25588},"geometry":{"type":"Polygon","coordinates":[[[-82.31815446656094,27.67910857524589],[-82.31815446656094,27.688101778883137],[-82.3091612629237,27.688101778883137],[-82.3091612629237,27.67910857524589],[-82.31815446656094,27.67910857524589]]]}},{"type":"Feature","properties":{"jobs":83,"pop":138,"pointCount":1,"homeWorkCommuteMedian":40299,"workHomeCommuteMedian":29873},"geometry":{"type":"Polygon","coordinates":[[[-82.31815446656094,27.697094982520383],[-82.31815446656094,27.70608818615763],[-82.3091612629237,27.70608818615763],[-82.3091612629237,27.697094982520383],[-82.31815446656094,27.697094982520383]]]}},{"type":"Feature","properties":{"jobs":140,"pop":368,"pointCount":1,"homeWorkCommuteMedian":40707,"workHomeCommuteMedian":21179},"geometry":{"type":"Polygon","coordinates":[[[-82.31815446656094,27.70608818615763],[-82.31815446656094,27.715081389794875],[-82.3091612629237,27.715081389794875],[-82.3091612629237,27.70608818615763],[-82.31815446656094,27.70608818615763]]]}},{"type":"Feature","properties":{"jobs":1,"pop":51,"pointCount":1,"homeWorkCommuteMedian":54988,"workHomeCommuteMedian":4311},"geometry":{"type":"Polygon","coordinates":[[[-82.31815446656094,27.742061000706613],[-82.31815446656094,27.75105420434386],[-82.3091612629237,27.75105420434386],[-82.3091612629237,27.742061000706613],[-82.31815446656094,27.742061000706613]]]}},{"type":"Feature","properties":{"jobs":36,"pop":244,"pointCount":1,"homeWorkCommuteMedian":43340,"workHomeCommuteMedian":13968},"geometry":{"type":"Polygon","coordinates":[[[-82.31815446656094,27.760047407981105],[-82.31815446656094,27.76904061161835],[-82.3091612629237,27.76904061161835],[-82.3091612629237,27.760047407981105],[-82.31815446656094,27.760047407981105]]]}},{"type":"Feature","properties":{"jobs":161,"pop":1658,"pointCount":2,"homeWorkCommuteMedian":37510,"workHomeCommuteMedian":23653},"geometry":{"type":"Polygon","coordinates":[[[-82.31815446656094,27.787027018892843],[-82.31815446656094,27.79602022253009],[-82.3091612629237,27.79602022253009],[-82.3091612629237,27.787027018892843],[-82.31815446656094,27.787027018892843]]]}},{"type":"Feature","properties":{"jobs":16,"pop":1476,"pointCount":1,"homeWorkCommuteMedian":36563,"workHomeCommuteMedian":33453},"geometry":{"type":"Polygon","coordinates":[[[-82.31815446656094,27.79602022253009],[-82.31815446656094,27.805013426167335],[-82.3091612629237,27.805013426167335],[-82.3091612629237,27.79602022253009],[-82.31815446656094,27.79602022253009]]]}},{"type":"Feature","properties":{"jobs":95,"pop":2114,"pointCount":2,"homeWorkCommuteMedian":36086,"workHomeCommuteMedian":20945},"geometry":{"type":"Polygon","coordinates":[[[-82.31815446656094,27.805013426167335],[-82.31815446656094,27.81400662980458],[-82.3091612629237,27.81400662980458],[-82.3091612629237,27.805013426167335],[-82.31815446656094,27.805013426167335]]]}},{"type":"Feature","properties":{"jobs":129,"pop":849,"pointCount":1,"homeWorkCommuteMedian":32807,"workHomeCommuteMedian":25974},"geometry":{"type":"Polygon","coordinates":[[[-82.31815446656094,27.822999833441827],[-82.31815446656094,27.831993037079073],[-82.3091612629237,27.831993037079073],[-82.3091612629237,27.822999833441827],[-82.31815446656094,27.822999833441827]]]}},{"type":"Feature","properties":{"jobs":313,"pop":2365,"pointCount":3,"homeWorkCommuteMedian":31153,"workHomeCommuteMedian":26153},"geometry":{"type":"Polygon","coordinates":[[[-82.31815446656094,27.84098624071632],[-82.31815446656094,27.849979444353565],[-82.3091612629237,27.849979444353565],[-82.3091612629237,27.84098624071632],[-82.31815446656094,27.84098624071632]]]}},{"type":"Feature","properties":{"jobs":207,"pop":275,"pointCount":1,"homeWorkCommuteMedian":30963,"workHomeCommuteMedian":22597},"geometry":{"type":"Polygon","coordinates":[[[-82.31815446656094,27.849979444353565],[-82.31815446656094,27.85897264799081],[-82.3091612629237,27.85897264799081],[-82.3091612629237,27.849979444353565],[-82.31815446656094,27.849979444353565]]]}},{"type":"Feature","properties":{"jobs":522,"pop":222,"pointCount":1,"homeWorkCommuteMedian":32539,"workHomeCommuteMedian":31868},"geometry":{"type":"Polygon","coordinates":[[[-82.31815446656094,27.85897264799081],[-82.31815446656094,27.867965851628057],[-82.3091612629237,27.867965851628057],[-82.3091612629237,27.85897264799081],[-82.31815446656094,27.85897264799081]]]}},{"type":"Feature","properties":{"jobs":55,"pop":682,"pointCount":1,"homeWorkCommuteMedian":30899,"workHomeCommuteMedian":27215},"geometry":{"type":"Polygon","coordinates":[[[-82.31815446656094,27.867965851628057],[-82.31815446656094,27.876959055265303],[-82.3091612629237,27.876959055265303],[-82.3091612629237,27.867965851628057],[-82.31815446656094,27.867965851628057]]]}},{"type":"Feature","properties":{"jobs":602,"pop":989,"pointCount":3,"homeWorkCommuteMedian":21686,"workHomeCommuteMedian":24077},"geometry":{"type":"Polygon","coordinates":[[[-82.31815446656094,27.88595225890255],[-82.31815446656094,27.894945462539795],[-82.3091612629237,27.894945462539795],[-82.3091612629237,27.88595225890255],[-82.31815446656094,27.88595225890255]]]}},{"type":"Feature","properties":{"jobs":147,"pop":583,"pointCount":1,"homeWorkCommuteMedian":23574,"workHomeCommuteMedian":29273},"geometry":{"type":"Polygon","coordinates":[[[-82.31815446656094,27.894945462539795],[-82.31815446656094,27.90393866617704],[-82.3091612629237,27.90393866617704],[-82.3091612629237,27.894945462539795],[-82.31815446656094,27.894945462539795]]]}},{"type":"Feature","properties":{"jobs":206,"pop":3313,"pointCount":3,"homeWorkCommuteMedian":20688,"workHomeCommuteMedian":23512},"geometry":{"type":"Polygon","coordinates":[[[-82.31815446656094,27.90393866617704],[-82.31815446656094,27.912931869814287],[-82.3091612629237,27.912931869814287],[-82.3091612629237,27.90393866617704],[-82.31815446656094,27.90393866617704]]]}},{"type":"Feature","properties":{"jobs":537,"pop":1493,"pointCount":2,"homeWorkCommuteMedian":25787,"workHomeCommuteMedian":22658},"geometry":{"type":"Polygon","coordinates":[[[-82.31815446656094,27.912931869814287],[-82.31815446656094,27.921925073451533],[-82.3091612629237,27.921925073451533],[-82.3091612629237,27.912931869814287],[-82.31815446656094,27.912931869814287]]]}},{"type":"Feature","properties":{"jobs":432,"pop":747,"pointCount":1,"homeWorkCommuteMedian":25141,"workHomeCommuteMedian":20931},"geometry":{"type":"Polygon","coordinates":[[[-82.31815446656094,27.921925073451533],[-82.31815446656094,27.93091827708878],[-82.3091612629237,27.93091827708878],[-82.3091612629237,27.921925073451533],[-82.31815446656094,27.921925073451533]]]}},{"type":"Feature","properties":{"jobs":371,"pop":971,"pointCount":2,"homeWorkCommuteMedian":28552,"workHomeCommuteMedian":23476},"geometry":{"type":"Polygon","coordinates":[[[-82.31815446656094,27.93091827708878],[-82.31815446656094,27.939911480726025],[-82.3091612629237,27.939911480726025],[-82.3091612629237,27.93091827708878],[-82.31815446656094,27.93091827708878]]]}},{"type":"Feature","properties":{"jobs":485,"pop":1128,"pointCount":1,"homeWorkCommuteMedian":17970,"workHomeCommuteMedian":25888},"geometry":{"type":"Polygon","coordinates":[[[-82.31815446656094,27.939911480726025],[-82.31815446656094,27.94890468436327],[-82.3091612629237,27.94890468436327],[-82.3091612629237,27.939911480726025],[-82.31815446656094,27.939911480726025]]]}},{"type":"Feature","properties":{"jobs":111,"pop":2646,"pointCount":3,"homeWorkCommuteMedian":23415,"workHomeCommuteMedian":21521},"geometry":{"type":"Polygon","coordinates":[[[-82.31815446656094,27.94890468436327],[-82.31815446656094,27.957897888000517],[-82.3091612629237,27.957897888000517],[-82.3091612629237,27.94890468436327],[-82.31815446656094,27.94890468436327]]]}},{"type":"Feature","properties":{"jobs":33,"pop":1116,"pointCount":1,"homeWorkCommuteMedian":24205,"workHomeCommuteMedian":40923},"geometry":{"type":"Polygon","coordinates":[[[-82.31815446656094,27.966891091637763],[-82.31815446656094,27.97588429527501],[-82.3091612629237,27.97588429527501],[-82.3091612629237,27.966891091637763],[-82.31815446656094,27.966891091637763]]]}},{"type":"Feature","properties":{"jobs":67,"pop":566,"pointCount":1,"homeWorkCommuteMedian":16665,"workHomeCommuteMedian":21153},"geometry":{"type":"Polygon","coordinates":[[[-82.31815446656094,27.97588429527501],[-82.31815446656094,27.984877498912255],[-82.3091612629237,27.984877498912255],[-82.3091612629237,27.97588429527501],[-82.31815446656094,27.97588429527501]]]}},{"type":"Feature","properties":{"jobs":13,"pop":317,"pointCount":1,"homeWorkCommuteMedian":24453,"workHomeCommuteMedian":52926},"geometry":{"type":"Polygon","coordinates":[[[-82.31815446656094,27.984877498912255],[-82.31815446656094,27.9938707025495],[-82.3091612629237,27.9938707025495],[-82.3091612629237,27.984877498912255],[-82.31815446656094,27.984877498912255]]]}},{"type":"Feature","properties":{"jobs":2027,"pop":592,"pointCount":3,"homeWorkCommuteMedian":20045,"workHomeCommuteMedian":23229},"geometry":{"type":"Polygon","coordinates":[[[-82.31815446656094,27.9938707025495],[-82.31815446656094,28.002863906186747],[-82.3091612629237,28.002863906186747],[-82.3091612629237,27.9938707025495],[-82.31815446656094,27.9938707025495]]]}},{"type":"Feature","properties":{"jobs":184,"pop":253,"pointCount":1,"homeWorkCommuteMedian":24640,"workHomeCommuteMedian":22197},"geometry":{"type":"Polygon","coordinates":[[[-82.31815446656094,28.02085031346124],[-82.31815446656094,28.029843517098485],[-82.3091612629237,28.029843517098485],[-82.3091612629237,28.02085031346124],[-82.31815446656094,28.02085031346124]]]}},{"type":"Feature","properties":{"jobs":30,"pop":675,"pointCount":1,"homeWorkCommuteMedian":13969,"workHomeCommuteMedian":56334},"geometry":{"type":"Polygon","coordinates":[[[-82.31815446656094,28.03883672073573],[-82.31815446656094,28.047829924372977],[-82.3091612629237,28.047829924372977],[-82.3091612629237,28.03883672073573],[-82.31815446656094,28.03883672073573]]]}},{"type":"Feature","properties":{"jobs":148,"pop":275,"pointCount":1,"homeWorkCommuteMedian":19038,"workHomeCommuteMedian":27139},"geometry":{"type":"Polygon","coordinates":[[[-82.31815446656094,28.056823128010222],[-82.31815446656094,28.06581633164747],[-82.3091612629237,28.06581633164747],[-82.3091612629237,28.056823128010222],[-82.31815446656094,28.056823128010222]]]}},{"type":"Feature","properties":{"jobs":14,"pop":41,"pointCount":1,"homeWorkCommuteMedian":36303,"workHomeCommuteMedian":20134},"geometry":{"type":"Polygon","coordinates":[[[-82.31815446656094,28.08380273892196],[-82.31815446656094,28.092795942559206],[-82.3091612629237,28.092795942559206],[-82.3091612629237,28.08380273892196],[-82.31815446656094,28.08380273892196]]]}},{"type":"Feature","properties":{"jobs":0,"pop":65,"pointCount":1,"homeWorkCommuteMedian":28036,"workHomeCommuteMedian":-1},"geometry":{"type":"Polygon","coordinates":[[[-82.31815446656094,28.1107823498337],[-82.31815446656094,28.119775553470944],[-82.3091612629237,28.119775553470944],[-82.3091612629237,28.1107823498337],[-82.31815446656094,28.1107823498337]]]}},{"type":"Feature","properties":{"jobs":134,"pop":122,"pointCount":1,"homeWorkCommuteMedian":42295,"workHomeCommuteMedian":33204},"geometry":{"type":"Polygon","coordinates":[[[-82.31815446656094,28.12876875710819],[-82.31815446656094,28.137761960745436],[-82.3091612629237,28.137761960745436],[-82.3091612629237,28.12876875710819],[-82.31815446656094,28.12876875710819]]]}},{"type":"Feature","properties":{"jobs":286,"pop":1001,"pointCount":2,"homeWorkCommuteMedian":32083,"workHomeCommuteMedian":25285},"geometry":{"type":"Polygon","coordinates":[[[-82.31815446656094,28.137761960745436],[-82.31815446656094,28.146755164382682],[-82.3091612629237,28.146755164382682],[-82.3091612629237,28.137761960745436],[-82.31815446656094,28.137761960745436]]]}},{"type":"Feature","properties":{"jobs":11,"pop":754,"pointCount":1,"homeWorkCommuteMedian":35995,"workHomeCommuteMedian":39238},"geometry":{"type":"Polygon","coordinates":[[[-82.31815446656094,28.146755164382682],[-82.31815446656094,28.15574836801993],[-82.3091612629237,28.15574836801993],[-82.3091612629237,28.146755164382682],[-82.31815446656094,28.146755164382682]]]}},{"type":"Feature","properties":{"jobs":9,"pop":2375,"pointCount":1,"homeWorkCommuteMedian":29638,"workHomeCommuteMedian":31500},"geometry":{"type":"Polygon","coordinates":[[[-82.31815446656094,28.15574836801993],[-82.31815446656094,28.164741571657174],[-82.3091612629237,28.164741571657174],[-82.3091612629237,28.15574836801993],[-82.31815446656094,28.15574836801993]]]}},{"type":"Feature","properties":{"jobs":46,"pop":691,"pointCount":1,"homeWorkCommuteMedian":37134,"workHomeCommuteMedian":25005},"geometry":{"type":"Polygon","coordinates":[[[-82.31815446656094,28.17373477529442],[-82.31815446656094,28.182727978931666],[-82.3091612629237,28.182727978931666],[-82.3091612629237,28.17373477529442],[-82.31815446656094,28.17373477529442]]]}},{"type":"Feature","properties":{"jobs":409,"pop":453,"pointCount":1,"homeWorkCommuteMedian":41929,"workHomeCommuteMedian":32663},"geometry":{"type":"Polygon","coordinates":[[[-82.31815446656094,28.191721182568912],[-82.31815446656094,28.20071438620616],[-82.3091612629237,28.20071438620616],[-82.3091612629237,28.191721182568912],[-82.31815446656094,28.191721182568912]]]}},{"type":"Feature","properties":{"jobs":56,"pop":1206,"pointCount":1,"homeWorkCommuteMedian":46647,"workHomeCommuteMedian":33264},"geometry":{"type":"Polygon","coordinates":[[[-82.31815446656094,28.209707589843404],[-82.31815446656094,28.21870079348065],[-82.3091612629237,28.21870079348065],[-82.3091612629237,28.209707589843404],[-82.31815446656094,28.209707589843404]]]}},{"type":"Feature","properties":{"jobs":24,"pop":581,"pointCount":1,"homeWorkCommuteMedian":40069,"workHomeCommuteMedian":37853},"geometry":{"type":"Polygon","coordinates":[[[-82.31815446656094,28.236687200755142],[-82.31815446656094,28.245680404392388],[-82.3091612629237,28.245680404392388],[-82.3091612629237,28.236687200755142],[-82.31815446656094,28.236687200755142]]]}},{"type":"Feature","properties":{"jobs":30,"pop":1251,"pointCount":1,"homeWorkCommuteMedian":42456,"workHomeCommuteMedian":26589},"geometry":{"type":"Polygon","coordinates":[[[-82.31815446656094,28.245680404392388],[-82.31815446656094,28.254673608029634],[-82.3091612629237,28.254673608029634],[-82.3091612629237,28.245680404392388],[-82.31815446656094,28.245680404392388]]]}},{"type":"Feature","properties":{"jobs":14,"pop":553,"pointCount":1,"homeWorkCommuteMedian":37865,"workHomeCommuteMedian":5995},"geometry":{"type":"Polygon","coordinates":[[[-82.31815446656094,28.254673608029634],[-82.31815446656094,28.26366681166688],[-82.3091612629237,28.26366681166688],[-82.3091612629237,28.254673608029634],[-82.31815446656094,28.254673608029634]]]}},{"type":"Feature","properties":{"jobs":0,"pop":9,"pointCount":1,"homeWorkCommuteMedian":82890,"workHomeCommuteMedian":-1},"geometry":{"type":"Polygon","coordinates":[[[-82.3091612629237,27.63414255705966],[-82.3091612629237,27.643135760696907],[-82.30016805928645,27.643135760696907],[-82.30016805928645,27.63414255705966],[-82.3091612629237,27.63414255705966]]]}},{"type":"Feature","properties":{"jobs":0,"pop":17,"pointCount":1,"homeWorkCommuteMedian":54155,"workHomeCommuteMedian":-1},"geometry":{"type":"Polygon","coordinates":[[[-82.3091612629237,27.643135760696907],[-82.3091612629237,27.652128964334153],[-82.30016805928645,27.652128964334153],[-82.30016805928645,27.643135760696907],[-82.3091612629237,27.643135760696907]]]}},{"type":"Feature","properties":{"jobs":57,"pop":0,"pointCount":1,"homeWorkCommuteMedian":-1,"workHomeCommuteMedian":63542},"geometry":{"type":"Polygon","coordinates":[[[-82.3091612629237,27.670115371608645],[-82.3091612629237,27.67910857524589],[-82.30016805928645,27.67910857524589],[-82.30016805928645,27.670115371608645],[-82.3091612629237,27.670115371608645]]]}},{"type":"Feature","properties":{"jobs":160,"pop":58,"pointCount":1,"homeWorkCommuteMedian":49669,"workHomeCommuteMedian":27520},"geometry":{"type":"Polygon","coordinates":[[[-82.3091612629237,27.70608818615763],[-82.3091612629237,27.715081389794875],[-82.30016805928645,27.715081389794875],[-82.30016805928645,27.70608818615763],[-82.3091612629237,27.70608818615763]]]}},{"type":"Feature","properties":{"jobs":163,"pop":801,"pointCount":1,"homeWorkCommuteMedian":42996,"workHomeCommuteMedian":31717},"geometry":{"type":"Polygon","coordinates":[[[-82.3091612629237,27.778033815255597],[-82.3091612629237,27.787027018892843],[-82.30016805928645,27.787027018892843],[-82.30016805928645,27.778033815255597],[-82.3091612629237,27.778033815255597]]]}},{"type":"Feature","properties":{"jobs":96,"pop":691,"pointCount":1,"homeWorkCommuteMedian":39187,"workHomeCommuteMedian":20807},"geometry":{"type":"Polygon","coordinates":[[[-82.3091612629237,27.79602022253009],[-82.3091612629237,27.805013426167335],[-82.30016805928645,27.805013426167335],[-82.30016805928645,27.79602022253009],[-82.3091612629237,27.79602022253009]]]}},{"type":"Feature","properties":{"jobs":125,"pop":742,"pointCount":1,"homeWorkCommuteMedian":37772,"workHomeCommuteMedian":36643},"geometry":{"type":"Polygon","coordinates":[[[-82.3091612629237,27.81400662980458],[-82.3091612629237,27.822999833441827],[-82.30016805928645,27.822999833441827],[-82.30016805928645,27.81400662980458],[-82.3091612629237,27.81400662980458]]]}},{"type":"Feature","properties":{"jobs":49,"pop":661,"pointCount":1,"homeWorkCommuteMedian":30110,"workHomeCommuteMedian":18051},"geometry":{"type":"Polygon","coordinates":[[[-82.3091612629237,27.831993037079073],[-82.3091612629237,27.84098624071632],[-82.30016805928645,27.84098624071632],[-82.30016805928645,27.831993037079073],[-82.3091612629237,27.831993037079073]]]}},{"type":"Feature","properties":{"jobs":189,"pop":348,"pointCount":1,"homeWorkCommuteMedian":22794,"workHomeCommuteMedian":19946},"geometry":{"type":"Polygon","coordinates":[[[-82.3091612629237,27.84098624071632],[-82.3091612629237,27.849979444353565],[-82.30016805928645,27.849979444353565],[-82.30016805928645,27.84098624071632],[-82.3091612629237,27.84098624071632]]]}},{"type":"Feature","properties":{"jobs":187,"pop":222,"pointCount":1,"homeWorkCommuteMedian":41227,"workHomeCommuteMedian":19271},"geometry":{"type":"Polygon","coordinates":[[[-82.3091612629237,27.849979444353565],[-82.3091612629237,27.85897264799081],[-82.30016805928645,27.85897264799081],[-82.30016805928645,27.849979444353565],[-82.3091612629237,27.849979444353565]]]}},{"type":"Feature","properties":{"jobs":137,"pop":153,"pointCount":1,"homeWorkCommuteMedian":22321,"workHomeCommuteMedian":26412},"geometry":{"type":"Polygon","coordinates":[[[-82.3091612629237,27.85897264799081],[-82.3091612629237,27.867965851628057],[-82.30016805928645,27.867965851628057],[-82.30016805928645,27.85897264799081],[-82.3091612629237,27.85897264799081]]]}},{"type":"Feature","properties":{"jobs":18,"pop":942,"pointCount":1,"homeWorkCommuteMedian":22315,"workHomeCommuteMedian":24567},"geometry":{"type":"Polygon","coordinates":[[[-82.3091612629237,27.90393866617704],[-82.3091612629237,27.912931869814287],[-82.30016805928645,27.912931869814287],[-82.30016805928645,27.90393866617704],[-82.3091612629237,27.90393866617704]]]}},{"type":"Feature","properties":{"jobs":725,"pop":4194,"pointCount":5,"homeWorkCommuteMedian":24178,"workHomeCommuteMedian":26096},"geometry":{"type":"Polygon","coordinates":[[[-82.3091612629237,27.912931869814287],[-82.3091612629237,27.921925073451533],[-82.30016805928645,27.921925073451533],[-82.30016805928645,27.912931869814287],[-82.3091612629237,27.912931869814287]]]}},{"type":"Feature","properties":{"jobs":921,"pop":2328,"pointCount":2,"homeWorkCommuteMedian":19317,"workHomeCommuteMedian":23090},"geometry":{"type":"Polygon","coordinates":[[[-82.3091612629237,27.921925073451533],[-82.3091612629237,27.93091827708878],[-82.30016805928645,27.93091827708878],[-82.30016805928645,27.921925073451533],[-82.3091612629237,27.921925073451533]]]}},{"type":"Feature","properties":{"jobs":578,"pop":580,"pointCount":3,"homeWorkCommuteMedian":26658,"workHomeCommuteMedian":22361},"geometry":{"type":"Polygon","coordinates":[[[-82.3091612629237,27.93091827708878],[-82.3091612629237,27.939911480726025],[-82.30016805928645,27.939911480726025],[-82.30016805928645,27.93091827708878],[-82.3091612629237,27.93091827708878]]]}},{"type":"Feature","properties":{"jobs":260,"pop":269,"pointCount":1,"homeWorkCommuteMedian":29025,"workHomeCommuteMedian":28056},"geometry":{"type":"Polygon","coordinates":[[[-82.3091612629237,27.939911480726025],[-82.3091612629237,27.94890468436327],[-82.30016805928645,27.94890468436327],[-82.30016805928645,27.939911480726025],[-82.3091612629237,27.939911480726025]]]}},{"type":"Feature","properties":{"jobs":72,"pop":1523,"pointCount":1,"homeWorkCommuteMedian":22571,"workHomeCommuteMedian":22359},"geometry":{"type":"Polygon","coordinates":[[[-82.3091612629237,27.957897888000517],[-82.3091612629237,27.966891091637763],[-82.30016805928645,27.966891091637763],[-82.30016805928645,27.957897888000517],[-82.3091612629237,27.957897888000517]]]}},{"type":"Feature","properties":{"jobs":732,"pop":1327,"pointCount":3,"homeWorkCommuteMedian":20412,"workHomeCommuteMedian":26931},"geometry":{"type":"Polygon","coordinates":[[[-82.3091612629237,27.97588429527501],[-82.3091612629237,27.984877498912255],[-82.30016805928645,27.984877498912255],[-82.30016805928645,27.97588429527501],[-82.3091612629237,27.97588429527501]]]}},{"type":"Feature","properties":{"jobs":62,"pop":1055,"pointCount":2,"homeWorkCommuteMedian":19945,"workHomeCommuteMedian":19575},"geometry":{"type":"Polygon","coordinates":[[[-82.3091612629237,27.984877498912255],[-82.3091612629237,27.9938707025495],[-82.30016805928645,27.9938707025495],[-82.30016805928645,27.984877498912255],[-82.3091612629237,27.984877498912255]]]}},{"type":"Feature","properties":{"jobs":125,"pop":184,"pointCount":1,"homeWorkCommuteMedian":21225,"workHomeCommuteMedian":23410},"geometry":{"type":"Polygon","coordinates":[[[-82.3091612629237,28.002863906186747],[-82.3091612629237,28.011857109823993],[-82.30016805928645,28.011857109823993],[-82.30016805928645,28.002863906186747],[-82.3091612629237,28.002863906186747]]]}},{"type":"Feature","properties":{"jobs":723,"pop":185,"pointCount":2,"homeWorkCommuteMedian":22840,"workHomeCommuteMedian":24635},"geometry":{"type":"Polygon","coordinates":[[[-82.3091612629237,28.011857109823993],[-82.3091612629237,28.02085031346124],[-82.30016805928645,28.02085031346124],[-82.30016805928645,28.011857109823993],[-82.3091612629237,28.011857109823993]]]}},{"type":"Feature","properties":{"jobs":0,"pop":102,"pointCount":1,"homeWorkCommuteMedian":18089,"workHomeCommuteMedian":-1},"geometry":{"type":"Polygon","coordinates":[[[-82.3091612629237,28.029843517098485],[-82.3091612629237,28.03883672073573],[-82.30016805928645,28.03883672073573],[-82.30016805928645,28.029843517098485],[-82.3091612629237,28.029843517098485]]]}},{"type":"Feature","properties":{"jobs":169,"pop":309,"pointCount":1,"homeWorkCommuteMedian":22899,"workHomeCommuteMedian":24520},"geometry":{"type":"Polygon","coordinates":[[[-82.3091612629237,28.06581633164747],[-82.3091612629237,28.074809535284714],[-82.30016805928645,28.074809535284714],[-82.30016805928645,28.06581633164747],[-82.3091612629237,28.06581633164747]]]}},{"type":"Feature","properties":{"jobs":176,"pop":135,"pointCount":1,"homeWorkCommuteMedian":23136,"workHomeCommuteMedian":23170},"geometry":{"type":"Polygon","coordinates":[[[-82.3091612629237,28.074809535284714],[-82.3091612629237,28.08380273892196],[-82.30016805928645,28.08380273892196],[-82.30016805928645,28.074809535284714],[-82.3091612629237,28.074809535284714]]]}},{"type":"Feature","properties":{"jobs":126,"pop":1389,"pointCount":1,"homeWorkCommuteMedian":35159,"workHomeCommuteMedian":27581},"geometry":{"type":"Polygon","coordinates":[[[-82.3091612629237,28.137761960745436],[-82.3091612629237,28.146755164382682],[-82.30016805928645,28.146755164382682],[-82.30016805928645,28.137761960745436],[-82.3091612629237,28.137761960745436]]]}},{"type":"Feature","properties":{"jobs":197,"pop":896,"pointCount":2,"homeWorkCommuteMedian":34808,"workHomeCommuteMedian":40420},"geometry":{"type":"Polygon","coordinates":[[[-82.3091612629237,28.146755164382682],[-82.3091612629237,28.15574836801993],[-82.30016805928645,28.15574836801993],[-82.30016805928645,28.146755164382682],[-82.3091612629237,28.146755164382682]]]}},{"type":"Feature","properties":{"jobs":48,"pop":1698,"pointCount":1,"homeWorkCommuteMedian":33864,"workHomeCommuteMedian":45411},"geometry":{"type":"Polygon","coordinates":[[[-82.3091612629237,28.15574836801993],[-82.3091612629237,28.164741571657174],[-82.30016805928645,28.164741571657174],[-82.30016805928645,28.15574836801993],[-82.3091612629237,28.15574836801993]]]}},{"type":"Feature","properties":{"jobs":30,"pop":1245,"pointCount":1,"homeWorkCommuteMedian":33204,"workHomeCommuteMedian":33925},"geometry":{"type":"Polygon","coordinates":[[[-82.3091612629237,28.164741571657174],[-82.3091612629237,28.17373477529442],[-82.30016805928645,28.17373477529442],[-82.30016805928645,28.164741571657174],[-82.3091612629237,28.164741571657174]]]}},{"type":"Feature","properties":{"jobs":25,"pop":2261,"pointCount":4,"homeWorkCommuteMedian":36946,"workHomeCommuteMedian":15836},"geometry":{"type":"Polygon","coordinates":[[[-82.3091612629237,28.17373477529442],[-82.3091612629237,28.182727978931666],[-82.30016805928645,28.182727978931666],[-82.30016805928645,28.17373477529442],[-82.3091612629237,28.17373477529442]]]}},{"type":"Feature","properties":{"jobs":8,"pop":705,"pointCount":1,"homeWorkCommuteMedian":44113,"workHomeCommuteMedian":13855},"geometry":{"type":"Polygon","coordinates":[[[-82.3091612629237,28.227693997117896],[-82.3091612629237,28.236687200755142],[-82.30016805928645,28.236687200755142],[-82.30016805928645,28.227693997117896],[-82.3091612629237,28.227693997117896]]]}},{"type":"Feature","properties":{"jobs":18,"pop":699,"pointCount":1,"homeWorkCommuteMedian":38387,"workHomeCommuteMedian":34805},"geometry":{"type":"Polygon","coordinates":[[[-82.3091612629237,28.245680404392388],[-82.3091612629237,28.254673608029634],[-82.30016805928645,28.254673608029634],[-82.30016805928645,28.245680404392388],[-82.3091612629237,28.245680404392388]]]}},{"type":"Feature","properties":{"jobs":35,"pop":482,"pointCount":1,"homeWorkCommuteMedian":35311,"workHomeCommuteMedian":18660},"geometry":{"type":"Polygon","coordinates":[[[-82.3091612629237,28.254673608029634],[-82.3091612629237,28.26366681166688],[-82.30016805928645,28.26366681166688],[-82.30016805928645,28.254673608029634],[-82.3091612629237,28.254673608029634]]]}},{"type":"Feature","properties":{"jobs":63,"pop":453,"pointCount":1,"homeWorkCommuteMedian":44204,"workHomeCommuteMedian":36081},"geometry":{"type":"Polygon","coordinates":[[[-82.3091612629237,28.26366681166688],[-82.3091612629237,28.272660015304126],[-82.30016805928645,28.272660015304126],[-82.30016805928645,28.26366681166688],[-82.3091612629237,28.26366681166688]]]}},{"type":"Feature","properties":{"jobs":8,"pop":39,"pointCount":1,"homeWorkCommuteMedian":66472,"workHomeCommuteMedian":5672},"geometry":{"type":"Polygon","coordinates":[[[-82.30016805928645,27.715081389794875],[-82.30016805928645,27.72407459343212],[-82.2911748556492,27.72407459343212],[-82.2911748556492,27.715081389794875],[-82.30016805928645,27.715081389794875]]]}},{"type":"Feature","properties":{"jobs":0,"pop":17,"pointCount":1,"homeWorkCommuteMedian":51589,"workHomeCommuteMedian":-1},"geometry":{"type":"Polygon","coordinates":[[[-82.30016805928645,27.733067797069367],[-82.30016805928645,27.742061000706613],[-82.2911748556492,27.742061000706613],[-82.2911748556492,27.733067797069367],[-82.30016805928645,27.733067797069367]]]}},{"type":"Feature","properties":{"jobs":0,"pop":32,"pointCount":1,"homeWorkCommuteMedian":67313,"workHomeCommuteMedian":-1},"geometry":{"type":"Polygon","coordinates":[[[-82.30016805928645,27.75105420434386],[-82.30016805928645,27.760047407981105],[-82.2911748556492,27.760047407981105],[-82.2911748556492,27.75105420434386],[-82.30016805928645,27.75105420434386]]]}},{"type":"Feature","properties":{"jobs":6,"pop":88,"pointCount":1,"homeWorkCommuteMedian":44561,"workHomeCommuteMedian":6795},"geometry":{"type":"Polygon","coordinates":[[[-82.30016805928645,27.778033815255597],[-82.30016805928645,27.787027018892843],[-82.2911748556492,27.787027018892843],[-82.2911748556492,27.778033815255597],[-82.30016805928645,27.778033815255597]]]}},{"type":"Feature","properties":{"jobs":64,"pop":2178,"pointCount":2,"homeWorkCommuteMedian":38442,"workHomeCommuteMedian":34254},"geometry":{"type":"Polygon","coordinates":[[[-82.30016805928645,27.79602022253009],[-82.30016805928645,27.805013426167335],[-82.2911748556492,27.805013426167335],[-82.2911748556492,27.79602022253009],[-82.30016805928645,27.79602022253009]]]}},{"type":"Feature","properties":{"jobs":68,"pop":544,"pointCount":1,"homeWorkCommuteMedian":35360,"workHomeCommuteMedian":29047},"geometry":{"type":"Polygon","coordinates":[[[-82.30016805928645,27.81400662980458],[-82.30016805928645,27.822999833441827],[-82.2911748556492,27.822999833441827],[-82.2911748556492,27.81400662980458],[-82.30016805928645,27.81400662980458]]]}},{"type":"Feature","properties":{"jobs":116,"pop":760,"pointCount":1,"homeWorkCommuteMedian":46150,"workHomeCommuteMedian":24817},"geometry":{"type":"Polygon","coordinates":[[[-82.30016805928645,27.831993037079073],[-82.30016805928645,27.84098624071632],[-82.2911748556492,27.84098624071632],[-82.2911748556492,27.831993037079073],[-82.30016805928645,27.831993037079073]]]}},{"type":"Feature","properties":{"jobs":1,"pop":412,"pointCount":1,"homeWorkCommuteMedian":27402,"workHomeCommuteMedian":31628},"geometry":{"type":"Polygon","coordinates":[[[-82.30016805928645,27.84098624071632],[-82.30016805928645,27.849979444353565],[-82.2911748556492,27.849979444353565],[-82.2911748556492,27.84098624071632],[-82.30016805928645,27.84098624071632]]]}},{"type":"Feature","properties":{"jobs":24,"pop":299,"pointCount":1,"homeWorkCommuteMedian":32962,"workHomeCommuteMedian":33113},"geometry":{"type":"Polygon","coordinates":[[[-82.30016805928645,27.849979444353565],[-82.30016805928645,27.85897264799081],[-82.2911748556492,27.85897264799081],[-82.2911748556492,27.849979444353565],[-82.30016805928645,27.849979444353565]]]}},{"type":"Feature","properties":{"jobs":53,"pop":624,"pointCount":1,"homeWorkCommuteMedian":31043,"workHomeCommuteMedian":22272},"geometry":{"type":"Polygon","coordinates":[[[-82.30016805928645,27.867965851628057],[-82.30016805928645,27.876959055265303],[-82.2911748556492,27.876959055265303],[-82.2911748556492,27.867965851628057],[-82.30016805928645,27.867965851628057]]]}},{"type":"Feature","properties":{"jobs":238,"pop":823,"pointCount":2,"homeWorkCommuteMedian":22880,"workHomeCommuteMedian":26424},"geometry":{"type":"Polygon","coordinates":[[[-82.30016805928645,27.88595225890255],[-82.30016805928645,27.894945462539795],[-82.2911748556492,27.894945462539795],[-82.2911748556492,27.88595225890255],[-82.30016805928645,27.88595225890255]]]}},{"type":"Feature","properties":{"jobs":40,"pop":549,"pointCount":1,"homeWorkCommuteMedian":45866,"workHomeCommuteMedian":9945},"geometry":{"type":"Polygon","coordinates":[[[-82.30016805928645,27.894945462539795],[-82.30016805928645,27.90393866617704],[-82.2911748556492,27.90393866617704],[-82.2911748556492,27.894945462539795],[-82.30016805928645,27.894945462539795]]]}},{"type":"Feature","properties":{"jobs":33,"pop":789,"pointCount":1,"homeWorkCommuteMedian":31692,"workHomeCommuteMedian":22935},"geometry":{"type":"Polygon","coordinates":[[[-82.30016805928645,27.90393866617704],[-82.30016805928645,27.912931869814287],[-82.2911748556492,27.912931869814287],[-82.2911748556492,27.90393866617704],[-82.30016805928645,27.90393866617704]]]}},{"type":"Feature","properties":{"jobs":568,"pop":1764,"pointCount":3,"homeWorkCommuteMedian":24991,"workHomeCommuteMedian":28194},"geometry":{"type":"Polygon","coordinates":[[[-82.30016805928645,27.921925073451533],[-82.30016805928645,27.93091827708878],[-82.2911748556492,27.93091827708878],[-82.2911748556492,27.921925073451533],[-82.30016805928645,27.921925073451533]]]}},{"type":"Feature","properties":{"jobs":1640,"pop":596,"pointCount":4,"homeWorkCommuteMedian":20612,"workHomeCommuteMedian":25588},"geometry":{"type":"Polygon","coordinates":[[[-82.30016805928645,27.93091827708878],[-82.30016805928645,27.939911480726025],[-82.2911748556492,27.939911480726025],[-82.2911748556492,27.93091827708878],[-82.30016805928645,27.93091827708878]]]}},{"type":"Feature","properties":{"jobs":643,"pop":880,"pointCount":2,"homeWorkCommuteMedian":18446,"workHomeCommuteMedian":25618},"geometry":{"type":"Polygon","coordinates":[[[-82.30016805928645,27.939911480726025],[-82.30016805928645,27.94890468436327],[-82.2911748556492,27.94890468436327],[-82.2911748556492,27.939911480726025],[-82.30016805928645,27.939911480726025]]]}},{"type":"Feature","properties":{"jobs":211,"pop":1507,"pointCount":2,"homeWorkCommuteMedian":29120,"workHomeCommuteMedian":19585},"geometry":{"type":"Polygon","coordinates":[[[-82.30016805928645,27.94890468436327],[-82.30016805928645,27.957897888000517],[-82.2911748556492,27.957897888000517],[-82.2911748556492,27.94890468436327],[-82.30016805928645,27.94890468436327]]]}},{"type":"Feature","properties":{"jobs":135,"pop":947,"pointCount":1,"homeWorkCommuteMedian":21607,"workHomeCommuteMedian":17501},"geometry":{"type":"Polygon","coordinates":[[[-82.30016805928645,27.966891091637763],[-82.30016805928645,27.97588429527501],[-82.2911748556492,27.97588429527501],[-82.2911748556492,27.966891091637763],[-82.30016805928645,27.966891091637763]]]}},{"type":"Feature","properties":{"jobs":102,"pop":593,"pointCount":1,"homeWorkCommuteMedian":23333,"workHomeCommuteMedian":19280},"geometry":{"type":"Polygon","coordinates":[[[-82.30016805928645,27.97588429527501],[-82.30016805928645,27.984877498912255],[-82.2911748556492,27.984877498912255],[-82.2911748556492,27.97588429527501],[-82.30016805928645,27.97588429527501]]]}},{"type":"Feature","properties":{"jobs":38,"pop":375,"pointCount":1,"homeWorkCommuteMedian":16916,"workHomeCommuteMedian":15185},"geometry":{"type":"Polygon","coordinates":[[[-82.30016805928645,27.984877498912255],[-82.30016805928645,27.9938707025495],[-82.2911748556492,27.9938707025495],[-82.2911748556492,27.984877498912255],[-82.30016805928645,27.984877498912255]]]}},{"type":"Feature","properties":{"jobs":129,"pop":499,"pointCount":1,"homeWorkCommuteMedian":19494,"workHomeCommuteMedian":30269},"geometry":{"type":"Polygon","coordinates":[[[-82.30016805928645,27.9938707025495],[-82.30016805928645,28.002863906186747],[-82.2911748556492,28.002863906186747],[-82.2911748556492,27.9938707025495],[-82.30016805928645,27.9938707025495]]]}},{"type":"Feature","properties":{"jobs":331,"pop":153,"pointCount":1,"homeWorkCommuteMedian":20972,"workHomeCommuteMedian":24006},"geometry":{"type":"Polygon","coordinates":[[[-82.30016805928645,28.002863906186747],[-82.30016805928645,28.011857109823993],[-82.2911748556492,28.011857109823993],[-82.2911748556492,28.002863906186747],[-82.30016805928645,28.002863906186747]]]}},{"type":"Feature","properties":{"jobs":36,"pop":156,"pointCount":1,"homeWorkCommuteMedian":25213,"workHomeCommuteMedian":24014},"geometry":{"type":"Polygon","coordinates":[[[-82.30016805928645,28.047829924372977],[-82.30016805928645,28.056823128010222],[-82.2911748556492,28.056823128010222],[-82.2911748556492,28.047829924372977],[-82.30016805928645,28.047829924372977]]]}},{"type":"Feature","properties":{"jobs":115,"pop":127,"pointCount":1,"homeWorkCommuteMedian":23336,"workHomeCommuteMedian":32139},"geometry":{"type":"Polygon","coordinates":[[[-82.30016805928645,28.056823128010222],[-82.30016805928645,28.06581633164747],[-82.2911748556492,28.06581633164747],[-82.2911748556492,28.056823128010222],[-82.30016805928645,28.056823128010222]]]}},{"type":"Feature","properties":{"jobs":321,"pop":74,"pointCount":1,"homeWorkCommuteMedian":25867,"workHomeCommuteMedian":24689},"geometry":{"type":"Polygon","coordinates":[[[-82.30016805928645,28.06581633164747],[-82.30016805928645,28.074809535284714],[-82.2911748556492,28.074809535284714],[-82.2911748556492,28.06581633164747],[-82.30016805928645,28.06581633164747]]]}},{"type":"Feature","properties":{"jobs":69,"pop":116,"pointCount":1,"homeWorkCommuteMedian":32030,"workHomeCommuteMedian":27562},"geometry":{"type":"Polygon","coordinates":[[[-82.30016805928645,28.12876875710819],[-82.30016805928645,28.137761960745436],[-82.2911748556492,28.137761960745436],[-82.2911748556492,28.12876875710819],[-82.30016805928645,28.12876875710819]]]}},{"type":"Feature","properties":{"jobs":208,"pop":444,"pointCount":1,"homeWorkCommuteMedian":36873,"workHomeCommuteMedian":43745},"geometry":{"type":"Polygon","coordinates":[[[-82.30016805928645,28.146755164382682],[-82.30016805928645,28.15574836801993],[-82.2911748556492,28.15574836801993],[-82.2911748556492,28.146755164382682],[-82.30016805928645,28.146755164382682]]]}},{"type":"Feature","properties":{"jobs":35,"pop":627,"pointCount":1,"homeWorkCommuteMedian":37539,"workHomeCommuteMedian":31222},"geometry":{"type":"Polygon","coordinates":[[[-82.30016805928645,28.17373477529442],[-82.30016805928645,28.182727978931666],[-82.2911748556492,28.182727978931666],[-82.2911748556492,28.17373477529442],[-82.30016805928645,28.17373477529442]]]}},{"type":"Feature","properties":{"jobs":0,"pop":587,"pointCount":1,"homeWorkCommuteMedian":43610,"workHomeCommuteMedian":-1},"geometry":{"type":"Polygon","coordinates":[[[-82.30016805928645,28.182727978931666],[-82.30016805928645,28.191721182568912],[-82.2911748556492,28.191721182568912],[-82.2911748556492,28.182727978931666],[-82.30016805928645,28.182727978931666]]]}},{"type":"Feature","properties":{"jobs":94,"pop":551,"pointCount":1,"homeWorkCommuteMedian":42319,"workHomeCommuteMedian":33260},"geometry":{"type":"Polygon","coordinates":[[[-82.30016805928645,28.191721182568912],[-82.30016805928645,28.20071438620616],[-82.2911748556492,28.20071438620616],[-82.2911748556492,28.191721182568912],[-82.30016805928645,28.191721182568912]]]}},{"type":"Feature","properties":{"jobs":55,"pop":409,"pointCount":1,"homeWorkCommuteMedian":39653,"workHomeCommuteMedian":40174},"geometry":{"type":"Polygon","coordinates":[[[-82.30016805928645,28.209707589843404],[-82.30016805928645,28.21870079348065],[-82.2911748556492,28.21870079348065],[-82.2911748556492,28.209707589843404],[-82.30016805928645,28.209707589843404]]]}},{"type":"Feature","properties":{"jobs":0,"pop":321,"pointCount":1,"homeWorkCommuteMedian":45394,"workHomeCommuteMedian":-1},"geometry":{"type":"Polygon","coordinates":[[[-82.30016805928645,28.21870079348065],[-82.30016805928645,28.227693997117896],[-82.2911748556492,28.227693997117896],[-82.2911748556492,28.21870079348065],[-82.30016805928645,28.21870079348065]]]}},{"type":"Feature","properties":{"jobs":40,"pop":442,"pointCount":1,"homeWorkCommuteMedian":33647,"workHomeCommuteMedian":14092},"geometry":{"type":"Polygon","coordinates":[[[-82.30016805928645,28.227693997117896],[-82.30016805928645,28.236687200755142],[-82.2911748556492,28.236687200755142],[-82.2911748556492,28.227693997117896],[-82.30016805928645,28.227693997117896]]]}},{"type":"Feature","properties":{"jobs":0,"pop":2054,"pointCount":1,"homeWorkCommuteMedian":41574,"workHomeCommuteMedian":-1},"geometry":{"type":"Polygon","coordinates":[[[-82.30016805928645,28.245680404392388],[-82.30016805928645,28.254673608029634],[-82.2911748556492,28.254673608029634],[-82.2911748556492,28.245680404392388],[-82.30016805928645,28.245680404392388]]]}},{"type":"Feature","properties":{"jobs":389,"pop":1764,"pointCount":2,"homeWorkCommuteMedian":43795,"workHomeCommuteMedian":43446},"geometry":{"type":"Polygon","coordinates":[[[-82.30016805928645,28.26366681166688],[-82.30016805928645,28.272660015304126],[-82.2911748556492,28.272660015304126],[-82.2911748556492,28.26366681166688],[-82.30016805928645,28.26366681166688]]]}},{"type":"Feature","properties":{"jobs":81,"pop":966,"pointCount":1,"homeWorkCommuteMedian":32950,"workHomeCommuteMedian":16475},"geometry":{"type":"Polygon","coordinates":[[[-82.2911748556492,27.79602022253009],[-82.2911748556492,27.805013426167335],[-82.28218165201196,27.805013426167335],[-82.28218165201196,27.79602022253009],[-82.2911748556492,27.79602022253009]]]}},{"type":"Feature","properties":{"jobs":93,"pop":283,"pointCount":1,"homeWorkCommuteMedian":26810,"workHomeCommuteMedian":23107},"geometry":{"type":"Polygon","coordinates":[[[-82.2911748556492,27.84098624071632],[-82.2911748556492,27.849979444353565],[-82.28218165201196,27.849979444353565],[-82.28218165201196,27.84098624071632],[-82.2911748556492,27.84098624071632]]]}},{"type":"Feature","properties":{"jobs":159,"pop":211,"pointCount":1,"homeWorkCommuteMedian":29716,"workHomeCommuteMedian":24218},"geometry":{"type":"Polygon","coordinates":[[[-82.2911748556492,27.849979444353565],[-82.2911748556492,27.85897264799081],[-82.28218165201196,27.85897264799081],[-82.28218165201196,27.849979444353565],[-82.2911748556492,27.849979444353565]]]}},{"type":"Feature","properties":{"jobs":435,"pop":631,"pointCount":1,"homeWorkCommuteMedian":33633,"workHomeCommuteMedian":26450},"geometry":{"type":"Polygon","coordinates":[[[-82.2911748556492,27.85897264799081],[-82.2911748556492,27.867965851628057],[-82.28218165201196,27.867965851628057],[-82.28218165201196,27.85897264799081],[-82.2911748556492,27.85897264799081]]]}},{"type":"Feature","properties":{"jobs":136,"pop":492,"pointCount":1,"homeWorkCommuteMedian":30703,"workHomeCommuteMedian":30271},"geometry":{"type":"Polygon","coordinates":[[[-82.2911748556492,27.876959055265303],[-82.2911748556492,27.88595225890255],[-82.28218165201196,27.88595225890255],[-82.28218165201196,27.876959055265303],[-82.2911748556492,27.876959055265303]]]}},{"type":"Feature","properties":{"jobs":552,"pop":384,"pointCount":2,"homeWorkCommuteMedian":28408,"workHomeCommuteMedian":26401},"geometry":{"type":"Polygon","coordinates":[[[-82.2911748556492,27.88595225890255],[-82.2911748556492,27.894945462539795],[-82.28218165201196,27.894945462539795],[-82.28218165201196,27.88595225890255],[-82.2911748556492,27.88595225890255]]]}},{"type":"Feature","properties":{"jobs":189,"pop":693,"pointCount":1,"homeWorkCommuteMedian":23905,"workHomeCommuteMedian":12370},"geometry":{"type":"Polygon","coordinates":[[[-82.2911748556492,27.894945462539795],[-82.2911748556492,27.90393866617704],[-82.28218165201196,27.90393866617704],[-82.28218165201196,27.894945462539795],[-82.2911748556492,27.894945462539795]]]}},{"type":"Feature","properties":{"jobs":293,"pop":647,"pointCount":1,"homeWorkCommuteMedian":28020,"workHomeCommuteMedian":21086},"geometry":{"type":"Polygon","coordinates":[[[-82.2911748556492,27.912931869814287],[-82.2911748556492,27.921925073451533],[-82.28218165201196,27.921925073451533],[-82.28218165201196,27.912931869814287],[-82.2911748556492,27.912931869814287]]]}},{"type":"Feature","properties":{"jobs":636,"pop":286,"pointCount":1,"homeWorkCommuteMedian":28479,"workHomeCommuteMedian":30818},"geometry":{"type":"Polygon","coordinates":[[[-82.2911748556492,27.921925073451533],[-82.2911748556492,27.93091827708878],[-82.28218165201196,27.93091827708878],[-82.28218165201196,27.921925073451533],[-82.2911748556492,27.921925073451533]]]}},{"type":"Feature","properties":{"jobs":3844,"pop":1254,"pointCount":4,"homeWorkCommuteMedian":22544,"workHomeCommuteMedian":26975},"geometry":{"type":"Polygon","coordinates":[[[-82.2911748556492,27.93091827708878],[-82.2911748556492,27.939911480726025],[-82.28218165201196,27.939911480726025],[-82.28218165201196,27.93091827708878],[-82.2911748556492,27.93091827708878]]]}},{"type":"Feature","properties":{"jobs":204,"pop":1413,"pointCount":2,"homeWorkCommuteMedian":23670,"workHomeCommuteMedian":18567},"geometry":{"type":"Polygon","coordinates":[[[-82.2911748556492,27.957897888000517],[-82.2911748556492,27.966891091637763],[-82.28218165201196,27.966891091637763],[-82.28218165201196,27.957897888000517],[-82.2911748556492,27.957897888000517]]]}},{"type":"Feature","properties":{"jobs":334,"pop":288,"pointCount":1,"homeWorkCommuteMedian":16153,"workHomeCommuteMedian":23201},"geometry":{"type":"Polygon","coordinates":[[[-82.2911748556492,27.97588429527501],[-82.2911748556492,27.984877498912255],[-82.28218165201196,27.984877498912255],[-82.28218165201196,27.97588429527501],[-82.2911748556492,27.97588429527501]]]}},{"type":"Feature","properties":{"jobs":199,"pop":446,"pointCount":1,"homeWorkCommuteMedian":24976,"workHomeCommuteMedian":24229},"geometry":{"type":"Polygon","coordinates":[[[-82.2911748556492,27.984877498912255],[-82.2911748556492,27.9938707025495],[-82.28218165201196,27.9938707025495],[-82.28218165201196,27.984877498912255],[-82.2911748556492,27.984877498912255]]]}},{"type":"Feature","properties":{"jobs":59,"pop":82,"pointCount":1,"homeWorkCommuteMedian":23107,"workHomeCommuteMedian":29843},"geometry":{"type":"Polygon","coordinates":[[[-82.2911748556492,28.011857109823993],[-82.2911748556492,28.02085031346124],[-82.28218165201196,28.02085031346124],[-82.28218165201196,28.011857109823993],[-82.2911748556492,28.011857109823993]]]}},{"type":"Feature","properties":{"jobs":0,"pop":81,"pointCount":1,"homeWorkCommuteMedian":18019,"workHomeCommuteMedian":-1},"geometry":{"type":"Polygon","coordinates":[[[-82.2911748556492,28.029843517098485],[-82.2911748556492,28.03883672073573],[-82.28218165201196,28.03883672073573],[-82.28218165201196,28.029843517098485],[-82.2911748556492,28.029843517098485]]]}},{"type":"Feature","properties":{"jobs":15,"pop":34,"pointCount":1,"homeWorkCommuteMedian":37583,"workHomeCommuteMedian":55420},"geometry":{"type":"Polygon","coordinates":[[[-82.2911748556492,28.12876875710819],[-82.2911748556492,28.137761960745436],[-82.28218165201196,28.137761960745436],[-82.28218165201196,28.12876875710819],[-82.2911748556492,28.12876875710819]]]}},{"type":"Feature","properties":{"jobs":20,"pop":418,"pointCount":1,"homeWorkCommuteMedian":37158,"workHomeCommuteMedian":79171},"geometry":{"type":"Polygon","coordinates":[[[-82.2911748556492,28.17373477529442],[-82.2911748556492,28.182727978931666],[-82.28218165201196,28.182727978931666],[-82.28218165201196,28.17373477529442],[-82.2911748556492,28.17373477529442]]]}},{"type":"Feature","properties":{"jobs":164,"pop":244,"pointCount":1,"homeWorkCommuteMedian":36301,"workHomeCommuteMedian":16040},"geometry":{"type":"Polygon","coordinates":[[[-82.2911748556492,28.182727978931666],[-82.2911748556492,28.191721182568912],[-82.28218165201196,28.191721182568912],[-82.28218165201196,28.182727978931666],[-82.2911748556492,28.182727978931666]]]}},{"type":"Feature","properties":{"jobs":40,"pop":610,"pointCount":1,"homeWorkCommuteMedian":43420,"workHomeCommuteMedian":43234},"geometry":{"type":"Polygon","coordinates":[[[-82.2911748556492,28.20071438620616],[-82.2911748556492,28.209707589843404],[-82.28218165201196,28.209707589843404],[-82.28218165201196,28.20071438620616],[-82.2911748556492,28.20071438620616]]]}},{"type":"Feature","properties":{"jobs":9,"pop":559,"pointCount":1,"homeWorkCommuteMedian":43734,"workHomeCommuteMedian":39685},"geometry":{"type":"Polygon","coordinates":[[[-82.2911748556492,28.21870079348065],[-82.2911748556492,28.227693997117896],[-82.28218165201196,28.227693997117896],[-82.28218165201196,28.21870079348065],[-82.2911748556492,28.21870079348065]]]}},{"type":"Feature","properties":{"jobs":4,"pop":950,"pointCount":1,"homeWorkCommuteMedian":46402,"workHomeCommuteMedian":32158},"geometry":{"type":"Polygon","coordinates":[[[-82.2911748556492,28.254673608029634],[-82.2911748556492,28.26366681166688],[-82.28218165201196,28.26366681166688],[-82.28218165201196,28.254673608029634],[-82.2911748556492,28.254673608029634]]]}},{"type":"Feature","properties":{"jobs":0,"pop":5,"pointCount":1,"homeWorkCommuteMedian":8929,"workHomeCommuteMedian":-1},"geometry":{"type":"Polygon","coordinates":[[[-82.28218165201196,27.688101778883137],[-82.28218165201196,27.697094982520383],[-82.27318844837471,27.697094982520383],[-82.27318844837471,27.688101778883137],[-82.28218165201196,27.688101778883137]]]}},{"type":"Feature","properties":{"jobs":0,"pop":27,"pointCount":1,"homeWorkCommuteMedian":33290,"workHomeCommuteMedian":-1},"geometry":{"type":"Polygon","coordinates":[[[-82.28218165201196,27.697094982520383],[-82.28218165201196,27.70608818615763],[-82.27318844837471,27.70608818615763],[-82.27318844837471,27.697094982520383],[-82.28218165201196,27.697094982520383]]]}},{"type":"Feature","properties":{"jobs":12,"pop":0,"pointCount":1,"homeWorkCommuteMedian":-1,"workHomeCommuteMedian":63269},"geometry":{"type":"Polygon","coordinates":[[[-82.28218165201196,27.715081389794875],[-82.28218165201196,27.72407459343212],[-82.27318844837471,27.72407459343212],[-82.27318844837471,27.715081389794875],[-82.28218165201196,27.715081389794875]]]}},{"type":"Feature","properties":{"jobs":22,"pop":365,"pointCount":1,"homeWorkCommuteMedian":29582,"workHomeCommuteMedian":11370},"geometry":{"type":"Polygon","coordinates":[[[-82.28218165201196,27.79602022253009],[-82.28218165201196,27.805013426167335],[-82.27318844837471,27.805013426167335],[-82.27318844837471,27.79602022253009],[-82.28218165201196,27.79602022253009]]]}},{"type":"Feature","properties":{"jobs":17,"pop":607,"pointCount":1,"homeWorkCommuteMedian":25786,"workHomeCommuteMedian":25225},"geometry":{"type":"Polygon","coordinates":[[[-82.28218165201196,27.805013426167335],[-82.28218165201196,27.81400662980458],[-82.27318844837471,27.81400662980458],[-82.27318844837471,27.805013426167335],[-82.28218165201196,27.805013426167335]]]}},{"type":"Feature","properties":{"jobs":23,"pop":455,"pointCount":1,"homeWorkCommuteMedian":33902,"workHomeCommuteMedian":16368},"geometry":{"type":"Polygon","coordinates":[[[-82.28218165201196,27.81400662980458],[-82.28218165201196,27.822999833441827],[-82.27318844837471,27.822999833441827],[-82.27318844837471,27.81400662980458],[-82.28218165201196,27.81400662980458]]]}},{"type":"Feature","properties":{"jobs":56,"pop":703,"pointCount":1,"homeWorkCommuteMedian":33913,"workHomeCommuteMedian":13815},"geometry":{"type":"Polygon","coordinates":[[[-82.28218165201196,27.831993037079073],[-82.28218165201196,27.84098624071632],[-82.27318844837471,27.84098624071632],[-82.27318844837471,27.831993037079073],[-82.28218165201196,27.831993037079073]]]}},{"type":"Feature","properties":{"jobs":43,"pop":1000,"pointCount":1,"homeWorkCommuteMedian":29104,"workHomeCommuteMedian":13895},"geometry":{"type":"Polygon","coordinates":[[[-82.28218165201196,27.849979444353565],[-82.28218165201196,27.85897264799081],[-82.27318844837471,27.85897264799081],[-82.27318844837471,27.849979444353565],[-82.28218165201196,27.849979444353565]]]}},{"type":"Feature","properties":{"jobs":88,"pop":1566,"pointCount":1,"homeWorkCommuteMedian":31853,"workHomeCommuteMedian":25267},"geometry":{"type":"Polygon","coordinates":[[[-82.28218165201196,27.867965851628057],[-82.28218165201196,27.876959055265303],[-82.27318844837471,27.876959055265303],[-82.27318844837471,27.867965851628057],[-82.28218165201196,27.867965851628057]]]}},{"type":"Feature","properties":{"jobs":930,"pop":356,"pointCount":2,"homeWorkCommuteMedian":30056,"workHomeCommuteMedian":25125},"geometry":{"type":"Polygon","coordinates":[[[-82.28218165201196,27.88595225890255],[-82.28218165201196,27.894945462539795],[-82.27318844837471,27.894945462539795],[-82.27318844837471,27.88595225890255],[-82.28218165201196,27.88595225890255]]]}},{"type":"Feature","properties":{"jobs":48,"pop":612,"pointCount":1,"homeWorkCommuteMedian":27974,"workHomeCommuteMedian":6076},"geometry":{"type":"Polygon","coordinates":[[[-82.28218165201196,27.90393866617704],[-82.28218165201196,27.912931869814287],[-82.27318844837471,27.912931869814287],[-82.27318844837471,27.90393866617704],[-82.28218165201196,27.90393866617704]]]}},{"type":"Feature","properties":{"jobs":98,"pop":349,"pointCount":1,"homeWorkCommuteMedian":28524,"workHomeCommuteMedian":17606},"geometry":{"type":"Polygon","coordinates":[[[-82.28218165201196,27.912931869814287],[-82.28218165201196,27.921925073451533],[-82.27318844837471,27.921925073451533],[-82.27318844837471,27.912931869814287],[-82.28218165201196,27.912931869814287]]]}},{"type":"Feature","properties":{"jobs":571,"pop":471,"pointCount":2,"homeWorkCommuteMedian":29646,"workHomeCommuteMedian":28526},"geometry":{"type":"Polygon","coordinates":[[[-82.28218165201196,27.921925073451533],[-82.28218165201196,27.93091827708878],[-82.27318844837471,27.93091827708878],[-82.27318844837471,27.921925073451533],[-82.28218165201196,27.921925073451533]]]}},{"type":"Feature","properties":{"jobs":409,"pop":132,"pointCount":1,"homeWorkCommuteMedian":32246,"workHomeCommuteMedian":24807},"geometry":{"type":"Polygon","coordinates":[[[-82.28218165201196,27.93091827708878],[-82.28218165201196,27.939911480726025],[-82.27318844837471,27.939911480726025],[-82.27318844837471,27.93091827708878],[-82.28218165201196,27.93091827708878]]]}},{"type":"Feature","properties":{"jobs":303,"pop":1488,"pointCount":2,"homeWorkCommuteMedian":23401,"workHomeCommuteMedian":33371},"geometry":{"type":"Polygon","coordinates":[[[-82.28218165201196,27.939911480726025],[-82.28218165201196,27.94890468436327],[-82.27318844837471,27.94890468436327],[-82.27318844837471,27.939911480726025],[-82.28218165201196,27.939911480726025]]]}},{"type":"Feature","properties":{"jobs":435,"pop":1673,"pointCount":3,"homeWorkCommuteMedian":23323,"workHomeCommuteMedian":25627},"geometry":{"type":"Polygon","coordinates":[[[-82.28218165201196,27.94890468436327],[-82.28218165201196,27.957897888000517],[-82.27318844837471,27.957897888000517],[-82.27318844837471,27.94890468436327],[-82.28218165201196,27.94890468436327]]]}},{"type":"Feature","properties":{"jobs":52,"pop":859,"pointCount":1,"homeWorkCommuteMedian":21550,"workHomeCommuteMedian":21006},"geometry":{"type":"Polygon","coordinates":[[[-82.28218165201196,27.957897888000517],[-82.28218165201196,27.966891091637763],[-82.27318844837471,27.966891091637763],[-82.27318844837471,27.957897888000517],[-82.28218165201196,27.957897888000517]]]}},{"type":"Feature","properties":{"jobs":188,"pop":762,"pointCount":1,"homeWorkCommuteMedian":19537,"workHomeCommuteMedian":16607},"geometry":{"type":"Polygon","coordinates":[[[-82.28218165201196,27.97588429527501],[-82.28218165201196,27.984877498912255],[-82.27318844837471,27.984877498912255],[-82.27318844837471,27.97588429527501],[-82.28218165201196,27.97588429527501]]]}},{"type":"Feature","properties":{"jobs":78,"pop":461,"pointCount":1,"homeWorkCommuteMedian":22065,"workHomeCommuteMedian":20206},"geometry":{"type":"Polygon","coordinates":[[[-82.28218165201196,27.9938707025495],[-82.28218165201196,28.002863906186747],[-82.27318844837471,28.002863906186747],[-82.27318844837471,27.9938707025495],[-82.28218165201196,27.9938707025495]]]}},{"type":"Feature","properties":{"jobs":6,"pop":30,"pointCount":1,"homeWorkCommuteMedian":36012,"workHomeCommuteMedian":11274},"geometry":{"type":"Polygon","coordinates":[[[-82.28218165201196,28.074809535284714],[-82.28218165201196,28.08380273892196],[-82.27318844837471,28.08380273892196],[-82.27318844837471,28.074809535284714],[-82.28218165201196,28.074809535284714]]]}},{"type":"Feature","properties":{"jobs":0,"pop":14,"pointCount":1,"homeWorkCommuteMedian":31308,"workHomeCommuteMedian":-1},"geometry":{"type":"Polygon","coordinates":[[[-82.28218165201196,28.092795942559206],[-82.28218165201196,28.101789146196452],[-82.27318844837471,28.101789146196452],[-82.27318844837471,28.092795942559206],[-82.28218165201196,28.092795942559206]]]}},{"type":"Feature","properties":{"jobs":35,"pop":222,"pointCount":1,"homeWorkCommuteMedian":44598,"workHomeCommuteMedian":16972},"geometry":{"type":"Polygon","coordinates":[[[-82.28218165201196,28.164741571657174],[-82.28218165201196,28.17373477529442],[-82.27318844837471,28.17373477529442],[-82.27318844837471,28.164741571657174],[-82.28218165201196,28.164741571657174]]]}},{"type":"Feature","properties":{"jobs":33,"pop":515,"pointCount":1,"homeWorkCommuteMedian":44646,"workHomeCommuteMedian":15386},"geometry":{"type":"Polygon","coordinates":[[[-82.28218165201196,28.21870079348065],[-82.28218165201196,28.227693997117896],[-82.27318844837471,28.227693997117896],[-82.27318844837471,28.21870079348065],[-82.28218165201196,28.21870079348065]]]}},{"type":"Feature","properties":{"jobs":24,"pop":485,"pointCount":1,"homeWorkCommuteMedian":43352,"workHomeCommuteMedian":8020},"geometry":{"type":"Polygon","coordinates":[[[-82.28218165201196,28.227693997117896],[-82.28218165201196,28.236687200755142],[-82.27318844837471,28.236687200755142],[-82.27318844837471,28.227693997117896],[-82.28218165201196,28.227693997117896]]]}},{"type":"Feature","properties":{"jobs":0,"pop":836,"pointCount":1,"homeWorkCommuteMedian":42349,"workHomeCommuteMedian":-1},"geometry":{"type":"Polygon","coordinates":[[[-82.28218165201196,28.236687200755142],[-82.28218165201196,28.245680404392388],[-82.27318844837471,28.245680404392388],[-82.27318844837471,28.236687200755142],[-82.28218165201196,28.236687200755142]]]}},{"type":"Feature","properties":{"jobs":83,"pop":8,"pointCount":1,"homeWorkCommuteMedian":74053,"workHomeCommuteMedian":25943},"geometry":{"type":"Polygon","coordinates":[[[-82.27318844837471,27.733067797069367],[-82.27318844837471,27.742061000706613],[-82.26419524473746,27.742061000706613],[-82.26419524473746,27.733067797069367],[-82.27318844837471,27.733067797069367]]]}},{"type":"Feature","properties":{"jobs":26,"pop":34,"pointCount":1,"homeWorkCommuteMedian":33063,"workHomeCommuteMedian":10783},"geometry":{"type":"Polygon","coordinates":[[[-82.27318844837471,27.76904061161835],[-82.27318844837471,27.778033815255597],[-82.26419524473746,27.778033815255597],[-82.26419524473746,27.76904061161835],[-82.27318844837471,27.76904061161835]]]}},{"type":"Feature","properties":{"jobs":67,"pop":351,"pointCount":1,"homeWorkCommuteMedian":34737,"workHomeCommuteMedian":18870},"geometry":{"type":"Polygon","coordinates":[[[-82.27318844837471,27.805013426167335],[-82.27318844837471,27.81400662980458],[-82.26419524473746,27.81400662980458],[-82.26419524473746,27.805013426167335],[-82.27318844837471,27.805013426167335]]]}},{"type":"Feature","properties":{"jobs":209,"pop":455,"pointCount":1,"homeWorkCommuteMedian":40314,"workHomeCommuteMedian":24148},"geometry":{"type":"Polygon","coordinates":[[[-82.27318844837471,27.84098624071632],[-82.27318844837471,27.849979444353565],[-82.26419524473746,27.849979444353565],[-82.26419524473746,27.84098624071632],[-82.27318844837471,27.84098624071632]]]}},{"type":"Feature","properties":{"jobs":112,"pop":156,"pointCount":1,"homeWorkCommuteMedian":41265,"workHomeCommuteMedian":12737},"geometry":{"type":"Polygon","coordinates":[[[-82.27318844837471,27.849979444353565],[-82.27318844837471,27.85897264799081],[-82.26419524473746,27.85897264799081],[-82.26419524473746,27.849979444353565],[-82.27318844837471,27.849979444353565]]]}},{"type":"Feature","properties":{"jobs":237,"pop":1094,"pointCount":1,"homeWorkCommuteMedian":32690,"workHomeCommuteMedian":36612},"geometry":{"type":"Polygon","coordinates":[[[-82.27318844837471,27.867965851628057],[-82.27318844837471,27.876959055265303],[-82.26419524473746,27.876959055265303],[-82.26419524473746,27.867965851628057],[-82.27318844837471,27.867965851628057]]]}},{"type":"Feature","properties":{"jobs":310,"pop":1248,"pointCount":2,"homeWorkCommuteMedian":32387,"workHomeCommuteMedian":29079},"geometry":{"type":"Polygon","coordinates":[[[-82.27318844837471,27.876959055265303],[-82.27318844837471,27.88595225890255],[-82.26419524473746,27.88595225890255],[-82.26419524473746,27.876959055265303],[-82.27318844837471,27.876959055265303]]]}},{"type":"Feature","properties":{"jobs":116,"pop":429,"pointCount":1,"homeWorkCommuteMedian":34331,"workHomeCommuteMedian":27118},"geometry":{"type":"Polygon","coordinates":[[[-82.27318844837471,27.88595225890255],[-82.27318844837471,27.894945462539795],[-82.26419524473746,27.894945462539795],[-82.26419524473746,27.88595225890255],[-82.27318844837471,27.88595225890255]]]}},{"type":"Feature","properties":{"jobs":344,"pop":273,"pointCount":1,"homeWorkCommuteMedian":30016,"workHomeCommuteMedian":29597},"geometry":{"type":"Polygon","coordinates":[[[-82.27318844837471,27.894945462539795],[-82.27318844837471,27.90393866617704],[-82.26419524473746,27.90393866617704],[-82.26419524473746,27.894945462539795],[-82.27318844837471,27.894945462539795]]]}},{"type":"Feature","properties":{"jobs":34,"pop":404,"pointCount":1,"homeWorkCommuteMedian":25751,"workHomeCommuteMedian":4146},"geometry":{"type":"Polygon","coordinates":[[[-82.27318844837471,27.90393866617704],[-82.27318844837471,27.912931869814287],[-82.26419524473746,27.912931869814287],[-82.26419524473746,27.90393866617704],[-82.27318844837471,27.90393866617704]]]}},{"type":"Feature","properties":{"jobs":55,"pop":274,"pointCount":1,"homeWorkCommuteMedian":22768,"workHomeCommuteMedian":21619},"geometry":{"type":"Polygon","coordinates":[[[-82.27318844837471,27.912931869814287],[-82.27318844837471,27.921925073451533],[-82.26419524473746,27.921925073451533],[-82.26419524473746,27.912931869814287],[-82.27318844837471,27.912931869814287]]]}},{"type":"Feature","properties":{"jobs":183,"pop":877,"pointCount":2,"homeWorkCommuteMedian":24797,"workHomeCommuteMedian":31240},"geometry":{"type":"Polygon","coordinates":[[[-82.27318844837471,27.921925073451533],[-82.27318844837471,27.93091827708878],[-82.26419524473746,27.93091827708878],[-82.26419524473746,27.921925073451533],[-82.27318844837471,27.921925073451533]]]}},{"type":"Feature","properties":{"jobs":617,"pop":727,"pointCount":3,"homeWorkCommuteMedian":24545,"workHomeCommuteMedian":28781},"geometry":{"type":"Polygon","coordinates":[[[-82.27318844837471,27.93091827708878],[-82.27318844837471,27.939911480726025],[-82.26419524473746,27.939911480726025],[-82.26419524473746,27.93091827708878],[-82.27318844837471,27.93091827708878]]]}},{"type":"Feature","properties":{"jobs":85,"pop":560,"pointCount":1,"homeWorkCommuteMedian":27655,"workHomeCommuteMedian":24976},"geometry":{"type":"Polygon","coordinates":[[[-82.27318844837471,27.94890468436327],[-82.27318844837471,27.957897888000517],[-82.26419524473746,27.957897888000517],[-82.26419524473746,27.94890468436327],[-82.27318844837471,27.94890468436327]]]}},{"type":"Feature","properties":{"jobs":208,"pop":2015,"pointCount":2,"homeWorkCommuteMedian":24425,"workHomeCommuteMedian":16423},"geometry":{"type":"Polygon","coordinates":[[[-82.27318844837471,27.966891091637763],[-82.27318844837471,27.97588429527501],[-82.26419524473746,27.97588429527501],[-82.26419524473746,27.966891091637763],[-82.27318844837471,27.966891091637763]]]}},{"type":"Feature","properties":{"jobs":130,"pop":196,"pointCount":1,"homeWorkCommuteMedian":12679,"workHomeCommuteMedian":22107},"geometry":{"type":"Polygon","coordinates":[[[-82.27318844837471,27.97588429527501],[-82.27318844837471,27.984877498912255],[-82.26419524473746,27.984877498912255],[-82.26419524473746,27.97588429527501],[-82.27318844837471,27.97588429527501]]]}},{"type":"Feature","properties":{"jobs":158,"pop":429,"pointCount":2,"homeWorkCommuteMedian":21559,"workHomeCommuteMedian":27356},"geometry":{"type":"Polygon","coordinates":[[[-82.27318844837471,27.984877498912255],[-82.27318844837471,27.9938707025495],[-82.26419524473746,27.9938707025495],[-82.26419524473746,27.984877498912255],[-82.27318844837471,27.984877498912255]]]}},{"type":"Feature","properties":{"jobs":56,"pop":511,"pointCount":1,"homeWorkCommuteMedian":22550,"workHomeCommuteMedian":22533},"geometry":{"type":"Polygon","coordinates":[[[-82.27318844837471,28.002863906186747],[-82.27318844837471,28.011857109823993],[-82.26419524473746,28.011857109823993],[-82.26419524473746,28.002863906186747],[-82.27318844837471,28.002863906186747]]]}},{"type":"Feature","properties":{"jobs":10,"pop":66,"pointCount":1,"homeWorkCommuteMedian":23478,"workHomeCommuteMedian":14461},"geometry":{"type":"Polygon","coordinates":[[[-82.27318844837471,28.029843517098485],[-82.27318844837471,28.03883672073573],[-82.26419524473746,28.03883672073573],[-82.26419524473746,28.029843517098485],[-82.27318844837471,28.029843517098485]]]}},{"type":"Feature","properties":{"jobs":19,"pop":130,"pointCount":1,"homeWorkCommuteMedian":21830,"workHomeCommuteMedian":28985},"geometry":{"type":"Polygon","coordinates":[[[-82.27318844837471,28.047829924372977],[-82.27318844837471,28.056823128010222],[-82.26419524473746,28.056823128010222],[-82.26419524473746,28.047829924372977],[-82.27318844837471,28.047829924372977]]]}},{"type":"Feature","properties":{"jobs":53,"pop":36,"pointCount":1,"homeWorkCommuteMedian":37563,"workHomeCommuteMedian":37689},"geometry":{"type":"Polygon","coordinates":[[[-82.27318844837471,28.137761960745436],[-82.27318844837471,28.146755164382682],[-82.26419524473746,28.146755164382682],[-82.26419524473746,28.137761960745436],[-82.27318844837471,28.137761960745436]]]}},{"type":"Feature","properties":{"jobs":0,"pop":410,"pointCount":1,"homeWorkCommuteMedian":42237,"workHomeCommuteMedian":-1},"geometry":{"type":"Polygon","coordinates":[[[-82.27318844837471,28.191721182568912],[-82.27318844837471,28.20071438620616],[-82.26419524473746,28.20071438620616],[-82.26419524473746,28.191721182568912],[-82.27318844837471,28.191721182568912]]]}},{"type":"Feature","properties":{"jobs":168,"pop":603,"pointCount":1,"homeWorkCommuteMedian":43042,"workHomeCommuteMedian":38213},"geometry":{"type":"Polygon","coordinates":[[[-82.27318844837471,28.26366681166688],[-82.27318844837471,28.272660015304126],[-82.26419524473746,28.272660015304126],[-82.26419524473746,28.26366681166688],[-82.27318844837471,28.26366681166688]]]}},{"type":"Feature","properties":{"jobs":36,"pop":38,"pointCount":1,"homeWorkCommuteMedian":41445,"workHomeCommuteMedian":31906},"geometry":{"type":"Polygon","coordinates":[[[-82.26419524473746,27.787027018892843],[-82.26419524473746,27.79602022253009],[-82.25520204110022,27.79602022253009],[-82.25520204110022,27.787027018892843],[-82.26419524473746,27.787027018892843]]]}},{"type":"Feature","properties":{"jobs":23,"pop":123,"pointCount":1,"homeWorkCommuteMedian":41073,"workHomeCommuteMedian":66489},"geometry":{"type":"Polygon","coordinates":[[[-82.26419524473746,27.81400662980458],[-82.26419524473746,27.822999833441827],[-82.25520204110022,27.822999833441827],[-82.25520204110022,27.81400662980458],[-82.26419524473746,27.81400662980458]]]}},{"type":"Feature","properties":{"jobs":11,"pop":624,"pointCount":1,"homeWorkCommuteMedian":30526,"workHomeCommuteMedian":44713},"geometry":{"type":"Polygon","coordinates":[[[-82.26419524473746,27.831993037079073],[-82.26419524473746,27.84098624071632],[-82.25520204110022,27.84098624071632],[-82.25520204110022,27.831993037079073],[-82.26419524473746,27.831993037079073]]]}},{"type":"Feature","properties":{"jobs":807,"pop":320,"pointCount":1,"homeWorkCommuteMedian":32844,"workHomeCommuteMedian":28095},"geometry":{"type":"Polygon","coordinates":[[[-82.26419524473746,27.849979444353565],[-82.26419524473746,27.85897264799081],[-82.25520204110022,27.85897264799081],[-82.25520204110022,27.849979444353565],[-82.26419524473746,27.849979444353565]]]}},{"type":"Feature","properties":{"jobs":12,"pop":696,"pointCount":1,"homeWorkCommuteMedian":34958,"workHomeCommuteMedian":42878},"geometry":{"type":"Polygon","coordinates":[[[-82.26419524473746,27.85897264799081],[-82.26419524473746,27.867965851628057],[-82.25520204110022,27.867965851628057],[-82.25520204110022,27.85897264799081],[-82.26419524473746,27.85897264799081]]]}},{"type":"Feature","properties":{"jobs":64,"pop":2043,"pointCount":2,"homeWorkCommuteMedian":33145,"workHomeCommuteMedian":31835},"geometry":{"type":"Polygon","coordinates":[[[-82.26419524473746,27.876959055265303],[-82.26419524473746,27.88595225890255],[-82.25520204110022,27.88595225890255],[-82.25520204110022,27.876959055265303],[-82.26419524473746,27.876959055265303]]]}},{"type":"Feature","properties":{"jobs":6,"pop":303,"pointCount":1,"homeWorkCommuteMedian":36342,"workHomeCommuteMedian":67416},"geometry":{"type":"Polygon","coordinates":[[[-82.26419524473746,27.88595225890255],[-82.26419524473746,27.894945462539795],[-82.25520204110022,27.894945462539795],[-82.25520204110022,27.88595225890255],[-82.26419524473746,27.88595225890255]]]}},{"type":"Feature","properties":{"jobs":111,"pop":437,"pointCount":1,"homeWorkCommuteMedian":31426,"workHomeCommuteMedian":16019},"geometry":{"type":"Polygon","coordinates":[[[-82.26419524473746,27.90393866617704],[-82.26419524473746,27.912931869814287],[-82.25520204110022,27.912931869814287],[-82.25520204110022,27.90393866617704],[-82.26419524473746,27.90393866617704]]]}},{"type":"Feature","properties":{"jobs":186,"pop":632,"pointCount":1,"homeWorkCommuteMedian":25615,"workHomeCommuteMedian":31033},"geometry":{"type":"Polygon","coordinates":[[[-82.26419524473746,27.912931869814287],[-82.26419524473746,27.921925073451533],[-82.25520204110022,27.921925073451533],[-82.25520204110022,27.912931869814287],[-82.26419524473746,27.912931869814287]]]}},{"type":"Feature","properties":{"jobs":18,"pop":852,"pointCount":1,"homeWorkCommuteMedian":24616,"workHomeCommuteMedian":7885},"geometry":{"type":"Polygon","coordinates":[[[-82.26419524473746,27.921925073451533],[-82.26419524473746,27.93091827708878],[-82.25520204110022,27.93091827708878],[-82.25520204110022,27.921925073451533],[-82.26419524473746,27.921925073451533]]]}},{"type":"Feature","properties":{"jobs":337,"pop":483,"pointCount":1,"homeWorkCommuteMedian":24265,"workHomeCommuteMedian":23277},"geometry":{"type":"Polygon","coordinates":[[[-82.26419524473746,27.93091827708878],[-82.26419524473746,27.939911480726025],[-82.25520204110022,27.939911480726025],[-82.25520204110022,27.93091827708878],[-82.26419524473746,27.93091827708878]]]}},{"type":"Feature","properties":{"jobs":1211,"pop":1380,"pointCount":2,"homeWorkCommuteMedian":24836,"workHomeCommuteMedian":27225},"geometry":{"type":"Polygon","coordinates":[[[-82.26419524473746,27.939911480726025],[-82.26419524473746,27.94890468436327],[-82.25520204110022,27.94890468436327],[-82.25520204110022,27.939911480726025],[-82.26419524473746,27.939911480726025]]]}},{"type":"Feature","properties":{"jobs":5,"pop":701,"pointCount":1,"homeWorkCommuteMedian":25417,"workHomeCommuteMedian":21300},"geometry":{"type":"Polygon","coordinates":[[[-82.26419524473746,27.94890468436327],[-82.26419524473746,27.957897888000517],[-82.25520204110022,27.957897888000517],[-82.25520204110022,27.94890468436327],[-82.26419524473746,27.94890468436327]]]}},{"type":"Feature","properties":{"jobs":48,"pop":281,"pointCount":1,"homeWorkCommuteMedian":22389,"workHomeCommuteMedian":18294},"geometry":{"type":"Polygon","coordinates":[[[-82.26419524473746,27.97588429527501],[-82.26419524473746,27.984877498912255],[-82.25520204110022,27.984877498912255],[-82.25520204110022,27.97588429527501],[-82.26419524473746,27.97588429527501]]]}},{"type":"Feature","properties":{"jobs":263,"pop":532,"pointCount":1,"homeWorkCommuteMedian":26179,"workHomeCommuteMedian":30687},"geometry":{"type":"Polygon","coordinates":[[[-82.26419524473746,28.002863906186747],[-82.26419524473746,28.011857109823993],[-82.25520204110022,28.011857109823993],[-82.25520204110022,28.002863906186747],[-82.26419524473746,28.002863906186747]]]}},{"type":"Feature","properties":{"jobs":0,"pop":242,"pointCount":1,"homeWorkCommuteMedian":45276,"workHomeCommuteMedian":-1},"geometry":{"type":"Polygon","coordinates":[[[-82.26419524473746,28.02085031346124],[-82.26419524473746,28.029843517098485],[-82.25520204110022,28.029843517098485],[-82.25520204110022,28.02085031346124],[-82.26419524473746,28.02085031346124]]]}},{"type":"Feature","properties":{"jobs":36,"pop":62,"pointCount":1,"homeWorkCommuteMedian":25303,"workHomeCommuteMedian":32729},"geometry":{"type":"Polygon","coordinates":[[[-82.26419524473746,28.074809535284714],[-82.26419524473746,28.08380273892196],[-82.25520204110022,28.08380273892196],[-82.25520204110022,28.074809535284714],[-82.26419524473746,28.074809535284714]]]}},{"type":"Feature","properties":{"jobs":50,"pop":31,"pointCount":1,"homeWorkCommuteMedian":27247,"workHomeCommuteMedian":32863},"geometry":{"type":"Polygon","coordinates":[[[-82.26419524473746,28.1107823498337],[-82.26419524473746,28.119775553470944],[-82.25520204110022,28.119775553470944],[-82.25520204110022,28.1107823498337],[-82.26419524473746,28.1107823498337]]]}},{"type":"Feature","properties":{"jobs":0,"pop":9,"pointCount":1,"homeWorkCommuteMedian":30025,"workHomeCommuteMedian":-1},"geometry":{"type":"Polygon","coordinates":[[[-82.26419524473746,28.119775553470944],[-82.26419524473746,28.12876875710819],[-82.25520204110022,28.12876875710819],[-82.25520204110022,28.119775553470944],[-82.26419524473746,28.119775553470944]]]}},{"type":"Feature","properties":{"jobs":2,"pop":0,"pointCount":1,"homeWorkCommuteMedian":-1,"workHomeCommuteMedian":12843},"geometry":{"type":"Polygon","coordinates":[[[-82.26419524473746,28.15574836801993],[-82.26419524473746,28.164741571657174],[-82.25520204110022,28.164741571657174],[-82.25520204110022,28.15574836801993],[-82.26419524473746,28.15574836801993]]]}},{"type":"Feature","properties":{"jobs":69,"pop":42,"pointCount":1,"homeWorkCommuteMedian":55121,"workHomeCommuteMedian":32628},"geometry":{"type":"Polygon","coordinates":[[[-82.26419524473746,28.17373477529442],[-82.26419524473746,28.182727978931666],[-82.25520204110022,28.182727978931666],[-82.25520204110022,28.17373477529442],[-82.26419524473746,28.17373477529442]]]}},{"type":"Feature","properties":{"jobs":0,"pop":16,"pointCount":1,"homeWorkCommuteMedian":63533,"workHomeCommuteMedian":-1},"geometry":{"type":"Polygon","coordinates":[[[-82.26419524473746,28.191721182568912],[-82.26419524473746,28.20071438620616],[-82.25520204110022,28.20071438620616],[-82.25520204110022,28.191721182568912],[-82.26419524473746,28.191721182568912]]]}},{"type":"Feature","properties":{"jobs":6,"pop":551,"pointCount":1,"homeWorkCommuteMedian":46158,"workHomeCommuteMedian":28965},"geometry":{"type":"Polygon","coordinates":[[[-82.26419524473746,28.209707589843404],[-82.26419524473746,28.21870079348065],[-82.25520204110022,28.21870079348065],[-82.25520204110022,28.209707589843404],[-82.26419524473746,28.209707589843404]]]}},{"type":"Feature","properties":{"jobs":410,"pop":588,"pointCount":1,"homeWorkCommuteMedian":46276,"workHomeCommuteMedian":40916},"geometry":{"type":"Polygon","coordinates":[[[-82.26419524473746,28.227693997117896],[-82.26419524473746,28.236687200755142],[-82.25520204110022,28.236687200755142],[-82.25520204110022,28.227693997117896],[-82.26419524473746,28.227693997117896]]]}},{"type":"Feature","properties":{"jobs":0,"pop":476,"pointCount":1,"homeWorkCommuteMedian":49325,"workHomeCommuteMedian":-1},"geometry":{"type":"Polygon","coordinates":[[[-82.26419524473746,28.254673608029634],[-82.26419524473746,28.26366681166688],[-82.25520204110022,28.26366681166688],[-82.25520204110022,28.254673608029634],[-82.26419524473746,28.254673608029634]]]}},{"type":"Feature","properties":{"jobs":14,"pop":18,"pointCount":1,"homeWorkCommuteMedian":83312,"workHomeCommuteMedian":22651},"geometry":{"type":"Polygon","coordinates":[[[-82.25520204110022,27.688101778883137],[-82.25520204110022,27.697094982520383],[-82.24620883746297,27.697094982520383],[-82.24620883746297,27.688101778883137],[-82.25520204110022,27.688101778883137]]]}},{"type":"Feature","properties":{"jobs":33,"pop":61,"pointCount":1,"homeWorkCommuteMedian":42464,"workHomeCommuteMedian":22152},"geometry":{"type":"Polygon","coordinates":[[[-82.25520204110022,27.733067797069367],[-82.25520204110022,27.742061000706613],[-82.24620883746297,27.742061000706613],[-82.24620883746297,27.733067797069367],[-82.25520204110022,27.733067797069367]]]}},{"type":"Feature","properties":{"jobs":0,"pop":51,"pointCount":1,"homeWorkCommuteMedian":33165,"workHomeCommuteMedian":-1},"geometry":{"type":"Polygon","coordinates":[[[-82.25520204110022,27.760047407981105],[-82.25520204110022,27.76904061161835],[-82.24620883746297,27.76904061161835],[-82.24620883746297,27.760047407981105],[-82.25520204110022,27.760047407981105]]]}},{"type":"Feature","properties":{"jobs":60,"pop":700,"pointCount":1,"homeWorkCommuteMedian":35794,"workHomeCommuteMedian":55191},"geometry":{"type":"Polygon","coordinates":[[[-82.25520204110022,27.85897264799081],[-82.25520204110022,27.867965851628057],[-82.24620883746297,27.867965851628057],[-82.24620883746297,27.85897264799081],[-82.25520204110022,27.85897264799081]]]}},{"type":"Feature","properties":{"jobs":151,"pop":458,"pointCount":1,"homeWorkCommuteMedian":24351,"workHomeCommuteMedian":17991},"geometry":{"type":"Polygon","coordinates":[[[-82.25520204110022,27.88595225890255],[-82.25520204110022,27.894945462539795],[-82.24620883746297,27.894945462539795],[-82.24620883746297,27.88595225890255],[-82.25520204110022,27.88595225890255]]]}},{"type":"Feature","properties":{"jobs":746,"pop":349,"pointCount":1,"homeWorkCommuteMedian":34932,"workHomeCommuteMedian":32008},"geometry":{"type":"Polygon","coordinates":[[[-82.25520204110022,27.894945462539795],[-82.25520204110022,27.90393866617704],[-82.24620883746297,27.90393866617704],[-82.24620883746297,27.894945462539795],[-82.25520204110022,27.894945462539795]]]}},{"type":"Feature","properties":{"jobs":43,"pop":685,"pointCount":1,"homeWorkCommuteMedian":28044,"workHomeCommuteMedian":30783},"geometry":{"type":"Polygon","coordinates":[[[-82.25520204110022,27.912931869814287],[-82.25520204110022,27.921925073451533],[-82.24620883746297,27.921925073451533],[-82.24620883746297,27.912931869814287],[-82.25520204110022,27.912931869814287]]]}},{"type":"Feature","properties":{"jobs":79,"pop":695,"pointCount":1,"homeWorkCommuteMedian":32206,"workHomeCommuteMedian":49679},"geometry":{"type":"Polygon","coordinates":[[[-82.25520204110022,27.921925073451533],[-82.25520204110022,27.93091827708878],[-82.24620883746297,27.93091827708878],[-82.24620883746297,27.921925073451533],[-82.25520204110022,27.921925073451533]]]}},{"type":"Feature","properties":{"jobs":155,"pop":836,"pointCount":2,"homeWorkCommuteMedian":27951,"workHomeCommuteMedian":22369},"geometry":{"type":"Polygon","coordinates":[[[-82.25520204110022,27.93091827708878],[-82.25520204110022,27.939911480726025],[-82.24620883746297,27.939911480726025],[-82.24620883746297,27.93091827708878],[-82.25520204110022,27.93091827708878]]]}},{"type":"Feature","properties":{"jobs":85,"pop":660,"pointCount":1,"homeWorkCommuteMedian":34002,"workHomeCommuteMedian":37712},"geometry":{"type":"Polygon","coordinates":[[[-82.25520204110022,27.939911480726025],[-82.25520204110022,27.94890468436327],[-82.24620883746297,27.94890468436327],[-82.24620883746297,27.939911480726025],[-82.25520204110022,27.939911480726025]]]}},{"type":"Feature","properties":{"jobs":58,"pop":639,"pointCount":1,"homeWorkCommuteMedian":29186,"workHomeCommuteMedian":12746},"geometry":{"type":"Polygon","coordinates":[[[-82.25520204110022,27.94890468436327],[-82.25520204110022,27.957897888000517],[-82.24620883746297,27.957897888000517],[-82.24620883746297,27.94890468436327],[-82.25520204110022,27.94890468436327]]]}},{"type":"Feature","properties":{"jobs":42,"pop":1219,"pointCount":2,"homeWorkCommuteMedian":24529,"workHomeCommuteMedian":15019},"geometry":{"type":"Polygon","coordinates":[[[-82.25520204110022,27.966891091637763],[-82.25520204110022,27.97588429527501],[-82.24620883746297,27.97588429527501],[-82.24620883746297,27.966891091637763],[-82.25520204110022,27.966891091637763]]]}},{"type":"Feature","properties":{"jobs":125,"pop":354,"pointCount":1,"homeWorkCommuteMedian":19767,"workHomeCommuteMedian":25373},"geometry":{"type":"Polygon","coordinates":[[[-82.25520204110022,27.97588429527501],[-82.25520204110022,27.984877498912255],[-82.24620883746297,27.984877498912255],[-82.24620883746297,27.97588429527501],[-82.25520204110022,27.97588429527501]]]}},{"type":"Feature","properties":{"jobs":107,"pop":112,"pointCount":1,"homeWorkCommuteMedian":19897,"workHomeCommuteMedian":30196},"geometry":{"type":"Polygon","coordinates":[[[-82.25520204110022,27.984877498912255],[-82.25520204110022,27.9938707025495],[-82.24620883746297,27.9938707025495],[-82.24620883746297,27.984877498912255],[-82.25520204110022,27.984877498912255]]]}},{"type":"Feature","properties":{"jobs":172,"pop":97,"pointCount":1,"homeWorkCommuteMedian":19741,"workHomeCommuteMedian":23675},"geometry":{"type":"Polygon","coordinates":[[[-82.25520204110022,28.002863906186747],[-82.25520204110022,28.011857109823993],[-82.24620883746297,28.011857109823993],[-82.24620883746297,28.002863906186747],[-82.25520204110022,28.002863906186747]]]}},{"type":"Feature","properties":{"jobs":126,"pop":168,"pointCount":1,"homeWorkCommuteMedian":22092,"workHomeCommuteMedian":21260},"geometry":{"type":"Polygon","coordinates":[[[-82.25520204110022,28.011857109823993],[-82.25520204110022,28.02085031346124],[-82.24620883746297,28.02085031346124],[-82.24620883746297,28.011857109823993],[-82.25520204110022,28.011857109823993]]]}},{"type":"Feature","properties":{"jobs":86,"pop":217,"pointCount":1,"homeWorkCommuteMedian":26467,"workHomeCommuteMedian":26773},"geometry":{"type":"Polygon","coordinates":[[[-82.25520204110022,28.03883672073573],[-82.25520204110022,28.047829924372977],[-82.24620883746297,28.047829924372977],[-82.24620883746297,28.03883672073573],[-82.25520204110022,28.03883672073573]]]}},{"type":"Feature","properties":{"jobs":97,"pop":313,"pointCount":1,"homeWorkCommuteMedian":26191,"workHomeCommuteMedian":21320},"geometry":{"type":"Polygon","coordinates":[[[-82.25520204110022,28.056823128010222],[-82.25520204110022,28.06581633164747],[-82.24620883746297,28.06581633164747],[-82.24620883746297,28.056823128010222],[-82.25520204110022,28.056823128010222]]]}},{"type":"Feature","properties":{"jobs":100,"pop":247,"pointCount":1,"homeWorkCommuteMedian":43645,"workHomeCommuteMedian":17104},"geometry":{"type":"Polygon","coordinates":[[[-82.25520204110022,28.20071438620616],[-82.25520204110022,28.209707589843404],[-82.24620883746297,28.209707589843404],[-82.24620883746297,28.20071438620616],[-82.25520204110022,28.20071438620616]]]}},{"type":"Feature","properties":{"jobs":10,"pop":916,"pointCount":1,"homeWorkCommuteMedian":43094,"workHomeCommuteMedian":44592},"geometry":{"type":"Polygon","coordinates":[[[-82.25520204110022,28.236687200755142],[-82.25520204110022,28.245680404392388],[-82.24620883746297,28.245680404392388],[-82.24620883746297,28.236687200755142],[-82.25520204110022,28.236687200755142]]]}},{"type":"Feature","properties":{"jobs":60,"pop":70,"pointCount":1,"homeWorkCommuteMedian":41594,"workHomeCommuteMedian":25722},"geometry":{"type":"Polygon","coordinates":[[[-82.24620883746297,27.652128964334153],[-82.24620883746297,27.6611221679714],[-82.23721563382573,27.6611221679714],[-82.23721563382573,27.652128964334153],[-82.24620883746297,27.652128964334153]]]}},{"type":"Feature","properties":{"jobs":0,"pop":21,"pointCount":1,"homeWorkCommuteMedian":20567,"workHomeCommuteMedian":-1},"geometry":{"type":"Polygon","coordinates":[[[-82.24620883746297,27.697094982520383],[-82.24620883746297,27.70608818615763],[-82.23721563382573,27.70608818615763],[-82.23721563382573,27.697094982520383],[-82.24620883746297,27.697094982520383]]]}},{"type":"Feature","properties":{"jobs":25,"pop":83,"pointCount":1,"homeWorkCommuteMedian":41647,"workHomeCommuteMedian":22546},"geometry":{"type":"Polygon","coordinates":[[[-82.24620883746297,27.715081389794875],[-82.24620883746297,27.72407459343212],[-82.23721563382573,27.72407459343212],[-82.23721563382573,27.715081389794875],[-82.24620883746297,27.715081389794875]]]}},{"type":"Feature","properties":{"jobs":1,"pop":16,"pointCount":1,"homeWorkCommuteMedian":52019,"workHomeCommuteMedian":4851},"geometry":{"type":"Polygon","coordinates":[[[-82.24620883746297,27.75105420434386],[-82.24620883746297,27.760047407981105],[-82.23721563382573,27.760047407981105],[-82.23721563382573,27.75105420434386],[-82.24620883746297,27.75105420434386]]]}},{"type":"Feature","properties":{"jobs":19,"pop":14,"pointCount":1,"homeWorkCommuteMedian":65332,"workHomeCommuteMedian":18823},"geometry":{"type":"Polygon","coordinates":[[[-82.24620883746297,27.76904061161835],[-82.24620883746297,27.778033815255597],[-82.23721563382573,27.778033815255597],[-82.23721563382573,27.76904061161835],[-82.24620883746297,27.76904061161835]]]}},{"type":"Feature","properties":{"jobs":23,"pop":8,"pointCount":1,"homeWorkCommuteMedian":14903,"workHomeCommuteMedian":61204},"geometry":{"type":"Polygon","coordinates":[[[-82.24620883746297,27.787027018892843],[-82.24620883746297,27.79602022253009],[-82.23721563382573,27.79602022253009],[-82.23721563382573,27.787027018892843],[-82.24620883746297,27.787027018892843]]]}},{"type":"Feature","properties":{"jobs":28,"pop":254,"pointCount":1,"homeWorkCommuteMedian":31617,"workHomeCommuteMedian":16302},"geometry":{"type":"Polygon","coordinates":[[[-82.24620883746297,27.81400662980458],[-82.24620883746297,27.822999833441827],[-82.23721563382573,27.822999833441827],[-82.23721563382573,27.81400662980458],[-82.24620883746297,27.81400662980458]]]}},{"type":"Feature","properties":{"jobs":33,"pop":732,"pointCount":1,"homeWorkCommuteMedian":40157,"workHomeCommuteMedian":17540},"geometry":{"type":"Polygon","coordinates":[[[-82.24620883746297,27.84098624071632],[-82.24620883746297,27.849979444353565],[-82.23721563382573,27.849979444353565],[-82.23721563382573,27.84098624071632],[-82.24620883746297,27.84098624071632]]]}},{"type":"Feature","properties":{"jobs":60,"pop":797,"pointCount":1,"homeWorkCommuteMedian":33073,"workHomeCommuteMedian":52820},"geometry":{"type":"Polygon","coordinates":[[[-82.24620883746297,27.876959055265303],[-82.24620883746297,27.88595225890255],[-82.23721563382573,27.88595225890255],[-82.23721563382573,27.876959055265303],[-82.24620883746297,27.876959055265303]]]}},{"type":"Feature","properties":{"jobs":742,"pop":501,"pointCount":2,"homeWorkCommuteMedian":33145,"workHomeCommuteMedian":29489},"geometry":{"type":"Polygon","coordinates":[[[-82.24620883746297,27.88595225890255],[-82.24620883746297,27.894945462539795],[-82.23721563382573,27.894945462539795],[-82.23721563382573,27.88595225890255],[-82.24620883746297,27.88595225890255]]]}},{"type":"Feature","properties":{"jobs":232,"pop":668,"pointCount":1,"homeWorkCommuteMedian":33558,"workHomeCommuteMedian":36671},"geometry":{"type":"Polygon","coordinates":[[[-82.24620883746297,27.894945462539795],[-82.24620883746297,27.90393866617704],[-82.23721563382573,27.90393866617704],[-82.23721563382573,27.894945462539795],[-82.24620883746297,27.894945462539795]]]}},{"type":"Feature","properties":{"jobs":126,"pop":976,"pointCount":1,"homeWorkCommuteMedian":28005,"workHomeCommuteMedian":20805},"geometry":{"type":"Polygon","coordinates":[[[-82.24620883746297,27.90393866617704],[-82.24620883746297,27.912931869814287],[-82.23721563382573,27.912931869814287],[-82.23721563382573,27.90393866617704],[-82.24620883746297,27.90393866617704]]]}},{"type":"Feature","properties":{"jobs":276,"pop":2095,"pointCount":2,"homeWorkCommuteMedian":23955,"workHomeCommuteMedian":27608},"geometry":{"type":"Polygon","coordinates":[[[-82.24620883746297,27.921925073451533],[-82.24620883746297,27.93091827708878],[-82.23721563382573,27.93091827708878],[-82.23721563382573,27.921925073451533],[-82.24620883746297,27.921925073451533]]]}},{"type":"Feature","properties":{"jobs":0,"pop":1017,"pointCount":2,"homeWorkCommuteMedian":22987,"workHomeCommuteMedian":-1},"geometry":{"type":"Polygon","coordinates":[[[-82.24620883746297,27.93091827708878],[-82.24620883746297,27.939911480726025],[-82.23721563382573,27.939911480726025],[-82.23721563382573,27.93091827708878],[-82.24620883746297,27.93091827708878]]]}},{"type":"Feature","properties":{"jobs":141,"pop":325,"pointCount":1,"homeWorkCommuteMedian":32858,"workHomeCommuteMedian":22576},"geometry":{"type":"Polygon","coordinates":[[[-82.24620883746297,27.939911480726025],[-82.24620883746297,27.94890468436327],[-82.23721563382573,27.94890468436327],[-82.23721563382573,27.939911480726025],[-82.24620883746297,27.939911480726025]]]}},{"type":"Feature","properties":{"jobs":144,"pop":232,"pointCount":1,"homeWorkCommuteMedian":26093,"workHomeCommuteMedian":17369},"geometry":{"type":"Polygon","coordinates":[[[-82.24620883746297,27.957897888000517],[-82.24620883746297,27.966891091637763],[-82.23721563382573,27.966891091637763],[-82.23721563382573,27.957897888000517],[-82.24620883746297,27.957897888000517]]]}},{"type":"Feature","properties":{"jobs":1008,"pop":61,"pointCount":1,"homeWorkCommuteMedian":28072,"workHomeCommuteMedian":25905},"geometry":{"type":"Polygon","coordinates":[[[-82.24620883746297,27.9938707025495],[-82.24620883746297,28.002863906186747],[-82.23721563382573,28.002863906186747],[-82.23721563382573,27.9938707025495],[-82.24620883746297,27.9938707025495]]]}},{"type":"Feature","properties":{"jobs":115,"pop":91,"pointCount":1,"homeWorkCommuteMedian":27350,"workHomeCommuteMedian":24770},"geometry":{"type":"Polygon","coordinates":[[[-82.24620883746297,28.002863906186747],[-82.24620883746297,28.011857109823993],[-82.23721563382573,28.011857109823993],[-82.23721563382573,28.002863906186747],[-82.24620883746297,28.002863906186747]]]}},{"type":"Feature","properties":{"jobs":305,"pop":68,"pointCount":1,"homeWorkCommuteMedian":29966,"workHomeCommuteMedian":29586},"geometry":{"type":"Polygon","coordinates":[[[-82.24620883746297,28.011857109823993],[-82.24620883746297,28.02085031346124],[-82.23721563382573,28.02085031346124],[-82.23721563382573,28.011857109823993],[-82.24620883746297,28.011857109823993]]]}},{"type":"Feature","properties":{"jobs":194,"pop":129,"pointCount":1,"homeWorkCommuteMedian":24383,"workHomeCommuteMedian":26520},"geometry":{"type":"Polygon","coordinates":[[[-82.24620883746297,28.02085031346124],[-82.24620883746297,28.029843517098485],[-82.23721563382573,28.029843517098485],[-82.23721563382573,28.02085031346124],[-82.24620883746297,28.02085031346124]]]}},{"type":"Feature","properties":{"jobs":74,"pop":134,"pointCount":1,"homeWorkCommuteMedian":33166,"workHomeCommuteMedian":24892},"geometry":{"type":"Polygon","coordinates":[[[-82.24620883746297,28.092795942559206],[-82.24620883746297,28.101789146196452],[-82.23721563382573,28.101789146196452],[-82.23721563382573,28.092795942559206],[-82.24620883746297,28.092795942559206]]]}},{"type":"Feature","properties":{"jobs":0,"pop":18,"pointCount":1,"homeWorkCommuteMedian":39514,"workHomeCommuteMedian":-1},"geometry":{"type":"Polygon","coordinates":[[[-82.24620883746297,28.119775553470944],[-82.24620883746297,28.12876875710819],[-82.23721563382573,28.12876875710819],[-82.23721563382573,28.119775553470944],[-82.24620883746297,28.119775553470944]]]}},{"type":"Feature","properties":{"jobs":10,"pop":16,"pointCount":1,"homeWorkCommuteMedian":64685,"workHomeCommuteMedian":28882},"geometry":{"type":"Polygon","coordinates":[[[-82.24620883746297,28.137761960745436],[-82.24620883746297,28.146755164382682],[-82.23721563382573,28.146755164382682],[-82.23721563382573,28.137761960745436],[-82.24620883746297,28.137761960745436]]]}},{"type":"Feature","properties":{"jobs":0,"pop":9,"pointCount":1,"homeWorkCommuteMedian":39454,"workHomeCommuteMedian":-1},"geometry":{"type":"Polygon","coordinates":[[[-82.24620883746297,28.15574836801993],[-82.24620883746297,28.164741571657174],[-82.23721563382573,28.164741571657174],[-82.23721563382573,28.15574836801993],[-82.24620883746297,28.15574836801993]]]}},{"type":"Feature","properties":{"jobs":56,"pop":561,"pointCount":1,"homeWorkCommuteMedian":41954,"workHomeCommuteMedian":15888},"geometry":{"type":"Polygon","coordinates":[[[-82.24620883746297,28.227693997117896],[-82.24620883746297,28.236687200755142],[-82.23721563382573,28.236687200755142],[-82.23721563382573,28.227693997117896],[-82.24620883746297,28.227693997117896]]]}},{"type":"Feature","properties":{"jobs":17,"pop":1151,"pointCount":2,"homeWorkCommuteMedian":47460,"workHomeCommuteMedian":88787},"geometry":{"type":"Polygon","coordinates":[[[-82.24620883746297,28.245680404392388],[-82.24620883746297,28.254673608029634],[-82.23721563382573,28.254673608029634],[-82.23721563382573,28.245680404392388],[-82.24620883746297,28.245680404392388]]]}},{"type":"Feature","properties":{"jobs":17,"pop":82,"pointCount":1,"homeWorkCommuteMedian":44340,"workHomeCommuteMedian":69732},"geometry":{"type":"Polygon","coordinates":[[[-82.23721563382573,27.688101778883137],[-82.23721563382573,27.697094982520383],[-82.22822243018848,27.697094982520383],[-82.22822243018848,27.688101778883137],[-82.23721563382573,27.688101778883137]]]}},{"type":"Feature","properties":{"jobs":28,"pop":66,"pointCount":1,"homeWorkCommuteMedian":37052,"workHomeCommuteMedian":28208},"geometry":{"type":"Polygon","coordinates":[[[-82.23721563382573,27.72407459343212],[-82.23721563382573,27.733067797069367],[-82.22822243018848,27.733067797069367],[-82.22822243018848,27.72407459343212],[-82.23721563382573,27.72407459343212]]]}},{"type":"Feature","properties":{"jobs":1,"pop":347,"pointCount":1,"homeWorkCommuteMedian":43444,"workHomeCommuteMedian":24299},"geometry":{"type":"Polygon","coordinates":[[[-82.23721563382573,27.822999833441827],[-82.23721563382573,27.831993037079073],[-82.22822243018848,27.831993037079073],[-82.22822243018848,27.822999833441827],[-82.23721563382573,27.822999833441827]]]}},{"type":"Feature","properties":{"jobs":145,"pop":174,"pointCount":1,"homeWorkCommuteMedian":30462,"workHomeCommuteMedian":29024},"geometry":{"type":"Polygon","coordinates":[[[-82.23721563382573,27.84098624071632],[-82.23721563382573,27.849979444353565],[-82.22822243018848,27.849979444353565],[-82.22822243018848,27.84098624071632],[-82.23721563382573,27.84098624071632]]]}},{"type":"Feature","properties":{"jobs":102,"pop":681,"pointCount":1,"homeWorkCommuteMedian":38961,"workHomeCommuteMedian":21730},"geometry":{"type":"Polygon","coordinates":[[[-82.23721563382573,27.849979444353565],[-82.23721563382573,27.85897264799081],[-82.22822243018848,27.85897264799081],[-82.22822243018848,27.849979444353565],[-82.23721563382573,27.849979444353565]]]}},{"type":"Feature","properties":{"jobs":88,"pop":412,"pointCount":1,"homeWorkCommuteMedian":32689,"workHomeCommuteMedian":30955},"geometry":{"type":"Polygon","coordinates":[[[-82.23721563382573,27.867965851628057],[-82.23721563382573,27.876959055265303],[-82.22822243018848,27.876959055265303],[-82.22822243018848,27.867965851628057],[-82.23721563382573,27.867965851628057]]]}},{"type":"Feature","properties":{"jobs":200,"pop":633,"pointCount":2,"homeWorkCommuteMedian":37229,"workHomeCommuteMedian":26491},"geometry":{"type":"Polygon","coordinates":[[[-82.23721563382573,27.876959055265303],[-82.23721563382573,27.88595225890255],[-82.22822243018848,27.88595225890255],[-82.22822243018848,27.876959055265303],[-82.23721563382573,27.876959055265303]]]}},{"type":"Feature","properties":{"jobs":40,"pop":1290,"pointCount":1,"homeWorkCommuteMedian":26397,"workHomeCommuteMedian":38009},"geometry":{"type":"Polygon","coordinates":[[[-82.23721563382573,27.912931869814287],[-82.23721563382573,27.921925073451533],[-82.22822243018848,27.921925073451533],[-82.22822243018848,27.912931869814287],[-82.23721563382573,27.912931869814287]]]}},{"type":"Feature","properties":{"jobs":20,"pop":1170,"pointCount":1,"homeWorkCommuteMedian":27028,"workHomeCommuteMedian":43410},"geometry":{"type":"Polygon","coordinates":[[[-82.23721563382573,27.93091827708878],[-82.23721563382573,27.939911480726025],[-82.22822243018848,27.939911480726025],[-82.22822243018848,27.93091827708878],[-82.23721563382573,27.93091827708878]]]}},{"type":"Feature","properties":{"jobs":50,"pop":452,"pointCount":1,"homeWorkCommuteMedian":28836,"workHomeCommuteMedian":34872},"geometry":{"type":"Polygon","coordinates":[[[-82.23721563382573,27.939911480726025],[-82.23721563382573,27.94890468436327],[-82.22822243018848,27.94890468436327],[-82.22822243018848,27.939911480726025],[-82.23721563382573,27.939911480726025]]]}},{"type":"Feature","properties":{"jobs":63,"pop":108,"pointCount":1,"homeWorkCommuteMedian":28457,"workHomeCommuteMedian":13287},"geometry":{"type":"Polygon","coordinates":[[[-82.23721563382573,27.97588429527501],[-82.23721563382573,27.984877498912255],[-82.22822243018848,27.984877498912255],[-82.22822243018848,27.97588429527501],[-82.23721563382573,27.97588429527501]]]}},{"type":"Feature","properties":{"jobs":42,"pop":187,"pointCount":1,"homeWorkCommuteMedian":21497,"workHomeCommuteMedian":18083},"geometry":{"type":"Polygon","coordinates":[[[-82.23721563382573,28.047829924372977],[-82.23721563382573,28.056823128010222],[-82.22822243018848,28.056823128010222],[-82.22822243018848,28.047829924372977],[-82.23721563382573,28.047829924372977]]]}},{"type":"Feature","properties":{"jobs":16,"pop":184,"pointCount":1,"homeWorkCommuteMedian":21978,"workHomeCommuteMedian":21679},"geometry":{"type":"Polygon","coordinates":[[[-82.23721563382573,28.074809535284714],[-82.23721563382573,28.08380273892196],[-82.22822243018848,28.08380273892196],[-82.22822243018848,28.074809535284714],[-82.23721563382573,28.074809535284714]]]}},{"type":"Feature","properties":{"jobs":14,"pop":29,"pointCount":1,"homeWorkCommuteMedian":30638,"workHomeCommuteMedian":16339},"geometry":{"type":"Polygon","coordinates":[[[-82.23721563382573,28.191721182568912],[-82.23721563382573,28.20071438620616],[-82.22822243018848,28.20071438620616],[-82.22822243018848,28.191721182568912],[-82.23721563382573,28.191721182568912]]]}},{"type":"Feature","properties":{"jobs":10,"pop":163,"pointCount":1,"homeWorkCommuteMedian":39776,"workHomeCommuteMedian":5474},"geometry":{"type":"Polygon","coordinates":[[[-82.23721563382573,28.20071438620616],[-82.23721563382573,28.209707589843404],[-82.22822243018848,28.209707589843404],[-82.22822243018848,28.20071438620616],[-82.23721563382573,28.20071438620616]]]}},{"type":"Feature","properties":{"jobs":82,"pop":367,"pointCount":1,"homeWorkCommuteMedian":33716,"workHomeCommuteMedian":21580},"geometry":{"type":"Polygon","coordinates":[[[-82.23721563382573,28.21870079348065],[-82.23721563382573,28.227693997117896],[-82.22822243018848,28.227693997117896],[-82.22822243018848,28.21870079348065],[-82.23721563382573,28.21870079348065]]]}},{"type":"Feature","properties":{"jobs":10,"pop":1920,"pointCount":1,"homeWorkCommuteMedian":39804,"workHomeCommuteMedian":56687},"geometry":{"type":"Polygon","coordinates":[[[-82.23721563382573,28.236687200755142],[-82.23721563382573,28.245680404392388],[-82.22822243018848,28.245680404392388],[-82.22822243018848,28.236687200755142],[-82.23721563382573,28.236687200755142]]]}},{"type":"Feature","properties":{"jobs":97,"pop":102,"pointCount":1,"homeWorkCommuteMedian":61380,"workHomeCommuteMedian":51196},"geometry":{"type":"Polygon","coordinates":[[[-82.23721563382573,28.254673608029634],[-82.23721563382573,28.26366681166688],[-82.22822243018848,28.26366681166688],[-82.22822243018848,28.254673608029634],[-82.23721563382573,28.254673608029634]]]}},{"type":"Feature","properties":{"jobs":0,"pop":67,"pointCount":1,"homeWorkCommuteMedian":27340,"workHomeCommuteMedian":-1},"geometry":{"type":"Polygon","coordinates":[[[-82.22822243018848,27.697094982520383],[-82.22822243018848,27.70608818615763],[-82.21922922655124,27.70608818615763],[-82.21922922655124,27.697094982520383],[-82.22822243018848,27.697094982520383]]]}},{"type":"Feature","properties":{"jobs":25,"pop":77,"pointCount":1,"homeWorkCommuteMedian":29836,"workHomeCommuteMedian":28728},"geometry":{"type":"Polygon","coordinates":[[[-82.22822243018848,27.75105420434386],[-82.22822243018848,27.760047407981105],[-82.21922922655124,27.760047407981105],[-82.21922922655124,27.75105420434386],[-82.22822243018848,27.75105420434386]]]}},{"type":"Feature","properties":{"jobs":43,"pop":14,"pointCount":1,"homeWorkCommuteMedian":71588,"workHomeCommuteMedian":24951},"geometry":{"type":"Polygon","coordinates":[[[-82.22822243018848,27.805013426167335],[-82.22822243018848,27.81400662980458],[-82.21922922655124,27.81400662980458],[-82.21922922655124,27.805013426167335],[-82.22822243018848,27.805013426167335]]]}},{"type":"Feature","properties":{"jobs":127,"pop":2430,"pointCount":2,"homeWorkCommuteMedian":34042,"workHomeCommuteMedian":20498},"geometry":{"type":"Polygon","coordinates":[[[-82.22822243018848,27.84098624071632],[-82.22822243018848,27.849979444353565],[-82.21922922655124,27.849979444353565],[-82.21922922655124,27.84098624071632],[-82.22822243018848,27.84098624071632]]]}},{"type":"Feature","properties":{"jobs":137,"pop":496,"pointCount":1,"homeWorkCommuteMedian":41027,"workHomeCommuteMedian":20373},"geometry":{"type":"Polygon","coordinates":[[[-82.22822243018848,27.85897264799081],[-82.22822243018848,27.867965851628057],[-82.21922922655124,27.867965851628057],[-82.21922922655124,27.85897264799081],[-82.22822243018848,27.85897264799081]]]}},{"type":"Feature","properties":{"jobs":174,"pop":1058,"pointCount":1,"homeWorkCommuteMedian":31662,"workHomeCommuteMedian":23805},"geometry":{"type":"Polygon","coordinates":[[[-82.22822243018848,27.867965851628057],[-82.22822243018848,27.876959055265303],[-82.21922922655124,27.876959055265303],[-82.21922922655124,27.867965851628057],[-82.22822243018848,27.867965851628057]]]}},{"type":"Feature","properties":{"jobs":152,"pop":821,"pointCount":1,"homeWorkCommuteMedian":30490,"workHomeCommuteMedian":26786},"geometry":{"type":"Polygon","coordinates":[[[-82.22822243018848,27.88595225890255],[-82.22822243018848,27.894945462539795],[-82.21922922655124,27.894945462539795],[-82.21922922655124,27.88595225890255],[-82.22822243018848,27.88595225890255]]]}},{"type":"Feature","properties":{"jobs":110,"pop":2671,"pointCount":2,"homeWorkCommuteMedian":27200,"workHomeCommuteMedian":36039},"geometry":{"type":"Polygon","coordinates":[[[-82.22822243018848,27.894945462539795],[-82.22822243018848,27.90393866617704],[-82.21922922655124,27.90393866617704],[-82.21922922655124,27.894945462539795],[-82.22822243018848,27.894945462539795]]]}},{"type":"Feature","properties":{"jobs":119,"pop":1903,"pointCount":2,"homeWorkCommuteMedian":32590,"workHomeCommuteMedian":18553},"geometry":{"type":"Polygon","coordinates":[[[-82.22822243018848,27.90393866617704],[-82.22822243018848,27.912931869814287],[-82.21922922655124,27.912931869814287],[-82.21922922655124,27.90393866617704],[-82.22822243018848,27.90393866617704]]]}},{"type":"Feature","properties":{"jobs":203,"pop":234,"pointCount":1,"homeWorkCommuteMedian":27399,"workHomeCommuteMedian":24737},"geometry":{"type":"Polygon","coordinates":[[[-82.22822243018848,27.93091827708878],[-82.22822243018848,27.939911480726025],[-82.21922922655124,27.939911480726025],[-82.21922922655124,27.93091827708878],[-82.22822243018848,27.93091827708878]]]}},{"type":"Feature","properties":{"jobs":14,"pop":297,"pointCount":1,"homeWorkCommuteMedian":28875,"workHomeCommuteMedian":43364},"geometry":{"type":"Polygon","coordinates":[[[-82.22822243018848,27.957897888000517],[-82.22822243018848,27.966891091637763],[-82.21922922655124,27.966891091637763],[-82.21922922655124,27.957897888000517],[-82.22822243018848,27.957897888000517]]]}},{"type":"Feature","properties":{"jobs":62,"pop":417,"pointCount":1,"homeWorkCommuteMedian":20106,"workHomeCommuteMedian":18710},"geometry":{"type":"Polygon","coordinates":[[[-82.22822243018848,28.002863906186747],[-82.22822243018848,28.011857109823993],[-82.21922922655124,28.011857109823993],[-82.21922922655124,28.002863906186747],[-82.22822243018848,28.002863906186747]]]}},{"type":"Feature","properties":{"jobs":74,"pop":140,"pointCount":1,"homeWorkCommuteMedian":23641,"workHomeCommuteMedian":32030},"geometry":{"type":"Polygon","coordinates":[[[-82.22822243018848,28.02085031346124],[-82.22822243018848,28.029843517098485],[-82.21922922655124,28.029843517098485],[-82.21922922655124,28.02085031346124],[-82.22822243018848,28.02085031346124]]]}},{"type":"Feature","properties":{"jobs":14,"pop":257,"pointCount":1,"homeWorkCommuteMedian":29687,"workHomeCommuteMedian":38387},"geometry":{"type":"Polygon","coordinates":[[[-82.22822243018848,28.029843517098485],[-82.22822243018848,28.03883672073573],[-82.21922922655124,28.03883672073573],[-82.21922922655124,28.029843517098485],[-82.22822243018848,28.029843517098485]]]}},{"type":"Feature","properties":{"jobs":78,"pop":214,"pointCount":1,"homeWorkCommuteMedian":26207,"workHomeCommuteMedian":10380},"geometry":{"type":"Polygon","coordinates":[[[-82.22822243018848,28.06581633164747],[-82.22822243018848,28.074809535284714],[-82.21922922655124,28.074809535284714],[-82.21922922655124,28.06581633164747],[-82.22822243018848,28.06581633164747]]]}},{"type":"Feature","properties":{"jobs":53,"pop":149,"pointCount":1,"homeWorkCommuteMedian":30396,"workHomeCommuteMedian":32174},"geometry":{"type":"Polygon","coordinates":[[[-82.22822243018848,28.08380273892196],[-82.22822243018848,28.092795942559206],[-82.21922922655124,28.092795942559206],[-82.21922922655124,28.08380273892196],[-82.22822243018848,28.08380273892196]]]}},{"type":"Feature","properties":{"jobs":825,"pop":0,"pointCount":1,"homeWorkCommuteMedian":-1,"workHomeCommuteMedian":27757},"geometry":{"type":"Polygon","coordinates":[[[-82.22822243018848,28.137761960745436],[-82.22822243018848,28.146755164382682],[-82.21922922655124,28.146755164382682],[-82.21922922655124,28.137761960745436],[-82.22822243018848,28.137761960745436]]]}},{"type":"Feature","properties":{"jobs":0,"pop":8,"pointCount":1,"homeWorkCommuteMedian":31661,"workHomeCommuteMedian":-1},"geometry":{"type":"Polygon","coordinates":[[[-82.22822243018848,28.164741571657174],[-82.22822243018848,28.17373477529442],[-82.21922922655124,28.17373477529442],[-82.21922922655124,28.164741571657174],[-82.22822243018848,28.164741571657174]]]}},{"type":"Feature","properties":{"jobs":41,"pop":128,"pointCount":1,"homeWorkCommuteMedian":42924,"workHomeCommuteMedian":51568},"geometry":{"type":"Polygon","coordinates":[[[-82.22822243018848,28.209707589843404],[-82.22822243018848,28.21870079348065],[-82.21922922655124,28.21870079348065],[-82.21922922655124,28.209707589843404],[-82.22822243018848,28.209707589843404]]]}},{"type":"Feature","properties":{"jobs":39,"pop":627,"pointCount":1,"homeWorkCommuteMedian":43197,"workHomeCommuteMedian":46129},"geometry":{"type":"Polygon","coordinates":[[[-82.22822243018848,28.227693997117896],[-82.22822243018848,28.236687200755142],[-82.21922922655124,28.236687200755142],[-82.21922922655124,28.227693997117896],[-82.22822243018848,28.227693997117896]]]}},{"type":"Feature","properties":{"jobs":43,"pop":817,"pointCount":1,"homeWorkCommuteMedian":50471,"workHomeCommuteMedian":48242},"geometry":{"type":"Polygon","coordinates":[[[-82.22822243018848,28.236687200755142],[-82.22822243018848,28.245680404392388],[-82.21922922655124,28.245680404392388],[-82.21922922655124,28.236687200755142],[-82.22822243018848,28.236687200755142]]]}},{"type":"Feature","properties":{"jobs":30,"pop":494,"pointCount":1,"homeWorkCommuteMedian":43711,"workHomeCommuteMedian":20688},"geometry":{"type":"Polygon","coordinates":[[[-82.22822243018848,28.245680404392388],[-82.22822243018848,28.254673608029634],[-82.21922922655124,28.254673608029634],[-82.21922922655124,28.245680404392388],[-82.22822243018848,28.245680404392388]]]}},{"type":"Feature","properties":{"jobs":33,"pop":31,"pointCount":1,"homeWorkCommuteMedian":79392,"workHomeCommuteMedian":65999},"geometry":{"type":"Polygon","coordinates":[[[-82.21922922655124,27.643135760696907],[-82.21922922655124,27.652128964334153],[-82.21023602291399,27.652128964334153],[-82.21023602291399,27.643135760696907],[-82.21922922655124,27.643135760696907]]]}},{"type":"Feature","properties":{"jobs":333,"pop":61,"pointCount":1,"homeWorkCommuteMedian":54471,"workHomeCommuteMedian":39557},"geometry":{"type":"Polygon","coordinates":[[[-82.21922922655124,27.670115371608645],[-82.21922922655124,27.67910857524589],[-82.21023602291399,27.67910857524589],[-82.21023602291399,27.670115371608645],[-82.21922922655124,27.670115371608645]]]}},{"type":"Feature","properties":{"jobs":0,"pop":20,"pointCount":1,"homeWorkCommuteMedian":56944,"workHomeCommuteMedian":-1},"geometry":{"type":"Polygon","coordinates":[[[-82.21922922655124,27.733067797069367],[-82.21922922655124,27.742061000706613],[-82.21023602291399,27.742061000706613],[-82.21023602291399,27.733067797069367],[-82.21922922655124,27.733067797069367]]]}},{"type":"Feature","properties":{"jobs":0,"pop":17,"pointCount":1,"homeWorkCommuteMedian":75736,"workHomeCommuteMedian":-1},"geometry":{"type":"Polygon","coordinates":[[[-82.21922922655124,27.778033815255597],[-82.21922922655124,27.787027018892843],[-82.21023602291399,27.787027018892843],[-82.21023602291399,27.778033815255597],[-82.21922922655124,27.778033815255597]]]}},{"type":"Feature","properties":{"jobs":186,"pop":373,"pointCount":1,"homeWorkCommuteMedian":43026,"workHomeCommuteMedian":21451},"geometry":{"type":"Polygon","coordinates":[[[-82.21922922655124,27.831993037079073],[-82.21922922655124,27.84098624071632],[-82.21023602291399,27.84098624071632],[-82.21023602291399,27.831993037079073],[-82.21922922655124,27.831993037079073]]]}},{"type":"Feature","properties":{"jobs":54,"pop":1008,"pointCount":1,"homeWorkCommuteMedian":36598,"workHomeCommuteMedian":23829},"geometry":{"type":"Polygon","coordinates":[[[-82.21922922655124,27.84098624071632],[-82.21922922655124,27.849979444353565],[-82.21023602291399,27.849979444353565],[-82.21023602291399,27.84098624071632],[-82.21922922655124,27.84098624071632]]]}},{"type":"Feature","properties":{"jobs":126,"pop":638,"pointCount":1,"homeWorkCommuteMedian":33906,"workHomeCommuteMedian":32821},"geometry":{"type":"Polygon","coordinates":[[[-82.21922922655124,27.88595225890255],[-82.21922922655124,27.894945462539795],[-82.21023602291399,27.894945462539795],[-82.21023602291399,27.88595225890255],[-82.21922922655124,27.88595225890255]]]}},{"type":"Feature","properties":{"jobs":76,"pop":213,"pointCount":1,"homeWorkCommuteMedian":37551,"workHomeCommuteMedian":15454},"geometry":{"type":"Polygon","coordinates":[[[-82.21922922655124,27.921925073451533],[-82.21922922655124,27.93091827708878],[-82.21023602291399,27.93091827708878],[-82.21023602291399,27.921925073451533],[-82.21922922655124,27.921925073451533]]]}},{"type":"Feature","properties":{"jobs":19,"pop":75,"pointCount":1,"homeWorkCommuteMedian":38036,"workHomeCommuteMedian":47683},"geometry":{"type":"Polygon","coordinates":[[[-82.21922922655124,27.939911480726025],[-82.21922922655124,27.94890468436327],[-82.21023602291399,27.94890468436327],[-82.21023602291399,27.939911480726025],[-82.21922922655124,27.939911480726025]]]}},{"type":"Feature","properties":{"jobs":97,"pop":145,"pointCount":1,"homeWorkCommuteMedian":18626,"workHomeCommuteMedian":19633},"geometry":{"type":"Polygon","coordinates":[[[-82.21922922655124,27.966891091637763],[-82.21922922655124,27.97588429527501],[-82.21023602291399,27.97588429527501],[-82.21023602291399,27.966891091637763],[-82.21922922655124,27.966891091637763]]]}},{"type":"Feature","properties":{"jobs":75,"pop":202,"pointCount":1,"homeWorkCommuteMedian":21672,"workHomeCommuteMedian":14406},"geometry":{"type":"Polygon","coordinates":[[[-82.21922922655124,27.984877498912255],[-82.21922922655124,27.9938707025495],[-82.21023602291399,27.9938707025495],[-82.21023602291399,27.984877498912255],[-82.21922922655124,27.984877498912255]]]}},{"type":"Feature","properties":{"jobs":159,"pop":288,"pointCount":1,"homeWorkCommuteMedian":18352,"workHomeCommuteMedian":22999},"geometry":{"type":"Polygon","coordinates":[[[-82.21922922655124,27.9938707025495],[-82.21922922655124,28.002863906186747],[-82.21023602291399,28.002863906186747],[-82.21023602291399,27.9938707025495],[-82.21922922655124,27.9938707025495]]]}},{"type":"Feature","properties":{"jobs":16,"pop":42,"pointCount":1,"homeWorkCommuteMedian":36532,"workHomeCommuteMedian":33194},"geometry":{"type":"Polygon","coordinates":[[[-82.21922922655124,28.047829924372977],[-82.21922922655124,28.056823128010222],[-82.21023602291399,28.056823128010222],[-82.21023602291399,28.047829924372977],[-82.21922922655124,28.047829924372977]]]}},{"type":"Feature","properties":{"jobs":45,"pop":102,"pointCount":1,"homeWorkCommuteMedian":41928,"workHomeCommuteMedian":21490},"geometry":{"type":"Polygon","coordinates":[[[-82.21922922655124,28.092795942559206],[-82.21922922655124,28.101789146196452],[-82.21023602291399,28.101789146196452],[-82.21023602291399,28.092795942559206],[-82.21922922655124,28.092795942559206]]]}},{"type":"Feature","properties":{"jobs":0,"pop":6,"pointCount":1,"homeWorkCommuteMedian":50533,"workHomeCommuteMedian":-1},"geometry":{"type":"Polygon","coordinates":[[[-82.21922922655124,28.12876875710819],[-82.21922922655124,28.137761960745436],[-82.21023602291399,28.137761960745436],[-82.21023602291399,28.12876875710819],[-82.21922922655124,28.12876875710819]]]}},{"type":"Feature","properties":{"jobs":5,"pop":231,"pointCount":1,"homeWorkCommuteMedian":42522,"workHomeCommuteMedian":71072},"geometry":{"type":"Polygon","coordinates":[[[-82.21922922655124,28.191721182568912],[-82.21922922655124,28.20071438620616],[-82.21023602291399,28.20071438620616],[-82.21023602291399,28.191721182568912],[-82.21922922655124,28.191721182568912]]]}},{"type":"Feature","properties":{"jobs":305,"pop":524,"pointCount":1,"homeWorkCommuteMedian":35356,"workHomeCommuteMedian":40215},"geometry":{"type":"Polygon","coordinates":[[[-82.21922922655124,28.227693997117896],[-82.21922922655124,28.236687200755142],[-82.21023602291399,28.236687200755142],[-82.21023602291399,28.227693997117896],[-82.21922922655124,28.227693997117896]]]}},{"type":"Feature","properties":{"jobs":0,"pop":13,"pointCount":1,"homeWorkCommuteMedian":50825,"workHomeCommuteMedian":-1},"geometry":{"type":"Polygon","coordinates":[[[-82.21023602291399,27.70608818615763],[-82.21023602291399,27.715081389794875],[-82.20124281927674,27.715081389794875],[-82.20124281927674,27.70608818615763],[-82.21023602291399,27.70608818615763]]]}},{"type":"Feature","properties":{"jobs":8,"pop":747,"pointCount":1,"homeWorkCommuteMedian":39484,"workHomeCommuteMedian":16854},"geometry":{"type":"Polygon","coordinates":[[[-82.21023602291399,27.84098624071632],[-82.21023602291399,27.849979444353565],[-82.20124281927674,27.849979444353565],[-82.20124281927674,27.84098624071632],[-82.21023602291399,27.84098624071632]]]}},{"type":"Feature","properties":{"jobs":265,"pop":464,"pointCount":1,"homeWorkCommuteMedian":38602,"workHomeCommuteMedian":27718},"geometry":{"type":"Polygon","coordinates":[[[-82.21023602291399,27.849979444353565],[-82.21023602291399,27.85897264799081],[-82.20124281927674,27.85897264799081],[-82.20124281927674,27.849979444353565],[-82.21023602291399,27.849979444353565]]]}},{"type":"Feature","properties":{"jobs":0,"pop":870,"pointCount":1,"homeWorkCommuteMedian":35400,"workHomeCommuteMedian":-1},"geometry":{"type":"Polygon","coordinates":[[[-82.21023602291399,27.867965851628057],[-82.21023602291399,27.876959055265303],[-82.20124281927674,27.876959055265303],[-82.20124281927674,27.867965851628057],[-82.21023602291399,27.867965851628057]]]}},{"type":"Feature","properties":{"jobs":112,"pop":389,"pointCount":1,"homeWorkCommuteMedian":36539,"workHomeCommuteMedian":27696},"geometry":{"type":"Polygon","coordinates":[[[-82.21023602291399,27.88595225890255],[-82.21023602291399,27.894945462539795],[-82.20124281927674,27.894945462539795],[-82.20124281927674,27.88595225890255],[-82.21023602291399,27.88595225890255]]]}},{"type":"Feature","properties":{"jobs":111,"pop":380,"pointCount":1,"homeWorkCommuteMedian":36739,"workHomeCommuteMedian":24648},"geometry":{"type":"Polygon","coordinates":[[[-82.21023602291399,27.894945462539795],[-82.21023602291399,27.90393866617704],[-82.20124281927674,27.90393866617704],[-82.20124281927674,27.894945462539795],[-82.21023602291399,27.894945462539795]]]}},{"type":"Feature","properties":{"jobs":118,"pop":182,"pointCount":1,"homeWorkCommuteMedian":21812,"workHomeCommuteMedian":28284},"geometry":{"type":"Polygon","coordinates":[[[-82.21023602291399,28.002863906186747],[-82.21023602291399,28.011857109823993],[-82.20124281927674,28.011857109823993],[-82.20124281927674,28.002863906186747],[-82.21023602291399,28.002863906186747]]]}},{"type":"Feature","properties":{"jobs":150,"pop":369,"pointCount":1,"homeWorkCommuteMedian":20057,"workHomeCommuteMedian":15154},"geometry":{"type":"Polygon","coordinates":[[[-82.21023602291399,28.011857109823993],[-82.21023602291399,28.02085031346124],[-82.20124281927674,28.02085031346124],[-82.20124281927674,28.011857109823993],[-82.21023602291399,28.011857109823993]]]}},{"type":"Feature","properties":{"jobs":99,"pop":297,"pointCount":1,"homeWorkCommuteMedian":19877,"workHomeCommuteMedian":20767},"geometry":{"type":"Polygon","coordinates":[[[-82.21023602291399,28.03883672073573],[-82.21023602291399,28.047829924372977],[-82.20124281927674,28.047829924372977],[-82.20124281927674,28.03883672073573],[-82.21023602291399,28.03883672073573]]]}},{"type":"Feature","properties":{"jobs":24,"pop":341,"pointCount":1,"homeWorkCommuteMedian":30668,"workHomeCommuteMedian":53500},"geometry":{"type":"Polygon","coordinates":[[[-82.21023602291399,28.056823128010222],[-82.21023602291399,28.06581633164747],[-82.20124281927674,28.06581633164747],[-82.20124281927674,28.056823128010222],[-82.21023602291399,28.056823128010222]]]}},{"type":"Feature","properties":{"jobs":69,"pop":166,"pointCount":1,"homeWorkCommuteMedian":37066,"workHomeCommuteMedian":36748},"geometry":{"type":"Polygon","coordinates":[[[-82.21023602291399,28.209707589843404],[-82.21023602291399,28.21870079348065],[-82.20124281927674,28.21870079348065],[-82.20124281927674,28.209707589843404],[-82.21023602291399,28.209707589843404]]]}},{"type":"Feature","properties":{"jobs":192,"pop":385,"pointCount":1,"homeWorkCommuteMedian":45875,"workHomeCommuteMedian":24608},"geometry":{"type":"Polygon","coordinates":[[[-82.21023602291399,28.21870079348065],[-82.21023602291399,28.227693997117896],[-82.20124281927674,28.227693997117896],[-82.20124281927674,28.21870079348065],[-82.21023602291399,28.21870079348065]]]}},{"type":"Feature","properties":{"jobs":87,"pop":1810,"pointCount":1,"homeWorkCommuteMedian":44735,"workHomeCommuteMedian":35288},"geometry":{"type":"Polygon","coordinates":[[[-82.21023602291399,28.236687200755142],[-82.21023602291399,28.245680404392388],[-82.20124281927674,28.245680404392388],[-82.20124281927674,28.236687200755142],[-82.21023602291399,28.236687200755142]]]}},{"type":"Feature","properties":{"jobs":86,"pop":350,"pointCount":1,"homeWorkCommuteMedian":51119,"workHomeCommuteMedian":49897},"geometry":{"type":"Polygon","coordinates":[[[-82.21023602291399,28.254673608029634],[-82.21023602291399,28.26366681166688],[-82.20124281927674,28.26366681166688],[-82.20124281927674,28.254673608029634],[-82.21023602291399,28.254673608029634]]]}},{"type":"Feature","properties":{"jobs":0,"pop":9,"pointCount":1,"homeWorkCommuteMedian":42454,"workHomeCommuteMedian":-1},"geometry":{"type":"Polygon","coordinates":[[[-82.20124281927674,27.670115371608645],[-82.20124281927674,27.67910857524589],[-82.1922496156395,27.67910857524589],[-82.1922496156395,27.670115371608645],[-82.20124281927674,27.670115371608645]]]}},{"type":"Feature","properties":{"jobs":0,"pop":21,"pointCount":1,"homeWorkCommuteMedian":61065,"workHomeCommuteMedian":-1},"geometry":{"type":"Polygon","coordinates":[[[-82.20124281927674,27.697094982520383],[-82.20124281927674,27.70608818615763],[-82.1922496156395,27.70608818615763],[-82.1922496156395,27.697094982520383],[-82.20124281927674,27.697094982520383]]]}},{"type":"Feature","properties":{"jobs":0,"pop":6,"pointCount":1,"homeWorkCommuteMedian":34874,"workHomeCommuteMedian":-1},"geometry":{"type":"Polygon","coordinates":[[[-82.20124281927674,27.79602022253009],[-82.20124281927674,27.805013426167335],[-82.1922496156395,27.805013426167335],[-82.1922496156395,27.79602022253009],[-82.20124281927674,27.79602022253009]]]}},{"type":"Feature","properties":{"jobs":25,"pop":165,"pointCount":1,"homeWorkCommuteMedian":42398,"workHomeCommuteMedian":28390},"geometry":{"type":"Polygon","coordinates":[[[-82.20124281927674,27.831993037079073],[-82.20124281927674,27.84098624071632],[-82.1922496156395,27.84098624071632],[-82.1922496156395,27.831993037079073],[-82.20124281927674,27.831993037079073]]]}},{"type":"Feature","properties":{"jobs":626,"pop":371,"pointCount":1,"homeWorkCommuteMedian":27388,"workHomeCommuteMedian":30141},"geometry":{"type":"Polygon","coordinates":[[[-82.20124281927674,27.849979444353565],[-82.20124281927674,27.85897264799081],[-82.1922496156395,27.85897264799081],[-82.1922496156395,27.849979444353565],[-82.20124281927674,27.849979444353565]]]}},{"type":"Feature","properties":{"jobs":10,"pop":70,"pointCount":1,"homeWorkCommuteMedian":34949,"workHomeCommuteMedian":33173},"geometry":{"type":"Polygon","coordinates":[[[-82.20124281927674,27.94890468436327],[-82.20124281927674,27.957897888000517],[-82.1922496156395,27.957897888000517],[-82.1922496156395,27.94890468436327],[-82.20124281927674,27.94890468436327]]]}},{"type":"Feature","properties":{"jobs":197,"pop":247,"pointCount":1,"homeWorkCommuteMedian":28701,"workHomeCommuteMedian":23300},"geometry":{"type":"Polygon","coordinates":[[[-82.20124281927674,28.02085031346124],[-82.20124281927674,28.029843517098485],[-82.1922496156395,28.029843517098485],[-82.1922496156395,28.02085031346124],[-82.20124281927674,28.02085031346124]]]}},{"type":"Feature","properties":{"jobs":55,"pop":238,"pointCount":1,"homeWorkCommuteMedian":32193,"workHomeCommuteMedian":8198},"geometry":{"type":"Polygon","coordinates":[[[-82.20124281927674,28.029843517098485],[-82.20124281927674,28.03883672073573],[-82.1922496156395,28.03883672073573],[-82.1922496156395,28.029843517098485],[-82.20124281927674,28.029843517098485]]]}},{"type":"Feature","properties":{"jobs":28,"pop":372,"pointCount":1,"homeWorkCommuteMedian":28800,"workHomeCommuteMedian":25615},"geometry":{"type":"Polygon","coordinates":[[[-82.20124281927674,28.074809535284714],[-82.20124281927674,28.08380273892196],[-82.1922496156395,28.08380273892196],[-82.1922496156395,28.074809535284714],[-82.20124281927674,28.074809535284714]]]}},{"type":"Feature","properties":{"jobs":12,"pop":261,"pointCount":1,"homeWorkCommuteMedian":30629,"workHomeCommuteMedian":56410},"geometry":{"type":"Polygon","coordinates":[[[-82.20124281927674,28.101789146196452],[-82.20124281927674,28.1107823498337],[-82.1922496156395,28.1107823498337],[-82.1922496156395,28.101789146196452],[-82.20124281927674,28.101789146196452]]]}},{"type":"Feature","properties":{"jobs":0,"pop":8,"pointCount":1,"homeWorkCommuteMedian":65550,"workHomeCommuteMedian":-1},"geometry":{"type":"Polygon","coordinates":[[[-82.20124281927674,28.146755164382682],[-82.20124281927674,28.15574836801993],[-82.1922496156395,28.15574836801993],[-82.1922496156395,28.146755164382682],[-82.20124281927674,28.146755164382682]]]}},{"type":"Feature","properties":{"jobs":0,"pop":6,"pointCount":1,"homeWorkCommuteMedian":48641,"workHomeCommuteMedian":-1},"geometry":{"type":"Polygon","coordinates":[[[-82.20124281927674,28.164741571657174],[-82.20124281927674,28.17373477529442],[-82.1922496156395,28.17373477529442],[-82.1922496156395,28.164741571657174],[-82.20124281927674,28.164741571657174]]]}},{"type":"Feature","properties":{"jobs":74,"pop":59,"pointCount":1,"homeWorkCommuteMedian":35488,"workHomeCommuteMedian":20656},"geometry":{"type":"Polygon","coordinates":[[[-82.20124281927674,28.182727978931666],[-82.20124281927674,28.191721182568912],[-82.1922496156395,28.191721182568912],[-82.1922496156395,28.182727978931666],[-82.20124281927674,28.182727978931666]]]}},{"type":"Feature","properties":{"jobs":65,"pop":379,"pointCount":1,"homeWorkCommuteMedian":45032,"workHomeCommuteMedian":20124},"geometry":{"type":"Polygon","coordinates":[[[-82.20124281927674,28.20071438620616],[-82.20124281927674,28.209707589843404],[-82.1922496156395,28.209707589843404],[-82.1922496156395,28.20071438620616],[-82.20124281927674,28.20071438620616]]]}},{"type":"Feature","properties":{"jobs":39,"pop":371,"pointCount":1,"homeWorkCommuteMedian":46080,"workHomeCommuteMedian":41766},"geometry":{"type":"Polygon","coordinates":[[[-82.20124281927674,28.21870079348065],[-82.20124281927674,28.227693997117896],[-82.1922496156395,28.227693997117896],[-82.1922496156395,28.21870079348065],[-82.20124281927674,28.21870079348065]]]}},{"type":"Feature","properties":{"jobs":78,"pop":1020,"pointCount":1,"homeWorkCommuteMedian":43565,"workHomeCommuteMedian":6458},"geometry":{"type":"Polygon","coordinates":[[[-82.20124281927674,28.227693997117896],[-82.20124281927674,28.236687200755142],[-82.1922496156395,28.236687200755142],[-82.1922496156395,28.227693997117896],[-82.20124281927674,28.227693997117896]]]}},{"type":"Feature","properties":{"jobs":136,"pop":433,"pointCount":1,"homeWorkCommuteMedian":48344,"workHomeCommuteMedian":35450},"geometry":{"type":"Polygon","coordinates":[[[-82.20124281927674,28.254673608029634],[-82.20124281927674,28.26366681166688],[-82.1922496156395,28.26366681166688],[-82.1922496156395,28.254673608029634],[-82.20124281927674,28.254673608029634]]]}},{"type":"Feature","properties":{"jobs":0,"pop":11,"pointCount":1,"homeWorkCommuteMedian":50848,"workHomeCommuteMedian":-1},"geometry":{"type":"Polygon","coordinates":[[[-82.1922496156395,27.742061000706613],[-82.1922496156395,27.75105420434386],[-82.18325641200225,27.75105420434386],[-82.18325641200225,27.742061000706613],[-82.1922496156395,27.742061000706613]]]}},{"type":"Feature","properties":{"jobs":0,"pop":4,"pointCount":1,"homeWorkCommuteMedian":43185,"workHomeCommuteMedian":-1},"geometry":{"type":"Polygon","coordinates":[[[-82.1922496156395,27.760047407981105],[-82.1922496156395,27.76904061161835],[-82.18325641200225,27.76904061161835],[-82.18325641200225,27.760047407981105],[-82.1922496156395,27.760047407981105]]]}},{"type":"Feature","properties":{"jobs":8,"pop":47,"pointCount":1,"homeWorkCommuteMedian":40554,"workHomeCommuteMedian":58222},"geometry":{"type":"Polygon","coordinates":[[[-82.1922496156395,27.778033815255597],[-82.1922496156395,27.787027018892843],[-82.18325641200225,27.787027018892843],[-82.18325641200225,27.778033815255597],[-82.1922496156395,27.778033815255597]]]}},{"type":"Feature","properties":{"jobs":0,"pop":13,"pointCount":1,"homeWorkCommuteMedian":9371,"workHomeCommuteMedian":-1},"geometry":{"type":"Polygon","coordinates":[[[-82.1922496156395,27.81400662980458],[-82.1922496156395,27.822999833441827],[-82.18325641200225,27.822999833441827],[-82.18325641200225,27.81400662980458],[-82.1922496156395,27.81400662980458]]]}},{"type":"Feature","properties":{"jobs":80,"pop":175,"pointCount":1,"homeWorkCommuteMedian":34084,"workHomeCommuteMedian":34654},"geometry":{"type":"Polygon","coordinates":[[[-82.1922496156395,27.867965851628057],[-82.1922496156395,27.876959055265303],[-82.18325641200225,27.876959055265303],[-82.18325641200225,27.867965851628057],[-82.1922496156395,27.867965851628057]]]}},{"type":"Feature","properties":{"jobs":19,"pop":67,"pointCount":1,"homeWorkCommuteMedian":23572,"workHomeCommuteMedian":32940},"geometry":{"type":"Polygon","coordinates":[[[-82.1922496156395,27.90393866617704],[-82.1922496156395,27.912931869814287],[-82.18325641200225,27.912931869814287],[-82.18325641200225,27.90393866617704],[-82.1922496156395,27.90393866617704]]]}},{"type":"Feature","properties":{"jobs":0,"pop":55,"pointCount":1,"homeWorkCommuteMedian":57012,"workHomeCommuteMedian":-1},"geometry":{"type":"Polygon","coordinates":[[[-82.1922496156395,27.921925073451533],[-82.1922496156395,27.93091827708878],[-82.18325641200225,27.93091827708878],[-82.18325641200225,27.921925073451533],[-82.1922496156395,27.921925073451533]]]}},{"type":"Feature","properties":{"jobs":57,"pop":66,"pointCount":1,"homeWorkCommuteMedian":24475,"workHomeCommuteMedian":12482},"geometry":{"type":"Polygon","coordinates":[[[-82.1922496156395,27.939911480726025],[-82.1922496156395,27.94890468436327],[-82.18325641200225,27.94890468436327],[-82.18325641200225,27.939911480726025],[-82.1922496156395,27.939911480726025]]]}},{"type":"Feature","properties":{"jobs":78,"pop":175,"pointCount":1,"homeWorkCommuteMedian":31819,"workHomeCommuteMedian":37349},"geometry":{"type":"Polygon","coordinates":[[[-82.1922496156395,27.966891091637763],[-82.1922496156395,27.97588429527501],[-82.18325641200225,27.97588429527501],[-82.18325641200225,27.966891091637763],[-82.1922496156395,27.966891091637763]]]}},{"type":"Feature","properties":{"jobs":65,"pop":175,"pointCount":1,"homeWorkCommuteMedian":39793,"workHomeCommuteMedian":27271},"geometry":{"type":"Polygon","coordinates":[[[-82.1922496156395,27.9938707025495],[-82.1922496156395,28.002863906186747],[-82.18325641200225,28.002863906186747],[-82.18325641200225,27.9938707025495],[-82.1922496156395,27.9938707025495]]]}},{"type":"Feature","properties":{"jobs":129,"pop":203,"pointCount":1,"homeWorkCommuteMedian":35426,"workHomeCommuteMedian":31952},"geometry":{"type":"Polygon","coordinates":[[[-82.1922496156395,28.002863906186747],[-82.1922496156395,28.011857109823993],[-82.18325641200225,28.011857109823993],[-82.18325641200225,28.002863906186747],[-82.1922496156395,28.002863906186747]]]}},{"type":"Feature","properties":{"jobs":25,"pop":113,"pointCount":1,"homeWorkCommuteMedian":35681,"workHomeCommuteMedian":7689},"geometry":{"type":"Polygon","coordinates":[[[-82.1922496156395,28.056823128010222],[-82.1922496156395,28.06581633164747],[-82.18325641200225,28.06581633164747],[-82.18325641200225,28.056823128010222],[-82.1922496156395,28.056823128010222]]]}},{"type":"Feature","properties":{"jobs":0,"pop":77,"pointCount":1,"homeWorkCommuteMedian":28882,"workHomeCommuteMedian":-1},"geometry":{"type":"Polygon","coordinates":[[[-82.1922496156395,28.101789146196452],[-82.1922496156395,28.1107823498337],[-82.18325641200225,28.1107823498337],[-82.18325641200225,28.101789146196452],[-82.1922496156395,28.101789146196452]]]}},{"type":"Feature","properties":{"jobs":19,"pop":379,"pointCount":1,"homeWorkCommuteMedian":46373,"workHomeCommuteMedian":19177},"geometry":{"type":"Polygon","coordinates":[[[-82.1922496156395,28.209707589843404],[-82.1922496156395,28.21870079348065],[-82.18325641200225,28.21870079348065],[-82.18325641200225,28.209707589843404],[-82.1922496156395,28.209707589843404]]]}},{"type":"Feature","properties":{"jobs":213,"pop":652,"pointCount":1,"homeWorkCommuteMedian":47629,"workHomeCommuteMedian":34537},"geometry":{"type":"Polygon","coordinates":[[[-82.1922496156395,28.227693997117896],[-82.1922496156395,28.236687200755142],[-82.18325641200225,28.236687200755142],[-82.18325641200225,28.227693997117896],[-82.1922496156395,28.227693997117896]]]}},{"type":"Feature","properties":{"jobs":482,"pop":583,"pointCount":1,"homeWorkCommuteMedian":49423,"workHomeCommuteMedian":46266},"geometry":{"type":"Polygon","coordinates":[[[-82.1922496156395,28.236687200755142],[-82.1922496156395,28.245680404392388],[-82.18325641200225,28.245680404392388],[-82.18325641200225,28.236687200755142],[-82.1922496156395,28.236687200755142]]]}},{"type":"Feature","properties":{"jobs":972,"pop":838,"pointCount":3,"homeWorkCommuteMedian":48575,"workHomeCommuteMedian":35811},"geometry":{"type":"Polygon","coordinates":[[[-82.1922496156395,28.245680404392388],[-82.1922496156395,28.254673608029634],[-82.18325641200225,28.254673608029634],[-82.18325641200225,28.245680404392388],[-82.1922496156395,28.245680404392388]]]}},{"type":"Feature","properties":{"jobs":1345,"pop":256,"pointCount":2,"homeWorkCommuteMedian":50707,"workHomeCommuteMedian":38585},"geometry":{"type":"Polygon","coordinates":[[[-82.1922496156395,28.254673608029634],[-82.1922496156395,28.26366681166688],[-82.18325641200225,28.26366681166688],[-82.18325641200225,28.254673608029634],[-82.1922496156395,28.254673608029634]]]}},{"type":"Feature","properties":{"jobs":739,"pop":105,"pointCount":3,"homeWorkCommuteMedian":63265,"workHomeCommuteMedian":52141},"geometry":{"type":"Polygon","coordinates":[[[-82.1922496156395,28.26366681166688],[-82.1922496156395,28.272660015304126],[-82.18325641200225,28.272660015304126],[-82.18325641200225,28.26366681166688],[-82.1922496156395,28.26366681166688]]]}},{"type":"Feature","properties":{"jobs":164,"pop":19,"pointCount":1,"homeWorkCommuteMedian":69215,"workHomeCommuteMedian":62739},"geometry":{"type":"Polygon","coordinates":[[[-82.1922496156395,28.272660015304126],[-82.1922496156395,28.281653218941372],[-82.18325641200225,28.281653218941372],[-82.18325641200225,28.272660015304126],[-82.1922496156395,28.272660015304126]]]}},{"type":"Feature","properties":{"jobs":11,"pop":0,"pointCount":1,"homeWorkCommuteMedian":-1,"workHomeCommuteMedian":36911},"geometry":{"type":"Polygon","coordinates":[[[-82.18325641200225,27.670115371608645],[-82.18325641200225,27.67910857524589],[-82.174263208365,27.67910857524589],[-82.174263208365,27.670115371608645],[-82.18325641200225,27.670115371608645]]]}},{"type":"Feature","properties":{"jobs":24,"pop":14,"pointCount":1,"homeWorkCommuteMedian":51168,"workHomeCommuteMedian":32248},"geometry":{"type":"Polygon","coordinates":[[[-82.18325641200225,27.72407459343212],[-82.18325641200225,27.733067797069367],[-82.174263208365,27.733067797069367],[-82.174263208365,27.72407459343212],[-82.18325641200225,27.72407459343212]]]}},{"type":"Feature","properties":{"jobs":0,"pop":8,"pointCount":1,"homeWorkCommuteMedian":70222,"workHomeCommuteMedian":-1},"geometry":{"type":"Polygon","coordinates":[[[-82.18325641200225,27.805013426167335],[-82.18325641200225,27.81400662980458],[-82.174263208365,27.81400662980458],[-82.174263208365,27.805013426167335],[-82.18325641200225,27.805013426167335]]]}},{"type":"Feature","properties":{"jobs":0,"pop":158,"pointCount":1,"homeWorkCommuteMedian":30557,"workHomeCommuteMedian":-1},"geometry":{"type":"Polygon","coordinates":[[[-82.18325641200225,27.84098624071632],[-82.18325641200225,27.849979444353565],[-82.174263208365,27.849979444353565],[-82.174263208365,27.84098624071632],[-82.18325641200225,27.84098624071632]]]}},{"type":"Feature","properties":{"jobs":64,"pop":711,"pointCount":1,"homeWorkCommuteMedian":34185,"workHomeCommuteMedian":27020},"geometry":{"type":"Polygon","coordinates":[[[-82.18325641200225,27.849979444353565],[-82.18325641200225,27.85897264799081],[-82.174263208365,27.85897264799081],[-82.174263208365,27.849979444353565],[-82.18325641200225,27.849979444353565]]]}},{"type":"Feature","properties":{"jobs":14,"pop":77,"pointCount":1,"homeWorkCommuteMedian":24140,"workHomeCommuteMedian":59466},"geometry":{"type":"Polygon","coordinates":[[[-82.18325641200225,27.876959055265303],[-82.18325641200225,27.88595225890255],[-82.174263208365,27.88595225890255],[-82.174263208365,27.876959055265303],[-82.18325641200225,27.876959055265303]]]}},{"type":"Feature","properties":{"jobs":10,"pop":156,"pointCount":1,"homeWorkCommuteMedian":35722,"workHomeCommuteMedian":9733},"geometry":{"type":"Polygon","coordinates":[[[-82.18325641200225,27.93091827708878],[-82.18325641200225,27.939911480726025],[-82.174263208365,27.939911480726025],[-82.174263208365,27.93091827708878],[-82.18325641200225,27.93091827708878]]]}},{"type":"Feature","properties":{"jobs":157,"pop":154,"pointCount":1,"homeWorkCommuteMedian":39554,"workHomeCommuteMedian":18438},"geometry":{"type":"Polygon","coordinates":[[[-82.18325641200225,27.94890468436327],[-82.18325641200225,27.957897888000517],[-82.174263208365,27.957897888000517],[-82.174263208365,27.94890468436327],[-82.18325641200225,27.94890468436327]]]}},{"type":"Feature","properties":{"jobs":28,"pop":145,"pointCount":1,"homeWorkCommuteMedian":35784,"workHomeCommuteMedian":35395},"geometry":{"type":"Polygon","coordinates":[[[-82.18325641200225,28.002863906186747],[-82.18325641200225,28.011857109823993],[-82.174263208365,28.011857109823993],[-82.174263208365,28.002863906186747],[-82.18325641200225,28.002863906186747]]]}},{"type":"Feature","properties":{"jobs":105,"pop":707,"pointCount":1,"homeWorkCommuteMedian":31257,"workHomeCommuteMedian":36574},"geometry":{"type":"Polygon","coordinates":[[[-82.18325641200225,28.02085031346124],[-82.18325641200225,28.029843517098485],[-82.174263208365,28.029843517098485],[-82.174263208365,28.02085031346124],[-82.18325641200225,28.02085031346124]]]}},{"type":"Feature","properties":{"jobs":154,"pop":234,"pointCount":1,"homeWorkCommuteMedian":30231,"workHomeCommuteMedian":19649},"geometry":{"type":"Polygon","coordinates":[[[-82.18325641200225,28.03883672073573],[-82.18325641200225,28.047829924372977],[-82.174263208365,28.047829924372977],[-82.174263208365,28.03883672073573],[-82.18325641200225,28.03883672073573]]]}},{"type":"Feature","properties":{"jobs":30,"pop":247,"pointCount":1,"homeWorkCommuteMedian":31957,"workHomeCommuteMedian":20987},"geometry":{"type":"Polygon","coordinates":[[[-82.18325641200225,28.056823128010222],[-82.18325641200225,28.06581633164747],[-82.174263208365,28.06581633164747],[-82.174263208365,28.056823128010222],[-82.18325641200225,28.056823128010222]]]}},{"type":"Feature","properties":{"jobs":0,"pop":188,"pointCount":1,"homeWorkCommuteMedian":29885,"workHomeCommuteMedian":-1},"geometry":{"type":"Polygon","coordinates":[[[-82.18325641200225,28.074809535284714],[-82.18325641200225,28.08380273892196],[-82.174263208365,28.08380273892196],[-82.174263208365,28.074809535284714],[-82.18325641200225,28.074809535284714]]]}},{"type":"Feature","properties":{"jobs":92,"pop":140,"pointCount":1,"homeWorkCommuteMedian":44252,"workHomeCommuteMedian":32984},"geometry":{"type":"Polygon","coordinates":[[[-82.18325641200225,28.119775553470944],[-82.18325641200225,28.12876875710819],[-82.174263208365,28.12876875710819],[-82.174263208365,28.119775553470944],[-82.18325641200225,28.119775553470944]]]}},{"type":"Feature","properties":{"jobs":0,"pop":21,"pointCount":1,"homeWorkCommuteMedian":58629,"workHomeCommuteMedian":-1},"geometry":{"type":"Polygon","coordinates":[[[-82.18325641200225,28.15574836801993],[-82.18325641200225,28.164741571657174],[-82.174263208365,28.164741571657174],[-82.174263208365,28.15574836801993],[-82.18325641200225,28.15574836801993]]]}},{"type":"Feature","properties":{"jobs":0,"pop":16,"pointCount":1,"homeWorkCommuteMedian":56012,"workHomeCommuteMedian":-1},"geometry":{"type":"Polygon","coordinates":[[[-82.18325641200225,28.17373477529442],[-82.18325641200225,28.182727978931666],[-82.174263208365,28.182727978931666],[-82.174263208365,28.17373477529442],[-82.18325641200225,28.17373477529442]]]}},{"type":"Feature","properties":{"jobs":57,"pop":410,"pointCount":1,"homeWorkCommuteMedian":37935,"workHomeCommuteMedian":21838},"geometry":{"type":"Polygon","coordinates":[[[-82.18325641200225,28.209707589843404],[-82.18325641200225,28.21870079348065],[-82.174263208365,28.21870079348065],[-82.174263208365,28.209707589843404],[-82.18325641200225,28.209707589843404]]]}},{"type":"Feature","properties":{"jobs":714,"pop":1368,"pointCount":2,"homeWorkCommuteMedian":43339,"workHomeCommuteMedian":30321},"geometry":{"type":"Polygon","coordinates":[[[-82.18325641200225,28.227693997117896],[-82.18325641200225,28.236687200755142],[-82.174263208365,28.236687200755142],[-82.174263208365,28.227693997117896],[-82.18325641200225,28.227693997117896]]]}},{"type":"Feature","properties":{"jobs":116,"pop":591,"pointCount":1,"homeWorkCommuteMedian":43492,"workHomeCommuteMedian":46946},"geometry":{"type":"Polygon","coordinates":[[[-82.18325641200225,28.245680404392388],[-82.18325641200225,28.254673608029634],[-82.174263208365,28.254673608029634],[-82.174263208365,28.245680404392388],[-82.18325641200225,28.245680404392388]]]}},{"type":"Feature","properties":{"jobs":281,"pop":810,"pointCount":2,"homeWorkCommuteMedian":41746,"workHomeCommuteMedian":25895},"geometry":{"type":"Polygon","coordinates":[[[-82.18325641200225,28.254673608029634],[-82.18325641200225,28.26366681166688],[-82.174263208365,28.26366681166688],[-82.174263208365,28.254673608029634],[-82.18325641200225,28.254673608029634]]]}},{"type":"Feature","properties":{"jobs":52,"pop":110,"pointCount":1,"homeWorkCommuteMedian":50299,"workHomeCommuteMedian":78252},"geometry":{"type":"Polygon","coordinates":[[[-82.18325641200225,28.26366681166688],[-82.18325641200225,28.272660015304126],[-82.174263208365,28.272660015304126],[-82.174263208365,28.26366681166688],[-82.18325641200225,28.26366681166688]]]}},{"type":"Feature","properties":{"jobs":0,"pop":27,"pointCount":1,"homeWorkCommuteMedian":53865,"workHomeCommuteMedian":-1},"geometry":{"type":"Polygon","coordinates":[[[-82.174263208365,27.70608818615763],[-82.174263208365,27.715081389794875],[-82.16527000472776,27.715081389794875],[-82.16527000472776,27.70608818615763],[-82.174263208365,27.70608818615763]]]}},{"type":"Feature","properties":{"jobs":212,"pop":154,"pointCount":1,"homeWorkCommuteMedian":26153,"workHomeCommuteMedian":27926},"geometry":{"type":"Polygon","coordinates":[[[-82.174263208365,27.822999833441827],[-82.174263208365,27.831993037079073],[-82.16527000472776,27.831993037079073],[-82.16527000472776,27.822999833441827],[-82.174263208365,27.822999833441827]]]}},{"type":"Feature","properties":{"jobs":25,"pop":23,"pointCount":1,"homeWorkCommuteMedian":34032,"workHomeCommuteMedian":14489},"geometry":{"type":"Polygon","coordinates":[[[-82.174263208365,27.894945462539795],[-82.174263208365,27.90393866617704],[-82.16527000472776,27.90393866617704],[-82.16527000472776,27.894945462539795],[-82.174263208365,27.894945462539795]]]}},{"type":"Feature","properties":{"jobs":1000,"pop":0,"pointCount":1,"homeWorkCommuteMedian":-1,"workHomeCommuteMedian":19291},"geometry":{"type":"Polygon","coordinates":[[[-82.174263208365,27.921925073451533],[-82.174263208365,27.93091827708878],[-82.16527000472776,27.93091827708878],[-82.16527000472776,27.921925073451533],[-82.174263208365,27.921925073451533]]]}},{"type":"Feature","properties":{"jobs":170,"pop":419,"pointCount":1,"homeWorkCommuteMedian":36942,"workHomeCommuteMedian":20033},"geometry":{"type":"Polygon","coordinates":[[[-82.174263208365,27.966891091637763],[-82.174263208365,27.97588429527501],[-82.16527000472776,27.97588429527501],[-82.16527000472776,27.966891091637763],[-82.174263208365,27.966891091637763]]]}},{"type":"Feature","properties":{"jobs":380,"pop":391,"pointCount":2,"homeWorkCommuteMedian":39787,"workHomeCommuteMedian":31724},"geometry":{"type":"Polygon","coordinates":[[[-82.174263208365,27.984877498912255],[-82.174263208365,27.9938707025495],[-82.16527000472776,27.9938707025495],[-82.16527000472776,27.984877498912255],[-82.174263208365,27.984877498912255]]]}},{"type":"Feature","properties":{"jobs":412,"pop":78,"pointCount":1,"homeWorkCommuteMedian":41186,"workHomeCommuteMedian":30011},"geometry":{"type":"Polygon","coordinates":[[[-82.174263208365,27.9938707025495],[-82.174263208365,28.002863906186747],[-82.16527000472776,28.002863906186747],[-82.16527000472776,27.9938707025495],[-82.174263208365,27.9938707025495]]]}},{"type":"Feature","properties":{"jobs":101,"pop":684,"pointCount":1,"homeWorkCommuteMedian":33088,"workHomeCommuteMedian":29916},"geometry":{"type":"Polygon","coordinates":[[[-82.174263208365,28.011857109823993],[-82.174263208365,28.02085031346124],[-82.16527000472776,28.02085031346124],[-82.16527000472776,28.011857109823993],[-82.174263208365,28.011857109823993]]]}},{"type":"Feature","properties":{"jobs":35,"pop":104,"pointCount":1,"homeWorkCommuteMedian":42911,"workHomeCommuteMedian":20227},"geometry":{"type":"Polygon","coordinates":[[[-82.174263208365,28.03883672073573],[-82.174263208365,28.047829924372977],[-82.16527000472776,28.047829924372977],[-82.16527000472776,28.03883672073573],[-82.174263208365,28.03883672073573]]]}},{"type":"Feature","properties":{"jobs":28,"pop":121,"pointCount":1,"homeWorkCommuteMedian":46473,"workHomeCommuteMedian":33374},"geometry":{"type":"Polygon","coordinates":[[[-82.174263208365,28.092795942559206],[-82.174263208365,28.101789146196452],[-82.16527000472776,28.101789146196452],[-82.16527000472776,28.092795942559206],[-82.174263208365,28.092795942559206]]]}},{"type":"Feature","properties":{"jobs":14,"pop":29,"pointCount":1,"homeWorkCommuteMedian":42153,"workHomeCommuteMedian":51338},"geometry":{"type":"Polygon","coordinates":[[[-82.174263208365,28.182727978931666],[-82.174263208365,28.191721182568912],[-82.16527000472776,28.191721182568912],[-82.16527000472776,28.182727978931666],[-82.174263208365,28.182727978931666]]]}},{"type":"Feature","properties":{"jobs":209,"pop":377,"pointCount":1,"homeWorkCommuteMedian":51649,"workHomeCommuteMedian":43687},"geometry":{"type":"Polygon","coordinates":[[[-82.174263208365,28.21870079348065],[-82.174263208365,28.227693997117896],[-82.16527000472776,28.227693997117896],[-82.16527000472776,28.21870079348065],[-82.174263208365,28.21870079348065]]]}},{"type":"Feature","properties":{"jobs":55,"pop":1041,"pointCount":1,"homeWorkCommuteMedian":46914,"workHomeCommuteMedian":16373},"geometry":{"type":"Polygon","coordinates":[[[-82.174263208365,28.236687200755142],[-82.174263208365,28.245680404392388],[-82.16527000472776,28.245680404392388],[-82.16527000472776,28.236687200755142],[-82.174263208365,28.236687200755142]]]}},{"type":"Feature","properties":{"jobs":2,"pop":255,"pointCount":1,"homeWorkCommuteMedian":57407,"workHomeCommuteMedian":8072},"geometry":{"type":"Polygon","coordinates":[[[-82.174263208365,28.26366681166688],[-82.174263208365,28.272660015304126],[-82.16527000472776,28.272660015304126],[-82.16527000472776,28.26366681166688],[-82.174263208365,28.26366681166688]]]}},{"type":"Feature","properties":{"jobs":24,"pop":36,"pointCount":1,"homeWorkCommuteMedian":69187,"workHomeCommuteMedian":34338},"geometry":{"type":"Polygon","coordinates":[[[-82.16527000472776,27.697094982520383],[-82.16527000472776,27.70608818615763],[-82.15627680109051,27.70608818615763],[-82.15627680109051,27.697094982520383],[-82.16527000472776,27.697094982520383]]]}},{"type":"Feature","properties":{"jobs":202,"pop":74,"pointCount":1,"homeWorkCommuteMedian":37459,"workHomeCommuteMedian":23532},"geometry":{"type":"Polygon","coordinates":[[[-82.16527000472776,27.849979444353565],[-82.16527000472776,27.85897264799081],[-82.15627680109051,27.85897264799081],[-82.15627680109051,27.849979444353565],[-82.16527000472776,27.849979444353565]]]}},{"type":"Feature","properties":{"jobs":31,"pop":51,"pointCount":1,"homeWorkCommuteMedian":44260,"workHomeCommuteMedian":24229},"geometry":{"type":"Polygon","coordinates":[[[-82.16527000472776,27.867965851628057],[-82.16527000472776,27.876959055265303],[-82.15627680109051,27.876959055265303],[-82.15627680109051,27.867965851628057],[-82.16527000472776,27.867965851628057]]]}},{"type":"Feature","properties":{"jobs":0,"pop":6,"pointCount":1,"homeWorkCommuteMedian":16379,"workHomeCommuteMedian":-1},"geometry":{"type":"Polygon","coordinates":[[[-82.16527000472776,27.921925073451533],[-82.16527000472776,27.93091827708878],[-82.15627680109051,27.93091827708878],[-82.15627680109051,27.921925073451533],[-82.16527000472776,27.921925073451533]]]}},{"type":"Feature","properties":{"jobs":50,"pop":755,"pointCount":1,"homeWorkCommuteMedian":32557,"workHomeCommuteMedian":17081},"geometry":{"type":"Polygon","coordinates":[[[-82.16527000472776,27.957897888000517],[-82.16527000472776,27.966891091637763],[-82.15627680109051,27.966891091637763],[-82.15627680109051,27.957897888000517],[-82.16527000472776,27.957897888000517]]]}},{"type":"Feature","properties":{"jobs":66,"pop":732,"pointCount":1,"homeWorkCommuteMedian":37890,"workHomeCommuteMedian":6257},"geometry":{"type":"Polygon","coordinates":[[[-82.16527000472776,27.97588429527501],[-82.16527000472776,27.984877498912255],[-82.15627680109051,27.984877498912255],[-82.15627680109051,27.97588429527501],[-82.16527000472776,27.97588429527501]]]}},{"type":"Feature","properties":{"jobs":425,"pop":159,"pointCount":1,"homeWorkCommuteMedian":37546,"workHomeCommuteMedian":35190},"geometry":{"type":"Polygon","coordinates":[[[-82.16527000472776,27.9938707025495],[-82.16527000472776,28.002863906186747],[-82.15627680109051,28.002863906186747],[-82.15627680109051,27.9938707025495],[-82.16527000472776,27.9938707025495]]]}},{"type":"Feature","properties":{"jobs":898,"pop":369,"pointCount":1,"homeWorkCommuteMedian":38359,"workHomeCommuteMedian":38320},"geometry":{"type":"Polygon","coordinates":[[[-82.16527000472776,28.002863906186747],[-82.16527000472776,28.011857109823993],[-82.15627680109051,28.011857109823993],[-82.15627680109051,28.002863906186747],[-82.16527000472776,28.002863906186747]]]}},{"type":"Feature","properties":{"jobs":79,"pop":403,"pointCount":1,"homeWorkCommuteMedian":30753,"workHomeCommuteMedian":19376},"geometry":{"type":"Polygon","coordinates":[[[-82.16527000472776,28.047829924372977],[-82.16527000472776,28.056823128010222],[-82.15627680109051,28.056823128010222],[-82.15627680109051,28.047829924372977],[-82.16527000472776,28.047829924372977]]]}},{"type":"Feature","properties":{"jobs":8,"pop":366,"pointCount":1,"homeWorkCommuteMedian":31373,"workHomeCommuteMedian":4277},"geometry":{"type":"Polygon","coordinates":[[[-82.16527000472776,28.074809535284714],[-82.16527000472776,28.08380273892196],[-82.15627680109051,28.08380273892196],[-82.15627680109051,28.074809535284714],[-82.16527000472776,28.074809535284714]]]}},{"type":"Feature","properties":{"jobs":0,"pop":19,"pointCount":1,"homeWorkCommuteMedian":51740,"workHomeCommuteMedian":-1},"geometry":{"type":"Polygon","coordinates":[[[-82.16527000472776,28.1107823498337],[-82.16527000472776,28.119775553470944],[-82.15627680109051,28.119775553470944],[-82.15627680109051,28.1107823498337],[-82.16527000472776,28.1107823498337]]]}},{"type":"Feature","properties":{"jobs":0,"pop":10,"pointCount":1,"homeWorkCommuteMedian":47127,"workHomeCommuteMedian":-1},"geometry":{"type":"Polygon","coordinates":[[[-82.16527000472776,28.12876875710819],[-82.16527000472776,28.137761960745436],[-82.15627680109051,28.137761960745436],[-82.15627680109051,28.12876875710819],[-82.16527000472776,28.12876875710819]]]}},{"type":"Feature","properties":{"jobs":0,"pop":26,"pointCount":1,"homeWorkCommuteMedian":50166,"workHomeCommuteMedian":-1},"geometry":{"type":"Polygon","coordinates":[[[-82.16527000472776,28.146755164382682],[-82.16527000472776,28.15574836801993],[-82.15627680109051,28.15574836801993],[-82.15627680109051,28.146755164382682],[-82.16527000472776,28.146755164382682]]]}},{"type":"Feature","properties":{"jobs":166,"pop":286,"pointCount":1,"homeWorkCommuteMedian":38998,"workHomeCommuteMedian":27207},"geometry":{"type":"Polygon","coordinates":[[[-82.16527000472776,28.20071438620616],[-82.16527000472776,28.209707589843404],[-82.15627680109051,28.209707589843404],[-82.15627680109051,28.20071438620616],[-82.16527000472776,28.20071438620616]]]}},{"type":"Feature","properties":{"jobs":6,"pop":189,"pointCount":1,"homeWorkCommuteMedian":45943,"workHomeCommuteMedian":10264},"geometry":{"type":"Polygon","coordinates":[[[-82.16527000472776,28.227693997117896],[-82.16527000472776,28.236687200755142],[-82.15627680109051,28.236687200755142],[-82.15627680109051,28.227693997117896],[-82.16527000472776,28.227693997117896]]]}},{"type":"Feature","properties":{"jobs":75,"pop":322,"pointCount":1,"homeWorkCommuteMedian":45897,"workHomeCommuteMedian":28800},"geometry":{"type":"Polygon","coordinates":[[[-82.16527000472776,28.245680404392388],[-82.16527000472776,28.254673608029634],[-82.15627680109051,28.254673608029634],[-82.15627680109051,28.245680404392388],[-82.16527000472776,28.245680404392388]]]}},{"type":"Feature","properties":{"jobs":16,"pop":291,"pointCount":1,"homeWorkCommuteMedian":48484,"workHomeCommuteMedian":65166},"geometry":{"type":"Polygon","coordinates":[[[-82.16527000472776,28.254673608029634],[-82.16527000472776,28.26366681166688],[-82.15627680109051,28.26366681166688],[-82.15627680109051,28.254673608029634],[-82.16527000472776,28.254673608029634]]]}},{"type":"Feature","properties":{"jobs":0,"pop":10,"pointCount":1,"homeWorkCommuteMedian":49556,"workHomeCommuteMedian":-1},"geometry":{"type":"Polygon","coordinates":[[[-82.15627680109051,27.72407459343212],[-82.15627680109051,27.733067797069367],[-82.14728359745327,27.733067797069367],[-82.14728359745327,27.72407459343212],[-82.15627680109051,27.72407459343212]]]}},{"type":"Feature","properties":{"jobs":5,"pop":20,"pointCount":1,"homeWorkCommuteMedian":39424,"workHomeCommuteMedian":33142},"geometry":{"type":"Polygon","coordinates":[[[-82.15627680109051,27.742061000706613],[-82.15627680109051,27.75105420434386],[-82.14728359745327,27.75105420434386],[-82.14728359745327,27.742061000706613],[-82.15627680109051,27.742061000706613]]]}},{"type":"Feature","properties":{"jobs":0,"pop":6,"pointCount":1,"homeWorkCommuteMedian":51627,"workHomeCommuteMedian":-1},"geometry":{"type":"Polygon","coordinates":[[[-82.15627680109051,27.760047407981105],[-82.15627680109051,27.76904061161835],[-82.14728359745327,27.76904061161835],[-82.14728359745327,27.760047407981105],[-82.15627680109051,27.760047407981105]]]}},{"type":"Feature","properties":{"jobs":5,"pop":20,"pointCount":1,"homeWorkCommuteMedian":61029,"workHomeCommuteMedian":32772},"geometry":{"type":"Polygon","coordinates":[[[-82.15627680109051,27.79602022253009],[-82.15627680109051,27.805013426167335],[-82.14728359745327,27.805013426167335],[-82.14728359745327,27.79602022253009],[-82.15627680109051,27.79602022253009]]]}},{"type":"Feature","properties":{"jobs":19,"pop":136,"pointCount":1,"homeWorkCommuteMedian":31826,"workHomeCommuteMedian":61443},"geometry":{"type":"Polygon","coordinates":[[[-82.15627680109051,27.912931869814287],[-82.15627680109051,27.921925073451533],[-82.14728359745327,27.921925073451533],[-82.14728359745327,27.912931869814287],[-82.15627680109051,27.912931869814287]]]}},{"type":"Feature","properties":{"jobs":19,"pop":110,"pointCount":1,"homeWorkCommuteMedian":29782,"workHomeCommuteMedian":60474},"geometry":{"type":"Polygon","coordinates":[[[-82.15627680109051,27.939911480726025],[-82.15627680109051,27.94890468436327],[-82.14728359745327,27.94890468436327],[-82.14728359745327,27.939911480726025],[-82.15627680109051,27.939911480726025]]]}},{"type":"Feature","properties":{"jobs":25,"pop":287,"pointCount":1,"homeWorkCommuteMedian":32868,"workHomeCommuteMedian":14802},"geometry":{"type":"Polygon","coordinates":[[[-82.15627680109051,27.94890468436327],[-82.15627680109051,27.957897888000517],[-82.14728359745327,27.957897888000517],[-82.14728359745327,27.94890468436327],[-82.15627680109051,27.94890468436327]]]}},{"type":"Feature","properties":{"jobs":101,"pop":440,"pointCount":1,"homeWorkCommuteMedian":35336,"workHomeCommuteMedian":22454},"geometry":{"type":"Polygon","coordinates":[[[-82.15627680109051,27.966891091637763],[-82.15627680109051,27.97588429527501],[-82.14728359745327,27.97588429527501],[-82.14728359745327,27.966891091637763],[-82.15627680109051,27.966891091637763]]]}},{"type":"Feature","properties":{"jobs":49,"pop":870,"pointCount":1,"homeWorkCommuteMedian":37555,"workHomeCommuteMedian":58913},"geometry":{"type":"Polygon","coordinates":[[[-82.15627680109051,27.97588429527501],[-82.15627680109051,27.984877498912255],[-82.14728359745327,27.984877498912255],[-82.14728359745327,27.97588429527501],[-82.15627680109051,27.97588429527501]]]}},{"type":"Feature","properties":{"jobs":178,"pop":406,"pointCount":1,"homeWorkCommuteMedian":31628,"workHomeCommuteMedian":23631},"geometry":{"type":"Polygon","coordinates":[[[-82.15627680109051,27.984877498912255],[-82.15627680109051,27.9938707025495],[-82.14728359745327,27.9938707025495],[-82.14728359745327,27.984877498912255],[-82.15627680109051,27.984877498912255]]]}},{"type":"Feature","properties":{"jobs":194,"pop":533,"pointCount":1,"homeWorkCommuteMedian":37614,"workHomeCommuteMedian":33248},"geometry":{"type":"Polygon","coordinates":[[[-82.15627680109051,27.9938707025495],[-82.15627680109051,28.002863906186747],[-82.14728359745327,28.002863906186747],[-82.14728359745327,27.9938707025495],[-82.15627680109051,27.9938707025495]]]}},{"type":"Feature","properties":{"jobs":374,"pop":396,"pointCount":1,"homeWorkCommuteMedian":35252,"workHomeCommuteMedian":34592},"geometry":{"type":"Polygon","coordinates":[[[-82.15627680109051,28.002863906186747],[-82.15627680109051,28.011857109823993],[-82.14728359745327,28.011857109823993],[-82.14728359745327,28.002863906186747],[-82.15627680109051,28.002863906186747]]]}},{"type":"Feature","properties":{"jobs":469,"pop":361,"pointCount":1,"homeWorkCommuteMedian":35724,"workHomeCommuteMedian":33778},"geometry":{"type":"Polygon","coordinates":[[[-82.15627680109051,28.02085031346124],[-82.15627680109051,28.029843517098485],[-82.14728359745327,28.029843517098485],[-82.14728359745327,28.02085031346124],[-82.15627680109051,28.02085031346124]]]}},{"type":"Feature","properties":{"jobs":26,"pop":375,"pointCount":1,"homeWorkCommuteMedian":36240,"workHomeCommuteMedian":40129},"geometry":{"type":"Polygon","coordinates":[[[-82.15627680109051,28.029843517098485],[-82.15627680109051,28.03883672073573],[-82.14728359745327,28.03883672073573],[-82.14728359745327,28.029843517098485],[-82.15627680109051,28.029843517098485]]]}},{"type":"Feature","properties":{"jobs":58,"pop":89,"pointCount":1,"homeWorkCommuteMedian":35635,"workHomeCommuteMedian":33204},"geometry":{"type":"Polygon","coordinates":[[[-82.15627680109051,28.08380273892196],[-82.15627680109051,28.092795942559206],[-82.14728359745327,28.092795942559206],[-82.14728359745327,28.08380273892196],[-82.15627680109051,28.08380273892196]]]}},{"type":"Feature","properties":{"jobs":16,"pop":33,"pointCount":1,"homeWorkCommuteMedian":51932,"workHomeCommuteMedian":20858},"geometry":{"type":"Polygon","coordinates":[[[-82.15627680109051,28.17373477529442],[-82.15627680109051,28.182727978931666],[-82.14728359745327,28.182727978931666],[-82.14728359745327,28.17373477529442],[-82.15627680109051,28.17373477529442]]]}},{"type":"Feature","properties":{"jobs":250,"pop":37,"pointCount":1,"homeWorkCommuteMedian":52139,"workHomeCommuteMedian":36527},"geometry":{"type":"Polygon","coordinates":[[[-82.15627680109051,28.21870079348065],[-82.15627680109051,28.227693997117896],[-82.14728359745327,28.227693997117896],[-82.14728359745327,28.21870079348065],[-82.15627680109051,28.21870079348065]]]}},{"type":"Feature","properties":{"jobs":20,"pop":62,"pointCount":1,"homeWorkCommuteMedian":68041,"workHomeCommuteMedian":77611},"geometry":{"type":"Polygon","coordinates":[[[-82.15627680109051,28.272660015304126],[-82.15627680109051,28.281653218941372],[-82.14728359745327,28.281653218941372],[-82.14728359745327,28.272660015304126],[-82.15627680109051,28.272660015304126]]]}},{"type":"Feature","properties":{"jobs":9,"pop":20,"pointCount":1,"homeWorkCommuteMedian":79224,"workHomeCommuteMedian":43304},"geometry":{"type":"Polygon","coordinates":[[[-82.14728359745327,27.61615614978517],[-82.14728359745327,27.625149353422415],[-82.13829039381602,27.625149353422415],[-82.13829039381602,27.61615614978517],[-82.14728359745327,27.61615614978517]]]}},{"type":"Feature","properties":{"jobs":1,"pop":32,"pointCount":1,"homeWorkCommuteMedian":44708,"workHomeCommuteMedian":9769},"geometry":{"type":"Polygon","coordinates":[[[-82.14728359745327,27.84098624071632],[-82.14728359745327,27.849979444353565],[-82.13829039381602,27.849979444353565],[-82.13829039381602,27.84098624071632],[-82.14728359745327,27.84098624071632]]]}},{"type":"Feature","properties":{"jobs":34,"pop":232,"pointCount":1,"homeWorkCommuteMedian":36240,"workHomeCommuteMedian":36546},"geometry":{"type":"Polygon","coordinates":[[[-82.14728359745327,27.966891091637763],[-82.14728359745327,27.97588429527501],[-82.13829039381602,27.97588429527501],[-82.13829039381602,27.966891091637763],[-82.14728359745327,27.966891091637763]]]}},{"type":"Feature","properties":{"jobs":326,"pop":815,"pointCount":1,"homeWorkCommuteMedian":38369,"workHomeCommuteMedian":42885},"geometry":{"type":"Polygon","coordinates":[[[-82.14728359745327,27.9938707025495],[-82.14728359745327,28.002863906186747],[-82.13829039381602,28.002863906186747],[-82.13829039381602,27.9938707025495],[-82.14728359745327,27.9938707025495]]]}},{"type":"Feature","properties":{"jobs":196,"pop":233,"pointCount":1,"homeWorkCommuteMedian":31101,"workHomeCommuteMedian":35903},"geometry":{"type":"Polygon","coordinates":[[[-82.14728359745327,28.002863906186747],[-82.14728359745327,28.011857109823993],[-82.13829039381602,28.011857109823993],[-82.13829039381602,28.002863906186747],[-82.14728359745327,28.002863906186747]]]}},{"type":"Feature","properties":{"jobs":1591,"pop":541,"pointCount":2,"homeWorkCommuteMedian":34899,"workHomeCommuteMedian":35947},"geometry":{"type":"Polygon","coordinates":[[[-82.14728359745327,28.011857109823993],[-82.14728359745327,28.02085031346124],[-82.13829039381602,28.02085031346124],[-82.13829039381602,28.011857109823993],[-82.14728359745327,28.011857109823993]]]}},{"type":"Feature","properties":{"jobs":278,"pop":339,"pointCount":1,"homeWorkCommuteMedian":34193,"workHomeCommuteMedian":40824},"geometry":{"type":"Polygon","coordinates":[[[-82.14728359745327,28.02085031346124],[-82.14728359745327,28.029843517098485],[-82.13829039381602,28.029843517098485],[-82.13829039381602,28.02085031346124],[-82.14728359745327,28.02085031346124]]]}},{"type":"Feature","properties":{"jobs":83,"pop":184,"pointCount":1,"homeWorkCommuteMedian":33091,"workHomeCommuteMedian":25805},"geometry":{"type":"Polygon","coordinates":[[[-82.14728359745327,28.03883672073573],[-82.14728359745327,28.047829924372977],[-82.13829039381602,28.047829924372977],[-82.13829039381602,28.03883672073573],[-82.14728359745327,28.03883672073573]]]}},{"type":"Feature","properties":{"jobs":39,"pop":433,"pointCount":1,"homeWorkCommuteMedian":41514,"workHomeCommuteMedian":28285},"geometry":{"type":"Polygon","coordinates":[[[-82.14728359745327,28.06581633164747],[-82.14728359745327,28.074809535284714],[-82.13829039381602,28.074809535284714],[-82.13829039381602,28.06581633164747],[-82.14728359745327,28.06581633164747]]]}},{"type":"Feature","properties":{"jobs":4,"pop":0,"pointCount":1,"homeWorkCommuteMedian":-1,"workHomeCommuteMedian":26030},"geometry":{"type":"Polygon","coordinates":[[[-82.14728359745327,28.119775553470944],[-82.14728359745327,28.12876875710819],[-82.13829039381602,28.12876875710819],[-82.13829039381602,28.119775553470944],[-82.14728359745327,28.119775553470944]]]}},{"type":"Feature","properties":{"jobs":0,"pop":18,"pointCount":1,"homeWorkCommuteMedian":77567,"workHomeCommuteMedian":-1},"geometry":{"type":"Polygon","coordinates":[[[-82.14728359745327,28.15574836801993],[-82.14728359745327,28.164741571657174],[-82.13829039381602,28.164741571657174],[-82.13829039381602,28.15574836801993],[-82.14728359745327,28.15574836801993]]]}},{"type":"Feature","properties":{"jobs":0,"pop":14,"pointCount":1,"homeWorkCommuteMedian":64808,"workHomeCommuteMedian":-1},"geometry":{"type":"Polygon","coordinates":[[[-82.14728359745327,28.191721182568912],[-82.14728359745327,28.20071438620616],[-82.13829039381602,28.20071438620616],[-82.13829039381602,28.191721182568912],[-82.14728359745327,28.191721182568912]]]}},{"type":"Feature","properties":{"jobs":9,"pop":6,"pointCount":1,"homeWorkCommuteMedian":45292,"workHomeCommuteMedian":40542},"geometry":{"type":"Polygon","coordinates":[[[-82.14728359745327,28.209707589843404],[-82.14728359745327,28.21870079348065],[-82.13829039381602,28.21870079348065],[-82.13829039381602,28.209707589843404],[-82.14728359745327,28.209707589843404]]]}},{"type":"Feature","properties":{"jobs":9,"pop":0,"pointCount":1,"homeWorkCommuteMedian":-1,"workHomeCommuteMedian":29686},"geometry":{"type":"Polygon","coordinates":[[[-82.14728359745327,28.254673608029634],[-82.14728359745327,28.26366681166688],[-82.13829039381602,28.26366681166688],[-82.13829039381602,28.254673608029634],[-82.14728359745327,28.254673608029634]]]}},{"type":"Feature","properties":{"jobs":0,"pop":17,"pointCount":1,"homeWorkCommuteMedian":87170,"workHomeCommuteMedian":-1},"geometry":{"type":"Polygon","coordinates":[[[-82.13829039381602,27.63414255705966],[-82.13829039381602,27.643135760696907],[-82.12929719017878,27.643135760696907],[-82.12929719017878,27.63414255705966],[-82.13829039381602,27.63414255705966]]]}},{"type":"Feature","properties":{"jobs":0,"pop":1,"pointCount":1,"homeWorkCommuteMedian":35698,"workHomeCommuteMedian":-1},"geometry":{"type":"Polygon","coordinates":[[[-82.13829039381602,27.733067797069367],[-82.13829039381602,27.742061000706613],[-82.12929719017878,27.742061000706613],[-82.12929719017878,27.733067797069367],[-82.13829039381602,27.733067797069367]]]}},{"type":"Feature","properties":{"jobs":1,"pop":12,"pointCount":1,"homeWorkCommuteMedian":81825,"workHomeCommuteMedian":15179},"geometry":{"type":"Polygon","coordinates":[[[-82.13829039381602,27.787027018892843],[-82.13829039381602,27.79602022253009],[-82.12929719017878,27.79602022253009],[-82.12929719017878,27.787027018892843],[-82.13829039381602,27.787027018892843]]]}},{"type":"Feature","properties":{"jobs":13,"pop":72,"pointCount":1,"homeWorkCommuteMedian":46708,"workHomeCommuteMedian":50294},"geometry":{"type":"Polygon","coordinates":[[[-82.13829039381602,27.85897264799081],[-82.13829039381602,27.867965851628057],[-82.12929719017878,27.867965851628057],[-82.12929719017878,27.85897264799081],[-82.13829039381602,27.85897264799081]]]}},{"type":"Feature","properties":{"jobs":29,"pop":91,"pointCount":1,"homeWorkCommuteMedian":26604,"workHomeCommuteMedian":13131},"geometry":{"type":"Polygon","coordinates":[[[-82.13829039381602,27.88595225890255],[-82.13829039381602,27.894945462539795],[-82.12929719017878,27.894945462539795],[-82.12929719017878,27.88595225890255],[-82.13829039381602,27.88595225890255]]]}},{"type":"Feature","properties":{"jobs":0,"pop":12,"pointCount":1,"homeWorkCommuteMedian":49974,"workHomeCommuteMedian":-1},"geometry":{"type":"Polygon","coordinates":[[[-82.13829039381602,27.90393866617704],[-82.13829039381602,27.912931869814287],[-82.12929719017878,27.912931869814287],[-82.12929719017878,27.90393866617704],[-82.13829039381602,27.90393866617704]]]}},{"type":"Feature","properties":{"jobs":144,"pop":134,"pointCount":1,"homeWorkCommuteMedian":35555,"workHomeCommuteMedian":28230},"geometry":{"type":"Polygon","coordinates":[[[-82.13829039381602,27.939911480726025],[-82.13829039381602,27.94890468436327],[-82.12929719017878,27.94890468436327],[-82.12929719017878,27.939911480726025],[-82.13829039381602,27.939911480726025]]]}},{"type":"Feature","properties":{"jobs":18,"pop":1002,"pointCount":1,"homeWorkCommuteMedian":39416,"workHomeCommuteMedian":7128},"geometry":{"type":"Polygon","coordinates":[[[-82.13829039381602,27.97588429527501],[-82.13829039381602,27.984877498912255],[-82.12929719017878,27.984877498912255],[-82.12929719017878,27.97588429527501],[-82.13829039381602,27.97588429527501]]]}},{"type":"Feature","properties":{"jobs":64,"pop":1026,"pointCount":1,"homeWorkCommuteMedian":39022,"workHomeCommuteMedian":65496},"geometry":{"type":"Polygon","coordinates":[[[-82.13829039381602,27.984877498912255],[-82.13829039381602,27.9938707025495],[-82.12929719017878,27.9938707025495],[-82.12929719017878,27.984877498912255],[-82.13829039381602,27.984877498912255]]]}},{"type":"Feature","properties":{"jobs":540,"pop":968,"pointCount":2,"homeWorkCommuteMedian":32421,"workHomeCommuteMedian":31408},"geometry":{"type":"Polygon","coordinates":[[[-82.13829039381602,28.002863906186747],[-82.13829039381602,28.011857109823993],[-82.12929719017878,28.011857109823993],[-82.12929719017878,28.002863906186747],[-82.13829039381602,28.002863906186747]]]}},{"type":"Feature","properties":{"jobs":36,"pop":159,"pointCount":1,"homeWorkCommuteMedian":33152,"workHomeCommuteMedian":18148},"geometry":{"type":"Polygon","coordinates":[[[-82.13829039381602,28.056823128010222],[-82.13829039381602,28.06581633164747],[-82.12929719017878,28.06581633164747],[-82.12929719017878,28.056823128010222],[-82.13829039381602,28.056823128010222]]]}},{"type":"Feature","properties":{"jobs":18,"pop":13,"pointCount":1,"homeWorkCommuteMedian":47926,"workHomeCommuteMedian":18942},"geometry":{"type":"Polygon","coordinates":[[[-82.13829039381602,28.227693997117896],[-82.13829039381602,28.236687200755142],[-82.12929719017878,28.236687200755142],[-82.12929719017878,28.227693997117896],[-82.13829039381602,28.227693997117896]]]}},{"type":"Feature","properties":{"jobs":16,"pop":99,"pointCount":1,"homeWorkCommuteMedian":54483,"workHomeCommuteMedian":73193},"geometry":{"type":"Polygon","coordinates":[[[-82.13829039381602,28.245680404392388],[-82.13829039381602,28.254673608029634],[-82.12929719017878,28.254673608029634],[-82.12929719017878,28.245680404392388],[-82.13829039381602,28.245680404392388]]]}},{"type":"Feature","properties":{"jobs":4,"pop":6,"pointCount":1,"homeWorkCommuteMedian":26775,"workHomeCommuteMedian":27076},"geometry":{"type":"Polygon","coordinates":[[[-82.12929719017878,27.81400662980458],[-82.12929719017878,27.822999833441827],[-82.12030398654153,27.822999833441827],[-82.12030398654153,27.81400662980458],[-82.12929719017878,27.81400662980458]]]}},{"type":"Feature","properties":{"jobs":12,"pop":32,"pointCount":1,"homeWorkCommuteMedian":36533,"workHomeCommuteMedian":27627},"geometry":{"type":"Polygon","coordinates":[[[-82.12929719017878,27.912931869814287],[-82.12929719017878,27.921925073451533],[-82.12030398654153,27.921925073451533],[-82.12030398654153,27.912931869814287],[-82.12929719017878,27.912931869814287]]]}},{"type":"Feature","properties":{"jobs":77,"pop":266,"pointCount":1,"homeWorkCommuteMedian":31238,"workHomeCommuteMedian":46608},"geometry":{"type":"Polygon","coordinates":[[[-82.12929719017878,27.97588429527501],[-82.12929719017878,27.984877498912255],[-82.12030398654153,27.984877498912255],[-82.12030398654153,27.97588429527501],[-82.12929719017878,27.97588429527501]]]}},{"type":"Feature","properties":{"jobs":892,"pop":861,"pointCount":2,"homeWorkCommuteMedian":39704,"workHomeCommuteMedian":40430},"geometry":{"type":"Polygon","coordinates":[[[-82.12929719017878,27.984877498912255],[-82.12929719017878,27.9938707025495],[-82.12030398654153,27.9938707025495],[-82.12030398654153,27.984877498912255],[-82.12929719017878,27.984877498912255]]]}},{"type":"Feature","properties":{"jobs":305,"pop":838,"pointCount":1,"homeWorkCommuteMedian":38259,"workHomeCommuteMedian":32682},"geometry":{"type":"Polygon","coordinates":[[[-82.12929719017878,27.9938707025495],[-82.12929719017878,28.002863906186747],[-82.12030398654153,28.002863906186747],[-82.12030398654153,27.9938707025495],[-82.12929719017878,27.9938707025495]]]}},{"type":"Feature","properties":{"jobs":589,"pop":959,"pointCount":3,"homeWorkCommuteMedian":37519,"workHomeCommuteMedian":36308},"geometry":{"type":"Polygon","coordinates":[[[-82.12929719017878,28.002863906186747],[-82.12929719017878,28.011857109823993],[-82.12030398654153,28.011857109823993],[-82.12030398654153,28.002863906186747],[-82.12929719017878,28.002863906186747]]]}},{"type":"Feature","properties":{"jobs":724,"pop":324,"pointCount":1,"homeWorkCommuteMedian":33888,"workHomeCommuteMedian":30062},"geometry":{"type":"Polygon","coordinates":[[[-82.12929719017878,28.011857109823993],[-82.12929719017878,28.02085031346124],[-82.12030398654153,28.02085031346124],[-82.12030398654153,28.011857109823993],[-82.12929719017878,28.011857109823993]]]}},{"type":"Feature","properties":{"jobs":52,"pop":668,"pointCount":1,"homeWorkCommuteMedian":30685,"workHomeCommuteMedian":23735},"geometry":{"type":"Polygon","coordinates":[[[-82.12929719017878,28.02085031346124],[-82.12929719017878,28.029843517098485],[-82.12030398654153,28.029843517098485],[-82.12030398654153,28.02085031346124],[-82.12929719017878,28.02085031346124]]]}},{"type":"Feature","properties":{"jobs":440,"pop":688,"pointCount":1,"homeWorkCommuteMedian":34205,"workHomeCommuteMedian":35602},"geometry":{"type":"Polygon","coordinates":[[[-82.12929719017878,28.029843517098485],[-82.12929719017878,28.03883672073573],[-82.12030398654153,28.03883672073573],[-82.12030398654153,28.029843517098485],[-82.12929719017878,28.029843517098485]]]}},{"type":"Feature","properties":{"jobs":226,"pop":429,"pointCount":1,"homeWorkCommuteMedian":35869,"workHomeCommuteMedian":27426},"geometry":{"type":"Polygon","coordinates":[[[-82.12929719017878,28.03883672073573],[-82.12929719017878,28.047829924372977],[-82.12030398654153,28.047829924372977],[-82.12030398654153,28.03883672073573],[-82.12929719017878,28.03883672073573]]]}},{"type":"Feature","properties":{"jobs":54,"pop":165,"pointCount":1,"homeWorkCommuteMedian":40722,"workHomeCommuteMedian":34230},"geometry":{"type":"Polygon","coordinates":[[[-82.12929719017878,28.056823128010222],[-82.12929719017878,28.06581633164747],[-82.12030398654153,28.06581633164747],[-82.12030398654153,28.056823128010222],[-82.12929719017878,28.056823128010222]]]}},{"type":"Feature","properties":{"jobs":8,"pop":14,"pointCount":1,"homeWorkCommuteMedian":60235,"workHomeCommuteMedian":35276},"geometry":{"type":"Polygon","coordinates":[[[-82.12929719017878,28.074809535284714],[-82.12929719017878,28.08380273892196],[-82.12030398654153,28.08380273892196],[-82.12030398654153,28.074809535284714],[-82.12929719017878,28.074809535284714]]]}},{"type":"Feature","properties":{"jobs":6,"pop":28,"pointCount":1,"homeWorkCommuteMedian":33805,"workHomeCommuteMedian":48058},"geometry":{"type":"Polygon","coordinates":[[[-82.12929719017878,28.1107823498337],[-82.12929719017878,28.119775553470944],[-82.12030398654153,28.119775553470944],[-82.12030398654153,28.1107823498337],[-82.12929719017878,28.1107823498337]]]}},{"type":"Feature","properties":{"jobs":30,"pop":16,"pointCount":1,"homeWorkCommuteMedian":40402,"workHomeCommuteMedian":29860},"geometry":{"type":"Polygon","coordinates":[[[-82.12929719017878,28.254673608029634],[-82.12929719017878,28.26366681166688],[-82.12030398654153,28.26366681166688],[-82.12030398654153,28.254673608029634],[-82.12929719017878,28.254673608029634]]]}},{"type":"Feature","properties":{"jobs":12,"pop":18,"pointCount":1,"homeWorkCommuteMedian":40298,"workHomeCommuteMedian":20897},"geometry":{"type":"Polygon","coordinates":[[[-82.12030398654153,27.876959055265303],[-82.12030398654153,27.88595225890255],[-82.11131078290428,27.88595225890255],[-82.11131078290428,27.876959055265303],[-82.12030398654153,27.876959055265303]]]}},{"type":"Feature","properties":{"jobs":48,"pop":20,"pointCount":1,"homeWorkCommuteMedian":58516,"workHomeCommuteMedian":20478},"geometry":{"type":"Polygon","coordinates":[[[-82.12030398654153,27.894945462539795],[-82.12030398654153,27.90393866617704],[-82.11131078290428,27.90393866617704],[-82.11131078290428,27.894945462539795],[-82.12030398654153,27.894945462539795]]]}},{"type":"Feature","properties":{"jobs":86,"pop":72,"pointCount":1,"homeWorkCommuteMedian":38728,"workHomeCommuteMedian":36445},"geometry":{"type":"Polygon","coordinates":[[[-82.12030398654153,27.94890468436327],[-82.12030398654153,27.957897888000517],[-82.11131078290428,27.957897888000517],[-82.11131078290428,27.94890468436327],[-82.12030398654153,27.94890468436327]]]}},{"type":"Feature","properties":{"jobs":897,"pop":37,"pointCount":1,"homeWorkCommuteMedian":38903,"workHomeCommuteMedian":41441},"geometry":{"type":"Polygon","coordinates":[[[-82.12030398654153,27.97588429527501],[-82.12030398654153,27.984877498912255],[-82.11131078290428,27.984877498912255],[-82.11131078290428,27.97588429527501],[-82.12030398654153,27.97588429527501]]]}},{"type":"Feature","properties":{"jobs":289,"pop":187,"pointCount":1,"homeWorkCommuteMedian":43947,"workHomeCommuteMedian":39962},"geometry":{"type":"Polygon","coordinates":[[[-82.12030398654153,27.984877498912255],[-82.12030398654153,27.9938707025495],[-82.11131078290428,27.9938707025495],[-82.11131078290428,27.984877498912255],[-82.12030398654153,27.984877498912255]]]}},{"type":"Feature","properties":{"jobs":467,"pop":141,"pointCount":2,"homeWorkCommuteMedian":44992,"workHomeCommuteMedian":31591},"geometry":{"type":"Polygon","coordinates":[[[-82.12030398654153,28.011857109823993],[-82.12030398654153,28.02085031346124],[-82.11131078290428,28.02085031346124],[-82.11131078290428,28.011857109823993],[-82.12030398654153,28.011857109823993]]]}},{"type":"Feature","properties":{"jobs":46,"pop":537,"pointCount":1,"homeWorkCommuteMedian":37831,"workHomeCommuteMedian":40679},"geometry":{"type":"Polygon","coordinates":[[[-82.12030398654153,28.02085031346124],[-82.12030398654153,28.029843517098485],[-82.11131078290428,28.029843517098485],[-82.11131078290428,28.02085031346124],[-82.12030398654153,28.02085031346124]]]}},{"type":"Feature","properties":{"jobs":230,"pop":104,"pointCount":1,"homeWorkCommuteMedian":33729,"workHomeCommuteMedian":39791},"geometry":{"type":"Polygon","coordinates":[[[-82.12030398654153,28.029843517098485],[-82.12030398654153,28.03883672073573],[-82.11131078290428,28.03883672073573],[-82.11131078290428,28.029843517098485],[-82.12030398654153,28.029843517098485]]]}},{"type":"Feature","properties":{"jobs":38,"pop":0,"pointCount":1,"homeWorkCommuteMedian":-1,"workHomeCommuteMedian":50192},"geometry":{"type":"Polygon","coordinates":[[[-82.12030398654153,28.146755164382682],[-82.12030398654153,28.15574836801993],[-82.11131078290428,28.15574836801993],[-82.11131078290428,28.146755164382682],[-82.12030398654153,28.146755164382682]]]}},{"type":"Feature","properties":{"jobs":27,"pop":22,"pointCount":1,"homeWorkCommuteMedian":48952,"workHomeCommuteMedian":32842},"geometry":{"type":"Polygon","coordinates":[[[-82.11131078290428,27.831993037079073],[-82.11131078290428,27.84098624071632],[-82.10231757926704,27.84098624071632],[-82.10231757926704,27.831993037079073],[-82.11131078290428,27.831993037079073]]]}},{"type":"Feature","properties":{"jobs":6,"pop":0,"pointCount":1,"homeWorkCommuteMedian":-1,"workHomeCommuteMedian":19979},"geometry":{"type":"Polygon","coordinates":[[[-82.11131078290428,27.84098624071632],[-82.11131078290428,27.849979444353565],[-82.10231757926704,27.849979444353565],[-82.10231757926704,27.84098624071632],[-82.11131078290428,27.84098624071632]]]}},{"type":"Feature","properties":{"jobs":0,"pop":14,"pointCount":1,"homeWorkCommuteMedian":66488,"workHomeCommuteMedian":-1},"geometry":{"type":"Polygon","coordinates":[[[-82.11131078290428,27.85897264799081],[-82.11131078290428,27.867965851628057],[-82.10231757926704,27.867965851628057],[-82.10231757926704,27.85897264799081],[-82.11131078290428,27.85897264799081]]]}},{"type":"Feature","properties":{"jobs":16,"pop":18,"pointCount":1,"homeWorkCommuteMedian":69051,"workHomeCommuteMedian":15918},"geometry":{"type":"Polygon","coordinates":[[[-82.11131078290428,27.939911480726025],[-82.11131078290428,27.94890468436327],[-82.10231757926704,27.94890468436327],[-82.10231757926704,27.939911480726025],[-82.11131078290428,27.939911480726025]]]}},{"type":"Feature","properties":{"jobs":34,"pop":26,"pointCount":1,"homeWorkCommuteMedian":31316,"workHomeCommuteMedian":21415},"geometry":{"type":"Polygon","coordinates":[[[-82.11131078290428,27.957897888000517],[-82.11131078290428,27.966891091637763],[-82.10231757926704,27.966891091637763],[-82.10231757926704,27.957897888000517],[-82.11131078290428,27.957897888000517]]]}},{"type":"Feature","properties":{"jobs":661,"pop":58,"pointCount":1,"homeWorkCommuteMedian":49328,"workHomeCommuteMedian":39065},"geometry":{"type":"Polygon","coordinates":[[[-82.11131078290428,28.002863906186747],[-82.11131078290428,28.011857109823993],[-82.10231757926704,28.011857109823993],[-82.10231757926704,28.002863906186747],[-82.11131078290428,28.002863906186747]]]}},{"type":"Feature","properties":{"jobs":2437,"pop":430,"pointCount":2,"homeWorkCommuteMedian":1338,"workHomeCommuteMedian":36341},"geometry":{"type":"Polygon","coordinates":[[[-82.11131078290428,28.02085031346124],[-82.11131078290428,28.029843517098485],[-82.10231757926704,28.029843517098485],[-82.10231757926704,28.02085031346124],[-82.11131078290428,28.02085031346124]]]}},{"type":"Feature","properties":{"jobs":165,"pop":24,"pointCount":1,"homeWorkCommuteMedian":27876,"workHomeCommuteMedian":33450},"geometry":{"type":"Polygon","coordinates":[[[-82.11131078290428,28.029843517098485],[-82.11131078290428,28.03883672073573],[-82.10231757926704,28.03883672073573],[-82.10231757926704,28.029843517098485],[-82.11131078290428,28.029843517098485]]]}},{"type":"Feature","properties":{"jobs":34,"pop":47,"pointCount":1,"homeWorkCommuteMedian":38786,"workHomeCommuteMedian":19680},"geometry":{"type":"Polygon","coordinates":[[[-82.11131078290428,28.06581633164747],[-82.11131078290428,28.074809535284714],[-82.10231757926704,28.074809535284714],[-82.10231757926704,28.06581633164747],[-82.11131078290428,28.06581633164747]]]}}],"properties":{"residentWeightedNearestNeighborKm":{"p10":0.36599437763198744,"p25":0.4690203803943974,"p50":0.6278987691533225,"p75":0.8269597225787002,"p90":1.080494780488885,"mean":0.6848121557663129},"workerWeightedNearestNeighborKm":{"p10":0.2934619503168346,"p25":0.35620391605790214,"p50":0.46427363223485146,"p75":0.6311840039357349,"p90":0.8136240379878856,"mean":0.5204265941008103},"commuteDistanceKm":{"p10":6446,"p25":13147,"p50":24919,"p75":39150,"p90":53919,"mean":27894.811422928153},"residentCellDensity":{"p10":57,"p25":207,"p50":523,"p75":971,"p90":1566,"mean":719.6425055928412},"workerCellDensity":{"p10":29,"p25":82,"p50":218,"p75":570,"p90":1451,"mean":754.3336461755044},"detail":{"radiusKm":0.5399229965750724,"expectedPointSpacingKm":0.8333231271063097,"normalizedRadius":0.6479155312176913,"activityPerPoint":492.9194733619106,"playableAreaKm2":4340,"playableAreaPerPointKm2":1.3288426209430495,"playableCatchmentRadiusKm":0.6503720038782053,"localityScore":0.34795954166013127,"deaggregationScore":0.8421871302598548,"score":0.5413382009772453},"polycentrism":{"activity":{"score":0.8471879392936245,"continuousScore":0.86933327890488,"detectedCenterCount":3,"effectiveCenterCount":2.297751665888226,"largestCenterShare":0.5922844941377436,"bandwidthKm":1.3,"reliabilityScore":1,"supportLevel":"high","usedFallback":false,"topCenters":[{"longitude":-82.41370064874467,"latitude":28.00035588339059,"massShare":0.5922844941377436,"assignedMass":1907008,"assignedPointCount":1874,"prominenceRatio":1},{"longitude":-82.72781789760928,"latitude":28.026997350231174,"massShare":0.2292659367963351,"assignedMass":738179,"assignedPointCount":827,"prominenceRatio":1},{"longitude":-82.68277332075662,"latitude":27.802094482911727,"massShare":0.17844956906592127,"assignedMass":574563,"assignedPointCount":565,"prominenceRatio":1}],"debug":{"rawPeakCount":80,"mergedPeakCount":73,"filteredPeakCount":3,"prominenceThreshold":0.22,"minPointsPerCenter":10,"rejectedCenters":[{"longitude":-82.51933995797242,"latitude":27.96773824308507,"massShare":0.08023449025545462,"assignedMass":258335,"assignedPointCount":130,"prominenceRatio":0.9999945667331135,"strongestCompetitorDistanceKm":6.517430817981729,"strongestCompetitorPotential":158960.6951667857,"localConsolidatedShare":0.08023449025545462,"localConsolidatedMass":258335,"localContributorCount":1,"localContributorDistancesKm":[],"rejectionReasons":["not_dominant_local_peak","too_close_for_low_share_center"]},{"longitude":-82.41643546963705,"latitude":28.056766375076347,"massShare":0.07369826849910707,"assignedMass":237290,"assignedPointCount":153,"prominenceRatio":1,"strongestCompetitorDistanceKm":13.26651642852946,"strongestCompetitorPotential":158960.6951667857,"localConsolidatedShare":0.07369826849910707,"localConsolidatedMass":237290,"localContributorCount":1,"localContributorDistancesKm":[],"rejectionReasons":["not_dominant_local_peak"]},{"longitude":-82.32466300939646,"latitude":27.92667396904908,"massShare":0.05198509201024924,"assignedMass":167379,"assignedPointCount":151,"prominenceRatio":1,"strongestCompetitorDistanceKm":13.015930113807228,"strongestCompetitorPotential":158960.6951667857,"localConsolidatedShare":0.05198509201024924,"localConsolidatedMass":167379,"localContributorCount":1,"localContributorDistancesKm":[],"rejectionReasons":["below_secondary_share_floor"]},{"longitude":-82.78818061829607,"latitude":27.911079865380096,"massShare":0.028213991769547326,"assignedMass":90842,"assignedPointCount":80,"prominenceRatio":1,"strongestCompetitorDistanceKm":21.698264741512318,"strongestCompetitorPotential":58995.72164975878,"localConsolidatedShare":0.028213991769547326,"localConsolidatedMass":90842,"localContributorCount":1,"localContributorDistancesKm":[],"rejectionReasons":["below_secondary_share_floor"]},{"longitude":-82.73035536876262,"latitude":27.790211654431335,"massShare":0.029918471931050548,"assignedMass":96330,"assignedPointCount":81,"prominenceRatio":0.9999999999733465,"strongestCompetitorDistanceKm":9.156098947974192,"strongestCompetitorPotential":58995.72164975878,"localConsolidatedShare":0.029918471931050548,"localConsolidatedMass":96330,"localContributorCount":1,"localContributorDistancesKm":[],"rejectionReasons":["below_secondary_share_floor"]},{"longitude":-82.65621962645446,"latitude":27.87299810262214,"massShare":0.02949514713875301,"assignedMass":94967,"assignedPointCount":78,"prominenceRatio":1,"strongestCompetitorDistanceKm":12.879108596593959,"strongestCompetitorPotential":58995.72164975878,"localConsolidatedShare":0.02949514713875301,"localConsolidatedMass":94967,"localContributorCount":1,"localContributorDistancesKm":[],"rejectionReasons":["below_secondary_share_floor"]},{"longitude":-82.40079667070917,"latitude":28.195846372435067,"massShare":0.019969252271139062,"assignedMass":64296,"assignedPointCount":50,"prominenceRatio":1,"strongestCompetitorDistanceKm":27.83051074690605,"strongestCompetitorPotential":158960.6951667857,"localConsolidatedShare":0.019969252271139062,"localConsolidatedMass":64296,"localContributorCount":1,"localContributorDistancesKm":[],"rejectionReasons":["below_secondary_share_floor"]},{"longitude":-82.38097293212894,"latitude":27.994707352290106,"massShare":0.02483391567668297,"assignedMass":79959,"assignedPointCount":83,"prominenceRatio":0.9999999999927272,"strongestCompetitorDistanceKm":9.62041241057415,"strongestCompetitorPotential":158960.6951667857,"localConsolidatedShare":0.02483391567668297,"localConsolidatedMass":79959,"localContributorCount":1,"localContributorDistancesKm":[],"rejectionReasons":["below_secondary_share_floor"]},{"longitude":-82.51218245951871,"latitude":27.89407232392147,"massShare":0.017159406786241168,"assignedMass":55249,"assignedPointCount":63,"prominenceRatio":0.99999999774638,"strongestCompetitorDistanceKm":8.558210503728727,"strongestCompetitorPotential":158960.6951667857,"localConsolidatedShare":0.017159406786241168,"localConsolidatedMass":55249,"localContributorCount":1,"localContributorDistancesKm":[],"rejectionReasons":["below_secondary_share_floor"]},{"longitude":-82.51251880798169,"latitude":28.02682362513252,"massShare":0.03300597872505629,"assignedMass":106271,"assignedPointCount":99,"prominenceRatio":0.9999999999999936,"strongestCompetitorDistanceKm":10.788646266249868,"strongestCompetitorPotential":158960.6951667857,"localConsolidatedShare":0.03300597872505629,"localConsolidatedMass":106271,"localContributorCount":1,"localContributorDistancesKm":[],"rejectionReasons":["below_secondary_share_floor"]},{"longitude":-82.35055685806694,"latitude":28.19355745295427,"massShare":0.014037114682816989,"assignedMass":45196,"assignedPointCount":41,"prominenceRatio":1,"strongestCompetitorDistanceKm":28.917219187462617,"strongestCompetitorPotential":158960.6951667857,"localConsolidatedShare":0.014037114682816989,"localConsolidatedMass":45196,"localContributorCount":1,"localContributorDistancesKm":[],"rejectionReasons":["below_secondary_share_floor"]},{"longitude":-82.72276419155342,"latitude":27.89942680774618,"massShare":0.027631027253668762,"assignedMass":88965,"assignedPointCount":103,"prominenceRatio":1,"strongestCompetitorDistanceKm":12.626295908950171,"strongestCompetitorPotential":34247.43288882347,"localConsolidatedShare":0.027631027253668762,"localConsolidatedMass":88965,"localContributorCount":1,"localContributorDistancesKm":[],"rejectionReasons":["below_secondary_share_floor"]},{"longitude":-82.80392280149725,"latitude":27.967348266058785,"massShare":0.02078329062815436,"assignedMass":66917,"assignedPointCount":60,"prominenceRatio":0.9999999999787951,"strongestCompetitorDistanceKm":9.169758906479498,"strongestCompetitorPotential":34247.43288882347,"localConsolidatedShare":0.02078329062815436,"localConsolidatedMass":66917,"localContributorCount":1,"localContributorDistancesKm":[],"rejectionReasons":["below_secondary_share_floor"]},{"longitude":-82.73584862859558,"latitude":27.965886344607174,"massShare":0.01905675906514481,"assignedMass":61358,"assignedPointCount":71,"prominenceRatio":0.9999492590479496,"strongestCompetitorDistanceKm":5.877289094986741,"strongestCompetitorPotential":34247.43288882347,"localConsolidatedShare":0.01905675906514481,"localConsolidatedMass":61358,"localContributorCount":1,"localContributorDistancesKm":[],"rejectionReasons":["below_secondary_share_floor"]},{"longitude":-82.31233598633717,"latitude":27.985041691532448,"massShare":0.020309961953567823,"assignedMass":65393,"assignedPointCount":81,"prominenceRatio":1,"strongestCompetitorDistanceKm":12.952360113184126,"strongestCompetitorPotential":158960.6951667857,"localConsolidatedShare":0.020309961953567823,"localConsolidatedMass":65393,"localContributorCount":1,"localContributorDistancesKm":[],"rejectionReasons":["below_secondary_share_floor"]},{"longitude":-82.58001273809414,"latitude":28.02451497011587,"massShare":0.02274866061029583,"assignedMass":73245,"assignedPointCount":70,"prominenceRatio":1,"strongestCompetitorDistanceKm":14.51455089741242,"strongestCompetitorPotential":158960.6951667857,"localConsolidatedShare":0.02274866061029583,"localConsolidatedMass":73245,"localContributorCount":1,"localContributorDistancesKm":[],"rejectionReasons":["below_secondary_share_floor"]},{"longitude":-82.69885744171573,"latitude":27.836726214182885,"massShare":0.02341175557108471,"assignedMass":75380,"assignedPointCount":80,"prominenceRatio":0.9999999999769591,"strongestCompetitorDistanceKm":9.295510615567602,"strongestCompetitorPotential":58995.72164975878,"localConsolidatedShare":0.02341175557108471,"localConsolidatedMass":75380,"localContributorCount":1,"localContributorDistancesKm":[],"rejectionReasons":["below_secondary_share_floor"]},{"longitude":-82.73949468796924,"latitude":28.0693656880525,"massShare":0.0186554856743536,"assignedMass":60066,"assignedPointCount":70,"prominenceRatio":0.9981026346555201,"strongestCompetitorDistanceKm":4.853263531469409,"strongestCompetitorPotential":34247.43288882347,"localConsolidatedShare":0.0186554856743536,"localConsolidatedMass":60066,"localContributorCount":1,"localContributorDistancesKm":[],"rejectionReasons":["below_secondary_share_floor"]},{"longitude":-82.4878377819875,"latitude":27.857214993412924,"massShare":0.0052199704946036185,"assignedMass":16807,"assignedPointCount":10,"prominenceRatio":0.9999999999998629,"strongestCompetitorDistanceKm":10.378962729094424,"strongestCompetitorPotential":158960.6951667857,"localConsolidatedShare":0.0052199704946036185,"localConsolidatedMass":16807,"localContributorCount":1,"localContributorDistancesKm":[],"rejectionReasons":["below_secondary_share_floor"]},{"longitude":-82.5163549309551,"latitude":28.0907755100031,"massShare":0.02305303206770712,"assignedMass":74225,"assignedPointCount":92,"prominenceRatio":1,"strongestCompetitorDistanceKm":16.360580784495586,"strongestCompetitorPotential":158960.6951667857,"localConsolidatedShare":0.02305303206770712,"localConsolidatedMass":74225,"localContributorCount":1,"localContributorDistancesKm":[],"rejectionReasons":["below_secondary_share_floor"]},{"longitude":-82.82002546053108,"latitude":27.87179445304102,"massShare":0.009409426197686156,"assignedMass":30296,"assignedPointCount":31,"prominenceRatio":1,"strongestCompetitorDistanceKm":18.30542024365932,"strongestCompetitorPotential":34247.43288882347,"localConsolidatedShare":0.009409426197686156,"localConsolidatedMass":30296,"localContributorCount":1,"localContributorDistancesKm":[],"rejectionReasons":["below_secondary_share_floor"]},{"longitude":-82.78426092130591,"latitude":27.85130890562934,"massShare":0.010957993633046044,"assignedMass":35282,"assignedPointCount":37,"prominenceRatio":1,"strongestCompetitorDistanceKm":17.401369511540945,"strongestCompetitorPotential":58995.72164975878,"localConsolidatedShare":0.010957993633046044,"localConsolidatedMass":35282,"localContributorCount":1,"localContributorDistancesKm":[],"rejectionReasons":["below_secondary_share_floor"]},{"longitude":-82.37629746941904,"latitude":28.126078427363236,"massShare":0.010010715117633356,"assignedMass":32232,"assignedPointCount":38,"prominenceRatio":1,"strongestCompetitorDistanceKm":21.517312208323137,"strongestCompetitorPotential":158960.6951667857,"localConsolidatedShare":0.010010715117633356,"localConsolidatedMass":32232,"localContributorCount":1,"localContributorDistancesKm":[],"rejectionReasons":["below_secondary_share_floor"]},{"longitude":-82.67636518650109,"latitude":27.72933738256621,"massShare":0.010983461448870253,"assignedMass":35364,"assignedPointCount":36,"prominenceRatio":0.9997562631073019,"strongestCompetitorDistanceKm":5.732432171301095,"strongestCompetitorPotential":58995.72164975878,"localConsolidatedShare":0.010983461448870253,"localConsolidatedMass":35364,"localContributorCount":1,"localContributorDistancesKm":[],"rejectionReasons":["below_secondary_share_floor"]},{"longitude":-82.78085235142062,"latitude":27.812626194671058,"massShare":0.007853404767450889,"assignedMass":25286,"assignedPointCount":26,"prominenceRatio":1,"strongestCompetitorDistanceKm":14.419951876475833,"strongestCompetitorPotential":58995.72164975878,"localConsolidatedShare":0.007853404767450889,"localConsolidatedMass":25286,"localContributorCount":1,"localContributorDistancesKm":[],"rejectionReasons":["below_secondary_share_floor"]},{"longitude":-82.32111690923577,"latitude":27.795812481854284,"massShare":0.012556875533814738,"assignedMass":40430,"assignedPointCount":51,"prominenceRatio":1,"strongestCompetitorDistanceKm":20.860332544322258,"strongestCompetitorPotential":158960.6951667857,"localConsolidatedShare":0.012556875533814738,"localConsolidatedMass":40430,"localContributorCount":1,"localContributorDistancesKm":[],"rejectionReasons":["below_secondary_share_floor"]},{"longitude":-82.62599757029133,"latitude":28.070572074847824,"massShare":0.008354996505939903,"assignedMass":26901,"assignedPointCount":35,"prominenceRatio":0.9999999999999971,"strongestCompetitorDistanceKm":10.791654494181968,"strongestCompetitorPotential":34247.43288882347,"localConsolidatedShare":0.008354996505939903,"localConsolidatedMass":26901,"localContributorCount":1,"localContributorDistancesKm":[],"rejectionReasons":["below_secondary_share_floor"]},{"longitude":-82.66639703482704,"latitude":28.03968689536011,"massShare":0.008146595232549111,"assignedMass":26230,"assignedPointCount":34,"prominenceRatio":0.9999999876636989,"strongestCompetitorDistanceKm":8.05939406476375,"strongestCompetitorPotential":34247.43288882347,"localConsolidatedShare":0.008146595232549111,"localConsolidatedMass":26230,"localContributorCount":1,"localContributorDistancesKm":[],"rejectionReasons":["below_secondary_share_floor"]},{"longitude":-82.33330139317756,"latitude":27.851511343384033,"massShare":0.013353831819240625,"assignedMass":42996,"assignedPointCount":61,"prominenceRatio":1,"strongestCompetitorDistanceKm":17.12019622392596,"strongestCompetitorPotential":158960.6951667857,"localConsolidatedShare":0.013353831819240625,"localConsolidatedMass":42996,"localContributorCount":1,"localContributorDistancesKm":[],"rejectionReasons":["below_secondary_share_floor"]},{"longitude":-82.73784785996128,"latitude":27.722677066827202,"massShare":0.0075114527525429,"assignedMass":24185,"assignedPointCount":24,"prominenceRatio":0.9999999999999991,"strongestCompetitorDistanceKm":11.079856840086475,"strongestCompetitorPotential":58995.72164975878,"localConsolidatedShare":0.0075114527525429,"localConsolidatedMass":24185,"localContributorCount":1,"localContributorDistancesKm":[],"rejectionReasons":["below_secondary_share_floor"]},{"longitude":-82.48181268129899,"latitude":28.254976609837232,"massShare":0.006357636462458265,"assignedMass":20470,"assignedPointCount":32,"prominenceRatio":1,"strongestCompetitorDistanceKm":34.89217288208544,"strongestCompetitorPotential":158960.6951667857,"localConsolidatedShare":0.006357636462458265,"localConsolidatedMass":20470,"localContributorCount":1,"localContributorDistancesKm":[],"rejectionReasons":["below_secondary_share_floor"]},{"longitude":-82.31443733452728,"latitude":28.1573178964298,"massShare":0.008764034474726299,"assignedMass":28218,"assignedPointCount":45,"prominenceRatio":1,"strongestCompetitorDistanceKm":26.73303657448423,"strongestCompetitorPotential":158960.6951667857,"localConsolidatedShare":0.008764034474726299,"localConsolidatedMass":28218,"localContributorCount":1,"localContributorDistancesKm":[],"rejectionReasons":["below_secondary_share_floor"]},{"longitude":-82.70652693171007,"latitude":28.250131095885962,"massShare":0.012609364081062195,"assignedMass":40599,"assignedPointCount":51,"prominenceRatio":1,"strongestCompetitorDistanceKm":24.318061999522286,"strongestCompetitorPotential":34247.43288882347,"localConsolidatedShare":0.012609364081062195,"localConsolidatedMass":40599,"localContributorCount":1,"localContributorDistancesKm":[],"rejectionReasons":["below_secondary_share_floor"]},{"longitude":-82.76072807965821,"latitude":28.144896177582325,"massShare":0.00981877474959236,"assignedMass":31614,"assignedPointCount":39,"prominenceRatio":1,"strongestCompetitorDistanceKm":14.545964768869117,"strongestCompetitorPotential":34247.43288882347,"localConsolidatedShare":0.00981877474959236,"localConsolidatedMass":31614,"localContributorCount":1,"localContributorDistancesKm":[],"rejectionReasons":["below_secondary_share_floor"]},{"longitude":-82.73847911889733,"latitude":28.191426194906928,"massShare":0.006498641198850842,"assignedMass":20924,"assignedPointCount":26,"prominenceRatio":1,"strongestCompetitorDistanceKm":19.435863273829323,"strongestCompetitorPotential":34247.43288882347,"localConsolidatedShare":0.006498641198850842,"localConsolidatedMass":20924,"localContributorCount":1,"localContributorDistancesKm":[],"rejectionReasons":["below_secondary_share_floor"]},{"longitude":-82.14254111696182,"latitude":28.006612057441224,"massShare":0.012479540336982686,"assignedMass":40181,"assignedPointCount":67,"prominenceRatio":1,"strongestCompetitorDistanceKm":32.408468084108705,"strongestCompetitorPotential":158960.6951667857,"localConsolidatedShare":0.012479540336982686,"localConsolidatedMass":40181,"localContributorCount":1,"localContributorDistancesKm":[],"rejectionReasons":["below_secondary_share_floor"]},{"longitude":-82.2538506622762,"latitude":27.897460554169964,"massShare":0.014935321065300102,"assignedMass":48088,"assignedPointCount":62,"prominenceRatio":1,"strongestCompetitorDistanceKm":20.4082402111534,"strongestCompetitorPotential":158960.6951667857,"localConsolidatedShare":0.014935321065300102,"localConsolidatedMass":48088,"localContributorCount":1,"localContributorDistancesKm":[],"rejectionReasons":["below_secondary_share_floor"]},{"longitude":-82.66163146974414,"latitude":28.20739160751495,"massShare":0.012406863886947745,"assignedMass":39947,"assignedPointCount":59,"prominenceRatio":1,"strongestCompetitorDistanceKm":21.25239456269731,"strongestCompetitorPotential":34247.43288882347,"localConsolidatedShare":0.012406863886947745,"localConsolidatedMass":39947,"localContributorCount":1,"localContributorDistancesKm":[],"rejectionReasons":["below_secondary_share_floor"]},{"longitude":-82.69780964917835,"latitude":28.105330315296698,"massShare":0.005933069337681497,"assignedMass":19103,"assignedPointCount":26,"prominenceRatio":0.9999999999999969,"strongestCompetitorDistanceKm":10.843046497397038,"strongestCompetitorPotential":34247.43288882347,"localConsolidatedShare":0.005933069337681497,"localConsolidatedMass":19103,"localContributorCount":1,"localContributorDistancesKm":[],"rejectionReasons":["below_secondary_share_floor"]},{"longitude":-82.19716426278465,"latitude":28.240908955878275,"massShare":0.008948520847891918,"assignedMass":28812,"assignedPointCount":56,"prominenceRatio":1,"strongestCompetitorDistanceKm":42.79011518614314,"strongestCompetitorPotential":158960.6951667857,"localConsolidatedShare":0.008948520847891918,"localConsolidatedMass":28812,"localContributorCount":1,"localContributorDistancesKm":[],"rejectionReasons":["below_secondary_share_floor"]},{"longitude":-82.40795686893138,"latitude":27.719869596485044,"massShare":0.010172218339933224,"assignedMass":32752,"assignedPointCount":47,"prominenceRatio":1,"strongestCompetitorDistanceKm":23.22210306055627,"strongestCompetitorPotential":58995.72164975878,"localConsolidatedShare":0.010172218339933224,"localConsolidatedMass":32752,"localContributorCount":1,"localContributorDistancesKm":[],"rejectionReasons":["below_secondary_share_floor"]},{"longitude":-82.71889269595414,"latitude":27.634621773622396,"massShare":0.00239832285115304,"assignedMass":7722,"assignedPointCount":4,"prominenceRatio":1,"strongestCompetitorDistanceKm":16.853749598243436,"strongestCompetitorPotential":58995.72164975878,"localConsolidatedShare":0.00239832285115304,"localConsolidatedMass":7722,"localContributorCount":1,"localContributorDistancesKm":[],"rejectionReasons":["below_min_points_per_center"]},{"longitude":-82.38070837049162,"latitude":27.76787749075985,"massShare":0.007455858374097368,"assignedMass":24006,"assignedPointCount":30,"prominenceRatio":1,"strongestCompetitorDistanceKm":20.429146200276364,"strongestCompetitorPotential":158960.6951667857,"localConsolidatedShare":0.007455858374097368,"localConsolidatedMass":24006,"localContributorCount":1,"localContributorDistancesKm":[],"rejectionReasons":["below_secondary_share_floor"]},{"longitude":-82.29888976153721,"latitude":28.242410359560797,"massShare":0.007592204363692834,"assignedMass":24445,"assignedPointCount":39,"prominenceRatio":1,"strongestCompetitorDistanceKm":37.101778604150276,"strongestCompetitorPotential":158960.6951667857,"localConsolidatedShare":0.007592204363692834,"localConsolidatedMass":24445,"localContributorCount":1,"localContributorDistancesKm":[],"rejectionReasons":["below_secondary_share_floor"]},{"longitude":-82.21469744860373,"latitude":27.851329311043763,"massShare":0.004765897973445143,"assignedMass":15345,"assignedPointCount":27,"prominenceRatio":1,"strongestCompetitorDistanceKm":26.41234023934432,"strongestCompetitorPotential":158960.6951667857,"localConsolidatedShare":0.004765897973445143,"localConsolidatedMass":15345,"localContributorCount":1,"localContributorDistancesKm":[],"rejectionReasons":["below_secondary_share_floor"]},{"longitude":-82.53356862406157,"latitude":28.181398587030014,"massShare":0.009730569143567047,"assignedMass":31330,"assignedPointCount":56,"prominenceRatio":1,"strongestCompetitorDistanceKm":28.568473363584427,"strongestCompetitorPotential":34247.43288882347,"localConsolidatedShare":0.009730569143567047,"localConsolidatedMass":31330,"localContributorCount":1,"localContributorDistancesKm":[],"rejectionReasons":["below_secondary_share_floor"]},{"longitude":-82.46115522461521,"latitude":28.14111897576258,"massShare":0.00527680720552838,"assignedMass":16990,"assignedPointCount":37,"prominenceRatio":1,"strongestCompetitorDistanceKm":20.52277734966038,"strongestCompetitorPotential":158960.6951667857,"localConsolidatedShare":0.00527680720552838,"localConsolidatedMass":16990,"localContributorCount":1,"localContributorDistancesKm":[],"rejectionReasons":["below_secondary_share_floor"]},{"longitude":-82.82928895511621,"latitude":28.063152444054666,"massShare":0.0009000698812019567,"assignedMass":2898,"assignedPointCount":5,"prominenceRatio":0.9999999999999933,"strongestCompetitorDistanceKm":10.902909746337764,"strongestCompetitorPotential":34247.43288882347,"localConsolidatedShare":0.0009000698812019567,"localConsolidatedMass":2898,"localContributorCount":1,"localContributorDistancesKm":[],"rejectionReasons":["below_min_points_per_center"]},{"longitude":-82.1856770430595,"latitude":27.933947429360142,"massShare":0.001478375650283407,"assignedMass":4760,"assignedPointCount":22,"prominenceRatio":1,"strongestCompetitorDistanceKm":28.509689286607745,"strongestCompetitorPotential":158960.6951667857,"localConsolidatedShare":0.001478375650283407,"localConsolidatedMass":4760,"localContributorCount":1,"localContributorDistancesKm":[],"rejectionReasons":["below_secondary_share_floor"]},{"longitude":-82.23228481487828,"latitude":28.14743356295023,"massShare":0.0003742526593679633,"assignedMass":1205,"assignedPointCount":16,"prominenceRatio":1,"strongestCompetitorDistanceKm":31.41093950130463,"strongestCompetitorPotential":158960.6951667857,"localConsolidatedShare":0.0003742526593679633,"localConsolidatedMass":1205,"localContributorCount":1,"localContributorDistancesKm":[],"rejectionReasons":["below_secondary_share_floor"]},{"longitude":-82.5289694151295,"latitude":27.635215073532923,"massShare":0.0005466262908610916,"assignedMass":1760,"assignedPointCount":15,"prominenceRatio":1,"strongestCompetitorDistanceKm":18.911830333700863,"strongestCompetitorPotential":58995.72164975878,"localConsolidatedShare":0.0005466262908610916,"localConsolidatedMass":1760,"localContributorCount":1,"localContributorDistancesKm":[],"rejectionReasons":["below_secondary_share_floor"]},{"longitude":-82.34340078035733,"latitude":27.693708254771828,"massShare":0.001822501747030049,"assignedMass":5868,"assignedPointCount":23,"prominenceRatio":1,"strongestCompetitorDistanceKm":30.374352401145384,"strongestCompetitorPotential":58995.72164975878,"localConsolidatedShare":0.001822501747030049,"localConsolidatedMass":5868,"localContributorCount":1,"localContributorDistancesKm":[],"rejectionReasons":["below_secondary_share_floor"]},{"longitude":-82.20643350926645,"latitude":28.057013417628113,"massShare":0.0021017159717369362,"assignedMass":6767,"assignedPointCount":27,"prominenceRatio":1,"strongestCompetitorDistanceKm":29.78705231997285,"strongestCompetitorPotential":158960.6951667857,"localConsolidatedShare":0.0021017159717369362,"localConsolidatedMass":6767,"localContributorCount":1,"localContributorDistancesKm":[],"rejectionReasons":["below_secondary_share_floor"]},{"longitude":-82.20356647090132,"latitude":28.10788723280563,"massShare":0.00030002329373398555,"assignedMass":966,"assignedPointCount":7,"prominenceRatio":1,"strongestCompetitorDistanceKm":31.01334897241623,"strongestCompetitorPotential":158960.6951667857,"localConsolidatedShare":0.00030002329373398555,"localConsolidatedMass":966,"localContributorCount":1,"localContributorDistancesKm":[],"rejectionReasons":["below_min_points_per_center"]},{"longitude":-82.21875559948879,"latitude":27.667432984924083,"massShare":0.0001953567823588788,"assignedMass":629,"assignedPointCount":6,"prominenceRatio":1,"strongestCompetitorDistanceKm":38.798138827609606,"strongestCompetitorPotential":158960.6951667857,"localConsolidatedShare":0.0001953567823588788,"localConsolidatedMass":629,"localContributorCount":1,"localContributorDistancesKm":[],"rejectionReasons":["below_min_points_per_center"]},{"longitude":-82.67178349408603,"latitude":27.643425932258065,"massShare":0.00007640344747262987,"assignedMass":246,"assignedPointCount":1,"prominenceRatio":1,"strongestCompetitorDistanceKm":14.380306882471734,"strongestCompetitorPotential":58995.72164975878,"localConsolidatedShare":0.00007640344747262987,"localConsolidatedMass":246,"localContributorCount":1,"localContributorDistancesKm":[],"rejectionReasons":["below_min_points_per_center"]},{"longitude":-82.26740520220267,"latitude":27.71578872956277,"massShare":0.0001493904806273779,"assignedMass":481,"assignedPointCount":6,"prominenceRatio":1,"strongestCompetitorDistanceKm":33.13668682131514,"strongestCompetitorPotential":158960.6951667857,"localConsolidatedShare":0.0001493904806273779,"localConsolidatedMass":481,"localContributorCount":1,"localContributorDistancesKm":[],"rejectionReasons":["below_min_points_per_center"]},{"longitude":-82.23141155078282,"latitude":27.694590755493735,"massShare":0.00006304837332091,"assignedMass":203,"assignedPointCount":4,"prominenceRatio":1,"strongestCompetitorDistanceKm":36.1984419504846,"strongestCompetitorPotential":158960.6951667857,"localConsolidatedShare":0.00006304837332091,"localConsolidatedMass":203,"localContributorCount":1,"localContributorDistancesKm":[],"rejectionReasons":["below_min_points_per_center"]},{"longitude":-82.26410096748228,"latitude":27.73870463698928,"massShare":0.00010218184641664725,"assignedMass":329,"assignedPointCount":7,"prominenceRatio":1,"strongestCompetitorDistanceKm":30.962130174463812,"strongestCompetitorPotential":158960.6951667857,"localConsolidatedShare":0.00010218184641664725,"localConsolidatedMass":329,"localContributorCount":1,"localContributorDistancesKm":[],"rejectionReasons":["below_min_points_per_center"]},{"longitude":-82.22562129372932,"latitude":27.764637652721586,"massShare":0.00006118487460206537,"assignedMass":197,"assignedPointCount":5,"prominenceRatio":1,"strongestCompetitorDistanceKm":31.326621734105267,"strongestCompetitorPotential":158960.6951667857,"localConsolidatedShare":0.00006118487460206537,"localConsolidatedMass":197,"localContributorCount":1,"localContributorDistancesKm":[],"rejectionReasons":["below_min_points_per_center"]},{"longitude":-82.12256561944795,"latitude":27.897045221950034,"massShare":0.00008261510986877863,"assignedMass":266,"assignedPointCount":5,"prominenceRatio":1,"strongestCompetitorDistanceKm":34.324681331913816,"strongestCompetitorPotential":158960.6951667857,"localConsolidatedShare":0.00008261510986877863,"localConsolidatedMass":266,"localContributorCount":1,"localContributorDistancesKm":[],"rejectionReasons":["below_min_points_per_center"]},{"longitude":-82.16706729710044,"latitude":27.711195407336927,"massShare":0.00003882288997592981,"assignedMass":125,"assignedPointCount":3,"prominenceRatio":1,"strongestCompetitorDistanceKm":40.088207203414356,"strongestCompetitorPotential":158960.6951667857,"localConsolidatedShare":0.00003882288997592981,"localConsolidatedMass":125,"localContributorCount":1,"localContributorDistancesKm":[],"rejectionReasons":["below_min_points_per_center"]},{"longitude":-82.18566713459502,"latitude":27.787526571264685,"massShare":0.00003571705877785542,"assignedMass":115,"assignedPointCount":6,"prominenceRatio":1,"strongestCompetitorDistanceKm":31.986338563099764,"strongestCompetitorPotential":158960.6951667857,"localConsolidatedShare":0.00003571705877785542,"localConsolidatedMass":115,"localContributorCount":1,"localContributorDistancesKm":[],"rejectionReasons":["below_min_points_per_center"]},{"longitude":-82.12806229877478,"latitude":27.84895507389309,"massShare":0.00005683671092476124,"assignedMass":183,"assignedPointCount":5,"prominenceRatio":1,"strongestCompetitorDistanceKm":36.29976197945996,"strongestCompetitorPotential":158960.6951667857,"localConsolidatedShare":0.00005683671092476124,"localConsolidatedMass":183,"localContributorCount":1,"localContributorDistancesKm":[],"rejectionReasons":["below_min_points_per_center"]},{"longitude":-82.1346840622919,"latitude":28.146025081607615,"massShare":0.00006677537075859927,"assignedMass":215,"assignedPointCount":8,"prominenceRatio":1,"strongestCompetitorDistanceKm":40.480946004750734,"strongestCompetitorPotential":158960.6951667857,"localConsolidatedShare":0.00006677537075859927,"localConsolidatedMass":215,"localContributorCount":1,"localContributorDistancesKm":[],"rejectionReasons":["below_min_points_per_center"]},{"longitude":-82.14644567060608,"latitude":27.756118543030304,"massShare":0.000017082071589409114,"assignedMass":55,"assignedPointCount":5,"prominenceRatio":1,"strongestCompetitorDistanceKm":37.48691272636028,"strongestCompetitorPotential":158960.6951667857,"localConsolidatedShare":0.000017082071589409114,"localConsolidatedMass":55,"localContributorCount":1,"localContributorDistancesKm":[],"rejectionReasons":["below_min_points_per_center"]},{"longitude":-82.13988659999998,"latitude":27.620981899999993,"massShare":0.000009006910474415716,"assignedMass":29,"assignedPointCount":1,"prominenceRatio":1,"strongestCompetitorDistanceKm":47.81228940185165,"strongestCompetitorPotential":158960.6951667857,"localConsolidatedShare":0.000009006910474415716,"localConsolidatedMass":29,"localContributorCount":1,"localContributorDistancesKm":[],"rejectionReasons":["below_min_points_per_center"]},{"longitude":-82.43026319375001,"latitude":27.623940362499997,"massShare":0.00000993865983383803,"assignedMass":32,"assignedPointCount":2,"prominenceRatio":1,"strongestCompetitorDistanceKm":27.14637248196258,"strongestCompetitorPotential":58995.72164975878,"localConsolidatedShare":0.00000993865983383803,"localConsolidatedMass":32,"localContributorCount":1,"localContributorDistancesKm":[],"rejectionReasons":["below_min_points_per_center"]},{"longitude":-82.13498264103896,"latitude":27.64247917220779,"massShare":0.000005279913036726454,"assignedMass":17,"assignedPointCount":1,"prominenceRatio":1,"strongestCompetitorDistanceKm":46.35325327598345,"strongestCompetitorPotential":158960.6951667857,"localConsolidatedShare":0.000005279913036726454,"localConsolidatedMass":17,"localContributorCount":1,"localContributorDistancesKm":[],"rejectionReasons":["below_min_points_per_center"]},{"longitude":-82.63088532054795,"latitude":27.933667418569257,"massShare":0,"assignedMass":0,"assignedPointCount":0,"prominenceRatio":1,"strongestCompetitorDistanceKm":13.689373516200549,"strongestCompetitorPotential":34247.43288882347,"localConsolidatedShare":0,"localConsolidatedMass":0,"localContributorCount":1,"localContributorDistancesKm":[],"rejectionReasons":["below_min_points_per_center"]}]}}}}}
