{"type":"FeatureCollection","features":[{"type":"Feature","properties":{"jobs":0,"pop":15,"pointCount":1,"homeWorkCommuteMedian":33326,"workHomeCommuteMedian":-1},"geometry":{"type":"Polygon","coordinates":[[[132.86574577519912,34.52787910453605],[132.86574577519912,34.536872308173294],[132.87473897883635,34.536872308173294],[132.87473897883635,34.52787910453605],[132.86574577519912,34.52787910453605]]]}},{"type":"Feature","properties":{"jobs":361,"pop":38,"pointCount":2,"homeWorkCommuteMedian":21782,"workHomeCommuteMedian":27142},"geometry":{"type":"Polygon","coordinates":[[[132.86574577519912,34.536872308173294],[132.86574577519912,34.54586551181054],[132.87473897883635,34.54586551181054],[132.87473897883635,34.536872308173294],[132.86574577519912,34.536872308173294]]]}},{"type":"Feature","properties":{"jobs":0,"pop":52,"pointCount":2,"homeWorkCommuteMedian":24104,"workHomeCommuteMedian":-1},"geometry":{"type":"Polygon","coordinates":[[[132.87473897883635,34.52787910453605],[132.87473897883635,34.536872308173294],[132.88373218247358,34.536872308173294],[132.88373218247358,34.52787910453605],[132.87473897883635,34.52787910453605]]]}},{"type":"Feature","properties":{"jobs":0,"pop":17,"pointCount":1,"homeWorkCommuteMedian":10692,"workHomeCommuteMedian":-1},"geometry":{"type":"Polygon","coordinates":[[[132.87473897883635,34.536872308173294],[132.87473897883635,34.54586551181054],[132.88373218247358,34.54586551181054],[132.88373218247358,34.536872308173294],[132.87473897883635,34.536872308173294]]]}},{"type":"Feature","properties":{"jobs":0,"pop":18,"pointCount":1,"homeWorkCommuteMedian":35118,"workHomeCommuteMedian":-1},"geometry":{"type":"Polygon","coordinates":[[[132.87473897883635,34.54586551181054],[132.87473897883635,34.554858715447786],[132.88373218247358,34.554858715447786],[132.88373218247358,34.54586551181054],[132.87473897883635,34.54586551181054]]]}},{"type":"Feature","properties":{"jobs":6,"pop":0,"pointCount":1,"homeWorkCommuteMedian":-1,"workHomeCommuteMedian":23673},"geometry":{"type":"Polygon","coordinates":[[[132.87473897883635,34.626804344545754],[132.87473897883635,34.635797548183],[132.88373218247358,34.635797548183],[132.88373218247358,34.626804344545754],[132.87473897883635,34.626804344545754]]]}},{"type":"Feature","properties":{"jobs":45,"pop":89,"pointCount":3,"homeWorkCommuteMedian":14968,"workHomeCommuteMedian":7422},"geometry":{"type":"Polygon","coordinates":[[[132.87473897883635,34.635797548183],[132.87473897883635,34.644790751820246],[132.88373218247358,34.644790751820246],[132.88373218247358,34.635797548183],[132.87473897883635,34.635797548183]]]}},{"type":"Feature","properties":{"jobs":42,"pop":50,"pointCount":3,"homeWorkCommuteMedian":23268,"workHomeCommuteMedian":47292},"geometry":{"type":"Polygon","coordinates":[[[132.88373218247358,34.52787910453605],[132.88373218247358,34.536872308173294],[132.8927253861108,34.536872308173294],[132.8927253861108,34.52787910453605],[132.88373218247358,34.52787910453605]]]}},{"type":"Feature","properties":{"jobs":23,"pop":37,"pointCount":2,"homeWorkCommuteMedian":24366,"workHomeCommuteMedian":24769},"geometry":{"type":"Polygon","coordinates":[[[132.88373218247358,34.536872308173294],[132.88373218247358,34.54586551181054],[132.8927253861108,34.54586551181054],[132.8927253861108,34.536872308173294],[132.88373218247358,34.536872308173294]]]}},{"type":"Feature","properties":{"jobs":0,"pop":4,"pointCount":1,"homeWorkCommuteMedian":28858,"workHomeCommuteMedian":-1},"geometry":{"type":"Polygon","coordinates":[[[132.88373218247358,34.60881793727126],[132.88373218247358,34.61781114090851],[132.8927253861108,34.61781114090851],[132.8927253861108,34.60881793727126],[132.88373218247358,34.60881793727126]]]}},{"type":"Feature","properties":{"jobs":0,"pop":31,"pointCount":1,"homeWorkCommuteMedian":37060,"workHomeCommuteMedian":-1},"geometry":{"type":"Polygon","coordinates":[[[132.88373218247358,34.61781114090851],[132.88373218247358,34.626804344545754],[132.8927253861108,34.626804344545754],[132.8927253861108,34.61781114090851],[132.88373218247358,34.61781114090851]]]}},{"type":"Feature","properties":{"jobs":0,"pop":36,"pointCount":1,"homeWorkCommuteMedian":73220,"workHomeCommuteMedian":-1},"geometry":{"type":"Polygon","coordinates":[[[132.88373218247358,34.626804344545754],[132.88373218247358,34.635797548183],[132.8927253861108,34.635797548183],[132.8927253861108,34.626804344545754],[132.88373218247358,34.626804344545754]]]}},{"type":"Feature","properties":{"jobs":0,"pop":17,"pointCount":1,"homeWorkCommuteMedian":21869,"workHomeCommuteMedian":-1},"geometry":{"type":"Polygon","coordinates":[[[132.88373218247358,34.635797548183],[132.88373218247358,34.644790751820246],[132.8927253861108,34.644790751820246],[132.8927253861108,34.635797548183],[132.88373218247358,34.635797548183]]]}},{"type":"Feature","properties":{"jobs":0,"pop":71,"pointCount":3,"homeWorkCommuteMedian":11159,"workHomeCommuteMedian":-1},"geometry":{"type":"Polygon","coordinates":[[[132.88373218247358,34.65378395545749],[132.88373218247358,34.66277715909474],[132.8927253861108,34.66277715909474],[132.8927253861108,34.65378395545749],[132.88373218247358,34.65378395545749]]]}},{"type":"Feature","properties":{"jobs":112,"pop":0,"pointCount":1,"homeWorkCommuteMedian":-1,"workHomeCommuteMedian":36945},"geometry":{"type":"Polygon","coordinates":[[[132.8927253861108,34.42895386452634],[132.8927253861108,34.43794706816359],[132.90171858974804,34.43794706816359],[132.90171858974804,34.42895386452634],[132.8927253861108,34.42895386452634]]]}},{"type":"Feature","properties":{"jobs":0,"pop":60,"pointCount":2,"homeWorkCommuteMedian":8864,"workHomeCommuteMedian":-1},"geometry":{"type":"Polygon","coordinates":[[[132.8927253861108,34.50089949362431],[132.8927253861108,34.509892697261556],[132.90171858974804,34.509892697261556],[132.90171858974804,34.50089949362431],[132.8927253861108,34.50089949362431]]]}},{"type":"Feature","properties":{"jobs":16,"pop":79,"pointCount":1,"homeWorkCommuteMedian":5305,"workHomeCommuteMedian":47844},"geometry":{"type":"Polygon","coordinates":[[[132.8927253861108,34.5188859008988],[132.8927253861108,34.52787910453605],[132.90171858974804,34.52787910453605],[132.90171858974804,34.5188859008988],[132.8927253861108,34.5188859008988]]]}},{"type":"Feature","properties":{"jobs":40,"pop":0,"pointCount":1,"homeWorkCommuteMedian":-1,"workHomeCommuteMedian":3168},"geometry":{"type":"Polygon","coordinates":[[[132.8927253861108,34.52787910453605],[132.8927253861108,34.536872308173294],[132.90171858974804,34.536872308173294],[132.90171858974804,34.52787910453605],[132.8927253861108,34.52787910453605]]]}},{"type":"Feature","properties":{"jobs":0,"pop":32,"pointCount":1,"homeWorkCommuteMedian":35381,"workHomeCommuteMedian":-1},"geometry":{"type":"Polygon","coordinates":[[[132.8927253861108,34.56385191908503],[132.8927253861108,34.57284512272228],[132.90171858974804,34.57284512272228],[132.90171858974804,34.56385191908503],[132.8927253861108,34.56385191908503]]]}},{"type":"Feature","properties":{"jobs":0,"pop":65,"pointCount":2,"homeWorkCommuteMedian":22674,"workHomeCommuteMedian":-1},"geometry":{"type":"Polygon","coordinates":[[[132.8927253861108,34.61781114090851],[132.8927253861108,34.626804344545754],[132.90171858974804,34.626804344545754],[132.90171858974804,34.61781114090851],[132.8927253861108,34.61781114090851]]]}},{"type":"Feature","properties":{"jobs":22,"pop":66,"pointCount":2,"homeWorkCommuteMedian":6443,"workHomeCommuteMedian":18470},"geometry":{"type":"Polygon","coordinates":[[[132.8927253861108,34.626804344545754],[132.8927253861108,34.635797548183],[132.90171858974804,34.635797548183],[132.90171858974804,34.626804344545754],[132.8927253861108,34.626804344545754]]]}},{"type":"Feature","properties":{"jobs":25,"pop":0,"pointCount":1,"homeWorkCommuteMedian":-1,"workHomeCommuteMedian":2193},"geometry":{"type":"Polygon","coordinates":[[[132.8927253861108,34.635797548183],[132.8927253861108,34.644790751820246],[132.90171858974804,34.644790751820246],[132.90171858974804,34.635797548183],[132.8927253861108,34.635797548183]]]}},{"type":"Feature","properties":{"jobs":0,"pop":24,"pointCount":1,"homeWorkCommuteMedian":17519,"workHomeCommuteMedian":-1},"geometry":{"type":"Polygon","coordinates":[[[132.8927253861108,34.644790751820246],[132.8927253861108,34.65378395545749],[132.90171858974804,34.65378395545749],[132.90171858974804,34.644790751820246],[132.8927253861108,34.644790751820246]]]}},{"type":"Feature","properties":{"jobs":84,"pop":105,"pointCount":5,"homeWorkCommuteMedian":8239,"workHomeCommuteMedian":20103},"geometry":{"type":"Polygon","coordinates":[[[132.8927253861108,34.65378395545749],[132.8927253861108,34.66277715909474],[132.90171858974804,34.66277715909474],[132.90171858974804,34.65378395545749],[132.8927253861108,34.65378395545749]]]}},{"type":"Feature","properties":{"jobs":0,"pop":29,"pointCount":1,"homeWorkCommuteMedian":9050,"workHomeCommuteMedian":-1},"geometry":{"type":"Polygon","coordinates":[[[132.8927253861108,34.66277715909474],[132.8927253861108,34.67177036273198],[132.90171858974804,34.67177036273198],[132.90171858974804,34.66277715909474],[132.8927253861108,34.66277715909474]]]}},{"type":"Feature","properties":{"jobs":178,"pop":0,"pointCount":1,"homeWorkCommuteMedian":-1,"workHomeCommuteMedian":24117},"geometry":{"type":"Polygon","coordinates":[[[132.90171858974804,34.42895386452634],[132.90171858974804,34.43794706816359],[132.91071179338527,34.43794706816359],[132.91071179338527,34.42895386452634],[132.90171858974804,34.42895386452634]]]}},{"type":"Feature","properties":{"jobs":188,"pop":0,"pointCount":3,"homeWorkCommuteMedian":-1,"workHomeCommuteMedian":31109},"geometry":{"type":"Polygon","coordinates":[[[132.90171858974804,34.43794706816359],[132.90171858974804,34.446940271800834],[132.91071179338527,34.446940271800834],[132.91071179338527,34.43794706816359],[132.90171858974804,34.43794706816359]]]}},{"type":"Feature","properties":{"jobs":187,"pop":20,"pointCount":1,"homeWorkCommuteMedian":21656,"workHomeCommuteMedian":24668},"geometry":{"type":"Polygon","coordinates":[[[132.90171858974804,34.50089949362431],[132.90171858974804,34.509892697261556],[132.91071179338527,34.509892697261556],[132.91071179338527,34.50089949362431],[132.90171858974804,34.50089949362431]]]}},{"type":"Feature","properties":{"jobs":0,"pop":49,"pointCount":2,"homeWorkCommuteMedian":41023,"workHomeCommuteMedian":-1},"geometry":{"type":"Polygon","coordinates":[[[132.90171858974804,34.5188859008988],[132.90171858974804,34.52787910453605],[132.91071179338527,34.52787910453605],[132.91071179338527,34.5188859008988],[132.90171858974804,34.5188859008988]]]}},{"type":"Feature","properties":{"jobs":56,"pop":0,"pointCount":1,"homeWorkCommuteMedian":-1,"workHomeCommuteMedian":48511},"geometry":{"type":"Polygon","coordinates":[[[132.90171858974804,34.52787910453605],[132.90171858974804,34.536872308173294],[132.91071179338527,34.536872308173294],[132.91071179338527,34.52787910453605],[132.90171858974804,34.52787910453605]]]}},{"type":"Feature","properties":{"jobs":0,"pop":83,"pointCount":2,"homeWorkCommuteMedian":22902,"workHomeCommuteMedian":-1},"geometry":{"type":"Polygon","coordinates":[[[132.90171858974804,34.536872308173294],[132.90171858974804,34.54586551181054],[132.91071179338527,34.54586551181054],[132.91071179338527,34.536872308173294],[132.90171858974804,34.536872308173294]]]}},{"type":"Feature","properties":{"jobs":35,"pop":0,"pointCount":1,"homeWorkCommuteMedian":-1,"workHomeCommuteMedian":28703},"geometry":{"type":"Polygon","coordinates":[[[132.90171858974804,34.554858715447786],[132.90171858974804,34.56385191908503],[132.91071179338527,34.56385191908503],[132.91071179338527,34.554858715447786],[132.90171858974804,34.554858715447786]]]}},{"type":"Feature","properties":{"jobs":0,"pop":27,"pointCount":1,"homeWorkCommuteMedian":34700,"workHomeCommuteMedian":-1},"geometry":{"type":"Polygon","coordinates":[[[132.90171858974804,34.56385191908503],[132.90171858974804,34.57284512272228],[132.91071179338527,34.57284512272228],[132.91071179338527,34.56385191908503],[132.90171858974804,34.56385191908503]]]}},{"type":"Feature","properties":{"jobs":0,"pop":19,"pointCount":1,"homeWorkCommuteMedian":39665,"workHomeCommuteMedian":-1},"geometry":{"type":"Polygon","coordinates":[[[132.90171858974804,34.581838326359524],[132.90171858974804,34.59083152999677],[132.91071179338527,34.59083152999677],[132.91071179338527,34.581838326359524],[132.90171858974804,34.581838326359524]]]}},{"type":"Feature","properties":{"jobs":0,"pop":22,"pointCount":1,"homeWorkCommuteMedian":26012,"workHomeCommuteMedian":-1},"geometry":{"type":"Polygon","coordinates":[[[132.90171858974804,34.599824733634016],[132.90171858974804,34.60881793727126],[132.91071179338527,34.60881793727126],[132.91071179338527,34.599824733634016],[132.90171858974804,34.599824733634016]]]}},{"type":"Feature","properties":{"jobs":0,"pop":23,"pointCount":1,"homeWorkCommuteMedian":6171,"workHomeCommuteMedian":-1},"geometry":{"type":"Polygon","coordinates":[[[132.90171858974804,34.60881793727126],[132.90171858974804,34.61781114090851],[132.91071179338527,34.61781114090851],[132.91071179338527,34.60881793727126],[132.90171858974804,34.60881793727126]]]}},{"type":"Feature","properties":{"jobs":76,"pop":66,"pointCount":4,"homeWorkCommuteMedian":5736,"workHomeCommuteMedian":3760},"geometry":{"type":"Polygon","coordinates":[[[132.90171858974804,34.626804344545754],[132.90171858974804,34.635797548183],[132.91071179338527,34.635797548183],[132.91071179338527,34.626804344545754],[132.90171858974804,34.626804344545754]]]}},{"type":"Feature","properties":{"jobs":0,"pop":22,"pointCount":1,"homeWorkCommuteMedian":20123,"workHomeCommuteMedian":-1},"geometry":{"type":"Polygon","coordinates":[[[132.90171858974804,34.65378395545749],[132.90171858974804,34.66277715909474],[132.91071179338527,34.66277715909474],[132.91071179338527,34.65378395545749],[132.90171858974804,34.65378395545749]]]}},{"type":"Feature","properties":{"jobs":33,"pop":41,"pointCount":2,"homeWorkCommuteMedian":21477,"workHomeCommuteMedian":18374},"geometry":{"type":"Polygon","coordinates":[[[132.90171858974804,34.66277715909474],[132.90171858974804,34.67177036273198],[132.91071179338527,34.67177036273198],[132.91071179338527,34.66277715909474],[132.90171858974804,34.66277715909474]]]}},{"type":"Feature","properties":{"jobs":0,"pop":23,"pointCount":1,"homeWorkCommuteMedian":29487,"workHomeCommuteMedian":-1},"geometry":{"type":"Polygon","coordinates":[[[132.91071179338527,34.38398784634011],[132.91071179338527,34.39298104997736],[132.9197049970225,34.39298104997736],[132.9197049970225,34.38398784634011],[132.91071179338527,34.38398784634011]]]}},{"type":"Feature","properties":{"jobs":0,"pop":22,"pointCount":1,"homeWorkCommuteMedian":20790,"workHomeCommuteMedian":-1},"geometry":{"type":"Polygon","coordinates":[[[132.91071179338527,34.41096745725185],[132.91071179338527,34.419960660889096],[132.9197049970225,34.419960660889096],[132.9197049970225,34.41096745725185],[132.91071179338527,34.41096745725185]]]}},{"type":"Feature","properties":{"jobs":0,"pop":56,"pointCount":1,"homeWorkCommuteMedian":5188,"workHomeCommuteMedian":-1},"geometry":{"type":"Polygon","coordinates":[[[132.91071179338527,34.419960660889096],[132.91071179338527,34.42895386452634],[132.9197049970225,34.42895386452634],[132.9197049970225,34.419960660889096],[132.91071179338527,34.419960660889096]]]}},{"type":"Feature","properties":{"jobs":130,"pop":0,"pointCount":1,"homeWorkCommuteMedian":-1,"workHomeCommuteMedian":24507},"geometry":{"type":"Polygon","coordinates":[[[132.91071179338527,34.42895386452634],[132.91071179338527,34.43794706816359],[132.9197049970225,34.43794706816359],[132.9197049970225,34.42895386452634],[132.91071179338527,34.42895386452634]]]}},{"type":"Feature","properties":{"jobs":5523,"pop":0,"pointCount":2,"homeWorkCommuteMedian":-1,"workHomeCommuteMedian":46618},"geometry":{"type":"Polygon","coordinates":[[[132.91071179338527,34.43794706816359],[132.91071179338527,34.446940271800834],[132.9197049970225,34.446940271800834],[132.9197049970225,34.43794706816359],[132.91071179338527,34.43794706816359]]]}},{"type":"Feature","properties":{"jobs":62,"pop":0,"pointCount":1,"homeWorkCommuteMedian":-1,"workHomeCommuteMedian":28255},"geometry":{"type":"Polygon","coordinates":[[[132.91071179338527,34.491906289987064],[132.91071179338527,34.50089949362431],[132.9197049970225,34.50089949362431],[132.9197049970225,34.491906289987064],[132.91071179338527,34.491906289987064]]]}},{"type":"Feature","properties":{"jobs":20,"pop":84,"pointCount":3,"homeWorkCommuteMedian":7372,"workHomeCommuteMedian":22879},"geometry":{"type":"Polygon","coordinates":[[[132.91071179338527,34.50089949362431],[132.91071179338527,34.509892697261556],[132.9197049970225,34.509892697261556],[132.9197049970225,34.50089949362431],[132.91071179338527,34.50089949362431]]]}},{"type":"Feature","properties":{"jobs":18,"pop":34,"pointCount":2,"homeWorkCommuteMedian":29216,"workHomeCommuteMedian":26234},"geometry":{"type":"Polygon","coordinates":[[[132.91071179338527,34.509892697261556],[132.91071179338527,34.5188859008988],[132.9197049970225,34.5188859008988],[132.9197049970225,34.509892697261556],[132.91071179338527,34.509892697261556]]]}},{"type":"Feature","properties":{"jobs":0,"pop":20,"pointCount":1,"homeWorkCommuteMedian":8204,"workHomeCommuteMedian":-1},"geometry":{"type":"Polygon","coordinates":[[[132.91071179338527,34.5188859008988],[132.91071179338527,34.52787910453605],[132.9197049970225,34.52787910453605],[132.9197049970225,34.5188859008988],[132.91071179338527,34.5188859008988]]]}},{"type":"Feature","properties":{"jobs":31,"pop":20,"pointCount":2,"homeWorkCommuteMedian":4052,"workHomeCommuteMedian":56405},"geometry":{"type":"Polygon","coordinates":[[[132.91071179338527,34.52787910453605],[132.91071179338527,34.536872308173294],[132.9197049970225,34.536872308173294],[132.9197049970225,34.52787910453605],[132.91071179338527,34.52787910453605]]]}},{"type":"Feature","properties":{"jobs":0,"pop":16,"pointCount":1,"homeWorkCommuteMedian":20659,"workHomeCommuteMedian":-1},"geometry":{"type":"Polygon","coordinates":[[[132.91071179338527,34.536872308173294],[132.91071179338527,34.54586551181054],[132.9197049970225,34.54586551181054],[132.9197049970225,34.536872308173294],[132.91071179338527,34.536872308173294]]]}},{"type":"Feature","properties":{"jobs":40,"pop":186,"pointCount":2,"homeWorkCommuteMedian":19198,"workHomeCommuteMedian":33494},"geometry":{"type":"Polygon","coordinates":[[[132.91071179338527,34.54586551181054],[132.91071179338527,34.554858715447786],[132.9197049970225,34.554858715447786],[132.9197049970225,34.54586551181054],[132.91071179338527,34.54586551181054]]]}},{"type":"Feature","properties":{"jobs":19,"pop":17,"pointCount":1,"homeWorkCommuteMedian":2777,"workHomeCommuteMedian":14042},"geometry":{"type":"Polygon","coordinates":[[[132.91071179338527,34.599824733634016],[132.91071179338527,34.60881793727126],[132.9197049970225,34.60881793727126],[132.9197049970225,34.599824733634016],[132.91071179338527,34.599824733634016]]]}},{"type":"Feature","properties":{"jobs":0,"pop":33,"pointCount":1,"homeWorkCommuteMedian":18947,"workHomeCommuteMedian":-1},"geometry":{"type":"Polygon","coordinates":[[[132.91071179338527,34.61781114090851],[132.91071179338527,34.626804344545754],[132.9197049970225,34.626804344545754],[132.9197049970225,34.61781114090851],[132.91071179338527,34.61781114090851]]]}},{"type":"Feature","properties":{"jobs":68,"pop":18,"pointCount":1,"homeWorkCommuteMedian":1667,"workHomeCommuteMedian":64268},"geometry":{"type":"Polygon","coordinates":[[[132.91071179338527,34.626804344545754],[132.91071179338527,34.635797548183],[132.9197049970225,34.635797548183],[132.9197049970225,34.626804344545754],[132.91071179338527,34.626804344545754]]]}},{"type":"Feature","properties":{"jobs":0,"pop":19,"pointCount":1,"homeWorkCommuteMedian":20452,"workHomeCommuteMedian":-1},"geometry":{"type":"Polygon","coordinates":[[[132.91071179338527,34.644790751820246],[132.91071179338527,34.65378395545749],[132.9197049970225,34.65378395545749],[132.9197049970225,34.644790751820246],[132.91071179338527,34.644790751820246]]]}},{"type":"Feature","properties":{"jobs":0,"pop":37,"pointCount":1,"homeWorkCommuteMedian":48668,"workHomeCommuteMedian":-1},"geometry":{"type":"Polygon","coordinates":[[[132.91071179338527,34.65378395545749],[132.91071179338527,34.66277715909474],[132.9197049970225,34.66277715909474],[132.9197049970225,34.65378395545749],[132.91071179338527,34.65378395545749]]]}},{"type":"Feature","properties":{"jobs":61,"pop":88,"pointCount":5,"homeWorkCommuteMedian":59568,"workHomeCommuteMedian":21366},"geometry":{"type":"Polygon","coordinates":[[[132.91071179338527,34.66277715909474],[132.91071179338527,34.67177036273198],[132.9197049970225,34.67177036273198],[132.9197049970225,34.66277715909474],[132.91071179338527,34.66277715909474]]]}},{"type":"Feature","properties":{"jobs":69,"pop":37,"pointCount":3,"homeWorkCommuteMedian":5078,"workHomeCommuteMedian":48027},"geometry":{"type":"Polygon","coordinates":[[[132.9197049970225,34.39298104997736],[132.9197049970225,34.401974253614604],[132.92869820065974,34.401974253614604],[132.92869820065974,34.39298104997736],[132.9197049970225,34.39298104997736]]]}},{"type":"Feature","properties":{"jobs":160,"pop":0,"pointCount":2,"homeWorkCommuteMedian":-1,"workHomeCommuteMedian":30275},"geometry":{"type":"Polygon","coordinates":[[[132.9197049970225,34.43794706816359],[132.9197049970225,34.446940271800834],[132.92869820065974,34.446940271800834],[132.92869820065974,34.43794706816359],[132.9197049970225,34.43794706816359]]]}},{"type":"Feature","properties":{"jobs":0,"pop":25,"pointCount":1,"homeWorkCommuteMedian":10400,"workHomeCommuteMedian":-1},"geometry":{"type":"Polygon","coordinates":[[[132.9197049970225,34.45593347543808],[132.9197049970225,34.464926679075326],[132.92869820065974,34.464926679075326],[132.92869820065974,34.45593347543808],[132.9197049970225,34.45593347543808]]]}},{"type":"Feature","properties":{"jobs":51,"pop":73,"pointCount":4,"homeWorkCommuteMedian":21975,"workHomeCommuteMedian":2625},"geometry":{"type":"Polygon","coordinates":[[[132.9197049970225,34.50089949362431],[132.9197049970225,34.509892697261556],[132.92869820065974,34.509892697261556],[132.92869820065974,34.50089949362431],[132.9197049970225,34.50089949362431]]]}},{"type":"Feature","properties":{"jobs":273,"pop":191,"pointCount":7,"homeWorkCommuteMedian":3806,"workHomeCommuteMedian":22527},"geometry":{"type":"Polygon","coordinates":[[[132.9197049970225,34.509892697261556],[132.9197049970225,34.5188859008988],[132.92869820065974,34.5188859008988],[132.92869820065974,34.509892697261556],[132.9197049970225,34.509892697261556]]]}},{"type":"Feature","properties":{"jobs":35,"pop":89,"pointCount":3,"homeWorkCommuteMedian":7997,"workHomeCommuteMedian":21078},"geometry":{"type":"Polygon","coordinates":[[[132.9197049970225,34.5188859008988],[132.9197049970225,34.52787910453605],[132.92869820065974,34.52787910453605],[132.92869820065974,34.5188859008988],[132.9197049970225,34.5188859008988]]]}},{"type":"Feature","properties":{"jobs":125,"pop":0,"pointCount":1,"homeWorkCommuteMedian":-1,"workHomeCommuteMedian":5860},"geometry":{"type":"Polygon","coordinates":[[[132.9197049970225,34.52787910453605],[132.9197049970225,34.536872308173294],[132.92869820065974,34.536872308173294],[132.92869820065974,34.52787910453605],[132.9197049970225,34.52787910453605]]]}},{"type":"Feature","properties":{"jobs":94,"pop":41,"pointCount":3,"homeWorkCommuteMedian":24049,"workHomeCommuteMedian":29936},"geometry":{"type":"Polygon","coordinates":[[[132.9197049970225,34.536872308173294],[132.9197049970225,34.54586551181054],[132.92869820065974,34.54586551181054],[132.92869820065974,34.536872308173294],[132.9197049970225,34.536872308173294]]]}},{"type":"Feature","properties":{"jobs":283,"pop":16,"pointCount":3,"homeWorkCommuteMedian":32044,"workHomeCommuteMedian":17865},"geometry":{"type":"Polygon","coordinates":[[[132.9197049970225,34.54586551181054],[132.9197049970225,34.554858715447786],[132.92869820065974,34.554858715447786],[132.92869820065974,34.54586551181054],[132.9197049970225,34.54586551181054]]]}},{"type":"Feature","properties":{"jobs":0,"pop":27,"pointCount":1,"homeWorkCommuteMedian":38514,"workHomeCommuteMedian":-1},"geometry":{"type":"Polygon","coordinates":[[[132.9197049970225,34.56385191908503],[132.9197049970225,34.57284512272228],[132.92869820065974,34.57284512272228],[132.92869820065974,34.56385191908503],[132.9197049970225,34.56385191908503]]]}},{"type":"Feature","properties":{"jobs":16,"pop":0,"pointCount":1,"homeWorkCommuteMedian":-1,"workHomeCommuteMedian":34912},"geometry":{"type":"Polygon","coordinates":[[[132.9197049970225,34.581838326359524],[132.9197049970225,34.59083152999677],[132.92869820065974,34.59083152999677],[132.92869820065974,34.581838326359524],[132.9197049970225,34.581838326359524]]]}},{"type":"Feature","properties":{"jobs":0,"pop":33,"pointCount":1,"homeWorkCommuteMedian":16039,"workHomeCommuteMedian":-1},"geometry":{"type":"Polygon","coordinates":[[[132.9197049970225,34.60881793727126],[132.9197049970225,34.61781114090851],[132.92869820065974,34.61781114090851],[132.92869820065974,34.60881793727126],[132.9197049970225,34.60881793727126]]]}},{"type":"Feature","properties":{"jobs":213,"pop":119,"pointCount":8,"homeWorkCommuteMedian":15648,"workHomeCommuteMedian":4767},"geometry":{"type":"Polygon","coordinates":[[[132.9197049970225,34.61781114090851],[132.9197049970225,34.626804344545754],[132.92869820065974,34.626804344545754],[132.92869820065974,34.61781114090851],[132.9197049970225,34.61781114090851]]]}},{"type":"Feature","properties":{"jobs":0,"pop":16,"pointCount":1,"homeWorkCommuteMedian":6505,"workHomeCommuteMedian":-1},"geometry":{"type":"Polygon","coordinates":[[[132.9197049970225,34.67177036273198],[132.9197049970225,34.68076356636923],[132.92869820065974,34.68076356636923],[132.92869820065974,34.67177036273198],[132.9197049970225,34.67177036273198]]]}},{"type":"Feature","properties":{"jobs":23,"pop":0,"pointCount":1,"homeWorkCommuteMedian":-1,"workHomeCommuteMedian":47766},"geometry":{"type":"Polygon","coordinates":[[[132.92869820065974,34.38398784634011],[132.92869820065974,34.39298104997736],[132.93769140429697,34.39298104997736],[132.93769140429697,34.38398784634011],[132.92869820065974,34.38398784634011]]]}},{"type":"Feature","properties":{"jobs":0,"pop":29,"pointCount":1,"homeWorkCommuteMedian":6217,"workHomeCommuteMedian":-1},"geometry":{"type":"Polygon","coordinates":[[[132.92869820065974,34.41096745725185],[132.92869820065974,34.419960660889096],[132.93769140429697,34.419960660889096],[132.93769140429697,34.41096745725185],[132.92869820065974,34.41096745725185]]]}},{"type":"Feature","properties":{"jobs":0,"pop":23,"pointCount":1,"homeWorkCommuteMedian":4965,"workHomeCommuteMedian":-1},"geometry":{"type":"Polygon","coordinates":[[[132.92869820065974,34.419960660889096],[132.92869820065974,34.42895386452634],[132.93769140429697,34.42895386452634],[132.93769140429697,34.419960660889096],[132.92869820065974,34.419960660889096]]]}},{"type":"Feature","properties":{"jobs":0,"pop":16,"pointCount":1,"homeWorkCommuteMedian":9042,"workHomeCommuteMedian":-1},"geometry":{"type":"Polygon","coordinates":[[[132.92869820065974,34.446940271800834],[132.92869820065974,34.45593347543808],[132.93769140429697,34.45593347543808],[132.93769140429697,34.446940271800834],[132.92869820065974,34.446940271800834]]]}},{"type":"Feature","properties":{"jobs":0,"pop":31,"pointCount":1,"homeWorkCommuteMedian":49705,"workHomeCommuteMedian":-1},"geometry":{"type":"Polygon","coordinates":[[[132.92869820065974,34.491906289987064],[132.92869820065974,34.50089949362431],[132.93769140429697,34.50089949362431],[132.93769140429697,34.491906289987064],[132.92869820065974,34.491906289987064]]]}},{"type":"Feature","properties":{"jobs":0,"pop":15,"pointCount":1,"homeWorkCommuteMedian":25311,"workHomeCommuteMedian":-1},"geometry":{"type":"Polygon","coordinates":[[[132.92869820065974,34.50089949362431],[132.92869820065974,34.509892697261556],[132.93769140429697,34.509892697261556],[132.93769140429697,34.50089949362431],[132.92869820065974,34.50089949362431]]]}},{"type":"Feature","properties":{"jobs":0,"pop":35,"pointCount":1,"homeWorkCommuteMedian":11702,"workHomeCommuteMedian":-1},"geometry":{"type":"Polygon","coordinates":[[[132.92869820065974,34.509892697261556],[132.92869820065974,34.5188859008988],[132.93769140429697,34.5188859008988],[132.93769140429697,34.509892697261556],[132.92869820065974,34.509892697261556]]]}},{"type":"Feature","properties":{"jobs":17,"pop":35,"pointCount":1,"homeWorkCommuteMedian":7501,"workHomeCommuteMedian":18699},"geometry":{"type":"Polygon","coordinates":[[[132.92869820065974,34.536872308173294],[132.92869820065974,34.54586551181054],[132.93769140429697,34.54586551181054],[132.93769140429697,34.536872308173294],[132.92869820065974,34.536872308173294]]]}},{"type":"Feature","properties":{"jobs":0,"pop":80,"pointCount":3,"homeWorkCommuteMedian":22124,"workHomeCommuteMedian":-1},"geometry":{"type":"Polygon","coordinates":[[[132.92869820065974,34.54586551181054],[132.92869820065974,34.554858715447786],[132.93769140429697,34.554858715447786],[132.93769140429697,34.54586551181054],[132.92869820065974,34.54586551181054]]]}},{"type":"Feature","properties":{"jobs":0,"pop":17,"pointCount":1,"homeWorkCommuteMedian":7422,"workHomeCommuteMedian":-1},"geometry":{"type":"Polygon","coordinates":[[[132.92869820065974,34.599824733634016],[132.92869820065974,34.60881793727126],[132.93769140429697,34.60881793727126],[132.93769140429697,34.599824733634016],[132.92869820065974,34.599824733634016]]]}},{"type":"Feature","properties":{"jobs":143,"pop":42,"pointCount":4,"homeWorkCommuteMedian":4555,"workHomeCommuteMedian":8037},"geometry":{"type":"Polygon","coordinates":[[[132.92869820065974,34.60881793727126],[132.92869820065974,34.61781114090851],[132.93769140429697,34.61781114090851],[132.93769140429697,34.60881793727126],[132.92869820065974,34.60881793727126]]]}},{"type":"Feature","properties":{"jobs":157,"pop":170,"pointCount":6,"homeWorkCommuteMedian":2897,"workHomeCommuteMedian":5362},"geometry":{"type":"Polygon","coordinates":[[[132.92869820065974,34.61781114090851],[132.92869820065974,34.626804344545754],[132.93769140429697,34.626804344545754],[132.93769140429697,34.61781114090851],[132.92869820065974,34.61781114090851]]]}},{"type":"Feature","properties":{"jobs":0,"pop":35,"pointCount":1,"homeWorkCommuteMedian":28883,"workHomeCommuteMedian":-1},"geometry":{"type":"Polygon","coordinates":[[[132.92869820065974,34.65378395545749],[132.92869820065974,34.66277715909474],[132.93769140429697,34.66277715909474],[132.93769140429697,34.65378395545749],[132.92869820065974,34.65378395545749]]]}},{"type":"Feature","properties":{"jobs":25,"pop":22,"pointCount":2,"homeWorkCommuteMedian":8037,"workHomeCommuteMedian":18369},"geometry":{"type":"Polygon","coordinates":[[[132.92869820065974,34.66277715909474],[132.92869820065974,34.67177036273198],[132.93769140429697,34.67177036273198],[132.93769140429697,34.66277715909474],[132.92869820065974,34.66277715909474]]]}},{"type":"Feature","properties":{"jobs":90,"pop":18,"pointCount":2,"homeWorkCommuteMedian":20184,"workHomeCommuteMedian":40590},"geometry":{"type":"Polygon","coordinates":[[[132.93769140429697,34.38398784634011],[132.93769140429697,34.39298104997736],[132.9466846079342,34.39298104997736],[132.9466846079342,34.38398784634011],[132.93769140429697,34.38398784634011]]]}},{"type":"Feature","properties":{"jobs":47,"pop":18,"pointCount":2,"homeWorkCommuteMedian":27142,"workHomeCommuteMedian":19645},"geometry":{"type":"Polygon","coordinates":[[[132.93769140429697,34.39298104997736],[132.93769140429697,34.401974253614604],[132.9466846079342,34.401974253614604],[132.9466846079342,34.39298104997736],[132.93769140429697,34.39298104997736]]]}},{"type":"Feature","properties":{"jobs":0,"pop":24,"pointCount":1,"homeWorkCommuteMedian":16327,"workHomeCommuteMedian":-1},"geometry":{"type":"Polygon","coordinates":[[[132.93769140429697,34.401974253614604],[132.93769140429697,34.41096745725185],[132.9466846079342,34.41096745725185],[132.9466846079342,34.401974253614604],[132.93769140429697,34.401974253614604]]]}},{"type":"Feature","properties":{"jobs":33,"pop":75,"pointCount":3,"homeWorkCommuteMedian":3078,"workHomeCommuteMedian":2822},"geometry":{"type":"Polygon","coordinates":[[[132.93769140429697,34.41096745725185],[132.93769140429697,34.419960660889096],[132.9466846079342,34.419960660889096],[132.9466846079342,34.41096745725185],[132.93769140429697,34.41096745725185]]]}},{"type":"Feature","properties":{"jobs":0,"pop":33,"pointCount":1,"homeWorkCommuteMedian":8501,"workHomeCommuteMedian":-1},"geometry":{"type":"Polygon","coordinates":[[[132.93769140429697,34.446940271800834],[132.93769140429697,34.45593347543808],[132.9466846079342,34.45593347543808],[132.9466846079342,34.446940271800834],[132.93769140429697,34.446940271800834]]]}},{"type":"Feature","properties":{"jobs":35,"pop":0,"pointCount":1,"homeWorkCommuteMedian":-1,"workHomeCommuteMedian":17998},"geometry":{"type":"Polygon","coordinates":[[[132.93769140429697,34.45593347543808],[132.93769140429697,34.464926679075326],[132.9466846079342,34.464926679075326],[132.9466846079342,34.45593347543808],[132.93769140429697,34.45593347543808]]]}},{"type":"Feature","properties":{"jobs":0,"pop":61,"pointCount":2,"homeWorkCommuteMedian":5899,"workHomeCommuteMedian":-1},"geometry":{"type":"Polygon","coordinates":[[[132.93769140429697,34.491906289987064],[132.93769140429697,34.50089949362431],[132.9466846079342,34.50089949362431],[132.9466846079342,34.491906289987064],[132.93769140429697,34.491906289987064]]]}},{"type":"Feature","properties":{"jobs":118,"pop":37,"pointCount":2,"homeWorkCommuteMedian":17398,"workHomeCommuteMedian":22197},"geometry":{"type":"Polygon","coordinates":[[[132.93769140429697,34.50089949362431],[132.93769140429697,34.509892697261556],[132.9466846079342,34.509892697261556],[132.9466846079342,34.50089949362431],[132.93769140429697,34.50089949362431]]]}},{"type":"Feature","properties":{"jobs":361,"pop":56,"pointCount":3,"homeWorkCommuteMedian":20488,"workHomeCommuteMedian":17441},"geometry":{"type":"Polygon","coordinates":[[[132.93769140429697,34.536872308173294],[132.93769140429697,34.54586551181054],[132.9466846079342,34.54586551181054],[132.9466846079342,34.536872308173294],[132.93769140429697,34.536872308173294]]]}},{"type":"Feature","properties":{"jobs":163,"pop":16,"pointCount":2,"homeWorkCommuteMedian":35670,"workHomeCommuteMedian":18644},"geometry":{"type":"Polygon","coordinates":[[[132.93769140429697,34.54586551181054],[132.93769140429697,34.554858715447786],[132.9466846079342,34.554858715447786],[132.9466846079342,34.54586551181054],[132.93769140429697,34.54586551181054]]]}},{"type":"Feature","properties":{"jobs":0,"pop":43,"pointCount":2,"homeWorkCommuteMedian":21743,"workHomeCommuteMedian":-1},"geometry":{"type":"Polygon","coordinates":[[[132.93769140429697,34.554858715447786],[132.93769140429697,34.56385191908503],[132.9466846079342,34.56385191908503],[132.9466846079342,34.554858715447786],[132.93769140429697,34.554858715447786]]]}},{"type":"Feature","properties":{"jobs":0,"pop":39,"pointCount":2,"homeWorkCommuteMedian":16296,"workHomeCommuteMedian":-1},"geometry":{"type":"Polygon","coordinates":[[[132.93769140429697,34.56385191908503],[132.93769140429697,34.57284512272228],[132.9466846079342,34.57284512272228],[132.9466846079342,34.56385191908503],[132.93769140429697,34.56385191908503]]]}},{"type":"Feature","properties":{"jobs":0,"pop":39,"pointCount":1,"homeWorkCommuteMedian":59506,"workHomeCommuteMedian":-1},"geometry":{"type":"Polygon","coordinates":[[[132.93769140429697,34.581838326359524],[132.93769140429697,34.59083152999677],[132.9466846079342,34.59083152999677],[132.9466846079342,34.581838326359524],[132.93769140429697,34.581838326359524]]]}},{"type":"Feature","properties":{"jobs":59,"pop":0,"pointCount":1,"homeWorkCommuteMedian":-1,"workHomeCommuteMedian":11159},"geometry":{"type":"Polygon","coordinates":[[[132.93769140429697,34.59083152999677],[132.93769140429697,34.599824733634016],[132.9466846079342,34.599824733634016],[132.9466846079342,34.59083152999677],[132.93769140429697,34.59083152999677]]]}},{"type":"Feature","properties":{"jobs":89,"pop":118,"pointCount":1,"homeWorkCommuteMedian":3241,"workHomeCommuteMedian":6171},"geometry":{"type":"Polygon","coordinates":[[[132.93769140429697,34.599824733634016],[132.93769140429697,34.60881793727126],[132.9466846079342,34.60881793727126],[132.9466846079342,34.599824733634016],[132.93769140429697,34.599824733634016]]]}},{"type":"Feature","properties":{"jobs":27,"pop":32,"pointCount":2,"homeWorkCommuteMedian":11038,"workHomeCommuteMedian":1217},"geometry":{"type":"Polygon","coordinates":[[[132.93769140429697,34.60881793727126],[132.93769140429697,34.61781114090851],[132.9466846079342,34.61781114090851],[132.9466846079342,34.60881793727126],[132.93769140429697,34.60881793727126]]]}},{"type":"Feature","properties":{"jobs":0,"pop":43,"pointCount":2,"homeWorkCommuteMedian":16909,"workHomeCommuteMedian":-1},"geometry":{"type":"Polygon","coordinates":[[[132.93769140429697,34.61781114090851],[132.93769140429697,34.626804344545754],[132.9466846079342,34.626804344545754],[132.9466846079342,34.61781114090851],[132.93769140429697,34.61781114090851]]]}},{"type":"Feature","properties":{"jobs":58,"pop":85,"pointCount":2,"homeWorkCommuteMedian":3760,"workHomeCommuteMedian":6505},"geometry":{"type":"Polygon","coordinates":[[[132.93769140429697,34.626804344545754],[132.93769140429697,34.635797548183],[132.9466846079342,34.635797548183],[132.9466846079342,34.626804344545754],[132.93769140429697,34.626804344545754]]]}},{"type":"Feature","properties":{"jobs":0,"pop":40,"pointCount":1,"homeWorkCommuteMedian":17910,"workHomeCommuteMedian":-1},"geometry":{"type":"Polygon","coordinates":[[[132.93769140429697,34.644790751820246],[132.93769140429697,34.65378395545749],[132.9466846079342,34.65378395545749],[132.9466846079342,34.644790751820246],[132.93769140429697,34.644790751820246]]]}},{"type":"Feature","properties":{"jobs":0,"pop":33,"pointCount":1,"homeWorkCommuteMedian":6972,"workHomeCommuteMedian":-1},"geometry":{"type":"Polygon","coordinates":[[[132.9466846079342,34.357008235428374],[132.9466846079342,34.36600143906562],[132.95567781157143,34.36600143906562],[132.95567781157143,34.357008235428374],[132.9466846079342,34.357008235428374]]]}},{"type":"Feature","properties":{"jobs":0,"pop":40,"pointCount":2,"homeWorkCommuteMedian":15922,"workHomeCommuteMedian":-1},"geometry":{"type":"Polygon","coordinates":[[[132.9466846079342,34.39298104997736],[132.9466846079342,34.401974253614604],[132.95567781157143,34.401974253614604],[132.95567781157143,34.39298104997736],[132.9466846079342,34.39298104997736]]]}},{"type":"Feature","properties":{"jobs":48,"pop":54,"pointCount":3,"homeWorkCommuteMedian":13191,"workHomeCommuteMedian":12961},"geometry":{"type":"Polygon","coordinates":[[[132.9466846079342,34.401974253614604],[132.9466846079342,34.41096745725185],[132.95567781157143,34.41096745725185],[132.95567781157143,34.401974253614604],[132.9466846079342,34.401974253614604]]]}},{"type":"Feature","properties":{"jobs":0,"pop":65,"pointCount":1,"homeWorkCommuteMedian":2089,"workHomeCommuteMedian":-1},"geometry":{"type":"Polygon","coordinates":[[[132.9466846079342,34.41096745725185],[132.9466846079342,34.419960660889096],[132.95567781157143,34.419960660889096],[132.95567781157143,34.41096745725185],[132.9466846079342,34.41096745725185]]]}},{"type":"Feature","properties":{"jobs":0,"pop":63,"pointCount":2,"homeWorkCommuteMedian":27724,"workHomeCommuteMedian":-1},"geometry":{"type":"Polygon","coordinates":[[[132.9466846079342,34.47391988271257],[132.9466846079342,34.48291308634982],[132.95567781157143,34.48291308634982],[132.95567781157143,34.47391988271257],[132.9466846079342,34.47391988271257]]]}},{"type":"Feature","properties":{"jobs":22,"pop":23,"pointCount":1,"homeWorkCommuteMedian":11869,"workHomeCommuteMedian":3806},"geometry":{"type":"Polygon","coordinates":[[[132.9466846079342,34.50089949362431],[132.9466846079342,34.509892697261556],[132.95567781157143,34.509892697261556],[132.95567781157143,34.50089949362431],[132.9466846079342,34.50089949362431]]]}},{"type":"Feature","properties":{"jobs":127,"pop":107,"pointCount":5,"homeWorkCommuteMedian":23907,"workHomeCommuteMedian":44393},"geometry":{"type":"Polygon","coordinates":[[[132.9466846079342,34.536872308173294],[132.9466846079342,34.54586551181054],[132.95567781157143,34.54586551181054],[132.95567781157143,34.536872308173294],[132.9466846079342,34.536872308173294]]]}},{"type":"Feature","properties":{"jobs":58,"pop":123,"pointCount":2,"homeWorkCommuteMedian":4375,"workHomeCommuteMedian":1054},"geometry":{"type":"Polygon","coordinates":[[[132.9466846079342,34.54586551181054],[132.9466846079342,34.554858715447786],[132.95567781157143,34.554858715447786],[132.95567781157143,34.54586551181054],[132.9466846079342,34.54586551181054]]]}},{"type":"Feature","properties":{"jobs":23,"pop":45,"pointCount":1,"homeWorkCommuteMedian":5358,"workHomeCommuteMedian":49094},"geometry":{"type":"Polygon","coordinates":[[[132.9466846079342,34.554858715447786],[132.9466846079342,34.56385191908503],[132.95567781157143,34.56385191908503],[132.95567781157143,34.554858715447786],[132.9466846079342,34.554858715447786]]]}},{"type":"Feature","properties":{"jobs":33,"pop":56,"pointCount":2,"homeWorkCommuteMedian":64740,"workHomeCommuteMedian":26669},"geometry":{"type":"Polygon","coordinates":[[[132.9466846079342,34.56385191908503],[132.9466846079342,34.57284512272228],[132.95567781157143,34.57284512272228],[132.95567781157143,34.56385191908503],[132.9466846079342,34.56385191908503]]]}},{"type":"Feature","properties":{"jobs":0,"pop":50,"pointCount":2,"homeWorkCommuteMedian":5338,"workHomeCommuteMedian":-1},"geometry":{"type":"Polygon","coordinates":[[[132.9466846079342,34.599824733634016],[132.9466846079342,34.60881793727126],[132.95567781157143,34.60881793727126],[132.95567781157143,34.599824733634016],[132.9466846079342,34.599824733634016]]]}},{"type":"Feature","properties":{"jobs":36,"pop":55,"pointCount":2,"homeWorkCommuteMedian":2881,"workHomeCommuteMedian":12421},"geometry":{"type":"Polygon","coordinates":[[[132.9466846079342,34.61781114090851],[132.9466846079342,34.626804344545754],[132.95567781157143,34.626804344545754],[132.95567781157143,34.61781114090851],[132.9466846079342,34.61781114090851]]]}},{"type":"Feature","properties":{"jobs":50,"pop":0,"pointCount":1,"homeWorkCommuteMedian":-1,"workHomeCommuteMedian":6443},"geometry":{"type":"Polygon","coordinates":[[[132.9466846079342,34.626804344545754],[132.9466846079342,34.635797548183],[132.95567781157143,34.635797548183],[132.95567781157143,34.626804344545754],[132.9466846079342,34.626804344545754]]]}},{"type":"Feature","properties":{"jobs":97,"pop":73,"pointCount":5,"homeWorkCommuteMedian":13119,"workHomeCommuteMedian":8513},"geometry":{"type":"Polygon","coordinates":[[[132.95567781157143,34.39298104997736],[132.95567781157143,34.401974253614604],[132.96467101520867,34.401974253614604],[132.96467101520867,34.39298104997736],[132.95567781157143,34.39298104997736]]]}},{"type":"Feature","properties":{"jobs":352,"pop":57,"pointCount":5,"homeWorkCommuteMedian":56022,"workHomeCommuteMedian":12168},"geometry":{"type":"Polygon","coordinates":[[[132.95567781157143,34.401974253614604],[132.95567781157143,34.41096745725185],[132.96467101520867,34.41096745725185],[132.96467101520867,34.401974253614604],[132.95567781157143,34.401974253614604]]]}},{"type":"Feature","properties":{"jobs":190,"pop":137,"pointCount":7,"homeWorkCommuteMedian":5684,"workHomeCommuteMedian":14386},"geometry":{"type":"Polygon","coordinates":[[[132.95567781157143,34.42895386452634],[132.95567781157143,34.43794706816359],[132.96467101520867,34.43794706816359],[132.96467101520867,34.42895386452634],[132.95567781157143,34.42895386452634]]]}},{"type":"Feature","properties":{"jobs":0,"pop":41,"pointCount":2,"homeWorkCommuteMedian":6304,"workHomeCommuteMedian":-1},"geometry":{"type":"Polygon","coordinates":[[[132.95567781157143,34.43794706816359],[132.95567781157143,34.446940271800834],[132.96467101520867,34.446940271800834],[132.96467101520867,34.43794706816359],[132.95567781157143,34.43794706816359]]]}},{"type":"Feature","properties":{"jobs":0,"pop":31,"pointCount":1,"homeWorkCommuteMedian":39887,"workHomeCommuteMedian":-1},"geometry":{"type":"Polygon","coordinates":[[[132.95567781157143,34.48291308634982],[132.95567781157143,34.491906289987064],[132.96467101520867,34.491906289987064],[132.96467101520867,34.48291308634982],[132.95567781157143,34.48291308634982]]]}},{"type":"Feature","properties":{"jobs":82,"pop":17,"pointCount":4,"homeWorkCommuteMedian":23562,"workHomeCommuteMedian":4600},"geometry":{"type":"Polygon","coordinates":[[[132.95567781157143,34.491906289987064],[132.95567781157143,34.50089949362431],[132.96467101520867,34.50089949362431],[132.96467101520867,34.491906289987064],[132.95567781157143,34.491906289987064]]]}},{"type":"Feature","properties":{"jobs":54,"pop":133,"pointCount":3,"homeWorkCommuteMedian":43947,"workHomeCommuteMedian":35602},"geometry":{"type":"Polygon","coordinates":[[[132.95567781157143,34.50089949362431],[132.95567781157143,34.509892697261556],[132.96467101520867,34.509892697261556],[132.96467101520867,34.50089949362431],[132.95567781157143,34.50089949362431]]]}},{"type":"Feature","properties":{"jobs":114,"pop":192,"pointCount":5,"homeWorkCommuteMedian":4996,"workHomeCommuteMedian":26164},"geometry":{"type":"Polygon","coordinates":[[[132.95567781157143,34.536872308173294],[132.95567781157143,34.54586551181054],[132.96467101520867,34.54586551181054],[132.96467101520867,34.536872308173294],[132.95567781157143,34.536872308173294]]]}},{"type":"Feature","properties":{"jobs":0,"pop":24,"pointCount":1,"homeWorkCommuteMedian":28705,"workHomeCommuteMedian":-1},"geometry":{"type":"Polygon","coordinates":[[[132.95567781157143,34.54586551181054],[132.95567781157143,34.554858715447786],[132.96467101520867,34.554858715447786],[132.96467101520867,34.54586551181054],[132.95567781157143,34.54586551181054]]]}},{"type":"Feature","properties":{"jobs":0,"pop":16,"pointCount":1,"homeWorkCommuteMedian":20129,"workHomeCommuteMedian":-1},"geometry":{"type":"Polygon","coordinates":[[[132.95567781157143,34.554858715447786],[132.95567781157143,34.56385191908503],[132.96467101520867,34.56385191908503],[132.96467101520867,34.554858715447786],[132.95567781157143,34.554858715447786]]]}},{"type":"Feature","properties":{"jobs":0,"pop":63,"pointCount":2,"homeWorkCommuteMedian":7963,"workHomeCommuteMedian":-1},"geometry":{"type":"Polygon","coordinates":[[[132.95567781157143,34.56385191908503],[132.95567781157143,34.57284512272228],[132.96467101520867,34.57284512272228],[132.96467101520867,34.56385191908503],[132.95567781157143,34.56385191908503]]]}},{"type":"Feature","properties":{"jobs":0,"pop":30,"pointCount":1,"homeWorkCommuteMedian":27156,"workHomeCommuteMedian":-1},"geometry":{"type":"Polygon","coordinates":[[[132.95567781157143,34.57284512272228],[132.95567781157143,34.581838326359524],[132.96467101520867,34.581838326359524],[132.96467101520867,34.57284512272228],[132.95567781157143,34.57284512272228]]]}},{"type":"Feature","properties":{"jobs":25,"pop":61,"pointCount":3,"homeWorkCommuteMedian":4462,"workHomeCommuteMedian":1363},"geometry":{"type":"Polygon","coordinates":[[[132.95567781157143,34.59083152999677],[132.95567781157143,34.599824733634016],[132.96467101520867,34.599824733634016],[132.96467101520867,34.59083152999677],[132.95567781157143,34.59083152999677]]]}},{"type":"Feature","properties":{"jobs":0,"pop":44,"pointCount":1,"homeWorkCommuteMedian":67243,"workHomeCommuteMedian":-1},"geometry":{"type":"Polygon","coordinates":[[[132.95567781157143,34.635797548183],[132.95567781157143,34.644790751820246],[132.96467101520867,34.644790751820246],[132.96467101520867,34.635797548183],[132.95567781157143,34.635797548183]]]}},{"type":"Feature","properties":{"jobs":0,"pop":74,"pointCount":3,"homeWorkCommuteMedian":5810,"workHomeCommuteMedian":-1},"geometry":{"type":"Polygon","coordinates":[[[132.96467101520867,34.36600143906562],[132.96467101520867,34.374994642702866],[132.9736642188459,34.374994642702866],[132.9736642188459,34.36600143906562],[132.96467101520867,34.36600143906562]]]}},{"type":"Feature","properties":{"jobs":73,"pop":40,"pointCount":1,"homeWorkCommuteMedian":52241,"workHomeCommuteMedian":12864},"geometry":{"type":"Polygon","coordinates":[[[132.96467101520867,34.374994642702866],[132.96467101520867,34.38398784634011],[132.9736642188459,34.38398784634011],[132.9736642188459,34.374994642702866],[132.96467101520867,34.374994642702866]]]}},{"type":"Feature","properties":{"jobs":32,"pop":57,"pointCount":2,"homeWorkCommuteMedian":23842,"workHomeCommuteMedian":9575},"geometry":{"type":"Polygon","coordinates":[[[132.96467101520867,34.38398784634011],[132.96467101520867,34.39298104997736],[132.9736642188459,34.39298104997736],[132.9736642188459,34.38398784634011],[132.96467101520867,34.38398784634011]]]}},{"type":"Feature","properties":{"jobs":391,"pop":429,"pointCount":6,"homeWorkCommuteMedian":3218,"workHomeCommuteMedian":17814},"geometry":{"type":"Polygon","coordinates":[[[132.96467101520867,34.39298104997736],[132.96467101520867,34.401974253614604],[132.9736642188459,34.401974253614604],[132.9736642188459,34.39298104997736],[132.96467101520867,34.39298104997736]]]}},{"type":"Feature","properties":{"jobs":426,"pop":419,"pointCount":8,"homeWorkCommuteMedian":32545,"workHomeCommuteMedian":5188},"geometry":{"type":"Polygon","coordinates":[[[132.96467101520867,34.401974253614604],[132.96467101520867,34.41096745725185],[132.9736642188459,34.41096745725185],[132.9736642188459,34.401974253614604],[132.96467101520867,34.401974253614604]]]}},{"type":"Feature","properties":{"jobs":48,"pop":118,"pointCount":4,"homeWorkCommuteMedian":12611,"workHomeCommuteMedian":26212},"geometry":{"type":"Polygon","coordinates":[[[132.96467101520867,34.419960660889096],[132.96467101520867,34.42895386452634],[132.9736642188459,34.42895386452634],[132.9736642188459,34.419960660889096],[132.96467101520867,34.419960660889096]]]}},{"type":"Feature","properties":{"jobs":219,"pop":322,"pointCount":10,"homeWorkCommuteMedian":10219,"workHomeCommuteMedian":15322},"geometry":{"type":"Polygon","coordinates":[[[132.96467101520867,34.42895386452634],[132.96467101520867,34.43794706816359],[132.9736642188459,34.43794706816359],[132.9736642188459,34.42895386452634],[132.96467101520867,34.42895386452634]]]}},{"type":"Feature","properties":{"jobs":0,"pop":41,"pointCount":1,"homeWorkCommuteMedian":6060,"workHomeCommuteMedian":-1},"geometry":{"type":"Polygon","coordinates":[[[132.96467101520867,34.43794706816359],[132.96467101520867,34.446940271800834],[132.9736642188459,34.446940271800834],[132.9736642188459,34.43794706816359],[132.96467101520867,34.43794706816359]]]}},{"type":"Feature","properties":{"jobs":32,"pop":0,"pointCount":1,"homeWorkCommuteMedian":-1,"workHomeCommuteMedian":46175},"geometry":{"type":"Polygon","coordinates":[[[132.96467101520867,34.47391988271257],[132.96467101520867,34.48291308634982],[132.9736642188459,34.48291308634982],[132.9736642188459,34.47391988271257],[132.96467101520867,34.47391988271257]]]}},{"type":"Feature","properties":{"jobs":30,"pop":0,"pointCount":1,"homeWorkCommuteMedian":-1,"workHomeCommuteMedian":16240},"geometry":{"type":"Polygon","coordinates":[[[132.96467101520867,34.48291308634982],[132.96467101520867,34.491906289987064],[132.9736642188459,34.491906289987064],[132.9736642188459,34.48291308634982],[132.96467101520867,34.48291308634982]]]}},{"type":"Feature","properties":{"jobs":23,"pop":22,"pointCount":1,"homeWorkCommuteMedian":16788,"workHomeCommuteMedian":36727},"geometry":{"type":"Polygon","coordinates":[[[132.96467101520867,34.50089949362431],[132.96467101520867,34.509892697261556],[132.9736642188459,34.509892697261556],[132.9736642188459,34.50089949362431],[132.96467101520867,34.50089949362431]]]}},{"type":"Feature","properties":{"jobs":0,"pop":79,"pointCount":2,"homeWorkCommuteMedian":5171,"workHomeCommuteMedian":-1},"geometry":{"type":"Polygon","coordinates":[[[132.96467101520867,34.5188859008988],[132.96467101520867,34.52787910453605],[132.9736642188459,34.52787910453605],[132.9736642188459,34.5188859008988],[132.96467101520867,34.5188859008988]]]}},{"type":"Feature","properties":{"jobs":0,"pop":15,"pointCount":1,"homeWorkCommuteMedian":13000,"workHomeCommuteMedian":-1},"geometry":{"type":"Polygon","coordinates":[[[132.96467101520867,34.52787910453605],[132.96467101520867,34.536872308173294],[132.9736642188459,34.536872308173294],[132.9736642188459,34.52787910453605],[132.96467101520867,34.52787910453605]]]}},{"type":"Feature","properties":{"jobs":90,"pop":52,"pointCount":3,"homeWorkCommuteMedian":26485,"workHomeCommuteMedian":2929},"geometry":{"type":"Polygon","coordinates":[[[132.96467101520867,34.536872308173294],[132.96467101520867,34.54586551181054],[132.9736642188459,34.54586551181054],[132.9736642188459,34.536872308173294],[132.96467101520867,34.536872308173294]]]}},{"type":"Feature","properties":{"jobs":10,"pop":28,"pointCount":2,"homeWorkCommuteMedian":31212,"workHomeCommuteMedian":41454},"geometry":{"type":"Polygon","coordinates":[[[132.96467101520867,34.554858715447786],[132.96467101520867,34.56385191908503],[132.9736642188459,34.56385191908503],[132.9736642188459,34.554858715447786],[132.96467101520867,34.554858715447786]]]}},{"type":"Feature","properties":{"jobs":82,"pop":63,"pointCount":4,"homeWorkCommuteMedian":9573,"workHomeCommuteMedian":11910},"geometry":{"type":"Polygon","coordinates":[[[132.96467101520867,34.57284512272228],[132.96467101520867,34.581838326359524],[132.9736642188459,34.581838326359524],[132.9736642188459,34.57284512272228],[132.96467101520867,34.57284512272228]]]}},{"type":"Feature","properties":{"jobs":0,"pop":36,"pointCount":2,"homeWorkCommuteMedian":8759,"workHomeCommuteMedian":-1},"geometry":{"type":"Polygon","coordinates":[[[132.96467101520867,34.581838326359524],[132.96467101520867,34.59083152999677],[132.9736642188459,34.59083152999677],[132.9736642188459,34.581838326359524],[132.96467101520867,34.581838326359524]]]}},{"type":"Feature","properties":{"jobs":61,"pop":78,"pointCount":3,"homeWorkCommuteMedian":28298,"workHomeCommuteMedian":3213},"geometry":{"type":"Polygon","coordinates":[[[132.96467101520867,34.59083152999677],[132.96467101520867,34.599824733634016],[132.9736642188459,34.599824733634016],[132.9736642188459,34.59083152999677],[132.96467101520867,34.59083152999677]]]}},{"type":"Feature","properties":{"jobs":0,"pop":17,"pointCount":1,"homeWorkCommuteMedian":11964,"workHomeCommuteMedian":-1},"geometry":{"type":"Polygon","coordinates":[[[132.96467101520867,34.60881793727126],[132.96467101520867,34.61781114090851],[132.9736642188459,34.61781114090851],[132.9736642188459,34.60881793727126],[132.96467101520867,34.60881793727126]]]}},{"type":"Feature","properties":{"jobs":0,"pop":61,"pointCount":2,"homeWorkCommuteMedian":11231,"workHomeCommuteMedian":-1},"geometry":{"type":"Polygon","coordinates":[[[132.96467101520867,34.61781114090851],[132.96467101520867,34.626804344545754],[132.9736642188459,34.626804344545754],[132.9736642188459,34.61781114090851],[132.96467101520867,34.61781114090851]]]}},{"type":"Feature","properties":{"jobs":0,"pop":29,"pointCount":1,"homeWorkCommuteMedian":12304,"workHomeCommuteMedian":-1},"geometry":{"type":"Polygon","coordinates":[[[132.96467101520867,34.644790751820246],[132.96467101520867,34.65378395545749],[132.9736642188459,34.65378395545749],[132.9736642188459,34.644790751820246],[132.96467101520867,34.644790751820246]]]}},{"type":"Feature","properties":{"jobs":0,"pop":135,"pointCount":1,"homeWorkCommuteMedian":6577,"workHomeCommuteMedian":-1},"geometry":{"type":"Polygon","coordinates":[[[132.9736642188459,34.357008235428374],[132.9736642188459,34.36600143906562],[132.98265742248313,34.36600143906562],[132.98265742248313,34.357008235428374],[132.9736642188459,34.357008235428374]]]}},{"type":"Feature","properties":{"jobs":255,"pop":27,"pointCount":4,"homeWorkCommuteMedian":11994,"workHomeCommuteMedian":17124},"geometry":{"type":"Polygon","coordinates":[[[132.9736642188459,34.36600143906562],[132.9736642188459,34.374994642702866],[132.98265742248313,34.374994642702866],[132.98265742248313,34.36600143906562],[132.9736642188459,34.36600143906562]]]}},{"type":"Feature","properties":{"jobs":160,"pop":0,"pointCount":1,"homeWorkCommuteMedian":-1,"workHomeCommuteMedian":19710},"geometry":{"type":"Polygon","coordinates":[[[132.9736642188459,34.374994642702866],[132.9736642188459,34.38398784634011],[132.98265742248313,34.38398784634011],[132.98265742248313,34.374994642702866],[132.9736642188459,34.374994642702866]]]}},{"type":"Feature","properties":{"jobs":27,"pop":80,"pointCount":3,"homeWorkCommuteMedian":11546,"workHomeCommuteMedian":21125},"geometry":{"type":"Polygon","coordinates":[[[132.9736642188459,34.39298104997736],[132.9736642188459,34.401974253614604],[132.98265742248313,34.401974253614604],[132.98265742248313,34.39298104997736],[132.9736642188459,34.39298104997736]]]}},{"type":"Feature","properties":{"jobs":1403,"pop":197,"pointCount":13,"homeWorkCommuteMedian":12218,"workHomeCommuteMedian":10715},"geometry":{"type":"Polygon","coordinates":[[[132.9736642188459,34.401974253614604],[132.9736642188459,34.41096745725185],[132.98265742248313,34.41096745725185],[132.98265742248313,34.401974253614604],[132.9736642188459,34.401974253614604]]]}},{"type":"Feature","properties":{"jobs":137,"pop":114,"pointCount":3,"homeWorkCommuteMedian":22970,"workHomeCommuteMedian":16494},"geometry":{"type":"Polygon","coordinates":[[[132.9736642188459,34.41096745725185],[132.9736642188459,34.419960660889096],[132.98265742248313,34.419960660889096],[132.98265742248313,34.41096745725185],[132.9736642188459,34.41096745725185]]]}},{"type":"Feature","properties":{"jobs":117,"pop":71,"pointCount":3,"homeWorkCommuteMedian":41916,"workHomeCommuteMedian":29936},"geometry":{"type":"Polygon","coordinates":[[[132.9736642188459,34.419960660889096],[132.9736642188459,34.42895386452634],[132.98265742248313,34.42895386452634],[132.98265742248313,34.419960660889096],[132.9736642188459,34.419960660889096]]]}},{"type":"Feature","properties":{"jobs":25,"pop":58,"pointCount":3,"homeWorkCommuteMedian":50853,"workHomeCommuteMedian":23473},"geometry":{"type":"Polygon","coordinates":[[[132.9736642188459,34.42895386452634],[132.9736642188459,34.43794706816359],[132.98265742248313,34.43794706816359],[132.98265742248313,34.42895386452634],[132.9736642188459,34.42895386452634]]]}},{"type":"Feature","properties":{"jobs":0,"pop":35,"pointCount":2,"homeWorkCommuteMedian":11308,"workHomeCommuteMedian":-1},"geometry":{"type":"Polygon","coordinates":[[[132.9736642188459,34.43794706816359],[132.9736642188459,34.446940271800834],[132.98265742248313,34.446940271800834],[132.98265742248313,34.43794706816359],[132.9736642188459,34.43794706816359]]]}},{"type":"Feature","properties":{"jobs":17,"pop":64,"pointCount":2,"homeWorkCommuteMedian":2392,"workHomeCommuteMedian":588},"geometry":{"type":"Polygon","coordinates":[[[132.9736642188459,34.48291308634982],[132.9736642188459,34.491906289987064],[132.98265742248313,34.491906289987064],[132.98265742248313,34.48291308634982],[132.9736642188459,34.48291308634982]]]}},{"type":"Feature","properties":{"jobs":20,"pop":39,"pointCount":3,"homeWorkCommuteMedian":21035,"workHomeCommuteMedian":47342},"geometry":{"type":"Polygon","coordinates":[[[132.9736642188459,34.50089949362431],[132.9736642188459,34.509892697261556],[132.98265742248313,34.509892697261556],[132.98265742248313,34.50089949362431],[132.9736642188459,34.50089949362431]]]}},{"type":"Feature","properties":{"jobs":0,"pop":35,"pointCount":2,"homeWorkCommuteMedian":25975,"workHomeCommuteMedian":-1},"geometry":{"type":"Polygon","coordinates":[[[132.9736642188459,34.536872308173294],[132.9736642188459,34.54586551181054],[132.98265742248313,34.54586551181054],[132.98265742248313,34.536872308173294],[132.9736642188459,34.536872308173294]]]}},{"type":"Feature","properties":{"jobs":18,"pop":47,"pointCount":2,"homeWorkCommuteMedian":7721,"workHomeCommuteMedian":53591},"geometry":{"type":"Polygon","coordinates":[[[132.9736642188459,34.54586551181054],[132.9736642188459,34.554858715447786],[132.98265742248313,34.554858715447786],[132.98265742248313,34.54586551181054],[132.9736642188459,34.54586551181054]]]}},{"type":"Feature","properties":{"jobs":0,"pop":37,"pointCount":1,"homeWorkCommuteMedian":7614,"workHomeCommuteMedian":-1},"geometry":{"type":"Polygon","coordinates":[[[132.9736642188459,34.554858715447786],[132.9736642188459,34.56385191908503],[132.98265742248313,34.56385191908503],[132.98265742248313,34.554858715447786],[132.9736642188459,34.554858715447786]]]}},{"type":"Feature","properties":{"jobs":0,"pop":35,"pointCount":1,"homeWorkCommuteMedian":8611,"workHomeCommuteMedian":-1},"geometry":{"type":"Polygon","coordinates":[[[132.9736642188459,34.56385191908503],[132.9736642188459,34.57284512272228],[132.98265742248313,34.57284512272228],[132.98265742248313,34.56385191908503],[132.9736642188459,34.56385191908503]]]}},{"type":"Feature","properties":{"jobs":0,"pop":30,"pointCount":1,"homeWorkCommuteMedian":8870,"workHomeCommuteMedian":-1},"geometry":{"type":"Polygon","coordinates":[[[132.9736642188459,34.57284512272228],[132.9736642188459,34.581838326359524],[132.98265742248313,34.581838326359524],[132.98265742248313,34.57284512272228],[132.9736642188459,34.57284512272228]]]}},{"type":"Feature","properties":{"jobs":0,"pop":30,"pointCount":2,"homeWorkCommuteMedian":10380,"workHomeCommuteMedian":-1},"geometry":{"type":"Polygon","coordinates":[[[132.9736642188459,34.59083152999677],[132.9736642188459,34.599824733634016],[132.98265742248313,34.599824733634016],[132.98265742248313,34.59083152999677],[132.9736642188459,34.59083152999677]]]}},{"type":"Feature","properties":{"jobs":46,"pop":0,"pointCount":1,"homeWorkCommuteMedian":-1,"workHomeCommuteMedian":9386},"geometry":{"type":"Polygon","coordinates":[[[132.9736642188459,34.599824733634016],[132.9736642188459,34.60881793727126],[132.98265742248313,34.60881793727126],[132.98265742248313,34.599824733634016],[132.9736642188459,34.599824733634016]]]}},{"type":"Feature","properties":{"jobs":0,"pop":32,"pointCount":1,"homeWorkCommuteMedian":63692,"workHomeCommuteMedian":-1},"geometry":{"type":"Polygon","coordinates":[[[132.9736642188459,34.60881793727126],[132.9736642188459,34.61781114090851],[132.98265742248313,34.61781114090851],[132.98265742248313,34.60881793727126],[132.9736642188459,34.60881793727126]]]}},{"type":"Feature","properties":{"jobs":32,"pop":0,"pointCount":1,"homeWorkCommuteMedian":-1,"workHomeCommuteMedian":6144},"geometry":{"type":"Polygon","coordinates":[[[132.9736642188459,34.626804344545754],[132.9736642188459,34.635797548183],[132.98265742248313,34.635797548183],[132.98265742248313,34.626804344545754],[132.9736642188459,34.626804344545754]]]}},{"type":"Feature","properties":{"jobs":36,"pop":0,"pointCount":1,"homeWorkCommuteMedian":-1,"workHomeCommuteMedian":36792},"geometry":{"type":"Polygon","coordinates":[[[132.9736642188459,34.635797548183],[132.9736642188459,34.644790751820246],[132.98265742248313,34.644790751820246],[132.98265742248313,34.635797548183],[132.9736642188459,34.635797548183]]]}},{"type":"Feature","properties":{"jobs":0,"pop":23,"pointCount":1,"homeWorkCommuteMedian":12524,"workHomeCommuteMedian":-1},"geometry":{"type":"Polygon","coordinates":[[[132.9736642188459,34.65378395545749],[132.9736642188459,34.66277715909474],[132.98265742248313,34.66277715909474],[132.98265742248313,34.65378395545749],[132.9736642188459,34.65378395545749]]]}},{"type":"Feature","properties":{"jobs":1366,"pop":158,"pointCount":10,"homeWorkCommuteMedian":10142,"workHomeCommuteMedian":9916},"geometry":{"type":"Polygon","coordinates":[[[132.98265742248313,34.36600143906562],[132.98265742248313,34.374994642702866],[132.99165062612036,34.374994642702866],[132.99165062612036,34.36600143906562],[132.98265742248313,34.36600143906562]]]}},{"type":"Feature","properties":{"jobs":245,"pop":178,"pointCount":7,"homeWorkCommuteMedian":6931,"workHomeCommuteMedian":9626},"geometry":{"type":"Polygon","coordinates":[[[132.98265742248313,34.374994642702866],[132.98265742248313,34.38398784634011],[132.99165062612036,34.38398784634011],[132.99165062612036,34.374994642702866],[132.98265742248313,34.374994642702866]]]}},{"type":"Feature","properties":{"jobs":557,"pop":208,"pointCount":5,"homeWorkCommuteMedian":4357,"workHomeCommuteMedian":11809},"geometry":{"type":"Polygon","coordinates":[[[132.98265742248313,34.38398784634011],[132.98265742248313,34.39298104997736],[132.99165062612036,34.39298104997736],[132.99165062612036,34.38398784634011],[132.98265742248313,34.38398784634011]]]}},{"type":"Feature","properties":{"jobs":256,"pop":183,"pointCount":5,"homeWorkCommuteMedian":8711,"workHomeCommuteMedian":5292},"geometry":{"type":"Polygon","coordinates":[[[132.98265742248313,34.39298104997736],[132.98265742248313,34.401974253614604],[132.99165062612036,34.401974253614604],[132.99165062612036,34.39298104997736],[132.98265742248313,34.39298104997736]]]}},{"type":"Feature","properties":{"jobs":1194,"pop":1217,"pointCount":9,"homeWorkCommuteMedian":2201,"workHomeCommuteMedian":7853},"geometry":{"type":"Polygon","coordinates":[[[132.98265742248313,34.401974253614604],[132.98265742248313,34.41096745725185],[132.99165062612036,34.41096745725185],[132.99165062612036,34.401974253614604],[132.98265742248313,34.401974253614604]]]}},{"type":"Feature","properties":{"jobs":285,"pop":583,"pointCount":8,"homeWorkCommuteMedian":10313,"workHomeCommuteMedian":1112},"geometry":{"type":"Polygon","coordinates":[[[132.98265742248313,34.41096745725185],[132.98265742248313,34.419960660889096],[132.99165062612036,34.419960660889096],[132.99165062612036,34.41096745725185],[132.98265742248313,34.41096745725185]]]}},{"type":"Feature","properties":{"jobs":22,"pop":84,"pointCount":3,"homeWorkCommuteMedian":4119,"workHomeCommuteMedian":1863},"geometry":{"type":"Polygon","coordinates":[[[132.98265742248313,34.419960660889096],[132.98265742248313,34.42895386452634],[132.99165062612036,34.42895386452634],[132.99165062612036,34.419960660889096],[132.98265742248313,34.419960660889096]]]}},{"type":"Feature","properties":{"jobs":0,"pop":19,"pointCount":1,"homeWorkCommuteMedian":12076,"workHomeCommuteMedian":-1},"geometry":{"type":"Polygon","coordinates":[[[132.98265742248313,34.446940271800834],[132.98265742248313,34.45593347543808],[132.99165062612036,34.45593347543808],[132.99165062612036,34.446940271800834],[132.98265742248313,34.446940271800834]]]}},{"type":"Feature","properties":{"jobs":0,"pop":37,"pointCount":1,"homeWorkCommuteMedian":20425,"workHomeCommuteMedian":-1},"geometry":{"type":"Polygon","coordinates":[[[132.98265742248313,34.48291308634982],[132.98265742248313,34.491906289987064],[132.99165062612036,34.491906289987064],[132.99165062612036,34.48291308634982],[132.98265742248313,34.48291308634982]]]}},{"type":"Feature","properties":{"jobs":0,"pop":16,"pointCount":1,"homeWorkCommuteMedian":18136,"workHomeCommuteMedian":-1},"geometry":{"type":"Polygon","coordinates":[[[132.98265742248313,34.509892697261556],[132.98265742248313,34.5188859008988],[132.99165062612036,34.5188859008988],[132.99165062612036,34.509892697261556],[132.98265742248313,34.509892697261556]]]}},{"type":"Feature","properties":{"jobs":0,"pop":26,"pointCount":1,"homeWorkCommuteMedian":18083,"workHomeCommuteMedian":-1},"geometry":{"type":"Polygon","coordinates":[[[132.98265742248313,34.5188859008988],[132.98265742248313,34.52787910453605],[132.99165062612036,34.52787910453605],[132.99165062612036,34.5188859008988],[132.98265742248313,34.5188859008988]]]}},{"type":"Feature","properties":{"jobs":0,"pop":21,"pointCount":1,"homeWorkCommuteMedian":18425,"workHomeCommuteMedian":-1},"geometry":{"type":"Polygon","coordinates":[[[132.98265742248313,34.52787910453605],[132.98265742248313,34.536872308173294],[132.99165062612036,34.536872308173294],[132.99165062612036,34.52787910453605],[132.98265742248313,34.52787910453605]]]}},{"type":"Feature","properties":{"jobs":26,"pop":0,"pointCount":1,"homeWorkCommuteMedian":-1,"workHomeCommuteMedian":11702},"geometry":{"type":"Polygon","coordinates":[[[132.98265742248313,34.554858715447786],[132.98265742248313,34.56385191908503],[132.99165062612036,34.56385191908503],[132.99165062612036,34.554858715447786],[132.98265742248313,34.554858715447786]]]}},{"type":"Feature","properties":{"jobs":81,"pop":89,"pointCount":2,"homeWorkCommuteMedian":8024,"workHomeCommuteMedian":5975},"geometry":{"type":"Polygon","coordinates":[[[132.98265742248313,34.57284512272228],[132.98265742248313,34.581838326359524],[132.99165062612036,34.581838326359524],[132.99165062612036,34.57284512272228],[132.98265742248313,34.57284512272228]]]}},{"type":"Feature","properties":{"jobs":27,"pop":31,"pointCount":2,"homeWorkCommuteMedian":8372,"workHomeCommuteMedian":14577},"geometry":{"type":"Polygon","coordinates":[[[132.98265742248313,34.581838326359524],[132.98265742248313,34.59083152999677],[132.99165062612036,34.59083152999677],[132.99165062612036,34.581838326359524],[132.98265742248313,34.581838326359524]]]}},{"type":"Feature","properties":{"jobs":67,"pop":0,"pointCount":1,"homeWorkCommuteMedian":-1,"workHomeCommuteMedian":11339},"geometry":{"type":"Polygon","coordinates":[[[132.98265742248313,34.599824733634016],[132.98265742248313,34.60881793727126],[132.99165062612036,34.60881793727126],[132.99165062612036,34.599824733634016],[132.98265742248313,34.599824733634016]]]}},{"type":"Feature","properties":{"jobs":0,"pop":30,"pointCount":1,"homeWorkCommuteMedian":10361,"workHomeCommuteMedian":-1},"geometry":{"type":"Polygon","coordinates":[[[132.98265742248313,34.635797548183],[132.98265742248313,34.644790751820246],[132.99165062612036,34.644790751820246],[132.99165062612036,34.635797548183],[132.98265742248313,34.635797548183]]]}},{"type":"Feature","properties":{"jobs":0,"pop":19,"pointCount":1,"homeWorkCommuteMedian":10423,"workHomeCommuteMedian":-1},"geometry":{"type":"Polygon","coordinates":[[[132.98265742248313,34.644790751820246],[132.98265742248313,34.65378395545749],[132.99165062612036,34.65378395545749],[132.99165062612036,34.644790751820246],[132.98265742248313,34.644790751820246]]]}},{"type":"Feature","properties":{"jobs":26,"pop":0,"pointCount":1,"homeWorkCommuteMedian":-1,"workHomeCommuteMedian":12126},"geometry":{"type":"Polygon","coordinates":[[[132.98265742248313,34.66277715909474],[132.98265742248313,34.67177036273198],[132.99165062612036,34.67177036273198],[132.99165062612036,34.66277715909474],[132.98265742248313,34.66277715909474]]]}},{"type":"Feature","properties":{"jobs":118,"pop":205,"pointCount":6,"homeWorkCommuteMedian":8061,"workHomeCommuteMedian":10603},"geometry":{"type":"Polygon","coordinates":[[[132.99165062612036,34.36600143906562],[132.99165062612036,34.374994642702866],[133.0006438297576,34.374994642702866],[133.0006438297576,34.36600143906562],[132.99165062612036,34.36600143906562]]]}},{"type":"Feature","properties":{"jobs":142,"pop":332,"pointCount":11,"homeWorkCommuteMedian":14773,"workHomeCommuteMedian":6279},"geometry":{"type":"Polygon","coordinates":[[[132.99165062612036,34.374994642702866],[132.99165062612036,34.38398784634011],[133.0006438297576,34.38398784634011],[133.0006438297576,34.374994642702866],[132.99165062612036,34.374994642702866]]]}},{"type":"Feature","properties":{"jobs":39,"pop":65,"pointCount":4,"homeWorkCommuteMedian":10289,"workHomeCommuteMedian":50388},"geometry":{"type":"Polygon","coordinates":[[[132.99165062612036,34.38398784634011],[132.99165062612036,34.39298104997736],[133.0006438297576,34.39298104997736],[133.0006438297576,34.38398784634011],[132.99165062612036,34.38398784634011]]]}},{"type":"Feature","properties":{"jobs":1473,"pop":52,"pointCount":7,"homeWorkCommuteMedian":11818,"workHomeCommuteMedian":11645},"geometry":{"type":"Polygon","coordinates":[[[132.99165062612036,34.39298104997736],[132.99165062612036,34.401974253614604],[133.0006438297576,34.401974253614604],[133.0006438297576,34.39298104997736],[132.99165062612036,34.39298104997736]]]}},{"type":"Feature","properties":{"jobs":290,"pop":1070,"pointCount":8,"homeWorkCommuteMedian":10416,"workHomeCommuteMedian":23430},"geometry":{"type":"Polygon","coordinates":[[[132.99165062612036,34.401974253614604],[132.99165062612036,34.41096745725185],[133.0006438297576,34.41096745725185],[133.0006438297576,34.401974253614604],[132.99165062612036,34.401974253614604]]]}},{"type":"Feature","properties":{"jobs":1,"pop":61,"pointCount":3,"homeWorkCommuteMedian":28706,"workHomeCommuteMedian":24945},"geometry":{"type":"Polygon","coordinates":[[[132.99165062612036,34.41096745725185],[132.99165062612036,34.419960660889096],[133.0006438297576,34.419960660889096],[133.0006438297576,34.41096745725185],[132.99165062612036,34.41096745725185]]]}},{"type":"Feature","properties":{"jobs":0,"pop":49,"pointCount":2,"homeWorkCommuteMedian":18375,"workHomeCommuteMedian":-1},"geometry":{"type":"Polygon","coordinates":[[[132.99165062612036,34.419960660889096],[132.99165062612036,34.42895386452634],[133.0006438297576,34.42895386452634],[133.0006438297576,34.419960660889096],[132.99165062612036,34.419960660889096]]]}},{"type":"Feature","properties":{"jobs":51,"pop":95,"pointCount":4,"homeWorkCommuteMedian":12184,"workHomeCommuteMedian":1745},"geometry":{"type":"Polygon","coordinates":[[[132.99165062612036,34.42895386452634],[132.99165062612036,34.43794706816359],[133.0006438297576,34.43794706816359],[133.0006438297576,34.42895386452634],[132.99165062612036,34.42895386452634]]]}},{"type":"Feature","properties":{"jobs":0,"pop":31,"pointCount":1,"homeWorkCommuteMedian":7876,"workHomeCommuteMedian":-1},"geometry":{"type":"Polygon","coordinates":[[[132.99165062612036,34.446940271800834],[132.99165062612036,34.45593347543808],[133.0006438297576,34.45593347543808],[133.0006438297576,34.446940271800834],[132.99165062612036,34.446940271800834]]]}},{"type":"Feature","properties":{"jobs":0,"pop":44,"pointCount":2,"homeWorkCommuteMedian":20862,"workHomeCommuteMedian":-1},"geometry":{"type":"Polygon","coordinates":[[[132.99165062612036,34.509892697261556],[132.99165062612036,34.5188859008988],[133.0006438297576,34.5188859008988],[133.0006438297576,34.509892697261556],[132.99165062612036,34.509892697261556]]]}},{"type":"Feature","properties":{"jobs":0,"pop":98,"pointCount":4,"homeWorkCommuteMedian":7070,"workHomeCommuteMedian":-1},"geometry":{"type":"Polygon","coordinates":[[[132.99165062612036,34.57284512272228],[132.99165062612036,34.581838326359524],[133.0006438297576,34.581838326359524],[133.0006438297576,34.57284512272228],[132.99165062612036,34.57284512272228]]]}},{"type":"Feature","properties":{"jobs":0,"pop":65,"pointCount":2,"homeWorkCommuteMedian":11232,"workHomeCommuteMedian":-1},"geometry":{"type":"Polygon","coordinates":[[[132.99165062612036,34.581838326359524],[132.99165062612036,34.59083152999677],[133.0006438297576,34.59083152999677],[133.0006438297576,34.581838326359524],[132.99165062612036,34.581838326359524]]]}},{"type":"Feature","properties":{"jobs":17,"pop":29,"pointCount":2,"homeWorkCommuteMedian":10372,"workHomeCommuteMedian":12007},"geometry":{"type":"Polygon","coordinates":[[[132.99165062612036,34.65378395545749],[132.99165062612036,34.66277715909474],[133.0006438297576,34.66277715909474],[133.0006438297576,34.65378395545749],[132.99165062612036,34.65378395545749]]]}},{"type":"Feature","properties":{"jobs":25,"pop":149,"pointCount":4,"homeWorkCommuteMedian":6256,"workHomeCommuteMedian":46472},"geometry":{"type":"Polygon","coordinates":[[[133.0006438297576,34.36600143906562],[133.0006438297576,34.374994642702866],[133.00963703339482,34.374994642702866],[133.00963703339482,34.36600143906562],[133.0006438297576,34.36600143906562]]]}},{"type":"Feature","properties":{"jobs":68,"pop":575,"pointCount":10,"homeWorkCommuteMedian":4882,"workHomeCommuteMedian":42809},"geometry":{"type":"Polygon","coordinates":[[[133.0006438297576,34.374994642702866],[133.0006438297576,34.38398784634011],[133.00963703339482,34.38398784634011],[133.00963703339482,34.374994642702866],[133.0006438297576,34.374994642702866]]]}},{"type":"Feature","properties":{"jobs":0,"pop":91,"pointCount":2,"homeWorkCommuteMedian":2849,"workHomeCommuteMedian":-1},"geometry":{"type":"Polygon","coordinates":[[[133.0006438297576,34.38398784634011],[133.0006438297576,34.39298104997736],[133.00963703339482,34.39298104997736],[133.00963703339482,34.38398784634011],[133.0006438297576,34.38398784634011]]]}},{"type":"Feature","properties":{"jobs":0,"pop":226,"pointCount":4,"homeWorkCommuteMedian":3562,"workHomeCommuteMedian":-1},"geometry":{"type":"Polygon","coordinates":[[[133.0006438297576,34.39298104997736],[133.0006438297576,34.401974253614604],[133.00963703339482,34.401974253614604],[133.00963703339482,34.39298104997736],[133.0006438297576,34.39298104997736]]]}},{"type":"Feature","properties":{"jobs":51,"pop":454,"pointCount":5,"homeWorkCommuteMedian":6559,"workHomeCommuteMedian":28966},"geometry":{"type":"Polygon","coordinates":[[[133.0006438297576,34.401974253614604],[133.0006438297576,34.41096745725185],[133.00963703339482,34.41096745725185],[133.00963703339482,34.401974253614604],[133.0006438297576,34.401974253614604]]]}},{"type":"Feature","properties":{"jobs":64,"pop":0,"pointCount":1,"homeWorkCommuteMedian":-1,"workHomeCommuteMedian":7912},"geometry":{"type":"Polygon","coordinates":[[[133.0006438297576,34.41096745725185],[133.0006438297576,34.419960660889096],[133.00963703339482,34.419960660889096],[133.00963703339482,34.41096745725185],[133.0006438297576,34.41096745725185]]]}},{"type":"Feature","properties":{"jobs":0,"pop":28,"pointCount":1,"homeWorkCommuteMedian":9162,"workHomeCommuteMedian":-1},"geometry":{"type":"Polygon","coordinates":[[[133.0006438297576,34.419960660889096],[133.0006438297576,34.42895386452634],[133.00963703339482,34.42895386452634],[133.00963703339482,34.419960660889096],[133.0006438297576,34.419960660889096]]]}},{"type":"Feature","properties":{"jobs":93,"pop":67,"pointCount":5,"homeWorkCommuteMedian":7318,"workHomeCommuteMedian":12411},"geometry":{"type":"Polygon","coordinates":[[[133.0006438297576,34.42895386452634],[133.0006438297576,34.43794706816359],[133.00963703339482,34.43794706816359],[133.00963703339482,34.42895386452634],[133.0006438297576,34.42895386452634]]]}},{"type":"Feature","properties":{"jobs":0,"pop":71,"pointCount":2,"homeWorkCommuteMedian":18644,"workHomeCommuteMedian":-1},"geometry":{"type":"Polygon","coordinates":[[[133.0006438297576,34.43794706816359],[133.0006438297576,34.446940271800834],[133.00963703339482,34.446940271800834],[133.00963703339482,34.43794706816359],[133.0006438297576,34.43794706816359]]]}},{"type":"Feature","properties":{"jobs":0,"pop":22,"pointCount":1,"homeWorkCommuteMedian":5698,"workHomeCommuteMedian":-1},"geometry":{"type":"Polygon","coordinates":[[[133.0006438297576,34.446940271800834],[133.0006438297576,34.45593347543808],[133.00963703339482,34.45593347543808],[133.00963703339482,34.446940271800834],[133.0006438297576,34.446940271800834]]]}},{"type":"Feature","properties":{"jobs":30,"pop":0,"pointCount":1,"homeWorkCommuteMedian":-1,"workHomeCommuteMedian":42845},"geometry":{"type":"Polygon","coordinates":[[[133.0006438297576,34.464926679075326],[133.0006438297576,34.47391988271257],[133.00963703339482,34.47391988271257],[133.00963703339482,34.464926679075326],[133.0006438297576,34.464926679075326]]]}},{"type":"Feature","properties":{"jobs":0,"pop":22,"pointCount":1,"homeWorkCommuteMedian":8396,"workHomeCommuteMedian":-1},"geometry":{"type":"Polygon","coordinates":[[[133.0006438297576,34.48291308634982],[133.0006438297576,34.491906289987064],[133.00963703339482,34.491906289987064],[133.00963703339482,34.48291308634982],[133.0006438297576,34.48291308634982]]]}},{"type":"Feature","properties":{"jobs":0,"pop":75,"pointCount":2,"homeWorkCommuteMedian":47356,"workHomeCommuteMedian":-1},"geometry":{"type":"Polygon","coordinates":[[[133.0006438297576,34.491906289987064],[133.0006438297576,34.50089949362431],[133.00963703339482,34.50089949362431],[133.00963703339482,34.491906289987064],[133.0006438297576,34.491906289987064]]]}},{"type":"Feature","properties":{"jobs":25,"pop":70,"pointCount":2,"homeWorkCommuteMedian":34396,"workHomeCommuteMedian":44862},"geometry":{"type":"Polygon","coordinates":[[[133.0006438297576,34.50089949362431],[133.0006438297576,34.509892697261556],[133.00963703339482,34.509892697261556],[133.00963703339482,34.50089949362431],[133.0006438297576,34.50089949362431]]]}},{"type":"Feature","properties":{"jobs":0,"pop":49,"pointCount":2,"homeWorkCommuteMedian":5537,"workHomeCommuteMedian":-1},"geometry":{"type":"Polygon","coordinates":[[[133.0006438297576,34.52787910453605],[133.0006438297576,34.536872308173294],[133.00963703339482,34.536872308173294],[133.00963703339482,34.52787910453605],[133.0006438297576,34.52787910453605]]]}},{"type":"Feature","properties":{"jobs":57,"pop":51,"pointCount":3,"homeWorkCommuteMedian":20271,"workHomeCommuteMedian":39796},"geometry":{"type":"Polygon","coordinates":[[[133.0006438297576,34.536872308173294],[133.0006438297576,34.54586551181054],[133.00963703339482,34.54586551181054],[133.00963703339482,34.536872308173294],[133.0006438297576,34.536872308173294]]]}},{"type":"Feature","properties":{"jobs":26,"pop":0,"pointCount":1,"homeWorkCommuteMedian":-1,"workHomeCommuteMedian":24412},"geometry":{"type":"Polygon","coordinates":[[[133.0006438297576,34.54586551181054],[133.0006438297576,34.554858715447786],[133.00963703339482,34.554858715447786],[133.00963703339482,34.54586551181054],[133.0006438297576,34.54586551181054]]]}},{"type":"Feature","properties":{"jobs":140,"pop":0,"pointCount":1,"homeWorkCommuteMedian":-1,"workHomeCommuteMedian":14345},"geometry":{"type":"Polygon","coordinates":[[[133.0006438297576,34.554858715447786],[133.0006438297576,34.56385191908503],[133.00963703339482,34.56385191908503],[133.00963703339482,34.554858715447786],[133.0006438297576,34.554858715447786]]]}},{"type":"Feature","properties":{"jobs":0,"pop":81,"pointCount":2,"homeWorkCommuteMedian":33867,"workHomeCommuteMedian":-1},"geometry":{"type":"Polygon","coordinates":[[[133.0006438297576,34.56385191908503],[133.0006438297576,34.57284512272228],[133.00963703339482,34.57284512272228],[133.00963703339482,34.56385191908503],[133.0006438297576,34.56385191908503]]]}},{"type":"Feature","properties":{"jobs":16,"pop":29,"pointCount":2,"homeWorkCommuteMedian":6891,"workHomeCommuteMedian":15927},"geometry":{"type":"Polygon","coordinates":[[[133.0006438297576,34.57284512272228],[133.0006438297576,34.581838326359524],[133.00963703339482,34.581838326359524],[133.00963703339482,34.57284512272228],[133.0006438297576,34.57284512272228]]]}},{"type":"Feature","properties":{"jobs":75,"pop":36,"pointCount":3,"homeWorkCommuteMedian":6422,"workHomeCommuteMedian":6874},"geometry":{"type":"Polygon","coordinates":[[[133.0006438297576,34.581838326359524],[133.0006438297576,34.59083152999677],[133.00963703339482,34.59083152999677],[133.00963703339482,34.581838326359524],[133.0006438297576,34.581838326359524]]]}},{"type":"Feature","properties":{"jobs":36,"pop":0,"pointCount":1,"homeWorkCommuteMedian":-1,"workHomeCommuteMedian":6380},"geometry":{"type":"Polygon","coordinates":[[[133.0006438297576,34.59083152999677],[133.0006438297576,34.599824733634016],[133.00963703339482,34.599824733634016],[133.00963703339482,34.59083152999677],[133.0006438297576,34.59083152999677]]]}},{"type":"Feature","properties":{"jobs":0,"pop":30,"pointCount":1,"homeWorkCommuteMedian":7302,"workHomeCommuteMedian":-1},"geometry":{"type":"Polygon","coordinates":[[[133.0006438297576,34.61781114090851],[133.0006438297576,34.626804344545754],[133.00963703339482,34.626804344545754],[133.00963703339482,34.61781114090851],[133.0006438297576,34.61781114090851]]]}},{"type":"Feature","properties":{"jobs":17,"pop":96,"pointCount":3,"homeWorkCommuteMedian":9614,"workHomeCommuteMedian":15591},"geometry":{"type":"Polygon","coordinates":[[[133.0006438297576,34.635797548183],[133.0006438297576,34.644790751820246],[133.00963703339482,34.644790751820246],[133.00963703339482,34.635797548183],[133.0006438297576,34.635797548183]]]}},{"type":"Feature","properties":{"jobs":16,"pop":59,"pointCount":3,"homeWorkCommuteMedian":10222,"workHomeCommuteMedian":3568},"geometry":{"type":"Polygon","coordinates":[[[133.0006438297576,34.644790751820246],[133.0006438297576,34.65378395545749],[133.00963703339482,34.65378395545749],[133.00963703339482,34.644790751820246],[133.0006438297576,34.644790751820246]]]}},{"type":"Feature","properties":{"jobs":0,"pop":54,"pointCount":2,"homeWorkCommuteMedian":12362,"workHomeCommuteMedian":-1},"geometry":{"type":"Polygon","coordinates":[[[133.00963703339482,34.330028624516636],[133.00963703339482,34.33902182815388],[133.01863023703206,34.33902182815388],[133.01863023703206,34.330028624516636],[133.00963703339482,34.330028624516636]]]}},{"type":"Feature","properties":{"jobs":5,"pop":59,"pointCount":3,"homeWorkCommuteMedian":32642,"workHomeCommuteMedian":50056},"geometry":{"type":"Polygon","coordinates":[[[133.00963703339482,34.33902182815388],[133.00963703339482,34.34801503179113],[133.01863023703206,34.34801503179113],[133.01863023703206,34.33902182815388],[133.00963703339482,34.33902182815388]]]}},{"type":"Feature","properties":{"jobs":0,"pop":86,"pointCount":1,"homeWorkCommuteMedian":17449,"workHomeCommuteMedian":-1},"geometry":{"type":"Polygon","coordinates":[[[133.00963703339482,34.34801503179113],[133.00963703339482,34.357008235428374],[133.01863023703206,34.357008235428374],[133.01863023703206,34.34801503179113],[133.00963703339482,34.34801503179113]]]}},{"type":"Feature","properties":{"jobs":99,"pop":118,"pointCount":6,"homeWorkCommuteMedian":7168,"workHomeCommuteMedian":9943},"geometry":{"type":"Polygon","coordinates":[[[133.00963703339482,34.374994642702866],[133.00963703339482,34.38398784634011],[133.01863023703206,34.38398784634011],[133.01863023703206,34.374994642702866],[133.00963703339482,34.374994642702866]]]}},{"type":"Feature","properties":{"jobs":39,"pop":637,"pointCount":8,"homeWorkCommuteMedian":6064,"workHomeCommuteMedian":7201},"geometry":{"type":"Polygon","coordinates":[[[133.00963703339482,34.38398784634011],[133.00963703339482,34.39298104997736],[133.01863023703206,34.39298104997736],[133.01863023703206,34.38398784634011],[133.00963703339482,34.38398784634011]]]}},{"type":"Feature","properties":{"jobs":192,"pop":228,"pointCount":8,"homeWorkCommuteMedian":7517,"workHomeCommuteMedian":5893},"geometry":{"type":"Polygon","coordinates":[[[133.00963703339482,34.39298104997736],[133.00963703339482,34.401974253614604],[133.01863023703206,34.401974253614604],[133.01863023703206,34.39298104997736],[133.00963703339482,34.39298104997736]]]}},{"type":"Feature","properties":{"jobs":333,"pop":216,"pointCount":4,"homeWorkCommuteMedian":31215,"workHomeCommuteMedian":6696},"geometry":{"type":"Polygon","coordinates":[[[133.00963703339482,34.401974253614604],[133.00963703339482,34.41096745725185],[133.01863023703206,34.41096745725185],[133.01863023703206,34.401974253614604],[133.00963703339482,34.401974253614604]]]}},{"type":"Feature","properties":{"jobs":64,"pop":381,"pointCount":7,"homeWorkCommuteMedian":6138,"workHomeCommuteMedian":7500},"geometry":{"type":"Polygon","coordinates":[[[133.00963703339482,34.41096745725185],[133.00963703339482,34.419960660889096],[133.01863023703206,34.419960660889096],[133.01863023703206,34.41096745725185],[133.00963703339482,34.41096745725185]]]}},{"type":"Feature","properties":{"jobs":0,"pop":141,"pointCount":3,"homeWorkCommuteMedian":7153,"workHomeCommuteMedian":-1},"geometry":{"type":"Polygon","coordinates":[[[133.00963703339482,34.419960660889096],[133.00963703339482,34.42895386452634],[133.01863023703206,34.42895386452634],[133.01863023703206,34.419960660889096],[133.00963703339482,34.419960660889096]]]}},{"type":"Feature","properties":{"jobs":41,"pop":79,"pointCount":1,"homeWorkCommuteMedian":5474,"workHomeCommuteMedian":7502},"geometry":{"type":"Polygon","coordinates":[[[133.00963703339482,34.42895386452634],[133.00963703339482,34.43794706816359],[133.01863023703206,34.43794706816359],[133.01863023703206,34.42895386452634],[133.00963703339482,34.42895386452634]]]}},{"type":"Feature","properties":{"jobs":0,"pop":16,"pointCount":1,"homeWorkCommuteMedian":10979,"workHomeCommuteMedian":-1},"geometry":{"type":"Polygon","coordinates":[[[133.00963703339482,34.464926679075326],[133.00963703339482,34.47391988271257],[133.01863023703206,34.47391988271257],[133.01863023703206,34.464926679075326],[133.00963703339482,34.464926679075326]]]}},{"type":"Feature","properties":{"jobs":18,"pop":31,"pointCount":2,"homeWorkCommuteMedian":18381,"workHomeCommuteMedian":42032},"geometry":{"type":"Polygon","coordinates":[[[133.00963703339482,34.47391988271257],[133.00963703339482,34.48291308634982],[133.01863023703206,34.48291308634982],[133.01863023703206,34.47391988271257],[133.00963703339482,34.47391988271257]]]}},{"type":"Feature","properties":{"jobs":0,"pop":107,"pointCount":2,"homeWorkCommuteMedian":4651,"workHomeCommuteMedian":-1},"geometry":{"type":"Polygon","coordinates":[[[133.00963703339482,34.48291308634982],[133.00963703339482,34.491906289987064],[133.01863023703206,34.491906289987064],[133.01863023703206,34.48291308634982],[133.00963703339482,34.48291308634982]]]}},{"type":"Feature","properties":{"jobs":0,"pop":108,"pointCount":3,"homeWorkCommuteMedian":5649,"workHomeCommuteMedian":-1},"geometry":{"type":"Polygon","coordinates":[[[133.00963703339482,34.491906289987064],[133.00963703339482,34.50089949362431],[133.01863023703206,34.50089949362431],[133.01863023703206,34.491906289987064],[133.00963703339482,34.491906289987064]]]}},{"type":"Feature","properties":{"jobs":109,"pop":156,"pointCount":6,"homeWorkCommuteMedian":18967,"workHomeCommuteMedian":17193},"geometry":{"type":"Polygon","coordinates":[[[133.00963703339482,34.50089949362431],[133.00963703339482,34.509892697261556],[133.01863023703206,34.509892697261556],[133.01863023703206,34.50089949362431],[133.00963703339482,34.50089949362431]]]}},{"type":"Feature","properties":{"jobs":0,"pop":46,"pointCount":2,"homeWorkCommuteMedian":23134,"workHomeCommuteMedian":-1},"geometry":{"type":"Polygon","coordinates":[[[133.00963703339482,34.52787910453605],[133.00963703339482,34.536872308173294],[133.01863023703206,34.536872308173294],[133.01863023703206,34.52787910453605],[133.00963703339482,34.52787910453605]]]}},{"type":"Feature","properties":{"jobs":34,"pop":0,"pointCount":1,"homeWorkCommuteMedian":-1,"workHomeCommuteMedian":26649},"geometry":{"type":"Polygon","coordinates":[[[133.00963703339482,34.536872308173294],[133.00963703339482,34.54586551181054],[133.01863023703206,34.54586551181054],[133.01863023703206,34.536872308173294],[133.00963703339482,34.536872308173294]]]}},{"type":"Feature","properties":{"jobs":40,"pop":35,"pointCount":1,"homeWorkCommuteMedian":6355,"workHomeCommuteMedian":38622},"geometry":{"type":"Polygon","coordinates":[[[133.00963703339482,34.554858715447786],[133.00963703339482,34.56385191908503],[133.01863023703206,34.56385191908503],[133.01863023703206,34.554858715447786],[133.00963703339482,34.554858715447786]]]}},{"type":"Feature","properties":{"jobs":0,"pop":114,"pointCount":1,"homeWorkCommuteMedian":4347,"workHomeCommuteMedian":-1},"geometry":{"type":"Polygon","coordinates":[[[133.00963703339482,34.57284512272228],[133.00963703339482,34.581838326359524],[133.01863023703206,34.581838326359524],[133.01863023703206,34.57284512272228],[133.00963703339482,34.57284512272228]]]}},{"type":"Feature","properties":{"jobs":96,"pop":95,"pointCount":4,"homeWorkCommuteMedian":4165,"workHomeCommuteMedian":11595},"geometry":{"type":"Polygon","coordinates":[[[133.00963703339482,34.581838326359524],[133.00963703339482,34.59083152999677],[133.01863023703206,34.59083152999677],[133.01863023703206,34.581838326359524],[133.00963703339482,34.581838326359524]]]}},{"type":"Feature","properties":{"jobs":36,"pop":37,"pointCount":3,"homeWorkCommuteMedian":4602,"workHomeCommuteMedian":3254},"geometry":{"type":"Polygon","coordinates":[[[133.00963703339482,34.59083152999677],[133.00963703339482,34.599824733634016],[133.01863023703206,34.599824733634016],[133.01863023703206,34.59083152999677],[133.00963703339482,34.59083152999677]]]}},{"type":"Feature","properties":{"jobs":16,"pop":33,"pointCount":3,"homeWorkCommuteMedian":4584,"workHomeCommuteMedian":8199},"geometry":{"type":"Polygon","coordinates":[[[133.00963703339482,34.599824733634016],[133.00963703339482,34.60881793727126],[133.01863023703206,34.60881793727126],[133.01863023703206,34.599824733634016],[133.00963703339482,34.599824733634016]]]}},{"type":"Feature","properties":{"jobs":21,"pop":0,"pointCount":1,"homeWorkCommuteMedian":-1,"workHomeCommuteMedian":13703},"geometry":{"type":"Polygon","coordinates":[[[133.00963703339482,34.61781114090851],[133.00963703339482,34.626804344545754],[133.01863023703206,34.626804344545754],[133.01863023703206,34.61781114090851],[133.00963703339482,34.61781114090851]]]}},{"type":"Feature","properties":{"jobs":0,"pop":28,"pointCount":1,"homeWorkCommuteMedian":12253,"workHomeCommuteMedian":-1},"geometry":{"type":"Polygon","coordinates":[[[133.00963703339482,34.65378395545749],[133.00963703339482,34.66277715909474],[133.01863023703206,34.66277715909474],[133.01863023703206,34.65378395545749],[133.00963703339482,34.65378395545749]]]}},{"type":"Feature","properties":{"jobs":0,"pop":16,"pointCount":1,"homeWorkCommuteMedian":12616,"workHomeCommuteMedian":-1},"geometry":{"type":"Polygon","coordinates":[[[133.00963703339482,34.66277715909474],[133.00963703339482,34.67177036273198],[133.01863023703206,34.67177036273198],[133.01863023703206,34.66277715909474],[133.00963703339482,34.66277715909474]]]}},{"type":"Feature","properties":{"jobs":21,"pop":24,"pointCount":1,"homeWorkCommuteMedian":14475,"workHomeCommuteMedian":41302},"geometry":{"type":"Polygon","coordinates":[[[133.01863023703206,34.330028624516636],[133.01863023703206,34.33902182815388],[133.0276234406693,34.33902182815388],[133.0276234406693,34.330028624516636],[133.01863023703206,34.330028624516636]]]}},{"type":"Feature","properties":{"jobs":0,"pop":19,"pointCount":1,"homeWorkCommuteMedian":10320,"workHomeCommuteMedian":-1},"geometry":{"type":"Polygon","coordinates":[[[133.01863023703206,34.34801503179113],[133.01863023703206,34.357008235428374],[133.0276234406693,34.357008235428374],[133.0276234406693,34.34801503179113],[133.01863023703206,34.34801503179113]]]}},{"type":"Feature","properties":{"jobs":0,"pop":433,"pointCount":4,"homeWorkCommuteMedian":6334,"workHomeCommuteMedian":-1},"geometry":{"type":"Polygon","coordinates":[[[133.01863023703206,34.36600143906562],[133.01863023703206,34.374994642702866],[133.0276234406693,34.374994642702866],[133.0276234406693,34.36600143906562],[133.01863023703206,34.36600143906562]]]}},{"type":"Feature","properties":{"jobs":65,"pop":425,"pointCount":6,"homeWorkCommuteMedian":7502,"workHomeCommuteMedian":3712},"geometry":{"type":"Polygon","coordinates":[[[133.01863023703206,34.374994642702866],[133.01863023703206,34.38398784634011],[133.0276234406693,34.38398784634011],[133.0276234406693,34.374994642702866],[133.01863023703206,34.374994642702866]]]}},{"type":"Feature","properties":{"jobs":734,"pop":203,"pointCount":9,"homeWorkCommuteMedian":8547,"workHomeCommuteMedian":3833},"geometry":{"type":"Polygon","coordinates":[[[133.01863023703206,34.38398784634011],[133.01863023703206,34.39298104997736],[133.0276234406693,34.39298104997736],[133.0276234406693,34.38398784634011],[133.01863023703206,34.38398784634011]]]}},{"type":"Feature","properties":{"jobs":29,"pop":198,"pointCount":8,"homeWorkCommuteMedian":7810,"workHomeCommuteMedian":49181},"geometry":{"type":"Polygon","coordinates":[[[133.01863023703206,34.39298104997736],[133.01863023703206,34.401974253614604],[133.0276234406693,34.401974253614604],[133.0276234406693,34.39298104997736],[133.01863023703206,34.39298104997736]]]}},{"type":"Feature","properties":{"jobs":32,"pop":0,"pointCount":1,"homeWorkCommuteMedian":-1,"workHomeCommuteMedian":937},"geometry":{"type":"Polygon","coordinates":[[[133.01863023703206,34.401974253614604],[133.01863023703206,34.41096745725185],[133.0276234406693,34.41096745725185],[133.0276234406693,34.401974253614604],[133.01863023703206,34.401974253614604]]]}},{"type":"Feature","properties":{"jobs":111,"pop":34,"pointCount":3,"homeWorkCommuteMedian":9792,"workHomeCommuteMedian":1892},"geometry":{"type":"Polygon","coordinates":[[[133.01863023703206,34.41096745725185],[133.01863023703206,34.419960660889096],[133.0276234406693,34.419960660889096],[133.0276234406693,34.41096745725185],[133.01863023703206,34.41096745725185]]]}},{"type":"Feature","properties":{"jobs":0,"pop":92,"pointCount":2,"homeWorkCommuteMedian":7100,"workHomeCommuteMedian":-1},"geometry":{"type":"Polygon","coordinates":[[[133.01863023703206,34.419960660889096],[133.01863023703206,34.42895386452634],[133.0276234406693,34.42895386452634],[133.0276234406693,34.419960660889096],[133.01863023703206,34.419960660889096]]]}},{"type":"Feature","properties":{"jobs":20,"pop":0,"pointCount":1,"homeWorkCommuteMedian":-1,"workHomeCommuteMedian":13088},"geometry":{"type":"Polygon","coordinates":[[[133.01863023703206,34.446940271800834],[133.01863023703206,34.45593347543808],[133.0276234406693,34.45593347543808],[133.0276234406693,34.446940271800834],[133.01863023703206,34.446940271800834]]]}},{"type":"Feature","properties":{"jobs":9,"pop":47,"pointCount":1,"homeWorkCommuteMedian":10154,"workHomeCommuteMedian":15509},"geometry":{"type":"Polygon","coordinates":[[[133.01863023703206,34.47391988271257],[133.01863023703206,34.48291308634982],[133.0276234406693,34.48291308634982],[133.0276234406693,34.47391988271257],[133.01863023703206,34.47391988271257]]]}},{"type":"Feature","properties":{"jobs":0,"pop":24,"pointCount":1,"homeWorkCommuteMedian":6040,"workHomeCommuteMedian":-1},"geometry":{"type":"Polygon","coordinates":[[[133.01863023703206,34.48291308634982],[133.01863023703206,34.491906289987064],[133.0276234406693,34.491906289987064],[133.0276234406693,34.48291308634982],[133.01863023703206,34.48291308634982]]]}},{"type":"Feature","properties":{"jobs":56,"pop":0,"pointCount":2,"homeWorkCommuteMedian":-1,"workHomeCommuteMedian":20184},"geometry":{"type":"Polygon","coordinates":[[[133.01863023703206,34.491906289987064],[133.01863023703206,34.50089949362431],[133.0276234406693,34.50089949362431],[133.0276234406693,34.491906289987064],[133.01863023703206,34.491906289987064]]]}},{"type":"Feature","properties":{"jobs":18,"pop":32,"pointCount":2,"homeWorkCommuteMedian":16321,"workHomeCommuteMedian":645},"geometry":{"type":"Polygon","coordinates":[[[133.01863023703206,34.50089949362431],[133.01863023703206,34.509892697261556],[133.0276234406693,34.509892697261556],[133.0276234406693,34.50089949362431],[133.01863023703206,34.50089949362431]]]}},{"type":"Feature","properties":{"jobs":43,"pop":77,"pointCount":4,"homeWorkCommuteMedian":19082,"workHomeCommuteMedian":21307},"geometry":{"type":"Polygon","coordinates":[[[133.01863023703206,34.509892697261556],[133.01863023703206,34.5188859008988],[133.0276234406693,34.5188859008988],[133.0276234406693,34.509892697261556],[133.01863023703206,34.509892697261556]]]}},{"type":"Feature","properties":{"jobs":0,"pop":63,"pointCount":2,"homeWorkCommuteMedian":24787,"workHomeCommuteMedian":-1},"geometry":{"type":"Polygon","coordinates":[[[133.01863023703206,34.52787910453605],[133.01863023703206,34.536872308173294],[133.0276234406693,34.536872308173294],[133.0276234406693,34.52787910453605],[133.01863023703206,34.52787910453605]]]}},{"type":"Feature","properties":{"jobs":23,"pop":27,"pointCount":1,"homeWorkCommuteMedian":24814,"workHomeCommuteMedian":43427},"geometry":{"type":"Polygon","coordinates":[[[133.01863023703206,34.536872308173294],[133.01863023703206,34.54586551181054],[133.0276234406693,34.54586551181054],[133.0276234406693,34.536872308173294],[133.01863023703206,34.536872308173294]]]}},{"type":"Feature","properties":{"jobs":0,"pop":35,"pointCount":1,"homeWorkCommuteMedian":4534,"workHomeCommuteMedian":-1},"geometry":{"type":"Polygon","coordinates":[[[133.01863023703206,34.54586551181054],[133.01863023703206,34.554858715447786],[133.0276234406693,34.554858715447786],[133.0276234406693,34.54586551181054],[133.01863023703206,34.54586551181054]]]}},{"type":"Feature","properties":{"jobs":83,"pop":57,"pointCount":4,"homeWorkCommuteMedian":5687,"workHomeCommuteMedian":21787},"geometry":{"type":"Polygon","coordinates":[[[133.01863023703206,34.554858715447786],[133.01863023703206,34.56385191908503],[133.0276234406693,34.56385191908503],[133.0276234406693,34.554858715447786],[133.01863023703206,34.554858715447786]]]}},{"type":"Feature","properties":{"jobs":6,"pop":18,"pointCount":1,"homeWorkCommuteMedian":3440,"workHomeCommuteMedian":3799},"geometry":{"type":"Polygon","coordinates":[[[133.01863023703206,34.56385191908503],[133.01863023703206,34.57284512272228],[133.0276234406693,34.57284512272228],[133.0276234406693,34.56385191908503],[133.01863023703206,34.56385191908503]]]}},{"type":"Feature","properties":{"jobs":0,"pop":27,"pointCount":1,"homeWorkCommuteMedian":5975,"workHomeCommuteMedian":-1},"geometry":{"type":"Polygon","coordinates":[[[133.01863023703206,34.57284512272228],[133.01863023703206,34.581838326359524],[133.0276234406693,34.581838326359524],[133.0276234406693,34.57284512272228],[133.01863023703206,34.57284512272228]]]}},{"type":"Feature","properties":{"jobs":1,"pop":50,"pointCount":3,"homeWorkCommuteMedian":1630,"workHomeCommuteMedian":221},"geometry":{"type":"Polygon","coordinates":[[[133.01863023703206,34.581838326359524],[133.01863023703206,34.59083152999677],[133.0276234406693,34.59083152999677],[133.0276234406693,34.581838326359524],[133.01863023703206,34.581838326359524]]]}},{"type":"Feature","properties":{"jobs":0,"pop":18,"pointCount":1,"homeWorkCommuteMedian":11910,"workHomeCommuteMedian":-1},"geometry":{"type":"Polygon","coordinates":[[[133.01863023703206,34.59083152999677],[133.01863023703206,34.599824733634016],[133.0276234406693,34.599824733634016],[133.0276234406693,34.59083152999677],[133.01863023703206,34.59083152999677]]]}},{"type":"Feature","properties":{"jobs":0,"pop":54,"pointCount":2,"homeWorkCommuteMedian":4377,"workHomeCommuteMedian":-1},"geometry":{"type":"Polygon","coordinates":[[[133.01863023703206,34.599824733634016],[133.01863023703206,34.60881793727126],[133.0276234406693,34.60881793727126],[133.0276234406693,34.599824733634016],[133.01863023703206,34.599824733634016]]]}},{"type":"Feature","properties":{"jobs":0,"pop":19,"pointCount":1,"homeWorkCommuteMedian":5002,"workHomeCommuteMedian":-1},"geometry":{"type":"Polygon","coordinates":[[[133.01863023703206,34.60881793727126],[133.01863023703206,34.61781114090851],[133.0276234406693,34.61781114090851],[133.0276234406693,34.60881793727126],[133.01863023703206,34.60881793727126]]]}},{"type":"Feature","properties":{"jobs":96,"pop":30,"pointCount":2,"homeWorkCommuteMedian":22197,"workHomeCommuteMedian":11038},"geometry":{"type":"Polygon","coordinates":[[[133.01863023703206,34.61781114090851],[133.01863023703206,34.626804344545754],[133.0276234406693,34.626804344545754],[133.0276234406693,34.61781114090851],[133.01863023703206,34.61781114090851]]]}},{"type":"Feature","properties":{"jobs":109,"pop":23,"pointCount":4,"homeWorkCommuteMedian":6335,"workHomeCommuteMedian":6460},"geometry":{"type":"Polygon","coordinates":[[[133.01863023703206,34.626804344545754],[133.01863023703206,34.635797548183],[133.0276234406693,34.635797548183],[133.0276234406693,34.626804344545754],[133.01863023703206,34.626804344545754]]]}},{"type":"Feature","properties":{"jobs":17,"pop":83,"pointCount":3,"homeWorkCommuteMedian":6936,"workHomeCommuteMedian":34921},"geometry":{"type":"Polygon","coordinates":[[[133.01863023703206,34.635797548183],[133.01863023703206,34.644790751820246],[133.0276234406693,34.644790751820246],[133.0276234406693,34.635797548183],[133.01863023703206,34.635797548183]]]}},{"type":"Feature","properties":{"jobs":0,"pop":22,"pointCount":1,"homeWorkCommuteMedian":4202,"workHomeCommuteMedian":-1},"geometry":{"type":"Polygon","coordinates":[[[133.01863023703206,34.644790751820246],[133.01863023703206,34.65378395545749],[133.0276234406693,34.65378395545749],[133.0276234406693,34.644790751820246],[133.01863023703206,34.644790751820246]]]}},{"type":"Feature","properties":{"jobs":86,"pop":282,"pointCount":6,"homeWorkCommuteMedian":13615,"workHomeCommuteMedian":7526},"geometry":{"type":"Polygon","coordinates":[[[133.0276234406693,34.330028624516636],[133.0276234406693,34.33902182815388],[133.03661664430652,34.33902182815388],[133.03661664430652,34.330028624516636],[133.0276234406693,34.330028624516636]]]}},{"type":"Feature","properties":{"jobs":271,"pop":173,"pointCount":6,"homeWorkCommuteMedian":12412,"workHomeCommuteMedian":3643},"geometry":{"type":"Polygon","coordinates":[[[133.0276234406693,34.33902182815388],[133.0276234406693,34.34801503179113],[133.03661664430652,34.34801503179113],[133.03661664430652,34.33902182815388],[133.0276234406693,34.33902182815388]]]}},{"type":"Feature","properties":{"jobs":0,"pop":22,"pointCount":1,"homeWorkCommuteMedian":12438,"workHomeCommuteMedian":-1},"geometry":{"type":"Polygon","coordinates":[[[133.0276234406693,34.34801503179113],[133.0276234406693,34.357008235428374],[133.03661664430652,34.357008235428374],[133.03661664430652,34.34801503179113],[133.0276234406693,34.34801503179113]]]}},{"type":"Feature","properties":{"jobs":0,"pop":118,"pointCount":4,"homeWorkCommuteMedian":5727,"workHomeCommuteMedian":-1},"geometry":{"type":"Polygon","coordinates":[[[133.0276234406693,34.36600143906562],[133.0276234406693,34.374994642702866],[133.03661664430652,34.374994642702866],[133.03661664430652,34.36600143906562],[133.0276234406693,34.36600143906562]]]}},{"type":"Feature","properties":{"jobs":27,"pop":228,"pointCount":6,"homeWorkCommuteMedian":6158,"workHomeCommuteMedian":2385},"geometry":{"type":"Polygon","coordinates":[[[133.0276234406693,34.374994642702866],[133.0276234406693,34.38398784634011],[133.03661664430652,34.38398784634011],[133.03661664430652,34.374994642702866],[133.0276234406693,34.374994642702866]]]}},{"type":"Feature","properties":{"jobs":52,"pop":138,"pointCount":4,"homeWorkCommuteMedian":4961,"workHomeCommuteMedian":3060},"geometry":{"type":"Polygon","coordinates":[[[133.0276234406693,34.38398784634011],[133.0276234406693,34.39298104997736],[133.03661664430652,34.39298104997736],[133.03661664430652,34.38398784634011],[133.0276234406693,34.38398784634011]]]}},{"type":"Feature","properties":{"jobs":103,"pop":193,"pointCount":7,"homeWorkCommuteMedian":9575,"workHomeCommuteMedian":33472},"geometry":{"type":"Polygon","coordinates":[[[133.0276234406693,34.39298104997736],[133.0276234406693,34.401974253614604],[133.03661664430652,34.401974253614604],[133.03661664430652,34.39298104997736],[133.0276234406693,34.39298104997736]]]}},{"type":"Feature","properties":{"jobs":0,"pop":49,"pointCount":1,"homeWorkCommuteMedian":3221,"workHomeCommuteMedian":-1},"geometry":{"type":"Polygon","coordinates":[[[133.0276234406693,34.401974253614604],[133.0276234406693,34.41096745725185],[133.03661664430652,34.41096745725185],[133.03661664430652,34.401974253614604],[133.0276234406693,34.401974253614604]]]}},{"type":"Feature","properties":{"jobs":41,"pop":0,"pointCount":1,"homeWorkCommuteMedian":-1,"workHomeCommuteMedian":35610},"geometry":{"type":"Polygon","coordinates":[[[133.0276234406693,34.41096745725185],[133.0276234406693,34.419960660889096],[133.03661664430652,34.419960660889096],[133.03661664430652,34.41096745725185],[133.0276234406693,34.41096745725185]]]}},{"type":"Feature","properties":{"jobs":32,"pop":61,"pointCount":3,"homeWorkCommuteMedian":16458,"workHomeCommuteMedian":41637},"geometry":{"type":"Polygon","coordinates":[[[133.0276234406693,34.47391988271257],[133.0276234406693,34.48291308634982],[133.03661664430652,34.48291308634982],[133.03661664430652,34.47391988271257],[133.0276234406693,34.47391988271257]]]}},{"type":"Feature","properties":{"jobs":49,"pop":99,"pointCount":3,"homeWorkCommuteMedian":28307,"workHomeCommuteMedian":16296},"geometry":{"type":"Polygon","coordinates":[[[133.0276234406693,34.48291308634982],[133.0276234406693,34.491906289987064],[133.03661664430652,34.491906289987064],[133.03661664430652,34.48291308634982],[133.0276234406693,34.48291308634982]]]}},{"type":"Feature","properties":{"jobs":54,"pop":98,"pointCount":3,"homeWorkCommuteMedian":17814,"workHomeCommuteMedian":33280},"geometry":{"type":"Polygon","coordinates":[[[133.0276234406693,34.491906289987064],[133.0276234406693,34.50089949362431],[133.03661664430652,34.50089949362431],[133.03661664430652,34.491906289987064],[133.0276234406693,34.491906289987064]]]}},{"type":"Feature","properties":{"jobs":107,"pop":85,"pointCount":3,"homeWorkCommuteMedian":2695,"workHomeCommuteMedian":5537},"geometry":{"type":"Polygon","coordinates":[[[133.0276234406693,34.509892697261556],[133.0276234406693,34.5188859008988],[133.03661664430652,34.5188859008988],[133.03661664430652,34.509892697261556],[133.0276234406693,34.509892697261556]]]}},{"type":"Feature","properties":{"jobs":102,"pop":52,"pointCount":4,"homeWorkCommuteMedian":41984,"workHomeCommuteMedian":18903},"geometry":{"type":"Polygon","coordinates":[[[133.0276234406693,34.5188859008988],[133.0276234406693,34.52787910453605],[133.03661664430652,34.52787910453605],[133.03661664430652,34.5188859008988],[133.0276234406693,34.5188859008988]]]}},{"type":"Feature","properties":{"jobs":220,"pop":110,"pointCount":3,"homeWorkCommuteMedian":19962,"workHomeCommuteMedian":5640},"geometry":{"type":"Polygon","coordinates":[[[133.0276234406693,34.52787910453605],[133.0276234406693,34.536872308173294],[133.03661664430652,34.536872308173294],[133.03661664430652,34.52787910453605],[133.0276234406693,34.52787910453605]]]}},{"type":"Feature","properties":{"jobs":81,"pop":208,"pointCount":4,"homeWorkCommuteMedian":20281,"workHomeCommuteMedian":45165},"geometry":{"type":"Polygon","coordinates":[[[133.0276234406693,34.536872308173294],[133.0276234406693,34.54586551181054],[133.03661664430652,34.54586551181054],[133.03661664430652,34.536872308173294],[133.0276234406693,34.536872308173294]]]}},{"type":"Feature","properties":{"jobs":58,"pop":59,"pointCount":3,"homeWorkCommuteMedian":2974,"workHomeCommuteMedian":23487},"geometry":{"type":"Polygon","coordinates":[[[133.0276234406693,34.54586551181054],[133.0276234406693,34.554858715447786],[133.03661664430652,34.554858715447786],[133.03661664430652,34.54586551181054],[133.0276234406693,34.54586551181054]]]}},{"type":"Feature","properties":{"jobs":0,"pop":38,"pointCount":2,"homeWorkCommuteMedian":3672,"workHomeCommuteMedian":-1},"geometry":{"type":"Polygon","coordinates":[[[133.0276234406693,34.56385191908503],[133.0276234406693,34.57284512272228],[133.03661664430652,34.57284512272228],[133.03661664430652,34.56385191908503],[133.0276234406693,34.56385191908503]]]}},{"type":"Feature","properties":{"jobs":4,"pop":69,"pointCount":3,"homeWorkCommuteMedian":3460,"workHomeCommuteMedian":1606},"geometry":{"type":"Polygon","coordinates":[[[133.0276234406693,34.57284512272228],[133.0276234406693,34.581838326359524],[133.03661664430652,34.581838326359524],[133.03661664430652,34.57284512272228],[133.0276234406693,34.57284512272228]]]}},{"type":"Feature","properties":{"jobs":4,"pop":375,"pointCount":6,"homeWorkCommuteMedian":9938,"workHomeCommuteMedian":2591},"geometry":{"type":"Polygon","coordinates":[[[133.0276234406693,34.581838326359524],[133.0276234406693,34.59083152999677],[133.03661664430652,34.59083152999677],[133.03661664430652,34.581838326359524],[133.0276234406693,34.581838326359524]]]}},{"type":"Feature","properties":{"jobs":0,"pop":36,"pointCount":1,"homeWorkCommuteMedian":41484,"workHomeCommuteMedian":-1},"geometry":{"type":"Polygon","coordinates":[[[133.0276234406693,34.60881793727126],[133.0276234406693,34.61781114090851],[133.03661664430652,34.61781114090851],[133.03661664430652,34.60881793727126],[133.0276234406693,34.60881793727126]]]}},{"type":"Feature","properties":{"jobs":0,"pop":81,"pointCount":2,"homeWorkCommuteMedian":25598,"workHomeCommuteMedian":-1},"geometry":{"type":"Polygon","coordinates":[[[133.0276234406693,34.61781114090851],[133.0276234406693,34.626804344545754],[133.03661664430652,34.626804344545754],[133.03661664430652,34.61781114090851],[133.0276234406693,34.61781114090851]]]}},{"type":"Feature","properties":{"jobs":16,"pop":0,"pointCount":1,"homeWorkCommuteMedian":-1,"workHomeCommuteMedian":8565},"geometry":{"type":"Polygon","coordinates":[[[133.0276234406693,34.626804344545754],[133.0276234406693,34.635797548183],[133.03661664430652,34.635797548183],[133.03661664430652,34.626804344545754],[133.0276234406693,34.626804344545754]]]}},{"type":"Feature","properties":{"jobs":1004,"pop":286,"pointCount":5,"homeWorkCommuteMedian":10603,"workHomeCommuteMedian":12924},"geometry":{"type":"Polygon","coordinates":[[[133.03661664430652,34.330028624516636],[133.03661664430652,34.33902182815388],[133.04560984794375,34.33902182815388],[133.04560984794375,34.330028624516636],[133.03661664430652,34.330028624516636]]]}},{"type":"Feature","properties":{"jobs":54,"pop":525,"pointCount":2,"homeWorkCommuteMedian":12853,"workHomeCommuteMedian":11866},"geometry":{"type":"Polygon","coordinates":[[[133.03661664430652,34.33902182815388],[133.03661664430652,34.34801503179113],[133.04560984794375,34.34801503179113],[133.04560984794375,34.33902182815388],[133.03661664430652,34.33902182815388]]]}},{"type":"Feature","properties":{"jobs":0,"pop":30,"pointCount":1,"homeWorkCommuteMedian":26910,"workHomeCommuteMedian":-1},"geometry":{"type":"Polygon","coordinates":[[[133.03661664430652,34.34801503179113],[133.03661664430652,34.357008235428374],[133.04560984794375,34.357008235428374],[133.04560984794375,34.34801503179113],[133.03661664430652,34.34801503179113]]]}},{"type":"Feature","properties":{"jobs":14,"pop":0,"pointCount":1,"homeWorkCommuteMedian":-1,"workHomeCommuteMedian":811},"geometry":{"type":"Polygon","coordinates":[[[133.03661664430652,34.36600143906562],[133.03661664430652,34.374994642702866],[133.04560984794375,34.374994642702866],[133.04560984794375,34.36600143906562],[133.03661664430652,34.36600143906562]]]}},{"type":"Feature","properties":{"jobs":48,"pop":624,"pointCount":5,"homeWorkCommuteMedian":3968,"workHomeCommuteMedian":2310},"geometry":{"type":"Polygon","coordinates":[[[133.03661664430652,34.374994642702866],[133.03661664430652,34.38398784634011],[133.04560984794375,34.38398784634011],[133.04560984794375,34.374994642702866],[133.03661664430652,34.374994642702866]]]}},{"type":"Feature","properties":{"jobs":327,"pop":108,"pointCount":5,"homeWorkCommuteMedian":9162,"workHomeCommuteMedian":8732},"geometry":{"type":"Polygon","coordinates":[[[133.03661664430652,34.38398784634011],[133.03661664430652,34.39298104997736],[133.04560984794375,34.39298104997736],[133.04560984794375,34.38398784634011],[133.03661664430652,34.38398784634011]]]}},{"type":"Feature","properties":{"jobs":518,"pop":124,"pointCount":5,"homeWorkCommuteMedian":23487,"workHomeCommuteMedian":5218},"geometry":{"type":"Polygon","coordinates":[[[133.03661664430652,34.39298104997736],[133.03661664430652,34.401974253614604],[133.04560984794375,34.401974253614604],[133.04560984794375,34.39298104997736],[133.03661664430652,34.39298104997736]]]}},{"type":"Feature","properties":{"jobs":122,"pop":52,"pointCount":3,"homeWorkCommuteMedian":3833,"workHomeCommuteMedian":3221},"geometry":{"type":"Polygon","coordinates":[[[133.03661664430652,34.401974253614604],[133.03661664430652,34.41096745725185],[133.04560984794375,34.41096745725185],[133.04560984794375,34.401974253614604],[133.03661664430652,34.401974253614604]]]}},{"type":"Feature","properties":{"jobs":0,"pop":47,"pointCount":2,"homeWorkCommuteMedian":5006,"workHomeCommuteMedian":-1},"geometry":{"type":"Polygon","coordinates":[[[133.03661664430652,34.41096745725185],[133.03661664430652,34.419960660889096],[133.04560984794375,34.419960660889096],[133.04560984794375,34.41096745725185],[133.03661664430652,34.41096745725185]]]}},{"type":"Feature","properties":{"jobs":0,"pop":58,"pointCount":1,"homeWorkCommuteMedian":8527,"workHomeCommuteMedian":-1},"geometry":{"type":"Polygon","coordinates":[[[133.03661664430652,34.47391988271257],[133.03661664430652,34.48291308634982],[133.04560984794375,34.48291308634982],[133.04560984794375,34.47391988271257],[133.03661664430652,34.47391988271257]]]}},{"type":"Feature","properties":{"jobs":0,"pop":15,"pointCount":1,"homeWorkCommuteMedian":15668,"workHomeCommuteMedian":-1},"geometry":{"type":"Polygon","coordinates":[[[133.03661664430652,34.48291308634982],[133.03661664430652,34.491906289987064],[133.04560984794375,34.491906289987064],[133.04560984794375,34.48291308634982],[133.03661664430652,34.48291308634982]]]}},{"type":"Feature","properties":{"jobs":0,"pop":39,"pointCount":2,"homeWorkCommuteMedian":14658,"workHomeCommuteMedian":-1},"geometry":{"type":"Polygon","coordinates":[[[133.03661664430652,34.491906289987064],[133.03661664430652,34.50089949362431],[133.04560984794375,34.50089949362431],[133.04560984794375,34.491906289987064],[133.03661664430652,34.491906289987064]]]}},{"type":"Feature","properties":{"jobs":150,"pop":0,"pointCount":1,"homeWorkCommuteMedian":-1,"workHomeCommuteMedian":18377},"geometry":{"type":"Polygon","coordinates":[[[133.03661664430652,34.50089949362431],[133.03661664430652,34.509892697261556],[133.04560984794375,34.509892697261556],[133.04560984794375,34.50089949362431],[133.03661664430652,34.50089949362431]]]}},{"type":"Feature","properties":{"jobs":36,"pop":0,"pointCount":1,"homeWorkCommuteMedian":-1,"workHomeCommuteMedian":39827},"geometry":{"type":"Polygon","coordinates":[[[133.03661664430652,34.5188859008988],[133.03661664430652,34.52787910453605],[133.04560984794375,34.52787910453605],[133.04560984794375,34.5188859008988],[133.03661664430652,34.5188859008988]]]}},{"type":"Feature","properties":{"jobs":222,"pop":51,"pointCount":5,"homeWorkCommuteMedian":19325,"workHomeCommuteMedian":20434},"geometry":{"type":"Polygon","coordinates":[[[133.03661664430652,34.52787910453605],[133.03661664430652,34.536872308173294],[133.04560984794375,34.536872308173294],[133.04560984794375,34.52787910453605],[133.03661664430652,34.52787910453605]]]}},{"type":"Feature","properties":{"jobs":166,"pop":242,"pointCount":5,"homeWorkCommuteMedian":19804,"workHomeCommuteMedian":3516},"geometry":{"type":"Polygon","coordinates":[[[133.03661664430652,34.536872308173294],[133.03661664430652,34.54586551181054],[133.04560984794375,34.54586551181054],[133.04560984794375,34.536872308173294],[133.03661664430652,34.536872308173294]]]}},{"type":"Feature","properties":{"jobs":28,"pop":0,"pointCount":1,"homeWorkCommuteMedian":-1,"workHomeCommuteMedian":46815},"geometry":{"type":"Polygon","coordinates":[[[133.03661664430652,34.554858715447786],[133.03661664430652,34.56385191908503],[133.04560984794375,34.56385191908503],[133.04560984794375,34.554858715447786],[133.03661664430652,34.554858715447786]]]}},{"type":"Feature","properties":{"jobs":154,"pop":118,"pointCount":5,"homeWorkCommuteMedian":33224,"workHomeCommuteMedian":3961},"geometry":{"type":"Polygon","coordinates":[[[133.03661664430652,34.57284512272228],[133.03661664430652,34.581838326359524],[133.04560984794375,34.581838326359524],[133.04560984794375,34.57284512272228],[133.03661664430652,34.57284512272228]]]}},{"type":"Feature","properties":{"jobs":1304,"pop":210,"pointCount":13,"homeWorkCommuteMedian":44169,"workHomeCommuteMedian":8372},"geometry":{"type":"Polygon","coordinates":[[[133.03661664430652,34.581838326359524],[133.03661664430652,34.59083152999677],[133.04560984794375,34.59083152999677],[133.04560984794375,34.581838326359524],[133.03661664430652,34.581838326359524]]]}},{"type":"Feature","properties":{"jobs":20,"pop":168,"pointCount":7,"homeWorkCommuteMedian":45522,"workHomeCommuteMedian":10162},"geometry":{"type":"Polygon","coordinates":[[[133.03661664430652,34.59083152999677],[133.03661664430652,34.599824733634016],[133.04560984794375,34.599824733634016],[133.04560984794375,34.59083152999677],[133.03661664430652,34.59083152999677]]]}},{"type":"Feature","properties":{"jobs":0,"pop":35,"pointCount":1,"homeWorkCommuteMedian":37854,"workHomeCommuteMedian":-1},"geometry":{"type":"Polygon","coordinates":[[[133.03661664430652,34.61781114090851],[133.03661664430652,34.626804344545754],[133.04560984794375,34.626804344545754],[133.04560984794375,34.61781114090851],[133.03661664430652,34.61781114090851]]]}},{"type":"Feature","properties":{"jobs":20,"pop":22,"pointCount":2,"homeWorkCommuteMedian":12561,"workHomeCommuteMedian":9322},"geometry":{"type":"Polygon","coordinates":[[[133.03661664430652,34.65378395545749],[133.03661664430652,34.66277715909474],[133.04560984794375,34.66277715909474],[133.04560984794375,34.65378395545749],[133.03661664430652,34.65378395545749]]]}},{"type":"Feature","properties":{"jobs":89,"pop":211,"pointCount":4,"homeWorkCommuteMedian":13917,"workHomeCommuteMedian":12524},"geometry":{"type":"Polygon","coordinates":[[[133.04560984794375,34.33902182815388],[133.04560984794375,34.34801503179113],[133.05460305158098,34.34801503179113],[133.05460305158098,34.33902182815388],[133.04560984794375,34.33902182815388]]]}},{"type":"Feature","properties":{"jobs":0,"pop":517,"pointCount":4,"homeWorkCommuteMedian":7320,"workHomeCommuteMedian":-1},"geometry":{"type":"Polygon","coordinates":[[[133.04560984794375,34.374994642702866],[133.04560984794375,34.38398784634011],[133.05460305158098,34.38398784634011],[133.05460305158098,34.374994642702866],[133.04560984794375,34.374994642702866]]]}},{"type":"Feature","properties":{"jobs":362,"pop":1213,"pointCount":7,"homeWorkCommuteMedian":5934,"workHomeCommuteMedian":8711},"geometry":{"type":"Polygon","coordinates":[[[133.04560984794375,34.38398784634011],[133.04560984794375,34.39298104997736],[133.05460305158098,34.39298104997736],[133.05460305158098,34.38398784634011],[133.04560984794375,34.38398784634011]]]}},{"type":"Feature","properties":{"jobs":135,"pop":303,"pointCount":2,"homeWorkCommuteMedian":3080,"workHomeCommuteMedian":3310},"geometry":{"type":"Polygon","coordinates":[[[133.04560984794375,34.39298104997736],[133.04560984794375,34.401974253614604],[133.05460305158098,34.401974253614604],[133.05460305158098,34.39298104997736],[133.04560984794375,34.39298104997736]]]}},{"type":"Feature","properties":{"jobs":0,"pop":32,"pointCount":1,"homeWorkCommuteMedian":3445,"workHomeCommuteMedian":-1},"geometry":{"type":"Polygon","coordinates":[[[133.04560984794375,34.41096745725185],[133.04560984794375,34.419960660889096],[133.05460305158098,34.419960660889096],[133.05460305158098,34.41096745725185],[133.04560984794375,34.41096745725185]]]}},{"type":"Feature","properties":{"jobs":3,"pop":16,"pointCount":1,"homeWorkCommuteMedian":14935,"workHomeCommuteMedian":47568},"geometry":{"type":"Polygon","coordinates":[[[133.04560984794375,34.419960660889096],[133.04560984794375,34.42895386452634],[133.05460305158098,34.42895386452634],[133.05460305158098,34.419960660889096],[133.04560984794375,34.419960660889096]]]}},{"type":"Feature","properties":{"jobs":43,"pop":21,"pointCount":1,"homeWorkCommuteMedian":12791,"workHomeCommuteMedian":14927},"geometry":{"type":"Polygon","coordinates":[[[133.04560984794375,34.47391988271257],[133.04560984794375,34.48291308634982],[133.05460305158098,34.48291308634982],[133.05460305158098,34.47391988271257],[133.04560984794375,34.47391988271257]]]}},{"type":"Feature","properties":{"jobs":66,"pop":19,"pointCount":1,"homeWorkCommuteMedian":4721,"workHomeCommuteMedian":16616},"geometry":{"type":"Polygon","coordinates":[[[133.04560984794375,34.50089949362431],[133.04560984794375,34.509892697261556],[133.05460305158098,34.509892697261556],[133.05460305158098,34.50089949362431],[133.04560984794375,34.50089949362431]]]}},{"type":"Feature","properties":{"jobs":110,"pop":76,"pointCount":2,"homeWorkCommuteMedian":22667,"workHomeCommuteMedian":17952},"geometry":{"type":"Polygon","coordinates":[[[133.04560984794375,34.509892697261556],[133.04560984794375,34.5188859008988],[133.05460305158098,34.5188859008988],[133.05460305158098,34.509892697261556],[133.04560984794375,34.509892697261556]]]}},{"type":"Feature","properties":{"jobs":15,"pop":66,"pointCount":2,"homeWorkCommuteMedian":2535,"workHomeCommuteMedian":18861},"geometry":{"type":"Polygon","coordinates":[[[133.04560984794375,34.5188859008988],[133.04560984794375,34.52787910453605],[133.05460305158098,34.52787910453605],[133.05460305158098,34.5188859008988],[133.04560984794375,34.5188859008988]]]}},{"type":"Feature","properties":{"jobs":0,"pop":18,"pointCount":1,"homeWorkCommuteMedian":1174,"workHomeCommuteMedian":-1},"geometry":{"type":"Polygon","coordinates":[[[133.04560984794375,34.52787910453605],[133.04560984794375,34.536872308173294],[133.05460305158098,34.536872308173294],[133.05460305158098,34.52787910453605],[133.04560984794375,34.52787910453605]]]}},{"type":"Feature","properties":{"jobs":0,"pop":32,"pointCount":1,"homeWorkCommuteMedian":6001,"workHomeCommuteMedian":-1},"geometry":{"type":"Polygon","coordinates":[[[133.04560984794375,34.54586551181054],[133.04560984794375,34.554858715447786],[133.05460305158098,34.554858715447786],[133.05460305158098,34.54586551181054],[133.04560984794375,34.54586551181054]]]}},{"type":"Feature","properties":{"jobs":35,"pop":0,"pointCount":1,"homeWorkCommuteMedian":-1,"workHomeCommuteMedian":27746},"geometry":{"type":"Polygon","coordinates":[[[133.04560984794375,34.554858715447786],[133.04560984794375,34.56385191908503],[133.05460305158098,34.56385191908503],[133.05460305158098,34.554858715447786],[133.04560984794375,34.554858715447786]]]}},{"type":"Feature","properties":{"jobs":80,"pop":163,"pointCount":7,"homeWorkCommuteMedian":23461,"workHomeCommuteMedian":9323},"geometry":{"type":"Polygon","coordinates":[[[133.04560984794375,34.57284512272228],[133.04560984794375,34.581838326359524],[133.05460305158098,34.581838326359524],[133.05460305158098,34.57284512272228],[133.04560984794375,34.57284512272228]]]}},{"type":"Feature","properties":{"jobs":1351,"pop":524,"pointCount":17,"homeWorkCommuteMedian":26083,"workHomeCommuteMedian":7482},"geometry":{"type":"Polygon","coordinates":[[[133.04560984794375,34.581838326359524],[133.04560984794375,34.59083152999677],[133.05460305158098,34.59083152999677],[133.05460305158098,34.581838326359524],[133.04560984794375,34.581838326359524]]]}},{"type":"Feature","properties":{"jobs":108,"pop":391,"pointCount":9,"homeWorkCommuteMedian":1883,"workHomeCommuteMedian":3977},"geometry":{"type":"Polygon","coordinates":[[[133.04560984794375,34.59083152999677],[133.04560984794375,34.599824733634016],[133.05460305158098,34.599824733634016],[133.05460305158098,34.59083152999677],[133.04560984794375,34.59083152999677]]]}},{"type":"Feature","properties":{"jobs":0,"pop":28,"pointCount":1,"homeWorkCommuteMedian":12126,"workHomeCommuteMedian":-1},"geometry":{"type":"Polygon","coordinates":[[[133.04560984794375,34.599824733634016],[133.04560984794375,34.60881793727126],[133.05460305158098,34.60881793727126],[133.05460305158098,34.599824733634016],[133.04560984794375,34.599824733634016]]]}},{"type":"Feature","properties":{"jobs":17,"pop":36,"pointCount":2,"homeWorkCommuteMedian":49933,"workHomeCommuteMedian":5442},"geometry":{"type":"Polygon","coordinates":[[[133.04560984794375,34.644790751820246],[133.04560984794375,34.65378395545749],[133.05460305158098,34.65378395545749],[133.05460305158098,34.644790751820246],[133.04560984794375,34.644790751820246]]]}},{"type":"Feature","properties":{"jobs":35,"pop":0,"pointCount":1,"homeWorkCommuteMedian":-1,"workHomeCommuteMedian":11639},"geometry":{"type":"Polygon","coordinates":[[[133.04560984794375,34.65378395545749],[133.04560984794375,34.66277715909474],[133.05460305158098,34.66277715909474],[133.05460305158098,34.65378395545749],[133.04560984794375,34.65378395545749]]]}},{"type":"Feature","properties":{"jobs":2,"pop":19,"pointCount":1,"homeWorkCommuteMedian":9590,"workHomeCommuteMedian":12603},"geometry":{"type":"Polygon","coordinates":[[[133.05460305158098,34.33902182815388],[133.05460305158098,34.34801503179113],[133.06359625521821,34.34801503179113],[133.06359625521821,34.33902182815388],[133.05460305158098,34.33902182815388]]]}},{"type":"Feature","properties":{"jobs":18,"pop":264,"pointCount":4,"homeWorkCommuteMedian":15361,"workHomeCommuteMedian":26218},"geometry":{"type":"Polygon","coordinates":[[[133.05460305158098,34.374994642702866],[133.05460305158098,34.38398784634011],[133.06359625521821,34.38398784634011],[133.06359625521821,34.374994642702866],[133.05460305158098,34.374994642702866]]]}},{"type":"Feature","properties":{"jobs":2826,"pop":2870,"pointCount":18,"homeWorkCommuteMedian":3384,"workHomeCommuteMedian":4653},"geometry":{"type":"Polygon","coordinates":[[[133.05460305158098,34.38398784634011],[133.05460305158098,34.39298104997736],[133.06359625521821,34.39298104997736],[133.06359625521821,34.38398784634011],[133.05460305158098,34.38398784634011]]]}},{"type":"Feature","properties":{"jobs":1713,"pop":2296,"pointCount":16,"homeWorkCommuteMedian":3259,"workHomeCommuteMedian":6634},"geometry":{"type":"Polygon","coordinates":[[[133.05460305158098,34.39298104997736],[133.05460305158098,34.401974253614604],[133.06359625521821,34.401974253614604],[133.06359625521821,34.39298104997736],[133.05460305158098,34.39298104997736]]]}},{"type":"Feature","properties":{"jobs":221,"pop":893,"pointCount":7,"homeWorkCommuteMedian":10386,"workHomeCommuteMedian":11046},"geometry":{"type":"Polygon","coordinates":[[[133.05460305158098,34.401974253614604],[133.05460305158098,34.41096745725185],[133.06359625521821,34.41096745725185],[133.06359625521821,34.401974253614604],[133.05460305158098,34.401974253614604]]]}},{"type":"Feature","properties":{"jobs":93,"pop":98,"pointCount":3,"homeWorkCommuteMedian":19817,"workHomeCommuteMedian":28705},"geometry":{"type":"Polygon","coordinates":[[[133.05460305158098,34.41096745725185],[133.05460305158098,34.419960660889096],[133.06359625521821,34.419960660889096],[133.06359625521821,34.41096745725185],[133.05460305158098,34.41096745725185]]]}},{"type":"Feature","properties":{"jobs":86,"pop":45,"pointCount":4,"homeWorkCommuteMedian":10620,"workHomeCommuteMedian":16143},"geometry":{"type":"Polygon","coordinates":[[[133.05460305158098,34.464926679075326],[133.05460305158098,34.47391988271257],[133.06359625521821,34.47391988271257],[133.06359625521821,34.464926679075326],[133.05460305158098,34.464926679075326]]]}},{"type":"Feature","properties":{"jobs":0,"pop":42,"pointCount":1,"homeWorkCommuteMedian":3992,"workHomeCommuteMedian":-1},"geometry":{"type":"Polygon","coordinates":[[[133.05460305158098,34.52787910453605],[133.05460305158098,34.536872308173294],[133.06359625521821,34.536872308173294],[133.06359625521821,34.52787910453605],[133.05460305158098,34.52787910453605]]]}},{"type":"Feature","properties":{"jobs":57,"pop":31,"pointCount":3,"homeWorkCommuteMedian":23580,"workHomeCommuteMedian":16982},"geometry":{"type":"Polygon","coordinates":[[[133.05460305158098,34.536872308173294],[133.05460305158098,34.54586551181054],[133.06359625521821,34.54586551181054],[133.06359625521821,34.536872308173294],[133.05460305158098,34.536872308173294]]]}},{"type":"Feature","properties":{"jobs":1153,"pop":554,"pointCount":18,"homeWorkCommuteMedian":15282,"workHomeCommuteMedian":6380},"geometry":{"type":"Polygon","coordinates":[[[133.05460305158098,34.581838326359524],[133.05460305158098,34.59083152999677],[133.06359625521821,34.59083152999677],[133.06359625521821,34.581838326359524],[133.05460305158098,34.581838326359524]]]}},{"type":"Feature","properties":{"jobs":50,"pop":195,"pointCount":4,"homeWorkCommuteMedian":47480,"workHomeCommuteMedian":4218},"geometry":{"type":"Polygon","coordinates":[[[133.05460305158098,34.59083152999677],[133.05460305158098,34.599824733634016],[133.06359625521821,34.599824733634016],[133.06359625521821,34.59083152999677],[133.05460305158098,34.59083152999677]]]}},{"type":"Feature","properties":{"jobs":0,"pop":51,"pointCount":2,"homeWorkCommuteMedian":4411,"workHomeCommuteMedian":-1},"geometry":{"type":"Polygon","coordinates":[[[133.05460305158098,34.60881793727126],[133.05460305158098,34.61781114090851],[133.06359625521821,34.61781114090851],[133.06359625521821,34.60881793727126],[133.05460305158098,34.60881793727126]]]}},{"type":"Feature","properties":{"jobs":0,"pop":94,"pointCount":1,"homeWorkCommuteMedian":18374,"workHomeCommuteMedian":-1},"geometry":{"type":"Polygon","coordinates":[[[133.05460305158098,34.626804344545754],[133.05460305158098,34.635797548183],[133.06359625521821,34.635797548183],[133.06359625521821,34.626804344545754],[133.05460305158098,34.626804344545754]]]}},{"type":"Feature","properties":{"jobs":0,"pop":16,"pointCount":1,"homeWorkCommuteMedian":7572,"workHomeCommuteMedian":-1},"geometry":{"type":"Polygon","coordinates":[[[133.05460305158098,34.635797548183],[133.05460305158098,34.644790751820246],[133.06359625521821,34.644790751820246],[133.06359625521821,34.635797548183],[133.05460305158098,34.635797548183]]]}},{"type":"Feature","properties":{"jobs":0,"pop":50,"pointCount":2,"homeWorkCommuteMedian":9558,"workHomeCommuteMedian":-1},"geometry":{"type":"Polygon","coordinates":[[[133.05460305158098,34.644790751820246],[133.05460305158098,34.65378395545749],[133.06359625521821,34.65378395545749],[133.06359625521821,34.644790751820246],[133.05460305158098,34.644790751820246]]]}},{"type":"Feature","properties":{"jobs":37,"pop":26,"pointCount":1,"homeWorkCommuteMedian":37870,"workHomeCommuteMedian":67573},"geometry":{"type":"Polygon","coordinates":[[[133.06359625521821,34.27606940269316],[133.06359625521821,34.285062606330406],[133.07258945885545,34.285062606330406],[133.07258945885545,34.27606940269316],[133.06359625521821,34.27606940269316]]]}},{"type":"Feature","properties":{"jobs":3,"pop":86,"pointCount":2,"homeWorkCommuteMedian":3643,"workHomeCommuteMedian":12139},"geometry":{"type":"Polygon","coordinates":[[[133.06359625521821,34.33902182815388],[133.06359625521821,34.34801503179113],[133.07258945885545,34.34801503179113],[133.07258945885545,34.33902182815388],[133.06359625521821,34.33902182815388]]]}},{"type":"Feature","properties":{"jobs":0,"pop":79,"pointCount":1,"homeWorkCommuteMedian":29534,"workHomeCommuteMedian":-1},"geometry":{"type":"Polygon","coordinates":[[[133.06359625521821,34.34801503179113],[133.06359625521821,34.357008235428374],[133.07258945885545,34.357008235428374],[133.07258945885545,34.34801503179113],[133.06359625521821,34.34801503179113]]]}},{"type":"Feature","properties":{"jobs":0,"pop":8,"pointCount":1,"homeWorkCommuteMedian":7556,"workHomeCommuteMedian":-1},"geometry":{"type":"Polygon","coordinates":[[[133.06359625521821,34.36600143906562],[133.06359625521821,34.374994642702866],[133.07258945885545,34.374994642702866],[133.07258945885545,34.36600143906562],[133.06359625521821,34.36600143906562]]]}},{"type":"Feature","properties":{"jobs":19,"pop":46,"pointCount":1,"homeWorkCommuteMedian":24580,"workHomeCommuteMedian":486},"geometry":{"type":"Polygon","coordinates":[[[133.06359625521821,34.374994642702866],[133.06359625521821,34.38398784634011],[133.07258945885545,34.38398784634011],[133.07258945885545,34.374994642702866],[133.06359625521821,34.374994642702866]]]}},{"type":"Feature","properties":{"jobs":1490,"pop":2059,"pointCount":16,"homeWorkCommuteMedian":5709,"workHomeCommuteMedian":8153},"geometry":{"type":"Polygon","coordinates":[[[133.06359625521821,34.38398784634011],[133.06359625521821,34.39298104997736],[133.07258945885545,34.39298104997736],[133.07258945885545,34.38398784634011],[133.06359625521821,34.38398784634011]]]}},{"type":"Feature","properties":{"jobs":2484,"pop":2660,"pointCount":18,"homeWorkCommuteMedian":2444,"workHomeCommuteMedian":4288},"geometry":{"type":"Polygon","coordinates":[[[133.06359625521821,34.39298104997736],[133.06359625521821,34.401974253614604],[133.07258945885545,34.401974253614604],[133.07258945885545,34.39298104997736],[133.06359625521821,34.39298104997736]]]}},{"type":"Feature","properties":{"jobs":512,"pop":623,"pointCount":6,"homeWorkCommuteMedian":13564,"workHomeCommuteMedian":1479},"geometry":{"type":"Polygon","coordinates":[[[133.06359625521821,34.401974253614604],[133.06359625521821,34.41096745725185],[133.07258945885545,34.41096745725185],[133.07258945885545,34.401974253614604],[133.06359625521821,34.401974253614604]]]}},{"type":"Feature","properties":{"jobs":0,"pop":15,"pointCount":1,"homeWorkCommuteMedian":16494,"workHomeCommuteMedian":-1},"geometry":{"type":"Polygon","coordinates":[[[133.06359625521821,34.45593347543808],[133.06359625521821,34.464926679075326],[133.07258945885545,34.464926679075326],[133.07258945885545,34.45593347543808],[133.06359625521821,34.45593347543808]]]}},{"type":"Feature","properties":{"jobs":28,"pop":0,"pointCount":1,"homeWorkCommuteMedian":-1,"workHomeCommuteMedian":19370},"geometry":{"type":"Polygon","coordinates":[[[133.06359625521821,34.464926679075326],[133.06359625521821,34.47391988271257],[133.07258945885545,34.47391988271257],[133.07258945885545,34.464926679075326],[133.06359625521821,34.464926679075326]]]}},{"type":"Feature","properties":{"jobs":0,"pop":58,"pointCount":1,"homeWorkCommuteMedian":10876,"workHomeCommuteMedian":-1},"geometry":{"type":"Polygon","coordinates":[[[133.06359625521821,34.47391988271257],[133.06359625521821,34.48291308634982],[133.07258945885545,34.48291308634982],[133.07258945885545,34.47391988271257],[133.06359625521821,34.47391988271257]]]}},{"type":"Feature","properties":{"jobs":0,"pop":17,"pointCount":1,"homeWorkCommuteMedian":12020,"workHomeCommuteMedian":-1},"geometry":{"type":"Polygon","coordinates":[[[133.06359625521821,34.48291308634982],[133.06359625521821,34.491906289987064],[133.07258945885545,34.491906289987064],[133.07258945885545,34.48291308634982],[133.06359625521821,34.48291308634982]]]}},{"type":"Feature","properties":{"jobs":54,"pop":0,"pointCount":1,"homeWorkCommuteMedian":-1,"workHomeCommuteMedian":30921},"geometry":{"type":"Polygon","coordinates":[[[133.06359625521821,34.5188859008988],[133.06359625521821,34.52787910453605],[133.07258945885545,34.52787910453605],[133.07258945885545,34.5188859008988],[133.06359625521821,34.5188859008988]]]}},{"type":"Feature","properties":{"jobs":0,"pop":30,"pointCount":1,"homeWorkCommuteMedian":5828,"workHomeCommuteMedian":-1},"geometry":{"type":"Polygon","coordinates":[[[133.06359625521821,34.52787910453605],[133.06359625521821,34.536872308173294],[133.07258945885545,34.536872308173294],[133.07258945885545,34.52787910453605],[133.06359625521821,34.52787910453605]]]}},{"type":"Feature","properties":{"jobs":52,"pop":62,"pointCount":3,"homeWorkCommuteMedian":8199,"workHomeCommuteMedian":23752},"geometry":{"type":"Polygon","coordinates":[[[133.06359625521821,34.57284512272228],[133.06359625521821,34.581838326359524],[133.07258945885545,34.581838326359524],[133.07258945885545,34.57284512272228],[133.06359625521821,34.57284512272228]]]}},{"type":"Feature","properties":{"jobs":275,"pop":323,"pointCount":10,"homeWorkCommuteMedian":21253,"workHomeCommuteMedian":3137},"geometry":{"type":"Polygon","coordinates":[[[133.06359625521821,34.581838326359524],[133.06359625521821,34.59083152999677],[133.07258945885545,34.59083152999677],[133.07258945885545,34.581838326359524],[133.06359625521821,34.581838326359524]]]}},{"type":"Feature","properties":{"jobs":0,"pop":64,"pointCount":2,"homeWorkCommuteMedian":40472,"workHomeCommuteMedian":-1},"geometry":{"type":"Polygon","coordinates":[[[133.06359625521821,34.59083152999677],[133.06359625521821,34.599824733634016],[133.07258945885545,34.599824733634016],[133.07258945885545,34.59083152999677],[133.06359625521821,34.59083152999677]]]}},{"type":"Feature","properties":{"jobs":70,"pop":56,"pointCount":1,"homeWorkCommuteMedian":4096,"workHomeCommuteMedian":5781},"geometry":{"type":"Polygon","coordinates":[[[133.06359625521821,34.60881793727126],[133.06359625521821,34.61781114090851],[133.07258945885545,34.61781114090851],[133.07258945885545,34.60881793727126],[133.06359625521821,34.60881793727126]]]}},{"type":"Feature","properties":{"jobs":105,"pop":38,"pointCount":2,"homeWorkCommuteMedian":5620,"workHomeCommuteMedian":9992},"geometry":{"type":"Polygon","coordinates":[[[133.06359625521821,34.626804344545754],[133.06359625521821,34.635797548183],[133.07258945885545,34.635797548183],[133.07258945885545,34.626804344545754],[133.06359625521821,34.626804344545754]]]}},{"type":"Feature","properties":{"jobs":46,"pop":37,"pointCount":2,"homeWorkCommuteMedian":7920,"workHomeCommuteMedian":60900},"geometry":{"type":"Polygon","coordinates":[[[133.07258945885545,34.25808299541867],[133.07258945885545,34.267076199055914],[133.08158266249268,34.267076199055914],[133.08158266249268,34.25808299541867],[133.07258945885545,34.25808299541867]]]}},{"type":"Feature","properties":{"jobs":28,"pop":284,"pointCount":6,"homeWorkCommuteMedian":29140,"workHomeCommuteMedian":51575},"geometry":{"type":"Polygon","coordinates":[[[133.07258945885545,34.27606940269316],[133.07258945885545,34.285062606330406],[133.08158266249268,34.285062606330406],[133.08158266249268,34.27606940269316],[133.07258945885545,34.27606940269316]]]}},{"type":"Feature","properties":{"jobs":26,"pop":18,"pointCount":1,"homeWorkCommuteMedian":3247,"workHomeCommuteMedian":50328},"geometry":{"type":"Polygon","coordinates":[[[133.07258945885545,34.285062606330406],[133.07258945885545,34.29405580996765],[133.08158266249268,34.29405580996765],[133.08158266249268,34.285062606330406],[133.07258945885545,34.285062606330406]]]}},{"type":"Feature","properties":{"jobs":84,"pop":36,"pointCount":2,"homeWorkCommuteMedian":45740,"workHomeCommuteMedian":32436},"geometry":{"type":"Polygon","coordinates":[[[133.07258945885545,34.29405580996765],[133.07258945885545,34.3030490136049],[133.08158266249268,34.3030490136049],[133.08158266249268,34.29405580996765],[133.07258945885545,34.29405580996765]]]}},{"type":"Feature","properties":{"jobs":0,"pop":76,"pointCount":1,"homeWorkCommuteMedian":34678,"workHomeCommuteMedian":-1},"geometry":{"type":"Polygon","coordinates":[[[133.07258945885545,34.3030490136049],[133.07258945885545,34.312042217242144],[133.08158266249268,34.312042217242144],[133.08158266249268,34.3030490136049],[133.07258945885545,34.3030490136049]]]}},{"type":"Feature","properties":{"jobs":0,"pop":62,"pointCount":1,"homeWorkCommuteMedian":25017,"workHomeCommuteMedian":-1},"geometry":{"type":"Polygon","coordinates":[[[133.07258945885545,34.32103542087939],[133.07258945885545,34.330028624516636],[133.08158266249268,34.330028624516636],[133.08158266249268,34.32103542087939],[133.07258945885545,34.32103542087939]]]}},{"type":"Feature","properties":{"jobs":59,"pop":218,"pointCount":2,"homeWorkCommuteMedian":9577,"workHomeCommuteMedian":10335},"geometry":{"type":"Polygon","coordinates":[[[133.07258945885545,34.33902182815388],[133.07258945885545,34.34801503179113],[133.08158266249268,34.34801503179113],[133.08158266249268,34.33902182815388],[133.07258945885545,34.33902182815388]]]}},{"type":"Feature","properties":{"jobs":494,"pop":814,"pointCount":10,"homeWorkCommuteMedian":11427,"workHomeCommuteMedian":8856},"geometry":{"type":"Polygon","coordinates":[[[133.07258945885545,34.34801503179113],[133.07258945885545,34.357008235428374],[133.08158266249268,34.357008235428374],[133.08158266249268,34.34801503179113],[133.07258945885545,34.34801503179113]]]}},{"type":"Feature","properties":{"jobs":19,"pop":52,"pointCount":1,"homeWorkCommuteMedian":44016,"workHomeCommuteMedian":17188},"geometry":{"type":"Polygon","coordinates":[[[133.07258945885545,34.357008235428374],[133.07258945885545,34.36600143906562],[133.08158266249268,34.36600143906562],[133.08158266249268,34.357008235428374],[133.07258945885545,34.357008235428374]]]}},{"type":"Feature","properties":{"jobs":0,"pop":250,"pointCount":2,"homeWorkCommuteMedian":3169,"workHomeCommuteMedian":-1},"geometry":{"type":"Polygon","coordinates":[[[133.07258945885545,34.374994642702866],[133.07258945885545,34.38398784634011],[133.08158266249268,34.38398784634011],[133.08158266249268,34.374994642702866],[133.07258945885545,34.374994642702866]]]}},{"type":"Feature","properties":{"jobs":2633,"pop":1855,"pointCount":11,"homeWorkCommuteMedian":3780,"workHomeCommuteMedian":6137},"geometry":{"type":"Polygon","coordinates":[[[133.07258945885545,34.38398784634011],[133.07258945885545,34.39298104997736],[133.08158266249268,34.39298104997736],[133.08158266249268,34.38398784634011],[133.07258945885545,34.38398784634011]]]}},{"type":"Feature","properties":{"jobs":3453,"pop":2493,"pointCount":19,"homeWorkCommuteMedian":3422,"workHomeCommuteMedian":3384},"geometry":{"type":"Polygon","coordinates":[[[133.07258945885545,34.39298104997736],[133.07258945885545,34.401974253614604],[133.08158266249268,34.401974253614604],[133.08158266249268,34.39298104997736],[133.07258945885545,34.39298104997736]]]}},{"type":"Feature","properties":{"jobs":209,"pop":631,"pointCount":6,"homeWorkCommuteMedian":1995,"workHomeCommuteMedian":7020},"geometry":{"type":"Polygon","coordinates":[[[133.07258945885545,34.401974253614604],[133.07258945885545,34.41096745725185],[133.08158266249268,34.41096745725185],[133.08158266249268,34.401974253614604],[133.07258945885545,34.401974253614604]]]}},{"type":"Feature","properties":{"jobs":54,"pop":0,"pointCount":1,"homeWorkCommuteMedian":-1,"workHomeCommuteMedian":8653},"geometry":{"type":"Polygon","coordinates":[[[133.07258945885545,34.42895386452634],[133.07258945885545,34.43794706816359],[133.08158266249268,34.43794706816359],[133.08158266249268,34.42895386452634],[133.07258945885545,34.42895386452634]]]}},{"type":"Feature","properties":{"jobs":27,"pop":0,"pointCount":1,"homeWorkCommuteMedian":-1,"workHomeCommuteMedian":7723},"geometry":{"type":"Polygon","coordinates":[[[133.07258945885545,34.43794706816359],[133.07258945885545,34.446940271800834],[133.08158266249268,34.446940271800834],[133.08158266249268,34.43794706816359],[133.07258945885545,34.43794706816359]]]}},{"type":"Feature","properties":{"jobs":0,"pop":57,"pointCount":1,"homeWorkCommuteMedian":10308,"workHomeCommuteMedian":-1},"geometry":{"type":"Polygon","coordinates":[[[133.07258945885545,34.47391988271257],[133.07258945885545,34.48291308634982],[133.08158266249268,34.48291308634982],[133.08158266249268,34.47391988271257],[133.07258945885545,34.47391988271257]]]}},{"type":"Feature","properties":{"jobs":27,"pop":0,"pointCount":1,"homeWorkCommuteMedian":-1,"workHomeCommuteMedian":28979},"geometry":{"type":"Polygon","coordinates":[[[133.07258945885545,34.50089949362431],[133.07258945885545,34.509892697261556],[133.08158266249268,34.509892697261556],[133.08158266249268,34.50089949362431],[133.07258945885545,34.50089949362431]]]}},{"type":"Feature","properties":{"jobs":0,"pop":26,"pointCount":1,"homeWorkCommuteMedian":3170,"workHomeCommuteMedian":-1},"geometry":{"type":"Polygon","coordinates":[[[133.07258945885545,34.56385191908503],[133.07258945885545,34.57284512272228],[133.08158266249268,34.57284512272228],[133.08158266249268,34.56385191908503],[133.07258945885545,34.56385191908503]]]}},{"type":"Feature","properties":{"jobs":48,"pop":143,"pointCount":4,"homeWorkCommuteMedian":18699,"workHomeCommuteMedian":3925},"geometry":{"type":"Polygon","coordinates":[[[133.07258945885545,34.581838326359524],[133.07258945885545,34.59083152999677],[133.08158266249268,34.59083152999677],[133.08158266249268,34.581838326359524],[133.07258945885545,34.581838326359524]]]}},{"type":"Feature","properties":{"jobs":139,"pop":71,"pointCount":5,"homeWorkCommuteMedian":8565,"workHomeCommuteMedian":5725},"geometry":{"type":"Polygon","coordinates":[[[133.07258945885545,34.59083152999677],[133.07258945885545,34.599824733634016],[133.08158266249268,34.599824733634016],[133.08158266249268,34.59083152999677],[133.07258945885545,34.59083152999677]]]}},{"type":"Feature","properties":{"jobs":0,"pop":28,"pointCount":1,"homeWorkCommuteMedian":3783,"workHomeCommuteMedian":-1},"geometry":{"type":"Polygon","coordinates":[[[133.07258945885545,34.599824733634016],[133.07258945885545,34.60881793727126],[133.08158266249268,34.60881793727126],[133.08158266249268,34.599824733634016],[133.07258945885545,34.599824733634016]]]}},{"type":"Feature","properties":{"jobs":0,"pop":20,"pointCount":1,"homeWorkCommuteMedian":5284,"workHomeCommuteMedian":-1},"geometry":{"type":"Polygon","coordinates":[[[133.07258945885545,34.60881793727126],[133.07258945885545,34.61781114090851],[133.08158266249268,34.61781114090851],[133.08158266249268,34.60881793727126],[133.07258945885545,34.60881793727126]]]}},{"type":"Feature","properties":{"jobs":39,"pop":34,"pointCount":4,"homeWorkCommuteMedian":8057,"workHomeCommuteMedian":4266},"geometry":{"type":"Polygon","coordinates":[[[133.07258945885545,34.626804344545754],[133.07258945885545,34.635797548183],[133.08158266249268,34.635797548183],[133.08158266249268,34.626804344545754],[133.07258945885545,34.626804344545754]]]}},{"type":"Feature","properties":{"jobs":0,"pop":44,"pointCount":2,"homeWorkCommuteMedian":6541,"workHomeCommuteMedian":-1},"geometry":{"type":"Polygon","coordinates":[[[133.07258945885545,34.635797548183],[133.07258945885545,34.644790751820246],[133.08158266249268,34.644790751820246],[133.08158266249268,34.635797548183],[133.07258945885545,34.635797548183]]]}},{"type":"Feature","properties":{"jobs":0,"pop":28,"pointCount":1,"homeWorkCommuteMedian":27023,"workHomeCommuteMedian":-1},"geometry":{"type":"Polygon","coordinates":[[[133.08158266249268,34.25808299541867],[133.08158266249268,34.267076199055914],[133.0905758661299,34.267076199055914],[133.0905758661299,34.25808299541867],[133.08158266249268,34.25808299541867]]]}},{"type":"Feature","properties":{"jobs":0,"pop":26,"pointCount":1,"homeWorkCommuteMedian":51748,"workHomeCommuteMedian":-1},"geometry":{"type":"Polygon","coordinates":[[[133.08158266249268,34.27606940269316],[133.08158266249268,34.285062606330406],[133.0905758661299,34.285062606330406],[133.0905758661299,34.27606940269316],[133.08158266249268,34.27606940269316]]]}},{"type":"Feature","properties":{"jobs":19,"pop":56,"pointCount":3,"homeWorkCommuteMedian":34432,"workHomeCommuteMedian":22926},"geometry":{"type":"Polygon","coordinates":[[[133.08158266249268,34.285062606330406],[133.08158266249268,34.29405580996765],[133.0905758661299,34.29405580996765],[133.0905758661299,34.285062606330406],[133.08158266249268,34.285062606330406]]]}},{"type":"Feature","properties":{"jobs":182,"pop":432,"pointCount":9,"homeWorkCommuteMedian":12603,"workHomeCommuteMedian":21167},"geometry":{"type":"Polygon","coordinates":[[[133.08158266249268,34.29405580996765],[133.08158266249268,34.3030490136049],[133.0905758661299,34.3030490136049],[133.0905758661299,34.29405580996765],[133.08158266249268,34.29405580996765]]]}},{"type":"Feature","properties":{"jobs":639,"pop":655,"pointCount":9,"homeWorkCommuteMedian":19173,"workHomeCommuteMedian":12526},"geometry":{"type":"Polygon","coordinates":[[[133.08158266249268,34.3030490136049],[133.08158266249268,34.312042217242144],[133.0905758661299,34.312042217242144],[133.0905758661299,34.3030490136049],[133.08158266249268,34.3030490136049]]]}},{"type":"Feature","properties":{"jobs":29,"pop":148,"pointCount":5,"homeWorkCommuteMedian":6389,"workHomeCommuteMedian":18600},"geometry":{"type":"Polygon","coordinates":[[[133.08158266249268,34.312042217242144],[133.08158266249268,34.32103542087939],[133.0905758661299,34.32103542087939],[133.0905758661299,34.312042217242144],[133.08158266249268,34.312042217242144]]]}},{"type":"Feature","properties":{"jobs":122,"pop":0,"pointCount":1,"homeWorkCommuteMedian":-1,"workHomeCommuteMedian":28967},"geometry":{"type":"Polygon","coordinates":[[[133.08158266249268,34.34801503179113],[133.08158266249268,34.357008235428374],[133.0905758661299,34.357008235428374],[133.0905758661299,34.34801503179113],[133.08158266249268,34.34801503179113]]]}},{"type":"Feature","properties":{"jobs":116,"pop":104,"pointCount":4,"homeWorkCommuteMedian":5519,"workHomeCommuteMedian":1276},"geometry":{"type":"Polygon","coordinates":[[[133.08158266249268,34.357008235428374],[133.08158266249268,34.36600143906562],[133.0905758661299,34.36600143906562],[133.0905758661299,34.357008235428374],[133.08158266249268,34.357008235428374]]]}},{"type":"Feature","properties":{"jobs":100,"pop":286,"pointCount":3,"homeWorkCommuteMedian":1313,"workHomeCommuteMedian":329},"geometry":{"type":"Polygon","coordinates":[[[133.08158266249268,34.36600143906562],[133.08158266249268,34.374994642702866],[133.0905758661299,34.374994642702866],[133.0905758661299,34.36600143906562],[133.08158266249268,34.36600143906562]]]}},{"type":"Feature","properties":{"jobs":142,"pop":0,"pointCount":2,"homeWorkCommuteMedian":-1,"workHomeCommuteMedian":19454},"geometry":{"type":"Polygon","coordinates":[[[133.08158266249268,34.374994642702866],[133.08158266249268,34.38398784634011],[133.0905758661299,34.38398784634011],[133.0905758661299,34.374994642702866],[133.08158266249268,34.374994642702866]]]}},{"type":"Feature","properties":{"jobs":4713,"pop":2310,"pointCount":18,"homeWorkCommuteMedian":2920,"workHomeCommuteMedian":12412},"geometry":{"type":"Polygon","coordinates":[[[133.08158266249268,34.39298104997736],[133.08158266249268,34.401974253614604],[133.0905758661299,34.401974253614604],[133.0905758661299,34.39298104997736],[133.08158266249268,34.39298104997736]]]}},{"type":"Feature","properties":{"jobs":1368,"pop":1187,"pointCount":12,"homeWorkCommuteMedian":2452,"workHomeCommuteMedian":2182},"geometry":{"type":"Polygon","coordinates":[[[133.08158266249268,34.401974253614604],[133.08158266249268,34.41096745725185],[133.0905758661299,34.41096745725185],[133.0905758661299,34.401974253614604],[133.08158266249268,34.401974253614604]]]}},{"type":"Feature","properties":{"jobs":3,"pop":0,"pointCount":1,"homeWorkCommuteMedian":-1,"workHomeCommuteMedian":684},"geometry":{"type":"Polygon","coordinates":[[[133.08158266249268,34.41096745725185],[133.08158266249268,34.419960660889096],[133.0905758661299,34.419960660889096],[133.0905758661299,34.41096745725185],[133.08158266249268,34.41096745725185]]]}},{"type":"Feature","properties":{"jobs":0,"pop":17,"pointCount":1,"homeWorkCommuteMedian":18677,"workHomeCommuteMedian":-1},"geometry":{"type":"Polygon","coordinates":[[[133.08158266249268,34.464926679075326],[133.08158266249268,34.47391988271257],[133.0905758661299,34.47391988271257],[133.0905758661299,34.464926679075326],[133.08158266249268,34.464926679075326]]]}},{"type":"Feature","properties":{"jobs":5,"pop":12,"pointCount":2,"homeWorkCommuteMedian":17069,"workHomeCommuteMedian":7960},"geometry":{"type":"Polygon","coordinates":[[[133.08158266249268,34.47391988271257],[133.08158266249268,34.48291308634982],[133.0905758661299,34.48291308634982],[133.0905758661299,34.47391988271257],[133.08158266249268,34.47391988271257]]]}},{"type":"Feature","properties":{"jobs":0,"pop":10,"pointCount":1,"homeWorkCommuteMedian":12369,"workHomeCommuteMedian":-1},"geometry":{"type":"Polygon","coordinates":[[[133.08158266249268,34.48291308634982],[133.08158266249268,34.491906289987064],[133.0905758661299,34.491906289987064],[133.0905758661299,34.48291308634982],[133.08158266249268,34.48291308634982]]]}},{"type":"Feature","properties":{"jobs":17,"pop":88,"pointCount":4,"homeWorkCommuteMedian":10598,"workHomeCommuteMedian":22600},"geometry":{"type":"Polygon","coordinates":[[[133.08158266249268,34.50089949362431],[133.08158266249268,34.509892697261556],[133.0905758661299,34.509892697261556],[133.0905758661299,34.50089949362431],[133.08158266249268,34.50089949362431]]]}},{"type":"Feature","properties":{"jobs":20,"pop":39,"pointCount":2,"homeWorkCommuteMedian":25636,"workHomeCommuteMedian":7413},"geometry":{"type":"Polygon","coordinates":[[[133.08158266249268,34.509892697261556],[133.08158266249268,34.5188859008988],[133.0905758661299,34.5188859008988],[133.0905758661299,34.509892697261556],[133.08158266249268,34.509892697261556]]]}},{"type":"Feature","properties":{"jobs":0,"pop":7,"pointCount":1,"homeWorkCommuteMedian":34706,"workHomeCommuteMedian":-1},"geometry":{"type":"Polygon","coordinates":[[[133.08158266249268,34.52787910453605],[133.08158266249268,34.536872308173294],[133.0905758661299,34.536872308173294],[133.0905758661299,34.52787910453605],[133.08158266249268,34.52787910453605]]]}},{"type":"Feature","properties":{"jobs":0,"pop":36,"pointCount":1,"homeWorkCommuteMedian":11922,"workHomeCommuteMedian":-1},"geometry":{"type":"Polygon","coordinates":[[[133.08158266249268,34.581838326359524],[133.08158266249268,34.59083152999677],[133.0905758661299,34.59083152999677],[133.0905758661299,34.581838326359524],[133.08158266249268,34.581838326359524]]]}},{"type":"Feature","properties":{"jobs":75,"pop":100,"pointCount":3,"homeWorkCommuteMedian":13682,"workHomeCommuteMedian":6114},"geometry":{"type":"Polygon","coordinates":[[[133.08158266249268,34.59083152999677],[133.08158266249268,34.599824733634016],[133.0905758661299,34.599824733634016],[133.0905758661299,34.59083152999677],[133.08158266249268,34.59083152999677]]]}},{"type":"Feature","properties":{"jobs":19,"pop":170,"pointCount":4,"homeWorkCommuteMedian":5167,"workHomeCommuteMedian":4326},"geometry":{"type":"Polygon","coordinates":[[[133.08158266249268,34.599824733634016],[133.08158266249268,34.60881793727126],[133.0905758661299,34.60881793727126],[133.0905758661299,34.599824733634016],[133.08158266249268,34.599824733634016]]]}},{"type":"Feature","properties":{"jobs":0,"pop":96,"pointCount":3,"homeWorkCommuteMedian":4289,"workHomeCommuteMedian":-1},"geometry":{"type":"Polygon","coordinates":[[[133.08158266249268,34.60881793727126],[133.08158266249268,34.61781114090851],[133.0905758661299,34.61781114090851],[133.0905758661299,34.60881793727126],[133.08158266249268,34.60881793727126]]]}},{"type":"Feature","properties":{"jobs":32,"pop":32,"pointCount":2,"homeWorkCommuteMedian":6867,"workHomeCommuteMedian":5604},"geometry":{"type":"Polygon","coordinates":[[[133.08158266249268,34.626804344545754],[133.08158266249268,34.635797548183],[133.0905758661299,34.635797548183],[133.0905758661299,34.626804344545754],[133.08158266249268,34.626804344545754]]]}},{"type":"Feature","properties":{"jobs":0,"pop":26,"pointCount":1,"homeWorkCommuteMedian":9684,"workHomeCommuteMedian":-1},"geometry":{"type":"Polygon","coordinates":[[[133.08158266249268,34.644790751820246],[133.08158266249268,34.65378395545749],[133.0905758661299,34.65378395545749],[133.0905758661299,34.644790751820246],[133.08158266249268,34.644790751820246]]]}},{"type":"Feature","properties":{"jobs":55,"pop":180,"pointCount":4,"homeWorkCommuteMedian":11437,"workHomeCommuteMedian":12838},"geometry":{"type":"Polygon","coordinates":[[[133.0905758661299,34.25808299541867],[133.0905758661299,34.267076199055914],[133.09956906976714,34.267076199055914],[133.09956906976714,34.25808299541867],[133.0905758661299,34.25808299541867]]]}},{"type":"Feature","properties":{"jobs":0,"pop":44,"pointCount":1,"homeWorkCommuteMedian":8130,"workHomeCommuteMedian":-1},"geometry":{"type":"Polygon","coordinates":[[[133.0905758661299,34.267076199055914],[133.0905758661299,34.27606940269316],[133.09956906976714,34.27606940269316],[133.09956906976714,34.267076199055914],[133.0905758661299,34.267076199055914]]]}},{"type":"Feature","properties":{"jobs":60,"pop":176,"pointCount":6,"homeWorkCommuteMedian":12945,"workHomeCommuteMedian":49704},"geometry":{"type":"Polygon","coordinates":[[[133.0905758661299,34.29405580996765],[133.0905758661299,34.3030490136049],[133.09956906976714,34.3030490136049],[133.09956906976714,34.29405580996765],[133.0905758661299,34.29405580996765]]]}},{"type":"Feature","properties":{"jobs":1508,"pop":625,"pointCount":13,"homeWorkCommuteMedian":12300,"workHomeCommuteMedian":13310},"geometry":{"type":"Polygon","coordinates":[[[133.0905758661299,34.3030490136049],[133.0905758661299,34.312042217242144],[133.09956906976714,34.312042217242144],[133.09956906976714,34.3030490136049],[133.0905758661299,34.3030490136049]]]}},{"type":"Feature","properties":{"jobs":1549,"pop":0,"pointCount":1,"homeWorkCommuteMedian":-1,"workHomeCommuteMedian":10944},"geometry":{"type":"Polygon","coordinates":[[[133.0905758661299,34.38398784634011],[133.0905758661299,34.39298104997736],[133.09956906976714,34.39298104997736],[133.09956906976714,34.38398784634011],[133.0905758661299,34.38398784634011]]]}},{"type":"Feature","properties":{"jobs":469,"pop":790,"pointCount":10,"homeWorkCommuteMedian":18377,"workHomeCommuteMedian":11818},"geometry":{"type":"Polygon","coordinates":[[[133.0905758661299,34.39298104997736],[133.0905758661299,34.401974253614604],[133.09956906976714,34.401974253614604],[133.09956906976714,34.39298104997736],[133.0905758661299,34.39298104997736]]]}},{"type":"Feature","properties":{"jobs":904,"pop":986,"pointCount":9,"homeWorkCommuteMedian":11305,"workHomeCommuteMedian":3238},"geometry":{"type":"Polygon","coordinates":[[[133.0905758661299,34.401974253614604],[133.0905758661299,34.41096745725185],[133.09956906976714,34.41096745725185],[133.09956906976714,34.401974253614604],[133.0905758661299,34.401974253614604]]]}},{"type":"Feature","properties":{"jobs":37,"pop":165,"pointCount":4,"homeWorkCommuteMedian":10706,"workHomeCommuteMedian":3732},"geometry":{"type":"Polygon","coordinates":[[[133.0905758661299,34.41096745725185],[133.0905758661299,34.419960660889096],[133.09956906976714,34.419960660889096],[133.09956906976714,34.41096745725185],[133.0905758661299,34.41096745725185]]]}},{"type":"Feature","properties":{"jobs":36,"pop":0,"pointCount":1,"homeWorkCommuteMedian":-1,"workHomeCommuteMedian":20218},"geometry":{"type":"Polygon","coordinates":[[[133.0905758661299,34.464926679075326],[133.0905758661299,34.47391988271257],[133.09956906976714,34.47391988271257],[133.09956906976714,34.464926679075326],[133.0905758661299,34.464926679075326]]]}},{"type":"Feature","properties":{"jobs":35,"pop":0,"pointCount":1,"homeWorkCommuteMedian":-1,"workHomeCommuteMedian":45667},"geometry":{"type":"Polygon","coordinates":[[[133.0905758661299,34.47391988271257],[133.0905758661299,34.48291308634982],[133.09956906976714,34.48291308634982],[133.09956906976714,34.47391988271257],[133.0905758661299,34.47391988271257]]]}},{"type":"Feature","properties":{"jobs":58,"pop":45,"pointCount":4,"homeWorkCommuteMedian":44598,"workHomeCommuteMedian":7157},"geometry":{"type":"Polygon","coordinates":[[[133.0905758661299,34.491906289987064],[133.0905758661299,34.50089949362431],[133.09956906976714,34.50089949362431],[133.09956906976714,34.491906289987064],[133.0905758661299,34.491906289987064]]]}},{"type":"Feature","properties":{"jobs":0,"pop":124,"pointCount":1,"homeWorkCommuteMedian":7120,"workHomeCommuteMedian":-1},"geometry":{"type":"Polygon","coordinates":[[[133.0905758661299,34.50089949362431],[133.0905758661299,34.509892697261556],[133.09956906976714,34.509892697261556],[133.09956906976714,34.50089949362431],[133.0905758661299,34.50089949362431]]]}},{"type":"Feature","properties":{"jobs":36,"pop":44,"pointCount":3,"homeWorkCommuteMedian":5725,"workHomeCommuteMedian":28589},"geometry":{"type":"Polygon","coordinates":[[[133.0905758661299,34.56385191908503],[133.0905758661299,34.57284512272228],[133.09956906976714,34.57284512272228],[133.09956906976714,34.56385191908503],[133.0905758661299,34.56385191908503]]]}},{"type":"Feature","properties":{"jobs":0,"pop":110,"pointCount":2,"homeWorkCommuteMedian":6112,"workHomeCommuteMedian":-1},"geometry":{"type":"Polygon","coordinates":[[[133.0905758661299,34.581838326359524],[133.0905758661299,34.59083152999677],[133.09956906976714,34.59083152999677],[133.09956906976714,34.581838326359524],[133.0905758661299,34.581838326359524]]]}},{"type":"Feature","properties":{"jobs":145,"pop":44,"pointCount":3,"homeWorkCommuteMedian":37348,"workHomeCommuteMedian":5654},"geometry":{"type":"Polygon","coordinates":[[[133.0905758661299,34.59083152999677],[133.0905758661299,34.599824733634016],[133.09956906976714,34.599824733634016],[133.09956906976714,34.59083152999677],[133.0905758661299,34.59083152999677]]]}},{"type":"Feature","properties":{"jobs":0,"pop":18,"pointCount":1,"homeWorkCommuteMedian":6223,"workHomeCommuteMedian":-1},"geometry":{"type":"Polygon","coordinates":[[[133.0905758661299,34.60881793727126],[133.0905758661299,34.61781114090851],[133.09956906976714,34.61781114090851],[133.09956906976714,34.60881793727126],[133.0905758661299,34.60881793727126]]]}},{"type":"Feature","properties":{"jobs":121,"pop":153,"pointCount":4,"homeWorkCommuteMedian":4194,"workHomeCommuteMedian":540},"geometry":{"type":"Polygon","coordinates":[[[133.0905758661299,34.61781114090851],[133.0905758661299,34.626804344545754],[133.09956906976714,34.626804344545754],[133.09956906976714,34.61781114090851],[133.0905758661299,34.61781114090851]]]}},{"type":"Feature","properties":{"jobs":0,"pop":36,"pointCount":2,"homeWorkCommuteMedian":7998,"workHomeCommuteMedian":-1},"geometry":{"type":"Polygon","coordinates":[[[133.0905758661299,34.626804344545754],[133.0905758661299,34.635797548183],[133.09956906976714,34.635797548183],[133.09956906976714,34.626804344545754],[133.0905758661299,34.626804344545754]]]}},{"type":"Feature","properties":{"jobs":0,"pop":42,"pointCount":1,"homeWorkCommuteMedian":9642,"workHomeCommuteMedian":-1},"geometry":{"type":"Polygon","coordinates":[[[133.0905758661299,34.644790751820246],[133.0905758661299,34.65378395545749],[133.09956906976714,34.65378395545749],[133.09956906976714,34.644790751820246],[133.0905758661299,34.644790751820246]]]}},{"type":"Feature","properties":{"jobs":0,"pop":55,"pointCount":2,"homeWorkCommuteMedian":30296,"workHomeCommuteMedian":-1},"geometry":{"type":"Polygon","coordinates":[[[133.0905758661299,34.66277715909474],[133.0905758661299,34.67177036273198],[133.09956906976714,34.67177036273198],[133.09956906976714,34.66277715909474],[133.0905758661299,34.66277715909474]]]}},{"type":"Feature","properties":{"jobs":54,"pop":78,"pointCount":4,"homeWorkCommuteMedian":34415,"workHomeCommuteMedian":47331},"geometry":{"type":"Polygon","coordinates":[[[133.09956906976714,34.25808299541867],[133.09956906976714,34.267076199055914],[133.10856227340437,34.267076199055914],[133.10856227340437,34.25808299541867],[133.09956906976714,34.25808299541867]]]}},{"type":"Feature","properties":{"jobs":0,"pop":86,"pointCount":4,"homeWorkCommuteMedian":29835,"workHomeCommuteMedian":-1},"geometry":{"type":"Polygon","coordinates":[[[133.09956906976714,34.267076199055914],[133.09956906976714,34.27606940269316],[133.10856227340437,34.27606940269316],[133.10856227340437,34.267076199055914],[133.09956906976714,34.267076199055914]]]}},{"type":"Feature","properties":{"jobs":479,"pop":161,"pointCount":8,"homeWorkCommuteMedian":28486,"workHomeCommuteMedian":6559},"geometry":{"type":"Polygon","coordinates":[[[133.09956906976714,34.3030490136049],[133.09956906976714,34.312042217242144],[133.10856227340437,34.312042217242144],[133.10856227340437,34.3030490136049],[133.09956906976714,34.3030490136049]]]}},{"type":"Feature","properties":{"jobs":63,"pop":135,"pointCount":5,"homeWorkCommuteMedian":13228,"workHomeCommuteMedian":18036},"geometry":{"type":"Polygon","coordinates":[[[133.09956906976714,34.32103542087939],[133.09956906976714,34.330028624516636],[133.10856227340437,34.330028624516636],[133.10856227340437,34.32103542087939],[133.09956906976714,34.32103542087939]]]}},{"type":"Feature","properties":{"jobs":73,"pop":0,"pointCount":2,"homeWorkCommuteMedian":-1,"workHomeCommuteMedian":13691},"geometry":{"type":"Polygon","coordinates":[[[133.09956906976714,34.38398784634011],[133.09956906976714,34.39298104997736],[133.10856227340437,34.39298104997736],[133.10856227340437,34.38398784634011],[133.09956906976714,34.38398784634011]]]}},{"type":"Feature","properties":{"jobs":497,"pop":1016,"pointCount":8,"homeWorkCommuteMedian":4339,"workHomeCommuteMedian":6791},"geometry":{"type":"Polygon","coordinates":[[[133.09956906976714,34.39298104997736],[133.09956906976714,34.401974253614604],[133.10856227340437,34.401974253614604],[133.10856227340437,34.39298104997736],[133.09956906976714,34.39298104997736]]]}},{"type":"Feature","properties":{"jobs":494,"pop":1600,"pointCount":11,"homeWorkCommuteMedian":5995,"workHomeCommuteMedian":2252},"geometry":{"type":"Polygon","coordinates":[[[133.09956906976714,34.41096745725185],[133.09956906976714,34.419960660889096],[133.10856227340437,34.419960660889096],[133.10856227340437,34.41096745725185],[133.09956906976714,34.41096745725185]]]}},{"type":"Feature","properties":{"jobs":0,"pop":27,"pointCount":1,"homeWorkCommuteMedian":4654,"workHomeCommuteMedian":-1},"geometry":{"type":"Polygon","coordinates":[[[133.09956906976714,34.419960660889096],[133.09956906976714,34.42895386452634],[133.10856227340437,34.42895386452634],[133.10856227340437,34.419960660889096],[133.09956906976714,34.419960660889096]]]}},{"type":"Feature","properties":{"jobs":0,"pop":91,"pointCount":1,"homeWorkCommuteMedian":22394,"workHomeCommuteMedian":-1},"geometry":{"type":"Polygon","coordinates":[[[133.09956906976714,34.47391988271257],[133.09956906976714,34.48291308634982],[133.10856227340437,34.48291308634982],[133.10856227340437,34.47391988271257],[133.09956906976714,34.47391988271257]]]}},{"type":"Feature","properties":{"jobs":44,"pop":94,"pointCount":4,"homeWorkCommuteMedian":25277,"workHomeCommuteMedian":16957},"geometry":{"type":"Polygon","coordinates":[[[133.09956906976714,34.48291308634982],[133.09956906976714,34.491906289987064],[133.10856227340437,34.491906289987064],[133.10856227340437,34.48291308634982],[133.09956906976714,34.48291308634982]]]}},{"type":"Feature","properties":{"jobs":69,"pop":39,"pointCount":3,"homeWorkCommuteMedian":38721,"workHomeCommuteMedian":17305},"geometry":{"type":"Polygon","coordinates":[[[133.09956906976714,34.491906289987064],[133.09956906976714,34.50089949362431],[133.10856227340437,34.50089949362431],[133.10856227340437,34.491906289987064],[133.09956906976714,34.491906289987064]]]}},{"type":"Feature","properties":{"jobs":0,"pop":36,"pointCount":1,"homeWorkCommuteMedian":47070,"workHomeCommuteMedian":-1},"geometry":{"type":"Polygon","coordinates":[[[133.09956906976714,34.50089949362431],[133.09956906976714,34.509892697261556],[133.10856227340437,34.509892697261556],[133.10856227340437,34.50089949362431],[133.09956906976714,34.50089949362431]]]}},{"type":"Feature","properties":{"jobs":0,"pop":85,"pointCount":4,"homeWorkCommuteMedian":6360,"workHomeCommuteMedian":-1},"geometry":{"type":"Polygon","coordinates":[[[133.09956906976714,34.554858715447786],[133.09956906976714,34.56385191908503],[133.10856227340437,34.56385191908503],[133.10856227340437,34.554858715447786],[133.09956906976714,34.554858715447786]]]}},{"type":"Feature","properties":{"jobs":45,"pop":91,"pointCount":3,"homeWorkCommuteMedian":14345,"workHomeCommuteMedian":29568},"geometry":{"type":"Polygon","coordinates":[[[133.09956906976714,34.57284512272228],[133.09956906976714,34.581838326359524],[133.10856227340437,34.581838326359524],[133.10856227340437,34.57284512272228],[133.09956906976714,34.57284512272228]]]}},{"type":"Feature","properties":{"jobs":173,"pop":23,"pointCount":3,"homeWorkCommuteMedian":6410,"workHomeCommuteMedian":11232},"geometry":{"type":"Polygon","coordinates":[[[133.09956906976714,34.581838326359524],[133.09956906976714,34.59083152999677],[133.10856227340437,34.59083152999677],[133.10856227340437,34.581838326359524],[133.09956906976714,34.581838326359524]]]}},{"type":"Feature","properties":{"jobs":0,"pop":27,"pointCount":1,"homeWorkCommuteMedian":4225,"workHomeCommuteMedian":-1},"geometry":{"type":"Polygon","coordinates":[[[133.09956906976714,34.59083152999677],[133.09956906976714,34.599824733634016],[133.10856227340437,34.599824733634016],[133.10856227340437,34.59083152999677],[133.09956906976714,34.59083152999677]]]}},{"type":"Feature","properties":{"jobs":27,"pop":0,"pointCount":1,"homeWorkCommuteMedian":-1,"workHomeCommuteMedian":7571},"geometry":{"type":"Polygon","coordinates":[[[133.09956906976714,34.599824733634016],[133.09956906976714,34.60881793727126],[133.10856227340437,34.60881793727126],[133.10856227340437,34.599824733634016],[133.09956906976714,34.599824733634016]]]}},{"type":"Feature","properties":{"jobs":0,"pop":25,"pointCount":1,"homeWorkCommuteMedian":7445,"workHomeCommuteMedian":-1},"geometry":{"type":"Polygon","coordinates":[[[133.09956906976714,34.61781114090851],[133.09956906976714,34.626804344545754],[133.10856227340437,34.626804344545754],[133.10856227340437,34.61781114090851],[133.09956906976714,34.61781114090851]]]}},{"type":"Feature","properties":{"jobs":88,"pop":80,"pointCount":4,"homeWorkCommuteMedian":6380,"workHomeCommuteMedian":13088},"geometry":{"type":"Polygon","coordinates":[[[133.09956906976714,34.626804344545754],[133.09956906976714,34.635797548183],[133.10856227340437,34.635797548183],[133.10856227340437,34.626804344545754],[133.09956906976714,34.626804344545754]]]}},{"type":"Feature","properties":{"jobs":0,"pop":26,"pointCount":1,"homeWorkCommuteMedian":7723,"workHomeCommuteMedian":-1},"geometry":{"type":"Polygon","coordinates":[[[133.09956906976714,34.644790751820246],[133.09956906976714,34.65378395545749],[133.10856227340437,34.65378395545749],[133.10856227340437,34.644790751820246],[133.09956906976714,34.644790751820246]]]}},{"type":"Feature","properties":{"jobs":81,"pop":125,"pointCount":3,"homeWorkCommuteMedian":25040,"workHomeCommuteMedian":9770},"geometry":{"type":"Polygon","coordinates":[[[133.09956906976714,34.67177036273198],[133.09956906976714,34.68076356636923],[133.10856227340437,34.68076356636923],[133.10856227340437,34.67177036273198],[133.09956906976714,34.67177036273198]]]}},{"type":"Feature","properties":{"jobs":0,"pop":24,"pointCount":1,"homeWorkCommuteMedian":3508,"workHomeCommuteMedian":-1},"geometry":{"type":"Polygon","coordinates":[[[133.09956906976714,34.68076356636923],[133.09956906976714,34.689756770006476],[133.10856227340437,34.689756770006476],[133.10856227340437,34.68076356636923],[133.09956906976714,34.68076356636923]]]}},{"type":"Feature","properties":{"jobs":16,"pop":28,"pointCount":2,"homeWorkCommuteMedian":2550,"workHomeCommuteMedian":3626},"geometry":{"type":"Polygon","coordinates":[[[133.09956906976714,34.689756770006476],[133.09956906976714,34.69874997364372],[133.10856227340437,34.69874997364372],[133.10856227340437,34.689756770006476],[133.09956906976714,34.689756770006476]]]}},{"type":"Feature","properties":{"jobs":56,"pop":196,"pointCount":5,"homeWorkCommuteMedian":5397,"workHomeCommuteMedian":29109},"geometry":{"type":"Polygon","coordinates":[[[133.09956906976714,34.69874997364372],[133.09956906976714,34.70774317728097],[133.10856227340437,34.70774317728097],[133.10856227340437,34.69874997364372],[133.09956906976714,34.69874997364372]]]}},{"type":"Feature","properties":{"jobs":27,"pop":126,"pointCount":5,"homeWorkCommuteMedian":31491,"workHomeCommuteMedian":10449},"geometry":{"type":"Polygon","coordinates":[[[133.10856227340437,34.267076199055914],[133.10856227340437,34.27606940269316],[133.1175554770416,34.27606940269316],[133.1175554770416,34.267076199055914],[133.10856227340437,34.267076199055914]]]}},{"type":"Feature","properties":{"jobs":0,"pop":90,"pointCount":2,"homeWorkCommuteMedian":19567,"workHomeCommuteMedian":-1},"geometry":{"type":"Polygon","coordinates":[[[133.10856227340437,34.27606940269316],[133.10856227340437,34.285062606330406],[133.1175554770416,34.285062606330406],[133.1175554770416,34.27606940269316],[133.10856227340437,34.27606940269316]]]}},{"type":"Feature","properties":{"jobs":120,"pop":450,"pointCount":9,"homeWorkCommuteMedian":26023,"workHomeCommuteMedian":12948},"geometry":{"type":"Polygon","coordinates":[[[133.10856227340437,34.3030490136049],[133.10856227340437,34.312042217242144],[133.1175554770416,34.312042217242144],[133.1175554770416,34.3030490136049],[133.10856227340437,34.3030490136049]]]}},{"type":"Feature","properties":{"jobs":68,"pop":111,"pointCount":5,"homeWorkCommuteMedian":12603,"workHomeCommuteMedian":4593},"geometry":{"type":"Polygon","coordinates":[[[133.10856227340437,34.34801503179113],[133.10856227340437,34.357008235428374],[133.1175554770416,34.357008235428374],[133.1175554770416,34.34801503179113],[133.10856227340437,34.34801503179113]]]}},{"type":"Feature","properties":{"jobs":0,"pop":62,"pointCount":1,"homeWorkCommuteMedian":21391,"workHomeCommuteMedian":-1},"geometry":{"type":"Polygon","coordinates":[[[133.10856227340437,34.357008235428374],[133.10856227340437,34.36600143906562],[133.1175554770416,34.36600143906562],[133.1175554770416,34.357008235428374],[133.10856227340437,34.357008235428374]]]}},{"type":"Feature","properties":{"jobs":388,"pop":531,"pointCount":7,"homeWorkCommuteMedian":5766,"workHomeCommuteMedian":2753},"geometry":{"type":"Polygon","coordinates":[[[133.10856227340437,34.38398784634011],[133.10856227340437,34.39298104997736],[133.1175554770416,34.39298104997736],[133.1175554770416,34.38398784634011],[133.10856227340437,34.38398784634011]]]}},{"type":"Feature","properties":{"jobs":19,"pop":98,"pointCount":1,"homeWorkCommuteMedian":9140,"workHomeCommuteMedian":16818},"geometry":{"type":"Polygon","coordinates":[[[133.10856227340437,34.39298104997736],[133.10856227340437,34.401974253614604],[133.1175554770416,34.401974253614604],[133.1175554770416,34.39298104997736],[133.10856227340437,34.39298104997736]]]}},{"type":"Feature","properties":{"jobs":50,"pop":190,"pointCount":3,"homeWorkCommuteMedian":6595,"workHomeCommuteMedian":6594},"geometry":{"type":"Polygon","coordinates":[[[133.10856227340437,34.41096745725185],[133.10856227340437,34.419960660889096],[133.1175554770416,34.419960660889096],[133.1175554770416,34.41096745725185],[133.10856227340437,34.41096745725185]]]}},{"type":"Feature","properties":{"jobs":1029,"pop":798,"pointCount":10,"homeWorkCommuteMedian":14066,"workHomeCommuteMedian":14034},"geometry":{"type":"Polygon","coordinates":[[[133.10856227340437,34.419960660889096],[133.10856227340437,34.42895386452634],[133.1175554770416,34.42895386452634],[133.1175554770416,34.419960660889096],[133.10856227340437,34.419960660889096]]]}},{"type":"Feature","properties":{"jobs":0,"pop":23,"pointCount":1,"homeWorkCommuteMedian":20962,"workHomeCommuteMedian":-1},"geometry":{"type":"Polygon","coordinates":[[[133.10856227340437,34.48291308634982],[133.10856227340437,34.491906289987064],[133.1175554770416,34.491906289987064],[133.1175554770416,34.48291308634982],[133.10856227340437,34.48291308634982]]]}},{"type":"Feature","properties":{"jobs":129,"pop":153,"pointCount":9,"homeWorkCommuteMedian":13015,"workHomeCommuteMedian":21212},"geometry":{"type":"Polygon","coordinates":[[[133.10856227340437,34.491906289987064],[133.10856227340437,34.50089949362431],[133.1175554770416,34.50089949362431],[133.1175554770416,34.491906289987064],[133.10856227340437,34.491906289987064]]]}},{"type":"Feature","properties":{"jobs":0,"pop":69,"pointCount":1,"homeWorkCommuteMedian":22400,"workHomeCommuteMedian":-1},"geometry":{"type":"Polygon","coordinates":[[[133.10856227340437,34.509892697261556],[133.10856227340437,34.5188859008988],[133.1175554770416,34.5188859008988],[133.1175554770416,34.509892697261556],[133.10856227340437,34.509892697261556]]]}},{"type":"Feature","properties":{"jobs":0,"pop":23,"pointCount":1,"homeWorkCommuteMedian":6308,"workHomeCommuteMedian":-1},"geometry":{"type":"Polygon","coordinates":[[[133.10856227340437,34.536872308173294],[133.10856227340437,34.54586551181054],[133.1175554770416,34.54586551181054],[133.1175554770416,34.536872308173294],[133.10856227340437,34.536872308173294]]]}},{"type":"Feature","properties":{"jobs":0,"pop":19,"pointCount":1,"homeWorkCommuteMedian":8772,"workHomeCommuteMedian":-1},"geometry":{"type":"Polygon","coordinates":[[[133.10856227340437,34.54586551181054],[133.10856227340437,34.554858715447786],[133.1175554770416,34.554858715447786],[133.1175554770416,34.54586551181054],[133.10856227340437,34.54586551181054]]]}},{"type":"Feature","properties":{"jobs":64,"pop":151,"pointCount":5,"homeWorkCommuteMedian":35582,"workHomeCommuteMedian":28441},"geometry":{"type":"Polygon","coordinates":[[[133.10856227340437,34.554858715447786],[133.10856227340437,34.56385191908503],[133.1175554770416,34.56385191908503],[133.1175554770416,34.554858715447786],[133.10856227340437,34.554858715447786]]]}},{"type":"Feature","properties":{"jobs":0,"pop":26,"pointCount":1,"homeWorkCommuteMedian":10162,"workHomeCommuteMedian":-1},"geometry":{"type":"Polygon","coordinates":[[[133.10856227340437,34.61781114090851],[133.10856227340437,34.626804344545754],[133.1175554770416,34.626804344545754],[133.1175554770416,34.61781114090851],[133.10856227340437,34.61781114090851]]]}},{"type":"Feature","properties":{"jobs":0,"pop":46,"pointCount":1,"homeWorkCommuteMedian":6855,"workHomeCommuteMedian":-1},"geometry":{"type":"Polygon","coordinates":[[[133.10856227340437,34.626804344545754],[133.10856227340437,34.635797548183],[133.1175554770416,34.635797548183],[133.1175554770416,34.626804344545754],[133.10856227340437,34.626804344545754]]]}},{"type":"Feature","properties":{"jobs":0,"pop":19,"pointCount":1,"homeWorkCommuteMedian":8745,"workHomeCommuteMedian":-1},"geometry":{"type":"Polygon","coordinates":[[[133.10856227340437,34.635797548183],[133.10856227340437,34.644790751820246],[133.1175554770416,34.644790751820246],[133.1175554770416,34.635797548183],[133.10856227340437,34.635797548183]]]}},{"type":"Feature","properties":{"jobs":90,"pop":0,"pointCount":1,"homeWorkCommuteMedian":-1,"workHomeCommuteMedian":5397},"geometry":{"type":"Polygon","coordinates":[[[133.10856227340437,34.66277715909474],[133.10856227340437,34.67177036273198],[133.1175554770416,34.67177036273198],[133.1175554770416,34.66277715909474],[133.10856227340437,34.66277715909474]]]}},{"type":"Feature","properties":{"jobs":508,"pop":22,"pointCount":2,"homeWorkCommuteMedian":30893,"workHomeCommuteMedian":43730},"geometry":{"type":"Polygon","coordinates":[[[133.10856227340437,34.67177036273198],[133.10856227340437,34.68076356636923],[133.1175554770416,34.68076356636923],[133.1175554770416,34.67177036273198],[133.10856227340437,34.67177036273198]]]}},{"type":"Feature","properties":{"jobs":0,"pop":27,"pointCount":1,"homeWorkCommuteMedian":2064,"workHomeCommuteMedian":-1},"geometry":{"type":"Polygon","coordinates":[[[133.10856227340437,34.68076356636923],[133.10856227340437,34.689756770006476],[133.1175554770416,34.689756770006476],[133.1175554770416,34.68076356636923],[133.10856227340437,34.68076356636923]]]}},{"type":"Feature","properties":{"jobs":382,"pop":286,"pointCount":6,"homeWorkCommuteMedian":30701,"workHomeCommuteMedian":6372},"geometry":{"type":"Polygon","coordinates":[[[133.10856227340437,34.689756770006476],[133.10856227340437,34.69874997364372],[133.1175554770416,34.69874997364372],[133.1175554770416,34.689756770006476],[133.10856227340437,34.689756770006476]]]}},{"type":"Feature","properties":{"jobs":431,"pop":55,"pointCount":8,"homeWorkCommuteMedian":1304,"workHomeCommuteMedian":28298},"geometry":{"type":"Polygon","coordinates":[[[133.10856227340437,34.69874997364372],[133.10856227340437,34.70774317728097],[133.1175554770416,34.70774317728097],[133.1175554770416,34.69874997364372],[133.10856227340437,34.69874997364372]]]}},{"type":"Feature","properties":{"jobs":26,"pop":0,"pointCount":1,"homeWorkCommuteMedian":-1,"workHomeCommuteMedian":41194},"geometry":{"type":"Polygon","coordinates":[[[133.10856227340437,34.70774317728097],[133.10856227340437,34.71673638091821],[133.1175554770416,34.71673638091821],[133.1175554770416,34.70774317728097],[133.10856227340437,34.70774317728097]]]}},{"type":"Feature","properties":{"jobs":18,"pop":92,"pointCount":4,"homeWorkCommuteMedian":31372,"workHomeCommuteMedian":36120},"geometry":{"type":"Polygon","coordinates":[[[133.10856227340437,34.71673638091821],[133.10856227340437,34.72572958455546],[133.1175554770416,34.72572958455546],[133.1175554770416,34.71673638091821],[133.10856227340437,34.71673638091821]]]}},{"type":"Feature","properties":{"jobs":42,"pop":92,"pointCount":4,"homeWorkCommuteMedian":42450,"workHomeCommuteMedian":9755},"geometry":{"type":"Polygon","coordinates":[[[133.1175554770416,34.27606940269316],[133.1175554770416,34.285062606330406],[133.12654868067884,34.285062606330406],[133.12654868067884,34.27606940269316],[133.1175554770416,34.27606940269316]]]}},{"type":"Feature","properties":{"jobs":0,"pop":29,"pointCount":1,"homeWorkCommuteMedian":26884,"workHomeCommuteMedian":-1},"geometry":{"type":"Polygon","coordinates":[[[133.1175554770416,34.29405580996765],[133.1175554770416,34.3030490136049],[133.12654868067884,34.3030490136049],[133.12654868067884,34.29405580996765],[133.1175554770416,34.29405580996765]]]}},{"type":"Feature","properties":{"jobs":154,"pop":288,"pointCount":9,"homeWorkCommuteMedian":25318,"workHomeCommuteMedian":23395},"geometry":{"type":"Polygon","coordinates":[[[133.1175554770416,34.3030490136049],[133.1175554770416,34.312042217242144],[133.12654868067884,34.312042217242144],[133.12654868067884,34.3030490136049],[133.1175554770416,34.3030490136049]]]}},{"type":"Feature","properties":{"jobs":170,"pop":0,"pointCount":1,"homeWorkCommuteMedian":-1,"workHomeCommuteMedian":17522},"geometry":{"type":"Polygon","coordinates":[[[133.1175554770416,34.312042217242144],[133.1175554770416,34.32103542087939],[133.12654868067884,34.32103542087939],[133.12654868067884,34.312042217242144],[133.1175554770416,34.312042217242144]]]}},{"type":"Feature","properties":{"jobs":46,"pop":89,"pointCount":5,"homeWorkCommuteMedian":16971,"workHomeCommuteMedian":21059},"geometry":{"type":"Polygon","coordinates":[[[133.1175554770416,34.330028624516636],[133.1175554770416,34.33902182815388],[133.12654868067884,34.33902182815388],[133.12654868067884,34.330028624516636],[133.1175554770416,34.330028624516636]]]}},{"type":"Feature","properties":{"jobs":36,"pop":0,"pointCount":1,"homeWorkCommuteMedian":-1,"workHomeCommuteMedian":15590},"geometry":{"type":"Polygon","coordinates":[[[133.1175554770416,34.374994642702866],[133.1175554770416,34.38398784634011],[133.12654868067884,34.38398784634011],[133.12654868067884,34.374994642702866],[133.1175554770416,34.374994642702866]]]}},{"type":"Feature","properties":{"jobs":68,"pop":0,"pointCount":1,"homeWorkCommuteMedian":-1,"workHomeCommuteMedian":16411},"geometry":{"type":"Polygon","coordinates":[[[133.1175554770416,34.401974253614604],[133.1175554770416,34.41096745725185],[133.12654868067884,34.41096745725185],[133.12654868067884,34.401974253614604],[133.1175554770416,34.401974253614604]]]}},{"type":"Feature","properties":{"jobs":40,"pop":0,"pointCount":1,"homeWorkCommuteMedian":-1,"workHomeCommuteMedian":15710},"geometry":{"type":"Polygon","coordinates":[[[133.1175554770416,34.41096745725185],[133.1175554770416,34.419960660889096],[133.12654868067884,34.419960660889096],[133.12654868067884,34.41096745725185],[133.1175554770416,34.41096745725185]]]}},{"type":"Feature","properties":{"jobs":32,"pop":151,"pointCount":4,"homeWorkCommuteMedian":5412,"workHomeCommuteMedian":5679},"geometry":{"type":"Polygon","coordinates":[[[133.1175554770416,34.419960660889096],[133.1175554770416,34.42895386452634],[133.12654868067884,34.42895386452634],[133.12654868067884,34.419960660889096],[133.1175554770416,34.419960660889096]]]}},{"type":"Feature","properties":{"jobs":0,"pop":39,"pointCount":2,"homeWorkCommuteMedian":20938,"workHomeCommuteMedian":-1},"geometry":{"type":"Polygon","coordinates":[[[133.1175554770416,34.42895386452634],[133.1175554770416,34.43794706816359],[133.12654868067884,34.43794706816359],[133.12654868067884,34.42895386452634],[133.1175554770416,34.42895386452634]]]}},{"type":"Feature","properties":{"jobs":152,"pop":117,"pointCount":6,"homeWorkCommuteMedian":20401,"workHomeCommuteMedian":19734},"geometry":{"type":"Polygon","coordinates":[[[133.1175554770416,34.491906289987064],[133.1175554770416,34.50089949362431],[133.12654868067884,34.50089949362431],[133.12654868067884,34.491906289987064],[133.1175554770416,34.491906289987064]]]}},{"type":"Feature","properties":{"jobs":123,"pop":65,"pointCount":4,"homeWorkCommuteMedian":3015,"workHomeCommuteMedian":4447},"geometry":{"type":"Polygon","coordinates":[[[133.1175554770416,34.50089949362431],[133.1175554770416,34.509892697261556],[133.12654868067884,34.509892697261556],[133.12654868067884,34.50089949362431],[133.1175554770416,34.50089949362431]]]}},{"type":"Feature","properties":{"jobs":31,"pop":54,"pointCount":2,"homeWorkCommuteMedian":4572,"workHomeCommuteMedian":29998},"geometry":{"type":"Polygon","coordinates":[[[133.1175554770416,34.5188859008988],[133.1175554770416,34.52787910453605],[133.12654868067884,34.52787910453605],[133.12654868067884,34.5188859008988],[133.1175554770416,34.5188859008988]]]}},{"type":"Feature","properties":{"jobs":15,"pop":0,"pointCount":1,"homeWorkCommuteMedian":-1,"workHomeCommuteMedian":19727},"geometry":{"type":"Polygon","coordinates":[[[133.1175554770416,34.536872308173294],[133.1175554770416,34.54586551181054],[133.12654868067884,34.54586551181054],[133.12654868067884,34.536872308173294],[133.1175554770416,34.536872308173294]]]}},{"type":"Feature","properties":{"jobs":0,"pop":16,"pointCount":1,"homeWorkCommuteMedian":9256,"workHomeCommuteMedian":-1},"geometry":{"type":"Polygon","coordinates":[[[133.1175554770416,34.54586551181054],[133.1175554770416,34.554858715447786],[133.12654868067884,34.554858715447786],[133.12654868067884,34.54586551181054],[133.1175554770416,34.54586551181054]]]}},{"type":"Feature","properties":{"jobs":131,"pop":29,"pointCount":2,"homeWorkCommuteMedian":7816,"workHomeCommuteMedian":25354},"geometry":{"type":"Polygon","coordinates":[[[133.1175554770416,34.554858715447786],[133.1175554770416,34.56385191908503],[133.12654868067884,34.56385191908503],[133.12654868067884,34.554858715447786],[133.1175554770416,34.554858715447786]]]}},{"type":"Feature","properties":{"jobs":17,"pop":42,"pointCount":1,"homeWorkCommuteMedian":11078,"workHomeCommuteMedian":24071},"geometry":{"type":"Polygon","coordinates":[[[133.1175554770416,34.56385191908503],[133.1175554770416,34.57284512272228],[133.12654868067884,34.57284512272228],[133.12654868067884,34.56385191908503],[133.1175554770416,34.56385191908503]]]}},{"type":"Feature","properties":{"jobs":20,"pop":29,"pointCount":1,"homeWorkCommuteMedian":8246,"workHomeCommuteMedian":21138},"geometry":{"type":"Polygon","coordinates":[[[133.1175554770416,34.61781114090851],[133.1175554770416,34.626804344545754],[133.12654868067884,34.626804344545754],[133.12654868067884,34.61781114090851],[133.1175554770416,34.61781114090851]]]}},{"type":"Feature","properties":{"jobs":5,"pop":49,"pointCount":2,"homeWorkCommuteMedian":6316,"workHomeCommuteMedian":357},"geometry":{"type":"Polygon","coordinates":[[[133.1175554770416,34.644790751820246],[133.1175554770416,34.65378395545749],[133.12654868067884,34.65378395545749],[133.12654868067884,34.644790751820246],[133.1175554770416,34.644790751820246]]]}},{"type":"Feature","properties":{"jobs":88,"pop":82,"pointCount":3,"homeWorkCommuteMedian":4378,"workHomeCommuteMedian":2360},"geometry":{"type":"Polygon","coordinates":[[[133.1175554770416,34.66277715909474],[133.1175554770416,34.67177036273198],[133.12654868067884,34.67177036273198],[133.12654868067884,34.66277715909474],[133.1175554770416,34.66277715909474]]]}},{"type":"Feature","properties":{"jobs":326,"pop":60,"pointCount":6,"homeWorkCommuteMedian":42201,"workHomeCommuteMedian":9746},"geometry":{"type":"Polygon","coordinates":[[[133.1175554770416,34.68076356636923],[133.1175554770416,34.689756770006476],[133.12654868067884,34.689756770006476],[133.12654868067884,34.68076356636923],[133.1175554770416,34.68076356636923]]]}},{"type":"Feature","properties":{"jobs":605,"pop":341,"pointCount":12,"homeWorkCommuteMedian":29880,"workHomeCommuteMedian":16401},"geometry":{"type":"Polygon","coordinates":[[[133.1175554770416,34.689756770006476],[133.1175554770416,34.69874997364372],[133.12654868067884,34.69874997364372],[133.12654868067884,34.689756770006476],[133.1175554770416,34.689756770006476]]]}},{"type":"Feature","properties":{"jobs":0,"pop":61,"pointCount":1,"homeWorkCommuteMedian":45087,"workHomeCommuteMedian":-1},"geometry":{"type":"Polygon","coordinates":[[[133.1175554770416,34.71673638091821],[133.1175554770416,34.72572958455546],[133.12654868067884,34.72572958455546],[133.12654868067884,34.71673638091821],[133.1175554770416,34.71673638091821]]]}},{"type":"Feature","properties":{"jobs":0,"pop":23,"pointCount":1,"homeWorkCommuteMedian":11496,"workHomeCommuteMedian":-1},"geometry":{"type":"Polygon","coordinates":[[[133.12654868067884,34.240096588144176],[133.12654868067884,34.24908979178142],[133.13554188431607,34.24908979178142],[133.13554188431607,34.240096588144176],[133.12654868067884,34.240096588144176]]]}},{"type":"Feature","properties":{"jobs":33,"pop":45,"pointCount":2,"homeWorkCommuteMedian":1280,"workHomeCommuteMedian":866},"geometry":{"type":"Polygon","coordinates":[[[133.12654868067884,34.24908979178142],[133.12654868067884,34.25808299541867],[133.13554188431607,34.25808299541867],[133.13554188431607,34.24908979178142],[133.12654868067884,34.24908979178142]]]}},{"type":"Feature","properties":{"jobs":63,"pop":0,"pointCount":2,"homeWorkCommuteMedian":-1,"workHomeCommuteMedian":2540},"geometry":{"type":"Polygon","coordinates":[[[133.12654868067884,34.25808299541867],[133.12654868067884,34.267076199055914],[133.13554188431607,34.267076199055914],[133.13554188431607,34.25808299541867],[133.12654868067884,34.25808299541867]]]}},{"type":"Feature","properties":{"jobs":122,"pop":166,"pointCount":7,"homeWorkCommuteMedian":23010,"workHomeCommuteMedian":7558},"geometry":{"type":"Polygon","coordinates":[[[133.12654868067884,34.27606940269316],[133.12654868067884,34.285062606330406],[133.13554188431607,34.285062606330406],[133.13554188431607,34.27606940269316],[133.12654868067884,34.27606940269316]]]}},{"type":"Feature","properties":{"jobs":0,"pop":39,"pointCount":2,"homeWorkCommuteMedian":8206,"workHomeCommuteMedian":-1},"geometry":{"type":"Polygon","coordinates":[[[133.12654868067884,34.285062606330406],[133.12654868067884,34.29405580996765],[133.13554188431607,34.29405580996765],[133.13554188431607,34.285062606330406],[133.12654868067884,34.285062606330406]]]}},{"type":"Feature","properties":{"jobs":0,"pop":48,"pointCount":1,"homeWorkCommuteMedian":9821,"workHomeCommuteMedian":-1},"geometry":{"type":"Polygon","coordinates":[[[133.12654868067884,34.29405580996765],[133.12654868067884,34.3030490136049],[133.13554188431607,34.3030490136049],[133.13554188431607,34.29405580996765],[133.12654868067884,34.29405580996765]]]}},{"type":"Feature","properties":{"jobs":48,"pop":320,"pointCount":7,"homeWorkCommuteMedian":4382,"workHomeCommuteMedian":11174},"geometry":{"type":"Polygon","coordinates":[[[133.12654868067884,34.3030490136049],[133.12654868067884,34.312042217242144],[133.13554188431607,34.312042217242144],[133.13554188431607,34.3030490136049],[133.12654868067884,34.3030490136049]]]}},{"type":"Feature","properties":{"jobs":118,"pop":112,"pointCount":5,"homeWorkCommuteMedian":22661,"workHomeCommuteMedian":37332},"geometry":{"type":"Polygon","coordinates":[[[133.12654868067884,34.312042217242144],[133.12654868067884,34.32103542087939],[133.13554188431607,34.32103542087939],[133.13554188431607,34.312042217242144],[133.12654868067884,34.312042217242144]]]}},{"type":"Feature","properties":{"jobs":137,"pop":55,"pointCount":1,"homeWorkCommuteMedian":21636,"workHomeCommuteMedian":42736},"geometry":{"type":"Polygon","coordinates":[[[133.12654868067884,34.32103542087939],[133.12654868067884,34.330028624516636],[133.13554188431607,34.330028624516636],[133.13554188431607,34.32103542087939],[133.12654868067884,34.32103542087939]]]}},{"type":"Feature","properties":{"jobs":79,"pop":55,"pointCount":2,"homeWorkCommuteMedian":13417,"workHomeCommuteMedian":13843},"geometry":{"type":"Polygon","coordinates":[[[133.12654868067884,34.330028624516636],[133.12654868067884,34.33902182815388],[133.13554188431607,34.33902182815388],[133.13554188431607,34.330028624516636],[133.12654868067884,34.330028624516636]]]}},{"type":"Feature","properties":{"jobs":0,"pop":34,"pointCount":1,"homeWorkCommuteMedian":2945,"workHomeCommuteMedian":-1},"geometry":{"type":"Polygon","coordinates":[[[133.12654868067884,34.38398784634011],[133.12654868067884,34.39298104997736],[133.13554188431607,34.39298104997736],[133.13554188431607,34.38398784634011],[133.12654868067884,34.38398784634011]]]}},{"type":"Feature","properties":{"jobs":16,"pop":21,"pointCount":1,"homeWorkCommuteMedian":7702,"workHomeCommuteMedian":9157},"geometry":{"type":"Polygon","coordinates":[[[133.12654868067884,34.419960660889096],[133.12654868067884,34.42895386452634],[133.13554188431607,34.42895386452634],[133.13554188431607,34.419960660889096],[133.12654868067884,34.419960660889096]]]}},{"type":"Feature","properties":{"jobs":92,"pop":100,"pointCount":4,"homeWorkCommuteMedian":7938,"workHomeCommuteMedian":7564},"geometry":{"type":"Polygon","coordinates":[[[133.12654868067884,34.42895386452634],[133.12654868067884,34.43794706816359],[133.13554188431607,34.43794706816359],[133.13554188431607,34.42895386452634],[133.12654868067884,34.42895386452634]]]}},{"type":"Feature","properties":{"jobs":0,"pop":41,"pointCount":1,"homeWorkCommuteMedian":8186,"workHomeCommuteMedian":-1},"geometry":{"type":"Polygon","coordinates":[[[133.12654868067884,34.43794706816359],[133.12654868067884,34.446940271800834],[133.13554188431607,34.446940271800834],[133.13554188431607,34.43794706816359],[133.12654868067884,34.43794706816359]]]}},{"type":"Feature","properties":{"jobs":0,"pop":118,"pointCount":2,"homeWorkCommuteMedian":14447,"workHomeCommuteMedian":-1},"geometry":{"type":"Polygon","coordinates":[[[133.12654868067884,34.491906289987064],[133.12654868067884,34.50089949362431],[133.13554188431607,34.50089949362431],[133.13554188431607,34.491906289987064],[133.12654868067884,34.491906289987064]]]}},{"type":"Feature","properties":{"jobs":46,"pop":122,"pointCount":6,"homeWorkCommuteMedian":18428,"workHomeCommuteMedian":23772},"geometry":{"type":"Polygon","coordinates":[[[133.12654868067884,34.50089949362431],[133.12654868067884,34.509892697261556],[133.13554188431607,34.509892697261556],[133.13554188431607,34.50089949362431],[133.12654868067884,34.50089949362431]]]}},{"type":"Feature","properties":{"jobs":109,"pop":128,"pointCount":2,"homeWorkCommuteMedian":15272,"workHomeCommuteMedian":25040},"geometry":{"type":"Polygon","coordinates":[[[133.12654868067884,34.509892697261556],[133.12654868067884,34.5188859008988],[133.13554188431607,34.5188859008988],[133.13554188431607,34.509892697261556],[133.12654868067884,34.509892697261556]]]}},{"type":"Feature","properties":{"jobs":0,"pop":15,"pointCount":1,"homeWorkCommuteMedian":23415,"workHomeCommuteMedian":-1},"geometry":{"type":"Polygon","coordinates":[[[133.12654868067884,34.5188859008988],[133.12654868067884,34.52787910453605],[133.13554188431607,34.52787910453605],[133.13554188431607,34.5188859008988],[133.12654868067884,34.5188859008988]]]}},{"type":"Feature","properties":{"jobs":22,"pop":0,"pointCount":1,"homeWorkCommuteMedian":-1,"workHomeCommuteMedian":18433},"geometry":{"type":"Polygon","coordinates":[[[133.12654868067884,34.57284512272228],[133.12654868067884,34.581838326359524],[133.13554188431607,34.581838326359524],[133.13554188431607,34.57284512272228],[133.12654868067884,34.57284512272228]]]}},{"type":"Feature","properties":{"jobs":0,"pop":16,"pointCount":1,"homeWorkCommuteMedian":5703,"workHomeCommuteMedian":-1},"geometry":{"type":"Polygon","coordinates":[[[133.12654868067884,34.65378395545749],[133.12654868067884,34.66277715909474],[133.13554188431607,34.66277715909474],[133.13554188431607,34.65378395545749],[133.12654868067884,34.65378395545749]]]}},{"type":"Feature","properties":{"jobs":15,"pop":57,"pointCount":3,"homeWorkCommuteMedian":24998,"workHomeCommuteMedian":28608},"geometry":{"type":"Polygon","coordinates":[[[133.12654868067884,34.66277715909474],[133.12654868067884,34.67177036273198],[133.13554188431607,34.67177036273198],[133.13554188431607,34.66277715909474],[133.12654868067884,34.66277715909474]]]}},{"type":"Feature","properties":{"jobs":0,"pop":22,"pointCount":1,"homeWorkCommuteMedian":21903,"workHomeCommuteMedian":-1},"geometry":{"type":"Polygon","coordinates":[[[133.12654868067884,34.68076356636923],[133.12654868067884,34.689756770006476],[133.13554188431607,34.689756770006476],[133.13554188431607,34.68076356636923],[133.12654868067884,34.68076356636923]]]}},{"type":"Feature","properties":{"jobs":201,"pop":162,"pointCount":7,"homeWorkCommuteMedian":30030,"workHomeCommuteMedian":5102},"geometry":{"type":"Polygon","coordinates":[[[133.12654868067884,34.689756770006476],[133.12654868067884,34.69874997364372],[133.13554188431607,34.69874997364372],[133.13554188431607,34.689756770006476],[133.12654868067884,34.689756770006476]]]}},{"type":"Feature","properties":{"jobs":106,"pop":98,"pointCount":4,"homeWorkCommuteMedian":3444,"workHomeCommuteMedian":3528},"geometry":{"type":"Polygon","coordinates":[[[133.12654868067884,34.69874997364372],[133.12654868067884,34.70774317728097],[133.13554188431607,34.70774317728097],[133.13554188431607,34.69874997364372],[133.12654868067884,34.69874997364372]]]}},{"type":"Feature","properties":{"jobs":46,"pop":22,"pointCount":1,"homeWorkCommuteMedian":26666,"workHomeCommuteMedian":33741},"geometry":{"type":"Polygon","coordinates":[[[133.12654868067884,34.70774317728097],[133.12654868067884,34.71673638091821],[133.13554188431607,34.71673638091821],[133.13554188431607,34.70774317728097],[133.12654868067884,34.70774317728097]]]}},{"type":"Feature","properties":{"jobs":0,"pop":28,"pointCount":1,"homeWorkCommuteMedian":5646,"workHomeCommuteMedian":-1},"geometry":{"type":"Polygon","coordinates":[[[133.12654868067884,34.72572958455546],[133.12654868067884,34.734722788192705],[133.13554188431607,34.734722788192705],[133.13554188431607,34.72572958455546],[133.12654868067884,34.72572958455546]]]}},{"type":"Feature","properties":{"jobs":0,"pop":20,"pointCount":1,"homeWorkCommuteMedian":36416,"workHomeCommuteMedian":-1},"geometry":{"type":"Polygon","coordinates":[[[133.12654868067884,34.734722788192705],[133.12654868067884,34.74371599182995],[133.13554188431607,34.74371599182995],[133.13554188431607,34.734722788192705],[133.12654868067884,34.734722788192705]]]}},{"type":"Feature","properties":{"jobs":145,"pop":113,"pointCount":6,"homeWorkCommuteMedian":6170,"workHomeCommuteMedian":3427},"geometry":{"type":"Polygon","coordinates":[[[133.13554188431607,34.240096588144176],[133.13554188431607,34.24908979178142],[133.1445350879533,34.24908979178142],[133.1445350879533,34.240096588144176],[133.13554188431607,34.240096588144176]]]}},{"type":"Feature","properties":{"jobs":0,"pop":36,"pointCount":1,"homeWorkCommuteMedian":12423,"workHomeCommuteMedian":-1},"geometry":{"type":"Polygon","coordinates":[[[133.13554188431607,34.24908979178142],[133.13554188431607,34.25808299541867],[133.1445350879533,34.25808299541867],[133.1445350879533,34.24908979178142],[133.13554188431607,34.24908979178142]]]}},{"type":"Feature","properties":{"jobs":0,"pop":39,"pointCount":2,"homeWorkCommuteMedian":2863,"workHomeCommuteMedian":-1},"geometry":{"type":"Polygon","coordinates":[[[133.13554188431607,34.25808299541867],[133.13554188431607,34.267076199055914],[133.1445350879533,34.267076199055914],[133.1445350879533,34.25808299541867],[133.13554188431607,34.25808299541867]]]}},{"type":"Feature","properties":{"jobs":36,"pop":15,"pointCount":2,"homeWorkCommuteMedian":6237,"workHomeCommuteMedian":35392},"geometry":{"type":"Polygon","coordinates":[[[133.13554188431607,34.267076199055914],[133.13554188431607,34.27606940269316],[133.1445350879533,34.27606940269316],[133.1445350879533,34.267076199055914],[133.13554188431607,34.267076199055914]]]}},{"type":"Feature","properties":{"jobs":37,"pop":75,"pointCount":2,"homeWorkCommuteMedian":8214,"workHomeCommuteMedian":3218},"geometry":{"type":"Polygon","coordinates":[[[133.13554188431607,34.27606940269316],[133.13554188431607,34.285062606330406],[133.1445350879533,34.285062606330406],[133.1445350879533,34.27606940269316],[133.13554188431607,34.27606940269316]]]}},{"type":"Feature","properties":{"jobs":38,"pop":190,"pointCount":4,"homeWorkCommuteMedian":8156,"workHomeCommuteMedian":2697},"geometry":{"type":"Polygon","coordinates":[[[133.13554188431607,34.285062606330406],[133.13554188431607,34.29405580996765],[133.1445350879533,34.29405580996765],[133.1445350879533,34.285062606330406],[133.13554188431607,34.285062606330406]]]}},{"type":"Feature","properties":{"jobs":45,"pop":43,"pointCount":1,"homeWorkCommuteMedian":5733,"workHomeCommuteMedian":36402},"geometry":{"type":"Polygon","coordinates":[[[133.13554188431607,34.3030490136049],[133.13554188431607,34.312042217242144],[133.1445350879533,34.312042217242144],[133.1445350879533,34.3030490136049],[133.13554188431607,34.3030490136049]]]}},{"type":"Feature","properties":{"jobs":40,"pop":0,"pointCount":2,"homeWorkCommuteMedian":-1,"workHomeCommuteMedian":9275},"geometry":{"type":"Polygon","coordinates":[[[133.13554188431607,34.312042217242144],[133.13554188431607,34.32103542087939],[133.1445350879533,34.32103542087939],[133.1445350879533,34.312042217242144],[133.13554188431607,34.312042217242144]]]}},{"type":"Feature","properties":{"jobs":851,"pop":27,"pointCount":7,"homeWorkCommuteMedian":11427,"workHomeCommuteMedian":18939},"geometry":{"type":"Polygon","coordinates":[[[133.13554188431607,34.32103542087939],[133.13554188431607,34.330028624516636],[133.1445350879533,34.330028624516636],[133.1445350879533,34.32103542087939],[133.13554188431607,34.32103542087939]]]}},{"type":"Feature","properties":{"jobs":26,"pop":91,"pointCount":2,"homeWorkCommuteMedian":13310,"workHomeCommuteMedian":41749},"geometry":{"type":"Polygon","coordinates":[[[133.13554188431607,34.330028624516636],[133.13554188431607,34.33902182815388],[133.1445350879533,34.33902182815388],[133.1445350879533,34.330028624516636],[133.13554188431607,34.330028624516636]]]}},{"type":"Feature","properties":{"jobs":89,"pop":267,"pointCount":4,"homeWorkCommuteMedian":10343,"workHomeCommuteMedian":1620},"geometry":{"type":"Polygon","coordinates":[[[133.13554188431607,34.33902182815388],[133.13554188431607,34.34801503179113],[133.1445350879533,34.34801503179113],[133.1445350879533,34.33902182815388],[133.13554188431607,34.33902182815388]]]}},{"type":"Feature","properties":{"jobs":102,"pop":235,"pointCount":4,"homeWorkCommuteMedian":9808,"workHomeCommuteMedian":6242},"geometry":{"type":"Polygon","coordinates":[[[133.13554188431607,34.38398784634011],[133.13554188431607,34.39298104997736],[133.1445350879533,34.39298104997736],[133.1445350879533,34.38398784634011],[133.13554188431607,34.38398784634011]]]}},{"type":"Feature","properties":{"jobs":139,"pop":105,"pointCount":6,"homeWorkCommuteMedian":19853,"workHomeCommuteMedian":10386},"geometry":{"type":"Polygon","coordinates":[[[133.13554188431607,34.42895386452634],[133.13554188431607,34.43794706816359],[133.1445350879533,34.43794706816359],[133.1445350879533,34.42895386452634],[133.13554188431607,34.42895386452634]]]}},{"type":"Feature","properties":{"jobs":122,"pop":85,"pointCount":2,"homeWorkCommuteMedian":6562,"workHomeCommuteMedian":8208},"geometry":{"type":"Polygon","coordinates":[[[133.13554188431607,34.43794706816359],[133.13554188431607,34.446940271800834],[133.1445350879533,34.446940271800834],[133.1445350879533,34.43794706816359],[133.13554188431607,34.43794706816359]]]}},{"type":"Feature","properties":{"jobs":50,"pop":205,"pointCount":2,"homeWorkCommuteMedian":14507,"workHomeCommuteMedian":37544},"geometry":{"type":"Polygon","coordinates":[[[133.13554188431607,34.50089949362431],[133.13554188431607,34.509892697261556],[133.1445350879533,34.509892697261556],[133.1445350879533,34.50089949362431],[133.13554188431607,34.50089949362431]]]}},{"type":"Feature","properties":{"jobs":411,"pop":207,"pointCount":7,"homeWorkCommuteMedian":18696,"workHomeCommuteMedian":6544},"geometry":{"type":"Polygon","coordinates":[[[133.13554188431607,34.509892697261556],[133.13554188431607,34.5188859008988],[133.1445350879533,34.5188859008988],[133.1445350879533,34.509892697261556],[133.13554188431607,34.509892697261556]]]}},{"type":"Feature","properties":{"jobs":430,"pop":94,"pointCount":4,"homeWorkCommuteMedian":32564,"workHomeCommuteMedian":19415},"geometry":{"type":"Polygon","coordinates":[[[133.13554188431607,34.5188859008988],[133.13554188431607,34.52787910453605],[133.1445350879533,34.52787910453605],[133.1445350879533,34.5188859008988],[133.13554188431607,34.5188859008988]]]}},{"type":"Feature","properties":{"jobs":139,"pop":17,"pointCount":2,"homeWorkCommuteMedian":15465,"workHomeCommuteMedian":19857},"geometry":{"type":"Polygon","coordinates":[[[133.13554188431607,34.52787910453605],[133.13554188431607,34.536872308173294],[133.1445350879533,34.536872308173294],[133.1445350879533,34.52787910453605],[133.13554188431607,34.52787910453605]]]}},{"type":"Feature","properties":{"jobs":16,"pop":32,"pointCount":2,"homeWorkCommuteMedian":3983,"workHomeCommuteMedian":21604},"geometry":{"type":"Polygon","coordinates":[[[133.13554188431607,34.536872308173294],[133.13554188431607,34.54586551181054],[133.1445350879533,34.54586551181054],[133.1445350879533,34.536872308173294],[133.13554188431607,34.536872308173294]]]}},{"type":"Feature","properties":{"jobs":0,"pop":18,"pointCount":1,"homeWorkCommuteMedian":6590,"workHomeCommuteMedian":-1},"geometry":{"type":"Polygon","coordinates":[[[133.13554188431607,34.554858715447786],[133.13554188431607,34.56385191908503],[133.1445350879533,34.56385191908503],[133.1445350879533,34.554858715447786],[133.13554188431607,34.554858715447786]]]}},{"type":"Feature","properties":{"jobs":51,"pop":77,"pointCount":3,"homeWorkCommuteMedian":5052,"workHomeCommuteMedian":14948},"geometry":{"type":"Polygon","coordinates":[[[133.13554188431607,34.67177036273198],[133.13554188431607,34.68076356636923],[133.1445350879533,34.68076356636923],[133.1445350879533,34.67177036273198],[133.13554188431607,34.67177036273198]]]}},{"type":"Feature","properties":{"jobs":13,"pop":40,"pointCount":3,"homeWorkCommuteMedian":2636,"workHomeCommuteMedian":8885},"geometry":{"type":"Polygon","coordinates":[[[133.13554188431607,34.69874997364372],[133.13554188431607,34.70774317728097],[133.1445350879533,34.70774317728097],[133.1445350879533,34.69874997364372],[133.13554188431607,34.69874997364372]]]}},{"type":"Feature","properties":{"jobs":0,"pop":75,"pointCount":2,"homeWorkCommuteMedian":3920,"workHomeCommuteMedian":-1},"geometry":{"type":"Polygon","coordinates":[[[133.13554188431607,34.70774317728097],[133.13554188431607,34.71673638091821],[133.1445350879533,34.71673638091821],[133.1445350879533,34.70774317728097],[133.13554188431607,34.70774317728097]]]}},{"type":"Feature","properties":{"jobs":0,"pop":33,"pointCount":1,"homeWorkCommuteMedian":54649,"workHomeCommuteMedian":-1},"geometry":{"type":"Polygon","coordinates":[[[133.13554188431607,34.71673638091821],[133.13554188431607,34.72572958455546],[133.1445350879533,34.72572958455546],[133.1445350879533,34.71673638091821],[133.13554188431607,34.71673638091821]]]}},{"type":"Feature","properties":{"jobs":86,"pop":47,"pointCount":2,"homeWorkCommuteMedian":7658,"workHomeCommuteMedian":13179},"geometry":{"type":"Polygon","coordinates":[[[133.13554188431607,34.734722788192705],[133.13554188431607,34.74371599182995],[133.1445350879533,34.74371599182995],[133.1445350879533,34.734722788192705],[133.13554188431607,34.734722788192705]]]}},{"type":"Feature","properties":{"jobs":3,"pop":0,"pointCount":1,"homeWorkCommuteMedian":-1,"workHomeCommuteMedian":7645},"geometry":{"type":"Polygon","coordinates":[[[133.13554188431607,34.78868201001618],[133.13554188431607,34.79767521365343],[133.1445350879533,34.79767521365343],[133.1445350879533,34.78868201001618],[133.13554188431607,34.78868201001618]]]}},{"type":"Feature","properties":{"jobs":206,"pop":215,"pointCount":7,"homeWorkCommuteMedian":8574,"workHomeCommuteMedian":7413},"geometry":{"type":"Polygon","coordinates":[[[133.1445350879533,34.240096588144176],[133.1445350879533,34.24908979178142],[133.15352829159053,34.24908979178142],[133.15352829159053,34.240096588144176],[133.1445350879533,34.240096588144176]]]}},{"type":"Feature","properties":{"jobs":26,"pop":45,"pointCount":2,"homeWorkCommuteMedian":10449,"workHomeCommuteMedian":6237},"geometry":{"type":"Polygon","coordinates":[[[133.1445350879533,34.24908979178142],[133.1445350879533,34.25808299541867],[133.15352829159053,34.25808299541867],[133.15352829159053,34.24908979178142],[133.1445350879533,34.24908979178142]]]}},{"type":"Feature","properties":{"jobs":61,"pop":413,"pointCount":8,"homeWorkCommuteMedian":4196,"workHomeCommuteMedian":8149},"geometry":{"type":"Polygon","coordinates":[[[133.1445350879533,34.267076199055914],[133.1445350879533,34.27606940269316],[133.15352829159053,34.27606940269316],[133.15352829159053,34.267076199055914],[133.1445350879533,34.267076199055914]]]}},{"type":"Feature","properties":{"jobs":248,"pop":25,"pointCount":3,"homeWorkCommuteMedian":6108,"workHomeCommuteMedian":5463},"geometry":{"type":"Polygon","coordinates":[[[133.1445350879533,34.27606940269316],[133.1445350879533,34.285062606330406],[133.15352829159053,34.285062606330406],[133.15352829159053,34.27606940269316],[133.1445350879533,34.27606940269316]]]}},{"type":"Feature","properties":{"jobs":76,"pop":158,"pointCount":4,"homeWorkCommuteMedian":9380,"workHomeCommuteMedian":3504},"geometry":{"type":"Polygon","coordinates":[[[133.1445350879533,34.285062606330406],[133.1445350879533,34.29405580996765],[133.15352829159053,34.29405580996765],[133.15352829159053,34.285062606330406],[133.1445350879533,34.285062606330406]]]}},{"type":"Feature","properties":{"jobs":169,"pop":105,"pointCount":3,"homeWorkCommuteMedian":8271,"workHomeCommuteMedian":13379},"geometry":{"type":"Polygon","coordinates":[[[133.1445350879533,34.29405580996765],[133.1445350879533,34.3030490136049],[133.15352829159053,34.3030490136049],[133.15352829159053,34.29405580996765],[133.1445350879533,34.29405580996765]]]}},{"type":"Feature","properties":{"jobs":164,"pop":80,"pointCount":1,"homeWorkCommuteMedian":6358,"workHomeCommuteMedian":16384},"geometry":{"type":"Polygon","coordinates":[[[133.1445350879533,34.3030490136049],[133.1445350879533,34.312042217242144],[133.15352829159053,34.312042217242144],[133.15352829159053,34.3030490136049],[133.1445350879533,34.3030490136049]]]}},{"type":"Feature","properties":{"jobs":1015,"pop":622,"pointCount":12,"homeWorkCommuteMedian":4296,"workHomeCommuteMedian":13994},"geometry":{"type":"Polygon","coordinates":[[[133.1445350879533,34.312042217242144],[133.1445350879533,34.32103542087939],[133.15352829159053,34.32103542087939],[133.15352829159053,34.312042217242144],[133.1445350879533,34.312042217242144]]]}},{"type":"Feature","properties":{"jobs":171,"pop":49,"pointCount":3,"homeWorkCommuteMedian":8340,"workHomeCommuteMedian":32414},"geometry":{"type":"Polygon","coordinates":[[[133.1445350879533,34.32103542087939],[133.1445350879533,34.330028624516636],[133.15352829159053,34.330028624516636],[133.15352829159053,34.32103542087939],[133.1445350879533,34.32103542087939]]]}},{"type":"Feature","properties":{"jobs":24,"pop":102,"pointCount":2,"homeWorkCommuteMedian":17020,"workHomeCommuteMedian":32945},"geometry":{"type":"Polygon","coordinates":[[[133.1445350879533,34.330028624516636],[133.1445350879533,34.33902182815388],[133.15352829159053,34.33902182815388],[133.15352829159053,34.330028624516636],[133.1445350879533,34.330028624516636]]]}},{"type":"Feature","properties":{"jobs":322,"pop":763,"pointCount":12,"homeWorkCommuteMedian":15322,"workHomeCommuteMedian":2200},"geometry":{"type":"Polygon","coordinates":[[[133.1445350879533,34.33902182815388],[133.1445350879533,34.34801503179113],[133.15352829159053,34.34801503179113],[133.15352829159053,34.33902182815388],[133.1445350879533,34.33902182815388]]]}},{"type":"Feature","properties":{"jobs":1206,"pop":394,"pointCount":8,"homeWorkCommuteMedian":4134,"workHomeCommuteMedian":10535},"geometry":{"type":"Polygon","coordinates":[[[133.1445350879533,34.34801503179113],[133.1445350879533,34.357008235428374],[133.15352829159053,34.357008235428374],[133.15352829159053,34.34801503179113],[133.1445350879533,34.34801503179113]]]}},{"type":"Feature","properties":{"jobs":39,"pop":31,"pointCount":1,"homeWorkCommuteMedian":22587,"workHomeCommuteMedian":38514},"geometry":{"type":"Polygon","coordinates":[[[133.1445350879533,34.38398784634011],[133.1445350879533,34.39298104997736],[133.15352829159053,34.39298104997736],[133.15352829159053,34.38398784634011],[133.1445350879533,34.38398784634011]]]}},{"type":"Feature","properties":{"jobs":167,"pop":160,"pointCount":6,"homeWorkCommuteMedian":5934,"workHomeCommuteMedian":13950},"geometry":{"type":"Polygon","coordinates":[[[133.1445350879533,34.39298104997736],[133.1445350879533,34.401974253614604],[133.15352829159053,34.401974253614604],[133.15352829159053,34.39298104997736],[133.1445350879533,34.39298104997736]]]}},{"type":"Feature","properties":{"jobs":15,"pop":85,"pointCount":3,"homeWorkCommuteMedian":13950,"workHomeCommuteMedian":43428},"geometry":{"type":"Polygon","coordinates":[[[133.1445350879533,34.43794706816359],[133.1445350879533,34.446940271800834],[133.15352829159053,34.446940271800834],[133.15352829159053,34.43794706816359],[133.1445350879533,34.43794706816359]]]}},{"type":"Feature","properties":{"jobs":0,"pop":64,"pointCount":3,"homeWorkCommuteMedian":4188,"workHomeCommuteMedian":-1},"geometry":{"type":"Polygon","coordinates":[[[133.1445350879533,34.446940271800834],[133.1445350879533,34.45593347543808],[133.15352829159053,34.45593347543808],[133.15352829159053,34.446940271800834],[133.1445350879533,34.446940271800834]]]}},{"type":"Feature","properties":{"jobs":25,"pop":31,"pointCount":1,"homeWorkCommuteMedian":7300,"workHomeCommuteMedian":12362},"geometry":{"type":"Polygon","coordinates":[[[133.1445350879533,34.45593347543808],[133.1445350879533,34.464926679075326],[133.15352829159053,34.464926679075326],[133.15352829159053,34.45593347543808],[133.1445350879533,34.45593347543808]]]}},{"type":"Feature","properties":{"jobs":0,"pop":71,"pointCount":2,"homeWorkCommuteMedian":24524,"workHomeCommuteMedian":-1},"geometry":{"type":"Polygon","coordinates":[[[133.1445350879533,34.464926679075326],[133.1445350879533,34.47391988271257],[133.15352829159053,34.47391988271257],[133.15352829159053,34.464926679075326],[133.1445350879533,34.464926679075326]]]}},{"type":"Feature","properties":{"jobs":20,"pop":0,"pointCount":1,"homeWorkCommuteMedian":-1,"workHomeCommuteMedian":20022},"geometry":{"type":"Polygon","coordinates":[[[133.1445350879533,34.491906289987064],[133.1445350879533,34.50089949362431],[133.15352829159053,34.50089949362431],[133.15352829159053,34.491906289987064],[133.1445350879533,34.491906289987064]]]}},{"type":"Feature","properties":{"jobs":46,"pop":148,"pointCount":4,"homeWorkCommuteMedian":3528,"workHomeCommuteMedian":16905},"geometry":{"type":"Polygon","coordinates":[[[133.1445350879533,34.50089949362431],[133.1445350879533,34.509892697261556],[133.15352829159053,34.509892697261556],[133.15352829159053,34.50089949362431],[133.1445350879533,34.50089949362431]]]}},{"type":"Feature","properties":{"jobs":1401,"pop":674,"pointCount":19,"homeWorkCommuteMedian":17209,"workHomeCommuteMedian":15285},"geometry":{"type":"Polygon","coordinates":[[[133.1445350879533,34.509892697261556],[133.1445350879533,34.5188859008988],[133.15352829159053,34.5188859008988],[133.15352829159053,34.509892697261556],[133.1445350879533,34.509892697261556]]]}},{"type":"Feature","properties":{"jobs":41,"pop":47,"pointCount":1,"homeWorkCommuteMedian":18223,"workHomeCommuteMedian":24526},"geometry":{"type":"Polygon","coordinates":[[[133.1445350879533,34.5188859008988],[133.1445350879533,34.52787910453605],[133.15352829159053,34.52787910453605],[133.15352829159053,34.5188859008988],[133.1445350879533,34.5188859008988]]]}},{"type":"Feature","properties":{"jobs":19,"pop":26,"pointCount":2,"homeWorkCommuteMedian":5505,"workHomeCommuteMedian":25620},"geometry":{"type":"Polygon","coordinates":[[[133.1445350879533,34.54586551181054],[133.1445350879533,34.554858715447786],[133.15352829159053,34.554858715447786],[133.15352829159053,34.54586551181054],[133.1445350879533,34.54586551181054]]]}},{"type":"Feature","properties":{"jobs":0,"pop":57,"pointCount":1,"homeWorkCommuteMedian":19208,"workHomeCommuteMedian":-1},"geometry":{"type":"Polygon","coordinates":[[[133.1445350879533,34.554858715447786],[133.1445350879533,34.56385191908503],[133.15352829159053,34.56385191908503],[133.15352829159053,34.554858715447786],[133.1445350879533,34.554858715447786]]]}},{"type":"Feature","properties":{"jobs":0,"pop":31,"pointCount":1,"homeWorkCommuteMedian":54548,"workHomeCommuteMedian":-1},"geometry":{"type":"Polygon","coordinates":[[[133.1445350879533,34.644790751820246],[133.1445350879533,34.65378395545749],[133.15352829159053,34.65378395545749],[133.15352829159053,34.644790751820246],[133.1445350879533,34.644790751820246]]]}},{"type":"Feature","properties":{"jobs":2,"pop":18,"pointCount":2,"homeWorkCommuteMedian":24452,"workHomeCommuteMedian":4507},"geometry":{"type":"Polygon","coordinates":[[[133.1445350879533,34.66277715909474],[133.1445350879533,34.67177036273198],[133.15352829159053,34.67177036273198],[133.15352829159053,34.66277715909474],[133.1445350879533,34.66277715909474]]]}},{"type":"Feature","properties":{"jobs":0,"pop":74,"pointCount":1,"homeWorkCommuteMedian":6372,"workHomeCommuteMedian":-1},"geometry":{"type":"Polygon","coordinates":[[[133.1445350879533,34.68076356636923],[133.1445350879533,34.689756770006476],[133.15352829159053,34.689756770006476],[133.15352829159053,34.68076356636923],[133.1445350879533,34.68076356636923]]]}},{"type":"Feature","properties":{"jobs":0,"pop":33,"pointCount":1,"homeWorkCommuteMedian":6736,"workHomeCommuteMedian":-1},"geometry":{"type":"Polygon","coordinates":[[[133.1445350879533,34.71673638091821],[133.1445350879533,34.72572958455546],[133.15352829159053,34.72572958455546],[133.15352829159053,34.71673638091821],[133.1445350879533,34.71673638091821]]]}},{"type":"Feature","properties":{"jobs":0,"pop":11,"pointCount":1,"homeWorkCommuteMedian":19917,"workHomeCommuteMedian":-1},"geometry":{"type":"Polygon","coordinates":[[[133.1445350879533,34.80666841729067],[133.1445350879533,34.81566162092792],[133.15352829159053,34.81566162092792],[133.15352829159053,34.80666841729067],[133.1445350879533,34.80666841729067]]]}},{"type":"Feature","properties":{"jobs":9,"pop":4,"pointCount":1,"homeWorkCommuteMedian":32450,"workHomeCommuteMedian":7161},"geometry":{"type":"Polygon","coordinates":[[[133.1445350879533,34.81566162092792],[133.1445350879533,34.824654824565165],[133.15352829159053,34.824654824565165],[133.15352829159053,34.81566162092792],[133.1445350879533,34.81566162092792]]]}},{"type":"Feature","properties":{"jobs":56,"pop":79,"pointCount":3,"homeWorkCommuteMedian":11206,"workHomeCommuteMedian":14590},"geometry":{"type":"Polygon","coordinates":[[[133.15352829159053,34.24908979178142],[133.15352829159053,34.25808299541867],[133.16252149522776,34.25808299541867],[133.16252149522776,34.24908979178142],[133.15352829159053,34.24908979178142]]]}},{"type":"Feature","properties":{"jobs":0,"pop":86,"pointCount":2,"homeWorkCommuteMedian":3351,"workHomeCommuteMedian":-1},"geometry":{"type":"Polygon","coordinates":[[[133.15352829159053,34.25808299541867],[133.15352829159053,34.267076199055914],[133.16252149522776,34.267076199055914],[133.16252149522776,34.25808299541867],[133.15352829159053,34.25808299541867]]]}},{"type":"Feature","properties":{"jobs":0,"pop":127,"pointCount":3,"homeWorkCommuteMedian":6919,"workHomeCommuteMedian":-1},"geometry":{"type":"Polygon","coordinates":[[[133.15352829159053,34.267076199055914],[133.15352829159053,34.27606940269316],[133.16252149522776,34.27606940269316],[133.16252149522776,34.267076199055914],[133.15352829159053,34.267076199055914]]]}},{"type":"Feature","properties":{"jobs":233,"pop":461,"pointCount":7,"homeWorkCommuteMedian":5314,"workHomeCommuteMedian":2908},"geometry":{"type":"Polygon","coordinates":[[[133.15352829159053,34.29405580996765],[133.15352829159053,34.3030490136049],[133.16252149522776,34.3030490136049],[133.16252149522776,34.29405580996765],[133.15352829159053,34.29405580996765]]]}},{"type":"Feature","properties":{"jobs":0,"pop":57,"pointCount":2,"homeWorkCommuteMedian":7938,"workHomeCommuteMedian":-1},"geometry":{"type":"Polygon","coordinates":[[[133.15352829159053,34.3030490136049],[133.15352829159053,34.312042217242144],[133.16252149522776,34.312042217242144],[133.16252149522776,34.3030490136049],[133.15352829159053,34.3030490136049]]]}},{"type":"Feature","properties":{"jobs":114,"pop":119,"pointCount":3,"homeWorkCommuteMedian":14249,"workHomeCommuteMedian":9926},"geometry":{"type":"Polygon","coordinates":[[[133.15352829159053,34.312042217242144],[133.15352829159053,34.32103542087939],[133.16252149522776,34.32103542087939],[133.16252149522776,34.312042217242144],[133.15352829159053,34.312042217242144]]]}},{"type":"Feature","properties":{"jobs":204,"pop":262,"pointCount":6,"homeWorkCommuteMedian":14800,"workHomeCommuteMedian":10790},"geometry":{"type":"Polygon","coordinates":[[[133.15352829159053,34.330028624516636],[133.15352829159053,34.33902182815388],[133.16252149522776,34.33902182815388],[133.16252149522776,34.330028624516636],[133.15352829159053,34.330028624516636]]]}},{"type":"Feature","properties":{"jobs":19,"pop":52,"pointCount":2,"homeWorkCommuteMedian":2551,"workHomeCommuteMedian":18009},"geometry":{"type":"Polygon","coordinates":[[[133.15352829159053,34.33902182815388],[133.15352829159053,34.34801503179113],[133.16252149522776,34.34801503179113],[133.16252149522776,34.33902182815388],[133.15352829159053,34.33902182815388]]]}},{"type":"Feature","properties":{"jobs":0,"pop":21,"pointCount":1,"homeWorkCommuteMedian":13829,"workHomeCommuteMedian":-1},"geometry":{"type":"Polygon","coordinates":[[[133.15352829159053,34.34801503179113],[133.15352829159053,34.357008235428374],[133.16252149522776,34.357008235428374],[133.16252149522776,34.34801503179113],[133.15352829159053,34.34801503179113]]]}},{"type":"Feature","properties":{"jobs":29,"pop":57,"pointCount":2,"homeWorkCommuteMedian":18459,"workHomeCommuteMedian":19152},"geometry":{"type":"Polygon","coordinates":[[[133.15352829159053,34.374994642702866],[133.15352829159053,34.38398784634011],[133.16252149522776,34.38398784634011],[133.16252149522776,34.374994642702866],[133.15352829159053,34.374994642702866]]]}},{"type":"Feature","properties":{"jobs":0,"pop":40,"pointCount":1,"homeWorkCommuteMedian":19087,"workHomeCommuteMedian":-1},"geometry":{"type":"Polygon","coordinates":[[[133.15352829159053,34.38398784634011],[133.15352829159053,34.39298104997736],[133.16252149522776,34.39298104997736],[133.16252149522776,34.38398784634011],[133.15352829159053,34.38398784634011]]]}},{"type":"Feature","properties":{"jobs":404,"pop":404,"pointCount":6,"homeWorkCommuteMedian":6546,"workHomeCommuteMedian":10214},"geometry":{"type":"Polygon","coordinates":[[[133.15352829159053,34.39298104997736],[133.15352829159053,34.401974253614604],[133.16252149522776,34.401974253614604],[133.16252149522776,34.39298104997736],[133.15352829159053,34.39298104997736]]]}},{"type":"Feature","properties":{"jobs":0,"pop":81,"pointCount":2,"homeWorkCommuteMedian":969,"workHomeCommuteMedian":-1},"geometry":{"type":"Polygon","coordinates":[[[133.15352829159053,34.401974253614604],[133.15352829159053,34.41096745725185],[133.16252149522776,34.41096745725185],[133.16252149522776,34.401974253614604],[133.15352829159053,34.401974253614604]]]}},{"type":"Feature","properties":{"jobs":23,"pop":266,"pointCount":5,"homeWorkCommuteMedian":7024,"workHomeCommuteMedian":12616},"geometry":{"type":"Polygon","coordinates":[[[133.15352829159053,34.41096745725185],[133.15352829159053,34.419960660889096],[133.16252149522776,34.419960660889096],[133.16252149522776,34.41096745725185],[133.15352829159053,34.41096745725185]]]}},{"type":"Feature","properties":{"jobs":1314,"pop":217,"pointCount":6,"homeWorkCommuteMedian":8916,"workHomeCommuteMedian":20508},"geometry":{"type":"Polygon","coordinates":[[[133.15352829159053,34.419960660889096],[133.15352829159053,34.42895386452634],[133.16252149522776,34.42895386452634],[133.16252149522776,34.419960660889096],[133.15352829159053,34.419960660889096]]]}},{"type":"Feature","properties":{"jobs":36,"pop":133,"pointCount":3,"homeWorkCommuteMedian":17188,"workHomeCommuteMedian":7553},"geometry":{"type":"Polygon","coordinates":[[[133.15352829159053,34.446940271800834],[133.15352829159053,34.45593347543808],[133.16252149522776,34.45593347543808],[133.16252149522776,34.446940271800834],[133.15352829159053,34.446940271800834]]]}},{"type":"Feature","properties":{"jobs":21,"pop":39,"pointCount":3,"homeWorkCommuteMedian":4372,"workHomeCommuteMedian":21086},"geometry":{"type":"Polygon","coordinates":[[[133.15352829159053,34.45593347543808],[133.15352829159053,34.464926679075326],[133.16252149522776,34.464926679075326],[133.16252149522776,34.45593347543808],[133.15352829159053,34.45593347543808]]]}},{"type":"Feature","properties":{"jobs":29,"pop":58,"pointCount":4,"homeWorkCommuteMedian":8944,"workHomeCommuteMedian":3661},"geometry":{"type":"Polygon","coordinates":[[[133.15352829159053,34.464926679075326],[133.15352829159053,34.47391988271257],[133.16252149522776,34.47391988271257],[133.16252149522776,34.464926679075326],[133.15352829159053,34.464926679075326]]]}},{"type":"Feature","properties":{"jobs":0,"pop":32,"pointCount":1,"homeWorkCommuteMedian":12606,"workHomeCommuteMedian":-1},"geometry":{"type":"Polygon","coordinates":[[[133.15352829159053,34.47391988271257],[133.15352829159053,34.48291308634982],[133.16252149522776,34.48291308634982],[133.16252149522776,34.47391988271257],[133.15352829159053,34.47391988271257]]]}},{"type":"Feature","properties":{"jobs":74,"pop":114,"pointCount":3,"homeWorkCommuteMedian":12185,"workHomeCommuteMedian":18641},"geometry":{"type":"Polygon","coordinates":[[[133.15352829159053,34.48291308634982],[133.15352829159053,34.491906289987064],[133.16252149522776,34.491906289987064],[133.16252149522776,34.48291308634982],[133.15352829159053,34.48291308634982]]]}},{"type":"Feature","properties":{"jobs":0,"pop":2,"pointCount":1,"homeWorkCommuteMedian":20515,"workHomeCommuteMedian":-1},"geometry":{"type":"Polygon","coordinates":[[[133.15352829159053,34.509892697261556],[133.15352829159053,34.5188859008988],[133.16252149522776,34.5188859008988],[133.16252149522776,34.509892697261556],[133.15352829159053,34.509892697261556]]]}},{"type":"Feature","properties":{"jobs":76,"pop":184,"pointCount":5,"homeWorkCommuteMedian":17294,"workHomeCommuteMedian":5168},"geometry":{"type":"Polygon","coordinates":[[[133.15352829159053,34.5188859008988],[133.15352829159053,34.52787910453605],[133.16252149522776,34.52787910453605],[133.16252149522776,34.5188859008988],[133.15352829159053,34.5188859008988]]]}},{"type":"Feature","properties":{"jobs":0,"pop":45,"pointCount":1,"homeWorkCommuteMedian":7436,"workHomeCommuteMedian":-1},"geometry":{"type":"Polygon","coordinates":[[[133.15352829159053,34.54586551181054],[133.15352829159053,34.554858715447786],[133.16252149522776,34.554858715447786],[133.16252149522776,34.54586551181054],[133.15352829159053,34.54586551181054]]]}},{"type":"Feature","properties":{"jobs":0,"pop":17,"pointCount":1,"homeWorkCommuteMedian":20434,"workHomeCommuteMedian":-1},"geometry":{"type":"Polygon","coordinates":[[[133.15352829159053,34.57284512272228],[133.15352829159053,34.581838326359524],[133.16252149522776,34.581838326359524],[133.16252149522776,34.57284512272228],[133.15352829159053,34.57284512272228]]]}},{"type":"Feature","properties":{"jobs":16,"pop":0,"pointCount":1,"homeWorkCommuteMedian":-1,"workHomeCommuteMedian":4378},"geometry":{"type":"Polygon","coordinates":[[[133.15352829159053,34.67177036273198],[133.15352829159053,34.68076356636923],[133.16252149522776,34.68076356636923],[133.16252149522776,34.67177036273198],[133.15352829159053,34.67177036273198]]]}},{"type":"Feature","properties":{"jobs":0,"pop":35,"pointCount":1,"homeWorkCommuteMedian":9500,"workHomeCommuteMedian":-1},"geometry":{"type":"Polygon","coordinates":[[[133.15352829159053,34.734722788192705],[133.15352829159053,34.74371599182995],[133.16252149522776,34.74371599182995],[133.16252149522776,34.734722788192705],[133.15352829159053,34.734722788192705]]]}},{"type":"Feature","properties":{"jobs":0,"pop":12,"pointCount":1,"homeWorkCommuteMedian":7270,"workHomeCommuteMedian":-1},"geometry":{"type":"Polygon","coordinates":[[[133.15352829159053,34.779688806378935],[133.15352829159053,34.78868201001618],[133.16252149522776,34.78868201001618],[133.16252149522776,34.779688806378935],[133.15352829159053,34.779688806378935]]]}},{"type":"Feature","properties":{"jobs":0,"pop":10,"pointCount":1,"homeWorkCommuteMedian":16271,"workHomeCommuteMedian":-1},"geometry":{"type":"Polygon","coordinates":[[[133.15352829159053,34.78868201001618],[133.15352829159053,34.79767521365343],[133.16252149522776,34.79767521365343],[133.16252149522776,34.78868201001618],[133.15352829159053,34.78868201001618]]]}},{"type":"Feature","properties":{"jobs":0,"pop":21,"pointCount":1,"homeWorkCommuteMedian":2004,"workHomeCommuteMedian":-1},"geometry":{"type":"Polygon","coordinates":[[[133.15352829159053,34.80666841729067],[133.15352829159053,34.81566162092792],[133.16252149522776,34.81566162092792],[133.16252149522776,34.80666841729067],[133.15352829159053,34.80666841729067]]]}},{"type":"Feature","properties":{"jobs":170,"pop":0,"pointCount":1,"homeWorkCommuteMedian":-1,"workHomeCommuteMedian":29859},"geometry":{"type":"Polygon","coordinates":[[[133.16252149522776,34.25808299541867],[133.16252149522776,34.267076199055914],[133.171514698865,34.267076199055914],[133.171514698865,34.25808299541867],[133.16252149522776,34.25808299541867]]]}},{"type":"Feature","properties":{"jobs":0,"pop":73,"pointCount":2,"homeWorkCommuteMedian":6156,"workHomeCommuteMedian":-1},"geometry":{"type":"Polygon","coordinates":[[[133.16252149522776,34.267076199055914],[133.16252149522776,34.27606940269316],[133.171514698865,34.27606940269316],[133.171514698865,34.267076199055914],[133.16252149522776,34.267076199055914]]]}},{"type":"Feature","properties":{"jobs":781,"pop":765,"pointCount":13,"homeWorkCommuteMedian":19394,"workHomeCommuteMedian":8800},"geometry":{"type":"Polygon","coordinates":[[[133.16252149522776,34.29405580996765],[133.16252149522776,34.3030490136049],[133.171514698865,34.3030490136049],[133.171514698865,34.29405580996765],[133.16252149522776,34.29405580996765]]]}},{"type":"Feature","properties":{"jobs":91,"pop":153,"pointCount":3,"homeWorkCommuteMedian":3308,"workHomeCommuteMedian":4382},"geometry":{"type":"Polygon","coordinates":[[[133.16252149522776,34.3030490136049],[133.16252149522776,34.312042217242144],[133.171514698865,34.312042217242144],[133.171514698865,34.3030490136049],[133.16252149522776,34.3030490136049]]]}},{"type":"Feature","properties":{"jobs":78,"pop":212,"pointCount":5,"homeWorkCommuteMedian":14357,"workHomeCommuteMedian":2826},"geometry":{"type":"Polygon","coordinates":[[[133.16252149522776,34.312042217242144],[133.16252149522776,34.32103542087939],[133.171514698865,34.32103542087939],[133.171514698865,34.312042217242144],[133.16252149522776,34.312042217242144]]]}},{"type":"Feature","properties":{"jobs":325,"pop":798,"pointCount":10,"homeWorkCommuteMedian":9728,"workHomeCommuteMedian":14174},"geometry":{"type":"Polygon","coordinates":[[[133.16252149522776,34.32103542087939],[133.16252149522776,34.330028624516636],[133.171514698865,34.330028624516636],[133.171514698865,34.32103542087939],[133.16252149522776,34.32103542087939]]]}},{"type":"Feature","properties":{"jobs":144,"pop":628,"pointCount":7,"homeWorkCommuteMedian":11186,"workHomeCommuteMedian":35334},"geometry":{"type":"Polygon","coordinates":[[[133.16252149522776,34.330028624516636],[133.16252149522776,34.33902182815388],[133.171514698865,34.33902182815388],[133.171514698865,34.330028624516636],[133.16252149522776,34.330028624516636]]]}},{"type":"Feature","properties":{"jobs":34,"pop":49,"pointCount":3,"homeWorkCommuteMedian":10540,"workHomeCommuteMedian":11391},"geometry":{"type":"Polygon","coordinates":[[[133.16252149522776,34.34801503179113],[133.16252149522776,34.357008235428374],[133.171514698865,34.357008235428374],[133.171514698865,34.34801503179113],[133.16252149522776,34.34801503179113]]]}},{"type":"Feature","properties":{"jobs":25,"pop":132,"pointCount":6,"homeWorkCommuteMedian":15916,"workHomeCommuteMedian":30539},"geometry":{"type":"Polygon","coordinates":[[[133.16252149522776,34.374994642702866],[133.16252149522776,34.38398784634011],[133.171514698865,34.38398784634011],[133.171514698865,34.374994642702866],[133.16252149522776,34.374994642702866]]]}},{"type":"Feature","properties":{"jobs":0,"pop":75,"pointCount":1,"homeWorkCommuteMedian":23791,"workHomeCommuteMedian":-1},"geometry":{"type":"Polygon","coordinates":[[[133.16252149522776,34.38398784634011],[133.16252149522776,34.39298104997736],[133.171514698865,34.39298104997736],[133.171514698865,34.38398784634011],[133.16252149522776,34.38398784634011]]]}},{"type":"Feature","properties":{"jobs":980,"pop":926,"pointCount":11,"homeWorkCommuteMedian":9818,"workHomeCommuteMedian":9178},"geometry":{"type":"Polygon","coordinates":[[[133.16252149522776,34.39298104997736],[133.16252149522776,34.401974253614604],[133.171514698865,34.401974253614604],[133.171514698865,34.39298104997736],[133.16252149522776,34.39298104997736]]]}},{"type":"Feature","properties":{"jobs":880,"pop":1027,"pointCount":15,"homeWorkCommuteMedian":7396,"workHomeCommuteMedian":9632},"geometry":{"type":"Polygon","coordinates":[[[133.16252149522776,34.401974253614604],[133.16252149522776,34.41096745725185],[133.171514698865,34.41096745725185],[133.171514698865,34.401974253614604],[133.16252149522776,34.401974253614604]]]}},{"type":"Feature","properties":{"jobs":34,"pop":15,"pointCount":2,"homeWorkCommuteMedian":4157,"workHomeCommuteMedian":3684},"geometry":{"type":"Polygon","coordinates":[[[133.16252149522776,34.41096745725185],[133.16252149522776,34.419960660889096],[133.171514698865,34.419960660889096],[133.171514698865,34.41096745725185],[133.16252149522776,34.41096745725185]]]}},{"type":"Feature","properties":{"jobs":0,"pop":88,"pointCount":4,"homeWorkCommuteMedian":17908,"workHomeCommuteMedian":-1},"geometry":{"type":"Polygon","coordinates":[[[133.16252149522776,34.419960660889096],[133.16252149522776,34.42895386452634],[133.171514698865,34.42895386452634],[133.171514698865,34.419960660889096],[133.16252149522776,34.419960660889096]]]}},{"type":"Feature","properties":{"jobs":0,"pop":19,"pointCount":1,"homeWorkCommuteMedian":4292,"workHomeCommuteMedian":-1},"geometry":{"type":"Polygon","coordinates":[[[133.16252149522776,34.42895386452634],[133.16252149522776,34.43794706816359],[133.171514698865,34.43794706816359],[133.171514698865,34.42895386452634],[133.16252149522776,34.42895386452634]]]}},{"type":"Feature","properties":{"jobs":4045,"pop":27,"pointCount":8,"homeWorkCommuteMedian":2864,"workHomeCommuteMedian":12438},"geometry":{"type":"Polygon","coordinates":[[[133.16252149522776,34.43794706816359],[133.16252149522776,34.446940271800834],[133.171514698865,34.446940271800834],[133.171514698865,34.43794706816359],[133.16252149522776,34.43794706816359]]]}},{"type":"Feature","properties":{"jobs":147,"pop":175,"pointCount":7,"homeWorkCommuteMedian":10023,"workHomeCommuteMedian":4261},"geometry":{"type":"Polygon","coordinates":[[[133.16252149522776,34.446940271800834],[133.16252149522776,34.45593347543808],[133.171514698865,34.45593347543808],[133.171514698865,34.446940271800834],[133.16252149522776,34.446940271800834]]]}},{"type":"Feature","properties":{"jobs":133,"pop":207,"pointCount":6,"homeWorkCommuteMedian":3422,"workHomeCommuteMedian":1663},"geometry":{"type":"Polygon","coordinates":[[[133.16252149522776,34.45593347543808],[133.16252149522776,34.464926679075326],[133.171514698865,34.464926679075326],[133.171514698865,34.45593347543808],[133.16252149522776,34.45593347543808]]]}},{"type":"Feature","properties":{"jobs":0,"pop":66,"pointCount":2,"homeWorkCommuteMedian":11426,"workHomeCommuteMedian":-1},"geometry":{"type":"Polygon","coordinates":[[[133.16252149522776,34.47391988271257],[133.16252149522776,34.48291308634982],[133.171514698865,34.48291308634982],[133.171514698865,34.47391988271257],[133.16252149522776,34.47391988271257]]]}},{"type":"Feature","properties":{"jobs":0,"pop":18,"pointCount":1,"homeWorkCommuteMedian":16397,"workHomeCommuteMedian":-1},"geometry":{"type":"Polygon","coordinates":[[[133.16252149522776,34.48291308634982],[133.16252149522776,34.491906289987064],[133.171514698865,34.491906289987064],[133.171514698865,34.48291308634982],[133.16252149522776,34.48291308634982]]]}},{"type":"Feature","properties":{"jobs":69,"pop":14,"pointCount":2,"homeWorkCommuteMedian":10386,"workHomeCommuteMedian":27028},"geometry":{"type":"Polygon","coordinates":[[[133.16252149522776,34.491906289987064],[133.16252149522776,34.50089949362431],[133.171514698865,34.50089949362431],[133.171514698865,34.491906289987064],[133.16252149522776,34.491906289987064]]]}},{"type":"Feature","properties":{"jobs":2,"pop":55,"pointCount":2,"homeWorkCommuteMedian":18514,"workHomeCommuteMedian":19621},"geometry":{"type":"Polygon","coordinates":[[[133.16252149522776,34.50089949362431],[133.16252149522776,34.509892697261556],[133.171514698865,34.509892697261556],[133.171514698865,34.50089949362431],[133.16252149522776,34.50089949362431]]]}},{"type":"Feature","properties":{"jobs":36,"pop":133,"pointCount":5,"homeWorkCommuteMedian":15583,"workHomeCommuteMedian":20010},"geometry":{"type":"Polygon","coordinates":[[[133.16252149522776,34.5188859008988],[133.16252149522776,34.52787910453605],[133.171514698865,34.52787910453605],[133.171514698865,34.5188859008988],[133.16252149522776,34.5188859008988]]]}},{"type":"Feature","properties":{"jobs":42,"pop":258,"pointCount":6,"homeWorkCommuteMedian":21132,"workHomeCommuteMedian":20323},"geometry":{"type":"Polygon","coordinates":[[[133.16252149522776,34.52787910453605],[133.16252149522776,34.536872308173294],[133.171514698865,34.536872308173294],[133.171514698865,34.52787910453605],[133.16252149522776,34.52787910453605]]]}},{"type":"Feature","properties":{"jobs":6,"pop":0,"pointCount":1,"homeWorkCommuteMedian":-1,"workHomeCommuteMedian":1141},"geometry":{"type":"Polygon","coordinates":[[[133.16252149522776,34.554858715447786],[133.16252149522776,34.56385191908503],[133.171514698865,34.56385191908503],[133.171514698865,34.554858715447786],[133.16252149522776,34.554858715447786]]]}},{"type":"Feature","properties":{"jobs":66,"pop":210,"pointCount":4,"homeWorkCommuteMedian":32772,"workHomeCommuteMedian":44061},"geometry":{"type":"Polygon","coordinates":[[[133.16252149522776,34.581838326359524],[133.16252149522776,34.59083152999677],[133.171514698865,34.59083152999677],[133.171514698865,34.581838326359524],[133.16252149522776,34.581838326359524]]]}},{"type":"Feature","properties":{"jobs":35,"pop":136,"pointCount":4,"homeWorkCommuteMedian":17476,"workHomeCommuteMedian":17931},"geometry":{"type":"Polygon","coordinates":[[[133.16252149522776,34.59083152999677],[133.16252149522776,34.599824733634016],[133.171514698865,34.599824733634016],[133.171514698865,34.59083152999677],[133.16252149522776,34.59083152999677]]]}},{"type":"Feature","properties":{"jobs":0,"pop":53,"pointCount":2,"homeWorkCommuteMedian":29264,"workHomeCommuteMedian":-1},"geometry":{"type":"Polygon","coordinates":[[[133.16252149522776,34.66277715909474],[133.16252149522776,34.67177036273198],[133.171514698865,34.67177036273198],[133.171514698865,34.66277715909474],[133.16252149522776,34.66277715909474]]]}},{"type":"Feature","properties":{"jobs":0,"pop":17,"pointCount":1,"homeWorkCommuteMedian":21987,"workHomeCommuteMedian":-1},"geometry":{"type":"Polygon","coordinates":[[[133.16252149522776,34.68076356636923],[133.16252149522776,34.689756770006476],[133.171514698865,34.689756770006476],[133.171514698865,34.68076356636923],[133.16252149522776,34.68076356636923]]]}},{"type":"Feature","properties":{"jobs":0,"pop":24,"pointCount":1,"homeWorkCommuteMedian":5848,"workHomeCommuteMedian":-1},"geometry":{"type":"Polygon","coordinates":[[[133.16252149522776,34.689756770006476],[133.16252149522776,34.69874997364372],[133.171514698865,34.69874997364372],[133.171514698865,34.689756770006476],[133.16252149522776,34.689756770006476]]]}},{"type":"Feature","properties":{"jobs":0,"pop":29,"pointCount":1,"homeWorkCommuteMedian":6528,"workHomeCommuteMedian":-1},"geometry":{"type":"Polygon","coordinates":[[[133.16252149522776,34.70774317728097],[133.16252149522776,34.71673638091821],[133.171514698865,34.71673638091821],[133.171514698865,34.70774317728097],[133.16252149522776,34.70774317728097]]]}},{"type":"Feature","properties":{"jobs":0,"pop":21,"pointCount":1,"homeWorkCommuteMedian":12628,"workHomeCommuteMedian":-1},"geometry":{"type":"Polygon","coordinates":[[[133.16252149522776,34.72572958455546],[133.16252149522776,34.734722788192705],[133.171514698865,34.734722788192705],[133.171514698865,34.72572958455546],[133.16252149522776,34.72572958455546]]]}},{"type":"Feature","properties":{"jobs":0,"pop":2,"pointCount":1,"homeWorkCommuteMedian":19117,"workHomeCommuteMedian":-1},"geometry":{"type":"Polygon","coordinates":[[[133.16252149522776,34.77069560274169],[133.16252149522776,34.779688806378935],[133.171514698865,34.779688806378935],[133.171514698865,34.77069560274169],[133.16252149522776,34.77069560274169]]]}},{"type":"Feature","properties":{"jobs":13,"pop":0,"pointCount":1,"homeWorkCommuteMedian":-1,"workHomeCommuteMedian":19562},"geometry":{"type":"Polygon","coordinates":[[[133.16252149522776,34.779688806378935],[133.16252149522776,34.78868201001618],[133.171514698865,34.78868201001618],[133.171514698865,34.779688806378935],[133.16252149522776,34.779688806378935]]]}},{"type":"Feature","properties":{"jobs":0,"pop":48,"pointCount":2,"homeWorkCommuteMedian":54262,"workHomeCommuteMedian":-1},"geometry":{"type":"Polygon","coordinates":[[[133.16252149522776,34.78868201001618],[133.16252149522776,34.79767521365343],[133.171514698865,34.79767521365343],[133.171514698865,34.78868201001618],[133.16252149522776,34.78868201001618]]]}},{"type":"Feature","properties":{"jobs":0,"pop":31,"pointCount":2,"homeWorkCommuteMedian":12702,"workHomeCommuteMedian":-1},"geometry":{"type":"Polygon","coordinates":[[[133.16252149522776,34.81566162092792],[133.16252149522776,34.824654824565165],[133.171514698865,34.824654824565165],[133.171514698865,34.81566162092792],[133.16252149522776,34.81566162092792]]]}},{"type":"Feature","properties":{"jobs":6,"pop":0,"pointCount":1,"homeWorkCommuteMedian":-1,"workHomeCommuteMedian":13846},"geometry":{"type":"Polygon","coordinates":[[[133.16252149522776,34.824654824565165],[133.16252149522776,34.83364802820241],[133.171514698865,34.83364802820241],[133.171514698865,34.824654824565165],[133.16252149522776,34.824654824565165]]]}},{"type":"Feature","properties":{"jobs":2,"pop":23,"pointCount":2,"homeWorkCommuteMedian":27512,"workHomeCommuteMedian":2017},"geometry":{"type":"Polygon","coordinates":[[[133.16252149522776,34.83364802820241],[133.16252149522776,34.84264123183966],[133.171514698865,34.84264123183966],[133.171514698865,34.83364802820241],[133.16252149522776,34.83364802820241]]]}},{"type":"Feature","properties":{"jobs":6,"pop":0,"pointCount":1,"homeWorkCommuteMedian":-1,"workHomeCommuteMedian":8656},"geometry":{"type":"Polygon","coordinates":[[[133.171514698865,34.24908979178142],[133.171514698865,34.25808299541867],[133.18050790250223,34.25808299541867],[133.18050790250223,34.24908979178142],[133.171514698865,34.24908979178142]]]}},{"type":"Feature","properties":{"jobs":17,"pop":15,"pointCount":2,"homeWorkCommuteMedian":3414,"workHomeCommuteMedian":6750},"geometry":{"type":"Polygon","coordinates":[[[133.171514698865,34.25808299541867],[133.171514698865,34.267076199055914],[133.18050790250223,34.267076199055914],[133.18050790250223,34.25808299541867],[133.171514698865,34.25808299541867]]]}},{"type":"Feature","properties":{"jobs":141,"pop":193,"pointCount":9,"homeWorkCommuteMedian":5082,"workHomeCommuteMedian":5880},"geometry":{"type":"Polygon","coordinates":[[[133.171514698865,34.267076199055914],[133.171514698865,34.27606940269316],[133.18050790250223,34.27606940269316],[133.18050790250223,34.267076199055914],[133.171514698865,34.267076199055914]]]}},{"type":"Feature","properties":{"jobs":598,"pop":265,"pointCount":6,"homeWorkCommuteMedian":5380,"workHomeCommuteMedian":10719},"geometry":{"type":"Polygon","coordinates":[[[133.171514698865,34.27606940269316],[133.171514698865,34.285062606330406],[133.18050790250223,34.285062606330406],[133.18050790250223,34.27606940269316],[133.171514698865,34.27606940269316]]]}},{"type":"Feature","properties":{"jobs":1002,"pop":815,"pointCount":13,"homeWorkCommuteMedian":17127,"workHomeCommuteMedian":8574},"geometry":{"type":"Polygon","coordinates":[[[133.171514698865,34.285062606330406],[133.171514698865,34.29405580996765],[133.18050790250223,34.29405580996765],[133.18050790250223,34.285062606330406],[133.171514698865,34.285062606330406]]]}},{"type":"Feature","properties":{"jobs":396,"pop":822,"pointCount":12,"homeWorkCommuteMedian":12526,"workHomeCommuteMedian":5843},"geometry":{"type":"Polygon","coordinates":[[[133.171514698865,34.29405580996765],[133.171514698865,34.3030490136049],[133.18050790250223,34.3030490136049],[133.18050790250223,34.29405580996765],[133.171514698865,34.29405580996765]]]}},{"type":"Feature","properties":{"jobs":101,"pop":66,"pointCount":1,"homeWorkCommuteMedian":3399,"workHomeCommuteMedian":14684},"geometry":{"type":"Polygon","coordinates":[[[133.171514698865,34.3030490136049],[133.171514698865,34.312042217242144],[133.18050790250223,34.312042217242144],[133.18050790250223,34.3030490136049],[133.171514698865,34.3030490136049]]]}},{"type":"Feature","properties":{"jobs":0,"pop":29,"pointCount":1,"homeWorkCommuteMedian":2448,"workHomeCommuteMedian":-1},"geometry":{"type":"Polygon","coordinates":[[[133.171514698865,34.312042217242144],[133.171514698865,34.32103542087939],[133.18050790250223,34.32103542087939],[133.18050790250223,34.312042217242144],[133.171514698865,34.312042217242144]]]}},{"type":"Feature","properties":{"jobs":618,"pop":368,"pointCount":8,"homeWorkCommuteMedian":17276,"workHomeCommuteMedian":4596},"geometry":{"type":"Polygon","coordinates":[[[133.171514698865,34.32103542087939],[133.171514698865,34.330028624516636],[133.18050790250223,34.330028624516636],[133.18050790250223,34.32103542087939],[133.171514698865,34.32103542087939]]]}},{"type":"Feature","properties":{"jobs":590,"pop":368,"pointCount":8,"homeWorkCommuteMedian":17283,"workHomeCommuteMedian":3953},"geometry":{"type":"Polygon","coordinates":[[[133.171514698865,34.330028624516636],[133.171514698865,34.33902182815388],[133.18050790250223,34.33902182815388],[133.18050790250223,34.330028624516636],[133.171514698865,34.330028624516636]]]}},{"type":"Feature","properties":{"jobs":145,"pop":147,"pointCount":6,"homeWorkCommuteMedian":2933,"workHomeCommuteMedian":15108},"geometry":{"type":"Polygon","coordinates":[[[133.171514698865,34.33902182815388],[133.171514698865,34.34801503179113],[133.18050790250223,34.34801503179113],[133.18050790250223,34.33902182815388],[133.171514698865,34.33902182815388]]]}},{"type":"Feature","properties":{"jobs":74,"pop":30,"pointCount":2,"homeWorkCommuteMedian":23260,"workHomeCommuteMedian":15797},"geometry":{"type":"Polygon","coordinates":[[[133.171514698865,34.34801503179113],[133.171514698865,34.357008235428374],[133.18050790250223,34.357008235428374],[133.18050790250223,34.34801503179113],[133.171514698865,34.34801503179113]]]}},{"type":"Feature","properties":{"jobs":20,"pop":210,"pointCount":7,"homeWorkCommuteMedian":10988,"workHomeCommuteMedian":206},"geometry":{"type":"Polygon","coordinates":[[[133.171514698865,34.36600143906562],[133.171514698865,34.374994642702866],[133.18050790250223,34.374994642702866],[133.18050790250223,34.36600143906562],[133.171514698865,34.36600143906562]]]}},{"type":"Feature","properties":{"jobs":125,"pop":29,"pointCount":2,"homeWorkCommuteMedian":13288,"workHomeCommuteMedian":2141},"geometry":{"type":"Polygon","coordinates":[[[133.171514698865,34.374994642702866],[133.171514698865,34.38398784634011],[133.18050790250223,34.38398784634011],[133.18050790250223,34.374994642702866],[133.171514698865,34.374994642702866]]]}},{"type":"Feature","properties":{"jobs":54,"pop":385,"pointCount":10,"homeWorkCommuteMedian":15343,"workHomeCommuteMedian":15118},"geometry":{"type":"Polygon","coordinates":[[[133.171514698865,34.38398784634011],[133.171514698865,34.39298104997736],[133.18050790250223,34.39298104997736],[133.18050790250223,34.38398784634011],[133.171514698865,34.38398784634011]]]}},{"type":"Feature","properties":{"jobs":1377,"pop":721,"pointCount":7,"homeWorkCommuteMedian":6354,"workHomeCommuteMedian":11302},"geometry":{"type":"Polygon","coordinates":[[[133.171514698865,34.39298104997736],[133.171514698865,34.401974253614604],[133.18050790250223,34.401974253614604],[133.18050790250223,34.39298104997736],[133.171514698865,34.39298104997736]]]}},{"type":"Feature","properties":{"jobs":1866,"pop":1286,"pointCount":11,"homeWorkCommuteMedian":7153,"workHomeCommuteMedian":10329},"geometry":{"type":"Polygon","coordinates":[[[133.171514698865,34.401974253614604],[133.171514698865,34.41096745725185],[133.18050790250223,34.41096745725185],[133.18050790250223,34.401974253614604],[133.171514698865,34.401974253614604]]]}},{"type":"Feature","properties":{"jobs":594,"pop":2159,"pointCount":10,"homeWorkCommuteMedian":4815,"workHomeCommuteMedian":8677},"geometry":{"type":"Polygon","coordinates":[[[133.171514698865,34.41096745725185],[133.171514698865,34.419960660889096],[133.18050790250223,34.419960660889096],[133.18050790250223,34.41096745725185],[133.171514698865,34.41096745725185]]]}},{"type":"Feature","properties":{"jobs":31,"pop":241,"pointCount":3,"homeWorkCommuteMedian":4373,"workHomeCommuteMedian":22358},"geometry":{"type":"Polygon","coordinates":[[[133.171514698865,34.419960660889096],[133.171514698865,34.42895386452634],[133.18050790250223,34.42895386452634],[133.18050790250223,34.419960660889096],[133.171514698865,34.419960660889096]]]}},{"type":"Feature","properties":{"jobs":717,"pop":306,"pointCount":11,"homeWorkCommuteMedian":17263,"workHomeCommuteMedian":4942},"geometry":{"type":"Polygon","coordinates":[[[133.171514698865,34.446940271800834],[133.171514698865,34.45593347543808],[133.18050790250223,34.45593347543808],[133.18050790250223,34.446940271800834],[133.171514698865,34.446940271800834]]]}},{"type":"Feature","properties":{"jobs":39,"pop":40,"pointCount":3,"homeWorkCommuteMedian":9231,"workHomeCommuteMedian":15985},"geometry":{"type":"Polygon","coordinates":[[[133.171514698865,34.45593347543808],[133.171514698865,34.464926679075326],[133.18050790250223,34.464926679075326],[133.18050790250223,34.45593347543808],[133.171514698865,34.45593347543808]]]}},{"type":"Feature","properties":{"jobs":61,"pop":92,"pointCount":5,"homeWorkCommuteMedian":9632,"workHomeCommuteMedian":29208},"geometry":{"type":"Polygon","coordinates":[[[133.171514698865,34.464926679075326],[133.171514698865,34.47391988271257],[133.18050790250223,34.47391988271257],[133.18050790250223,34.464926679075326],[133.171514698865,34.464926679075326]]]}},{"type":"Feature","properties":{"jobs":175,"pop":170,"pointCount":9,"homeWorkCommuteMedian":16982,"workHomeCommuteMedian":20148},"geometry":{"type":"Polygon","coordinates":[[[133.171514698865,34.52787910453605],[133.171514698865,34.536872308173294],[133.18050790250223,34.536872308173294],[133.18050790250223,34.52787910453605],[133.171514698865,34.52787910453605]]]}},{"type":"Feature","properties":{"jobs":19,"pop":29,"pointCount":1,"homeWorkCommuteMedian":10812,"workHomeCommuteMedian":10944},"geometry":{"type":"Polygon","coordinates":[[[133.171514698865,34.56385191908503],[133.171514698865,34.57284512272228],[133.18050790250223,34.57284512272228],[133.18050790250223,34.56385191908503],[133.171514698865,34.56385191908503]]]}},{"type":"Feature","properties":{"jobs":0,"pop":34,"pointCount":1,"homeWorkCommuteMedian":36134,"workHomeCommuteMedian":-1},"geometry":{"type":"Polygon","coordinates":[[[133.171514698865,34.581838326359524],[133.171514698865,34.59083152999677],[133.18050790250223,34.59083152999677],[133.18050790250223,34.581838326359524],[133.171514698865,34.581838326359524]]]}},{"type":"Feature","properties":{"jobs":154,"pop":80,"pointCount":5,"homeWorkCommuteMedian":20851,"workHomeCommuteMedian":11471},"geometry":{"type":"Polygon","coordinates":[[[133.171514698865,34.59083152999677],[133.171514698865,34.599824733634016],[133.18050790250223,34.599824733634016],[133.18050790250223,34.59083152999677],[133.171514698865,34.59083152999677]]]}},{"type":"Feature","properties":{"jobs":53,"pop":42,"pointCount":2,"homeWorkCommuteMedian":13688,"workHomeCommuteMedian":21170},"geometry":{"type":"Polygon","coordinates":[[[133.171514698865,34.599824733634016],[133.171514698865,34.60881793727126],[133.18050790250223,34.60881793727126],[133.18050790250223,34.599824733634016],[133.171514698865,34.599824733634016]]]}},{"type":"Feature","properties":{"jobs":0,"pop":46,"pointCount":2,"homeWorkCommuteMedian":2821,"workHomeCommuteMedian":-1},"geometry":{"type":"Polygon","coordinates":[[[133.171514698865,34.60881793727126],[133.171514698865,34.61781114090851],[133.18050790250223,34.61781114090851],[133.18050790250223,34.60881793727126],[133.171514698865,34.60881793727126]]]}},{"type":"Feature","properties":{"jobs":0,"pop":24,"pointCount":1,"homeWorkCommuteMedian":15275,"workHomeCommuteMedian":-1},"geometry":{"type":"Polygon","coordinates":[[[133.171514698865,34.61781114090851],[133.171514698865,34.626804344545754],[133.18050790250223,34.626804344545754],[133.18050790250223,34.61781114090851],[133.171514698865,34.61781114090851]]]}},{"type":"Feature","properties":{"jobs":16,"pop":37,"pointCount":2,"homeWorkCommuteMedian":5783,"workHomeCommuteMedian":6367},"geometry":{"type":"Polygon","coordinates":[[[133.171514698865,34.644790751820246],[133.171514698865,34.65378395545749],[133.18050790250223,34.65378395545749],[133.18050790250223,34.644790751820246],[133.171514698865,34.644790751820246]]]}},{"type":"Feature","properties":{"jobs":2,"pop":0,"pointCount":1,"homeWorkCommuteMedian":-1,"workHomeCommuteMedian":3184},"geometry":{"type":"Polygon","coordinates":[[[133.171514698865,34.67177036273198],[133.171514698865,34.68076356636923],[133.18050790250223,34.68076356636923],[133.18050790250223,34.67177036273198],[133.171514698865,34.67177036273198]]]}},{"type":"Feature","properties":{"jobs":0,"pop":16,"pointCount":1,"homeWorkCommuteMedian":24024,"workHomeCommuteMedian":-1},"geometry":{"type":"Polygon","coordinates":[[[133.171514698865,34.689756770006476],[133.171514698865,34.69874997364372],[133.18050790250223,34.69874997364372],[133.18050790250223,34.689756770006476],[133.171514698865,34.689756770006476]]]}},{"type":"Feature","properties":{"jobs":0,"pop":15,"pointCount":1,"homeWorkCommuteMedian":23698,"workHomeCommuteMedian":-1},"geometry":{"type":"Polygon","coordinates":[[[133.171514698865,34.71673638091821],[133.171514698865,34.72572958455546],[133.18050790250223,34.72572958455546],[133.18050790250223,34.71673638091821],[133.171514698865,34.71673638091821]]]}},{"type":"Feature","properties":{"jobs":0,"pop":69,"pointCount":1,"homeWorkCommuteMedian":9858,"workHomeCommuteMedian":-1},"geometry":{"type":"Polygon","coordinates":[[[133.171514698865,34.734722788192705],[133.171514698865,34.74371599182995],[133.18050790250223,34.74371599182995],[133.18050790250223,34.734722788192705],[133.171514698865,34.734722788192705]]]}},{"type":"Feature","properties":{"jobs":6,"pop":0,"pointCount":1,"homeWorkCommuteMedian":-1,"workHomeCommuteMedian":8450},"geometry":{"type":"Polygon","coordinates":[[[133.171514698865,34.76170239910444],[133.171514698865,34.77069560274169],[133.18050790250223,34.77069560274169],[133.18050790250223,34.76170239910444],[133.171514698865,34.76170239910444]]]}},{"type":"Feature","properties":{"jobs":0,"pop":70,"pointCount":2,"homeWorkCommuteMedian":14372,"workHomeCommuteMedian":-1},"geometry":{"type":"Polygon","coordinates":[[[133.171514698865,34.77069560274169],[133.171514698865,34.779688806378935],[133.18050790250223,34.779688806378935],[133.18050790250223,34.77069560274169],[133.171514698865,34.77069560274169]]]}},{"type":"Feature","properties":{"jobs":0,"pop":12,"pointCount":1,"homeWorkCommuteMedian":27908,"workHomeCommuteMedian":-1},"geometry":{"type":"Polygon","coordinates":[[[133.171514698865,34.779688806378935],[133.171514698865,34.78868201001618],[133.18050790250223,34.78868201001618],[133.18050790250223,34.779688806378935],[133.171514698865,34.779688806378935]]]}},{"type":"Feature","properties":{"jobs":26,"pop":20,"pointCount":2,"homeWorkCommuteMedian":2632,"workHomeCommuteMedian":6489},"geometry":{"type":"Polygon","coordinates":[[[133.171514698865,34.78868201001618],[133.171514698865,34.79767521365343],[133.18050790250223,34.79767521365343],[133.18050790250223,34.78868201001618],[133.171514698865,34.78868201001618]]]}},{"type":"Feature","properties":{"jobs":203,"pop":59,"pointCount":8,"homeWorkCommuteMedian":8837,"workHomeCommuteMedian":8735},"geometry":{"type":"Polygon","coordinates":[[[133.171514698865,34.79767521365343],[133.171514698865,34.80666841729067],[133.18050790250223,34.80666841729067],[133.18050790250223,34.79767521365343],[133.171514698865,34.79767521365343]]]}},{"type":"Feature","properties":{"jobs":1,"pop":2,"pointCount":2,"homeWorkCommuteMedian":39424,"workHomeCommuteMedian":6512},"geometry":{"type":"Polygon","coordinates":[[[133.171514698865,34.84264123183966],[133.171514698865,34.8516344354769],[133.18050790250223,34.8516344354769],[133.18050790250223,34.84264123183966],[133.171514698865,34.84264123183966]]]}},{"type":"Feature","properties":{"jobs":42,"pop":204,"pointCount":4,"homeWorkCommuteMedian":4672,"workHomeCommuteMedian":259},"geometry":{"type":"Polygon","coordinates":[[[133.18050790250223,34.24908979178142],[133.18050790250223,34.25808299541867],[133.18950110613946,34.25808299541867],[133.18950110613946,34.24908979178142],[133.18050790250223,34.24908979178142]]]}},{"type":"Feature","properties":{"jobs":7,"pop":87,"pointCount":2,"homeWorkCommuteMedian":33099,"workHomeCommuteMedian":2094},"geometry":{"type":"Polygon","coordinates":[[[133.18050790250223,34.25808299541867],[133.18050790250223,34.267076199055914],[133.18950110613946,34.267076199055914],[133.18950110613946,34.25808299541867],[133.18050790250223,34.25808299541867]]]}},{"type":"Feature","properties":{"jobs":137,"pop":150,"pointCount":6,"homeWorkCommuteMedian":4737,"workHomeCommuteMedian":3351},"geometry":{"type":"Polygon","coordinates":[[[133.18050790250223,34.267076199055914],[133.18050790250223,34.27606940269316],[133.18950110613946,34.27606940269316],[133.18950110613946,34.267076199055914],[133.18050790250223,34.267076199055914]]]}},{"type":"Feature","properties":{"jobs":1216,"pop":497,"pointCount":9,"homeWorkCommuteMedian":25338,"workHomeCommuteMedian":12007},"geometry":{"type":"Polygon","coordinates":[[[133.18050790250223,34.27606940269316],[133.18050790250223,34.285062606330406],[133.18950110613946,34.285062606330406],[133.18950110613946,34.27606940269316],[133.18050790250223,34.27606940269316]]]}},{"type":"Feature","properties":{"jobs":102,"pop":61,"pointCount":1,"homeWorkCommuteMedian":2233,"workHomeCommuteMedian":37059},"geometry":{"type":"Polygon","coordinates":[[[133.18050790250223,34.285062606330406],[133.18050790250223,34.29405580996765],[133.18950110613946,34.29405580996765],[133.18950110613946,34.285062606330406],[133.18050790250223,34.285062606330406]]]}},{"type":"Feature","properties":{"jobs":15,"pop":271,"pointCount":5,"homeWorkCommuteMedian":2613,"workHomeCommuteMedian":20003},"geometry":{"type":"Polygon","coordinates":[[[133.18050790250223,34.29405580996765],[133.18050790250223,34.3030490136049],[133.18950110613946,34.3030490136049],[133.18950110613946,34.29405580996765],[133.18050790250223,34.29405580996765]]]}},{"type":"Feature","properties":{"jobs":47,"pop":147,"pointCount":7,"homeWorkCommuteMedian":7200,"workHomeCommuteMedian":13667},"geometry":{"type":"Polygon","coordinates":[[[133.18050790250223,34.32103542087939],[133.18050790250223,34.330028624516636],[133.18950110613946,34.330028624516636],[133.18950110613946,34.32103542087939],[133.18050790250223,34.32103542087939]]]}},{"type":"Feature","properties":{"jobs":48,"pop":252,"pointCount":5,"homeWorkCommuteMedian":7074,"workHomeCommuteMedian":42154},"geometry":{"type":"Polygon","coordinates":[[[133.18050790250223,34.330028624516636],[133.18050790250223,34.33902182815388],[133.18950110613946,34.33902182815388],[133.18950110613946,34.330028624516636],[133.18050790250223,34.330028624516636]]]}},{"type":"Feature","properties":{"jobs":15,"pop":249,"pointCount":7,"homeWorkCommuteMedian":12421,"workHomeCommuteMedian":1146},"geometry":{"type":"Polygon","coordinates":[[[133.18050790250223,34.36600143906562],[133.18050790250223,34.374994642702866],[133.18950110613946,34.374994642702866],[133.18950110613946,34.36600143906562],[133.18050790250223,34.36600143906562]]]}},{"type":"Feature","properties":{"jobs":19,"pop":131,"pointCount":6,"homeWorkCommuteMedian":13480,"workHomeCommuteMedian":37348},"geometry":{"type":"Polygon","coordinates":[[[133.18050790250223,34.374994642702866],[133.18050790250223,34.38398784634011],[133.18950110613946,34.38398784634011],[133.18950110613946,34.374994642702866],[133.18050790250223,34.374994642702866]]]}},{"type":"Feature","properties":{"jobs":64,"pop":650,"pointCount":8,"homeWorkCommuteMedian":9721,"workHomeCommuteMedian":825},"geometry":{"type":"Polygon","coordinates":[[[133.18050790250223,34.38398784634011],[133.18050790250223,34.39298104997736],[133.18950110613946,34.39298104997736],[133.18950110613946,34.38398784634011],[133.18050790250223,34.38398784634011]]]}},{"type":"Feature","properties":{"jobs":1234,"pop":702,"pointCount":5,"homeWorkCommuteMedian":3942,"workHomeCommuteMedian":8191},"geometry":{"type":"Polygon","coordinates":[[[133.18050790250223,34.39298104997736],[133.18050790250223,34.401974253614604],[133.18950110613946,34.401974253614604],[133.18950110613946,34.39298104997736],[133.18050790250223,34.39298104997736]]]}},{"type":"Feature","properties":{"jobs":1764,"pop":2005,"pointCount":14,"homeWorkCommuteMedian":7877,"workHomeCommuteMedian":3537},"geometry":{"type":"Polygon","coordinates":[[[133.18050790250223,34.401974253614604],[133.18050790250223,34.41096745725185],[133.18950110613946,34.41096745725185],[133.18950110613946,34.401974253614604],[133.18050790250223,34.401974253614604]]]}},{"type":"Feature","properties":{"jobs":1012,"pop":1683,"pointCount":13,"homeWorkCommuteMedian":6509,"workHomeCommuteMedian":18762},"geometry":{"type":"Polygon","coordinates":[[[133.18050790250223,34.41096745725185],[133.18050790250223,34.419960660889096],[133.18950110613946,34.419960660889096],[133.18950110613946,34.41096745725185],[133.18050790250223,34.41096745725185]]]}},{"type":"Feature","properties":{"jobs":2635,"pop":2148,"pointCount":18,"homeWorkCommuteMedian":3600,"workHomeCommuteMedian":4676},"geometry":{"type":"Polygon","coordinates":[[[133.18050790250223,34.419960660889096],[133.18050790250223,34.42895386452634],[133.18950110613946,34.42895386452634],[133.18950110613946,34.419960660889096],[133.18050790250223,34.419960660889096]]]}},{"type":"Feature","properties":{"jobs":435,"pop":506,"pointCount":8,"homeWorkCommuteMedian":3537,"workHomeCommuteMedian":11086},"geometry":{"type":"Polygon","coordinates":[[[133.18050790250223,34.42895386452634],[133.18050790250223,34.43794706816359],[133.18950110613946,34.43794706816359],[133.18950110613946,34.42895386452634],[133.18050790250223,34.42895386452634]]]}},{"type":"Feature","properties":{"jobs":488,"pop":64,"pointCount":3,"homeWorkCommuteMedian":2552,"workHomeCommuteMedian":15129},"geometry":{"type":"Polygon","coordinates":[[[133.18050790250223,34.43794706816359],[133.18050790250223,34.446940271800834],[133.18950110613946,34.446940271800834],[133.18950110613946,34.43794706816359],[133.18050790250223,34.43794706816359]]]}},{"type":"Feature","properties":{"jobs":22,"pop":18,"pointCount":2,"homeWorkCommuteMedian":8426,"workHomeCommuteMedian":19878},"geometry":{"type":"Polygon","coordinates":[[[133.18050790250223,34.446940271800834],[133.18050790250223,34.45593347543808],[133.18950110613946,34.45593347543808],[133.18950110613946,34.446940271800834],[133.18050790250223,34.446940271800834]]]}},{"type":"Feature","properties":{"jobs":87,"pop":163,"pointCount":5,"homeWorkCommuteMedian":1799,"workHomeCommuteMedian":15190},"geometry":{"type":"Polygon","coordinates":[[[133.18050790250223,34.45593347543808],[133.18050790250223,34.464926679075326],[133.18950110613946,34.464926679075326],[133.18950110613946,34.45593347543808],[133.18050790250223,34.45593347543808]]]}},{"type":"Feature","properties":{"jobs":50,"pop":171,"pointCount":6,"homeWorkCommuteMedian":10085,"workHomeCommuteMedian":2869},"geometry":{"type":"Polygon","coordinates":[[[133.18050790250223,34.464926679075326],[133.18050790250223,34.47391988271257],[133.18950110613946,34.47391988271257],[133.18950110613946,34.464926679075326],[133.18050790250223,34.464926679075326]]]}},{"type":"Feature","properties":{"jobs":30,"pop":53,"pointCount":2,"homeWorkCommuteMedian":27048,"workHomeCommuteMedian":21168},"geometry":{"type":"Polygon","coordinates":[[[133.18050790250223,34.47391988271257],[133.18050790250223,34.48291308634982],[133.18950110613946,34.48291308634982],[133.18950110613946,34.47391988271257],[133.18050790250223,34.47391988271257]]]}},{"type":"Feature","properties":{"jobs":0,"pop":49,"pointCount":1,"homeWorkCommuteMedian":7512,"workHomeCommuteMedian":-1},"geometry":{"type":"Polygon","coordinates":[[[133.18050790250223,34.50089949362431],[133.18050790250223,34.509892697261556],[133.18950110613946,34.509892697261556],[133.18950110613946,34.50089949362431],[133.18050790250223,34.50089949362431]]]}},{"type":"Feature","properties":{"jobs":9,"pop":0,"pointCount":1,"homeWorkCommuteMedian":-1,"workHomeCommuteMedian":7607},"geometry":{"type":"Polygon","coordinates":[[[133.18050790250223,34.509892697261556],[133.18050790250223,34.5188859008988],[133.18950110613946,34.5188859008988],[133.18950110613946,34.509892697261556],[133.18050790250223,34.509892697261556]]]}},{"type":"Feature","properties":{"jobs":0,"pop":16,"pointCount":1,"homeWorkCommuteMedian":22388,"workHomeCommuteMedian":-1},"geometry":{"type":"Polygon","coordinates":[[[133.18050790250223,34.52787910453605],[133.18050790250223,34.536872308173294],[133.18950110613946,34.536872308173294],[133.18950110613946,34.52787910453605],[133.18050790250223,34.52787910453605]]]}},{"type":"Feature","properties":{"jobs":77,"pop":142,"pointCount":4,"homeWorkCommuteMedian":652,"workHomeCommuteMedian":22667},"geometry":{"type":"Polygon","coordinates":[[[133.18050790250223,34.536872308173294],[133.18050790250223,34.54586551181054],[133.18950110613946,34.54586551181054],[133.18950110613946,34.536872308173294],[133.18050790250223,34.536872308173294]]]}},{"type":"Feature","properties":{"jobs":0,"pop":3,"pointCount":1,"homeWorkCommuteMedian":11476,"workHomeCommuteMedian":-1},"geometry":{"type":"Polygon","coordinates":[[[133.18050790250223,34.54586551181054],[133.18050790250223,34.554858715447786],[133.18950110613946,34.554858715447786],[133.18950110613946,34.54586551181054],[133.18050790250223,34.54586551181054]]]}},{"type":"Feature","properties":{"jobs":0,"pop":103,"pointCount":1,"homeWorkCommuteMedian":7187,"workHomeCommuteMedian":-1},"geometry":{"type":"Polygon","coordinates":[[[133.18050790250223,34.56385191908503],[133.18050790250223,34.57284512272228],[133.18950110613946,34.57284512272228],[133.18950110613946,34.56385191908503],[133.18050790250223,34.56385191908503]]]}},{"type":"Feature","properties":{"jobs":0,"pop":20,"pointCount":1,"homeWorkCommuteMedian":5966,"workHomeCommuteMedian":-1},"geometry":{"type":"Polygon","coordinates":[[[133.18050790250223,34.57284512272228],[133.18050790250223,34.581838326359524],[133.18950110613946,34.581838326359524],[133.18950110613946,34.57284512272228],[133.18050790250223,34.57284512272228]]]}},{"type":"Feature","properties":{"jobs":36,"pop":31,"pointCount":2,"homeWorkCommuteMedian":10354,"workHomeCommuteMedian":19856},"geometry":{"type":"Polygon","coordinates":[[[133.18050790250223,34.59083152999677],[133.18050790250223,34.599824733634016],[133.18950110613946,34.599824733634016],[133.18950110613946,34.59083152999677],[133.18050790250223,34.59083152999677]]]}},{"type":"Feature","properties":{"jobs":33,"pop":30,"pointCount":1,"homeWorkCommuteMedian":31511,"workHomeCommuteMedian":38171},"geometry":{"type":"Polygon","coordinates":[[[133.18050790250223,34.599824733634016],[133.18050790250223,34.60881793727126],[133.18950110613946,34.60881793727126],[133.18950110613946,34.599824733634016],[133.18050790250223,34.599824733634016]]]}},{"type":"Feature","properties":{"jobs":116,"pop":139,"pointCount":4,"homeWorkCommuteMedian":31334,"workHomeCommuteMedian":16234},"geometry":{"type":"Polygon","coordinates":[[[133.18050790250223,34.60881793727126],[133.18050790250223,34.61781114090851],[133.18950110613946,34.61781114090851],[133.18950110613946,34.60881793727126],[133.18050790250223,34.60881793727126]]]}},{"type":"Feature","properties":{"jobs":0,"pop":26,"pointCount":1,"homeWorkCommuteMedian":16634,"workHomeCommuteMedian":-1},"geometry":{"type":"Polygon","coordinates":[[[133.18050790250223,34.626804344545754],[133.18050790250223,34.635797548183],[133.18950110613946,34.635797548183],[133.18950110613946,34.626804344545754],[133.18050790250223,34.626804344545754]]]}},{"type":"Feature","properties":{"jobs":2,"pop":25,"pointCount":2,"homeWorkCommuteMedian":20634,"workHomeCommuteMedian":148},"geometry":{"type":"Polygon","coordinates":[[[133.18050790250223,34.644790751820246],[133.18050790250223,34.65378395545749],[133.18950110613946,34.65378395545749],[133.18950110613946,34.644790751820246],[133.18050790250223,34.644790751820246]]]}},{"type":"Feature","properties":{"jobs":109,"pop":0,"pointCount":1,"homeWorkCommuteMedian":-1,"workHomeCommuteMedian":20372},"geometry":{"type":"Polygon","coordinates":[[[133.18050790250223,34.68076356636923],[133.18050790250223,34.689756770006476],[133.18950110613946,34.689756770006476],[133.18950110613946,34.68076356636923],[133.18050790250223,34.68076356636923]]]}},{"type":"Feature","properties":{"jobs":18,"pop":26,"pointCount":2,"homeWorkCommuteMedian":9140,"workHomeCommuteMedian":1844},"geometry":{"type":"Polygon","coordinates":[[[133.18050790250223,34.689756770006476],[133.18050790250223,34.69874997364372],[133.18950110613946,34.69874997364372],[133.18950110613946,34.689756770006476],[133.18050790250223,34.689756770006476]]]}},{"type":"Feature","properties":{"jobs":15,"pop":43,"pointCount":1,"homeWorkCommuteMedian":7657,"workHomeCommuteMedian":57548},"geometry":{"type":"Polygon","coordinates":[[[133.18050790250223,34.71673638091821],[133.18050790250223,34.72572958455546],[133.18950110613946,34.72572958455546],[133.18950110613946,34.71673638091821],[133.18050790250223,34.71673638091821]]]}},{"type":"Feature","properties":{"jobs":23,"pop":0,"pointCount":1,"homeWorkCommuteMedian":-1,"workHomeCommuteMedian":532},"geometry":{"type":"Polygon","coordinates":[[[133.18050790250223,34.734722788192705],[133.18050790250223,34.74371599182995],[133.18950110613946,34.74371599182995],[133.18950110613946,34.734722788192705],[133.18050790250223,34.734722788192705]]]}},{"type":"Feature","properties":{"jobs":0,"pop":9,"pointCount":1,"homeWorkCommuteMedian":19378,"workHomeCommuteMedian":-1},"geometry":{"type":"Polygon","coordinates":[[[133.18050790250223,34.78868201001618],[133.18050790250223,34.79767521365343],[133.18950110613946,34.79767521365343],[133.18950110613946,34.78868201001618],[133.18050790250223,34.78868201001618]]]}},{"type":"Feature","properties":{"jobs":70,"pop":46,"pointCount":2,"homeWorkCommuteMedian":19603,"workHomeCommuteMedian":22529},"geometry":{"type":"Polygon","coordinates":[[[133.18050790250223,34.80666841729067],[133.18050790250223,34.81566162092792],[133.18950110613946,34.81566162092792],[133.18950110613946,34.80666841729067],[133.18050790250223,34.80666841729067]]]}},{"type":"Feature","properties":{"jobs":0,"pop":4,"pointCount":1,"homeWorkCommuteMedian":28432,"workHomeCommuteMedian":-1},"geometry":{"type":"Polygon","coordinates":[[[133.18050790250223,34.81566162092792],[133.18050790250223,34.824654824565165],[133.18950110613946,34.824654824565165],[133.18950110613946,34.81566162092792],[133.18050790250223,34.81566162092792]]]}},{"type":"Feature","properties":{"jobs":0,"pop":9,"pointCount":1,"homeWorkCommuteMedian":27550,"workHomeCommuteMedian":-1},"geometry":{"type":"Polygon","coordinates":[[[133.18050790250223,34.83364802820241],[133.18050790250223,34.84264123183966],[133.18950110613946,34.84264123183966],[133.18950110613946,34.83364802820241],[133.18050790250223,34.83364802820241]]]}},{"type":"Feature","properties":{"jobs":0,"pop":24,"pointCount":1,"homeWorkCommuteMedian":3776,"workHomeCommuteMedian":-1},"geometry":{"type":"Polygon","coordinates":[[[133.18950110613946,34.240096588144176],[133.18950110613946,34.24908979178142],[133.1984943097767,34.24908979178142],[133.1984943097767,34.240096588144176],[133.18950110613946,34.240096588144176]]]}},{"type":"Feature","properties":{"jobs":19,"pop":33,"pointCount":2,"homeWorkCommuteMedian":892,"workHomeCommuteMedian":892},"geometry":{"type":"Polygon","coordinates":[[[133.18950110613946,34.24908979178142],[133.18950110613946,34.25808299541867],[133.1984943097767,34.25808299541867],[133.1984943097767,34.24908979178142],[133.18950110613946,34.24908979178142]]]}},{"type":"Feature","properties":{"jobs":104,"pop":0,"pointCount":1,"homeWorkCommuteMedian":-1,"workHomeCommuteMedian":5384},"geometry":{"type":"Polygon","coordinates":[[[133.18950110613946,34.267076199055914],[133.18950110613946,34.27606940269316],[133.1984943097767,34.27606940269316],[133.1984943097767,34.267076199055914],[133.18950110613946,34.267076199055914]]]}},{"type":"Feature","properties":{"jobs":544,"pop":157,"pointCount":8,"homeWorkCommuteMedian":8179,"workHomeCommuteMedian":21142},"geometry":{"type":"Polygon","coordinates":[[[133.18950110613946,34.27606940269316],[133.18950110613946,34.285062606330406],[133.1984943097767,34.285062606330406],[133.1984943097767,34.27606940269316],[133.18950110613946,34.27606940269316]]]}},{"type":"Feature","properties":{"jobs":166,"pop":453,"pointCount":6,"homeWorkCommuteMedian":19795,"workHomeCommuteMedian":474},"geometry":{"type":"Polygon","coordinates":[[[133.18950110613946,34.285062606330406],[133.18950110613946,34.29405580996765],[133.1984943097767,34.29405580996765],[133.1984943097767,34.285062606330406],[133.18950110613946,34.285062606330406]]]}},{"type":"Feature","properties":{"jobs":348,"pop":832,"pointCount":11,"homeWorkCommuteMedian":4632,"workHomeCommuteMedian":727},"geometry":{"type":"Polygon","coordinates":[[[133.18950110613946,34.29405580996765],[133.18950110613946,34.3030490136049],[133.1984943097767,34.3030490136049],[133.1984943097767,34.29405580996765],[133.18950110613946,34.29405580996765]]]}},{"type":"Feature","properties":{"jobs":0,"pop":30,"pointCount":1,"homeWorkCommuteMedian":4464,"workHomeCommuteMedian":-1},"geometry":{"type":"Polygon","coordinates":[[[133.18950110613946,34.32103542087939],[133.18950110613946,34.330028624516636],[133.1984943097767,34.330028624516636],[133.1984943097767,34.32103542087939],[133.18950110613946,34.32103542087939]]]}},{"type":"Feature","properties":{"jobs":19,"pop":0,"pointCount":1,"homeWorkCommuteMedian":-1,"workHomeCommuteMedian":70743},"geometry":{"type":"Polygon","coordinates":[[[133.18950110613946,34.330028624516636],[133.18950110613946,34.33902182815388],[133.1984943097767,34.33902182815388],[133.1984943097767,34.330028624516636],[133.18950110613946,34.330028624516636]]]}},{"type":"Feature","properties":{"jobs":69,"pop":49,"pointCount":3,"homeWorkCommuteMedian":8990,"workHomeCommuteMedian":17211},"geometry":{"type":"Polygon","coordinates":[[[133.18950110613946,34.357008235428374],[133.18950110613946,34.36600143906562],[133.1984943097767,34.36600143906562],[133.1984943097767,34.357008235428374],[133.18950110613946,34.357008235428374]]]}},{"type":"Feature","properties":{"jobs":551,"pop":136,"pointCount":8,"homeWorkCommuteMedian":9574,"workHomeCommuteMedian":31479},"geometry":{"type":"Polygon","coordinates":[[[133.18950110613946,34.374994642702866],[133.18950110613946,34.38398784634011],[133.1984943097767,34.38398784634011],[133.1984943097767,34.374994642702866],[133.18950110613946,34.374994642702866]]]}},{"type":"Feature","properties":{"jobs":790,"pop":605,"pointCount":11,"homeWorkCommuteMedian":9238,"workHomeCommuteMedian":7805},"geometry":{"type":"Polygon","coordinates":[[[133.18950110613946,34.38398784634011],[133.18950110613946,34.39298104997736],[133.1984943097767,34.39298104997736],[133.1984943097767,34.38398784634011],[133.18950110613946,34.38398784634011]]]}},{"type":"Feature","properties":{"jobs":906,"pop":2011,"pointCount":13,"homeWorkCommuteMedian":9178,"workHomeCommuteMedian":3548},"geometry":{"type":"Polygon","coordinates":[[[133.18950110613946,34.39298104997736],[133.18950110613946,34.401974253614604],[133.1984943097767,34.401974253614604],[133.1984943097767,34.39298104997736],[133.18950110613946,34.39298104997736]]]}},{"type":"Feature","properties":{"jobs":3122,"pop":1312,"pointCount":8,"homeWorkCommuteMedian":4528,"workHomeCommuteMedian":8059},"geometry":{"type":"Polygon","coordinates":[[[133.18950110613946,34.401974253614604],[133.18950110613946,34.41096745725185],[133.1984943097767,34.41096745725185],[133.1984943097767,34.401974253614604],[133.18950110613946,34.401974253614604]]]}},{"type":"Feature","properties":{"jobs":1181,"pop":841,"pointCount":11,"homeWorkCommuteMedian":15057,"workHomeCommuteMedian":4468},"geometry":{"type":"Polygon","coordinates":[[[133.18950110613946,34.41096745725185],[133.18950110613946,34.419960660889096],[133.1984943097767,34.419960660889096],[133.1984943097767,34.41096745725185],[133.18950110613946,34.41096745725185]]]}},{"type":"Feature","properties":{"jobs":206,"pop":1030,"pointCount":11,"homeWorkCommuteMedian":3228,"workHomeCommuteMedian":1283},"geometry":{"type":"Polygon","coordinates":[[[133.18950110613946,34.419960660889096],[133.18950110613946,34.42895386452634],[133.1984943097767,34.42895386452634],[133.1984943097767,34.419960660889096],[133.18950110613946,34.419960660889096]]]}},{"type":"Feature","properties":{"jobs":677,"pop":1801,"pointCount":15,"homeWorkCommuteMedian":4660,"workHomeCommuteMedian":1260},"geometry":{"type":"Polygon","coordinates":[[[133.18950110613946,34.42895386452634],[133.18950110613946,34.43794706816359],[133.1984943097767,34.43794706816359],[133.1984943097767,34.42895386452634],[133.18950110613946,34.42895386452634]]]}},{"type":"Feature","properties":{"jobs":569,"pop":1570,"pointCount":15,"homeWorkCommuteMedian":6538,"workHomeCommuteMedian":6976},"geometry":{"type":"Polygon","coordinates":[[[133.18950110613946,34.43794706816359],[133.18950110613946,34.446940271800834],[133.1984943097767,34.446940271800834],[133.1984943097767,34.43794706816359],[133.18950110613946,34.43794706816359]]]}},{"type":"Feature","properties":{"jobs":1401,"pop":1469,"pointCount":14,"homeWorkCommuteMedian":5355,"workHomeCommuteMedian":10386},"geometry":{"type":"Polygon","coordinates":[[[133.18950110613946,34.446940271800834],[133.18950110613946,34.45593347543808],[133.1984943097767,34.45593347543808],[133.1984943097767,34.446940271800834],[133.18950110613946,34.446940271800834]]]}},{"type":"Feature","properties":{"jobs":118,"pop":23,"pointCount":3,"homeWorkCommuteMedian":4624,"workHomeCommuteMedian":7475},"geometry":{"type":"Polygon","coordinates":[[[133.18950110613946,34.45593347543808],[133.18950110613946,34.464926679075326],[133.1984943097767,34.464926679075326],[133.1984943097767,34.45593347543808],[133.18950110613946,34.45593347543808]]]}},{"type":"Feature","properties":{"jobs":24,"pop":43,"pointCount":2,"homeWorkCommuteMedian":4034,"workHomeCommuteMedian":15583},"geometry":{"type":"Polygon","coordinates":[[[133.18950110613946,34.464926679075326],[133.18950110613946,34.47391988271257],[133.1984943097767,34.47391988271257],[133.1984943097767,34.464926679075326],[133.18950110613946,34.464926679075326]]]}},{"type":"Feature","properties":{"jobs":57,"pop":72,"pointCount":4,"homeWorkCommuteMedian":21566,"workHomeCommuteMedian":4195},"geometry":{"type":"Polygon","coordinates":[[[133.18950110613946,34.47391988271257],[133.18950110613946,34.48291308634982],[133.1984943097767,34.48291308634982],[133.1984943097767,34.47391988271257],[133.18950110613946,34.47391988271257]]]}},{"type":"Feature","properties":{"jobs":0,"pop":18,"pointCount":1,"homeWorkCommuteMedian":12491,"workHomeCommuteMedian":-1},"geometry":{"type":"Polygon","coordinates":[[[133.18950110613946,34.50089949362431],[133.18950110613946,34.509892697261556],[133.1984943097767,34.509892697261556],[133.1984943097767,34.50089949362431],[133.18950110613946,34.50089949362431]]]}},{"type":"Feature","properties":{"jobs":0,"pop":16,"pointCount":1,"homeWorkCommuteMedian":20337,"workHomeCommuteMedian":-1},"geometry":{"type":"Polygon","coordinates":[[[133.18950110613946,34.5188859008988],[133.18950110613946,34.52787910453605],[133.1984943097767,34.52787910453605],[133.1984943097767,34.5188859008988],[133.18950110613946,34.5188859008988]]]}},{"type":"Feature","properties":{"jobs":264,"pop":195,"pointCount":7,"homeWorkCommuteMedian":27552,"workHomeCommuteMedian":22130},"geometry":{"type":"Polygon","coordinates":[[[133.18950110613946,34.536872308173294],[133.18950110613946,34.54586551181054],[133.1984943097767,34.54586551181054],[133.1984943097767,34.536872308173294],[133.18950110613946,34.536872308173294]]]}},{"type":"Feature","properties":{"jobs":108,"pop":120,"pointCount":4,"homeWorkCommuteMedian":24831,"workHomeCommuteMedian":15645},"geometry":{"type":"Polygon","coordinates":[[[133.18950110613946,34.54586551181054],[133.18950110613946,34.554858715447786],[133.1984943097767,34.554858715447786],[133.1984943097767,34.54586551181054],[133.18950110613946,34.54586551181054]]]}},{"type":"Feature","properties":{"jobs":197,"pop":40,"pointCount":2,"homeWorkCommuteMedian":6318,"workHomeCommuteMedian":6973},"geometry":{"type":"Polygon","coordinates":[[[133.18950110613946,34.554858715447786],[133.18950110613946,34.56385191908503],[133.1984943097767,34.56385191908503],[133.1984943097767,34.554858715447786],[133.18950110613946,34.554858715447786]]]}},{"type":"Feature","properties":{"jobs":53,"pop":54,"pointCount":2,"homeWorkCommuteMedian":57534,"workHomeCommuteMedian":8636},"geometry":{"type":"Polygon","coordinates":[[[133.18950110613946,34.56385191908503],[133.18950110613946,34.57284512272228],[133.1984943097767,34.57284512272228],[133.1984943097767,34.56385191908503],[133.18950110613946,34.56385191908503]]]}},{"type":"Feature","properties":{"jobs":0,"pop":42,"pointCount":1,"homeWorkCommuteMedian":4122,"workHomeCommuteMedian":-1},"geometry":{"type":"Polygon","coordinates":[[[133.18950110613946,34.57284512272228],[133.18950110613946,34.581838326359524],[133.1984943097767,34.581838326359524],[133.1984943097767,34.57284512272228],[133.18950110613946,34.57284512272228]]]}},{"type":"Feature","properties":{"jobs":0,"pop":25,"pointCount":1,"homeWorkCommuteMedian":9483,"workHomeCommuteMedian":-1},"geometry":{"type":"Polygon","coordinates":[[[133.18950110613946,34.59083152999677],[133.18950110613946,34.599824733634016],[133.1984943097767,34.599824733634016],[133.1984943097767,34.59083152999677],[133.18950110613946,34.59083152999677]]]}},{"type":"Feature","properties":{"jobs":44,"pop":115,"pointCount":3,"homeWorkCommuteMedian":19220,"workHomeCommuteMedian":53320},"geometry":{"type":"Polygon","coordinates":[[[133.18950110613946,34.61781114090851],[133.18950110613946,34.626804344545754],[133.1984943097767,34.626804344545754],[133.1984943097767,34.61781114090851],[133.18950110613946,34.61781114090851]]]}},{"type":"Feature","properties":{"jobs":76,"pop":40,"pointCount":2,"homeWorkCommuteMedian":16987,"workHomeCommuteMedian":18235},"geometry":{"type":"Polygon","coordinates":[[[133.18950110613946,34.626804344545754],[133.18950110613946,34.635797548183],[133.1984943097767,34.635797548183],[133.1984943097767,34.626804344545754],[133.18950110613946,34.626804344545754]]]}},{"type":"Feature","properties":{"jobs":61,"pop":0,"pointCount":1,"homeWorkCommuteMedian":-1,"workHomeCommuteMedian":46609},"geometry":{"type":"Polygon","coordinates":[[[133.18950110613946,34.65378395545749],[133.18950110613946,34.66277715909474],[133.1984943097767,34.66277715909474],[133.1984943097767,34.65378395545749],[133.18950110613946,34.65378395545749]]]}},{"type":"Feature","properties":{"jobs":21,"pop":0,"pointCount":1,"homeWorkCommuteMedian":-1,"workHomeCommuteMedian":8166},"geometry":{"type":"Polygon","coordinates":[[[133.18950110613946,34.66277715909474],[133.18950110613946,34.67177036273198],[133.1984943097767,34.67177036273198],[133.1984943097767,34.66277715909474],[133.18950110613946,34.66277715909474]]]}},{"type":"Feature","properties":{"jobs":19,"pop":0,"pointCount":1,"homeWorkCommuteMedian":-1,"workHomeCommuteMedian":19917},"geometry":{"type":"Polygon","coordinates":[[[133.18950110613946,34.67177036273198],[133.18950110613946,34.68076356636923],[133.1984943097767,34.68076356636923],[133.1984943097767,34.67177036273198],[133.18950110613946,34.67177036273198]]]}},{"type":"Feature","properties":{"jobs":0,"pop":19,"pointCount":1,"homeWorkCommuteMedian":20057,"workHomeCommuteMedian":-1},"geometry":{"type":"Polygon","coordinates":[[[133.18950110613946,34.68076356636923],[133.18950110613946,34.689756770006476],[133.1984943097767,34.689756770006476],[133.1984943097767,34.68076356636923],[133.18950110613946,34.68076356636923]]]}},{"type":"Feature","properties":{"jobs":0,"pop":15,"pointCount":1,"homeWorkCommuteMedian":9746,"workHomeCommuteMedian":-1},"geometry":{"type":"Polygon","coordinates":[[[133.18950110613946,34.689756770006476],[133.18950110613946,34.69874997364372],[133.1984943097767,34.69874997364372],[133.1984943097767,34.689756770006476],[133.18950110613946,34.689756770006476]]]}},{"type":"Feature","properties":{"jobs":0,"pop":39,"pointCount":2,"homeWorkCommuteMedian":8972,"workHomeCommuteMedian":-1},"geometry":{"type":"Polygon","coordinates":[[[133.18950110613946,34.71673638091821],[133.18950110613946,34.72572958455546],[133.1984943097767,34.72572958455546],[133.1984943097767,34.71673638091821],[133.18950110613946,34.71673638091821]]]}},{"type":"Feature","properties":{"jobs":12,"pop":26,"pointCount":2,"homeWorkCommuteMedian":14893,"workHomeCommuteMedian":3772},"geometry":{"type":"Polygon","coordinates":[[[133.18950110613946,34.7527091954672],[133.18950110613946,34.76170239910444],[133.1984943097767,34.76170239910444],[133.1984943097767,34.7527091954672],[133.18950110613946,34.7527091954672]]]}},{"type":"Feature","properties":{"jobs":26,"pop":34,"pointCount":3,"homeWorkCommuteMedian":5243,"workHomeCommuteMedian":15216},"geometry":{"type":"Polygon","coordinates":[[[133.18950110613946,34.76170239910444],[133.18950110613946,34.77069560274169],[133.1984943097767,34.77069560274169],[133.1984943097767,34.76170239910444],[133.18950110613946,34.76170239910444]]]}},{"type":"Feature","properties":{"jobs":0,"pop":13,"pointCount":1,"homeWorkCommuteMedian":14330,"workHomeCommuteMedian":-1},"geometry":{"type":"Polygon","coordinates":[[[133.18950110613946,34.779688806378935],[133.18950110613946,34.78868201001618],[133.1984943097767,34.78868201001618],[133.1984943097767,34.779688806378935],[133.18950110613946,34.779688806378935]]]}},{"type":"Feature","properties":{"jobs":0,"pop":23,"pointCount":1,"homeWorkCommuteMedian":23050,"workHomeCommuteMedian":-1},"geometry":{"type":"Polygon","coordinates":[[[133.18950110613946,34.80666841729067],[133.18950110613946,34.81566162092792],[133.1984943097767,34.81566162092792],[133.1984943097767,34.80666841729067],[133.18950110613946,34.80666841729067]]]}},{"type":"Feature","properties":{"jobs":7,"pop":54,"pointCount":1,"homeWorkCommuteMedian":20514,"workHomeCommuteMedian":3569},"geometry":{"type":"Polygon","coordinates":[[[133.18950110613946,34.824654824565165],[133.18950110613946,34.83364802820241],[133.1984943097767,34.83364802820241],[133.1984943097767,34.824654824565165],[133.18950110613946,34.824654824565165]]]}},{"type":"Feature","properties":{"jobs":0,"pop":12,"pointCount":1,"homeWorkCommuteMedian":6489,"workHomeCommuteMedian":-1},"geometry":{"type":"Polygon","coordinates":[[[133.18950110613946,34.83364802820241],[133.18950110613946,34.84264123183966],[133.1984943097767,34.84264123183966],[133.1984943097767,34.83364802820241],[133.18950110613946,34.83364802820241]]]}},{"type":"Feature","properties":{"jobs":0,"pop":8,"pointCount":1,"homeWorkCommuteMedian":22458,"workHomeCommuteMedian":-1},"geometry":{"type":"Polygon","coordinates":[[[133.18950110613946,34.84264123183966],[133.18950110613946,34.8516344354769],[133.1984943097767,34.8516344354769],[133.1984943097767,34.84264123183966],[133.18950110613946,34.84264123183966]]]}},{"type":"Feature","properties":{"jobs":88,"pop":12,"pointCount":2,"homeWorkCommuteMedian":9527,"workHomeCommuteMedian":2620},"geometry":{"type":"Polygon","coordinates":[[[133.1984943097767,34.240096588144176],[133.1984943097767,34.24908979178142],[133.20748751341392,34.24908979178142],[133.20748751341392,34.240096588144176],[133.1984943097767,34.240096588144176]]]}},{"type":"Feature","properties":{"jobs":751,"pop":329,"pointCount":7,"homeWorkCommuteMedian":48538,"workHomeCommuteMedian":37899},"geometry":{"type":"Polygon","coordinates":[[[133.1984943097767,34.24908979178142],[133.1984943097767,34.25808299541867],[133.20748751341392,34.25808299541867],[133.20748751341392,34.24908979178142],[133.1984943097767,34.24908979178142]]]}},{"type":"Feature","properties":{"jobs":445,"pop":276,"pointCount":5,"homeWorkCommuteMedian":13907,"workHomeCommuteMedian":4737},"geometry":{"type":"Polygon","coordinates":[[[133.1984943097767,34.25808299541867],[133.1984943097767,34.267076199055914],[133.20748751341392,34.267076199055914],[133.20748751341392,34.25808299541867],[133.1984943097767,34.25808299541867]]]}},{"type":"Feature","properties":{"jobs":97,"pop":78,"pointCount":4,"homeWorkCommuteMedian":44605,"workHomeCommuteMedian":3876},"geometry":{"type":"Polygon","coordinates":[[[133.1984943097767,34.267076199055914],[133.1984943097767,34.27606940269316],[133.20748751341392,34.27606940269316],[133.20748751341392,34.267076199055914],[133.1984943097767,34.267076199055914]]]}},{"type":"Feature","properties":{"jobs":27,"pop":71,"pointCount":1,"homeWorkCommuteMedian":474,"workHomeCommuteMedian":27533},"geometry":{"type":"Polygon","coordinates":[[[133.1984943097767,34.285062606330406],[133.1984943097767,34.29405580996765],[133.20748751341392,34.29405580996765],[133.20748751341392,34.285062606330406],[133.1984943097767,34.285062606330406]]]}},{"type":"Feature","properties":{"jobs":19,"pop":34,"pointCount":1,"homeWorkCommuteMedian":5843,"workHomeCommuteMedian":20073},"geometry":{"type":"Polygon","coordinates":[[[133.1984943097767,34.312042217242144],[133.1984943097767,34.32103542087939],[133.20748751341392,34.32103542087939],[133.20748751341392,34.312042217242144],[133.1984943097767,34.312042217242144]]]}},{"type":"Feature","properties":{"jobs":39,"pop":167,"pointCount":7,"homeWorkCommuteMedian":13349,"workHomeCommuteMedian":31346},"geometry":{"type":"Polygon","coordinates":[[[133.1984943097767,34.357008235428374],[133.1984943097767,34.36600143906562],[133.20748751341392,34.36600143906562],[133.20748751341392,34.357008235428374],[133.1984943097767,34.357008235428374]]]}},{"type":"Feature","properties":{"jobs":0,"pop":108,"pointCount":2,"homeWorkCommuteMedian":2109,"workHomeCommuteMedian":-1},"geometry":{"type":"Polygon","coordinates":[[[133.1984943097767,34.374994642702866],[133.1984943097767,34.38398784634011],[133.20748751341392,34.38398784634011],[133.20748751341392,34.374994642702866],[133.1984943097767,34.374994642702866]]]}},{"type":"Feature","properties":{"jobs":96,"pop":648,"pointCount":7,"homeWorkCommuteMedian":7007,"workHomeCommuteMedian":2130},"geometry":{"type":"Polygon","coordinates":[[[133.1984943097767,34.38398784634011],[133.1984943097767,34.39298104997736],[133.20748751341392,34.39298104997736],[133.20748751341392,34.38398784634011],[133.1984943097767,34.38398784634011]]]}},{"type":"Feature","properties":{"jobs":450,"pop":1081,"pointCount":12,"homeWorkCommuteMedian":4472,"workHomeCommuteMedian":3304},"geometry":{"type":"Polygon","coordinates":[[[133.1984943097767,34.39298104997736],[133.1984943097767,34.401974253614604],[133.20748751341392,34.401974253614604],[133.20748751341392,34.39298104997736],[133.1984943097767,34.39298104997736]]]}},{"type":"Feature","properties":{"jobs":1383,"pop":1138,"pointCount":14,"homeWorkCommuteMedian":5076,"workHomeCommuteMedian":10056},"geometry":{"type":"Polygon","coordinates":[[[133.1984943097767,34.401974253614604],[133.1984943097767,34.41096745725185],[133.20748751341392,34.41096745725185],[133.20748751341392,34.401974253614604],[133.1984943097767,34.401974253614604]]]}},{"type":"Feature","properties":{"jobs":934,"pop":743,"pointCount":11,"homeWorkCommuteMedian":8275,"workHomeCommuteMedian":8924},"geometry":{"type":"Polygon","coordinates":[[[133.1984943097767,34.41096745725185],[133.1984943097767,34.419960660889096],[133.20748751341392,34.419960660889096],[133.20748751341392,34.41096745725185],[133.1984943097767,34.41096745725185]]]}},{"type":"Feature","properties":{"jobs":460,"pop":1045,"pointCount":10,"homeWorkCommuteMedian":4884,"workHomeCommuteMedian":3230},"geometry":{"type":"Polygon","coordinates":[[[133.1984943097767,34.419960660889096],[133.1984943097767,34.42895386452634],[133.20748751341392,34.42895386452634],[133.20748751341392,34.419960660889096],[133.1984943097767,34.419960660889096]]]}},{"type":"Feature","properties":{"jobs":584,"pop":136,"pointCount":6,"homeWorkCommuteMedian":4942,"workHomeCommuteMedian":13628},"geometry":{"type":"Polygon","coordinates":[[[133.1984943097767,34.42895386452634],[133.1984943097767,34.43794706816359],[133.20748751341392,34.43794706816359],[133.20748751341392,34.42895386452634],[133.1984943097767,34.42895386452634]]]}},{"type":"Feature","properties":{"jobs":57,"pop":0,"pointCount":1,"homeWorkCommuteMedian":-1,"workHomeCommuteMedian":820},"geometry":{"type":"Polygon","coordinates":[[[133.1984943097767,34.43794706816359],[133.1984943097767,34.446940271800834],[133.20748751341392,34.446940271800834],[133.20748751341392,34.43794706816359],[133.1984943097767,34.43794706816359]]]}},{"type":"Feature","properties":{"jobs":388,"pop":507,"pointCount":9,"homeWorkCommuteMedian":7115,"workHomeCommuteMedian":19078},"geometry":{"type":"Polygon","coordinates":[[[133.1984943097767,34.446940271800834],[133.1984943097767,34.45593347543808],[133.20748751341392,34.45593347543808],[133.20748751341392,34.446940271800834],[133.1984943097767,34.446940271800834]]]}},{"type":"Feature","properties":{"jobs":0,"pop":46,"pointCount":2,"homeWorkCommuteMedian":6753,"workHomeCommuteMedian":-1},"geometry":{"type":"Polygon","coordinates":[[[133.1984943097767,34.45593347543808],[133.1984943097767,34.464926679075326],[133.20748751341392,34.464926679075326],[133.20748751341392,34.45593347543808],[133.1984943097767,34.45593347543808]]]}},{"type":"Feature","properties":{"jobs":0,"pop":19,"pointCount":1,"homeWorkCommuteMedian":32697,"workHomeCommuteMedian":-1},"geometry":{"type":"Polygon","coordinates":[[[133.1984943097767,34.464926679075326],[133.1984943097767,34.47391988271257],[133.20748751341392,34.47391988271257],[133.20748751341392,34.464926679075326],[133.1984943097767,34.464926679075326]]]}},{"type":"Feature","properties":{"jobs":62,"pop":73,"pointCount":2,"homeWorkCommuteMedian":5497,"workHomeCommuteMedian":8149},"geometry":{"type":"Polygon","coordinates":[[[133.1984943097767,34.47391988271257],[133.1984943097767,34.48291308634982],[133.20748751341392,34.48291308634982],[133.20748751341392,34.47391988271257],[133.1984943097767,34.47391988271257]]]}},{"type":"Feature","properties":{"jobs":0,"pop":24,"pointCount":1,"homeWorkCommuteMedian":7607,"workHomeCommuteMedian":-1},"geometry":{"type":"Polygon","coordinates":[[[133.1984943097767,34.48291308634982],[133.1984943097767,34.491906289987064],[133.20748751341392,34.491906289987064],[133.20748751341392,34.48291308634982],[133.1984943097767,34.48291308634982]]]}},{"type":"Feature","properties":{"jobs":0,"pop":29,"pointCount":1,"homeWorkCommuteMedian":7760,"workHomeCommuteMedian":-1},"geometry":{"type":"Polygon","coordinates":[[[133.1984943097767,34.50089949362431],[133.1984943097767,34.509892697261556],[133.20748751341392,34.509892697261556],[133.20748751341392,34.50089949362431],[133.1984943097767,34.50089949362431]]]}},{"type":"Feature","properties":{"jobs":81,"pop":38,"pointCount":3,"homeWorkCommuteMedian":13336,"workHomeCommuteMedian":15901},"geometry":{"type":"Polygon","coordinates":[[[133.1984943097767,34.5188859008988],[133.1984943097767,34.52787910453605],[133.20748751341392,34.52787910453605],[133.20748751341392,34.5188859008988],[133.1984943097767,34.5188859008988]]]}},{"type":"Feature","properties":{"jobs":0,"pop":110,"pointCount":2,"homeWorkCommuteMedian":19100,"workHomeCommuteMedian":-1},"geometry":{"type":"Polygon","coordinates":[[[133.1984943097767,34.52787910453605],[133.1984943097767,34.536872308173294],[133.20748751341392,34.536872308173294],[133.20748751341392,34.52787910453605],[133.1984943097767,34.52787910453605]]]}},{"type":"Feature","properties":{"jobs":302,"pop":231,"pointCount":8,"homeWorkCommuteMedian":10057,"workHomeCommuteMedian":4122},"geometry":{"type":"Polygon","coordinates":[[[133.1984943097767,34.54586551181054],[133.1984943097767,34.554858715447786],[133.20748751341392,34.554858715447786],[133.20748751341392,34.54586551181054],[133.1984943097767,34.54586551181054]]]}},{"type":"Feature","properties":{"jobs":56,"pop":75,"pointCount":6,"homeWorkCommuteMedian":1168,"workHomeCommuteMedian":4082},"geometry":{"type":"Polygon","coordinates":[[[133.1984943097767,34.554858715447786],[133.1984943097767,34.56385191908503],[133.20748751341392,34.56385191908503],[133.20748751341392,34.554858715447786],[133.1984943097767,34.554858715447786]]]}},{"type":"Feature","properties":{"jobs":17,"pop":20,"pointCount":2,"homeWorkCommuteMedian":7544,"workHomeCommuteMedian":8284},"geometry":{"type":"Polygon","coordinates":[[[133.1984943097767,34.56385191908503],[133.1984943097767,34.57284512272228],[133.20748751341392,34.57284512272228],[133.20748751341392,34.56385191908503],[133.1984943097767,34.56385191908503]]]}},{"type":"Feature","properties":{"jobs":0,"pop":16,"pointCount":1,"homeWorkCommuteMedian":8926,"workHomeCommuteMedian":-1},"geometry":{"type":"Polygon","coordinates":[[[133.1984943097767,34.65378395545749],[133.1984943097767,34.66277715909474],[133.20748751341392,34.66277715909474],[133.20748751341392,34.65378395545749],[133.1984943097767,34.65378395545749]]]}},{"type":"Feature","properties":{"jobs":0,"pop":21,"pointCount":1,"homeWorkCommuteMedian":19348,"workHomeCommuteMedian":-1},"geometry":{"type":"Polygon","coordinates":[[[133.1984943097767,34.66277715909474],[133.1984943097767,34.67177036273198],[133.20748751341392,34.67177036273198],[133.20748751341392,34.66277715909474],[133.1984943097767,34.66277715909474]]]}},{"type":"Feature","properties":{"jobs":69,"pop":132,"pointCount":6,"homeWorkCommuteMedian":5769,"workHomeCommuteMedian":4426},"geometry":{"type":"Polygon","coordinates":[[[133.1984943097767,34.67177036273198],[133.1984943097767,34.68076356636923],[133.20748751341392,34.68076356636923],[133.20748751341392,34.67177036273198],[133.1984943097767,34.67177036273198]]]}},{"type":"Feature","properties":{"jobs":0,"pop":52,"pointCount":1,"homeWorkCommuteMedian":64266,"workHomeCommuteMedian":-1},"geometry":{"type":"Polygon","coordinates":[[[133.1984943097767,34.689756770006476],[133.1984943097767,34.69874997364372],[133.20748751341392,34.69874997364372],[133.20748751341392,34.689756770006476],[133.1984943097767,34.689756770006476]]]}},{"type":"Feature","properties":{"jobs":0,"pop":22,"pointCount":1,"homeWorkCommuteMedian":18861,"workHomeCommuteMedian":-1},"geometry":{"type":"Polygon","coordinates":[[[133.1984943097767,34.77069560274169],[133.1984943097767,34.779688806378935],[133.20748751341392,34.779688806378935],[133.20748751341392,34.77069560274169],[133.1984943097767,34.77069560274169]]]}},{"type":"Feature","properties":{"jobs":269,"pop":78,"pointCount":3,"homeWorkCommuteMedian":1596,"workHomeCommuteMedian":5380},"geometry":{"type":"Polygon","coordinates":[[[133.20748751341392,34.24908979178142],[133.20748751341392,34.25808299541867],[133.21648071705116,34.25808299541867],[133.21648071705116,34.24908979178142],[133.20748751341392,34.24908979178142]]]}},{"type":"Feature","properties":{"jobs":46,"pop":144,"pointCount":4,"homeWorkCommuteMedian":12036,"workHomeCommuteMedian":3705},"geometry":{"type":"Polygon","coordinates":[[[133.20748751341392,34.267076199055914],[133.20748751341392,34.27606940269316],[133.21648071705116,34.27606940269316],[133.21648071705116,34.267076199055914],[133.20748751341392,34.267076199055914]]]}},{"type":"Feature","properties":{"jobs":19,"pop":208,"pointCount":3,"homeWorkCommuteMedian":22600,"workHomeCommuteMedian":4119},"geometry":{"type":"Polygon","coordinates":[[[133.20748751341392,34.27606940269316],[133.20748751341392,34.285062606330406],[133.21648071705116,34.285062606330406],[133.21648071705116,34.27606940269316],[133.20748751341392,34.27606940269316]]]}},{"type":"Feature","properties":{"jobs":142,"pop":77,"pointCount":3,"homeWorkCommuteMedian":5594,"workHomeCommuteMedian":13543},"geometry":{"type":"Polygon","coordinates":[[[133.20748751341392,34.357008235428374],[133.20748751341392,34.36600143906562],[133.21648071705116,34.36600143906562],[133.21648071705116,34.357008235428374],[133.20748751341392,34.357008235428374]]]}},{"type":"Feature","properties":{"jobs":17,"pop":142,"pointCount":2,"homeWorkCommuteMedian":21638,"workHomeCommuteMedian":1812},"geometry":{"type":"Polygon","coordinates":[[[133.20748751341392,34.36600143906562],[133.20748751341392,34.374994642702866],[133.21648071705116,34.374994642702866],[133.21648071705116,34.36600143906562],[133.20748751341392,34.36600143906562]]]}},{"type":"Feature","properties":{"jobs":34,"pop":110,"pointCount":6,"homeWorkCommuteMedian":14517,"workHomeCommuteMedian":18259},"geometry":{"type":"Polygon","coordinates":[[[133.20748751341392,34.374994642702866],[133.20748751341392,34.38398784634011],[133.21648071705116,34.38398784634011],[133.21648071705116,34.374994642702866],[133.20748751341392,34.374994642702866]]]}},{"type":"Feature","properties":{"jobs":74,"pop":448,"pointCount":9,"homeWorkCommuteMedian":7578,"workHomeCommuteMedian":27164},"geometry":{"type":"Polygon","coordinates":[[[133.20748751341392,34.38398784634011],[133.20748751341392,34.39298104997736],[133.21648071705116,34.39298104997736],[133.21648071705116,34.38398784634011],[133.20748751341392,34.38398784634011]]]}},{"type":"Feature","properties":{"jobs":461,"pop":835,"pointCount":9,"homeWorkCommuteMedian":6444,"workHomeCommuteMedian":16397},"geometry":{"type":"Polygon","coordinates":[[[133.20748751341392,34.39298104997736],[133.20748751341392,34.401974253614604],[133.21648071705116,34.401974253614604],[133.21648071705116,34.39298104997736],[133.20748751341392,34.39298104997736]]]}},{"type":"Feature","properties":{"jobs":298,"pop":124,"pointCount":5,"homeWorkCommuteMedian":5708,"workHomeCommuteMedian":3100},"geometry":{"type":"Polygon","coordinates":[[[133.20748751341392,34.401974253614604],[133.20748751341392,34.41096745725185],[133.21648071705116,34.41096745725185],[133.21648071705116,34.401974253614604],[133.20748751341392,34.401974253614604]]]}},{"type":"Feature","properties":{"jobs":760,"pop":390,"pointCount":8,"homeWorkCommuteMedian":5744,"workHomeCommuteMedian":6176},"geometry":{"type":"Polygon","coordinates":[[[133.20748751341392,34.41096745725185],[133.20748751341392,34.419960660889096],[133.21648071705116,34.419960660889096],[133.21648071705116,34.41096745725185],[133.20748751341392,34.41096745725185]]]}},{"type":"Feature","properties":{"jobs":2817,"pop":1129,"pointCount":8,"homeWorkCommuteMedian":5200,"workHomeCommuteMedian":7780},"geometry":{"type":"Polygon","coordinates":[[[133.20748751341392,34.419960660889096],[133.20748751341392,34.42895386452634],[133.21648071705116,34.42895386452634],[133.21648071705116,34.419960660889096],[133.20748751341392,34.419960660889096]]]}},{"type":"Feature","properties":{"jobs":96,"pop":0,"pointCount":1,"homeWorkCommuteMedian":-1,"workHomeCommuteMedian":17786},"geometry":{"type":"Polygon","coordinates":[[[133.20748751341392,34.42895386452634],[133.20748751341392,34.43794706816359],[133.21648071705116,34.43794706816359],[133.21648071705116,34.42895386452634],[133.20748751341392,34.42895386452634]]]}},{"type":"Feature","properties":{"jobs":1746,"pop":0,"pointCount":5,"homeWorkCommuteMedian":-1,"workHomeCommuteMedian":9408},"geometry":{"type":"Polygon","coordinates":[[[133.20748751341392,34.43794706816359],[133.20748751341392,34.446940271800834],[133.21648071705116,34.446940271800834],[133.21648071705116,34.43794706816359],[133.20748751341392,34.43794706816359]]]}},{"type":"Feature","properties":{"jobs":41,"pop":53,"pointCount":3,"homeWorkCommuteMedian":6792,"workHomeCommuteMedian":6594},"geometry":{"type":"Polygon","coordinates":[[[133.20748751341392,34.446940271800834],[133.20748751341392,34.45593347543808],[133.21648071705116,34.45593347543808],[133.21648071705116,34.446940271800834],[133.20748751341392,34.446940271800834]]]}},{"type":"Feature","properties":{"jobs":0,"pop":78,"pointCount":3,"homeWorkCommuteMedian":16971,"workHomeCommuteMedian":-1},"geometry":{"type":"Polygon","coordinates":[[[133.20748751341392,34.45593347543808],[133.20748751341392,34.464926679075326],[133.21648071705116,34.464926679075326],[133.21648071705116,34.45593347543808],[133.20748751341392,34.45593347543808]]]}},{"type":"Feature","properties":{"jobs":63,"pop":49,"pointCount":4,"homeWorkCommuteMedian":19904,"workHomeCommuteMedian":11119},"geometry":{"type":"Polygon","coordinates":[[[133.20748751341392,34.47391988271257],[133.20748751341392,34.48291308634982],[133.21648071705116,34.48291308634982],[133.21648071705116,34.47391988271257],[133.20748751341392,34.47391988271257]]]}},{"type":"Feature","properties":{"jobs":171,"pop":234,"pointCount":2,"homeWorkCommuteMedian":9452,"workHomeCommuteMedian":16911},"geometry":{"type":"Polygon","coordinates":[[[133.20748751341392,34.48291308634982],[133.20748751341392,34.491906289987064],[133.21648071705116,34.491906289987064],[133.21648071705116,34.48291308634982],[133.20748751341392,34.48291308634982]]]}},{"type":"Feature","properties":{"jobs":45,"pop":19,"pointCount":2,"homeWorkCommuteMedian":13809,"workHomeCommuteMedian":1502},"geometry":{"type":"Polygon","coordinates":[[[133.20748751341392,34.491906289987064],[133.20748751341392,34.50089949362431],[133.21648071705116,34.50089949362431],[133.21648071705116,34.491906289987064],[133.20748751341392,34.491906289987064]]]}},{"type":"Feature","properties":{"jobs":6,"pop":0,"pointCount":1,"homeWorkCommuteMedian":-1,"workHomeCommuteMedian":11366},"geometry":{"type":"Polygon","coordinates":[[[133.20748751341392,34.5188859008988],[133.20748751341392,34.52787910453605],[133.21648071705116,34.52787910453605],[133.21648071705116,34.5188859008988],[133.20748751341392,34.5188859008988]]]}},{"type":"Feature","properties":{"jobs":0,"pop":14,"pointCount":1,"homeWorkCommuteMedian":17551,"workHomeCommuteMedian":-1},"geometry":{"type":"Polygon","coordinates":[[[133.20748751341392,34.52787910453605],[133.20748751341392,34.536872308173294],[133.21648071705116,34.536872308173294],[133.21648071705116,34.52787910453605],[133.20748751341392,34.52787910453605]]]}},{"type":"Feature","properties":{"jobs":0,"pop":24,"pointCount":1,"homeWorkCommuteMedian":7046,"workHomeCommuteMedian":-1},"geometry":{"type":"Polygon","coordinates":[[[133.20748751341392,34.536872308173294],[133.20748751341392,34.54586551181054],[133.21648071705116,34.54586551181054],[133.21648071705116,34.536872308173294],[133.20748751341392,34.536872308173294]]]}},{"type":"Feature","properties":{"jobs":25,"pop":67,"pointCount":4,"homeWorkCommuteMedian":26375,"workHomeCommuteMedian":6784},"geometry":{"type":"Polygon","coordinates":[[[133.20748751341392,34.54586551181054],[133.20748751341392,34.554858715447786],[133.21648071705116,34.554858715447786],[133.21648071705116,34.54586551181054],[133.20748751341392,34.54586551181054]]]}},{"type":"Feature","properties":{"jobs":295,"pop":500,"pointCount":10,"homeWorkCommuteMedian":20003,"workHomeCommuteMedian":5803},"geometry":{"type":"Polygon","coordinates":[[[133.20748751341392,34.554858715447786],[133.20748751341392,34.56385191908503],[133.21648071705116,34.56385191908503],[133.21648071705116,34.554858715447786],[133.20748751341392,34.554858715447786]]]}},{"type":"Feature","properties":{"jobs":0,"pop":56,"pointCount":1,"homeWorkCommuteMedian":17415,"workHomeCommuteMedian":-1},"geometry":{"type":"Polygon","coordinates":[[[133.20748751341392,34.626804344545754],[133.20748751341392,34.635797548183],[133.21648071705116,34.635797548183],[133.21648071705116,34.626804344545754],[133.20748751341392,34.626804344545754]]]}},{"type":"Feature","properties":{"jobs":5,"pop":38,"pointCount":2,"homeWorkCommuteMedian":6225,"workHomeCommuteMedian":22339},"geometry":{"type":"Polygon","coordinates":[[[133.20748751341392,34.66277715909474],[133.20748751341392,34.67177036273198],[133.21648071705116,34.67177036273198],[133.21648071705116,34.66277715909474],[133.20748751341392,34.66277715909474]]]}},{"type":"Feature","properties":{"jobs":0,"pop":78,"pointCount":4,"homeWorkCommuteMedian":10346,"workHomeCommuteMedian":-1},"geometry":{"type":"Polygon","coordinates":[[[133.20748751341392,34.67177036273198],[133.20748751341392,34.68076356636923],[133.21648071705116,34.68076356636923],[133.21648071705116,34.67177036273198],[133.20748751341392,34.67177036273198]]]}},{"type":"Feature","properties":{"jobs":0,"pop":27,"pointCount":1,"homeWorkCommuteMedian":22524,"workHomeCommuteMedian":-1},"geometry":{"type":"Polygon","coordinates":[[[133.20748751341392,34.76170239910444],[133.20748751341392,34.77069560274169],[133.21648071705116,34.77069560274169],[133.21648071705116,34.76170239910444],[133.20748751341392,34.76170239910444]]]}},{"type":"Feature","properties":{"jobs":17,"pop":25,"pointCount":2,"homeWorkCommuteMedian":71686,"workHomeCommuteMedian":3925},"geometry":{"type":"Polygon","coordinates":[[[133.20748751341392,34.77069560274169],[133.20748751341392,34.779688806378935],[133.21648071705116,34.779688806378935],[133.21648071705116,34.77069560274169],[133.20748751341392,34.77069560274169]]]}},{"type":"Feature","properties":{"jobs":0,"pop":55,"pointCount":1,"homeWorkCommuteMedian":31307,"workHomeCommuteMedian":-1},"geometry":{"type":"Polygon","coordinates":[[[133.20748751341392,34.779688806378935],[133.20748751341392,34.78868201001618],[133.21648071705116,34.78868201001618],[133.21648071705116,34.779688806378935],[133.20748751341392,34.779688806378935]]]}},{"type":"Feature","properties":{"jobs":3,"pop":10,"pointCount":2,"homeWorkCommuteMedian":17520,"workHomeCommuteMedian":6574},"geometry":{"type":"Polygon","coordinates":[[[133.20748751341392,34.79767521365343],[133.20748751341392,34.80666841729067],[133.21648071705116,34.80666841729067],[133.21648071705116,34.79767521365343],[133.20748751341392,34.79767521365343]]]}},{"type":"Feature","properties":{"jobs":0,"pop":8,"pointCount":1,"homeWorkCommuteMedian":23387,"workHomeCommuteMedian":-1},"geometry":{"type":"Polygon","coordinates":[[[133.20748751341392,34.81566162092792],[133.20748751341392,34.824654824565165],[133.21648071705116,34.824654824565165],[133.21648071705116,34.81566162092792],[133.20748751341392,34.81566162092792]]]}},{"type":"Feature","properties":{"jobs":0,"pop":15,"pointCount":1,"homeWorkCommuteMedian":25502,"workHomeCommuteMedian":-1},"geometry":{"type":"Polygon","coordinates":[[[133.20748751341392,34.84264123183966],[133.20748751341392,34.8516344354769],[133.21648071705116,34.8516344354769],[133.21648071705116,34.84264123183966],[133.20748751341392,34.84264123183966]]]}},{"type":"Feature","properties":{"jobs":0,"pop":13,"pointCount":1,"homeWorkCommuteMedian":3854,"workHomeCommuteMedian":-1},"geometry":{"type":"Polygon","coordinates":[[[133.21648071705116,34.267076199055914],[133.21648071705116,34.27606940269316],[133.2254739206884,34.27606940269316],[133.2254739206884,34.267076199055914],[133.21648071705116,34.267076199055914]]]}},{"type":"Feature","properties":{"jobs":3,"pop":0,"pointCount":1,"homeWorkCommuteMedian":-1,"workHomeCommuteMedian":45669},"geometry":{"type":"Polygon","coordinates":[[[133.21648071705116,34.27606940269316],[133.21648071705116,34.285062606330406],[133.2254739206884,34.285062606330406],[133.2254739206884,34.27606940269316],[133.21648071705116,34.27606940269316]]]}},{"type":"Feature","properties":{"jobs":16,"pop":17,"pointCount":1,"homeWorkCommuteMedian":5293,"workHomeCommuteMedian":46314},"geometry":{"type":"Polygon","coordinates":[[[133.21648071705116,34.285062606330406],[133.21648071705116,34.29405580996765],[133.2254739206884,34.29405580996765],[133.2254739206884,34.285062606330406],[133.21648071705116,34.285062606330406]]]}},{"type":"Feature","properties":{"jobs":0,"pop":37,"pointCount":1,"homeWorkCommuteMedian":21073,"workHomeCommuteMedian":-1},"geometry":{"type":"Polygon","coordinates":[[[133.21648071705116,34.36600143906562],[133.21648071705116,34.374994642702866],[133.2254739206884,34.374994642702866],[133.2254739206884,34.36600143906562],[133.21648071705116,34.36600143906562]]]}},{"type":"Feature","properties":{"jobs":101,"pop":79,"pointCount":3,"homeWorkCommuteMedian":9027,"workHomeCommuteMedian":2465},"geometry":{"type":"Polygon","coordinates":[[[133.21648071705116,34.374994642702866],[133.21648071705116,34.38398784634011],[133.2254739206884,34.38398784634011],[133.2254739206884,34.374994642702866],[133.21648071705116,34.374994642702866]]]}},{"type":"Feature","properties":{"jobs":22,"pop":92,"pointCount":3,"homeWorkCommuteMedian":2093,"workHomeCommuteMedian":20519},"geometry":{"type":"Polygon","coordinates":[[[133.21648071705116,34.38398784634011],[133.21648071705116,34.39298104997736],[133.2254739206884,34.39298104997736],[133.2254739206884,34.38398784634011],[133.21648071705116,34.38398784634011]]]}},{"type":"Feature","properties":{"jobs":1731,"pop":1027,"pointCount":17,"homeWorkCommuteMedian":10347,"workHomeCommuteMedian":3758},"geometry":{"type":"Polygon","coordinates":[[[133.21648071705116,34.39298104997736],[133.21648071705116,34.401974253614604],[133.2254739206884,34.401974253614604],[133.2254739206884,34.39298104997736],[133.21648071705116,34.39298104997736]]]}},{"type":"Feature","properties":{"jobs":53,"pop":273,"pointCount":4,"homeWorkCommuteMedian":5767,"workHomeCommuteMedian":5500},"geometry":{"type":"Polygon","coordinates":[[[133.21648071705116,34.401974253614604],[133.21648071705116,34.41096745725185],[133.2254739206884,34.41096745725185],[133.2254739206884,34.401974253614604],[133.21648071705116,34.401974253614604]]]}},{"type":"Feature","properties":{"jobs":322,"pop":479,"pointCount":6,"homeWorkCommuteMedian":9019,"workHomeCommuteMedian":1860},"geometry":{"type":"Polygon","coordinates":[[[133.21648071705116,34.41096745725185],[133.21648071705116,34.419960660889096],[133.2254739206884,34.419960660889096],[133.2254739206884,34.41096745725185],[133.21648071705116,34.41096745725185]]]}},{"type":"Feature","properties":{"jobs":82,"pop":805,"pointCount":8,"homeWorkCommuteMedian":4676,"workHomeCommuteMedian":2816},"geometry":{"type":"Polygon","coordinates":[[[133.21648071705116,34.419960660889096],[133.21648071705116,34.42895386452634],[133.2254739206884,34.42895386452634],[133.2254739206884,34.419960660889096],[133.21648071705116,34.419960660889096]]]}},{"type":"Feature","properties":{"jobs":138,"pop":387,"pointCount":5,"homeWorkCommuteMedian":9006,"workHomeCommuteMedian":4899},"geometry":{"type":"Polygon","coordinates":[[[133.21648071705116,34.42895386452634],[133.21648071705116,34.43794706816359],[133.2254739206884,34.43794706816359],[133.2254739206884,34.42895386452634],[133.21648071705116,34.42895386452634]]]}},{"type":"Feature","properties":{"jobs":456,"pop":113,"pointCount":5,"homeWorkCommuteMedian":4046,"workHomeCommuteMedian":7907},"geometry":{"type":"Polygon","coordinates":[[[133.21648071705116,34.43794706816359],[133.21648071705116,34.446940271800834],[133.2254739206884,34.446940271800834],[133.2254739206884,34.43794706816359],[133.21648071705116,34.43794706816359]]]}},{"type":"Feature","properties":{"jobs":180,"pop":93,"pointCount":4,"homeWorkCommuteMedian":12336,"workHomeCommuteMedian":2030},"geometry":{"type":"Polygon","coordinates":[[[133.21648071705116,34.446940271800834],[133.21648071705116,34.45593347543808],[133.2254739206884,34.45593347543808],[133.2254739206884,34.446940271800834],[133.21648071705116,34.446940271800834]]]}},{"type":"Feature","properties":{"jobs":26,"pop":450,"pointCount":7,"homeWorkCommuteMedian":10911,"workHomeCommuteMedian":24808},"geometry":{"type":"Polygon","coordinates":[[[133.21648071705116,34.45593347543808],[133.21648071705116,34.464926679075326],[133.2254739206884,34.464926679075326],[133.2254739206884,34.45593347543808],[133.21648071705116,34.45593347543808]]]}},{"type":"Feature","properties":{"jobs":0,"pop":69,"pointCount":2,"homeWorkCommuteMedian":5716,"workHomeCommuteMedian":-1},"geometry":{"type":"Polygon","coordinates":[[[133.21648071705116,34.464926679075326],[133.21648071705116,34.47391988271257],[133.2254739206884,34.47391988271257],[133.2254739206884,34.464926679075326],[133.21648071705116,34.464926679075326]]]}},{"type":"Feature","properties":{"jobs":0,"pop":32,"pointCount":1,"homeWorkCommuteMedian":12144,"workHomeCommuteMedian":-1},"geometry":{"type":"Polygon","coordinates":[[[133.21648071705116,34.48291308634982],[133.21648071705116,34.491906289987064],[133.2254739206884,34.491906289987064],[133.2254739206884,34.48291308634982],[133.21648071705116,34.48291308634982]]]}},{"type":"Feature","properties":{"jobs":0,"pop":20,"pointCount":1,"homeWorkCommuteMedian":21960,"workHomeCommuteMedian":-1},"geometry":{"type":"Polygon","coordinates":[[[133.21648071705116,34.491906289987064],[133.21648071705116,34.50089949362431],[133.2254739206884,34.50089949362431],[133.2254739206884,34.491906289987064],[133.21648071705116,34.491906289987064]]]}},{"type":"Feature","properties":{"jobs":0,"pop":60,"pointCount":1,"homeWorkCommuteMedian":20783,"workHomeCommuteMedian":-1},"geometry":{"type":"Polygon","coordinates":[[[133.21648071705116,34.50089949362431],[133.21648071705116,34.509892697261556],[133.2254739206884,34.509892697261556],[133.2254739206884,34.50089949362431],[133.21648071705116,34.50089949362431]]]}},{"type":"Feature","properties":{"jobs":199,"pop":313,"pointCount":10,"homeWorkCommuteMedian":13047,"workHomeCommuteMedian":2433},"geometry":{"type":"Polygon","coordinates":[[[133.21648071705116,34.56385191908503],[133.21648071705116,34.57284512272228],[133.2254739206884,34.57284512272228],[133.2254739206884,34.56385191908503],[133.21648071705116,34.56385191908503]]]}},{"type":"Feature","properties":{"jobs":496,"pop":286,"pointCount":9,"homeWorkCommuteMedian":28793,"workHomeCommuteMedian":6428},"geometry":{"type":"Polygon","coordinates":[[[133.21648071705116,34.57284512272228],[133.21648071705116,34.581838326359524],[133.2254739206884,34.581838326359524],[133.2254739206884,34.57284512272228],[133.21648071705116,34.57284512272228]]]}},{"type":"Feature","properties":{"jobs":20,"pop":98,"pointCount":4,"homeWorkCommuteMedian":4286,"workHomeCommuteMedian":19850},"geometry":{"type":"Polygon","coordinates":[[[133.21648071705116,34.581838326359524],[133.21648071705116,34.59083152999677],[133.2254739206884,34.59083152999677],[133.2254739206884,34.581838326359524],[133.21648071705116,34.581838326359524]]]}},{"type":"Feature","properties":{"jobs":52,"pop":39,"pointCount":2,"homeWorkCommuteMedian":3680,"workHomeCommuteMedian":30394},"geometry":{"type":"Polygon","coordinates":[[[133.21648071705116,34.59083152999677],[133.21648071705116,34.599824733634016],[133.2254739206884,34.599824733634016],[133.2254739206884,34.59083152999677],[133.21648071705116,34.59083152999677]]]}},{"type":"Feature","properties":{"jobs":0,"pop":34,"pointCount":2,"homeWorkCommuteMedian":7105,"workHomeCommuteMedian":-1},"geometry":{"type":"Polygon","coordinates":[[[133.21648071705116,34.66277715909474],[133.21648071705116,34.67177036273198],[133.2254739206884,34.67177036273198],[133.2254739206884,34.66277715909474],[133.21648071705116,34.66277715909474]]]}},{"type":"Feature","properties":{"jobs":117,"pop":35,"pointCount":2,"homeWorkCommuteMedian":74300,"workHomeCommuteMedian":4900},"geometry":{"type":"Polygon","coordinates":[[[133.21648071705116,34.67177036273198],[133.21648071705116,34.68076356636923],[133.2254739206884,34.68076356636923],[133.2254739206884,34.67177036273198],[133.21648071705116,34.67177036273198]]]}},{"type":"Feature","properties":{"jobs":0,"pop":20,"pointCount":1,"homeWorkCommuteMedian":14927,"workHomeCommuteMedian":-1},"geometry":{"type":"Polygon","coordinates":[[[133.21648071705116,34.68076356636923],[133.21648071705116,34.689756770006476],[133.2254739206884,34.689756770006476],[133.2254739206884,34.68076356636923],[133.21648071705116,34.68076356636923]]]}},{"type":"Feature","properties":{"jobs":149,"pop":40,"pointCount":3,"homeWorkCommuteMedian":2853,"workHomeCommuteMedian":14372},"geometry":{"type":"Polygon","coordinates":[[[133.21648071705116,34.689756770006476],[133.21648071705116,34.69874997364372],[133.2254739206884,34.69874997364372],[133.2254739206884,34.689756770006476],[133.21648071705116,34.689756770006476]]]}},{"type":"Feature","properties":{"jobs":1,"pop":18,"pointCount":1,"homeWorkCommuteMedian":7637,"workHomeCommuteMedian":6372},"geometry":{"type":"Polygon","coordinates":[[[133.21648071705116,34.71673638091821],[133.21648071705116,34.72572958455546],[133.2254739206884,34.72572958455546],[133.2254739206884,34.71673638091821],[133.21648071705116,34.71673638091821]]]}},{"type":"Feature","properties":{"jobs":0,"pop":2,"pointCount":1,"homeWorkCommuteMedian":27446,"workHomeCommuteMedian":-1},"geometry":{"type":"Polygon","coordinates":[[[133.21648071705116,34.80666841729067],[133.21648071705116,34.81566162092792],[133.2254739206884,34.81566162092792],[133.2254739206884,34.80666841729067],[133.21648071705116,34.80666841729067]]]}},{"type":"Feature","properties":{"jobs":21,"pop":9,"pointCount":2,"homeWorkCommuteMedian":11189,"workHomeCommuteMedian":28815},"geometry":{"type":"Polygon","coordinates":[[[133.21648071705116,34.81566162092792],[133.21648071705116,34.824654824565165],[133.2254739206884,34.824654824565165],[133.2254739206884,34.81566162092792],[133.21648071705116,34.81566162092792]]]}},{"type":"Feature","properties":{"jobs":2,"pop":23,"pointCount":3,"homeWorkCommuteMedian":9326,"workHomeCommuteMedian":23965},"geometry":{"type":"Polygon","coordinates":[[[133.21648071705116,34.824654824565165],[133.21648071705116,34.83364802820241],[133.2254739206884,34.83364802820241],[133.2254739206884,34.824654824565165],[133.21648071705116,34.824654824565165]]]}},{"type":"Feature","properties":{"jobs":0,"pop":14,"pointCount":1,"homeWorkCommuteMedian":23913,"workHomeCommuteMedian":-1},"geometry":{"type":"Polygon","coordinates":[[[133.21648071705116,34.83364802820241],[133.21648071705116,34.84264123183966],[133.2254739206884,34.84264123183966],[133.2254739206884,34.83364802820241],[133.21648071705116,34.83364802820241]]]}},{"type":"Feature","properties":{"jobs":5,"pop":0,"pointCount":1,"homeWorkCommuteMedian":-1,"workHomeCommuteMedian":23904},"geometry":{"type":"Polygon","coordinates":[[[133.21648071705116,34.84264123183966],[133.21648071705116,34.8516344354769],[133.2254739206884,34.8516344354769],[133.2254739206884,34.84264123183966],[133.21648071705116,34.84264123183966]]]}},{"type":"Feature","properties":{"jobs":9,"pop":0,"pointCount":1,"homeWorkCommuteMedian":-1,"workHomeCommuteMedian":56078},"geometry":{"type":"Polygon","coordinates":[[[133.2254739206884,34.267076199055914],[133.2254739206884,34.27606940269316],[133.23446712432562,34.27606940269316],[133.23446712432562,34.267076199055914],[133.2254739206884,34.267076199055914]]]}},{"type":"Feature","properties":{"jobs":0,"pop":9,"pointCount":1,"homeWorkCommuteMedian":7672,"workHomeCommuteMedian":-1},"geometry":{"type":"Polygon","coordinates":[[[133.2254739206884,34.27606940269316],[133.2254739206884,34.285062606330406],[133.23446712432562,34.285062606330406],[133.23446712432562,34.27606940269316],[133.2254739206884,34.27606940269316]]]}},{"type":"Feature","properties":{"jobs":0,"pop":34,"pointCount":1,"homeWorkCommuteMedian":4350,"workHomeCommuteMedian":-1},"geometry":{"type":"Polygon","coordinates":[[[133.2254739206884,34.285062606330406],[133.2254739206884,34.29405580996765],[133.23446712432562,34.29405580996765],[133.23446712432562,34.285062606330406],[133.2254739206884,34.285062606330406]]]}},{"type":"Feature","properties":{"jobs":0,"pop":71,"pointCount":1,"homeWorkCommuteMedian":9386,"workHomeCommuteMedian":-1},"geometry":{"type":"Polygon","coordinates":[[[133.2254739206884,34.38398784634011],[133.2254739206884,34.39298104997736],[133.23446712432562,34.39298104997736],[133.23446712432562,34.38398784634011],[133.2254739206884,34.38398784634011]]]}},{"type":"Feature","properties":{"jobs":184,"pop":777,"pointCount":11,"homeWorkCommuteMedian":10680,"workHomeCommuteMedian":871},"geometry":{"type":"Polygon","coordinates":[[[133.2254739206884,34.39298104997736],[133.2254739206884,34.401974253614604],[133.23446712432562,34.401974253614604],[133.23446712432562,34.39298104997736],[133.2254739206884,34.39298104997736]]]}},{"type":"Feature","properties":{"jobs":55,"pop":1055,"pointCount":7,"homeWorkCommuteMedian":6906,"workHomeCommuteMedian":18351},"geometry":{"type":"Polygon","coordinates":[[[133.2254739206884,34.401974253614604],[133.2254739206884,34.41096745725185],[133.23446712432562,34.41096745725185],[133.23446712432562,34.401974253614604],[133.2254739206884,34.401974253614604]]]}},{"type":"Feature","properties":{"jobs":1408,"pop":743,"pointCount":9,"homeWorkCommuteMedian":3857,"workHomeCommuteMedian":14109},"geometry":{"type":"Polygon","coordinates":[[[133.2254739206884,34.41096745725185],[133.2254739206884,34.419960660889096],[133.23446712432562,34.419960660889096],[133.23446712432562,34.41096745725185],[133.2254739206884,34.41096745725185]]]}},{"type":"Feature","properties":{"jobs":2329,"pop":2313,"pointCount":15,"homeWorkCommuteMedian":6622,"workHomeCommuteMedian":8916},"geometry":{"type":"Polygon","coordinates":[[[133.2254739206884,34.419960660889096],[133.2254739206884,34.42895386452634],[133.23446712432562,34.42895386452634],[133.23446712432562,34.419960660889096],[133.2254739206884,34.419960660889096]]]}},{"type":"Feature","properties":{"jobs":2122,"pop":2538,"pointCount":15,"homeWorkCommuteMedian":5240,"workHomeCommuteMedian":8964},"geometry":{"type":"Polygon","coordinates":[[[133.2254739206884,34.42895386452634],[133.2254739206884,34.43794706816359],[133.23446712432562,34.43794706816359],[133.23446712432562,34.42895386452634],[133.2254739206884,34.42895386452634]]]}},{"type":"Feature","properties":{"jobs":1296,"pop":682,"pointCount":8,"homeWorkCommuteMedian":7318,"workHomeCommuteMedian":2156},"geometry":{"type":"Polygon","coordinates":[[[133.2254739206884,34.43794706816359],[133.2254739206884,34.446940271800834],[133.23446712432562,34.446940271800834],[133.23446712432562,34.43794706816359],[133.2254739206884,34.43794706816359]]]}},{"type":"Feature","properties":{"jobs":94,"pop":318,"pointCount":9,"homeWorkCommuteMedian":3817,"workHomeCommuteMedian":3781},"geometry":{"type":"Polygon","coordinates":[[[133.2254739206884,34.446940271800834],[133.2254739206884,34.45593347543808],[133.23446712432562,34.45593347543808],[133.23446712432562,34.446940271800834],[133.2254739206884,34.446940271800834]]]}},{"type":"Feature","properties":{"jobs":3516,"pop":72,"pointCount":9,"homeWorkCommuteMedian":15392,"workHomeCommuteMedian":19232},"geometry":{"type":"Polygon","coordinates":[[[133.2254739206884,34.45593347543808],[133.2254739206884,34.464926679075326],[133.23446712432562,34.464926679075326],[133.23446712432562,34.45593347543808],[133.2254739206884,34.45593347543808]]]}},{"type":"Feature","properties":{"jobs":72,"pop":220,"pointCount":6,"homeWorkCommuteMedian":11702,"workHomeCommuteMedian":21602},"geometry":{"type":"Polygon","coordinates":[[[133.2254739206884,34.464926679075326],[133.2254739206884,34.47391988271257],[133.23446712432562,34.47391988271257],[133.23446712432562,34.464926679075326],[133.2254739206884,34.464926679075326]]]}},{"type":"Feature","properties":{"jobs":0,"pop":16,"pointCount":1,"homeWorkCommuteMedian":15759,"workHomeCommuteMedian":-1},"geometry":{"type":"Polygon","coordinates":[[[133.2254739206884,34.48291308634982],[133.2254739206884,34.491906289987064],[133.23446712432562,34.491906289987064],[133.23446712432562,34.48291308634982],[133.2254739206884,34.48291308634982]]]}},{"type":"Feature","properties":{"jobs":0,"pop":18,"pointCount":1,"homeWorkCommuteMedian":12803,"workHomeCommuteMedian":-1},"geometry":{"type":"Polygon","coordinates":[[[133.2254739206884,34.50089949362431],[133.2254739206884,34.509892697261556],[133.23446712432562,34.509892697261556],[133.23446712432562,34.50089949362431],[133.2254739206884,34.50089949362431]]]}},{"type":"Feature","properties":{"jobs":44,"pop":41,"pointCount":2,"homeWorkCommuteMedian":6189,"workHomeCommuteMedian":10291},"geometry":{"type":"Polygon","coordinates":[[[133.2254739206884,34.5188859008988],[133.2254739206884,34.52787910453605],[133.23446712432562,34.52787910453605],[133.23446712432562,34.5188859008988],[133.2254739206884,34.5188859008988]]]}},{"type":"Feature","properties":{"jobs":0,"pop":53,"pointCount":2,"homeWorkCommuteMedian":27177,"workHomeCommuteMedian":-1},"geometry":{"type":"Polygon","coordinates":[[[133.2254739206884,34.536872308173294],[133.2254739206884,34.54586551181054],[133.23446712432562,34.54586551181054],[133.23446712432562,34.536872308173294],[133.2254739206884,34.536872308173294]]]}},{"type":"Feature","properties":{"jobs":0,"pop":207,"pointCount":5,"homeWorkCommuteMedian":5965,"workHomeCommuteMedian":-1},"geometry":{"type":"Polygon","coordinates":[[[133.2254739206884,34.54586551181054],[133.2254739206884,34.554858715447786],[133.23446712432562,34.554858715447786],[133.23446712432562,34.54586551181054],[133.2254739206884,34.54586551181054]]]}},{"type":"Feature","properties":{"jobs":928,"pop":470,"pointCount":10,"homeWorkCommuteMedian":5056,"workHomeCommuteMedian":2010},"geometry":{"type":"Polygon","coordinates":[[[133.2254739206884,34.554858715447786],[133.2254739206884,34.56385191908503],[133.23446712432562,34.56385191908503],[133.23446712432562,34.554858715447786],[133.2254739206884,34.554858715447786]]]}},{"type":"Feature","properties":{"jobs":309,"pop":520,"pointCount":12,"homeWorkCommuteMedian":16649,"workHomeCommuteMedian":2964},"geometry":{"type":"Polygon","coordinates":[[[133.2254739206884,34.56385191908503],[133.2254739206884,34.57284512272228],[133.23446712432562,34.57284512272228],[133.23446712432562,34.56385191908503],[133.2254739206884,34.56385191908503]]]}},{"type":"Feature","properties":{"jobs":2025,"pop":1781,"pointCount":15,"homeWorkCommuteMedian":13982,"workHomeCommuteMedian":6350},"geometry":{"type":"Polygon","coordinates":[[[133.2254739206884,34.57284512272228],[133.2254739206884,34.581838326359524],[133.23446712432562,34.581838326359524],[133.23446712432562,34.57284512272228],[133.2254739206884,34.57284512272228]]]}},{"type":"Feature","properties":{"jobs":17,"pop":81,"pointCount":4,"homeWorkCommuteMedian":3949,"workHomeCommuteMedian":2886},"geometry":{"type":"Polygon","coordinates":[[[133.2254739206884,34.581838326359524],[133.2254739206884,34.59083152999677],[133.23446712432562,34.59083152999677],[133.23446712432562,34.581838326359524],[133.2254739206884,34.581838326359524]]]}},{"type":"Feature","properties":{"jobs":103,"pop":0,"pointCount":1,"homeWorkCommuteMedian":-1,"workHomeCommuteMedian":17443},"geometry":{"type":"Polygon","coordinates":[[[133.2254739206884,34.644790751820246],[133.2254739206884,34.65378395545749],[133.23446712432562,34.65378395545749],[133.23446712432562,34.644790751820246],[133.2254739206884,34.644790751820246]]]}},{"type":"Feature","properties":{"jobs":51,"pop":42,"pointCount":2,"homeWorkCommuteMedian":44981,"workHomeCommuteMedian":37186},"geometry":{"type":"Polygon","coordinates":[[[133.2254739206884,34.66277715909474],[133.2254739206884,34.67177036273198],[133.23446712432562,34.67177036273198],[133.23446712432562,34.66277715909474],[133.2254739206884,34.66277715909474]]]}},{"type":"Feature","properties":{"jobs":85,"pop":19,"pointCount":3,"homeWorkCommuteMedian":16700,"workHomeCommuteMedian":17476},"geometry":{"type":"Polygon","coordinates":[[[133.2254739206884,34.68076356636923],[133.2254739206884,34.689756770006476],[133.23446712432562,34.689756770006476],[133.23446712432562,34.68076356636923],[133.2254739206884,34.68076356636923]]]}},{"type":"Feature","properties":{"jobs":0,"pop":76,"pointCount":2,"homeWorkCommuteMedian":14593,"workHomeCommuteMedian":-1},"geometry":{"type":"Polygon","coordinates":[[[133.2254739206884,34.689756770006476],[133.2254739206884,34.69874997364372],[133.23446712432562,34.69874997364372],[133.23446712432562,34.689756770006476],[133.2254739206884,34.689756770006476]]]}},{"type":"Feature","properties":{"jobs":0,"pop":24,"pointCount":1,"homeWorkCommuteMedian":3148,"workHomeCommuteMedian":-1},"geometry":{"type":"Polygon","coordinates":[[[133.2254739206884,34.69874997364372],[133.2254739206884,34.70774317728097],[133.23446712432562,34.70774317728097],[133.23446712432562,34.69874997364372],[133.2254739206884,34.69874997364372]]]}},{"type":"Feature","properties":{"jobs":0,"pop":34,"pointCount":1,"homeWorkCommuteMedian":21942,"workHomeCommuteMedian":-1},"geometry":{"type":"Polygon","coordinates":[[[133.2254739206884,34.72572958455546],[133.2254739206884,34.734722788192705],[133.23446712432562,34.734722788192705],[133.23446712432562,34.72572958455546],[133.2254739206884,34.72572958455546]]]}},{"type":"Feature","properties":{"jobs":0,"pop":20,"pointCount":1,"homeWorkCommuteMedian":16346,"workHomeCommuteMedian":-1},"geometry":{"type":"Polygon","coordinates":[[[133.2254739206884,34.76170239910444],[133.2254739206884,34.77069560274169],[133.23446712432562,34.77069560274169],[133.23446712432562,34.76170239910444],[133.2254739206884,34.76170239910444]]]}},{"type":"Feature","properties":{"jobs":6,"pop":0,"pointCount":1,"homeWorkCommuteMedian":-1,"workHomeCommuteMedian":5243},"geometry":{"type":"Polygon","coordinates":[[[133.2254739206884,34.77069560274169],[133.2254739206884,34.779688806378935],[133.23446712432562,34.779688806378935],[133.23446712432562,34.77069560274169],[133.2254739206884,34.77069560274169]]]}},{"type":"Feature","properties":{"jobs":0,"pop":5,"pointCount":1,"homeWorkCommuteMedian":17310,"workHomeCommuteMedian":-1},"geometry":{"type":"Polygon","coordinates":[[[133.2254739206884,34.779688806378935],[133.2254739206884,34.78868201001618],[133.23446712432562,34.78868201001618],[133.23446712432562,34.779688806378935],[133.2254739206884,34.779688806378935]]]}},{"type":"Feature","properties":{"jobs":0,"pop":10,"pointCount":2,"homeWorkCommuteMedian":20811,"workHomeCommuteMedian":-1},"geometry":{"type":"Polygon","coordinates":[[[133.2254739206884,34.80666841729067],[133.2254739206884,34.81566162092792],[133.23446712432562,34.81566162092792],[133.23446712432562,34.80666841729067],[133.2254739206884,34.80666841729067]]]}},{"type":"Feature","properties":{"jobs":20,"pop":48,"pointCount":2,"homeWorkCommuteMedian":23822,"workHomeCommuteMedian":907},"geometry":{"type":"Polygon","coordinates":[[[133.23446712432562,34.39298104997736],[133.23446712432562,34.401974253614604],[133.24346032796285,34.401974253614604],[133.24346032796285,34.39298104997736],[133.23446712432562,34.39298104997736]]]}},{"type":"Feature","properties":{"jobs":0,"pop":76,"pointCount":1,"homeWorkCommuteMedian":18939,"workHomeCommuteMedian":-1},"geometry":{"type":"Polygon","coordinates":[[[133.23446712432562,34.401974253614604],[133.23446712432562,34.41096745725185],[133.24346032796285,34.41096745725185],[133.24346032796285,34.401974253614604],[133.23446712432562,34.401974253614604]]]}},{"type":"Feature","properties":{"jobs":747,"pop":0,"pointCount":1,"homeWorkCommuteMedian":-1,"workHomeCommuteMedian":18431},"geometry":{"type":"Polygon","coordinates":[[[133.23446712432562,34.41096745725185],[133.23446712432562,34.419960660889096],[133.24346032796285,34.419960660889096],[133.24346032796285,34.41096745725185],[133.23446712432562,34.41096745725185]]]}},{"type":"Feature","properties":{"jobs":2194,"pop":55,"pointCount":4,"homeWorkCommuteMedian":50682,"workHomeCommuteMedian":11426},"geometry":{"type":"Polygon","coordinates":[[[133.23446712432562,34.419960660889096],[133.23446712432562,34.42895386452634],[133.24346032796285,34.42895386452634],[133.24346032796285,34.419960660889096],[133.23446712432562,34.419960660889096]]]}},{"type":"Feature","properties":{"jobs":1280,"pop":2722,"pointCount":15,"homeWorkCommuteMedian":4543,"workHomeCommuteMedian":8509},"geometry":{"type":"Polygon","coordinates":[[[133.23446712432562,34.42895386452634],[133.23446712432562,34.43794706816359],[133.24346032796285,34.43794706816359],[133.24346032796285,34.42895386452634],[133.23446712432562,34.42895386452634]]]}},{"type":"Feature","properties":{"jobs":1269,"pop":1457,"pointCount":14,"homeWorkCommuteMedian":11457,"workHomeCommuteMedian":11270},"geometry":{"type":"Polygon","coordinates":[[[133.23446712432562,34.43794706816359],[133.23446712432562,34.446940271800834],[133.24346032796285,34.446940271800834],[133.24346032796285,34.43794706816359],[133.23446712432562,34.43794706816359]]]}},{"type":"Feature","properties":{"jobs":247,"pop":1244,"pointCount":11,"homeWorkCommuteMedian":4528,"workHomeCommuteMedian":10442},"geometry":{"type":"Polygon","coordinates":[[[133.23446712432562,34.446940271800834],[133.23446712432562,34.45593347543808],[133.24346032796285,34.45593347543808],[133.24346032796285,34.446940271800834],[133.23446712432562,34.446940271800834]]]}},{"type":"Feature","properties":{"jobs":253,"pop":153,"pointCount":9,"homeWorkCommuteMedian":20502,"workHomeCommuteMedian":7314},"geometry":{"type":"Polygon","coordinates":[[[133.23446712432562,34.45593347543808],[133.23446712432562,34.464926679075326],[133.24346032796285,34.464926679075326],[133.24346032796285,34.45593347543808],[133.23446712432562,34.45593347543808]]]}},{"type":"Feature","properties":{"jobs":46,"pop":179,"pointCount":8,"homeWorkCommuteMedian":7663,"workHomeCommuteMedian":1290},"geometry":{"type":"Polygon","coordinates":[[[133.23446712432562,34.464926679075326],[133.23446712432562,34.47391988271257],[133.24346032796285,34.47391988271257],[133.24346032796285,34.464926679075326],[133.23446712432562,34.464926679075326]]]}},{"type":"Feature","properties":{"jobs":0,"pop":115,"pointCount":3,"homeWorkCommuteMedian":15802,"workHomeCommuteMedian":-1},"geometry":{"type":"Polygon","coordinates":[[[133.23446712432562,34.47391988271257],[133.23446712432562,34.48291308634982],[133.24346032796285,34.48291308634982],[133.24346032796285,34.47391988271257],[133.23446712432562,34.47391988271257]]]}},{"type":"Feature","properties":{"jobs":35,"pop":64,"pointCount":3,"homeWorkCommuteMedian":12842,"workHomeCommuteMedian":21134},"geometry":{"type":"Polygon","coordinates":[[[133.23446712432562,34.48291308634982],[133.23446712432562,34.491906289987064],[133.24346032796285,34.491906289987064],[133.24346032796285,34.48291308634982],[133.23446712432562,34.48291308634982]]]}},{"type":"Feature","properties":{"jobs":68,"pop":116,"pointCount":2,"homeWorkCommuteMedian":4452,"workHomeCommuteMedian":21393},"geometry":{"type":"Polygon","coordinates":[[[133.23446712432562,34.5188859008988],[133.23446712432562,34.52787910453605],[133.24346032796285,34.52787910453605],[133.24346032796285,34.5188859008988],[133.23446712432562,34.5188859008988]]]}},{"type":"Feature","properties":{"jobs":194,"pop":84,"pointCount":5,"homeWorkCommuteMedian":13473,"workHomeCommuteMedian":25573},"geometry":{"type":"Polygon","coordinates":[[[133.23446712432562,34.536872308173294],[133.23446712432562,34.54586551181054],[133.24346032796285,34.54586551181054],[133.24346032796285,34.536872308173294],[133.23446712432562,34.536872308173294]]]}},{"type":"Feature","properties":{"jobs":287,"pop":506,"pointCount":14,"homeWorkCommuteMedian":11140,"workHomeCommuteMedian":3135},"geometry":{"type":"Polygon","coordinates":[[[133.23446712432562,34.54586551181054],[133.23446712432562,34.554858715447786],[133.24346032796285,34.554858715447786],[133.24346032796285,34.54586551181054],[133.23446712432562,34.54586551181054]]]}},{"type":"Feature","properties":{"jobs":482,"pop":1155,"pointCount":12,"homeWorkCommuteMedian":13037,"workHomeCommuteMedian":2329},"geometry":{"type":"Polygon","coordinates":[[[133.23446712432562,34.554858715447786],[133.23446712432562,34.56385191908503],[133.24346032796285,34.56385191908503],[133.24346032796285,34.554858715447786],[133.23446712432562,34.554858715447786]]]}},{"type":"Feature","properties":{"jobs":2389,"pop":1540,"pointCount":14,"homeWorkCommuteMedian":14606,"workHomeCommuteMedian":2848},"geometry":{"type":"Polygon","coordinates":[[[133.23446712432562,34.56385191908503],[133.23446712432562,34.57284512272228],[133.24346032796285,34.57284512272228],[133.24346032796285,34.56385191908503],[133.23446712432562,34.56385191908503]]]}},{"type":"Feature","properties":{"jobs":2191,"pop":1571,"pointCount":16,"homeWorkCommuteMedian":18504,"workHomeCommuteMedian":5117},"geometry":{"type":"Polygon","coordinates":[[[133.23446712432562,34.57284512272228],[133.23446712432562,34.581838326359524],[133.24346032796285,34.581838326359524],[133.24346032796285,34.57284512272228],[133.23446712432562,34.57284512272228]]]}},{"type":"Feature","properties":{"jobs":50,"pop":423,"pointCount":10,"homeWorkCommuteMedian":16908,"workHomeCommuteMedian":2011},"geometry":{"type":"Polygon","coordinates":[[[133.23446712432562,34.581838326359524],[133.23446712432562,34.59083152999677],[133.24346032796285,34.59083152999677],[133.24346032796285,34.581838326359524],[133.23446712432562,34.581838326359524]]]}},{"type":"Feature","properties":{"jobs":0,"pop":92,"pointCount":2,"homeWorkCommuteMedian":5559,"workHomeCommuteMedian":-1},"geometry":{"type":"Polygon","coordinates":[[[133.23446712432562,34.59083152999677],[133.23446712432562,34.599824733634016],[133.24346032796285,34.599824733634016],[133.24346032796285,34.59083152999677],[133.23446712432562,34.59083152999677]]]}},{"type":"Feature","properties":{"jobs":15,"pop":29,"pointCount":2,"homeWorkCommuteMedian":4614,"workHomeCommuteMedian":19163},"geometry":{"type":"Polygon","coordinates":[[[133.23446712432562,34.67177036273198],[133.23446712432562,34.68076356636923],[133.24346032796285,34.68076356636923],[133.24346032796285,34.67177036273198],[133.23446712432562,34.67177036273198]]]}},{"type":"Feature","properties":{"jobs":64,"pop":111,"pointCount":4,"homeWorkCommuteMedian":2020,"workHomeCommuteMedian":5504},"geometry":{"type":"Polygon","coordinates":[[[133.23446712432562,34.689756770006476],[133.23446712432562,34.69874997364372],[133.24346032796285,34.69874997364372],[133.24346032796285,34.689756770006476],[133.23446712432562,34.689756770006476]]]}},{"type":"Feature","properties":{"jobs":0,"pop":15,"pointCount":1,"homeWorkCommuteMedian":8166,"workHomeCommuteMedian":-1},"geometry":{"type":"Polygon","coordinates":[[[133.23446712432562,34.69874997364372],[133.23446712432562,34.70774317728097],[133.24346032796285,34.70774317728097],[133.24346032796285,34.69874997364372],[133.23446712432562,34.69874997364372]]]}},{"type":"Feature","properties":{"jobs":0,"pop":5,"pointCount":1,"homeWorkCommuteMedian":19726,"workHomeCommuteMedian":-1},"geometry":{"type":"Polygon","coordinates":[[[133.23446712432562,34.78868201001618],[133.23446712432562,34.79767521365343],[133.24346032796285,34.79767521365343],[133.24346032796285,34.78868201001618],[133.23446712432562,34.78868201001618]]]}},{"type":"Feature","properties":{"jobs":24,"pop":87,"pointCount":3,"homeWorkCommuteMedian":15259,"workHomeCommuteMedian":19120},"geometry":{"type":"Polygon","coordinates":[[[133.24346032796285,34.39298104997736],[133.24346032796285,34.401974253614604],[133.25245353160008,34.401974253614604],[133.25245353160008,34.39298104997736],[133.24346032796285,34.39298104997736]]]}},{"type":"Feature","properties":{"jobs":144,"pop":2,"pointCount":1,"homeWorkCommuteMedian":24677,"workHomeCommuteMedian":17478},"geometry":{"type":"Polygon","coordinates":[[[133.24346032796285,34.419960660889096],[133.24346032796285,34.42895386452634],[133.25245353160008,34.42895386452634],[133.25245353160008,34.419960660889096],[133.24346032796285,34.419960660889096]]]}},{"type":"Feature","properties":{"jobs":1173,"pop":753,"pointCount":8,"homeWorkCommuteMedian":8477,"workHomeCommuteMedian":19020},"geometry":{"type":"Polygon","coordinates":[[[133.24346032796285,34.42895386452634],[133.24346032796285,34.43794706816359],[133.25245353160008,34.43794706816359],[133.25245353160008,34.42895386452634],[133.24346032796285,34.42895386452634]]]}},{"type":"Feature","properties":{"jobs":1396,"pop":2194,"pointCount":12,"homeWorkCommuteMedian":13819,"workHomeCommuteMedian":6879},"geometry":{"type":"Polygon","coordinates":[[[133.24346032796285,34.43794706816359],[133.24346032796285,34.446940271800834],[133.25245353160008,34.446940271800834],[133.25245353160008,34.43794706816359],[133.24346032796285,34.43794706816359]]]}},{"type":"Feature","properties":{"jobs":1409,"pop":1947,"pointCount":14,"homeWorkCommuteMedian":11439,"workHomeCommuteMedian":2846},"geometry":{"type":"Polygon","coordinates":[[[133.24346032796285,34.446940271800834],[133.24346032796285,34.45593347543808],[133.25245353160008,34.45593347543808],[133.25245353160008,34.446940271800834],[133.24346032796285,34.446940271800834]]]}},{"type":"Feature","properties":{"jobs":347,"pop":421,"pointCount":9,"homeWorkCommuteMedian":17902,"workHomeCommuteMedian":14847},"geometry":{"type":"Polygon","coordinates":[[[133.24346032796285,34.45593347543808],[133.24346032796285,34.464926679075326],[133.25245353160008,34.464926679075326],[133.25245353160008,34.45593347543808],[133.24346032796285,34.45593347543808]]]}},{"type":"Feature","properties":{"jobs":574,"pop":1098,"pointCount":18,"homeWorkCommuteMedian":7460,"workHomeCommuteMedian":2948},"geometry":{"type":"Polygon","coordinates":[[[133.24346032796285,34.464926679075326],[133.24346032796285,34.47391988271257],[133.25245353160008,34.47391988271257],[133.25245353160008,34.464926679075326],[133.24346032796285,34.464926679075326]]]}},{"type":"Feature","properties":{"jobs":28,"pop":22,"pointCount":1,"homeWorkCommuteMedian":16288,"workHomeCommuteMedian":11140},"geometry":{"type":"Polygon","coordinates":[[[133.24346032796285,34.47391988271257],[133.24346032796285,34.48291308634982],[133.25245353160008,34.48291308634982],[133.25245353160008,34.47391988271257],[133.24346032796285,34.47391988271257]]]}},{"type":"Feature","properties":{"jobs":0,"pop":90,"pointCount":2,"homeWorkCommuteMedian":3828,"workHomeCommuteMedian":-1},"geometry":{"type":"Polygon","coordinates":[[[133.24346032796285,34.509892697261556],[133.24346032796285,34.5188859008988],[133.25245353160008,34.5188859008988],[133.25245353160008,34.509892697261556],[133.24346032796285,34.509892697261556]]]}},{"type":"Feature","properties":{"jobs":67,"pop":49,"pointCount":4,"homeWorkCommuteMedian":24388,"workHomeCommuteMedian":4208},"geometry":{"type":"Polygon","coordinates":[[[133.24346032796285,34.5188859008988],[133.24346032796285,34.52787910453605],[133.25245353160008,34.52787910453605],[133.25245353160008,34.5188859008988],[133.24346032796285,34.5188859008988]]]}},{"type":"Feature","properties":{"jobs":0,"pop":58,"pointCount":2,"homeWorkCommuteMedian":10054,"workHomeCommuteMedian":-1},"geometry":{"type":"Polygon","coordinates":[[[133.24346032796285,34.52787910453605],[133.24346032796285,34.536872308173294],[133.25245353160008,34.536872308173294],[133.25245353160008,34.52787910453605],[133.24346032796285,34.52787910453605]]]}},{"type":"Feature","properties":{"jobs":139,"pop":257,"pointCount":7,"homeWorkCommuteMedian":34722,"workHomeCommuteMedian":7845},"geometry":{"type":"Polygon","coordinates":[[[133.24346032796285,34.54586551181054],[133.24346032796285,34.554858715447786],[133.25245353160008,34.554858715447786],[133.25245353160008,34.54586551181054],[133.24346032796285,34.54586551181054]]]}},{"type":"Feature","properties":{"jobs":1656,"pop":1938,"pointCount":13,"homeWorkCommuteMedian":14060,"workHomeCommuteMedian":3782},"geometry":{"type":"Polygon","coordinates":[[[133.24346032796285,34.554858715447786],[133.24346032796285,34.56385191908503],[133.25245353160008,34.56385191908503],[133.25245353160008,34.554858715447786],[133.24346032796285,34.554858715447786]]]}},{"type":"Feature","properties":{"jobs":1982,"pop":1220,"pointCount":16,"homeWorkCommuteMedian":10571,"workHomeCommuteMedian":10812},"geometry":{"type":"Polygon","coordinates":[[[133.24346032796285,34.56385191908503],[133.24346032796285,34.57284512272228],[133.25245353160008,34.57284512272228],[133.25245353160008,34.56385191908503],[133.24346032796285,34.56385191908503]]]}},{"type":"Feature","properties":{"jobs":221,"pop":690,"pointCount":10,"homeWorkCommuteMedian":6973,"workHomeCommuteMedian":3343},"geometry":{"type":"Polygon","coordinates":[[[133.24346032796285,34.57284512272228],[133.24346032796285,34.581838326359524],[133.25245353160008,34.581838326359524],[133.25245353160008,34.57284512272228],[133.24346032796285,34.57284512272228]]]}},{"type":"Feature","properties":{"jobs":2109,"pop":0,"pointCount":9,"homeWorkCommuteMedian":-1,"workHomeCommuteMedian":17705},"geometry":{"type":"Polygon","coordinates":[[[133.24346032796285,34.581838326359524],[133.24346032796285,34.59083152999677],[133.25245353160008,34.59083152999677],[133.25245353160008,34.581838326359524],[133.24346032796285,34.581838326359524]]]}},{"type":"Feature","properties":{"jobs":55,"pop":157,"pointCount":4,"homeWorkCommuteMedian":18235,"workHomeCommuteMedian":4344},"geometry":{"type":"Polygon","coordinates":[[[133.24346032796285,34.59083152999677],[133.24346032796285,34.599824733634016],[133.25245353160008,34.599824733634016],[133.25245353160008,34.59083152999677],[133.24346032796285,34.59083152999677]]]}},{"type":"Feature","properties":{"jobs":0,"pop":27,"pointCount":1,"homeWorkCommuteMedian":4900,"workHomeCommuteMedian":-1},"geometry":{"type":"Polygon","coordinates":[[[133.24346032796285,34.68076356636923],[133.24346032796285,34.689756770006476],[133.25245353160008,34.689756770006476],[133.25245353160008,34.68076356636923],[133.24346032796285,34.68076356636923]]]}},{"type":"Feature","properties":{"jobs":63,"pop":64,"pointCount":5,"homeWorkCommuteMedian":19498,"workHomeCommuteMedian":18442},"geometry":{"type":"Polygon","coordinates":[[[133.24346032796285,34.689756770006476],[133.24346032796285,34.69874997364372],[133.25245353160008,34.69874997364372],[133.25245353160008,34.689756770006476],[133.24346032796285,34.689756770006476]]]}},{"type":"Feature","properties":{"jobs":627,"pop":336,"pointCount":9,"homeWorkCommuteMedian":35332,"workHomeCommuteMedian":17381},"geometry":{"type":"Polygon","coordinates":[[[133.24346032796285,34.69874997364372],[133.24346032796285,34.70774317728097],[133.25245353160008,34.70774317728097],[133.25245353160008,34.69874997364372],[133.24346032796285,34.69874997364372]]]}},{"type":"Feature","properties":{"jobs":0,"pop":4,"pointCount":1,"homeWorkCommuteMedian":22730,"workHomeCommuteMedian":-1},"geometry":{"type":"Polygon","coordinates":[[[133.24346032796285,34.80666841729067],[133.24346032796285,34.81566162092792],[133.25245353160008,34.81566162092792],[133.25245353160008,34.80666841729067],[133.24346032796285,34.80666841729067]]]}},{"type":"Feature","properties":{"jobs":2,"pop":0,"pointCount":1,"homeWorkCommuteMedian":-1,"workHomeCommuteMedian":0},"geometry":{"type":"Polygon","coordinates":[[[133.25245353160008,34.23110338450693],[133.25245353160008,34.240096588144176],[133.2614467352373,34.240096588144176],[133.2614467352373,34.23110338450693],[133.25245353160008,34.23110338450693]]]}},{"type":"Feature","properties":{"jobs":27,"pop":84,"pointCount":3,"homeWorkCommuteMedian":11760,"workHomeCommuteMedian":11862},"geometry":{"type":"Polygon","coordinates":[[[133.25245353160008,34.39298104997736],[133.25245353160008,34.401974253614604],[133.2614467352373,34.401974253614604],[133.2614467352373,34.39298104997736],[133.25245353160008,34.39298104997736]]]}},{"type":"Feature","properties":{"jobs":220,"pop":0,"pointCount":1,"homeWorkCommuteMedian":-1,"workHomeCommuteMedian":19340},"geometry":{"type":"Polygon","coordinates":[[[133.25245353160008,34.419960660889096],[133.25245353160008,34.42895386452634],[133.2614467352373,34.42895386452634],[133.2614467352373,34.419960660889096],[133.25245353160008,34.419960660889096]]]}},{"type":"Feature","properties":{"jobs":204,"pop":0,"pointCount":1,"homeWorkCommuteMedian":-1,"workHomeCommuteMedian":21467},"geometry":{"type":"Polygon","coordinates":[[[133.25245353160008,34.42895386452634],[133.25245353160008,34.43794706816359],[133.2614467352373,34.43794706816359],[133.2614467352373,34.42895386452634],[133.25245353160008,34.42895386452634]]]}},{"type":"Feature","properties":{"jobs":2605,"pop":1503,"pointCount":12,"homeWorkCommuteMedian":14757,"workHomeCommuteMedian":13734},"geometry":{"type":"Polygon","coordinates":[[[133.25245353160008,34.43794706816359],[133.25245353160008,34.446940271800834],[133.2614467352373,34.446940271800834],[133.2614467352373,34.43794706816359],[133.25245353160008,34.43794706816359]]]}},{"type":"Feature","properties":{"jobs":2745,"pop":2871,"pointCount":18,"homeWorkCommuteMedian":13218,"workHomeCommuteMedian":13336},"geometry":{"type":"Polygon","coordinates":[[[133.25245353160008,34.446940271800834],[133.25245353160008,34.45593347543808],[133.2614467352373,34.45593347543808],[133.2614467352373,34.446940271800834],[133.25245353160008,34.446940271800834]]]}},{"type":"Feature","properties":{"jobs":143,"pop":549,"pointCount":7,"homeWorkCommuteMedian":12438,"workHomeCommuteMedian":15683},"geometry":{"type":"Polygon","coordinates":[[[133.25245353160008,34.45593347543808],[133.25245353160008,34.464926679075326],[133.2614467352373,34.464926679075326],[133.2614467352373,34.45593347543808],[133.25245353160008,34.45593347543808]]]}},{"type":"Feature","properties":{"jobs":24,"pop":87,"pointCount":3,"homeWorkCommuteMedian":13944,"workHomeCommuteMedian":19491},"geometry":{"type":"Polygon","coordinates":[[[133.25245353160008,34.464926679075326],[133.25245353160008,34.47391988271257],[133.2614467352373,34.47391988271257],[133.2614467352373,34.464926679075326],[133.25245353160008,34.464926679075326]]]}},{"type":"Feature","properties":{"jobs":88,"pop":0,"pointCount":1,"homeWorkCommuteMedian":-1,"workHomeCommuteMedian":14274},"geometry":{"type":"Polygon","coordinates":[[[133.25245353160008,34.47391988271257],[133.25245353160008,34.48291308634982],[133.2614467352373,34.48291308634982],[133.2614467352373,34.47391988271257],[133.25245353160008,34.47391988271257]]]}},{"type":"Feature","properties":{"jobs":37,"pop":46,"pointCount":2,"homeWorkCommuteMedian":19360,"workHomeCommuteMedian":714},"geometry":{"type":"Polygon","coordinates":[[[133.25245353160008,34.509892697261556],[133.25245353160008,34.5188859008988],[133.2614467352373,34.5188859008988],[133.2614467352373,34.509892697261556],[133.25245353160008,34.509892697261556]]]}},{"type":"Feature","properties":{"jobs":0,"pop":106,"pointCount":4,"homeWorkCommuteMedian":16556,"workHomeCommuteMedian":-1},"geometry":{"type":"Polygon","coordinates":[[[133.25245353160008,34.5188859008988],[133.25245353160008,34.52787910453605],[133.2614467352373,34.52787910453605],[133.2614467352373,34.5188859008988],[133.25245353160008,34.5188859008988]]]}},{"type":"Feature","properties":{"jobs":254,"pop":79,"pointCount":6,"homeWorkCommuteMedian":21985,"workHomeCommuteMedian":2097},"geometry":{"type":"Polygon","coordinates":[[[133.25245353160008,34.52787910453605],[133.25245353160008,34.536872308173294],[133.2614467352373,34.536872308173294],[133.2614467352373,34.52787910453605],[133.25245353160008,34.52787910453605]]]}},{"type":"Feature","properties":{"jobs":34,"pop":113,"pointCount":2,"homeWorkCommuteMedian":22395,"workHomeCommuteMedian":21634},"geometry":{"type":"Polygon","coordinates":[[[133.25245353160008,34.536872308173294],[133.25245353160008,34.54586551181054],[133.2614467352373,34.54586551181054],[133.2614467352373,34.536872308173294],[133.25245353160008,34.536872308173294]]]}},{"type":"Feature","properties":{"jobs":86,"pop":204,"pointCount":2,"homeWorkCommuteMedian":8187,"workHomeCommuteMedian":30445},"geometry":{"type":"Polygon","coordinates":[[[133.25245353160008,34.54586551181054],[133.25245353160008,34.554858715447786],[133.2614467352373,34.554858715447786],[133.2614467352373,34.54586551181054],[133.25245353160008,34.54586551181054]]]}},{"type":"Feature","properties":{"jobs":1615,"pop":1649,"pointCount":14,"homeWorkCommuteMedian":6784,"workHomeCommuteMedian":3544},"geometry":{"type":"Polygon","coordinates":[[[133.25245353160008,34.554858715447786],[133.25245353160008,34.56385191908503],[133.2614467352373,34.56385191908503],[133.2614467352373,34.554858715447786],[133.25245353160008,34.554858715447786]]]}},{"type":"Feature","properties":{"jobs":315,"pop":517,"pointCount":10,"homeWorkCommuteMedian":13535,"workHomeCommuteMedian":17158},"geometry":{"type":"Polygon","coordinates":[[[133.25245353160008,34.56385191908503],[133.25245353160008,34.57284512272228],[133.2614467352373,34.57284512272228],[133.2614467352373,34.56385191908503],[133.25245353160008,34.56385191908503]]]}},{"type":"Feature","properties":{"jobs":58,"pop":0,"pointCount":1,"homeWorkCommuteMedian":-1,"workHomeCommuteMedian":13009},"geometry":{"type":"Polygon","coordinates":[[[133.25245353160008,34.57284512272228],[133.25245353160008,34.581838326359524],[133.2614467352373,34.581838326359524],[133.2614467352373,34.57284512272228],[133.25245353160008,34.57284512272228]]]}},{"type":"Feature","properties":{"jobs":38,"pop":172,"pointCount":6,"homeWorkCommuteMedian":19950,"workHomeCommuteMedian":23629},"geometry":{"type":"Polygon","coordinates":[[[133.25245353160008,34.59083152999677],[133.25245353160008,34.599824733634016],[133.2614467352373,34.599824733634016],[133.2614467352373,34.59083152999677],[133.25245353160008,34.59083152999677]]]}},{"type":"Feature","properties":{"jobs":220,"pop":361,"pointCount":7,"homeWorkCommuteMedian":16282,"workHomeCommuteMedian":2143},"geometry":{"type":"Polygon","coordinates":[[[133.25245353160008,34.599824733634016],[133.25245353160008,34.60881793727126],[133.2614467352373,34.60881793727126],[133.2614467352373,34.599824733634016],[133.25245353160008,34.599824733634016]]]}},{"type":"Feature","properties":{"jobs":0,"pop":213,"pointCount":4,"homeWorkCommuteMedian":6699,"workHomeCommuteMedian":-1},"geometry":{"type":"Polygon","coordinates":[[[133.25245353160008,34.60881793727126],[133.25245353160008,34.61781114090851],[133.2614467352373,34.61781114090851],[133.2614467352373,34.60881793727126],[133.25245353160008,34.60881793727126]]]}},{"type":"Feature","properties":{"jobs":141,"pop":28,"pointCount":4,"homeWorkCommuteMedian":12692,"workHomeCommuteMedian":5907},"geometry":{"type":"Polygon","coordinates":[[[133.25245353160008,34.689756770006476],[133.25245353160008,34.69874997364372],[133.2614467352373,34.69874997364372],[133.2614467352373,34.689756770006476],[133.25245353160008,34.689756770006476]]]}},{"type":"Feature","properties":{"jobs":281,"pop":58,"pointCount":4,"homeWorkCommuteMedian":1056,"workHomeCommuteMedian":14893},"geometry":{"type":"Polygon","coordinates":[[[133.25245353160008,34.69874997364372],[133.25245353160008,34.70774317728097],[133.2614467352373,34.70774317728097],[133.2614467352373,34.69874997364372],[133.25245353160008,34.69874997364372]]]}},{"type":"Feature","properties":{"jobs":0,"pop":27,"pointCount":1,"homeWorkCommuteMedian":16870,"workHomeCommuteMedian":-1},"geometry":{"type":"Polygon","coordinates":[[[133.25245353160008,34.70774317728097],[133.25245353160008,34.71673638091821],[133.2614467352373,34.71673638091821],[133.2614467352373,34.70774317728097],[133.25245353160008,34.70774317728097]]]}},{"type":"Feature","properties":{"jobs":0,"pop":20,"pointCount":1,"homeWorkCommuteMedian":6575,"workHomeCommuteMedian":-1},"geometry":{"type":"Polygon","coordinates":[[[133.25245353160008,34.74371599182995],[133.25245353160008,34.7527091954672],[133.2614467352373,34.7527091954672],[133.2614467352373,34.74371599182995],[133.25245353160008,34.74371599182995]]]}},{"type":"Feature","properties":{"jobs":17,"pop":25,"pointCount":1,"homeWorkCommuteMedian":16380,"workHomeCommuteMedian":22196},"geometry":{"type":"Polygon","coordinates":[[[133.2614467352373,34.374994642702866],[133.2614467352373,34.38398784634011],[133.27043993887455,34.38398784634011],[133.27043993887455,34.374994642702866],[133.2614467352373,34.374994642702866]]]}},{"type":"Feature","properties":{"jobs":0,"pop":117,"pointCount":5,"homeWorkCommuteMedian":11269,"workHomeCommuteMedian":-1},"geometry":{"type":"Polygon","coordinates":[[[133.2614467352373,34.39298104997736],[133.2614467352373,34.401974253614604],[133.27043993887455,34.401974253614604],[133.27043993887455,34.39298104997736],[133.2614467352373,34.39298104997736]]]}},{"type":"Feature","properties":{"jobs":50,"pop":105,"pointCount":4,"homeWorkCommuteMedian":27682,"workHomeCommuteMedian":1103},"geometry":{"type":"Polygon","coordinates":[[[133.2614467352373,34.401974253614604],[133.2614467352373,34.41096745725185],[133.27043993887455,34.41096745725185],[133.27043993887455,34.401974253614604],[133.2614467352373,34.401974253614604]]]}},{"type":"Feature","properties":{"jobs":981,"pop":49,"pointCount":3,"homeWorkCommuteMedian":10331,"workHomeCommuteMedian":6434},"geometry":{"type":"Polygon","coordinates":[[[133.2614467352373,34.42895386452634],[133.2614467352373,34.43794706816359],[133.27043993887455,34.43794706816359],[133.27043993887455,34.42895386452634],[133.2614467352373,34.42895386452634]]]}},{"type":"Feature","properties":{"jobs":658,"pop":1507,"pointCount":11,"homeWorkCommuteMedian":12076,"workHomeCommuteMedian":15452},"geometry":{"type":"Polygon","coordinates":[[[133.2614467352373,34.43794706816359],[133.2614467352373,34.446940271800834],[133.27043993887455,34.446940271800834],[133.27043993887455,34.43794706816359],[133.2614467352373,34.43794706816359]]]}},{"type":"Feature","properties":{"jobs":773,"pop":1682,"pointCount":16,"homeWorkCommuteMedian":9344,"workHomeCommuteMedian":13038},"geometry":{"type":"Polygon","coordinates":[[[133.2614467352373,34.446940271800834],[133.2614467352373,34.45593347543808],[133.27043993887455,34.45593347543808],[133.27043993887455,34.446940271800834],[133.2614467352373,34.446940271800834]]]}},{"type":"Feature","properties":{"jobs":1178,"pop":625,"pointCount":10,"homeWorkCommuteMedian":14282,"workHomeCommuteMedian":5268},"geometry":{"type":"Polygon","coordinates":[[[133.2614467352373,34.45593347543808],[133.2614467352373,34.464926679075326],[133.27043993887455,34.464926679075326],[133.27043993887455,34.45593347543808],[133.2614467352373,34.45593347543808]]]}},{"type":"Feature","properties":{"jobs":54,"pop":333,"pointCount":8,"homeWorkCommuteMedian":13189,"workHomeCommuteMedian":1825},"geometry":{"type":"Polygon","coordinates":[[[133.2614467352373,34.464926679075326],[133.2614467352373,34.47391988271257],[133.27043993887455,34.47391988271257],[133.27043993887455,34.464926679075326],[133.2614467352373,34.464926679075326]]]}},{"type":"Feature","properties":{"jobs":0,"pop":21,"pointCount":1,"homeWorkCommuteMedian":10415,"workHomeCommuteMedian":-1},"geometry":{"type":"Polygon","coordinates":[[[133.2614467352373,34.47391988271257],[133.2614467352373,34.48291308634982],[133.27043993887455,34.48291308634982],[133.27043993887455,34.47391988271257],[133.2614467352373,34.47391988271257]]]}},{"type":"Feature","properties":{"jobs":0,"pop":50,"pointCount":2,"homeWorkCommuteMedian":17364,"workHomeCommuteMedian":-1},"geometry":{"type":"Polygon","coordinates":[[[133.2614467352373,34.48291308634982],[133.2614467352373,34.491906289987064],[133.27043993887455,34.491906289987064],[133.27043993887455,34.48291308634982],[133.2614467352373,34.48291308634982]]]}},{"type":"Feature","properties":{"jobs":0,"pop":56,"pointCount":2,"homeWorkCommuteMedian":2042,"workHomeCommuteMedian":-1},"geometry":{"type":"Polygon","coordinates":[[[133.2614467352373,34.509892697261556],[133.2614467352373,34.5188859008988],[133.27043993887455,34.5188859008988],[133.27043993887455,34.509892697261556],[133.2614467352373,34.509892697261556]]]}},{"type":"Feature","properties":{"jobs":82,"pop":161,"pointCount":5,"homeWorkCommuteMedian":9328,"workHomeCommuteMedian":16028},"geometry":{"type":"Polygon","coordinates":[[[133.2614467352373,34.5188859008988],[133.2614467352373,34.52787910453605],[133.27043993887455,34.52787910453605],[133.27043993887455,34.5188859008988],[133.2614467352373,34.5188859008988]]]}},{"type":"Feature","properties":{"jobs":83,"pop":137,"pointCount":4,"homeWorkCommuteMedian":9878,"workHomeCommuteMedian":2575},"geometry":{"type":"Polygon","coordinates":[[[133.2614467352373,34.52787910453605],[133.2614467352373,34.536872308173294],[133.27043993887455,34.536872308173294],[133.27043993887455,34.52787910453605],[133.2614467352373,34.52787910453605]]]}},{"type":"Feature","properties":{"jobs":452,"pop":25,"pointCount":2,"homeWorkCommuteMedian":2045,"workHomeCommuteMedian":18015},"geometry":{"type":"Polygon","coordinates":[[[133.2614467352373,34.536872308173294],[133.2614467352373,34.54586551181054],[133.27043993887455,34.54586551181054],[133.27043993887455,34.536872308173294],[133.2614467352373,34.536872308173294]]]}},{"type":"Feature","properties":{"jobs":144,"pop":30,"pointCount":2,"homeWorkCommuteMedian":22763,"workHomeCommuteMedian":15164},"geometry":{"type":"Polygon","coordinates":[[[133.2614467352373,34.54586551181054],[133.2614467352373,34.554858715447786],[133.27043993887455,34.554858715447786],[133.27043993887455,34.54586551181054],[133.2614467352373,34.54586551181054]]]}},{"type":"Feature","properties":{"jobs":1053,"pop":728,"pointCount":8,"homeWorkCommuteMedian":6857,"workHomeCommuteMedian":7396},"geometry":{"type":"Polygon","coordinates":[[[133.2614467352373,34.554858715447786],[133.2614467352373,34.56385191908503],[133.27043993887455,34.56385191908503],[133.27043993887455,34.554858715447786],[133.2614467352373,34.554858715447786]]]}},{"type":"Feature","properties":{"jobs":35,"pop":297,"pointCount":5,"homeWorkCommuteMedian":6304,"workHomeCommuteMedian":16033},"geometry":{"type":"Polygon","coordinates":[[[133.2614467352373,34.56385191908503],[133.2614467352373,34.57284512272228],[133.27043993887455,34.57284512272228],[133.27043993887455,34.56385191908503],[133.2614467352373,34.56385191908503]]]}},{"type":"Feature","properties":{"jobs":0,"pop":87,"pointCount":1,"homeWorkCommuteMedian":4437,"workHomeCommuteMedian":-1},"geometry":{"type":"Polygon","coordinates":[[[133.2614467352373,34.57284512272228],[133.2614467352373,34.581838326359524],[133.27043993887455,34.581838326359524],[133.27043993887455,34.57284512272228],[133.2614467352373,34.57284512272228]]]}},{"type":"Feature","properties":{"jobs":22,"pop":84,"pointCount":4,"homeWorkCommuteMedian":21133,"workHomeCommuteMedian":17483},"geometry":{"type":"Polygon","coordinates":[[[133.2614467352373,34.581838326359524],[133.2614467352373,34.59083152999677],[133.27043993887455,34.59083152999677],[133.27043993887455,34.581838326359524],[133.2614467352373,34.581838326359524]]]}},{"type":"Feature","properties":{"jobs":315,"pop":493,"pointCount":14,"homeWorkCommuteMedian":19367,"workHomeCommuteMedian":2334},"geometry":{"type":"Polygon","coordinates":[[[133.2614467352373,34.59083152999677],[133.2614467352373,34.599824733634016],[133.27043993887455,34.599824733634016],[133.27043993887455,34.59083152999677],[133.2614467352373,34.59083152999677]]]}},{"type":"Feature","properties":{"jobs":128,"pop":173,"pointCount":6,"homeWorkCommuteMedian":25796,"workHomeCommuteMedian":1134},"geometry":{"type":"Polygon","coordinates":[[[133.2614467352373,34.599824733634016],[133.2614467352373,34.60881793727126],[133.27043993887455,34.60881793727126],[133.27043993887455,34.599824733634016],[133.2614467352373,34.599824733634016]]]}},{"type":"Feature","properties":{"jobs":0,"pop":39,"pointCount":2,"homeWorkCommuteMedian":13461,"workHomeCommuteMedian":-1},"geometry":{"type":"Polygon","coordinates":[[[133.2614467352373,34.60881793727126],[133.2614467352373,34.61781114090851],[133.27043993887455,34.61781114090851],[133.27043993887455,34.60881793727126],[133.2614467352373,34.60881793727126]]]}},{"type":"Feature","properties":{"jobs":8,"pop":9,"pointCount":1,"homeWorkCommuteMedian":24667,"workHomeCommuteMedian":13950},"geometry":{"type":"Polygon","coordinates":[[[133.2614467352373,34.61781114090851],[133.2614467352373,34.626804344545754],[133.27043993887455,34.626804344545754],[133.27043993887455,34.61781114090851],[133.2614467352373,34.61781114090851]]]}},{"type":"Feature","properties":{"jobs":0,"pop":20,"pointCount":1,"homeWorkCommuteMedian":2307,"workHomeCommuteMedian":-1},"geometry":{"type":"Polygon","coordinates":[[[133.2614467352373,34.70774317728097],[133.2614467352373,34.71673638091821],[133.27043993887455,34.71673638091821],[133.27043993887455,34.70774317728097],[133.2614467352373,34.70774317728097]]]}},{"type":"Feature","properties":{"jobs":48,"pop":95,"pointCount":1,"homeWorkCommuteMedian":32814,"workHomeCommuteMedian":14739},"geometry":{"type":"Polygon","coordinates":[[[133.2614467352373,34.779688806378935],[133.2614467352373,34.78868201001618],[133.27043993887455,34.78868201001618],[133.27043993887455,34.779688806378935],[133.2614467352373,34.779688806378935]]]}},{"type":"Feature","properties":{"jobs":138,"pop":73,"pointCount":4,"homeWorkCommuteMedian":6807,"workHomeCommuteMedian":20036},"geometry":{"type":"Polygon","coordinates":[[[133.2614467352373,34.78868201001618],[133.2614467352373,34.79767521365343],[133.27043993887455,34.79767521365343],[133.27043993887455,34.78868201001618],[133.2614467352373,34.78868201001618]]]}},{"type":"Feature","properties":{"jobs":9,"pop":0,"pointCount":1,"homeWorkCommuteMedian":-1,"workHomeCommuteMedian":9326},"geometry":{"type":"Polygon","coordinates":[[[133.2614467352373,34.824654824565165],[133.2614467352373,34.83364802820241],[133.27043993887455,34.83364802820241],[133.27043993887455,34.824654824565165],[133.2614467352373,34.824654824565165]]]}},{"type":"Feature","properties":{"jobs":0,"pop":4,"pointCount":1,"homeWorkCommuteMedian":10267,"workHomeCommuteMedian":-1},"geometry":{"type":"Polygon","coordinates":[[[133.27043993887455,34.1861373663207],[133.27043993887455,34.195130569957946],[133.27943314251178,34.195130569957946],[133.27943314251178,34.1861373663207],[133.27043993887455,34.1861373663207]]]}},{"type":"Feature","properties":{"jobs":85,"pop":114,"pointCount":3,"homeWorkCommuteMedian":32627,"workHomeCommuteMedian":6935},"geometry":{"type":"Polygon","coordinates":[[[133.27043993887455,34.36600143906562],[133.27043993887455,34.374994642702866],[133.27943314251178,34.374994642702866],[133.27943314251178,34.36600143906562],[133.27043993887455,34.36600143906562]]]}},{"type":"Feature","properties":{"jobs":32,"pop":47,"pointCount":2,"homeWorkCommuteMedian":398,"workHomeCommuteMedian":12403},"geometry":{"type":"Polygon","coordinates":[[[133.27043993887455,34.374994642702866],[133.27043993887455,34.38398784634011],[133.27943314251178,34.38398784634011],[133.27943314251178,34.374994642702866],[133.27043993887455,34.374994642702866]]]}},{"type":"Feature","properties":{"jobs":0,"pop":34,"pointCount":1,"homeWorkCommuteMedian":20790,"workHomeCommuteMedian":-1},"geometry":{"type":"Polygon","coordinates":[[[133.27043993887455,34.38398784634011],[133.27043993887455,34.39298104997736],[133.27943314251178,34.39298104997736],[133.27943314251178,34.38398784634011],[133.27043993887455,34.38398784634011]]]}},{"type":"Feature","properties":{"jobs":74,"pop":165,"pointCount":7,"homeWorkCommuteMedian":18744,"workHomeCommuteMedian":2108},"geometry":{"type":"Polygon","coordinates":[[[133.27043993887455,34.39298104997736],[133.27043993887455,34.401974253614604],[133.27943314251178,34.401974253614604],[133.27943314251178,34.39298104997736],[133.27043993887455,34.39298104997736]]]}},{"type":"Feature","properties":{"jobs":305,"pop":335,"pointCount":10,"homeWorkCommuteMedian":8471,"workHomeCommuteMedian":4124},"geometry":{"type":"Polygon","coordinates":[[[133.27043993887455,34.401974253614604],[133.27043993887455,34.41096745725185],[133.27943314251178,34.41096745725185],[133.27943314251178,34.401974253614604],[133.27043993887455,34.401974253614604]]]}},{"type":"Feature","properties":{"jobs":93,"pop":422,"pointCount":12,"homeWorkCommuteMedian":14824,"workHomeCommuteMedian":1386},"geometry":{"type":"Polygon","coordinates":[[[133.27043993887455,34.41096745725185],[133.27043993887455,34.419960660889096],[133.27943314251178,34.419960660889096],[133.27943314251178,34.41096745725185],[133.27043993887455,34.41096745725185]]]}},{"type":"Feature","properties":{"jobs":228,"pop":635,"pointCount":11,"homeWorkCommuteMedian":12505,"workHomeCommuteMedian":21030},"geometry":{"type":"Polygon","coordinates":[[[133.27043993887455,34.419960660889096],[133.27043993887455,34.42895386452634],[133.27943314251178,34.42895386452634],[133.27943314251178,34.419960660889096],[133.27043993887455,34.419960660889096]]]}},{"type":"Feature","properties":{"jobs":190,"pop":708,"pointCount":11,"homeWorkCommuteMedian":12397,"workHomeCommuteMedian":12896},"geometry":{"type":"Polygon","coordinates":[[[133.27043993887455,34.42895386452634],[133.27043993887455,34.43794706816359],[133.27943314251178,34.43794706816359],[133.27943314251178,34.42895386452634],[133.27043993887455,34.42895386452634]]]}},{"type":"Feature","properties":{"jobs":52,"pop":234,"pointCount":6,"homeWorkCommuteMedian":16409,"workHomeCommuteMedian":39469},"geometry":{"type":"Polygon","coordinates":[[[133.27043993887455,34.43794706816359],[133.27043993887455,34.446940271800834],[133.27943314251178,34.446940271800834],[133.27943314251178,34.43794706816359],[133.27043993887455,34.43794706816359]]]}},{"type":"Feature","properties":{"jobs":17,"pop":131,"pointCount":3,"homeWorkCommuteMedian":28589,"workHomeCommuteMedian":28131},"geometry":{"type":"Polygon","coordinates":[[[133.27043993887455,34.446940271800834],[133.27043993887455,34.45593347543808],[133.27943314251178,34.45593347543808],[133.27943314251178,34.446940271800834],[133.27043993887455,34.446940271800834]]]}},{"type":"Feature","properties":{"jobs":127,"pop":174,"pointCount":6,"homeWorkCommuteMedian":23997,"workHomeCommuteMedian":11619},"geometry":{"type":"Polygon","coordinates":[[[133.27043993887455,34.45593347543808],[133.27043993887455,34.464926679075326],[133.27943314251178,34.464926679075326],[133.27943314251178,34.45593347543808],[133.27043993887455,34.45593347543808]]]}},{"type":"Feature","properties":{"jobs":0,"pop":25,"pointCount":1,"homeWorkCommuteMedian":12109,"workHomeCommuteMedian":-1},"geometry":{"type":"Polygon","coordinates":[[[133.27043993887455,34.464926679075326],[133.27043993887455,34.47391988271257],[133.27943314251178,34.47391988271257],[133.27943314251178,34.464926679075326],[133.27043993887455,34.464926679075326]]]}},{"type":"Feature","properties":{"jobs":0,"pop":69,"pointCount":2,"homeWorkCommuteMedian":10016,"workHomeCommuteMedian":-1},"geometry":{"type":"Polygon","coordinates":[[[133.27043993887455,34.48291308634982],[133.27043993887455,34.491906289987064],[133.27943314251178,34.491906289987064],[133.27943314251178,34.48291308634982],[133.27043993887455,34.48291308634982]]]}},{"type":"Feature","properties":{"jobs":0,"pop":21,"pointCount":1,"homeWorkCommuteMedian":6800,"workHomeCommuteMedian":-1},"geometry":{"type":"Polygon","coordinates":[[[133.27043993887455,34.491906289987064],[133.27043993887455,34.50089949362431],[133.27943314251178,34.50089949362431],[133.27943314251178,34.491906289987064],[133.27043993887455,34.491906289987064]]]}},{"type":"Feature","properties":{"jobs":123,"pop":290,"pointCount":7,"homeWorkCommuteMedian":7730,"workHomeCommuteMedian":6294},"geometry":{"type":"Polygon","coordinates":[[[133.27043993887455,34.5188859008988],[133.27043993887455,34.52787910453605],[133.27943314251178,34.52787910453605],[133.27943314251178,34.5188859008988],[133.27043993887455,34.5188859008988]]]}},{"type":"Feature","properties":{"jobs":309,"pop":352,"pointCount":12,"homeWorkCommuteMedian":16068,"workHomeCommuteMedian":3746},"geometry":{"type":"Polygon","coordinates":[[[133.27043993887455,34.52787910453605],[133.27043993887455,34.536872308173294],[133.27943314251178,34.536872308173294],[133.27943314251178,34.52787910453605],[133.27043993887455,34.52787910453605]]]}},{"type":"Feature","properties":{"jobs":156,"pop":888,"pointCount":5,"homeWorkCommuteMedian":15021,"workHomeCommuteMedian":9187},"geometry":{"type":"Polygon","coordinates":[[[133.27043993887455,34.536872308173294],[133.27043993887455,34.54586551181054],[133.27943314251178,34.54586551181054],[133.27943314251178,34.536872308173294],[133.27043993887455,34.536872308173294]]]}},{"type":"Feature","properties":{"jobs":1163,"pop":881,"pointCount":11,"homeWorkCommuteMedian":5468,"workHomeCommuteMedian":7059},"geometry":{"type":"Polygon","coordinates":[[[133.27043993887455,34.54586551181054],[133.27043993887455,34.554858715447786],[133.27943314251178,34.554858715447786],[133.27943314251178,34.54586551181054],[133.27043993887455,34.54586551181054]]]}},{"type":"Feature","properties":{"jobs":1410,"pop":1458,"pointCount":15,"homeWorkCommuteMedian":15898,"workHomeCommuteMedian":12519},"geometry":{"type":"Polygon","coordinates":[[[133.27043993887455,34.554858715447786],[133.27043993887455,34.56385191908503],[133.27943314251178,34.56385191908503],[133.27943314251178,34.554858715447786],[133.27043993887455,34.554858715447786]]]}},{"type":"Feature","properties":{"jobs":395,"pop":915,"pointCount":15,"homeWorkCommuteMedian":5577,"workHomeCommuteMedian":5640},"geometry":{"type":"Polygon","coordinates":[[[133.27043993887455,34.56385191908503],[133.27043993887455,34.57284512272228],[133.27943314251178,34.57284512272228],[133.27943314251178,34.56385191908503],[133.27043993887455,34.56385191908503]]]}},{"type":"Feature","properties":{"jobs":558,"pop":697,"pointCount":14,"homeWorkCommuteMedian":18382,"workHomeCommuteMedian":1262},"geometry":{"type":"Polygon","coordinates":[[[133.27043993887455,34.57284512272228],[133.27043993887455,34.581838326359524],[133.27943314251178,34.581838326359524],[133.27943314251178,34.57284512272228],[133.27043993887455,34.57284512272228]]]}},{"type":"Feature","properties":{"jobs":282,"pop":732,"pointCount":16,"homeWorkCommuteMedian":7756,"workHomeCommuteMedian":806},"geometry":{"type":"Polygon","coordinates":[[[133.27043993887455,34.581838326359524],[133.27043993887455,34.59083152999677],[133.27943314251178,34.59083152999677],[133.27943314251178,34.581838326359524],[133.27043993887455,34.581838326359524]]]}},{"type":"Feature","properties":{"jobs":39,"pop":110,"pointCount":4,"homeWorkCommuteMedian":21182,"workHomeCommuteMedian":5910},"geometry":{"type":"Polygon","coordinates":[[[133.27043993887455,34.59083152999677],[133.27043993887455,34.599824733634016],[133.27943314251178,34.599824733634016],[133.27943314251178,34.59083152999677],[133.27043993887455,34.59083152999677]]]}},{"type":"Feature","properties":{"jobs":0,"pop":59,"pointCount":3,"homeWorkCommuteMedian":20056,"workHomeCommuteMedian":-1},"geometry":{"type":"Polygon","coordinates":[[[133.27043993887455,34.599824733634016],[133.27043993887455,34.60881793727126],[133.27943314251178,34.60881793727126],[133.27943314251178,34.599824733634016],[133.27043993887455,34.599824733634016]]]}},{"type":"Feature","properties":{"jobs":0,"pop":24,"pointCount":1,"homeWorkCommuteMedian":13983,"workHomeCommuteMedian":-1},"geometry":{"type":"Polygon","coordinates":[[[133.27043993887455,34.68076356636923],[133.27043993887455,34.689756770006476],[133.27943314251178,34.689756770006476],[133.27943314251178,34.68076356636923],[133.27043993887455,34.68076356636923]]]}},{"type":"Feature","properties":{"jobs":0,"pop":31,"pointCount":1,"homeWorkCommuteMedian":3924,"workHomeCommuteMedian":-1},"geometry":{"type":"Polygon","coordinates":[[[133.27043993887455,34.71673638091821],[133.27043993887455,34.72572958455546],[133.27943314251178,34.72572958455546],[133.27943314251178,34.71673638091821],[133.27043993887455,34.71673638091821]]]}},{"type":"Feature","properties":{"jobs":20,"pop":0,"pointCount":1,"homeWorkCommuteMedian":-1,"workHomeCommuteMedian":6807},"geometry":{"type":"Polygon","coordinates":[[[133.27043993887455,34.734722788192705],[133.27043993887455,34.74371599182995],[133.27943314251178,34.74371599182995],[133.27943314251178,34.734722788192705],[133.27043993887455,34.734722788192705]]]}},{"type":"Feature","properties":{"jobs":0,"pop":68,"pointCount":2,"homeWorkCommuteMedian":42759,"workHomeCommuteMedian":-1},"geometry":{"type":"Polygon","coordinates":[[[133.27043993887455,34.74371599182995],[133.27043993887455,34.7527091954672],[133.27943314251178,34.7527091954672],[133.27943314251178,34.74371599182995],[133.27043993887455,34.74371599182995]]]}},{"type":"Feature","properties":{"jobs":0,"pop":46,"pointCount":2,"homeWorkCommuteMedian":11014,"workHomeCommuteMedian":-1},"geometry":{"type":"Polygon","coordinates":[[[133.27043993887455,34.7527091954672],[133.27043993887455,34.76170239910444],[133.27943314251178,34.76170239910444],[133.27943314251178,34.7527091954672],[133.27043993887455,34.7527091954672]]]}},{"type":"Feature","properties":{"jobs":462,"pop":97,"pointCount":6,"homeWorkCommuteMedian":13513,"workHomeCommuteMedian":12810},"geometry":{"type":"Polygon","coordinates":[[[133.27043993887455,34.77069560274169],[133.27043993887455,34.779688806378935],[133.27943314251178,34.779688806378935],[133.27943314251178,34.77069560274169],[133.27043993887455,34.77069560274169]]]}},{"type":"Feature","properties":{"jobs":68,"pop":69,"pointCount":4,"homeWorkCommuteMedian":12048,"workHomeCommuteMedian":6575},"geometry":{"type":"Polygon","coordinates":[[[133.27043993887455,34.779688806378935],[133.27043993887455,34.78868201001618],[133.27943314251178,34.78868201001618],[133.27943314251178,34.779688806378935],[133.27043993887455,34.779688806378935]]]}},{"type":"Feature","properties":{"jobs":0,"pop":66,"pointCount":2,"homeWorkCommuteMedian":44557,"workHomeCommuteMedian":-1},"geometry":{"type":"Polygon","coordinates":[[[133.27043993887455,34.78868201001618],[133.27043993887455,34.79767521365343],[133.27943314251178,34.79767521365343],[133.27943314251178,34.78868201001618],[133.27043993887455,34.78868201001618]]]}},{"type":"Feature","properties":{"jobs":0,"pop":32,"pointCount":1,"homeWorkCommuteMedian":47326,"workHomeCommuteMedian":-1},"geometry":{"type":"Polygon","coordinates":[[[133.27043993887455,34.824654824565165],[133.27043993887455,34.83364802820241],[133.27943314251178,34.83364802820241],[133.27943314251178,34.824654824565165],[133.27043993887455,34.824654824565165]]]}},{"type":"Feature","properties":{"jobs":0,"pop":21,"pointCount":1,"homeWorkCommuteMedian":26423,"workHomeCommuteMedian":-1},"geometry":{"type":"Polygon","coordinates":[[[133.27943314251178,34.33902182815388],[133.27943314251178,34.34801503179113],[133.288426346149,34.34801503179113],[133.288426346149,34.33902182815388],[133.27943314251178,34.33902182815388]]]}},{"type":"Feature","properties":{"jobs":133,"pop":502,"pointCount":8,"homeWorkCommuteMedian":27878,"workHomeCommuteMedian":37979},"geometry":{"type":"Polygon","coordinates":[[[133.27943314251178,34.34801503179113],[133.27943314251178,34.357008235428374],[133.288426346149,34.357008235428374],[133.288426346149,34.34801503179113],[133.27943314251178,34.34801503179113]]]}},{"type":"Feature","properties":{"jobs":265,"pop":0,"pointCount":2,"homeWorkCommuteMedian":-1,"workHomeCommuteMedian":23429},"geometry":{"type":"Polygon","coordinates":[[[133.27943314251178,34.38398784634011],[133.27943314251178,34.39298104997736],[133.288426346149,34.39298104997736],[133.288426346149,34.38398784634011],[133.27943314251178,34.38398784634011]]]}},{"type":"Feature","properties":{"jobs":87,"pop":163,"pointCount":5,"homeWorkCommuteMedian":16472,"workHomeCommuteMedian":25798},"geometry":{"type":"Polygon","coordinates":[[[133.27943314251178,34.39298104997736],[133.27943314251178,34.401974253614604],[133.288426346149,34.401974253614604],[133.288426346149,34.39298104997736],[133.27943314251178,34.39298104997736]]]}},{"type":"Feature","properties":{"jobs":0,"pop":126,"pointCount":4,"homeWorkCommuteMedian":28101,"workHomeCommuteMedian":-1},"geometry":{"type":"Polygon","coordinates":[[[133.27943314251178,34.401974253614604],[133.27943314251178,34.41096745725185],[133.288426346149,34.41096745725185],[133.288426346149,34.401974253614604],[133.27943314251178,34.401974253614604]]]}},{"type":"Feature","properties":{"jobs":148,"pop":396,"pointCount":11,"homeWorkCommuteMedian":6811,"workHomeCommuteMedian":24960},"geometry":{"type":"Polygon","coordinates":[[[133.27943314251178,34.41096745725185],[133.27943314251178,34.419960660889096],[133.288426346149,34.419960660889096],[133.288426346149,34.41096745725185],[133.27943314251178,34.41096745725185]]]}},{"type":"Feature","properties":{"jobs":449,"pop":88,"pointCount":7,"homeWorkCommuteMedian":7353,"workHomeCommuteMedian":2224},"geometry":{"type":"Polygon","coordinates":[[[133.27943314251178,34.419960660889096],[133.27943314251178,34.42895386452634],[133.288426346149,34.42895386452634],[133.288426346149,34.419960660889096],[133.27943314251178,34.419960660889096]]]}},{"type":"Feature","properties":{"jobs":396,"pop":355,"pointCount":14,"homeWorkCommuteMedian":10444,"workHomeCommuteMedian":4774},"geometry":{"type":"Polygon","coordinates":[[[133.27943314251178,34.42895386452634],[133.27943314251178,34.43794706816359],[133.288426346149,34.43794706816359],[133.288426346149,34.42895386452634],[133.27943314251178,34.42895386452634]]]}},{"type":"Feature","properties":{"jobs":44,"pop":0,"pointCount":1,"homeWorkCommuteMedian":-1,"workHomeCommuteMedian":14042},"geometry":{"type":"Polygon","coordinates":[[[133.27943314251178,34.43794706816359],[133.27943314251178,34.446940271800834],[133.288426346149,34.446940271800834],[133.288426346149,34.43794706816359],[133.27943314251178,34.43794706816359]]]}},{"type":"Feature","properties":{"jobs":56,"pop":0,"pointCount":1,"homeWorkCommuteMedian":-1,"workHomeCommuteMedian":8410},"geometry":{"type":"Polygon","coordinates":[[[133.27943314251178,34.446940271800834],[133.27943314251178,34.45593347543808],[133.288426346149,34.45593347543808],[133.288426346149,34.446940271800834],[133.27943314251178,34.446940271800834]]]}},{"type":"Feature","properties":{"jobs":212,"pop":909,"pointCount":9,"homeWorkCommuteMedian":7647,"workHomeCommuteMedian":4283},"geometry":{"type":"Polygon","coordinates":[[[133.27943314251178,34.45593347543808],[133.27943314251178,34.464926679075326],[133.288426346149,34.464926679075326],[133.288426346149,34.45593347543808],[133.27943314251178,34.45593347543808]]]}},{"type":"Feature","properties":{"jobs":0,"pop":74,"pointCount":2,"homeWorkCommuteMedian":19281,"workHomeCommuteMedian":-1},"geometry":{"type":"Polygon","coordinates":[[[133.27943314251178,34.464926679075326],[133.27943314251178,34.47391988271257],[133.288426346149,34.47391988271257],[133.288426346149,34.464926679075326],[133.27943314251178,34.464926679075326]]]}},{"type":"Feature","properties":{"jobs":57,"pop":0,"pointCount":1,"homeWorkCommuteMedian":-1,"workHomeCommuteMedian":11398},"geometry":{"type":"Polygon","coordinates":[[[133.27943314251178,34.48291308634982],[133.27943314251178,34.491906289987064],[133.288426346149,34.491906289987064],[133.288426346149,34.48291308634982],[133.27943314251178,34.48291308634982]]]}},{"type":"Feature","properties":{"jobs":0,"pop":79,"pointCount":2,"homeWorkCommuteMedian":5681,"workHomeCommuteMedian":-1},"geometry":{"type":"Polygon","coordinates":[[[133.27943314251178,34.491906289987064],[133.27943314251178,34.50089949362431],[133.288426346149,34.50089949362431],[133.288426346149,34.491906289987064],[133.27943314251178,34.491906289987064]]]}},{"type":"Feature","properties":{"jobs":0,"pop":36,"pointCount":2,"homeWorkCommuteMedian":2575,"workHomeCommuteMedian":-1},"geometry":{"type":"Polygon","coordinates":[[[133.27943314251178,34.509892697261556],[133.27943314251178,34.5188859008988],[133.288426346149,34.5188859008988],[133.288426346149,34.509892697261556],[133.27943314251178,34.509892697261556]]]}},{"type":"Feature","properties":{"jobs":156,"pop":309,"pointCount":10,"homeWorkCommuteMedian":12889,"workHomeCommuteMedian":11613},"geometry":{"type":"Polygon","coordinates":[[[133.27943314251178,34.5188859008988],[133.27943314251178,34.52787910453605],[133.288426346149,34.52787910453605],[133.288426346149,34.5188859008988],[133.27943314251178,34.5188859008988]]]}},{"type":"Feature","properties":{"jobs":317,"pop":485,"pointCount":14,"homeWorkCommuteMedian":7008,"workHomeCommuteMedian":1394},"geometry":{"type":"Polygon","coordinates":[[[133.27943314251178,34.52787910453605],[133.27943314251178,34.536872308173294],[133.288426346149,34.536872308173294],[133.288426346149,34.52787910453605],[133.27943314251178,34.52787910453605]]]}},{"type":"Feature","properties":{"jobs":529,"pop":468,"pointCount":9,"homeWorkCommuteMedian":19078,"workHomeCommuteMedian":9280},"geometry":{"type":"Polygon","coordinates":[[[133.27943314251178,34.536872308173294],[133.27943314251178,34.54586551181054],[133.288426346149,34.54586551181054],[133.288426346149,34.536872308173294],[133.27943314251178,34.536872308173294]]]}},{"type":"Feature","properties":{"jobs":1895,"pop":1338,"pointCount":13,"homeWorkCommuteMedian":16415,"workHomeCommuteMedian":8607},"geometry":{"type":"Polygon","coordinates":[[[133.27943314251178,34.54586551181054],[133.27943314251178,34.554858715447786],[133.288426346149,34.554858715447786],[133.288426346149,34.54586551181054],[133.27943314251178,34.54586551181054]]]}},{"type":"Feature","properties":{"jobs":205,"pop":231,"pointCount":3,"homeWorkCommuteMedian":2630,"workHomeCommuteMedian":1411},"geometry":{"type":"Polygon","coordinates":[[[133.27943314251178,34.56385191908503],[133.27943314251178,34.57284512272228],[133.288426346149,34.57284512272228],[133.288426346149,34.56385191908503],[133.27943314251178,34.56385191908503]]]}},{"type":"Feature","properties":{"jobs":101,"pop":222,"pointCount":8,"homeWorkCommuteMedian":22033,"workHomeCommuteMedian":522},"geometry":{"type":"Polygon","coordinates":[[[133.27943314251178,34.57284512272228],[133.27943314251178,34.581838326359524],[133.288426346149,34.581838326359524],[133.288426346149,34.57284512272228],[133.27943314251178,34.57284512272228]]]}},{"type":"Feature","properties":{"jobs":31,"pop":215,"pointCount":2,"homeWorkCommuteMedian":1076,"workHomeCommuteMedian":10656},"geometry":{"type":"Polygon","coordinates":[[[133.27943314251178,34.581838326359524],[133.27943314251178,34.59083152999677],[133.288426346149,34.59083152999677],[133.288426346149,34.581838326359524],[133.27943314251178,34.581838326359524]]]}},{"type":"Feature","properties":{"jobs":0,"pop":17,"pointCount":1,"homeWorkCommuteMedian":6012,"workHomeCommuteMedian":-1},"geometry":{"type":"Polygon","coordinates":[[[133.27943314251178,34.689756770006476],[133.27943314251178,34.69874997364372],[133.288426346149,34.69874997364372],[133.288426346149,34.689756770006476],[133.27943314251178,34.689756770006476]]]}},{"type":"Feature","properties":{"jobs":22,"pop":0,"pointCount":1,"homeWorkCommuteMedian":-1,"workHomeCommuteMedian":24000},"geometry":{"type":"Polygon","coordinates":[[[133.27943314251178,34.70774317728097],[133.27943314251178,34.71673638091821],[133.288426346149,34.71673638091821],[133.288426346149,34.70774317728097],[133.27943314251178,34.70774317728097]]]}},{"type":"Feature","properties":{"jobs":0,"pop":21,"pointCount":1,"homeWorkCommuteMedian":26591,"workHomeCommuteMedian":-1},"geometry":{"type":"Polygon","coordinates":[[[133.27943314251178,34.71673638091821],[133.27943314251178,34.72572958455546],[133.288426346149,34.72572958455546],[133.288426346149,34.71673638091821],[133.27943314251178,34.71673638091821]]]}},{"type":"Feature","properties":{"jobs":132,"pop":0,"pointCount":1,"homeWorkCommuteMedian":-1,"workHomeCommuteMedian":11145},"geometry":{"type":"Polygon","coordinates":[[[133.27943314251178,34.72572958455546],[133.27943314251178,34.734722788192705],[133.288426346149,34.734722788192705],[133.288426346149,34.72572958455546],[133.27943314251178,34.72572958455546]]]}},{"type":"Feature","properties":{"jobs":23,"pop":0,"pointCount":1,"homeWorkCommuteMedian":-1,"workHomeCommuteMedian":7176},"geometry":{"type":"Polygon","coordinates":[[[133.27943314251178,34.734722788192705],[133.27943314251178,34.74371599182995],[133.288426346149,34.74371599182995],[133.288426346149,34.734722788192705],[133.27943314251178,34.734722788192705]]]}},{"type":"Feature","properties":{"jobs":0,"pop":30,"pointCount":1,"homeWorkCommuteMedian":10339,"workHomeCommuteMedian":-1},"geometry":{"type":"Polygon","coordinates":[[[133.27943314251178,34.76170239910444],[133.27943314251178,34.77069560274169],[133.288426346149,34.77069560274169],[133.288426346149,34.76170239910444],[133.27943314251178,34.76170239910444]]]}},{"type":"Feature","properties":{"jobs":68,"pop":68,"pointCount":3,"homeWorkCommuteMedian":40508,"workHomeCommuteMedian":60472},"geometry":{"type":"Polygon","coordinates":[[[133.27943314251178,34.77069560274169],[133.27943314251178,34.779688806378935],[133.288426346149,34.779688806378935],[133.288426346149,34.77069560274169],[133.27943314251178,34.77069560274169]]]}},{"type":"Feature","properties":{"jobs":0,"pop":16,"pointCount":1,"homeWorkCommuteMedian":3013,"workHomeCommuteMedian":-1},"geometry":{"type":"Polygon","coordinates":[[[133.27943314251178,34.79767521365343],[133.27943314251178,34.80666841729067],[133.288426346149,34.80666841729067],[133.288426346149,34.79767521365343],[133.27943314251178,34.79767521365343]]]}},{"type":"Feature","properties":{"jobs":86,"pop":173,"pointCount":5,"homeWorkCommuteMedian":21163,"workHomeCommuteMedian":29730},"geometry":{"type":"Polygon","coordinates":[[[133.288426346149,34.34801503179113],[133.288426346149,34.357008235428374],[133.29741954978624,34.357008235428374],[133.29741954978624,34.34801503179113],[133.288426346149,34.34801503179113]]]}},{"type":"Feature","properties":{"jobs":15,"pop":62,"pointCount":2,"homeWorkCommuteMedian":26571,"workHomeCommuteMedian":38549},"geometry":{"type":"Polygon","coordinates":[[[133.288426346149,34.357008235428374],[133.288426346149,34.36600143906562],[133.29741954978624,34.36600143906562],[133.29741954978624,34.357008235428374],[133.288426346149,34.357008235428374]]]}},{"type":"Feature","properties":{"jobs":1084,"pop":470,"pointCount":7,"homeWorkCommuteMedian":6940,"workHomeCommuteMedian":17205},"geometry":{"type":"Polygon","coordinates":[[[133.288426346149,34.38398784634011],[133.288426346149,34.39298104997736],[133.29741954978624,34.39298104997736],[133.29741954978624,34.38398784634011],[133.288426346149,34.38398784634011]]]}},{"type":"Feature","properties":{"jobs":0,"pop":60,"pointCount":3,"homeWorkCommuteMedian":4318,"workHomeCommuteMedian":-1},"geometry":{"type":"Polygon","coordinates":[[[133.288426346149,34.401974253614604],[133.288426346149,34.41096745725185],[133.29741954978624,34.41096745725185],[133.29741954978624,34.401974253614604],[133.288426346149,34.401974253614604]]]}},{"type":"Feature","properties":{"jobs":33,"pop":80,"pointCount":2,"homeWorkCommuteMedian":16376,"workHomeCommuteMedian":15119},"geometry":{"type":"Polygon","coordinates":[[[133.288426346149,34.41096745725185],[133.288426346149,34.419960660889096],[133.29741954978624,34.419960660889096],[133.29741954978624,34.41096745725185],[133.288426346149,34.41096745725185]]]}},{"type":"Feature","properties":{"jobs":0,"pop":20,"pointCount":1,"homeWorkCommuteMedian":3432,"workHomeCommuteMedian":-1},"geometry":{"type":"Polygon","coordinates":[[[133.288426346149,34.419960660889096],[133.288426346149,34.42895386452634],[133.29741954978624,34.42895386452634],[133.29741954978624,34.419960660889096],[133.288426346149,34.419960660889096]]]}},{"type":"Feature","properties":{"jobs":0,"pop":264,"pointCount":6,"homeWorkCommuteMedian":6446,"workHomeCommuteMedian":-1},"geometry":{"type":"Polygon","coordinates":[[[133.288426346149,34.42895386452634],[133.288426346149,34.43794706816359],[133.29741954978624,34.43794706816359],[133.29741954978624,34.42895386452634],[133.288426346149,34.42895386452634]]]}},{"type":"Feature","properties":{"jobs":0,"pop":171,"pointCount":2,"homeWorkCommuteMedian":2069,"workHomeCommuteMedian":-1},"geometry":{"type":"Polygon","coordinates":[[[133.288426346149,34.43794706816359],[133.288426346149,34.446940271800834],[133.29741954978624,34.446940271800834],[133.29741954978624,34.43794706816359],[133.288426346149,34.43794706816359]]]}},{"type":"Feature","properties":{"jobs":86,"pop":95,"pointCount":5,"homeWorkCommuteMedian":10436,"workHomeCommuteMedian":452},"geometry":{"type":"Polygon","coordinates":[[[133.288426346149,34.45593347543808],[133.288426346149,34.464926679075326],[133.29741954978624,34.464926679075326],[133.29741954978624,34.45593347543808],[133.288426346149,34.45593347543808]]]}},{"type":"Feature","properties":{"jobs":345,"pop":635,"pointCount":8,"homeWorkCommuteMedian":12955,"workHomeCommuteMedian":1862},"geometry":{"type":"Polygon","coordinates":[[[133.288426346149,34.464926679075326],[133.288426346149,34.47391988271257],[133.29741954978624,34.47391988271257],[133.29741954978624,34.464926679075326],[133.288426346149,34.464926679075326]]]}},{"type":"Feature","properties":{"jobs":102,"pop":0,"pointCount":1,"homeWorkCommuteMedian":-1,"workHomeCommuteMedian":13824},"geometry":{"type":"Polygon","coordinates":[[[133.288426346149,34.50089949362431],[133.288426346149,34.509892697261556],[133.29741954978624,34.509892697261556],[133.29741954978624,34.50089949362431],[133.288426346149,34.50089949362431]]]}},{"type":"Feature","properties":{"jobs":103,"pop":474,"pointCount":8,"homeWorkCommuteMedian":17967,"workHomeCommuteMedian":11408},"geometry":{"type":"Polygon","coordinates":[[[133.288426346149,34.5188859008988],[133.288426346149,34.52787910453605],[133.29741954978624,34.52787910453605],[133.29741954978624,34.5188859008988],[133.288426346149,34.5188859008988]]]}},{"type":"Feature","properties":{"jobs":273,"pop":618,"pointCount":14,"homeWorkCommuteMedian":16187,"workHomeCommuteMedian":894},"geometry":{"type":"Polygon","coordinates":[[[133.288426346149,34.52787910453605],[133.288426346149,34.536872308173294],[133.29741954978624,34.536872308173294],[133.29741954978624,34.52787910453605],[133.288426346149,34.52787910453605]]]}},{"type":"Feature","properties":{"jobs":352,"pop":736,"pointCount":10,"homeWorkCommuteMedian":12735,"workHomeCommuteMedian":3758},"geometry":{"type":"Polygon","coordinates":[[[133.288426346149,34.536872308173294],[133.288426346149,34.54586551181054],[133.29741954978624,34.54586551181054],[133.29741954978624,34.536872308173294],[133.288426346149,34.536872308173294]]]}},{"type":"Feature","properties":{"jobs":1559,"pop":932,"pointCount":13,"homeWorkCommuteMedian":9027,"workHomeCommuteMedian":4093},"geometry":{"type":"Polygon","coordinates":[[[133.288426346149,34.54586551181054],[133.288426346149,34.554858715447786],[133.29741954978624,34.554858715447786],[133.29741954978624,34.54586551181054],[133.288426346149,34.54586551181054]]]}},{"type":"Feature","properties":{"jobs":19,"pop":0,"pointCount":1,"homeWorkCommuteMedian":-1,"workHomeCommuteMedian":1370},"geometry":{"type":"Polygon","coordinates":[[[133.288426346149,34.554858715447786],[133.288426346149,34.56385191908503],[133.29741954978624,34.56385191908503],[133.29741954978624,34.554858715447786],[133.288426346149,34.554858715447786]]]}},{"type":"Feature","properties":{"jobs":45,"pop":32,"pointCount":1,"homeWorkCommuteMedian":27692,"workHomeCommuteMedian":23960},"geometry":{"type":"Polygon","coordinates":[[[133.288426346149,34.67177036273198],[133.288426346149,34.68076356636923],[133.29741954978624,34.68076356636923],[133.29741954978624,34.67177036273198],[133.288426346149,34.67177036273198]]]}},{"type":"Feature","properties":{"jobs":82,"pop":227,"pointCount":6,"homeWorkCommuteMedian":28959,"workHomeCommuteMedian":11014},"geometry":{"type":"Polygon","coordinates":[[[133.288426346149,34.68076356636923],[133.288426346149,34.689756770006476],[133.29741954978624,34.689756770006476],[133.29741954978624,34.68076356636923],[133.288426346149,34.68076356636923]]]}},{"type":"Feature","properties":{"jobs":36,"pop":51,"pointCount":3,"homeWorkCommuteMedian":31463,"workHomeCommuteMedian":27642},"geometry":{"type":"Polygon","coordinates":[[[133.288426346149,34.689756770006476],[133.288426346149,34.69874997364372],[133.29741954978624,34.69874997364372],[133.29741954978624,34.689756770006476],[133.288426346149,34.689756770006476]]]}},{"type":"Feature","properties":{"jobs":32,"pop":51,"pointCount":2,"homeWorkCommuteMedian":32216,"workHomeCommuteMedian":19603},"geometry":{"type":"Polygon","coordinates":[[[133.288426346149,34.71673638091821],[133.288426346149,34.72572958455546],[133.29741954978624,34.72572958455546],[133.29741954978624,34.71673638091821],[133.288426346149,34.71673638091821]]]}},{"type":"Feature","properties":{"jobs":46,"pop":0,"pointCount":1,"homeWorkCommuteMedian":-1,"workHomeCommuteMedian":4526},"geometry":{"type":"Polygon","coordinates":[[[133.288426346149,34.72572958455546],[133.288426346149,34.734722788192705],[133.29741954978624,34.734722788192705],[133.29741954978624,34.72572958455546],[133.288426346149,34.72572958455546]]]}},{"type":"Feature","properties":{"jobs":0,"pop":31,"pointCount":1,"homeWorkCommuteMedian":9494,"workHomeCommuteMedian":-1},"geometry":{"type":"Polygon","coordinates":[[[133.288426346149,34.74371599182995],[133.288426346149,34.7527091954672],[133.29741954978624,34.7527091954672],[133.29741954978624,34.74371599182995],[133.288426346149,34.74371599182995]]]}},{"type":"Feature","properties":{"jobs":17,"pop":40,"pointCount":2,"homeWorkCommuteMedian":41725,"workHomeCommuteMedian":13055},"geometry":{"type":"Polygon","coordinates":[[[133.288426346149,34.77069560274169],[133.288426346149,34.779688806378935],[133.29741954978624,34.779688806378935],[133.29741954978624,34.77069560274169],[133.288426346149,34.77069560274169]]]}},{"type":"Feature","properties":{"jobs":0,"pop":16,"pointCount":1,"homeWorkCommuteMedian":4841,"workHomeCommuteMedian":-1},"geometry":{"type":"Polygon","coordinates":[[[133.288426346149,34.79767521365343],[133.288426346149,34.80666841729067],[133.29741954978624,34.80666841729067],[133.29741954978624,34.79767521365343],[133.288426346149,34.79767521365343]]]}},{"type":"Feature","properties":{"jobs":38,"pop":0,"pointCount":2,"homeWorkCommuteMedian":-1,"workHomeCommuteMedian":7020},"geometry":{"type":"Polygon","coordinates":[[[133.288426346149,34.83364802820241],[133.288426346149,34.84264123183966],[133.29741954978624,34.84264123183966],[133.29741954978624,34.83364802820241],[133.288426346149,34.83364802820241]]]}},{"type":"Feature","properties":{"jobs":152,"pop":30,"pointCount":2,"homeWorkCommuteMedian":29559,"workHomeCommuteMedian":4633},"geometry":{"type":"Polygon","coordinates":[[[133.29741954978624,34.36600143906562],[133.29741954978624,34.374994642702866],[133.30641275342347,34.374994642702866],[133.30641275342347,34.36600143906562],[133.29741954978624,34.36600143906562]]]}},{"type":"Feature","properties":{"jobs":1530,"pop":321,"pointCount":8,"homeWorkCommuteMedian":26828,"workHomeCommuteMedian":21592},"geometry":{"type":"Polygon","coordinates":[[[133.29741954978624,34.38398784634011],[133.29741954978624,34.39298104997736],[133.30641275342347,34.39298104997736],[133.30641275342347,34.38398784634011],[133.29741954978624,34.38398784634011]]]}},{"type":"Feature","properties":{"jobs":21,"pop":226,"pointCount":5,"homeWorkCommuteMedian":13339,"workHomeCommuteMedian":29462},"geometry":{"type":"Polygon","coordinates":[[[133.29741954978624,34.39298104997736],[133.29741954978624,34.401974253614604],[133.30641275342347,34.401974253614604],[133.30641275342347,34.39298104997736],[133.29741954978624,34.39298104997736]]]}},{"type":"Feature","properties":{"jobs":20,"pop":281,"pointCount":5,"homeWorkCommuteMedian":3655,"workHomeCommuteMedian":16763},"geometry":{"type":"Polygon","coordinates":[[[133.29741954978624,34.401974253614604],[133.29741954978624,34.41096745725185],[133.30641275342347,34.41096745725185],[133.30641275342347,34.401974253614604],[133.29741954978624,34.401974253614604]]]}},{"type":"Feature","properties":{"jobs":99,"pop":88,"pointCount":3,"homeWorkCommuteMedian":2379,"workHomeCommuteMedian":13552},"geometry":{"type":"Polygon","coordinates":[[[133.29741954978624,34.41096745725185],[133.29741954978624,34.419960660889096],[133.30641275342347,34.419960660889096],[133.30641275342347,34.41096745725185],[133.29741954978624,34.41096745725185]]]}},{"type":"Feature","properties":{"jobs":362,"pop":0,"pointCount":2,"homeWorkCommuteMedian":-1,"workHomeCommuteMedian":19618},"geometry":{"type":"Polygon","coordinates":[[[133.29741954978624,34.419960660889096],[133.29741954978624,34.42895386452634],[133.30641275342347,34.42895386452634],[133.30641275342347,34.419960660889096],[133.29741954978624,34.419960660889096]]]}},{"type":"Feature","properties":{"jobs":300,"pop":0,"pointCount":2,"homeWorkCommuteMedian":-1,"workHomeCommuteMedian":11097},"geometry":{"type":"Polygon","coordinates":[[[133.29741954978624,34.43794706816359],[133.29741954978624,34.446940271800834],[133.30641275342347,34.446940271800834],[133.30641275342347,34.43794706816359],[133.29741954978624,34.43794706816359]]]}},{"type":"Feature","properties":{"jobs":0,"pop":74,"pointCount":3,"homeWorkCommuteMedian":16322,"workHomeCommuteMedian":-1},"geometry":{"type":"Polygon","coordinates":[[[133.29741954978624,34.446940271800834],[133.29741954978624,34.45593347543808],[133.30641275342347,34.45593347543808],[133.30641275342347,34.446940271800834],[133.29741954978624,34.446940271800834]]]}},{"type":"Feature","properties":{"jobs":54,"pop":200,"pointCount":5,"homeWorkCommuteMedian":11842,"workHomeCommuteMedian":10037},"geometry":{"type":"Polygon","coordinates":[[[133.29741954978624,34.45593347543808],[133.29741954978624,34.464926679075326],[133.30641275342347,34.464926679075326],[133.30641275342347,34.45593347543808],[133.29741954978624,34.45593347543808]]]}},{"type":"Feature","properties":{"jobs":1149,"pop":513,"pointCount":15,"homeWorkCommuteMedian":8296,"workHomeCommuteMedian":8344},"geometry":{"type":"Polygon","coordinates":[[[133.29741954978624,34.464926679075326],[133.29741954978624,34.47391988271257],[133.30641275342347,34.47391988271257],[133.30641275342347,34.464926679075326],[133.29741954978624,34.464926679075326]]]}},{"type":"Feature","properties":{"jobs":20,"pop":211,"pointCount":2,"homeWorkCommuteMedian":1011,"workHomeCommuteMedian":259},"geometry":{"type":"Polygon","coordinates":[[[133.29741954978624,34.47391988271257],[133.29741954978624,34.48291308634982],[133.30641275342347,34.48291308634982],[133.30641275342347,34.47391988271257],[133.29741954978624,34.47391988271257]]]}},{"type":"Feature","properties":{"jobs":0,"pop":27,"pointCount":1,"homeWorkCommuteMedian":17972,"workHomeCommuteMedian":-1},"geometry":{"type":"Polygon","coordinates":[[[133.29741954978624,34.48291308634982],[133.29741954978624,34.491906289987064],[133.30641275342347,34.491906289987064],[133.30641275342347,34.48291308634982],[133.29741954978624,34.48291308634982]]]}},{"type":"Feature","properties":{"jobs":17,"pop":46,"pointCount":2,"homeWorkCommuteMedian":5336,"workHomeCommuteMedian":1623},"geometry":{"type":"Polygon","coordinates":[[[133.29741954978624,34.5188859008988],[133.29741954978624,34.52787910453605],[133.30641275342347,34.52787910453605],[133.30641275342347,34.5188859008988],[133.29741954978624,34.5188859008988]]]}},{"type":"Feature","properties":{"jobs":708,"pop":430,"pointCount":13,"homeWorkCommuteMedian":9599,"workHomeCommuteMedian":8811},"geometry":{"type":"Polygon","coordinates":[[[133.29741954978624,34.52787910453605],[133.29741954978624,34.536872308173294],[133.30641275342347,34.536872308173294],[133.30641275342347,34.52787910453605],[133.29741954978624,34.52787910453605]]]}},{"type":"Feature","properties":{"jobs":188,"pop":258,"pointCount":8,"homeWorkCommuteMedian":6740,"workHomeCommuteMedian":10227},"geometry":{"type":"Polygon","coordinates":[[[133.29741954978624,34.536872308173294],[133.29741954978624,34.54586551181054],[133.30641275342347,34.54586551181054],[133.30641275342347,34.536872308173294],[133.29741954978624,34.536872308173294]]]}},{"type":"Feature","properties":{"jobs":135,"pop":1301,"pointCount":9,"homeWorkCommuteMedian":12726,"workHomeCommuteMedian":1288},"geometry":{"type":"Polygon","coordinates":[[[133.29741954978624,34.54586551181054],[133.29741954978624,34.554858715447786],[133.30641275342347,34.554858715447786],[133.30641275342347,34.54586551181054],[133.29741954978624,34.54586551181054]]]}},{"type":"Feature","properties":{"jobs":0,"pop":67,"pointCount":1,"homeWorkCommuteMedian":16174,"workHomeCommuteMedian":-1},"geometry":{"type":"Polygon","coordinates":[[[133.29741954978624,34.56385191908503],[133.29741954978624,34.57284512272228],[133.30641275342347,34.57284512272228],[133.30641275342347,34.56385191908503],[133.29741954978624,34.56385191908503]]]}},{"type":"Feature","properties":{"jobs":0,"pop":85,"pointCount":1,"homeWorkCommuteMedian":4163,"workHomeCommuteMedian":-1},"geometry":{"type":"Polygon","coordinates":[[[133.29741954978624,34.57284512272228],[133.29741954978624,34.581838326359524],[133.30641275342347,34.581838326359524],[133.30641275342347,34.57284512272228],[133.29741954978624,34.57284512272228]]]}},{"type":"Feature","properties":{"jobs":0,"pop":29,"pointCount":1,"homeWorkCommuteMedian":5868,"workHomeCommuteMedian":-1},"geometry":{"type":"Polygon","coordinates":[[[133.29741954978624,34.59083152999677],[133.29741954978624,34.599824733634016],[133.30641275342347,34.599824733634016],[133.30641275342347,34.59083152999677],[133.29741954978624,34.59083152999677]]]}},{"type":"Feature","properties":{"jobs":0,"pop":30,"pointCount":1,"homeWorkCommuteMedian":32306,"workHomeCommuteMedian":-1},"geometry":{"type":"Polygon","coordinates":[[[133.29741954978624,34.66277715909474],[133.29741954978624,34.67177036273198],[133.30641275342347,34.67177036273198],[133.30641275342347,34.66277715909474],[133.29741954978624,34.66277715909474]]]}},{"type":"Feature","properties":{"jobs":33,"pop":0,"pointCount":1,"homeWorkCommuteMedian":-1,"workHomeCommuteMedian":1872},"geometry":{"type":"Polygon","coordinates":[[[133.29741954978624,34.68076356636923],[133.29741954978624,34.689756770006476],[133.30641275342347,34.689756770006476],[133.30641275342347,34.68076356636923],[133.29741954978624,34.68076356636923]]]}},{"type":"Feature","properties":{"jobs":0,"pop":26,"pointCount":1,"homeWorkCommuteMedian":2426,"workHomeCommuteMedian":-1},"geometry":{"type":"Polygon","coordinates":[[[133.29741954978624,34.70774317728097],[133.29741954978624,34.71673638091821],[133.30641275342347,34.71673638091821],[133.30641275342347,34.70774317728097],[133.29741954978624,34.70774317728097]]]}},{"type":"Feature","properties":{"jobs":43,"pop":15,"pointCount":2,"homeWorkCommuteMedian":10260,"workHomeCommuteMedian":27512},"geometry":{"type":"Polygon","coordinates":[[[133.29741954978624,34.72572958455546],[133.29741954978624,34.734722788192705],[133.30641275342347,34.734722788192705],[133.30641275342347,34.72572958455546],[133.29741954978624,34.72572958455546]]]}},{"type":"Feature","properties":{"jobs":0,"pop":22,"pointCount":1,"homeWorkCommuteMedian":9740,"workHomeCommuteMedian":-1},"geometry":{"type":"Polygon","coordinates":[[[133.29741954978624,34.734722788192705],[133.29741954978624,34.74371599182995],[133.30641275342347,34.74371599182995],[133.30641275342347,34.734722788192705],[133.29741954978624,34.734722788192705]]]}},{"type":"Feature","properties":{"jobs":17,"pop":17,"pointCount":1,"homeWorkCommuteMedian":3056,"workHomeCommuteMedian":7820},"geometry":{"type":"Polygon","coordinates":[[[133.29741954978624,34.74371599182995],[133.29741954978624,34.7527091954672],[133.30641275342347,34.7527091954672],[133.30641275342347,34.74371599182995],[133.29741954978624,34.74371599182995]]]}},{"type":"Feature","properties":{"jobs":0,"pop":29,"pointCount":1,"homeWorkCommuteMedian":7176,"workHomeCommuteMedian":-1},"geometry":{"type":"Polygon","coordinates":[[[133.29741954978624,34.76170239910444],[133.29741954978624,34.77069560274169],[133.30641275342347,34.77069560274169],[133.30641275342347,34.76170239910444],[133.29741954978624,34.76170239910444]]]}},{"type":"Feature","properties":{"jobs":0,"pop":26,"pointCount":1,"homeWorkCommuteMedian":2795,"workHomeCommuteMedian":-1},"geometry":{"type":"Polygon","coordinates":[[[133.29741954978624,34.77069560274169],[133.29741954978624,34.779688806378935],[133.30641275342347,34.779688806378935],[133.30641275342347,34.77069560274169],[133.29741954978624,34.77069560274169]]]}},{"type":"Feature","properties":{"jobs":0,"pop":38,"pointCount":1,"homeWorkCommuteMedian":41194,"workHomeCommuteMedian":-1},"geometry":{"type":"Polygon","coordinates":[[[133.29741954978624,34.83364802820241],[133.29741954978624,34.84264123183966],[133.30641275342347,34.84264123183966],[133.30641275342347,34.83364802820241],[133.29741954978624,34.83364802820241]]]}},{"type":"Feature","properties":{"jobs":0,"pop":26,"pointCount":1,"homeWorkCommuteMedian":5323,"workHomeCommuteMedian":-1},"geometry":{"type":"Polygon","coordinates":[[[133.29741954978624,34.84264123183966],[133.29741954978624,34.8516344354769],[133.30641275342347,34.8516344354769],[133.30641275342347,34.84264123183966],[133.29741954978624,34.84264123183966]]]}},{"type":"Feature","properties":{"jobs":0,"pop":3,"pointCount":1,"homeWorkCommuteMedian":10080,"workHomeCommuteMedian":-1},"geometry":{"type":"Polygon","coordinates":[[[133.30641275342347,34.177144162683454],[133.30641275342347,34.1861373663207],[133.3154059570607,34.1861373663207],[133.3154059570607,34.177144162683454],[133.30641275342347,34.177144162683454]]]}},{"type":"Feature","properties":{"jobs":136,"pop":39,"pointCount":2,"homeWorkCommuteMedian":6580,"workHomeCommuteMedian":18901},"geometry":{"type":"Polygon","coordinates":[[[133.30641275342347,34.36600143906562],[133.30641275342347,34.374994642702866],[133.3154059570607,34.374994642702866],[133.3154059570607,34.36600143906562],[133.30641275342347,34.36600143906562]]]}},{"type":"Feature","properties":{"jobs":172,"pop":292,"pointCount":7,"homeWorkCommuteMedian":15071,"workHomeCommuteMedian":2357},"geometry":{"type":"Polygon","coordinates":[[[133.30641275342347,34.38398784634011],[133.30641275342347,34.39298104997736],[133.3154059570607,34.39298104997736],[133.3154059570607,34.38398784634011],[133.30641275342347,34.38398784634011]]]}},{"type":"Feature","properties":{"jobs":197,"pop":339,"pointCount":8,"homeWorkCommuteMedian":14031,"workHomeCommuteMedian":15435},"geometry":{"type":"Polygon","coordinates":[[[133.30641275342347,34.39298104997736],[133.30641275342347,34.401974253614604],[133.3154059570607,34.401974253614604],[133.3154059570607,34.39298104997736],[133.30641275342347,34.39298104997736]]]}},{"type":"Feature","properties":{"jobs":82,"pop":59,"pointCount":6,"homeWorkCommuteMedian":2650,"workHomeCommuteMedian":6446},"geometry":{"type":"Polygon","coordinates":[[[133.30641275342347,34.401974253614604],[133.30641275342347,34.41096745725185],[133.3154059570607,34.41096745725185],[133.3154059570607,34.401974253614604],[133.30641275342347,34.401974253614604]]]}},{"type":"Feature","properties":{"jobs":534,"pop":102,"pointCount":7,"homeWorkCommuteMedian":12573,"workHomeCommuteMedian":10913},"geometry":{"type":"Polygon","coordinates":[[[133.30641275342347,34.41096745725185],[133.30641275342347,34.419960660889096],[133.3154059570607,34.419960660889096],[133.3154059570607,34.41096745725185],[133.30641275342347,34.41096745725185]]]}},{"type":"Feature","properties":{"jobs":0,"pop":142,"pointCount":4,"homeWorkCommuteMedian":11261,"workHomeCommuteMedian":-1},"geometry":{"type":"Polygon","coordinates":[[[133.30641275342347,34.42895386452634],[133.30641275342347,34.43794706816359],[133.3154059570607,34.43794706816359],[133.3154059570607,34.42895386452634],[133.30641275342347,34.42895386452634]]]}},{"type":"Feature","properties":{"jobs":211,"pop":26,"pointCount":2,"homeWorkCommuteMedian":3531,"workHomeCommuteMedian":15504},"geometry":{"type":"Polygon","coordinates":[[[133.30641275342347,34.43794706816359],[133.30641275342347,34.446940271800834],[133.3154059570607,34.446940271800834],[133.3154059570607,34.43794706816359],[133.30641275342347,34.43794706816359]]]}},{"type":"Feature","properties":{"jobs":136,"pop":251,"pointCount":6,"homeWorkCommuteMedian":6434,"workHomeCommuteMedian":11901},"geometry":{"type":"Polygon","coordinates":[[[133.30641275342347,34.45593347543808],[133.30641275342347,34.464926679075326],[133.3154059570607,34.464926679075326],[133.3154059570607,34.45593347543808],[133.30641275342347,34.45593347543808]]]}},{"type":"Feature","properties":{"jobs":594,"pop":663,"pointCount":12,"homeWorkCommuteMedian":10705,"workHomeCommuteMedian":7260},"geometry":{"type":"Polygon","coordinates":[[[133.30641275342347,34.464926679075326],[133.30641275342347,34.47391988271257],[133.3154059570607,34.47391988271257],[133.3154059570607,34.464926679075326],[133.30641275342347,34.464926679075326]]]}},{"type":"Feature","properties":{"jobs":890,"pop":969,"pointCount":13,"homeWorkCommuteMedian":10879,"workHomeCommuteMedian":4358},"geometry":{"type":"Polygon","coordinates":[[[133.30641275342347,34.47391988271257],[133.30641275342347,34.48291308634982],[133.3154059570607,34.48291308634982],[133.3154059570607,34.47391988271257],[133.30641275342347,34.47391988271257]]]}},{"type":"Feature","properties":{"jobs":51,"pop":63,"pointCount":4,"homeWorkCommuteMedian":29630,"workHomeCommuteMedian":11353},"geometry":{"type":"Polygon","coordinates":[[[133.30641275342347,34.48291308634982],[133.30641275342347,34.491906289987064],[133.3154059570607,34.491906289987064],[133.3154059570607,34.48291308634982],[133.30641275342347,34.48291308634982]]]}},{"type":"Feature","properties":{"jobs":0,"pop":70,"pointCount":2,"homeWorkCommuteMedian":1794,"workHomeCommuteMedian":-1},"geometry":{"type":"Polygon","coordinates":[[[133.30641275342347,34.5188859008988],[133.30641275342347,34.52787910453605],[133.3154059570607,34.52787910453605],[133.3154059570607,34.5188859008988],[133.30641275342347,34.5188859008988]]]}},{"type":"Feature","properties":{"jobs":108,"pop":315,"pointCount":9,"homeWorkCommuteMedian":6162,"workHomeCommuteMedian":13653},"geometry":{"type":"Polygon","coordinates":[[[133.30641275342347,34.52787910453605],[133.30641275342347,34.536872308173294],[133.3154059570607,34.536872308173294],[133.3154059570607,34.52787910453605],[133.30641275342347,34.52787910453605]]]}},{"type":"Feature","properties":{"jobs":761,"pop":1333,"pointCount":9,"homeWorkCommuteMedian":13106,"workHomeCommuteMedian":4817},"geometry":{"type":"Polygon","coordinates":[[[133.30641275342347,34.536872308173294],[133.30641275342347,34.54586551181054],[133.3154059570607,34.54586551181054],[133.3154059570607,34.536872308173294],[133.30641275342347,34.536872308173294]]]}},{"type":"Feature","properties":{"jobs":107,"pop":904,"pointCount":10,"homeWorkCommuteMedian":13051,"workHomeCommuteMedian":3786},"geometry":{"type":"Polygon","coordinates":[[[133.30641275342347,34.54586551181054],[133.30641275342347,34.554858715447786],[133.3154059570607,34.554858715447786],[133.3154059570607,34.54586551181054],[133.30641275342347,34.54586551181054]]]}},{"type":"Feature","properties":{"jobs":0,"pop":38,"pointCount":1,"homeWorkCommuteMedian":42944,"workHomeCommuteMedian":-1},"geometry":{"type":"Polygon","coordinates":[[[133.30641275342347,34.554858715447786],[133.30641275342347,34.56385191908503],[133.3154059570607,34.56385191908503],[133.3154059570607,34.554858715447786],[133.30641275342347,34.554858715447786]]]}},{"type":"Feature","properties":{"jobs":210,"pop":239,"pointCount":7,"homeWorkCommuteMedian":8146,"workHomeCommuteMedian":9058},"geometry":{"type":"Polygon","coordinates":[[[133.30641275342347,34.56385191908503],[133.30641275342347,34.57284512272228],[133.3154059570607,34.57284512272228],[133.3154059570607,34.56385191908503],[133.30641275342347,34.56385191908503]]]}},{"type":"Feature","properties":{"jobs":54,"pop":100,"pointCount":4,"homeWorkCommuteMedian":15529,"workHomeCommuteMedian":2758},"geometry":{"type":"Polygon","coordinates":[[[133.30641275342347,34.57284512272228],[133.30641275342347,34.581838326359524],[133.3154059570607,34.581838326359524],[133.3154059570607,34.57284512272228],[133.30641275342347,34.57284512272228]]]}},{"type":"Feature","properties":{"jobs":100,"pop":101,"pointCount":6,"homeWorkCommuteMedian":9086,"workHomeCommuteMedian":1945},"geometry":{"type":"Polygon","coordinates":[[[133.30641275342347,34.581838326359524],[133.30641275342347,34.59083152999677],[133.3154059570607,34.59083152999677],[133.3154059570607,34.581838326359524],[133.30641275342347,34.581838326359524]]]}},{"type":"Feature","properties":{"jobs":43,"pop":104,"pointCount":4,"homeWorkCommuteMedian":6647,"workHomeCommuteMedian":10609},"geometry":{"type":"Polygon","coordinates":[[[133.30641275342347,34.59083152999677],[133.30641275342347,34.599824733634016],[133.3154059570607,34.599824733634016],[133.3154059570607,34.59083152999677],[133.30641275342347,34.59083152999677]]]}},{"type":"Feature","properties":{"jobs":26,"pop":26,"pointCount":1,"homeWorkCommuteMedian":22402,"workHomeCommuteMedian":8844},"geometry":{"type":"Polygon","coordinates":[[[133.30641275342347,34.599824733634016],[133.30641275342347,34.60881793727126],[133.3154059570607,34.60881793727126],[133.3154059570607,34.599824733634016],[133.30641275342347,34.599824733634016]]]}},{"type":"Feature","properties":{"jobs":0,"pop":25,"pointCount":1,"homeWorkCommuteMedian":6057,"workHomeCommuteMedian":-1},"geometry":{"type":"Polygon","coordinates":[[[133.30641275342347,34.644790751820246],[133.30641275342347,34.65378395545749],[133.3154059570607,34.65378395545749],[133.3154059570607,34.644790751820246],[133.30641275342347,34.644790751820246]]]}},{"type":"Feature","properties":{"jobs":70,"pop":0,"pointCount":1,"homeWorkCommuteMedian":-1,"workHomeCommuteMedian":23644},"geometry":{"type":"Polygon","coordinates":[[[133.30641275342347,34.67177036273198],[133.30641275342347,34.68076356636923],[133.3154059570607,34.68076356636923],[133.3154059570607,34.67177036273198],[133.30641275342347,34.67177036273198]]]}},{"type":"Feature","properties":{"jobs":32,"pop":18,"pointCount":1,"homeWorkCommuteMedian":7926,"workHomeCommuteMedian":17351},"geometry":{"type":"Polygon","coordinates":[[[133.30641275342347,34.68076356636923],[133.30641275342347,34.689756770006476],[133.3154059570607,34.689756770006476],[133.3154059570607,34.68076356636923],[133.30641275342347,34.68076356636923]]]}},{"type":"Feature","properties":{"jobs":0,"pop":33,"pointCount":1,"homeWorkCommuteMedian":28063,"workHomeCommuteMedian":-1},"geometry":{"type":"Polygon","coordinates":[[[133.30641275342347,34.689756770006476],[133.30641275342347,34.69874997364372],[133.3154059570607,34.69874997364372],[133.3154059570607,34.689756770006476],[133.30641275342347,34.689756770006476]]]}},{"type":"Feature","properties":{"jobs":0,"pop":15,"pointCount":1,"homeWorkCommuteMedian":6321,"workHomeCommuteMedian":-1},"geometry":{"type":"Polygon","coordinates":[[[133.30641275342347,34.734722788192705],[133.30641275342347,34.74371599182995],[133.3154059570607,34.74371599182995],[133.3154059570607,34.734722788192705],[133.30641275342347,34.734722788192705]]]}},{"type":"Feature","properties":{"jobs":0,"pop":21,"pointCount":1,"homeWorkCommuteMedian":3929,"workHomeCommuteMedian":-1},"geometry":{"type":"Polygon","coordinates":[[[133.30641275342347,34.77069560274169],[133.30641275342347,34.779688806378935],[133.3154059570607,34.779688806378935],[133.3154059570607,34.77069560274169],[133.30641275342347,34.77069560274169]]]}},{"type":"Feature","properties":{"jobs":78,"pop":52,"pointCount":4,"homeWorkCommuteMedian":2177,"workHomeCommuteMedian":254},"geometry":{"type":"Polygon","coordinates":[[[133.3154059570607,34.177144162683454],[133.3154059570607,34.1861373663207],[133.32439916069794,34.1861373663207],[133.32439916069794,34.177144162683454],[133.3154059570607,34.177144162683454]]]}},{"type":"Feature","properties":{"jobs":0,"pop":34,"pointCount":1,"homeWorkCommuteMedian":34051,"workHomeCommuteMedian":-1},"geometry":{"type":"Polygon","coordinates":[[[133.3154059570607,34.34801503179113],[133.3154059570607,34.357008235428374],[133.32439916069794,34.357008235428374],[133.32439916069794,34.34801503179113],[133.3154059570607,34.34801503179113]]]}},{"type":"Feature","properties":{"jobs":35,"pop":108,"pointCount":3,"homeWorkCommuteMedian":21872,"workHomeCommuteMedian":17420},"geometry":{"type":"Polygon","coordinates":[[[133.3154059570607,34.357008235428374],[133.3154059570607,34.36600143906562],[133.32439916069794,34.36600143906562],[133.32439916069794,34.357008235428374],[133.3154059570607,34.357008235428374]]]}},{"type":"Feature","properties":{"jobs":0,"pop":51,"pointCount":2,"homeWorkCommuteMedian":15899,"workHomeCommuteMedian":-1},"geometry":{"type":"Polygon","coordinates":[[[133.3154059570607,34.374994642702866],[133.3154059570607,34.38398784634011],[133.32439916069794,34.38398784634011],[133.32439916069794,34.374994642702866],[133.3154059570607,34.374994642702866]]]}},{"type":"Feature","properties":{"jobs":1441,"pop":895,"pointCount":13,"homeWorkCommuteMedian":17978,"workHomeCommuteMedian":2952},"geometry":{"type":"Polygon","coordinates":[[[133.3154059570607,34.38398784634011],[133.3154059570607,34.39298104997736],[133.32439916069794,34.39298104997736],[133.32439916069794,34.38398784634011],[133.3154059570607,34.38398784634011]]]}},{"type":"Feature","properties":{"jobs":318,"pop":767,"pointCount":10,"homeWorkCommuteMedian":15217,"workHomeCommuteMedian":22405},"geometry":{"type":"Polygon","coordinates":[[[133.3154059570607,34.39298104997736],[133.3154059570607,34.401974253614604],[133.32439916069794,34.401974253614604],[133.32439916069794,34.39298104997736],[133.3154059570607,34.39298104997736]]]}},{"type":"Feature","properties":{"jobs":0,"pop":22,"pointCount":1,"homeWorkCommuteMedian":14869,"workHomeCommuteMedian":-1},"geometry":{"type":"Polygon","coordinates":[[[133.3154059570607,34.401974253614604],[133.3154059570607,34.41096745725185],[133.32439916069794,34.41096745725185],[133.32439916069794,34.401974253614604],[133.3154059570607,34.401974253614604]]]}},{"type":"Feature","properties":{"jobs":588,"pop":314,"pointCount":9,"homeWorkCommuteMedian":3147,"workHomeCommuteMedian":3213},"geometry":{"type":"Polygon","coordinates":[[[133.3154059570607,34.41096745725185],[133.3154059570607,34.419960660889096],[133.32439916069794,34.419960660889096],[133.32439916069794,34.41096745725185],[133.3154059570607,34.41096745725185]]]}},{"type":"Feature","properties":{"jobs":561,"pop":153,"pointCount":9,"homeWorkCommuteMedian":11835,"workHomeCommuteMedian":6488},"geometry":{"type":"Polygon","coordinates":[[[133.3154059570607,34.419960660889096],[133.3154059570607,34.42895386452634],[133.32439916069794,34.42895386452634],[133.32439916069794,34.419960660889096],[133.3154059570607,34.419960660889096]]]}},{"type":"Feature","properties":{"jobs":19,"pop":94,"pointCount":4,"homeWorkCommuteMedian":29292,"workHomeCommuteMedian":34324},"geometry":{"type":"Polygon","coordinates":[[[133.3154059570607,34.42895386452634],[133.3154059570607,34.43794706816359],[133.32439916069794,34.43794706816359],[133.32439916069794,34.42895386452634],[133.3154059570607,34.42895386452634]]]}},{"type":"Feature","properties":{"jobs":85,"pop":203,"pointCount":6,"homeWorkCommuteMedian":8661,"workHomeCommuteMedian":12019},"geometry":{"type":"Polygon","coordinates":[[[133.3154059570607,34.45593347543808],[133.3154059570607,34.464926679075326],[133.32439916069794,34.464926679075326],[133.32439916069794,34.45593347543808],[133.3154059570607,34.45593347543808]]]}},{"type":"Feature","properties":{"jobs":518,"pop":1239,"pointCount":15,"homeWorkCommuteMedian":3179,"workHomeCommuteMedian":6116},"geometry":{"type":"Polygon","coordinates":[[[133.3154059570607,34.464926679075326],[133.3154059570607,34.47391988271257],[133.32439916069794,34.47391988271257],[133.32439916069794,34.464926679075326],[133.3154059570607,34.464926679075326]]]}},{"type":"Feature","properties":{"jobs":1371,"pop":1585,"pointCount":20,"homeWorkCommuteMedian":9410,"workHomeCommuteMedian":8477},"geometry":{"type":"Polygon","coordinates":[[[133.3154059570607,34.47391988271257],[133.3154059570607,34.48291308634982],[133.32439916069794,34.48291308634982],[133.32439916069794,34.47391988271257],[133.3154059570607,34.47391988271257]]]}},{"type":"Feature","properties":{"jobs":935,"pop":1056,"pointCount":16,"homeWorkCommuteMedian":6180,"workHomeCommuteMedian":4076},"geometry":{"type":"Polygon","coordinates":[[[133.3154059570607,34.48291308634982],[133.3154059570607,34.491906289987064],[133.32439916069794,34.491906289987064],[133.32439916069794,34.48291308634982],[133.3154059570607,34.48291308634982]]]}},{"type":"Feature","properties":{"jobs":31,"pop":83,"pointCount":3,"homeWorkCommuteMedian":4956,"workHomeCommuteMedian":9214},"geometry":{"type":"Polygon","coordinates":[[[133.3154059570607,34.491906289987064],[133.3154059570607,34.50089949362431],[133.32439916069794,34.50089949362431],[133.32439916069794,34.491906289987064],[133.3154059570607,34.491906289987064]]]}},{"type":"Feature","properties":{"jobs":0,"pop":18,"pointCount":1,"homeWorkCommuteMedian":4154,"workHomeCommuteMedian":-1},"geometry":{"type":"Polygon","coordinates":[[[133.3154059570607,34.5188859008988],[133.3154059570607,34.52787910453605],[133.32439916069794,34.52787910453605],[133.32439916069794,34.5188859008988],[133.3154059570607,34.5188859008988]]]}},{"type":"Feature","properties":{"jobs":533,"pop":353,"pointCount":12,"homeWorkCommuteMedian":10974,"workHomeCommuteMedian":2772},"geometry":{"type":"Polygon","coordinates":[[[133.3154059570607,34.52787910453605],[133.3154059570607,34.536872308173294],[133.32439916069794,34.536872308173294],[133.32439916069794,34.52787910453605],[133.3154059570607,34.52787910453605]]]}},{"type":"Feature","properties":{"jobs":1008,"pop":1576,"pointCount":13,"homeWorkCommuteMedian":10458,"workHomeCommuteMedian":2247},"geometry":{"type":"Polygon","coordinates":[[[133.3154059570607,34.536872308173294],[133.3154059570607,34.54586551181054],[133.32439916069794,34.54586551181054],[133.32439916069794,34.536872308173294],[133.3154059570607,34.536872308173294]]]}},{"type":"Feature","properties":{"jobs":669,"pop":1236,"pointCount":13,"homeWorkCommuteMedian":10350,"workHomeCommuteMedian":2530},"geometry":{"type":"Polygon","coordinates":[[[133.3154059570607,34.54586551181054],[133.3154059570607,34.554858715447786],[133.32439916069794,34.554858715447786],[133.32439916069794,34.54586551181054],[133.3154059570607,34.54586551181054]]]}},{"type":"Feature","properties":{"jobs":59,"pop":607,"pointCount":7,"homeWorkCommuteMedian":10466,"workHomeCommuteMedian":9856},"geometry":{"type":"Polygon","coordinates":[[[133.3154059570607,34.554858715447786],[133.3154059570607,34.56385191908503],[133.32439916069794,34.56385191908503],[133.32439916069794,34.554858715447786],[133.3154059570607,34.554858715447786]]]}},{"type":"Feature","properties":{"jobs":41,"pop":33,"pointCount":3,"homeWorkCommuteMedian":7848,"workHomeCommuteMedian":17200},"geometry":{"type":"Polygon","coordinates":[[[133.3154059570607,34.56385191908503],[133.3154059570607,34.57284512272228],[133.32439916069794,34.57284512272228],[133.32439916069794,34.56385191908503],[133.3154059570607,34.56385191908503]]]}},{"type":"Feature","properties":{"jobs":71,"pop":30,"pointCount":1,"homeWorkCommuteMedian":27056,"workHomeCommuteMedian":8557},"geometry":{"type":"Polygon","coordinates":[[[133.3154059570607,34.57284512272228],[133.3154059570607,34.581838326359524],[133.32439916069794,34.581838326359524],[133.32439916069794,34.57284512272228],[133.3154059570607,34.57284512272228]]]}},{"type":"Feature","properties":{"jobs":0,"pop":58,"pointCount":1,"homeWorkCommuteMedian":1582,"workHomeCommuteMedian":-1},"geometry":{"type":"Polygon","coordinates":[[[133.3154059570607,34.581838326359524],[133.3154059570607,34.59083152999677],[133.32439916069794,34.59083152999677],[133.32439916069794,34.581838326359524],[133.3154059570607,34.581838326359524]]]}},{"type":"Feature","properties":{"jobs":0,"pop":24,"pointCount":1,"homeWorkCommuteMedian":6827,"workHomeCommuteMedian":-1},"geometry":{"type":"Polygon","coordinates":[[[133.3154059570607,34.60881793727126],[133.3154059570607,34.61781114090851],[133.32439916069794,34.61781114090851],[133.32439916069794,34.60881793727126],[133.3154059570607,34.60881793727126]]]}},{"type":"Feature","properties":{"jobs":0,"pop":22,"pointCount":1,"homeWorkCommuteMedian":11145,"workHomeCommuteMedian":-1},"geometry":{"type":"Polygon","coordinates":[[[133.3154059570607,34.68076356636923],[133.3154059570607,34.689756770006476],[133.32439916069794,34.689756770006476],[133.32439916069794,34.68076356636923],[133.3154059570607,34.68076356636923]]]}},{"type":"Feature","properties":{"jobs":0,"pop":18,"pointCount":1,"homeWorkCommuteMedian":17621,"workHomeCommuteMedian":-1},"geometry":{"type":"Polygon","coordinates":[[[133.3154059570607,34.69874997364372],[133.3154059570607,34.70774317728097],[133.32439916069794,34.70774317728097],[133.32439916069794,34.69874997364372],[133.3154059570607,34.69874997364372]]]}},{"type":"Feature","properties":{"jobs":3,"pop":0,"pointCount":1,"homeWorkCommuteMedian":-1,"workHomeCommuteMedian":32450},"geometry":{"type":"Polygon","coordinates":[[[133.3154059570607,34.71673638091821],[133.3154059570607,34.72572958455546],[133.32439916069794,34.72572958455546],[133.32439916069794,34.71673638091821],[133.3154059570607,34.71673638091821]]]}},{"type":"Feature","properties":{"jobs":43,"pop":19,"pointCount":2,"homeWorkCommuteMedian":5802,"workHomeCommuteMedian":13032},"geometry":{"type":"Polygon","coordinates":[[[133.3154059570607,34.734722788192705],[133.3154059570607,34.74371599182995],[133.32439916069794,34.74371599182995],[133.32439916069794,34.734722788192705],[133.3154059570607,34.734722788192705]]]}},{"type":"Feature","properties":{"jobs":0,"pop":72,"pointCount":1,"homeWorkCommuteMedian":42613,"workHomeCommuteMedian":-1},"geometry":{"type":"Polygon","coordinates":[[[133.3154059570607,34.7527091954672],[133.3154059570607,34.76170239910444],[133.32439916069794,34.76170239910444],[133.32439916069794,34.7527091954672],[133.3154059570607,34.7527091954672]]]}},{"type":"Feature","properties":{"jobs":0,"pop":25,"pointCount":1,"homeWorkCommuteMedian":3796,"workHomeCommuteMedian":-1},"geometry":{"type":"Polygon","coordinates":[[[133.3154059570607,34.779688806378935],[133.3154059570607,34.78868201001618],[133.32439916069794,34.78868201001618],[133.32439916069794,34.779688806378935],[133.3154059570607,34.779688806378935]]]}},{"type":"Feature","properties":{"jobs":0,"pop":34,"pointCount":1,"homeWorkCommuteMedian":46457,"workHomeCommuteMedian":-1},"geometry":{"type":"Polygon","coordinates":[[[133.3154059570607,34.78868201001618],[133.3154059570607,34.79767521365343],[133.32439916069794,34.79767521365343],[133.32439916069794,34.78868201001618],[133.3154059570607,34.78868201001618]]]}},{"type":"Feature","properties":{"jobs":0,"pop":23,"pointCount":1,"homeWorkCommuteMedian":25189,"workHomeCommuteMedian":-1},"geometry":{"type":"Polygon","coordinates":[[[133.3154059570607,34.83364802820241],[133.3154059570607,34.84264123183966],[133.32439916069794,34.84264123183966],[133.32439916069794,34.83364802820241],[133.3154059570607,34.83364802820241]]]}},{"type":"Feature","properties":{"jobs":32,"pop":0,"pointCount":1,"homeWorkCommuteMedian":-1,"workHomeCommuteMedian":1702},"geometry":{"type":"Polygon","coordinates":[[[133.32439916069794,34.357008235428374],[133.32439916069794,34.36600143906562],[133.33339236433517,34.36600143906562],[133.33339236433517,34.357008235428374],[133.32439916069794,34.357008235428374]]]}},{"type":"Feature","properties":{"jobs":0,"pop":29,"pointCount":1,"homeWorkCommuteMedian":22958,"workHomeCommuteMedian":-1},"geometry":{"type":"Polygon","coordinates":[[[133.32439916069794,34.36600143906562],[133.32439916069794,34.374994642702866],[133.33339236433517,34.374994642702866],[133.33339236433517,34.36600143906562],[133.32439916069794,34.36600143906562]]]}},{"type":"Feature","properties":{"jobs":289,"pop":350,"pointCount":5,"homeWorkCommuteMedian":14186,"workHomeCommuteMedian":15582},"geometry":{"type":"Polygon","coordinates":[[[133.32439916069794,34.374994642702866],[133.32439916069794,34.38398784634011],[133.33339236433517,34.38398784634011],[133.33339236433517,34.374994642702866],[133.32439916069794,34.374994642702866]]]}},{"type":"Feature","properties":{"jobs":288,"pop":670,"pointCount":6,"homeWorkCommuteMedian":18374,"workHomeCommuteMedian":18125},"geometry":{"type":"Polygon","coordinates":[[[133.32439916069794,34.38398784634011],[133.32439916069794,34.39298104997736],[133.33339236433517,34.39298104997736],[133.33339236433517,34.38398784634011],[133.32439916069794,34.38398784634011]]]}},{"type":"Feature","properties":{"jobs":148,"pop":288,"pointCount":4,"homeWorkCommuteMedian":8999,"workHomeCommuteMedian":14224},"geometry":{"type":"Polygon","coordinates":[[[133.32439916069794,34.39298104997736],[133.32439916069794,34.401974253614604],[133.33339236433517,34.401974253614604],[133.33339236433517,34.39298104997736],[133.32439916069794,34.39298104997736]]]}},{"type":"Feature","properties":{"jobs":18,"pop":27,"pointCount":1,"homeWorkCommuteMedian":14866,"workHomeCommuteMedian":10226},"geometry":{"type":"Polygon","coordinates":[[[133.32439916069794,34.401974253614604],[133.32439916069794,34.41096745725185],[133.33339236433517,34.41096745725185],[133.33339236433517,34.401974253614604],[133.32439916069794,34.401974253614604]]]}},{"type":"Feature","properties":{"jobs":26,"pop":84,"pointCount":5,"homeWorkCommuteMedian":13694,"workHomeCommuteMedian":13193},"geometry":{"type":"Polygon","coordinates":[[[133.32439916069794,34.41096745725185],[133.32439916069794,34.419960660889096],[133.33339236433517,34.419960660889096],[133.33339236433517,34.41096745725185],[133.32439916069794,34.41096745725185]]]}},{"type":"Feature","properties":{"jobs":26,"pop":129,"pointCount":4,"homeWorkCommuteMedian":9494,"workHomeCommuteMedian":11547},"geometry":{"type":"Polygon","coordinates":[[[133.32439916069794,34.419960660889096],[133.32439916069794,34.42895386452634],[133.33339236433517,34.42895386452634],[133.33339236433517,34.419960660889096],[133.32439916069794,34.419960660889096]]]}},{"type":"Feature","properties":{"jobs":52,"pop":302,"pointCount":6,"homeWorkCommuteMedian":3751,"workHomeCommuteMedian":5524},"geometry":{"type":"Polygon","coordinates":[[[133.32439916069794,34.42895386452634],[133.32439916069794,34.43794706816359],[133.33339236433517,34.43794706816359],[133.33339236433517,34.42895386452634],[133.32439916069794,34.42895386452634]]]}},{"type":"Feature","properties":{"jobs":28,"pop":75,"pointCount":4,"homeWorkCommuteMedian":4292,"workHomeCommuteMedian":6246},"geometry":{"type":"Polygon","coordinates":[[[133.32439916069794,34.446940271800834],[133.32439916069794,34.45593347543808],[133.33339236433517,34.45593347543808],[133.33339236433517,34.446940271800834],[133.32439916069794,34.446940271800834]]]}},{"type":"Feature","properties":{"jobs":314,"pop":328,"pointCount":5,"homeWorkCommuteMedian":2462,"workHomeCommuteMedian":6656},"geometry":{"type":"Polygon","coordinates":[[[133.32439916069794,34.45593347543808],[133.32439916069794,34.464926679075326],[133.33339236433517,34.464926679075326],[133.33339236433517,34.45593347543808],[133.32439916069794,34.45593347543808]]]}},{"type":"Feature","properties":{"jobs":676,"pop":519,"pointCount":10,"homeWorkCommuteMedian":7129,"workHomeCommuteMedian":1515},"geometry":{"type":"Polygon","coordinates":[[[133.32439916069794,34.464926679075326],[133.32439916069794,34.47391988271257],[133.33339236433517,34.47391988271257],[133.33339236433517,34.464926679075326],[133.32439916069794,34.464926679075326]]]}},{"type":"Feature","properties":{"jobs":329,"pop":459,"pointCount":13,"homeWorkCommuteMedian":7086,"workHomeCommuteMedian":11080},"geometry":{"type":"Polygon","coordinates":[[[133.32439916069794,34.47391988271257],[133.32439916069794,34.48291308634982],[133.33339236433517,34.48291308634982],[133.33339236433517,34.47391988271257],[133.32439916069794,34.47391988271257]]]}},{"type":"Feature","properties":{"jobs":983,"pop":1035,"pointCount":18,"homeWorkCommuteMedian":3902,"workHomeCommuteMedian":1344},"geometry":{"type":"Polygon","coordinates":[[[133.32439916069794,34.48291308634982],[133.32439916069794,34.491906289987064],[133.33339236433517,34.491906289987064],[133.33339236433517,34.48291308634982],[133.32439916069794,34.48291308634982]]]}},{"type":"Feature","properties":{"jobs":484,"pop":1021,"pointCount":15,"homeWorkCommuteMedian":7993,"workHomeCommuteMedian":1350},"geometry":{"type":"Polygon","coordinates":[[[133.32439916069794,34.491906289987064],[133.32439916069794,34.50089949362431],[133.33339236433517,34.50089949362431],[133.33339236433517,34.491906289987064],[133.32439916069794,34.491906289987064]]]}},{"type":"Feature","properties":{"jobs":912,"pop":934,"pointCount":11,"homeWorkCommuteMedian":6120,"workHomeCommuteMedian":7406},"geometry":{"type":"Polygon","coordinates":[[[133.32439916069794,34.52787910453605],[133.32439916069794,34.536872308173294],[133.33339236433517,34.536872308173294],[133.33339236433517,34.52787910453605],[133.32439916069794,34.52787910453605]]]}},{"type":"Feature","properties":{"jobs":2018,"pop":1941,"pointCount":13,"homeWorkCommuteMedian":7729,"workHomeCommuteMedian":6416},"geometry":{"type":"Polygon","coordinates":[[[133.32439916069794,34.536872308173294],[133.32439916069794,34.54586551181054],[133.33339236433517,34.54586551181054],[133.33339236433517,34.536872308173294],[133.32439916069794,34.536872308173294]]]}},{"type":"Feature","properties":{"jobs":2356,"pop":2494,"pointCount":17,"homeWorkCommuteMedian":6556,"workHomeCommuteMedian":2109},"geometry":{"type":"Polygon","coordinates":[[[133.32439916069794,34.54586551181054],[133.32439916069794,34.554858715447786],[133.33339236433517,34.554858715447786],[133.33339236433517,34.54586551181054],[133.32439916069794,34.54586551181054]]]}},{"type":"Feature","properties":{"jobs":65,"pop":701,"pointCount":12,"homeWorkCommuteMedian":12468,"workHomeCommuteMedian":14743},"geometry":{"type":"Polygon","coordinates":[[[133.32439916069794,34.554858715447786],[133.32439916069794,34.56385191908503],[133.33339236433517,34.56385191908503],[133.33339236433517,34.554858715447786],[133.32439916069794,34.554858715447786]]]}},{"type":"Feature","properties":{"jobs":1786,"pop":0,"pointCount":3,"homeWorkCommuteMedian":-1,"workHomeCommuteMedian":10196},"geometry":{"type":"Polygon","coordinates":[[[133.32439916069794,34.56385191908503],[133.32439916069794,34.57284512272228],[133.33339236433517,34.57284512272228],[133.33339236433517,34.56385191908503],[133.32439916069794,34.56385191908503]]]}},{"type":"Feature","properties":{"jobs":0,"pop":25,"pointCount":1,"homeWorkCommuteMedian":2831,"workHomeCommuteMedian":-1},"geometry":{"type":"Polygon","coordinates":[[[133.32439916069794,34.581838326359524],[133.32439916069794,34.59083152999677],[133.33339236433517,34.59083152999677],[133.33339236433517,34.581838326359524],[133.32439916069794,34.581838326359524]]]}},{"type":"Feature","properties":{"jobs":22,"pop":0,"pointCount":1,"homeWorkCommuteMedian":-1,"workHomeCommuteMedian":27446},"geometry":{"type":"Polygon","coordinates":[[[133.32439916069794,34.69874997364372],[133.32439916069794,34.70774317728097],[133.33339236433517,34.70774317728097],[133.33339236433517,34.69874997364372],[133.32439916069794,34.69874997364372]]]}},{"type":"Feature","properties":{"jobs":35,"pop":40,"pointCount":2,"homeWorkCommuteMedian":10473,"workHomeCommuteMedian":12692},"geometry":{"type":"Polygon","coordinates":[[[133.32439916069794,34.734722788192705],[133.32439916069794,34.74371599182995],[133.33339236433517,34.74371599182995],[133.33339236433517,34.734722788192705],[133.32439916069794,34.734722788192705]]]}},{"type":"Feature","properties":{"jobs":0,"pop":18,"pointCount":1,"homeWorkCommuteMedian":14095,"workHomeCommuteMedian":-1},"geometry":{"type":"Polygon","coordinates":[[[133.32439916069794,34.7527091954672],[133.32439916069794,34.76170239910444],[133.33339236433517,34.76170239910444],[133.33339236433517,34.7527091954672],[133.32439916069794,34.7527091954672]]]}},{"type":"Feature","properties":{"jobs":80,"pop":145,"pointCount":4,"homeWorkCommuteMedian":30743,"workHomeCommuteMedian":4805},"geometry":{"type":"Polygon","coordinates":[[[133.32439916069794,34.76170239910444],[133.32439916069794,34.77069560274169],[133.33339236433517,34.77069560274169],[133.33339236433517,34.76170239910444],[133.32439916069794,34.76170239910444]]]}},{"type":"Feature","properties":{"jobs":0,"pop":26,"pointCount":1,"homeWorkCommuteMedian":5770,"workHomeCommuteMedian":-1},"geometry":{"type":"Polygon","coordinates":[[[133.32439916069794,34.779688806378935],[133.32439916069794,34.78868201001618],[133.33339236433517,34.78868201001618],[133.33339236433517,34.779688806378935],[133.32439916069794,34.779688806378935]]]}},{"type":"Feature","properties":{"jobs":5,"pop":0,"pointCount":1,"homeWorkCommuteMedian":-1,"workHomeCommuteMedian":22683},"geometry":{"type":"Polygon","coordinates":[[[133.32439916069794,34.78868201001618],[133.32439916069794,34.79767521365343],[133.33339236433517,34.79767521365343],[133.33339236433517,34.78868201001618],[133.32439916069794,34.78868201001618]]]}},{"type":"Feature","properties":{"jobs":22,"pop":100,"pointCount":2,"homeWorkCommuteMedian":18073,"workHomeCommuteMedian":24098},"geometry":{"type":"Polygon","coordinates":[[[133.33339236433517,34.357008235428374],[133.33339236433517,34.36600143906562],[133.3423855679724,34.36600143906562],[133.3423855679724,34.357008235428374],[133.33339236433517,34.357008235428374]]]}},{"type":"Feature","properties":{"jobs":72,"pop":297,"pointCount":6,"homeWorkCommuteMedian":30445,"workHomeCommuteMedian":23190},"geometry":{"type":"Polygon","coordinates":[[[133.33339236433517,34.374994642702866],[133.33339236433517,34.38398784634011],[133.3423855679724,34.38398784634011],[133.3423855679724,34.374994642702866],[133.33339236433517,34.374994642702866]]]}},{"type":"Feature","properties":{"jobs":23,"pop":35,"pointCount":1,"homeWorkCommuteMedian":19096,"workHomeCommuteMedian":15969},"geometry":{"type":"Polygon","coordinates":[[[133.33339236433517,34.38398784634011],[133.33339236433517,34.39298104997736],[133.3423855679724,34.39298104997736],[133.3423855679724,34.38398784634011],[133.33339236433517,34.38398784634011]]]}},{"type":"Feature","properties":{"jobs":0,"pop":20,"pointCount":1,"homeWorkCommuteMedian":17032,"workHomeCommuteMedian":-1},"geometry":{"type":"Polygon","coordinates":[[[133.33339236433517,34.39298104997736],[133.33339236433517,34.401974253614604],[133.3423855679724,34.401974253614604],[133.3423855679724,34.39298104997736],[133.33339236433517,34.39298104997736]]]}},{"type":"Feature","properties":{"jobs":0,"pop":46,"pointCount":2,"homeWorkCommuteMedian":15240,"workHomeCommuteMedian":-1},"geometry":{"type":"Polygon","coordinates":[[[133.33339236433517,34.41096745725185],[133.33339236433517,34.419960660889096],[133.3423855679724,34.419960660889096],[133.3423855679724,34.41096745725185],[133.33339236433517,34.41096745725185]]]}},{"type":"Feature","properties":{"jobs":0,"pop":172,"pointCount":6,"homeWorkCommuteMedian":11975,"workHomeCommuteMedian":-1},"geometry":{"type":"Polygon","coordinates":[[[133.33339236433517,34.419960660889096],[133.33339236433517,34.42895386452634],[133.3423855679724,34.42895386452634],[133.3423855679724,34.419960660889096],[133.33339236433517,34.419960660889096]]]}},{"type":"Feature","properties":{"jobs":249,"pop":157,"pointCount":9,"homeWorkCommuteMedian":12798,"workHomeCommuteMedian":4787},"geometry":{"type":"Polygon","coordinates":[[[133.33339236433517,34.42895386452634],[133.33339236433517,34.43794706816359],[133.3423855679724,34.43794706816359],[133.3423855679724,34.42895386452634],[133.33339236433517,34.42895386452634]]]}},{"type":"Feature","properties":{"jobs":18,"pop":220,"pointCount":7,"homeWorkCommuteMedian":12520,"workHomeCommuteMedian":2160},"geometry":{"type":"Polygon","coordinates":[[[133.33339236433517,34.43794706816359],[133.33339236433517,34.446940271800834],[133.3423855679724,34.446940271800834],[133.3423855679724,34.43794706816359],[133.33339236433517,34.43794706816359]]]}},{"type":"Feature","properties":{"jobs":75,"pop":176,"pointCount":6,"homeWorkCommuteMedian":7265,"workHomeCommuteMedian":1151},"geometry":{"type":"Polygon","coordinates":[[[133.33339236433517,34.446940271800834],[133.33339236433517,34.45593347543808],[133.3423855679724,34.45593347543808],[133.3423855679724,34.446940271800834],[133.33339236433517,34.446940271800834]]]}},{"type":"Feature","properties":{"jobs":35,"pop":48,"pointCount":4,"homeWorkCommuteMedian":22111,"workHomeCommuteMedian":2276},"geometry":{"type":"Polygon","coordinates":[[[133.33339236433517,34.45593347543808],[133.33339236433517,34.464926679075326],[133.3423855679724,34.464926679075326],[133.3423855679724,34.45593347543808],[133.33339236433517,34.45593347543808]]]}},{"type":"Feature","properties":{"jobs":205,"pop":540,"pointCount":6,"homeWorkCommuteMedian":4662,"workHomeCommuteMedian":778},"geometry":{"type":"Polygon","coordinates":[[[133.33339236433517,34.464926679075326],[133.33339236433517,34.47391988271257],[133.3423855679724,34.47391988271257],[133.3423855679724,34.464926679075326],[133.33339236433517,34.464926679075326]]]}},{"type":"Feature","properties":{"jobs":1288,"pop":1678,"pointCount":13,"homeWorkCommuteMedian":7298,"workHomeCommuteMedian":6420},"geometry":{"type":"Polygon","coordinates":[[[133.33339236433517,34.47391988271257],[133.33339236433517,34.48291308634982],[133.3423855679724,34.48291308634982],[133.3423855679724,34.47391988271257],[133.33339236433517,34.47391988271257]]]}},{"type":"Feature","properties":{"jobs":1492,"pop":1168,"pointCount":12,"homeWorkCommuteMedian":6644,"workHomeCommuteMedian":8544},"geometry":{"type":"Polygon","coordinates":[[[133.33339236433517,34.48291308634982],[133.33339236433517,34.491906289987064],[133.3423855679724,34.491906289987064],[133.3423855679724,34.48291308634982],[133.33339236433517,34.48291308634982]]]}},{"type":"Feature","properties":{"jobs":1104,"pop":2411,"pointCount":11,"homeWorkCommuteMedian":5115,"workHomeCommuteMedian":2616},"geometry":{"type":"Polygon","coordinates":[[[133.33339236433517,34.491906289987064],[133.33339236433517,34.50089949362431],[133.3423855679724,34.50089949362431],[133.3423855679724,34.491906289987064],[133.33339236433517,34.491906289987064]]]}},{"type":"Feature","properties":{"jobs":122,"pop":741,"pointCount":11,"homeWorkCommuteMedian":7082,"workHomeCommuteMedian":4902},"geometry":{"type":"Polygon","coordinates":[[[133.33339236433517,34.50089949362431],[133.33339236433517,34.509892697261556],[133.3423855679724,34.509892697261556],[133.3423855679724,34.50089949362431],[133.33339236433517,34.50089949362431]]]}},{"type":"Feature","properties":{"jobs":0,"pop":62,"pointCount":3,"homeWorkCommuteMedian":6717,"workHomeCommuteMedian":-1},"geometry":{"type":"Polygon","coordinates":[[[133.33339236433517,34.509892697261556],[133.33339236433517,34.5188859008988],[133.3423855679724,34.5188859008988],[133.3423855679724,34.509892697261556],[133.33339236433517,34.509892697261556]]]}},{"type":"Feature","properties":{"jobs":560,"pop":820,"pointCount":10,"homeWorkCommuteMedian":5064,"workHomeCommuteMedian":7630},"geometry":{"type":"Polygon","coordinates":[[[133.33339236433517,34.52787910453605],[133.33339236433517,34.536872308173294],[133.3423855679724,34.536872308173294],[133.3423855679724,34.52787910453605],[133.33339236433517,34.52787910453605]]]}},{"type":"Feature","properties":{"jobs":1051,"pop":1514,"pointCount":9,"homeWorkCommuteMedian":10099,"workHomeCommuteMedian":7730},"geometry":{"type":"Polygon","coordinates":[[[133.33339236433517,34.536872308173294],[133.33339236433517,34.54586551181054],[133.3423855679724,34.54586551181054],[133.3423855679724,34.536872308173294],[133.33339236433517,34.536872308173294]]]}},{"type":"Feature","properties":{"jobs":633,"pop":1977,"pointCount":11,"homeWorkCommuteMedian":9233,"workHomeCommuteMedian":4179},"geometry":{"type":"Polygon","coordinates":[[[133.33339236433517,34.54586551181054],[133.33339236433517,34.554858715447786],[133.3423855679724,34.554858715447786],[133.3423855679724,34.54586551181054],[133.33339236433517,34.54586551181054]]]}},{"type":"Feature","properties":{"jobs":585,"pop":920,"pointCount":12,"homeWorkCommuteMedian":3767,"workHomeCommuteMedian":1396},"geometry":{"type":"Polygon","coordinates":[[[133.33339236433517,34.554858715447786],[133.33339236433517,34.56385191908503],[133.3423855679724,34.56385191908503],[133.3423855679724,34.554858715447786],[133.33339236433517,34.554858715447786]]]}},{"type":"Feature","properties":{"jobs":425,"pop":339,"pointCount":9,"homeWorkCommuteMedian":15840,"workHomeCommuteMedian":5237},"geometry":{"type":"Polygon","coordinates":[[[133.33339236433517,34.56385191908503],[133.33339236433517,34.57284512272228],[133.3423855679724,34.57284512272228],[133.3423855679724,34.56385191908503],[133.33339236433517,34.56385191908503]]]}},{"type":"Feature","properties":{"jobs":0,"pop":191,"pointCount":2,"homeWorkCommuteMedian":16396,"workHomeCommuteMedian":-1},"geometry":{"type":"Polygon","coordinates":[[[133.33339236433517,34.57284512272228],[133.33339236433517,34.581838326359524],[133.3423855679724,34.581838326359524],[133.3423855679724,34.57284512272228],[133.33339236433517,34.57284512272228]]]}},{"type":"Feature","properties":{"jobs":5,"pop":0,"pointCount":1,"homeWorkCommuteMedian":-1,"workHomeCommuteMedian":1845},"geometry":{"type":"Polygon","coordinates":[[[133.33339236433517,34.581838326359524],[133.33339236433517,34.59083152999677],[133.3423855679724,34.59083152999677],[133.3423855679724,34.581838326359524],[133.33339236433517,34.581838326359524]]]}},{"type":"Feature","properties":{"jobs":0,"pop":60,"pointCount":1,"homeWorkCommuteMedian":10196,"workHomeCommuteMedian":-1},"geometry":{"type":"Polygon","coordinates":[[[133.33339236433517,34.60881793727126],[133.33339236433517,34.61781114090851],[133.3423855679724,34.61781114090851],[133.3423855679724,34.60881793727126],[133.33339236433517,34.60881793727126]]]}},{"type":"Feature","properties":{"jobs":0,"pop":18,"pointCount":1,"homeWorkCommuteMedian":14540,"workHomeCommuteMedian":-1},"geometry":{"type":"Polygon","coordinates":[[[133.33339236433517,34.626804344545754],[133.33339236433517,34.635797548183],[133.3423855679724,34.635797548183],[133.3423855679724,34.626804344545754],[133.33339236433517,34.626804344545754]]]}},{"type":"Feature","properties":{"jobs":6,"pop":1,"pointCount":2,"homeWorkCommuteMedian":30885,"workHomeCommuteMedian":3374},"geometry":{"type":"Polygon","coordinates":[[[133.33339236433517,34.644790751820246],[133.33339236433517,34.65378395545749],[133.3423855679724,34.65378395545749],[133.3423855679724,34.644790751820246],[133.33339236433517,34.644790751820246]]]}},{"type":"Feature","properties":{"jobs":0,"pop":36,"pointCount":1,"homeWorkCommuteMedian":35034,"workHomeCommuteMedian":-1},"geometry":{"type":"Polygon","coordinates":[[[133.33339236433517,34.689756770006476],[133.33339236433517,34.69874997364372],[133.3423855679724,34.69874997364372],[133.3423855679724,34.689756770006476],[133.33339236433517,34.689756770006476]]]}},{"type":"Feature","properties":{"jobs":0,"pop":22,"pointCount":1,"homeWorkCommuteMedian":15321,"workHomeCommuteMedian":-1},"geometry":{"type":"Polygon","coordinates":[[[133.33339236433517,34.71673638091821],[133.33339236433517,34.72572958455546],[133.3423855679724,34.72572958455546],[133.3423855679724,34.71673638091821],[133.33339236433517,34.71673638091821]]]}},{"type":"Feature","properties":{"jobs":118,"pop":69,"pointCount":2,"homeWorkCommuteMedian":44549,"workHomeCommuteMedian":13513},"geometry":{"type":"Polygon","coordinates":[[[133.33339236433517,34.76170239910444],[133.33339236433517,34.77069560274169],[133.3423855679724,34.77069560274169],[133.3423855679724,34.76170239910444],[133.33339236433517,34.76170239910444]]]}},{"type":"Feature","properties":{"jobs":200,"pop":75,"pointCount":8,"homeWorkCommuteMedian":43644,"workHomeCommuteMedian":16700},"geometry":{"type":"Polygon","coordinates":[[[133.33339236433517,34.77069560274169],[133.33339236433517,34.779688806378935],[133.3423855679724,34.779688806378935],[133.3423855679724,34.77069560274169],[133.33339236433517,34.77069560274169]]]}},{"type":"Feature","properties":{"jobs":0,"pop":22,"pointCount":1,"homeWorkCommuteMedian":2150,"workHomeCommuteMedian":-1},"geometry":{"type":"Polygon","coordinates":[[[133.33339236433517,34.779688806378935],[133.33339236433517,34.78868201001618],[133.3423855679724,34.78868201001618],[133.3423855679724,34.779688806378935],[133.33339236433517,34.779688806378935]]]}},{"type":"Feature","properties":{"jobs":136,"pop":23,"pointCount":4,"homeWorkCommuteMedian":19768,"workHomeCommuteMedian":12554},"geometry":{"type":"Polygon","coordinates":[[[133.3423855679724,34.36600143906562],[133.3423855679724,34.374994642702866],[133.35137877160963,34.374994642702866],[133.35137877160963,34.36600143906562],[133.3423855679724,34.36600143906562]]]}},{"type":"Feature","properties":{"jobs":191,"pop":82,"pointCount":4,"homeWorkCommuteMedian":25707,"workHomeCommuteMedian":16394},"geometry":{"type":"Polygon","coordinates":[[[133.3423855679724,34.374994642702866],[133.3423855679724,34.38398784634011],[133.35137877160963,34.38398784634011],[133.35137877160963,34.374994642702866],[133.3423855679724,34.374994642702866]]]}},{"type":"Feature","properties":{"jobs":0,"pop":57,"pointCount":2,"homeWorkCommuteMedian":8234,"workHomeCommuteMedian":-1},"geometry":{"type":"Polygon","coordinates":[[[133.3423855679724,34.401974253614604],[133.3423855679724,34.41096745725185],[133.35137877160963,34.41096745725185],[133.35137877160963,34.401974253614604],[133.3423855679724,34.401974253614604]]]}},{"type":"Feature","properties":{"jobs":132,"pop":102,"pointCount":3,"homeWorkCommuteMedian":15178,"workHomeCommuteMedian":11101},"geometry":{"type":"Polygon","coordinates":[[[133.3423855679724,34.419960660889096],[133.3423855679724,34.42895386452634],[133.35137877160963,34.42895386452634],[133.35137877160963,34.419960660889096],[133.3423855679724,34.419960660889096]]]}},{"type":"Feature","properties":{"jobs":0,"pop":34,"pointCount":2,"homeWorkCommuteMedian":10036,"workHomeCommuteMedian":-1},"geometry":{"type":"Polygon","coordinates":[[[133.3423855679724,34.42895386452634],[133.3423855679724,34.43794706816359],[133.35137877160963,34.43794706816359],[133.35137877160963,34.42895386452634],[133.3423855679724,34.42895386452634]]]}},{"type":"Feature","properties":{"jobs":33,"pop":40,"pointCount":2,"homeWorkCommuteMedian":7034,"workHomeCommuteMedian":12143},"geometry":{"type":"Polygon","coordinates":[[[133.3423855679724,34.446940271800834],[133.3423855679724,34.45593347543808],[133.35137877160963,34.45593347543808],[133.35137877160963,34.446940271800834],[133.3423855679724,34.446940271800834]]]}},{"type":"Feature","properties":{"jobs":39,"pop":86,"pointCount":5,"homeWorkCommuteMedian":11833,"workHomeCommuteMedian":12714},"geometry":{"type":"Polygon","coordinates":[[[133.3423855679724,34.45593347543808],[133.3423855679724,34.464926679075326],[133.35137877160963,34.464926679075326],[133.35137877160963,34.45593347543808],[133.3423855679724,34.45593347543808]]]}},{"type":"Feature","properties":{"jobs":153,"pop":415,"pointCount":5,"homeWorkCommuteMedian":8442,"workHomeCommuteMedian":3498},"geometry":{"type":"Polygon","coordinates":[[[133.3423855679724,34.464926679075326],[133.3423855679724,34.47391988271257],[133.35137877160963,34.47391988271257],[133.35137877160963,34.464926679075326],[133.3423855679724,34.464926679075326]]]}},{"type":"Feature","properties":{"jobs":126,"pop":473,"pointCount":6,"homeWorkCommuteMedian":7275,"workHomeCommuteMedian":4735},"geometry":{"type":"Polygon","coordinates":[[[133.3423855679724,34.47391988271257],[133.3423855679724,34.48291308634982],[133.35137877160963,34.48291308634982],[133.35137877160963,34.47391988271257],[133.3423855679724,34.47391988271257]]]}},{"type":"Feature","properties":{"jobs":906,"pop":2241,"pointCount":12,"homeWorkCommuteMedian":4277,"workHomeCommuteMedian":8635},"geometry":{"type":"Polygon","coordinates":[[[133.3423855679724,34.48291308634982],[133.3423855679724,34.491906289987064],[133.35137877160963,34.491906289987064],[133.35137877160963,34.48291308634982],[133.3423855679724,34.48291308634982]]]}},{"type":"Feature","properties":{"jobs":440,"pop":2144,"pointCount":11,"homeWorkCommuteMedian":4579,"workHomeCommuteMedian":850},"geometry":{"type":"Polygon","coordinates":[[[133.3423855679724,34.491906289987064],[133.3423855679724,34.50089949362431],[133.35137877160963,34.50089949362431],[133.35137877160963,34.491906289987064],[133.3423855679724,34.491906289987064]]]}},{"type":"Feature","properties":{"jobs":507,"pop":222,"pointCount":5,"homeWorkCommuteMedian":6442,"workHomeCommuteMedian":5485},"geometry":{"type":"Polygon","coordinates":[[[133.3423855679724,34.50089949362431],[133.3423855679724,34.509892697261556],[133.35137877160963,34.509892697261556],[133.35137877160963,34.50089949362431],[133.3423855679724,34.50089949362431]]]}},{"type":"Feature","properties":{"jobs":30,"pop":93,"pointCount":3,"homeWorkCommuteMedian":5011,"workHomeCommuteMedian":23570},"geometry":{"type":"Polygon","coordinates":[[[133.3423855679724,34.509892697261556],[133.3423855679724,34.5188859008988],[133.35137877160963,34.5188859008988],[133.35137877160963,34.509892697261556],[133.3423855679724,34.509892697261556]]]}},{"type":"Feature","properties":{"jobs":162,"pop":44,"pointCount":4,"homeWorkCommuteMedian":10633,"workHomeCommuteMedian":3077},"geometry":{"type":"Polygon","coordinates":[[[133.3423855679724,34.5188859008988],[133.3423855679724,34.52787910453605],[133.35137877160963,34.52787910453605],[133.35137877160963,34.5188859008988],[133.3423855679724,34.5188859008988]]]}},{"type":"Feature","properties":{"jobs":608,"pop":1107,"pointCount":8,"homeWorkCommuteMedian":10181,"workHomeCommuteMedian":9974},"geometry":{"type":"Polygon","coordinates":[[[133.3423855679724,34.52787910453605],[133.3423855679724,34.536872308173294],[133.35137877160963,34.536872308173294],[133.35137877160963,34.52787910453605],[133.3423855679724,34.52787910453605]]]}},{"type":"Feature","properties":{"jobs":1889,"pop":1154,"pointCount":12,"homeWorkCommuteMedian":4352,"workHomeCommuteMedian":2920},"geometry":{"type":"Polygon","coordinates":[[[133.3423855679724,34.536872308173294],[133.3423855679724,34.54586551181054],[133.35137877160963,34.54586551181054],[133.35137877160963,34.536872308173294],[133.3423855679724,34.536872308173294]]]}},{"type":"Feature","properties":{"jobs":2904,"pop":860,"pointCount":8,"homeWorkCommuteMedian":8046,"workHomeCommuteMedian":9321},"geometry":{"type":"Polygon","coordinates":[[[133.3423855679724,34.54586551181054],[133.3423855679724,34.554858715447786],[133.35137877160963,34.554858715447786],[133.35137877160963,34.54586551181054],[133.3423855679724,34.54586551181054]]]}},{"type":"Feature","properties":{"jobs":476,"pop":1709,"pointCount":16,"homeWorkCommuteMedian":10812,"workHomeCommuteMedian":2226},"geometry":{"type":"Polygon","coordinates":[[[133.3423855679724,34.554858715447786],[133.3423855679724,34.56385191908503],[133.35137877160963,34.56385191908503],[133.35137877160963,34.554858715447786],[133.3423855679724,34.554858715447786]]]}},{"type":"Feature","properties":{"jobs":123,"pop":917,"pointCount":8,"homeWorkCommuteMedian":7209,"workHomeCommuteMedian":1075},"geometry":{"type":"Polygon","coordinates":[[[133.3423855679724,34.56385191908503],[133.3423855679724,34.57284512272228],[133.35137877160963,34.57284512272228],[133.35137877160963,34.56385191908503],[133.3423855679724,34.56385191908503]]]}},{"type":"Feature","properties":{"jobs":667,"pop":1146,"pointCount":15,"homeWorkCommuteMedian":14536,"workHomeCommuteMedian":2581},"geometry":{"type":"Polygon","coordinates":[[[133.3423855679724,34.57284512272228],[133.3423855679724,34.581838326359524],[133.35137877160963,34.581838326359524],[133.35137877160963,34.57284512272228],[133.3423855679724,34.57284512272228]]]}},{"type":"Feature","properties":{"jobs":0,"pop":61,"pointCount":1,"homeWorkCommuteMedian":7350,"workHomeCommuteMedian":-1},"geometry":{"type":"Polygon","coordinates":[[[133.3423855679724,34.599824733634016],[133.3423855679724,34.60881793727126],[133.35137877160963,34.60881793727126],[133.35137877160963,34.599824733634016],[133.3423855679724,34.599824733634016]]]}},{"type":"Feature","properties":{"jobs":0,"pop":30,"pointCount":1,"homeWorkCommuteMedian":16515,"workHomeCommuteMedian":-1},"geometry":{"type":"Polygon","coordinates":[[[133.3423855679724,34.66277715909474],[133.3423855679724,34.67177036273198],[133.35137877160963,34.67177036273198],[133.35137877160963,34.66277715909474],[133.3423855679724,34.66277715909474]]]}},{"type":"Feature","properties":{"jobs":0,"pop":40,"pointCount":1,"homeWorkCommuteMedian":67192,"workHomeCommuteMedian":-1},"geometry":{"type":"Polygon","coordinates":[[[133.3423855679724,34.734722788192705],[133.3423855679724,34.74371599182995],[133.35137877160963,34.74371599182995],[133.35137877160963,34.734722788192705],[133.3423855679724,34.734722788192705]]]}},{"type":"Feature","properties":{"jobs":0,"pop":23,"pointCount":1,"homeWorkCommuteMedian":7820,"workHomeCommuteMedian":-1},"geometry":{"type":"Polygon","coordinates":[[[133.3423855679724,34.7527091954672],[133.3423855679724,34.76170239910444],[133.35137877160963,34.76170239910444],[133.35137877160963,34.7527091954672],[133.3423855679724,34.7527091954672]]]}},{"type":"Feature","properties":{"jobs":0,"pop":44,"pointCount":1,"homeWorkCommuteMedian":36120,"workHomeCommuteMedian":-1},"geometry":{"type":"Polygon","coordinates":[[[133.3423855679724,34.76170239910444],[133.3423855679724,34.77069560274169],[133.35137877160963,34.77069560274169],[133.35137877160963,34.76170239910444],[133.3423855679724,34.76170239910444]]]}},{"type":"Feature","properties":{"jobs":0,"pop":18,"pointCount":1,"homeWorkCommuteMedian":15033,"workHomeCommuteMedian":-1},"geometry":{"type":"Polygon","coordinates":[[[133.3423855679724,34.77069560274169],[133.3423855679724,34.779688806378935],[133.35137877160963,34.779688806378935],[133.35137877160963,34.77069560274169],[133.3423855679724,34.77069560274169]]]}},{"type":"Feature","properties":{"jobs":16,"pop":28,"pointCount":2,"homeWorkCommuteMedian":15616,"workHomeCommuteMedian":22971},"geometry":{"type":"Polygon","coordinates":[[[133.3423855679724,34.779688806378935],[133.3423855679724,34.78868201001618],[133.35137877160963,34.78868201001618],[133.35137877160963,34.779688806378935],[133.3423855679724,34.779688806378935]]]}},{"type":"Feature","properties":{"jobs":0,"pop":27,"pointCount":1,"homeWorkCommuteMedian":16658,"workHomeCommuteMedian":-1},"geometry":{"type":"Polygon","coordinates":[[[133.3423855679724,34.79767521365343],[133.3423855679724,34.80666841729067],[133.35137877160963,34.80666841729067],[133.35137877160963,34.79767521365343],[133.3423855679724,34.79767521365343]]]}},{"type":"Feature","properties":{"jobs":0,"pop":23,"pointCount":1,"homeWorkCommuteMedian":5150,"workHomeCommuteMedian":-1},"geometry":{"type":"Polygon","coordinates":[[[133.3423855679724,34.80666841729067],[133.3423855679724,34.81566162092792],[133.35137877160963,34.81566162092792],[133.35137877160963,34.80666841729067],[133.3423855679724,34.80666841729067]]]}},{"type":"Feature","properties":{"jobs":37,"pop":241,"pointCount":7,"homeWorkCommuteMedian":6051,"workHomeCommuteMedian":44731},"geometry":{"type":"Polygon","coordinates":[[[133.35137877160963,34.374994642702866],[133.35137877160963,34.38398784634011],[133.36037197524686,34.38398784634011],[133.36037197524686,34.374994642702866],[133.35137877160963,34.374994642702866]]]}},{"type":"Feature","properties":{"jobs":0,"pop":49,"pointCount":1,"homeWorkCommuteMedian":10357,"workHomeCommuteMedian":-1},"geometry":{"type":"Polygon","coordinates":[[[133.35137877160963,34.45593347543808],[133.35137877160963,34.464926679075326],[133.36037197524686,34.464926679075326],[133.36037197524686,34.45593347543808],[133.35137877160963,34.45593347543808]]]}},{"type":"Feature","properties":{"jobs":398,"pop":605,"pointCount":10,"homeWorkCommuteMedian":7148,"workHomeCommuteMedian":744},"geometry":{"type":"Polygon","coordinates":[[[133.35137877160963,34.464926679075326],[133.35137877160963,34.47391988271257],[133.36037197524686,34.47391988271257],[133.36037197524686,34.464926679075326],[133.35137877160963,34.464926679075326]]]}},{"type":"Feature","properties":{"jobs":1756,"pop":2502,"pointCount":15,"homeWorkCommuteMedian":5496,"workHomeCommuteMedian":7502},"geometry":{"type":"Polygon","coordinates":[[[133.35137877160963,34.47391988271257],[133.35137877160963,34.48291308634982],[133.36037197524686,34.48291308634982],[133.36037197524686,34.47391988271257],[133.35137877160963,34.47391988271257]]]}},{"type":"Feature","properties":{"jobs":5779,"pop":2416,"pointCount":17,"homeWorkCommuteMedian":6467,"workHomeCommuteMedian":8273},"geometry":{"type":"Polygon","coordinates":[[[133.35137877160963,34.48291308634982],[133.35137877160963,34.491906289987064],[133.36037197524686,34.491906289987064],[133.36037197524686,34.48291308634982],[133.35137877160963,34.48291308634982]]]}},{"type":"Feature","properties":{"jobs":2965,"pop":3987,"pointCount":21,"homeWorkCommuteMedian":5774,"workHomeCommuteMedian":4288},"geometry":{"type":"Polygon","coordinates":[[[133.35137877160963,34.491906289987064],[133.35137877160963,34.50089949362431],[133.36037197524686,34.50089949362431],[133.36037197524686,34.491906289987064],[133.35137877160963,34.491906289987064]]]}},{"type":"Feature","properties":{"jobs":714,"pop":1169,"pointCount":12,"homeWorkCommuteMedian":5627,"workHomeCommuteMedian":926},"geometry":{"type":"Polygon","coordinates":[[[133.35137877160963,34.50089949362431],[133.35137877160963,34.509892697261556],[133.36037197524686,34.509892697261556],[133.36037197524686,34.50089949362431],[133.35137877160963,34.50089949362431]]]}},{"type":"Feature","properties":{"jobs":23,"pop":98,"pointCount":3,"homeWorkCommuteMedian":11288,"workHomeCommuteMedian":3672},"geometry":{"type":"Polygon","coordinates":[[[133.35137877160963,34.509892697261556],[133.35137877160963,34.5188859008988],[133.36037197524686,34.5188859008988],[133.36037197524686,34.509892697261556],[133.35137877160963,34.509892697261556]]]}},{"type":"Feature","properties":{"jobs":172,"pop":381,"pointCount":5,"homeWorkCommuteMedian":6604,"workHomeCommuteMedian":6815},"geometry":{"type":"Polygon","coordinates":[[[133.35137877160963,34.5188859008988],[133.35137877160963,34.52787910453605],[133.36037197524686,34.52787910453605],[133.36037197524686,34.5188859008988],[133.35137877160963,34.5188859008988]]]}},{"type":"Feature","properties":{"jobs":1066,"pop":1696,"pointCount":10,"homeWorkCommuteMedian":6201,"workHomeCommuteMedian":8071},"geometry":{"type":"Polygon","coordinates":[[[133.35137877160963,34.52787910453605],[133.35137877160963,34.536872308173294],[133.36037197524686,34.536872308173294],[133.36037197524686,34.52787910453605],[133.35137877160963,34.52787910453605]]]}},{"type":"Feature","properties":{"jobs":2116,"pop":1758,"pointCount":14,"homeWorkCommuteMedian":7574,"workHomeCommuteMedian":6376},"geometry":{"type":"Polygon","coordinates":[[[133.35137877160963,34.536872308173294],[133.35137877160963,34.54586551181054],[133.36037197524686,34.54586551181054],[133.36037197524686,34.536872308173294],[133.35137877160963,34.536872308173294]]]}},{"type":"Feature","properties":{"jobs":107,"pop":1425,"pointCount":8,"homeWorkCommuteMedian":5602,"workHomeCommuteMedian":932},"geometry":{"type":"Polygon","coordinates":[[[133.35137877160963,34.54586551181054],[133.35137877160963,34.554858715447786],[133.36037197524686,34.554858715447786],[133.36037197524686,34.54586551181054],[133.35137877160963,34.54586551181054]]]}},{"type":"Feature","properties":{"jobs":510,"pop":853,"pointCount":9,"homeWorkCommuteMedian":9453,"workHomeCommuteMedian":1113},"geometry":{"type":"Polygon","coordinates":[[[133.35137877160963,34.554858715447786],[133.35137877160963,34.56385191908503],[133.36037197524686,34.56385191908503],[133.36037197524686,34.554858715447786],[133.35137877160963,34.554858715447786]]]}},{"type":"Feature","properties":{"jobs":0,"pop":1211,"pointCount":7,"homeWorkCommuteMedian":10596,"workHomeCommuteMedian":-1},"geometry":{"type":"Polygon","coordinates":[[[133.35137877160963,34.56385191908503],[133.35137877160963,34.57284512272228],[133.36037197524686,34.57284512272228],[133.36037197524686,34.56385191908503],[133.35137877160963,34.56385191908503]]]}},{"type":"Feature","properties":{"jobs":0,"pop":59,"pointCount":1,"homeWorkCommuteMedian":16344,"workHomeCommuteMedian":-1},"geometry":{"type":"Polygon","coordinates":[[[133.35137877160963,34.57284512272228],[133.35137877160963,34.581838326359524],[133.36037197524686,34.581838326359524],[133.36037197524686,34.57284512272228],[133.35137877160963,34.57284512272228]]]}},{"type":"Feature","properties":{"jobs":12,"pop":353,"pointCount":9,"homeWorkCommuteMedian":13467,"workHomeCommuteMedian":1528},"geometry":{"type":"Polygon","coordinates":[[[133.35137877160963,34.581838326359524],[133.35137877160963,34.59083152999677],[133.36037197524686,34.59083152999677],[133.36037197524686,34.581838326359524],[133.35137877160963,34.581838326359524]]]}},{"type":"Feature","properties":{"jobs":15,"pop":368,"pointCount":10,"homeWorkCommuteMedian":15429,"workHomeCommuteMedian":2521},"geometry":{"type":"Polygon","coordinates":[[[133.35137877160963,34.59083152999677],[133.35137877160963,34.599824733634016],[133.36037197524686,34.599824733634016],[133.36037197524686,34.59083152999677],[133.35137877160963,34.59083152999677]]]}},{"type":"Feature","properties":{"jobs":0,"pop":88,"pointCount":3,"homeWorkCommuteMedian":15199,"workHomeCommuteMedian":-1},"geometry":{"type":"Polygon","coordinates":[[[133.35137877160963,34.599824733634016],[133.35137877160963,34.60881793727126],[133.36037197524686,34.60881793727126],[133.36037197524686,34.599824733634016],[133.35137877160963,34.599824733634016]]]}},{"type":"Feature","properties":{"jobs":17,"pop":0,"pointCount":1,"homeWorkCommuteMedian":-1,"workHomeCommuteMedian":2658},"geometry":{"type":"Polygon","coordinates":[[[133.35137877160963,34.60881793727126],[133.35137877160963,34.61781114090851],[133.36037197524686,34.61781114090851],[133.36037197524686,34.60881793727126],[133.35137877160963,34.60881793727126]]]}},{"type":"Feature","properties":{"jobs":20,"pop":0,"pointCount":1,"homeWorkCommuteMedian":-1,"workHomeCommuteMedian":3869},"geometry":{"type":"Polygon","coordinates":[[[133.35137877160963,34.61781114090851],[133.35137877160963,34.626804344545754],[133.36037197524686,34.626804344545754],[133.36037197524686,34.61781114090851],[133.35137877160963,34.61781114090851]]]}},{"type":"Feature","properties":{"jobs":0,"pop":17,"pointCount":1,"homeWorkCommuteMedian":68428,"workHomeCommuteMedian":-1},"geometry":{"type":"Polygon","coordinates":[[[133.35137877160963,34.65378395545749],[133.35137877160963,34.66277715909474],[133.36037197524686,34.66277715909474],[133.36037197524686,34.65378395545749],[133.35137877160963,34.65378395545749]]]}},{"type":"Feature","properties":{"jobs":7,"pop":19,"pointCount":2,"homeWorkCommuteMedian":20036,"workHomeCommuteMedian":3540},"geometry":{"type":"Polygon","coordinates":[[[133.35137877160963,34.74371599182995],[133.35137877160963,34.7527091954672],[133.36037197524686,34.7527091954672],[133.36037197524686,34.74371599182995],[133.35137877160963,34.74371599182995]]]}},{"type":"Feature","properties":{"jobs":35,"pop":0,"pointCount":1,"homeWorkCommuteMedian":-1,"workHomeCommuteMedian":16870},"geometry":{"type":"Polygon","coordinates":[[[133.35137877160963,34.79767521365343],[133.35137877160963,34.80666841729067],[133.36037197524686,34.80666841729067],[133.36037197524686,34.79767521365343],[133.35137877160963,34.79767521365343]]]}},{"type":"Feature","properties":{"jobs":0,"pop":29,"pointCount":1,"homeWorkCommuteMedian":6488,"workHomeCommuteMedian":-1},"geometry":{"type":"Polygon","coordinates":[[[133.36037197524686,34.401974253614604],[133.36037197524686,34.41096745725185],[133.3693651788841,34.41096745725185],[133.3693651788841,34.401974253614604],[133.36037197524686,34.401974253614604]]]}},{"type":"Feature","properties":{"jobs":0,"pop":64,"pointCount":2,"homeWorkCommuteMedian":20130,"workHomeCommuteMedian":-1},"geometry":{"type":"Polygon","coordinates":[[[133.36037197524686,34.41096745725185],[133.36037197524686,34.419960660889096],[133.3693651788841,34.419960660889096],[133.3693651788841,34.41096745725185],[133.36037197524686,34.41096745725185]]]}},{"type":"Feature","properties":{"jobs":253,"pop":634,"pointCount":11,"homeWorkCommuteMedian":3713,"workHomeCommuteMedian":1332},"geometry":{"type":"Polygon","coordinates":[[[133.36037197524686,34.45593347543808],[133.36037197524686,34.464926679075326],[133.3693651788841,34.464926679075326],[133.3693651788841,34.45593347543808],[133.36037197524686,34.45593347543808]]]}},{"type":"Feature","properties":{"jobs":1522,"pop":2810,"pointCount":13,"homeWorkCommuteMedian":7977,"workHomeCommuteMedian":8705},"geometry":{"type":"Polygon","coordinates":[[[133.36037197524686,34.464926679075326],[133.36037197524686,34.47391988271257],[133.3693651788841,34.47391988271257],[133.3693651788841,34.464926679075326],[133.36037197524686,34.464926679075326]]]}},{"type":"Feature","properties":{"jobs":6068,"pop":3690,"pointCount":19,"homeWorkCommuteMedian":3476,"workHomeCommuteMedian":3359},"geometry":{"type":"Polygon","coordinates":[[[133.36037197524686,34.47391988271257],[133.36037197524686,34.48291308634982],[133.3693651788841,34.48291308634982],[133.3693651788841,34.47391988271257],[133.36037197524686,34.47391988271257]]]}},{"type":"Feature","properties":{"jobs":14021,"pop":3194,"pointCount":16,"homeWorkCommuteMedian":3722,"workHomeCommuteMedian":6695},"geometry":{"type":"Polygon","coordinates":[[[133.36037197524686,34.48291308634982],[133.36037197524686,34.491906289987064],[133.3693651788841,34.491906289987064],[133.3693651788841,34.48291308634982],[133.36037197524686,34.48291308634982]]]}},{"type":"Feature","properties":{"jobs":2172,"pop":3186,"pointCount":19,"homeWorkCommuteMedian":3378,"workHomeCommuteMedian":4504},"geometry":{"type":"Polygon","coordinates":[[[133.36037197524686,34.491906289987064],[133.36037197524686,34.50089949362431],[133.3693651788841,34.50089949362431],[133.3693651788841,34.491906289987064],[133.36037197524686,34.491906289987064]]]}},{"type":"Feature","properties":{"jobs":290,"pop":1854,"pointCount":14,"homeWorkCommuteMedian":9384,"workHomeCommuteMedian":6252},"geometry":{"type":"Polygon","coordinates":[[[133.36037197524686,34.50089949362431],[133.36037197524686,34.509892697261556],[133.3693651788841,34.509892697261556],[133.3693651788841,34.50089949362431],[133.36037197524686,34.50089949362431]]]}},{"type":"Feature","properties":{"jobs":630,"pop":1427,"pointCount":12,"homeWorkCommuteMedian":4752,"workHomeCommuteMedian":8483},"geometry":{"type":"Polygon","coordinates":[[[133.36037197524686,34.509892697261556],[133.36037197524686,34.5188859008988],[133.3693651788841,34.5188859008988],[133.3693651788841,34.509892697261556],[133.36037197524686,34.509892697261556]]]}},{"type":"Feature","properties":{"jobs":989,"pop":973,"pointCount":12,"homeWorkCommuteMedian":4649,"workHomeCommuteMedian":4352},"geometry":{"type":"Polygon","coordinates":[[[133.36037197524686,34.5188859008988],[133.36037197524686,34.52787910453605],[133.3693651788841,34.52787910453605],[133.3693651788841,34.5188859008988],[133.36037197524686,34.5188859008988]]]}},{"type":"Feature","properties":{"jobs":1155,"pop":691,"pointCount":11,"homeWorkCommuteMedian":6309,"workHomeCommuteMedian":3405},"geometry":{"type":"Polygon","coordinates":[[[133.36037197524686,34.52787910453605],[133.36037197524686,34.536872308173294],[133.3693651788841,34.536872308173294],[133.3693651788841,34.52787910453605],[133.36037197524686,34.52787910453605]]]}},{"type":"Feature","properties":{"jobs":1534,"pop":326,"pointCount":7,"homeWorkCommuteMedian":11727,"workHomeCommuteMedian":9695},"geometry":{"type":"Polygon","coordinates":[[[133.36037197524686,34.536872308173294],[133.36037197524686,34.54586551181054],[133.3693651788841,34.54586551181054],[133.3693651788841,34.536872308173294],[133.36037197524686,34.536872308173294]]]}},{"type":"Feature","properties":{"jobs":541,"pop":2130,"pointCount":11,"homeWorkCommuteMedian":10046,"workHomeCommuteMedian":7848},"geometry":{"type":"Polygon","coordinates":[[[133.36037197524686,34.54586551181054],[133.36037197524686,34.554858715447786],[133.3693651788841,34.554858715447786],[133.3693651788841,34.54586551181054],[133.36037197524686,34.54586551181054]]]}},{"type":"Feature","properties":{"jobs":0,"pop":1325,"pointCount":9,"homeWorkCommuteMedian":9925,"workHomeCommuteMedian":-1},"geometry":{"type":"Polygon","coordinates":[[[133.36037197524686,34.554858715447786],[133.36037197524686,34.56385191908503],[133.3693651788841,34.56385191908503],[133.3693651788841,34.554858715447786],[133.36037197524686,34.554858715447786]]]}},{"type":"Feature","properties":{"jobs":0,"pop":122,"pointCount":5,"homeWorkCommuteMedian":11767,"workHomeCommuteMedian":-1},"geometry":{"type":"Polygon","coordinates":[[[133.36037197524686,34.56385191908503],[133.36037197524686,34.57284512272228],[133.3693651788841,34.57284512272228],[133.3693651788841,34.56385191908503],[133.36037197524686,34.56385191908503]]]}},{"type":"Feature","properties":{"jobs":0,"pop":108,"pointCount":2,"homeWorkCommuteMedian":10646,"workHomeCommuteMedian":-1},"geometry":{"type":"Polygon","coordinates":[[[133.36037197524686,34.57284512272228],[133.36037197524686,34.581838326359524],[133.3693651788841,34.581838326359524],[133.3693651788841,34.57284512272228],[133.36037197524686,34.57284512272228]]]}},{"type":"Feature","properties":{"jobs":30,"pop":15,"pointCount":2,"homeWorkCommuteMedian":6720,"workHomeCommuteMedian":15311},"geometry":{"type":"Polygon","coordinates":[[[133.36037197524686,34.581838326359524],[133.36037197524686,34.59083152999677],[133.3693651788841,34.59083152999677],[133.3693651788841,34.581838326359524],[133.36037197524686,34.581838326359524]]]}},{"type":"Feature","properties":{"jobs":0,"pop":20,"pointCount":1,"homeWorkCommuteMedian":17242,"workHomeCommuteMedian":-1},"geometry":{"type":"Polygon","coordinates":[[[133.36037197524686,34.599824733634016],[133.36037197524686,34.60881793727126],[133.3693651788841,34.60881793727126],[133.3693651788841,34.599824733634016],[133.36037197524686,34.599824733634016]]]}},{"type":"Feature","properties":{"jobs":2,"pop":28,"pointCount":2,"homeWorkCommuteMedian":23535,"workHomeCommuteMedian":41318},"geometry":{"type":"Polygon","coordinates":[[[133.36037197524686,34.734722788192705],[133.36037197524686,34.74371599182995],[133.3693651788841,34.74371599182995],[133.3693651788841,34.734722788192705],[133.36037197524686,34.734722788192705]]]}},{"type":"Feature","properties":{"jobs":19,"pop":29,"pointCount":1,"homeWorkCommuteMedian":17734,"workHomeCommuteMedian":5770},"geometry":{"type":"Polygon","coordinates":[[[133.36037197524686,34.779688806378935],[133.36037197524686,34.78868201001618],[133.3693651788841,34.78868201001618],[133.3693651788841,34.779688806378935],[133.36037197524686,34.779688806378935]]]}},{"type":"Feature","properties":{"jobs":0,"pop":44,"pointCount":1,"homeWorkCommuteMedian":48124,"workHomeCommuteMedian":-1},"geometry":{"type":"Polygon","coordinates":[[[133.36037197524686,34.79767521365343],[133.36037197524686,34.80666841729067],[133.3693651788841,34.80666841729067],[133.3693651788841,34.79767521365343],[133.36037197524686,34.79767521365343]]]}},{"type":"Feature","properties":{"jobs":57,"pop":522,"pointCount":9,"homeWorkCommuteMedian":16359,"workHomeCommuteMedian":1007},"geometry":{"type":"Polygon","coordinates":[[[133.3693651788841,34.374994642702866],[133.3693651788841,34.38398784634011],[133.37835838252133,34.38398784634011],[133.37835838252133,34.374994642702866],[133.3693651788841,34.374994642702866]]]}},{"type":"Feature","properties":{"jobs":125,"pop":80,"pointCount":2,"homeWorkCommuteMedian":13005,"workHomeCommuteMedian":5560},"geometry":{"type":"Polygon","coordinates":[[[133.3693651788841,34.39298104997736],[133.3693651788841,34.401974253614604],[133.37835838252133,34.401974253614604],[133.37835838252133,34.39298104997736],[133.3693651788841,34.39298104997736]]]}},{"type":"Feature","properties":{"jobs":72,"pop":75,"pointCount":2,"homeWorkCommuteMedian":10767,"workHomeCommuteMedian":18091},"geometry":{"type":"Polygon","coordinates":[[[133.3693651788841,34.43794706816359],[133.3693651788841,34.446940271800834],[133.37835838252133,34.446940271800834],[133.37835838252133,34.43794706816359],[133.3693651788841,34.43794706816359]]]}},{"type":"Feature","properties":{"jobs":436,"pop":901,"pointCount":12,"homeWorkCommuteMedian":7344,"workHomeCommuteMedian":1048},"geometry":{"type":"Polygon","coordinates":[[[133.3693651788841,34.446940271800834],[133.3693651788841,34.45593347543808],[133.37835838252133,34.45593347543808],[133.37835838252133,34.446940271800834],[133.3693651788841,34.446940271800834]]]}},{"type":"Feature","properties":{"jobs":629,"pop":1486,"pointCount":13,"homeWorkCommuteMedian":4620,"workHomeCommuteMedian":4829},"geometry":{"type":"Polygon","coordinates":[[[133.3693651788841,34.45593347543808],[133.3693651788841,34.464926679075326],[133.37835838252133,34.464926679075326],[133.37835838252133,34.45593347543808],[133.3693651788841,34.45593347543808]]]}},{"type":"Feature","properties":{"jobs":4647,"pop":2547,"pointCount":16,"homeWorkCommuteMedian":5241,"workHomeCommuteMedian":4693},"geometry":{"type":"Polygon","coordinates":[[[133.3693651788841,34.464926679075326],[133.3693651788841,34.47391988271257],[133.37835838252133,34.47391988271257],[133.37835838252133,34.464926679075326],[133.3693651788841,34.464926679075326]]]}},{"type":"Feature","properties":{"jobs":5726,"pop":2437,"pointCount":17,"homeWorkCommuteMedian":2747,"workHomeCommuteMedian":7233},"geometry":{"type":"Polygon","coordinates":[[[133.3693651788841,34.47391988271257],[133.3693651788841,34.48291308634982],[133.37835838252133,34.48291308634982],[133.37835838252133,34.47391988271257],[133.3693651788841,34.47391988271257]]]}},{"type":"Feature","properties":{"jobs":6978,"pop":2347,"pointCount":23,"homeWorkCommuteMedian":4803,"workHomeCommuteMedian":5703},"geometry":{"type":"Polygon","coordinates":[[[133.3693651788841,34.48291308634982],[133.3693651788841,34.491906289987064],[133.37835838252133,34.491906289987064],[133.37835838252133,34.48291308634982],[133.3693651788841,34.48291308634982]]]}},{"type":"Feature","properties":{"jobs":3465,"pop":3567,"pointCount":22,"homeWorkCommuteMedian":3496,"workHomeCommuteMedian":4049},"geometry":{"type":"Polygon","coordinates":[[[133.3693651788841,34.491906289987064],[133.3693651788841,34.50089949362431],[133.37835838252133,34.50089949362431],[133.37835838252133,34.491906289987064],[133.3693651788841,34.491906289987064]]]}},{"type":"Feature","properties":{"jobs":315,"pop":1330,"pointCount":10,"homeWorkCommuteMedian":5383,"workHomeCommuteMedian":8445},"geometry":{"type":"Polygon","coordinates":[[[133.3693651788841,34.50089949362431],[133.3693651788841,34.509892697261556],[133.37835838252133,34.509892697261556],[133.37835838252133,34.50089949362431],[133.3693651788841,34.50089949362431]]]}},{"type":"Feature","properties":{"jobs":187,"pop":595,"pointCount":8,"homeWorkCommuteMedian":11462,"workHomeCommuteMedian":4858},"geometry":{"type":"Polygon","coordinates":[[[133.3693651788841,34.509892697261556],[133.3693651788841,34.5188859008988],[133.37835838252133,34.5188859008988],[133.37835838252133,34.509892697261556],[133.3693651788841,34.509892697261556]]]}},{"type":"Feature","properties":{"jobs":1328,"pop":1557,"pointCount":16,"homeWorkCommuteMedian":6575,"workHomeCommuteMedian":1407},"geometry":{"type":"Polygon","coordinates":[[[133.3693651788841,34.5188859008988],[133.3693651788841,34.52787910453605],[133.37835838252133,34.52787910453605],[133.37835838252133,34.5188859008988],[133.3693651788841,34.5188859008988]]]}},{"type":"Feature","properties":{"jobs":1312,"pop":1380,"pointCount":12,"homeWorkCommuteMedian":5909,"workHomeCommuteMedian":7465},"geometry":{"type":"Polygon","coordinates":[[[133.3693651788841,34.52787910453605],[133.3693651788841,34.536872308173294],[133.37835838252133,34.536872308173294],[133.37835838252133,34.52787910453605],[133.3693651788841,34.52787910453605]]]}},{"type":"Feature","properties":{"jobs":911,"pop":1616,"pointCount":14,"homeWorkCommuteMedian":9381,"workHomeCommuteMedian":7601},"geometry":{"type":"Polygon","coordinates":[[[133.3693651788841,34.536872308173294],[133.3693651788841,34.54586551181054],[133.37835838252133,34.54586551181054],[133.37835838252133,34.536872308173294],[133.3693651788841,34.536872308173294]]]}},{"type":"Feature","properties":{"jobs":1353,"pop":1040,"pointCount":7,"homeWorkCommuteMedian":14278,"workHomeCommuteMedian":8146},"geometry":{"type":"Polygon","coordinates":[[[133.3693651788841,34.54586551181054],[133.3693651788841,34.554858715447786],[133.37835838252133,34.554858715447786],[133.37835838252133,34.54586551181054],[133.3693651788841,34.54586551181054]]]}},{"type":"Feature","properties":{"jobs":9,"pop":890,"pointCount":9,"homeWorkCommuteMedian":9713,"workHomeCommuteMedian":2158},"geometry":{"type":"Polygon","coordinates":[[[133.3693651788841,34.554858715447786],[133.3693651788841,34.56385191908503],[133.37835838252133,34.56385191908503],[133.37835838252133,34.554858715447786],[133.3693651788841,34.554858715447786]]]}},{"type":"Feature","properties":{"jobs":21,"pop":526,"pointCount":10,"homeWorkCommuteMedian":11780,"workHomeCommuteMedian":2086},"geometry":{"type":"Polygon","coordinates":[[[133.3693651788841,34.56385191908503],[133.3693651788841,34.57284512272228],[133.37835838252133,34.57284512272228],[133.37835838252133,34.56385191908503],[133.3693651788841,34.56385191908503]]]}},{"type":"Feature","properties":{"jobs":173,"pop":281,"pointCount":6,"homeWorkCommuteMedian":3530,"workHomeCommuteMedian":2138},"geometry":{"type":"Polygon","coordinates":[[[133.3693651788841,34.57284512272228],[133.3693651788841,34.581838326359524],[133.37835838252133,34.581838326359524],[133.37835838252133,34.57284512272228],[133.3693651788841,34.57284512272228]]]}},{"type":"Feature","properties":{"jobs":0,"pop":263,"pointCount":10,"homeWorkCommuteMedian":12838,"workHomeCommuteMedian":-1},"geometry":{"type":"Polygon","coordinates":[[[133.3693651788841,34.581838326359524],[133.3693651788841,34.59083152999677],[133.37835838252133,34.59083152999677],[133.37835838252133,34.581838326359524],[133.3693651788841,34.581838326359524]]]}},{"type":"Feature","properties":{"jobs":0,"pop":90,"pointCount":1,"homeWorkCommuteMedian":5282,"workHomeCommuteMedian":-1},"geometry":{"type":"Polygon","coordinates":[[[133.3693651788841,34.59083152999677],[133.3693651788841,34.599824733634016],[133.37835838252133,34.599824733634016],[133.37835838252133,34.59083152999677],[133.3693651788841,34.59083152999677]]]}},{"type":"Feature","properties":{"jobs":0,"pop":41,"pointCount":1,"homeWorkCommuteMedian":14090,"workHomeCommuteMedian":-1},"geometry":{"type":"Polygon","coordinates":[[[133.3693651788841,34.66277715909474],[133.3693651788841,34.67177036273198],[133.37835838252133,34.67177036273198],[133.37835838252133,34.66277715909474],[133.3693651788841,34.66277715909474]]]}},{"type":"Feature","properties":{"jobs":0,"pop":3,"pointCount":1,"homeWorkCommuteMedian":21353,"workHomeCommuteMedian":-1},"geometry":{"type":"Polygon","coordinates":[[[133.3693651788841,34.69874997364372],[133.3693651788841,34.70774317728097],[133.37835838252133,34.70774317728097],[133.37835838252133,34.69874997364372],[133.3693651788841,34.69874997364372]]]}},{"type":"Feature","properties":{"jobs":0,"pop":9,"pointCount":1,"homeWorkCommuteMedian":31998,"workHomeCommuteMedian":-1},"geometry":{"type":"Polygon","coordinates":[[[133.3693651788841,34.72572958455546],[133.3693651788841,34.734722788192705],[133.37835838252133,34.734722788192705],[133.37835838252133,34.72572958455546],[133.3693651788841,34.72572958455546]]]}},{"type":"Feature","properties":{"jobs":435,"pop":122,"pointCount":3,"homeWorkCommuteMedian":18578,"workHomeCommuteMedian":11873},"geometry":{"type":"Polygon","coordinates":[[[133.37835838252133,34.374994642702866],[133.37835838252133,34.38398784634011],[133.38735158615856,34.38398784634011],[133.38735158615856,34.374994642702866],[133.37835838252133,34.374994642702866]]]}},{"type":"Feature","properties":{"jobs":1956,"pop":965,"pointCount":9,"homeWorkCommuteMedian":13798,"workHomeCommuteMedian":14319},"geometry":{"type":"Polygon","coordinates":[[[133.37835838252133,34.38398784634011],[133.37835838252133,34.39298104997736],[133.38735158615856,34.39298104997736],[133.38735158615856,34.38398784634011],[133.37835838252133,34.38398784634011]]]}},{"type":"Feature","properties":{"jobs":70,"pop":61,"pointCount":4,"homeWorkCommuteMedian":13422,"workHomeCommuteMedian":29044},"geometry":{"type":"Polygon","coordinates":[[[133.37835838252133,34.39298104997736],[133.37835838252133,34.401974253614604],[133.38735158615856,34.401974253614604],[133.38735158615856,34.39298104997736],[133.37835838252133,34.39298104997736]]]}},{"type":"Feature","properties":{"jobs":165,"pop":0,"pointCount":2,"homeWorkCommuteMedian":-1,"workHomeCommuteMedian":57503},"geometry":{"type":"Polygon","coordinates":[[[133.37835838252133,34.401974253614604],[133.37835838252133,34.41096745725185],[133.38735158615856,34.41096745725185],[133.38735158615856,34.401974253614604],[133.37835838252133,34.401974253614604]]]}},{"type":"Feature","properties":{"jobs":53,"pop":301,"pointCount":5,"homeWorkCommuteMedian":25146,"workHomeCommuteMedian":1701},"geometry":{"type":"Polygon","coordinates":[[[133.37835838252133,34.41096745725185],[133.37835838252133,34.419960660889096],[133.38735158615856,34.419960660889096],[133.38735158615856,34.41096745725185],[133.37835838252133,34.41096745725185]]]}},{"type":"Feature","properties":{"jobs":279,"pop":780,"pointCount":10,"homeWorkCommuteMedian":9627,"workHomeCommuteMedian":985},"geometry":{"type":"Polygon","coordinates":[[[133.37835838252133,34.419960660889096],[133.37835838252133,34.42895386452634],[133.38735158615856,34.42895386452634],[133.38735158615856,34.419960660889096],[133.37835838252133,34.419960660889096]]]}},{"type":"Feature","properties":{"jobs":329,"pop":332,"pointCount":6,"homeWorkCommuteMedian":18261,"workHomeCommuteMedian":2058},"geometry":{"type":"Polygon","coordinates":[[[133.37835838252133,34.42895386452634],[133.37835838252133,34.43794706816359],[133.38735158615856,34.43794706816359],[133.38735158615856,34.42895386452634],[133.37835838252133,34.42895386452634]]]}},{"type":"Feature","properties":{"jobs":1704,"pop":1843,"pointCount":17,"homeWorkCommuteMedian":8962,"workHomeCommuteMedian":3141},"geometry":{"type":"Polygon","coordinates":[[[133.37835838252133,34.43794706816359],[133.37835838252133,34.446940271800834],[133.38735158615856,34.446940271800834],[133.38735158615856,34.43794706816359],[133.37835838252133,34.43794706816359]]]}},{"type":"Feature","properties":{"jobs":319,"pop":1475,"pointCount":14,"homeWorkCommuteMedian":3325,"workHomeCommuteMedian":3439},"geometry":{"type":"Polygon","coordinates":[[[133.37835838252133,34.446940271800834],[133.37835838252133,34.45593347543808],[133.38735158615856,34.45593347543808],[133.38735158615856,34.446940271800834],[133.37835838252133,34.446940271800834]]]}},{"type":"Feature","properties":{"jobs":1455,"pop":3228,"pointCount":13,"homeWorkCommuteMedian":4235,"workHomeCommuteMedian":9460},"geometry":{"type":"Polygon","coordinates":[[[133.37835838252133,34.45593347543808],[133.37835838252133,34.464926679075326],[133.38735158615856,34.464926679075326],[133.38735158615856,34.45593347543808],[133.37835838252133,34.45593347543808]]]}},{"type":"Feature","properties":{"jobs":2308,"pop":3743,"pointCount":19,"homeWorkCommuteMedian":4735,"workHomeCommuteMedian":3703},"geometry":{"type":"Polygon","coordinates":[[[133.37835838252133,34.464926679075326],[133.37835838252133,34.47391988271257],[133.38735158615856,34.47391988271257],[133.38735158615856,34.464926679075326],[133.37835838252133,34.464926679075326]]]}},{"type":"Feature","properties":{"jobs":2695,"pop":2498,"pointCount":16,"homeWorkCommuteMedian":3614,"workHomeCommuteMedian":4488},"geometry":{"type":"Polygon","coordinates":[[[133.37835838252133,34.47391988271257],[133.37835838252133,34.48291308634982],[133.38735158615856,34.48291308634982],[133.38735158615856,34.47391988271257],[133.37835838252133,34.47391988271257]]]}},{"type":"Feature","properties":{"jobs":5408,"pop":3565,"pointCount":18,"homeWorkCommuteMedian":3277,"workHomeCommuteMedian":7909},"geometry":{"type":"Polygon","coordinates":[[[133.37835838252133,34.48291308634982],[133.37835838252133,34.491906289987064],[133.38735158615856,34.491906289987064],[133.38735158615856,34.48291308634982],[133.37835838252133,34.48291308634982]]]}},{"type":"Feature","properties":{"jobs":2567,"pop":3438,"pointCount":18,"homeWorkCommuteMedian":3672,"workHomeCommuteMedian":3404},"geometry":{"type":"Polygon","coordinates":[[[133.37835838252133,34.491906289987064],[133.37835838252133,34.50089949362431],[133.38735158615856,34.50089949362431],[133.38735158615856,34.491906289987064],[133.37835838252133,34.491906289987064]]]}},{"type":"Feature","properties":{"jobs":376,"pop":334,"pointCount":5,"homeWorkCommuteMedian":18014,"workHomeCommuteMedian":9996},"geometry":{"type":"Polygon","coordinates":[[[133.37835838252133,34.50089949362431],[133.37835838252133,34.509892697261556],[133.38735158615856,34.509892697261556],[133.38735158615856,34.50089949362431],[133.37835838252133,34.50089949362431]]]}},{"type":"Feature","properties":{"jobs":116,"pop":123,"pointCount":4,"homeWorkCommuteMedian":4454,"workHomeCommuteMedian":13890},"geometry":{"type":"Polygon","coordinates":[[[133.37835838252133,34.509892697261556],[133.37835838252133,34.5188859008988],[133.38735158615856,34.5188859008988],[133.38735158615856,34.509892697261556],[133.37835838252133,34.509892697261556]]]}},{"type":"Feature","properties":{"jobs":288,"pop":866,"pointCount":15,"homeWorkCommuteMedian":5242,"workHomeCommuteMedian":8414},"geometry":{"type":"Polygon","coordinates":[[[133.37835838252133,34.5188859008988],[133.37835838252133,34.52787910453605],[133.38735158615856,34.52787910453605],[133.38735158615856,34.5188859008988],[133.37835838252133,34.5188859008988]]]}},{"type":"Feature","properties":{"jobs":432,"pop":294,"pointCount":7,"homeWorkCommuteMedian":42688,"workHomeCommuteMedian":13535},"geometry":{"type":"Polygon","coordinates":[[[133.37835838252133,34.52787910453605],[133.37835838252133,34.536872308173294],[133.38735158615856,34.536872308173294],[133.38735158615856,34.52787910453605],[133.37835838252133,34.52787910453605]]]}},{"type":"Feature","properties":{"jobs":1423,"pop":1227,"pointCount":12,"homeWorkCommuteMedian":12468,"workHomeCommuteMedian":1793},"geometry":{"type":"Polygon","coordinates":[[[133.37835838252133,34.536872308173294],[133.37835838252133,34.54586551181054],[133.38735158615856,34.54586551181054],[133.38735158615856,34.536872308173294],[133.37835838252133,34.536872308173294]]]}},{"type":"Feature","properties":{"jobs":1713,"pop":1672,"pointCount":12,"homeWorkCommuteMedian":11475,"workHomeCommuteMedian":2029},"geometry":{"type":"Polygon","coordinates":[[[133.37835838252133,34.54586551181054],[133.37835838252133,34.554858715447786],[133.38735158615856,34.554858715447786],[133.38735158615856,34.54586551181054],[133.37835838252133,34.54586551181054]]]}},{"type":"Feature","properties":{"jobs":628,"pop":942,"pointCount":11,"homeWorkCommuteMedian":8669,"workHomeCommuteMedian":3485},"geometry":{"type":"Polygon","coordinates":[[[133.37835838252133,34.554858715447786],[133.37835838252133,34.56385191908503],[133.38735158615856,34.56385191908503],[133.38735158615856,34.554858715447786],[133.37835838252133,34.554858715447786]]]}},{"type":"Feature","properties":{"jobs":21,"pop":262,"pointCount":7,"homeWorkCommuteMedian":16236,"workHomeCommuteMedian":1554},"geometry":{"type":"Polygon","coordinates":[[[133.37835838252133,34.56385191908503],[133.37835838252133,34.57284512272228],[133.38735158615856,34.57284512272228],[133.38735158615856,34.56385191908503],[133.37835838252133,34.56385191908503]]]}},{"type":"Feature","properties":{"jobs":0,"pop":32,"pointCount":1,"homeWorkCommuteMedian":12168,"workHomeCommuteMedian":-1},"geometry":{"type":"Polygon","coordinates":[[[133.37835838252133,34.581838326359524],[133.37835838252133,34.59083152999677],[133.38735158615856,34.59083152999677],[133.38735158615856,34.581838326359524],[133.37835838252133,34.581838326359524]]]}},{"type":"Feature","properties":{"jobs":0,"pop":58,"pointCount":2,"homeWorkCommuteMedian":29201,"workHomeCommuteMedian":-1},"geometry":{"type":"Polygon","coordinates":[[[133.37835838252133,34.59083152999677],[133.37835838252133,34.599824733634016],[133.38735158615856,34.599824733634016],[133.38735158615856,34.59083152999677],[133.37835838252133,34.59083152999677]]]}},{"type":"Feature","properties":{"jobs":0,"pop":15,"pointCount":1,"homeWorkCommuteMedian":24016,"workHomeCommuteMedian":-1},"geometry":{"type":"Polygon","coordinates":[[[133.37835838252133,34.599824733634016],[133.37835838252133,34.60881793727126],[133.38735158615856,34.60881793727126],[133.38735158615856,34.599824733634016],[133.37835838252133,34.599824733634016]]]}},{"type":"Feature","properties":{"jobs":0,"pop":19,"pointCount":1,"homeWorkCommuteMedian":9028,"workHomeCommuteMedian":-1},"geometry":{"type":"Polygon","coordinates":[[[133.37835838252133,34.60881793727126],[133.37835838252133,34.61781114090851],[133.38735158615856,34.61781114090851],[133.38735158615856,34.60881793727126],[133.37835838252133,34.60881793727126]]]}},{"type":"Feature","properties":{"jobs":0,"pop":25,"pointCount":1,"homeWorkCommuteMedian":8863,"workHomeCommuteMedian":-1},"geometry":{"type":"Polygon","coordinates":[[[133.37835838252133,34.626804344545754],[133.37835838252133,34.635797548183],[133.38735158615856,34.635797548183],[133.38735158615856,34.626804344545754],[133.37835838252133,34.626804344545754]]]}},{"type":"Feature","properties":{"jobs":0,"pop":26,"pointCount":1,"homeWorkCommuteMedian":21954,"workHomeCommuteMedian":-1},"geometry":{"type":"Polygon","coordinates":[[[133.37835838252133,34.644790751820246],[133.37835838252133,34.65378395545749],[133.38735158615856,34.65378395545749],[133.38735158615856,34.644790751820246],[133.37835838252133,34.644790751820246]]]}},{"type":"Feature","properties":{"jobs":22,"pop":84,"pointCount":3,"homeWorkCommuteMedian":12080,"workHomeCommuteMedian":39190},"geometry":{"type":"Polygon","coordinates":[[[133.37835838252133,34.65378395545749],[133.37835838252133,34.66277715909474],[133.38735158615856,34.66277715909474],[133.38735158615856,34.65378395545749],[133.37835838252133,34.65378395545749]]]}},{"type":"Feature","properties":{"jobs":0,"pop":2,"pointCount":1,"homeWorkCommuteMedian":23356,"workHomeCommuteMedian":-1},"geometry":{"type":"Polygon","coordinates":[[[133.37835838252133,34.69874997364372],[133.37835838252133,34.70774317728097],[133.38735158615856,34.70774317728097],[133.38735158615856,34.69874997364372],[133.37835838252133,34.69874997364372]]]}},{"type":"Feature","properties":{"jobs":0,"pop":2,"pointCount":1,"homeWorkCommuteMedian":23108,"workHomeCommuteMedian":-1},"geometry":{"type":"Polygon","coordinates":[[[133.37835838252133,34.70774317728097],[133.37835838252133,34.71673638091821],[133.38735158615856,34.71673638091821],[133.38735158615856,34.70774317728097],[133.37835838252133,34.70774317728097]]]}},{"type":"Feature","properties":{"jobs":0,"pop":3,"pointCount":1,"homeWorkCommuteMedian":25887,"workHomeCommuteMedian":-1},"geometry":{"type":"Polygon","coordinates":[[[133.37835838252133,34.71673638091821],[133.37835838252133,34.72572958455546],[133.38735158615856,34.72572958455546],[133.38735158615856,34.71673638091821],[133.37835838252133,34.71673638091821]]]}},{"type":"Feature","properties":{"jobs":180,"pop":0,"pointCount":1,"homeWorkCommuteMedian":-1,"workHomeCommuteMedian":17694},"geometry":{"type":"Polygon","coordinates":[[[133.38735158615856,34.374994642702866],[133.38735158615856,34.38398784634011],[133.3963447897958,34.38398784634011],[133.3963447897958,34.374994642702866],[133.38735158615856,34.374994642702866]]]}},{"type":"Feature","properties":{"jobs":84,"pop":430,"pointCount":6,"homeWorkCommuteMedian":5095,"workHomeCommuteMedian":21625},"geometry":{"type":"Polygon","coordinates":[[[133.38735158615856,34.419960660889096],[133.38735158615856,34.42895386452634],[133.3963447897958,34.42895386452634],[133.3963447897958,34.419960660889096],[133.38735158615856,34.419960660889096]]]}},{"type":"Feature","properties":{"jobs":565,"pop":457,"pointCount":3,"homeWorkCommuteMedian":8248,"workHomeCommuteMedian":11290},"geometry":{"type":"Polygon","coordinates":[[[133.38735158615856,34.42895386452634],[133.38735158615856,34.43794706816359],[133.3963447897958,34.43794706816359],[133.3963447897958,34.42895386452634],[133.38735158615856,34.42895386452634]]]}},{"type":"Feature","properties":{"jobs":686,"pop":746,"pointCount":7,"homeWorkCommuteMedian":5159,"workHomeCommuteMedian":8170},"geometry":{"type":"Polygon","coordinates":[[[133.38735158615856,34.43794706816359],[133.38735158615856,34.446940271800834],[133.3963447897958,34.446940271800834],[133.3963447897958,34.43794706816359],[133.38735158615856,34.43794706816359]]]}},{"type":"Feature","properties":{"jobs":326,"pop":1551,"pointCount":8,"homeWorkCommuteMedian":3185,"workHomeCommuteMedian":7576},"geometry":{"type":"Polygon","coordinates":[[[133.38735158615856,34.446940271800834],[133.38735158615856,34.45593347543808],[133.3963447897958,34.45593347543808],[133.3963447897958,34.446940271800834],[133.38735158615856,34.446940271800834]]]}},{"type":"Feature","properties":{"jobs":2534,"pop":2902,"pointCount":14,"homeWorkCommuteMedian":4256,"workHomeCommuteMedian":6467},"geometry":{"type":"Polygon","coordinates":[[[133.38735158615856,34.45593347543808],[133.38735158615856,34.464926679075326],[133.3963447897958,34.464926679075326],[133.3963447897958,34.45593347543808],[133.38735158615856,34.45593347543808]]]}},{"type":"Feature","properties":{"jobs":3334,"pop":3900,"pointCount":21,"homeWorkCommuteMedian":5558,"workHomeCommuteMedian":7232},"geometry":{"type":"Polygon","coordinates":[[[133.38735158615856,34.464926679075326],[133.38735158615856,34.47391988271257],[133.3963447897958,34.47391988271257],[133.3963447897958,34.464926679075326],[133.38735158615856,34.464926679075326]]]}},{"type":"Feature","properties":{"jobs":2016,"pop":1557,"pointCount":10,"homeWorkCommuteMedian":4011,"workHomeCommuteMedian":8386},"geometry":{"type":"Polygon","coordinates":[[[133.38735158615856,34.47391988271257],[133.38735158615856,34.48291308634982],[133.3963447897958,34.48291308634982],[133.3963447897958,34.47391988271257],[133.38735158615856,34.47391988271257]]]}},{"type":"Feature","properties":{"jobs":3347,"pop":2866,"pointCount":14,"homeWorkCommuteMedian":3633,"workHomeCommuteMedian":7760},"geometry":{"type":"Polygon","coordinates":[[[133.38735158615856,34.48291308634982],[133.38735158615856,34.491906289987064],[133.3963447897958,34.491906289987064],[133.3963447897958,34.48291308634982],[133.38735158615856,34.48291308634982]]]}},{"type":"Feature","properties":{"jobs":3158,"pop":3107,"pointCount":19,"homeWorkCommuteMedian":3717,"workHomeCommuteMedian":6635},"geometry":{"type":"Polygon","coordinates":[[[133.38735158615856,34.491906289987064],[133.38735158615856,34.50089949362431],[133.3963447897958,34.50089949362431],[133.3963447897958,34.491906289987064],[133.38735158615856,34.491906289987064]]]}},{"type":"Feature","properties":{"jobs":1971,"pop":1368,"pointCount":13,"homeWorkCommuteMedian":6166,"workHomeCommuteMedian":5108},"geometry":{"type":"Polygon","coordinates":[[[133.38735158615856,34.50089949362431],[133.38735158615856,34.509892697261556],[133.3963447897958,34.509892697261556],[133.3963447897958,34.50089949362431],[133.38735158615856,34.50089949362431]]]}},{"type":"Feature","properties":{"jobs":603,"pop":461,"pointCount":13,"homeWorkCommuteMedian":5888,"workHomeCommuteMedian":5954},"geometry":{"type":"Polygon","coordinates":[[[133.38735158615856,34.509892697261556],[133.38735158615856,34.5188859008988],[133.3963447897958,34.5188859008988],[133.3963447897958,34.509892697261556],[133.38735158615856,34.509892697261556]]]}},{"type":"Feature","properties":{"jobs":85,"pop":46,"pointCount":2,"homeWorkCommuteMedian":5613,"workHomeCommuteMedian":13938},"geometry":{"type":"Polygon","coordinates":[[[133.38735158615856,34.5188859008988],[133.38735158615856,34.52787910453605],[133.3963447897958,34.52787910453605],[133.3963447897958,34.5188859008988],[133.38735158615856,34.5188859008988]]]}},{"type":"Feature","properties":{"jobs":0,"pop":108,"pointCount":2,"homeWorkCommuteMedian":8577,"workHomeCommuteMedian":-1},"geometry":{"type":"Polygon","coordinates":[[[133.38735158615856,34.52787910453605],[133.38735158615856,34.536872308173294],[133.3963447897958,34.536872308173294],[133.3963447897958,34.52787910453605],[133.38735158615856,34.52787910453605]]]}},{"type":"Feature","properties":{"jobs":36,"pop":176,"pointCount":2,"homeWorkCommuteMedian":13882,"workHomeCommuteMedian":6724},"geometry":{"type":"Polygon","coordinates":[[[133.38735158615856,34.536872308173294],[133.38735158615856,34.54586551181054],[133.3963447897958,34.54586551181054],[133.3963447897958,34.536872308173294],[133.38735158615856,34.536872308173294]]]}},{"type":"Feature","properties":{"jobs":170,"pop":997,"pointCount":14,"homeWorkCommuteMedian":9280,"workHomeCommuteMedian":21960},"geometry":{"type":"Polygon","coordinates":[[[133.38735158615856,34.54586551181054],[133.38735158615856,34.554858715447786],[133.3963447897958,34.554858715447786],[133.3963447897958,34.54586551181054],[133.38735158615856,34.54586551181054]]]}},{"type":"Feature","properties":{"jobs":731,"pop":1756,"pointCount":14,"homeWorkCommuteMedian":10238,"workHomeCommuteMedian":2852},"geometry":{"type":"Polygon","coordinates":[[[133.38735158615856,34.554858715447786],[133.38735158615856,34.56385191908503],[133.3963447897958,34.56385191908503],[133.3963447897958,34.554858715447786],[133.38735158615856,34.554858715447786]]]}},{"type":"Feature","properties":{"jobs":7,"pop":39,"pointCount":1,"homeWorkCommuteMedian":7155,"workHomeCommuteMedian":2223},"geometry":{"type":"Polygon","coordinates":[[[133.38735158615856,34.599824733634016],[133.38735158615856,34.60881793727126],[133.3963447897958,34.60881793727126],[133.3963447897958,34.599824733634016],[133.38735158615856,34.599824733634016]]]}},{"type":"Feature","properties":{"jobs":10,"pop":0,"pointCount":1,"homeWorkCommuteMedian":-1,"workHomeCommuteMedian":60324},"geometry":{"type":"Polygon","coordinates":[[[133.38735158615856,34.635797548183],[133.38735158615856,34.644790751820246],[133.3963447897958,34.644790751820246],[133.3963447897958,34.635797548183],[133.38735158615856,34.635797548183]]]}},{"type":"Feature","properties":{"jobs":88,"pop":25,"pointCount":3,"homeWorkCommuteMedian":5701,"workHomeCommuteMedian":30527},"geometry":{"type":"Polygon","coordinates":[[[133.38735158615856,34.644790751820246],[133.38735158615856,34.65378395545749],[133.3963447897958,34.65378395545749],[133.3963447897958,34.644790751820246],[133.38735158615856,34.644790751820246]]]}},{"type":"Feature","properties":{"jobs":86,"pop":59,"pointCount":4,"homeWorkCommuteMedian":16831,"workHomeCommuteMedian":5316},"geometry":{"type":"Polygon","coordinates":[[[133.38735158615856,34.65378395545749],[133.38735158615856,34.66277715909474],[133.3963447897958,34.66277715909474],[133.3963447897958,34.65378395545749],[133.38735158615856,34.65378395545749]]]}},{"type":"Feature","properties":{"jobs":44,"pop":16,"pointCount":4,"homeWorkCommuteMedian":18237,"workHomeCommuteMedian":31196},"geometry":{"type":"Polygon","coordinates":[[[133.38735158615856,34.689756770006476],[133.38735158615856,34.69874997364372],[133.3963447897958,34.69874997364372],[133.3963447897958,34.689756770006476],[133.38735158615856,34.689756770006476]]]}},{"type":"Feature","properties":{"jobs":0,"pop":5,"pointCount":1,"homeWorkCommuteMedian":18696,"workHomeCommuteMedian":-1},"geometry":{"type":"Polygon","coordinates":[[[133.38735158615856,34.71673638091821],[133.38735158615856,34.72572958455546],[133.3963447897958,34.72572958455546],[133.3963447897958,34.71673638091821],[133.38735158615856,34.71673638091821]]]}},{"type":"Feature","properties":{"jobs":588,"pop":68,"pointCount":3,"homeWorkCommuteMedian":17420,"workHomeCommuteMedian":12941},"geometry":{"type":"Polygon","coordinates":[[[133.3963447897958,34.42895386452634],[133.3963447897958,34.43794706816359],[133.40533799343302,34.43794706816359],[133.40533799343302,34.42895386452634],[133.3963447897958,34.42895386452634]]]}},{"type":"Feature","properties":{"jobs":117,"pop":78,"pointCount":3,"homeWorkCommuteMedian":8599,"workHomeCommuteMedian":12085},"geometry":{"type":"Polygon","coordinates":[[[133.3963447897958,34.43794706816359],[133.3963447897958,34.446940271800834],[133.40533799343302,34.446940271800834],[133.40533799343302,34.43794706816359],[133.3963447897958,34.43794706816359]]]}},{"type":"Feature","properties":{"jobs":1163,"pop":732,"pointCount":12,"homeWorkCommuteMedian":5792,"workHomeCommuteMedian":1615},"geometry":{"type":"Polygon","coordinates":[[[133.3963447897958,34.446940271800834],[133.3963447897958,34.45593347543808],[133.40533799343302,34.45593347543808],[133.40533799343302,34.446940271800834],[133.3963447897958,34.446940271800834]]]}},{"type":"Feature","properties":{"jobs":3090,"pop":1611,"pointCount":13,"homeWorkCommuteMedian":4546,"workHomeCommuteMedian":8733},"geometry":{"type":"Polygon","coordinates":[[[133.3963447897958,34.45593347543808],[133.3963447897958,34.464926679075326],[133.40533799343302,34.464926679075326],[133.40533799343302,34.45593347543808],[133.3963447897958,34.45593347543808]]]}},{"type":"Feature","properties":{"jobs":2834,"pop":1381,"pointCount":13,"homeWorkCommuteMedian":3570,"workHomeCommuteMedian":5551},"geometry":{"type":"Polygon","coordinates":[[[133.3963447897958,34.464926679075326],[133.3963447897958,34.47391988271257],[133.40533799343302,34.47391988271257],[133.40533799343302,34.464926679075326],[133.3963447897958,34.464926679075326]]]}},{"type":"Feature","properties":{"jobs":2494,"pop":1111,"pointCount":8,"homeWorkCommuteMedian":3000,"workHomeCommuteMedian":10633},"geometry":{"type":"Polygon","coordinates":[[[133.3963447897958,34.47391988271257],[133.3963447897958,34.48291308634982],[133.40533799343302,34.48291308634982],[133.40533799343302,34.47391988271257],[133.3963447897958,34.47391988271257]]]}},{"type":"Feature","properties":{"jobs":3523,"pop":2735,"pointCount":17,"homeWorkCommuteMedian":4211,"workHomeCommuteMedian":4059},"geometry":{"type":"Polygon","coordinates":[[[133.3963447897958,34.48291308634982],[133.3963447897958,34.491906289987064],[133.40533799343302,34.491906289987064],[133.40533799343302,34.48291308634982],[133.3963447897958,34.48291308634982]]]}},{"type":"Feature","properties":{"jobs":5451,"pop":1826,"pointCount":16,"homeWorkCommuteMedian":4269,"workHomeCommuteMedian":5927},"geometry":{"type":"Polygon","coordinates":[[[133.3963447897958,34.491906289987064],[133.3963447897958,34.50089949362431],[133.40533799343302,34.50089949362431],[133.40533799343302,34.491906289987064],[133.3963447897958,34.491906289987064]]]}},{"type":"Feature","properties":{"jobs":4256,"pop":2200,"pointCount":17,"homeWorkCommuteMedian":5445,"workHomeCommuteMedian":8384},"geometry":{"type":"Polygon","coordinates":[[[133.3963447897958,34.50089949362431],[133.3963447897958,34.509892697261556],[133.40533799343302,34.509892697261556],[133.40533799343302,34.50089949362431],[133.3963447897958,34.50089949362431]]]}},{"type":"Feature","properties":{"jobs":2287,"pop":1249,"pointCount":15,"homeWorkCommuteMedian":18252,"workHomeCommuteMedian":6367},"geometry":{"type":"Polygon","coordinates":[[[133.3963447897958,34.509892697261556],[133.3963447897958,34.5188859008988],[133.40533799343302,34.5188859008988],[133.40533799343302,34.509892697261556],[133.3963447897958,34.509892697261556]]]}},{"type":"Feature","properties":{"jobs":231,"pop":108,"pointCount":5,"homeWorkCommuteMedian":4148,"workHomeCommuteMedian":12785},"geometry":{"type":"Polygon","coordinates":[[[133.3963447897958,34.5188859008988],[133.3963447897958,34.52787910453605],[133.40533799343302,34.52787910453605],[133.40533799343302,34.5188859008988],[133.3963447897958,34.5188859008988]]]}},{"type":"Feature","properties":{"jobs":0,"pop":283,"pointCount":4,"homeWorkCommuteMedian":5263,"workHomeCommuteMedian":-1},"geometry":{"type":"Polygon","coordinates":[[[133.3963447897958,34.54586551181054],[133.3963447897958,34.554858715447786],[133.40533799343302,34.554858715447786],[133.40533799343302,34.54586551181054],[133.3963447897958,34.54586551181054]]]}},{"type":"Feature","properties":{"jobs":23,"pop":472,"pointCount":13,"homeWorkCommuteMedian":14073,"workHomeCommuteMedian":1265},"geometry":{"type":"Polygon","coordinates":[[[133.3963447897958,34.554858715447786],[133.3963447897958,34.56385191908503],[133.40533799343302,34.56385191908503],[133.40533799343302,34.554858715447786],[133.3963447897958,34.554858715447786]]]}},{"type":"Feature","properties":{"jobs":405,"pop":445,"pointCount":8,"homeWorkCommuteMedian":12343,"workHomeCommuteMedian":1495},"geometry":{"type":"Polygon","coordinates":[[[133.3963447897958,34.56385191908503],[133.3963447897958,34.57284512272228],[133.40533799343302,34.57284512272228],[133.40533799343302,34.56385191908503],[133.3963447897958,34.56385191908503]]]}},{"type":"Feature","properties":{"jobs":0,"pop":3,"pointCount":1,"homeWorkCommuteMedian":21437,"workHomeCommuteMedian":-1},"geometry":{"type":"Polygon","coordinates":[[[133.3963447897958,34.626804344545754],[133.3963447897958,34.635797548183],[133.40533799343302,34.635797548183],[133.40533799343302,34.626804344545754],[133.3963447897958,34.626804344545754]]]}},{"type":"Feature","properties":{"jobs":0,"pop":13,"pointCount":1,"homeWorkCommuteMedian":21074,"workHomeCommuteMedian":-1},"geometry":{"type":"Polygon","coordinates":[[[133.3963447897958,34.67177036273198],[133.3963447897958,34.68076356636923],[133.40533799343302,34.68076356636923],[133.40533799343302,34.67177036273198],[133.3963447897958,34.67177036273198]]]}},{"type":"Feature","properties":{"jobs":0,"pop":7,"pointCount":1,"homeWorkCommuteMedian":15474,"workHomeCommuteMedian":-1},"geometry":{"type":"Polygon","coordinates":[[[133.3963447897958,34.68076356636923],[133.3963447897958,34.689756770006476],[133.40533799343302,34.689756770006476],[133.40533799343302,34.68076356636923],[133.3963447897958,34.68076356636923]]]}},{"type":"Feature","properties":{"jobs":2,"pop":33,"pointCount":1,"homeWorkCommuteMedian":9784,"workHomeCommuteMedian":29514},"geometry":{"type":"Polygon","coordinates":[[[133.3963447897958,34.689756770006476],[133.3963447897958,34.69874997364372],[133.40533799343302,34.69874997364372],[133.40533799343302,34.689756770006476],[133.3963447897958,34.689756770006476]]]}},{"type":"Feature","properties":{"jobs":0,"pop":2,"pointCount":1,"homeWorkCommuteMedian":19343,"workHomeCommuteMedian":-1},"geometry":{"type":"Polygon","coordinates":[[[133.3963447897958,34.71673638091821],[133.3963447897958,34.72572958455546],[133.40533799343302,34.72572958455546],[133.40533799343302,34.71673638091821],[133.3963447897958,34.71673638091821]]]}},{"type":"Feature","properties":{"jobs":0,"pop":11,"pointCount":2,"homeWorkCommuteMedian":22750,"workHomeCommuteMedian":-1},"geometry":{"type":"Polygon","coordinates":[[[133.3963447897958,34.72572958455546],[133.3963447897958,34.734722788192705],[133.40533799343302,34.734722788192705],[133.40533799343302,34.72572958455546],[133.3963447897958,34.72572958455546]]]}},{"type":"Feature","properties":{"jobs":1333,"pop":485,"pointCount":12,"homeWorkCommuteMedian":7676,"workHomeCommuteMedian":10568},"geometry":{"type":"Polygon","coordinates":[[[133.40533799343302,34.43794706816359],[133.40533799343302,34.446940271800834],[133.41433119707025,34.446940271800834],[133.41433119707025,34.43794706816359],[133.40533799343302,34.43794706816359]]]}},{"type":"Feature","properties":{"jobs":865,"pop":178,"pointCount":11,"homeWorkCommuteMedian":7392,"workHomeCommuteMedian":8503},"geometry":{"type":"Polygon","coordinates":[[[133.40533799343302,34.446940271800834],[133.40533799343302,34.45593347543808],[133.41433119707025,34.45593347543808],[133.41433119707025,34.446940271800834],[133.40533799343302,34.446940271800834]]]}},{"type":"Feature","properties":{"jobs":158,"pop":140,"pointCount":2,"homeWorkCommuteMedian":42683,"workHomeCommuteMedian":10557},"geometry":{"type":"Polygon","coordinates":[[[133.40533799343302,34.45593347543808],[133.40533799343302,34.464926679075326],[133.41433119707025,34.464926679075326],[133.41433119707025,34.45593347543808],[133.40533799343302,34.45593347543808]]]}},{"type":"Feature","properties":{"jobs":1582,"pop":221,"pointCount":5,"homeWorkCommuteMedian":4282,"workHomeCommuteMedian":12518},"geometry":{"type":"Polygon","coordinates":[[[133.40533799343302,34.464926679075326],[133.40533799343302,34.47391988271257],[133.41433119707025,34.47391988271257],[133.41433119707025,34.464926679075326],[133.40533799343302,34.464926679075326]]]}},{"type":"Feature","properties":{"jobs":773,"pop":300,"pointCount":6,"homeWorkCommuteMedian":15592,"workHomeCommuteMedian":5901},"geometry":{"type":"Polygon","coordinates":[[[133.40533799343302,34.47391988271257],[133.40533799343302,34.48291308634982],[133.41433119707025,34.48291308634982],[133.41433119707025,34.47391988271257],[133.40533799343302,34.47391988271257]]]}},{"type":"Feature","properties":{"jobs":1923,"pop":2728,"pointCount":13,"homeWorkCommuteMedian":4890,"workHomeCommuteMedian":4299},"geometry":{"type":"Polygon","coordinates":[[[133.40533799343302,34.48291308634982],[133.40533799343302,34.491906289987064],[133.41433119707025,34.491906289987064],[133.41433119707025,34.48291308634982],[133.40533799343302,34.48291308634982]]]}},{"type":"Feature","properties":{"jobs":2412,"pop":2245,"pointCount":16,"homeWorkCommuteMedian":4603,"workHomeCommuteMedian":6739},"geometry":{"type":"Polygon","coordinates":[[[133.40533799343302,34.491906289987064],[133.40533799343302,34.50089949362431],[133.41433119707025,34.50089949362431],[133.41433119707025,34.491906289987064],[133.40533799343302,34.491906289987064]]]}},{"type":"Feature","properties":{"jobs":3096,"pop":3592,"pointCount":17,"homeWorkCommuteMedian":4187,"workHomeCommuteMedian":3139},"geometry":{"type":"Polygon","coordinates":[[[133.40533799343302,34.50089949362431],[133.40533799343302,34.509892697261556],[133.41433119707025,34.509892697261556],[133.41433119707025,34.50089949362431],[133.40533799343302,34.50089949362431]]]}},{"type":"Feature","properties":{"jobs":985,"pop":2289,"pointCount":15,"homeWorkCommuteMedian":6781,"workHomeCommuteMedian":1590},"geometry":{"type":"Polygon","coordinates":[[[133.40533799343302,34.509892697261556],[133.40533799343302,34.5188859008988],[133.41433119707025,34.5188859008988],[133.41433119707025,34.509892697261556],[133.40533799343302,34.509892697261556]]]}},{"type":"Feature","properties":{"jobs":0,"pop":45,"pointCount":1,"homeWorkCommuteMedian":4152,"workHomeCommuteMedian":-1},"geometry":{"type":"Polygon","coordinates":[[[133.40533799343302,34.5188859008988],[133.40533799343302,34.52787910453605],[133.41433119707025,34.52787910453605],[133.41433119707025,34.5188859008988],[133.40533799343302,34.5188859008988]]]}},{"type":"Feature","properties":{"jobs":18,"pop":42,"pointCount":2,"homeWorkCommuteMedian":10386,"workHomeCommuteMedian":5802},"geometry":{"type":"Polygon","coordinates":[[[133.40533799343302,34.54586551181054],[133.40533799343302,34.554858715447786],[133.41433119707025,34.554858715447786],[133.41433119707025,34.54586551181054],[133.40533799343302,34.54586551181054]]]}},{"type":"Feature","properties":{"jobs":296,"pop":539,"pointCount":13,"homeWorkCommuteMedian":14180,"workHomeCommuteMedian":2615},"geometry":{"type":"Polygon","coordinates":[[[133.40533799343302,34.554858715447786],[133.40533799343302,34.56385191908503],[133.41433119707025,34.56385191908503],[133.41433119707025,34.554858715447786],[133.40533799343302,34.554858715447786]]]}},{"type":"Feature","properties":{"jobs":0,"pop":375,"pointCount":6,"homeWorkCommuteMedian":15572,"workHomeCommuteMedian":-1},"geometry":{"type":"Polygon","coordinates":[[[133.40533799343302,34.56385191908503],[133.40533799343302,34.57284512272228],[133.41433119707025,34.57284512272228],[133.41433119707025,34.56385191908503],[133.40533799343302,34.56385191908503]]]}},{"type":"Feature","properties":{"jobs":0,"pop":38,"pointCount":1,"homeWorkCommuteMedian":16823,"workHomeCommuteMedian":-1},"geometry":{"type":"Polygon","coordinates":[[[133.40533799343302,34.57284512272228],[133.40533799343302,34.581838326359524],[133.41433119707025,34.581838326359524],[133.41433119707025,34.57284512272228],[133.40533799343302,34.57284512272228]]]}},{"type":"Feature","properties":{"jobs":0,"pop":30,"pointCount":1,"homeWorkCommuteMedian":4387,"workHomeCommuteMedian":-1},"geometry":{"type":"Polygon","coordinates":[[[133.40533799343302,34.59083152999677],[133.40533799343302,34.599824733634016],[133.41433119707025,34.599824733634016],[133.41433119707025,34.59083152999677],[133.40533799343302,34.59083152999677]]]}},{"type":"Feature","properties":{"jobs":17,"pop":66,"pointCount":3,"homeWorkCommuteMedian":5387,"workHomeCommuteMedian":12539},"geometry":{"type":"Polygon","coordinates":[[[133.40533799343302,34.599824733634016],[133.40533799343302,34.60881793727126],[133.41433119707025,34.60881793727126],[133.41433119707025,34.599824733634016],[133.40533799343302,34.599824733634016]]]}},{"type":"Feature","properties":{"jobs":4,"pop":2,"pointCount":1,"homeWorkCommuteMedian":19795,"workHomeCommuteMedian":25785},"geometry":{"type":"Polygon","coordinates":[[[133.40533799343302,34.635797548183],[133.40533799343302,34.644790751820246],[133.41433119707025,34.644790751820246],[133.41433119707025,34.635797548183],[133.40533799343302,34.635797548183]]]}},{"type":"Feature","properties":{"jobs":67,"pop":88,"pointCount":3,"homeWorkCommuteMedian":24414,"workHomeCommuteMedian":21670},"geometry":{"type":"Polygon","coordinates":[[[133.40533799343302,34.644790751820246],[133.40533799343302,34.65378395545749],[133.41433119707025,34.65378395545749],[133.41433119707025,34.644790751820246],[133.40533799343302,34.644790751820246]]]}},{"type":"Feature","properties":{"jobs":0,"pop":15,"pointCount":1,"homeWorkCommuteMedian":11679,"workHomeCommuteMedian":-1},"geometry":{"type":"Polygon","coordinates":[[[133.40533799343302,34.65378395545749],[133.40533799343302,34.66277715909474],[133.41433119707025,34.66277715909474],[133.41433119707025,34.65378395545749],[133.40533799343302,34.65378395545749]]]}},{"type":"Feature","properties":{"jobs":0,"pop":20,"pointCount":2,"homeWorkCommuteMedian":12582,"workHomeCommuteMedian":-1},"geometry":{"type":"Polygon","coordinates":[[[133.40533799343302,34.66277715909474],[133.40533799343302,34.67177036273198],[133.41433119707025,34.67177036273198],[133.41433119707025,34.66277715909474],[133.40533799343302,34.66277715909474]]]}},{"type":"Feature","properties":{"jobs":4,"pop":8,"pointCount":2,"homeWorkCommuteMedian":11605,"workHomeCommuteMedian":22296},"geometry":{"type":"Polygon","coordinates":[[[133.40533799343302,34.67177036273198],[133.40533799343302,34.68076356636923],[133.41433119707025,34.68076356636923],[133.41433119707025,34.67177036273198],[133.40533799343302,34.67177036273198]]]}},{"type":"Feature","properties":{"jobs":42,"pop":62,"pointCount":4,"homeWorkCommuteMedian":14620,"workHomeCommuteMedian":26568},"geometry":{"type":"Polygon","coordinates":[[[133.40533799343302,34.68076356636923],[133.40533799343302,34.689756770006476],[133.41433119707025,34.689756770006476],[133.41433119707025,34.68076356636923],[133.40533799343302,34.68076356636923]]]}},{"type":"Feature","properties":{"jobs":0,"pop":1,"pointCount":1,"homeWorkCommuteMedian":18056,"workHomeCommuteMedian":-1},"geometry":{"type":"Polygon","coordinates":[[[133.40533799343302,34.689756770006476],[133.40533799343302,34.69874997364372],[133.41433119707025,34.69874997364372],[133.41433119707025,34.689756770006476],[133.40533799343302,34.689756770006476]]]}},{"type":"Feature","properties":{"jobs":0,"pop":9,"pointCount":1,"homeWorkCommuteMedian":22023,"workHomeCommuteMedian":-1},"geometry":{"type":"Polygon","coordinates":[[[133.40533799343302,34.69874997364372],[133.40533799343302,34.70774317728097],[133.41433119707025,34.70774317728097],[133.41433119707025,34.69874997364372],[133.40533799343302,34.69874997364372]]]}},{"type":"Feature","properties":{"jobs":1061,"pop":0,"pointCount":1,"homeWorkCommuteMedian":-1,"workHomeCommuteMedian":14859},"geometry":{"type":"Polygon","coordinates":[[[133.41433119707025,34.42895386452634],[133.41433119707025,34.43794706816359],[133.4233244007075,34.43794706816359],[133.4233244007075,34.42895386452634],[133.41433119707025,34.42895386452634]]]}},{"type":"Feature","properties":{"jobs":1590,"pop":0,"pointCount":3,"homeWorkCommuteMedian":-1,"workHomeCommuteMedian":16188},"geometry":{"type":"Polygon","coordinates":[[[133.41433119707025,34.43794706816359],[133.41433119707025,34.446940271800834],[133.4233244007075,34.446940271800834],[133.4233244007075,34.43794706816359],[133.41433119707025,34.43794706816359]]]}},{"type":"Feature","properties":{"jobs":780,"pop":19,"pointCount":3,"homeWorkCommuteMedian":5024,"workHomeCommuteMedian":16149},"geometry":{"type":"Polygon","coordinates":[[[133.41433119707025,34.446940271800834],[133.41433119707025,34.45593347543808],[133.4233244007075,34.45593347543808],[133.4233244007075,34.446940271800834],[133.41433119707025,34.446940271800834]]]}},{"type":"Feature","properties":{"jobs":5932,"pop":0,"pointCount":4,"homeWorkCommuteMedian":-1,"workHomeCommuteMedian":14503},"geometry":{"type":"Polygon","coordinates":[[[133.41433119707025,34.45593347543808],[133.41433119707025,34.464926679075326],[133.4233244007075,34.464926679075326],[133.4233244007075,34.45593347543808],[133.41433119707025,34.45593347543808]]]}},{"type":"Feature","properties":{"jobs":369,"pop":432,"pointCount":5,"homeWorkCommuteMedian":10230,"workHomeCommuteMedian":11710},"geometry":{"type":"Polygon","coordinates":[[[133.41433119707025,34.47391988271257],[133.41433119707025,34.48291308634982],[133.4233244007075,34.48291308634982],[133.4233244007075,34.47391988271257],[133.41433119707025,34.47391988271257]]]}},{"type":"Feature","properties":{"jobs":210,"pop":1759,"pointCount":9,"homeWorkCommuteMedian":5112,"workHomeCommuteMedian":3996},"geometry":{"type":"Polygon","coordinates":[[[133.41433119707025,34.48291308634982],[133.41433119707025,34.491906289987064],[133.4233244007075,34.491906289987064],[133.4233244007075,34.48291308634982],[133.41433119707025,34.48291308634982]]]}},{"type":"Feature","properties":{"jobs":971,"pop":1634,"pointCount":10,"homeWorkCommuteMedian":4568,"workHomeCommuteMedian":14091},"geometry":{"type":"Polygon","coordinates":[[[133.41433119707025,34.491906289987064],[133.41433119707025,34.50089949362431],[133.4233244007075,34.50089949362431],[133.4233244007075,34.491906289987064],[133.41433119707025,34.491906289987064]]]}},{"type":"Feature","properties":{"jobs":1993,"pop":3652,"pointCount":19,"homeWorkCommuteMedian":4068,"workHomeCommuteMedian":2222},"geometry":{"type":"Polygon","coordinates":[[[133.41433119707025,34.50089949362431],[133.41433119707025,34.509892697261556],[133.4233244007075,34.509892697261556],[133.4233244007075,34.50089949362431],[133.41433119707025,34.50089949362431]]]}},{"type":"Feature","properties":{"jobs":993,"pop":1358,"pointCount":12,"homeWorkCommuteMedian":4059,"workHomeCommuteMedian":1537},"geometry":{"type":"Polygon","coordinates":[[[133.41433119707025,34.509892697261556],[133.41433119707025,34.5188859008988],[133.4233244007075,34.5188859008988],[133.4233244007075,34.509892697261556],[133.41433119707025,34.509892697261556]]]}},{"type":"Feature","properties":{"jobs":127,"pop":259,"pointCount":5,"homeWorkCommuteMedian":10173,"workHomeCommuteMedian":3284},"geometry":{"type":"Polygon","coordinates":[[[133.41433119707025,34.5188859008988],[133.41433119707025,34.52787910453605],[133.4233244007075,34.52787910453605],[133.4233244007075,34.5188859008988],[133.41433119707025,34.5188859008988]]]}},{"type":"Feature","properties":{"jobs":0,"pop":40,"pointCount":1,"homeWorkCommuteMedian":5913,"workHomeCommuteMedian":-1},"geometry":{"type":"Polygon","coordinates":[[[133.41433119707025,34.52787910453605],[133.41433119707025,34.536872308173294],[133.4233244007075,34.536872308173294],[133.4233244007075,34.52787910453605],[133.41433119707025,34.52787910453605]]]}},{"type":"Feature","properties":{"jobs":0,"pop":403,"pointCount":5,"homeWorkCommuteMedian":14375,"workHomeCommuteMedian":-1},"geometry":{"type":"Polygon","coordinates":[[[133.41433119707025,34.536872308173294],[133.41433119707025,34.54586551181054],[133.4233244007075,34.54586551181054],[133.4233244007075,34.536872308173294],[133.41433119707025,34.536872308173294]]]}},{"type":"Feature","properties":{"jobs":30,"pop":407,"pointCount":9,"homeWorkCommuteMedian":12170,"workHomeCommuteMedian":1112},"geometry":{"type":"Polygon","coordinates":[[[133.41433119707025,34.54586551181054],[133.41433119707025,34.554858715447786],[133.4233244007075,34.554858715447786],[133.4233244007075,34.54586551181054],[133.41433119707025,34.54586551181054]]]}},{"type":"Feature","properties":{"jobs":375,"pop":254,"pointCount":9,"homeWorkCommuteMedian":6532,"workHomeCommuteMedian":1836},"geometry":{"type":"Polygon","coordinates":[[[133.41433119707025,34.554858715447786],[133.41433119707025,34.56385191908503],[133.4233244007075,34.56385191908503],[133.4233244007075,34.554858715447786],[133.41433119707025,34.554858715447786]]]}},{"type":"Feature","properties":{"jobs":81,"pop":163,"pointCount":8,"homeWorkCommuteMedian":13129,"workHomeCommuteMedian":2657},"geometry":{"type":"Polygon","coordinates":[[[133.41433119707025,34.56385191908503],[133.41433119707025,34.57284512272228],[133.4233244007075,34.57284512272228],[133.4233244007075,34.56385191908503],[133.41433119707025,34.56385191908503]]]}},{"type":"Feature","properties":{"jobs":35,"pop":372,"pointCount":9,"homeWorkCommuteMedian":13245,"workHomeCommuteMedian":1839},"geometry":{"type":"Polygon","coordinates":[[[133.41433119707025,34.57284512272228],[133.41433119707025,34.581838326359524],[133.4233244007075,34.581838326359524],[133.4233244007075,34.57284512272228],[133.41433119707025,34.57284512272228]]]}},{"type":"Feature","properties":{"jobs":0,"pop":71,"pointCount":2,"homeWorkCommuteMedian":4620,"workHomeCommuteMedian":-1},"geometry":{"type":"Polygon","coordinates":[[[133.41433119707025,34.59083152999677],[133.41433119707025,34.599824733634016],[133.4233244007075,34.599824733634016],[133.4233244007075,34.59083152999677],[133.41433119707025,34.59083152999677]]]}},{"type":"Feature","properties":{"jobs":4,"pop":8,"pointCount":2,"homeWorkCommuteMedian":3874,"workHomeCommuteMedian":18222},"geometry":{"type":"Polygon","coordinates":[[[133.41433119707025,34.60881793727126],[133.41433119707025,34.61781114090851],[133.4233244007075,34.61781114090851],[133.4233244007075,34.60881793727126],[133.41433119707025,34.60881793727126]]]}},{"type":"Feature","properties":{"jobs":6,"pop":146,"pointCount":7,"homeWorkCommuteMedian":9523,"workHomeCommuteMedian":28570},"geometry":{"type":"Polygon","coordinates":[[[133.41433119707025,34.61781114090851],[133.41433119707025,34.626804344545754],[133.4233244007075,34.626804344545754],[133.4233244007075,34.61781114090851],[133.41433119707025,34.61781114090851]]]}},{"type":"Feature","properties":{"jobs":28,"pop":84,"pointCount":3,"homeWorkCommuteMedian":20523,"workHomeCommuteMedian":25998},"geometry":{"type":"Polygon","coordinates":[[[133.41433119707025,34.626804344545754],[133.41433119707025,34.635797548183],[133.4233244007075,34.635797548183],[133.4233244007075,34.626804344545754],[133.41433119707025,34.626804344545754]]]}},{"type":"Feature","properties":{"jobs":15,"pop":47,"pointCount":4,"homeWorkCommuteMedian":58727,"workHomeCommuteMedian":20265},"geometry":{"type":"Polygon","coordinates":[[[133.41433119707025,34.644790751820246],[133.41433119707025,34.65378395545749],[133.4233244007075,34.65378395545749],[133.4233244007075,34.644790751820246],[133.41433119707025,34.644790751820246]]]}},{"type":"Feature","properties":{"jobs":3,"pop":9,"pointCount":1,"homeWorkCommuteMedian":11390,"workHomeCommuteMedian":22620},"geometry":{"type":"Polygon","coordinates":[[[133.41433119707025,34.65378395545749],[133.41433119707025,34.66277715909474],[133.4233244007075,34.66277715909474],[133.4233244007075,34.65378395545749],[133.41433119707025,34.65378395545749]]]}},{"type":"Feature","properties":{"jobs":911,"pop":0,"pointCount":2,"homeWorkCommuteMedian":-1,"workHomeCommuteMedian":16384},"geometry":{"type":"Polygon","coordinates":[[[133.4233244007075,34.42895386452634],[133.4233244007075,34.43794706816359],[133.43231760434472,34.43794706816359],[133.43231760434472,34.42895386452634],[133.4233244007075,34.42895386452634]]]}},{"type":"Feature","properties":{"jobs":656,"pop":0,"pointCount":1,"homeWorkCommuteMedian":-1,"workHomeCommuteMedian":11867},"geometry":{"type":"Polygon","coordinates":[[[133.4233244007075,34.43794706816359],[133.4233244007075,34.446940271800834],[133.43231760434472,34.446940271800834],[133.43231760434472,34.43794706816359],[133.4233244007075,34.43794706816359]]]}},{"type":"Feature","properties":{"jobs":831,"pop":0,"pointCount":1,"homeWorkCommuteMedian":-1,"workHomeCommuteMedian":21872},"geometry":{"type":"Polygon","coordinates":[[[133.4233244007075,34.446940271800834],[133.4233244007075,34.45593347543808],[133.43231760434472,34.45593347543808],[133.43231760434472,34.446940271800834],[133.4233244007075,34.446940271800834]]]}},{"type":"Feature","properties":{"jobs":2569,"pop":0,"pointCount":1,"homeWorkCommuteMedian":-1,"workHomeCommuteMedian":12821},"geometry":{"type":"Polygon","coordinates":[[[133.4233244007075,34.45593347543808],[133.4233244007075,34.464926679075326],[133.43231760434472,34.464926679075326],[133.43231760434472,34.45593347543808],[133.4233244007075,34.45593347543808]]]}},{"type":"Feature","properties":{"jobs":222,"pop":0,"pointCount":4,"homeWorkCommuteMedian":-1,"workHomeCommuteMedian":7796},"geometry":{"type":"Polygon","coordinates":[[[133.4233244007075,34.47391988271257],[133.4233244007075,34.48291308634982],[133.43231760434472,34.48291308634982],[133.43231760434472,34.47391988271257],[133.4233244007075,34.47391988271257]]]}},{"type":"Feature","properties":{"jobs":373,"pop":1666,"pointCount":9,"homeWorkCommuteMedian":4379,"workHomeCommuteMedian":1017},"geometry":{"type":"Polygon","coordinates":[[[133.4233244007075,34.48291308634982],[133.4233244007075,34.491906289987064],[133.43231760434472,34.491906289987064],[133.43231760434472,34.48291308634982],[133.4233244007075,34.48291308634982]]]}},{"type":"Feature","properties":{"jobs":136,"pop":1770,"pointCount":13,"homeWorkCommuteMedian":7552,"workHomeCommuteMedian":946},"geometry":{"type":"Polygon","coordinates":[[[133.4233244007075,34.491906289987064],[133.4233244007075,34.50089949362431],[133.43231760434472,34.50089949362431],[133.43231760434472,34.491906289987064],[133.4233244007075,34.491906289987064]]]}},{"type":"Feature","properties":{"jobs":1178,"pop":1792,"pointCount":16,"homeWorkCommuteMedian":4340,"workHomeCommuteMedian":1412},"geometry":{"type":"Polygon","coordinates":[[[133.4233244007075,34.50089949362431],[133.4233244007075,34.509892697261556],[133.43231760434472,34.509892697261556],[133.43231760434472,34.50089949362431],[133.4233244007075,34.50089949362431]]]}},{"type":"Feature","properties":{"jobs":667,"pop":2516,"pointCount":17,"homeWorkCommuteMedian":7535,"workHomeCommuteMedian":2568},"geometry":{"type":"Polygon","coordinates":[[[133.4233244007075,34.509892697261556],[133.4233244007075,34.5188859008988],[133.43231760434472,34.5188859008988],[133.43231760434472,34.509892697261556],[133.4233244007075,34.509892697261556]]]}},{"type":"Feature","properties":{"jobs":251,"pop":746,"pointCount":9,"homeWorkCommuteMedian":4896,"workHomeCommuteMedian":2311},"geometry":{"type":"Polygon","coordinates":[[[133.4233244007075,34.5188859008988],[133.4233244007075,34.52787910453605],[133.43231760434472,34.52787910453605],[133.43231760434472,34.5188859008988],[133.4233244007075,34.5188859008988]]]}},{"type":"Feature","properties":{"jobs":0,"pop":94,"pointCount":1,"homeWorkCommuteMedian":2069,"workHomeCommuteMedian":-1},"geometry":{"type":"Polygon","coordinates":[[[133.4233244007075,34.536872308173294],[133.4233244007075,34.54586551181054],[133.43231760434472,34.54586551181054],[133.43231760434472,34.536872308173294],[133.4233244007075,34.536872308173294]]]}},{"type":"Feature","properties":{"jobs":100,"pop":115,"pointCount":4,"homeWorkCommuteMedian":17414,"workHomeCommuteMedian":2656},"geometry":{"type":"Polygon","coordinates":[[[133.4233244007075,34.54586551181054],[133.4233244007075,34.554858715447786],[133.43231760434472,34.554858715447786],[133.43231760434472,34.54586551181054],[133.4233244007075,34.54586551181054]]]}},{"type":"Feature","properties":{"jobs":779,"pop":28,"pointCount":3,"homeWorkCommuteMedian":27128,"workHomeCommuteMedian":11618},"geometry":{"type":"Polygon","coordinates":[[[133.4233244007075,34.554858715447786],[133.4233244007075,34.56385191908503],[133.43231760434472,34.56385191908503],[133.43231760434472,34.554858715447786],[133.4233244007075,34.554858715447786]]]}},{"type":"Feature","properties":{"jobs":0,"pop":128,"pointCount":3,"homeWorkCommuteMedian":12315,"workHomeCommuteMedian":-1},"geometry":{"type":"Polygon","coordinates":[[[133.4233244007075,34.56385191908503],[133.4233244007075,34.57284512272228],[133.43231760434472,34.57284512272228],[133.43231760434472,34.56385191908503],[133.4233244007075,34.56385191908503]]]}},{"type":"Feature","properties":{"jobs":826,"pop":994,"pointCount":17,"homeWorkCommuteMedian":4494,"workHomeCommuteMedian":6509},"geometry":{"type":"Polygon","coordinates":[[[133.4233244007075,34.57284512272228],[133.4233244007075,34.581838326359524],[133.43231760434472,34.581838326359524],[133.43231760434472,34.57284512272228],[133.4233244007075,34.57284512272228]]]}},{"type":"Feature","properties":{"jobs":399,"pop":295,"pointCount":8,"homeWorkCommuteMedian":7002,"workHomeCommuteMedian":9870},"geometry":{"type":"Polygon","coordinates":[[[133.4233244007075,34.581838326359524],[133.4233244007075,34.59083152999677],[133.43231760434472,34.59083152999677],[133.43231760434472,34.581838326359524],[133.4233244007075,34.581838326359524]]]}},{"type":"Feature","properties":{"jobs":27,"pop":61,"pointCount":3,"homeWorkCommuteMedian":6686,"workHomeCommuteMedian":610},"geometry":{"type":"Polygon","coordinates":[[[133.4233244007075,34.59083152999677],[133.4233244007075,34.599824733634016],[133.43231760434472,34.599824733634016],[133.43231760434472,34.59083152999677],[133.4233244007075,34.59083152999677]]]}},{"type":"Feature","properties":{"jobs":0,"pop":24,"pointCount":1,"homeWorkCommuteMedian":1708,"workHomeCommuteMedian":-1},"geometry":{"type":"Polygon","coordinates":[[[133.4233244007075,34.60881793727126],[133.4233244007075,34.61781114090851],[133.43231760434472,34.61781114090851],[133.43231760434472,34.60881793727126],[133.4233244007075,34.60881793727126]]]}},{"type":"Feature","properties":{"jobs":46,"pop":116,"pointCount":4,"homeWorkCommuteMedian":6891,"workHomeCommuteMedian":26913},"geometry":{"type":"Polygon","coordinates":[[[133.4233244007075,34.61781114090851],[133.4233244007075,34.626804344545754],[133.43231760434472,34.626804344545754],[133.43231760434472,34.61781114090851],[133.4233244007075,34.61781114090851]]]}},{"type":"Feature","properties":{"jobs":116,"pop":253,"pointCount":6,"homeWorkCommuteMedian":21276,"workHomeCommuteMedian":10715},"geometry":{"type":"Polygon","coordinates":[[[133.4233244007075,34.626804344545754],[133.4233244007075,34.635797548183],[133.43231760434472,34.635797548183],[133.43231760434472,34.626804344545754],[133.4233244007075,34.626804344545754]]]}},{"type":"Feature","properties":{"jobs":10,"pop":39,"pointCount":3,"homeWorkCommuteMedian":10999,"workHomeCommuteMedian":24583},"geometry":{"type":"Polygon","coordinates":[[[133.4233244007075,34.635797548183],[133.4233244007075,34.644790751820246],[133.43231760434472,34.644790751820246],[133.43231760434472,34.635797548183],[133.4233244007075,34.635797548183]]]}},{"type":"Feature","properties":{"jobs":5,"pop":0,"pointCount":1,"homeWorkCommuteMedian":-1,"workHomeCommuteMedian":21946},"geometry":{"type":"Polygon","coordinates":[[[133.4233244007075,34.644790751820246],[133.4233244007075,34.65378395545749],[133.43231760434472,34.65378395545749],[133.43231760434472,34.644790751820246],[133.4233244007075,34.644790751820246]]]}},{"type":"Feature","properties":{"jobs":0,"pop":19,"pointCount":2,"homeWorkCommuteMedian":12111,"workHomeCommuteMedian":-1},"geometry":{"type":"Polygon","coordinates":[[[133.4233244007075,34.66277715909474],[133.4233244007075,34.67177036273198],[133.43231760434472,34.67177036273198],[133.43231760434472,34.66277715909474],[133.4233244007075,34.66277715909474]]]}},{"type":"Feature","properties":{"jobs":72,"pop":53,"pointCount":4,"homeWorkCommuteMedian":151,"workHomeCommuteMedian":21780},"geometry":{"type":"Polygon","coordinates":[[[133.43231760434472,34.33902182815388],[133.43231760434472,34.34801503179113],[133.44131080798195,34.34801503179113],[133.44131080798195,34.33902182815388],[133.43231760434472,34.33902182815388]]]}},{"type":"Feature","properties":{"jobs":224,"pop":0,"pointCount":2,"homeWorkCommuteMedian":-1,"workHomeCommuteMedian":8882},"geometry":{"type":"Polygon","coordinates":[[[133.43231760434472,34.42895386452634],[133.43231760434472,34.43794706816359],[133.44131080798195,34.43794706816359],[133.44131080798195,34.42895386452634],[133.43231760434472,34.42895386452634]]]}},{"type":"Feature","properties":{"jobs":5042,"pop":0,"pointCount":7,"homeWorkCommuteMedian":-1,"workHomeCommuteMedian":11733},"geometry":{"type":"Polygon","coordinates":[[[133.43231760434472,34.47391988271257],[133.43231760434472,34.48291308634982],[133.44131080798195,34.48291308634982],[133.44131080798195,34.47391988271257],[133.43231760434472,34.47391988271257]]]}},{"type":"Feature","properties":{"jobs":1508,"pop":415,"pointCount":9,"homeWorkCommuteMedian":8340,"workHomeCommuteMedian":5763},"geometry":{"type":"Polygon","coordinates":[[[133.43231760434472,34.48291308634982],[133.43231760434472,34.491906289987064],[133.44131080798195,34.491906289987064],[133.44131080798195,34.48291308634982],[133.43231760434472,34.48291308634982]]]}},{"type":"Feature","properties":{"jobs":1299,"pop":1478,"pointCount":14,"homeWorkCommuteMedian":8039,"workHomeCommuteMedian":2330},"geometry":{"type":"Polygon","coordinates":[[[133.43231760434472,34.491906289987064],[133.43231760434472,34.50089949362431],[133.44131080798195,34.50089949362431],[133.44131080798195,34.491906289987064],[133.43231760434472,34.491906289987064]]]}},{"type":"Feature","properties":{"jobs":1483,"pop":1512,"pointCount":14,"homeWorkCommuteMedian":5084,"workHomeCommuteMedian":3912},"geometry":{"type":"Polygon","coordinates":[[[133.43231760434472,34.50089949362431],[133.43231760434472,34.509892697261556],[133.44131080798195,34.509892697261556],[133.44131080798195,34.50089949362431],[133.43231760434472,34.50089949362431]]]}},{"type":"Feature","properties":{"jobs":550,"pop":2371,"pointCount":14,"homeWorkCommuteMedian":8246,"workHomeCommuteMedian":1387},"geometry":{"type":"Polygon","coordinates":[[[133.43231760434472,34.509892697261556],[133.43231760434472,34.5188859008988],[133.44131080798195,34.5188859008988],[133.44131080798195,34.509892697261556],[133.43231760434472,34.509892697261556]]]}},{"type":"Feature","properties":{"jobs":890,"pop":1179,"pointCount":12,"homeWorkCommuteMedian":9208,"workHomeCommuteMedian":1588},"geometry":{"type":"Polygon","coordinates":[[[133.43231760434472,34.5188859008988],[133.43231760434472,34.52787910453605],[133.44131080798195,34.52787910453605],[133.44131080798195,34.5188859008988],[133.43231760434472,34.5188859008988]]]}},{"type":"Feature","properties":{"jobs":93,"pop":268,"pointCount":3,"homeWorkCommuteMedian":7424,"workHomeCommuteMedian":650},"geometry":{"type":"Polygon","coordinates":[[[133.43231760434472,34.52787910453605],[133.43231760434472,34.536872308173294],[133.44131080798195,34.536872308173294],[133.44131080798195,34.52787910453605],[133.43231760434472,34.52787910453605]]]}},{"type":"Feature","properties":{"jobs":103,"pop":419,"pointCount":9,"homeWorkCommuteMedian":12521,"workHomeCommuteMedian":9918},"geometry":{"type":"Polygon","coordinates":[[[133.43231760434472,34.536872308173294],[133.43231760434472,34.54586551181054],[133.44131080798195,34.54586551181054],[133.44131080798195,34.536872308173294],[133.43231760434472,34.536872308173294]]]}},{"type":"Feature","properties":{"jobs":99,"pop":223,"pointCount":6,"homeWorkCommuteMedian":7603,"workHomeCommuteMedian":13007},"geometry":{"type":"Polygon","coordinates":[[[133.43231760434472,34.54586551181054],[133.43231760434472,34.554858715447786],[133.44131080798195,34.554858715447786],[133.44131080798195,34.54586551181054],[133.43231760434472,34.54586551181054]]]}},{"type":"Feature","properties":{"jobs":369,"pop":24,"pointCount":2,"homeWorkCommuteMedian":3650,"workHomeCommuteMedian":7752},"geometry":{"type":"Polygon","coordinates":[[[133.43231760434472,34.554858715447786],[133.43231760434472,34.56385191908503],[133.44131080798195,34.56385191908503],[133.44131080798195,34.554858715447786],[133.43231760434472,34.554858715447786]]]}},{"type":"Feature","properties":{"jobs":58,"pop":144,"pointCount":8,"homeWorkCommuteMedian":5052,"workHomeCommuteMedian":8360},"geometry":{"type":"Polygon","coordinates":[[[133.43231760434472,34.56385191908503],[133.43231760434472,34.57284512272228],[133.44131080798195,34.57284512272228],[133.44131080798195,34.56385191908503],[133.43231760434472,34.56385191908503]]]}},{"type":"Feature","properties":{"jobs":610,"pop":1053,"pointCount":15,"homeWorkCommuteMedian":9170,"workHomeCommuteMedian":12026},"geometry":{"type":"Polygon","coordinates":[[[133.43231760434472,34.57284512272228],[133.43231760434472,34.581838326359524],[133.44131080798195,34.581838326359524],[133.44131080798195,34.57284512272228],[133.43231760434472,34.57284512272228]]]}},{"type":"Feature","properties":{"jobs":662,"pop":501,"pointCount":13,"homeWorkCommuteMedian":4307,"workHomeCommuteMedian":6095},"geometry":{"type":"Polygon","coordinates":[[[133.43231760434472,34.581838326359524],[133.43231760434472,34.59083152999677],[133.44131080798195,34.59083152999677],[133.44131080798195,34.581838326359524],[133.43231760434472,34.581838326359524]]]}},{"type":"Feature","properties":{"jobs":4,"pop":220,"pointCount":3,"homeWorkCommuteMedian":8534,"workHomeCommuteMedian":16115},"geometry":{"type":"Polygon","coordinates":[[[133.43231760434472,34.60881793727126],[133.43231760434472,34.61781114090851],[133.44131080798195,34.61781114090851],[133.44131080798195,34.60881793727126],[133.43231760434472,34.60881793727126]]]}},{"type":"Feature","properties":{"jobs":303,"pop":256,"pointCount":12,"homeWorkCommuteMedian":6944,"workHomeCommuteMedian":15384},"geometry":{"type":"Polygon","coordinates":[[[133.43231760434472,34.61781114090851],[133.43231760434472,34.626804344545754],[133.44131080798195,34.626804344545754],[133.44131080798195,34.61781114090851],[133.43231760434472,34.61781114090851]]]}},{"type":"Feature","properties":{"jobs":343,"pop":211,"pointCount":7,"homeWorkCommuteMedian":8369,"workHomeCommuteMedian":6579},"geometry":{"type":"Polygon","coordinates":[[[133.43231760434472,34.626804344545754],[133.43231760434472,34.635797548183],[133.44131080798195,34.635797548183],[133.44131080798195,34.626804344545754],[133.43231760434472,34.626804344545754]]]}},{"type":"Feature","properties":{"jobs":3,"pop":0,"pointCount":1,"homeWorkCommuteMedian":-1,"workHomeCommuteMedian":27039},"geometry":{"type":"Polygon","coordinates":[[[133.43231760434472,34.644790751820246],[133.43231760434472,34.65378395545749],[133.44131080798195,34.65378395545749],[133.44131080798195,34.644790751820246],[133.43231760434472,34.644790751820246]]]}},{"type":"Feature","properties":{"jobs":0,"pop":15,"pointCount":2,"homeWorkCommuteMedian":15015,"workHomeCommuteMedian":-1},"geometry":{"type":"Polygon","coordinates":[[[133.43231760434472,34.66277715909474],[133.43231760434472,34.67177036273198],[133.44131080798195,34.67177036273198],[133.44131080798195,34.66277715909474],[133.43231760434472,34.66277715909474]]]}},{"type":"Feature","properties":{"jobs":0,"pop":24,"pointCount":1,"homeWorkCommuteMedian":12262,"workHomeCommuteMedian":-1},"geometry":{"type":"Polygon","coordinates":[[[133.43231760434472,34.68076356636923],[133.43231760434472,34.689756770006476],[133.44131080798195,34.689756770006476],[133.44131080798195,34.68076356636923],[133.43231760434472,34.68076356636923]]]}},{"type":"Feature","properties":{"jobs":197,"pop":0,"pointCount":2,"homeWorkCommuteMedian":-1,"workHomeCommuteMedian":14442},"geometry":{"type":"Polygon","coordinates":[[[133.44131080798195,34.47391988271257],[133.44131080798195,34.48291308634982],[133.45030401161918,34.48291308634982],[133.45030401161918,34.47391988271257],[133.44131080798195,34.47391988271257]]]}},{"type":"Feature","properties":{"jobs":1121,"pop":1184,"pointCount":10,"homeWorkCommuteMedian":8292,"workHomeCommuteMedian":8874},"geometry":{"type":"Polygon","coordinates":[[[133.44131080798195,34.48291308634982],[133.44131080798195,34.491906289987064],[133.45030401161918,34.491906289987064],[133.45030401161918,34.48291308634982],[133.44131080798195,34.48291308634982]]]}},{"type":"Feature","properties":{"jobs":717,"pop":1493,"pointCount":13,"homeWorkCommuteMedian":5399,"workHomeCommuteMedian":2175},"geometry":{"type":"Polygon","coordinates":[[[133.44131080798195,34.491906289987064],[133.44131080798195,34.50089949362431],[133.45030401161918,34.50089949362431],[133.45030401161918,34.491906289987064],[133.44131080798195,34.491906289987064]]]}},{"type":"Feature","properties":{"jobs":45,"pop":657,"pointCount":8,"homeWorkCommuteMedian":9204,"workHomeCommuteMedian":11549},"geometry":{"type":"Polygon","coordinates":[[[133.44131080798195,34.50089949362431],[133.44131080798195,34.509892697261556],[133.45030401161918,34.509892697261556],[133.45030401161918,34.50089949362431],[133.44131080798195,34.50089949362431]]]}},{"type":"Feature","properties":{"jobs":366,"pop":2322,"pointCount":11,"homeWorkCommuteMedian":9024,"workHomeCommuteMedian":460},"geometry":{"type":"Polygon","coordinates":[[[133.44131080798195,34.509892697261556],[133.44131080798195,34.5188859008988],[133.45030401161918,34.5188859008988],[133.45030401161918,34.509892697261556],[133.44131080798195,34.509892697261556]]]}},{"type":"Feature","properties":{"jobs":79,"pop":1760,"pointCount":13,"homeWorkCommuteMedian":9960,"workHomeCommuteMedian":45371},"geometry":{"type":"Polygon","coordinates":[[[133.44131080798195,34.5188859008988],[133.44131080798195,34.52787910453605],[133.45030401161918,34.52787910453605],[133.45030401161918,34.5188859008988],[133.44131080798195,34.5188859008988]]]}},{"type":"Feature","properties":{"jobs":228,"pop":829,"pointCount":8,"homeWorkCommuteMedian":9574,"workHomeCommuteMedian":975},"geometry":{"type":"Polygon","coordinates":[[[133.44131080798195,34.52787910453605],[133.44131080798195,34.536872308173294],[133.45030401161918,34.536872308173294],[133.45030401161918,34.52787910453605],[133.44131080798195,34.52787910453605]]]}},{"type":"Feature","properties":{"jobs":0,"pop":29,"pointCount":1,"homeWorkCommuteMedian":10378,"workHomeCommuteMedian":-1},"geometry":{"type":"Polygon","coordinates":[[[133.44131080798195,34.536872308173294],[133.44131080798195,34.54586551181054],[133.45030401161918,34.54586551181054],[133.45030401161918,34.536872308173294],[133.44131080798195,34.536872308173294]]]}},{"type":"Feature","properties":{"jobs":153,"pop":319,"pointCount":10,"homeWorkCommuteMedian":10921,"workHomeCommuteMedian":4691},"geometry":{"type":"Polygon","coordinates":[[[133.44131080798195,34.56385191908503],[133.44131080798195,34.57284512272228],[133.45030401161918,34.57284512272228],[133.45030401161918,34.56385191908503],[133.44131080798195,34.56385191908503]]]}},{"type":"Feature","properties":{"jobs":0,"pop":39,"pointCount":2,"homeWorkCommuteMedian":6317,"workHomeCommuteMedian":-1},"geometry":{"type":"Polygon","coordinates":[[[133.44131080798195,34.57284512272228],[133.44131080798195,34.581838326359524],[133.45030401161918,34.581838326359524],[133.45030401161918,34.57284512272228],[133.44131080798195,34.57284512272228]]]}},{"type":"Feature","properties":{"jobs":842,"pop":863,"pointCount":10,"homeWorkCommuteMedian":15300,"workHomeCommuteMedian":8796},"geometry":{"type":"Polygon","coordinates":[[[133.44131080798195,34.581838326359524],[133.44131080798195,34.59083152999677],[133.45030401161918,34.59083152999677],[133.45030401161918,34.581838326359524],[133.44131080798195,34.581838326359524]]]}},{"type":"Feature","properties":{"jobs":50,"pop":181,"pointCount":4,"homeWorkCommuteMedian":18551,"workHomeCommuteMedian":38674},"geometry":{"type":"Polygon","coordinates":[[[133.44131080798195,34.59083152999677],[133.44131080798195,34.599824733634016],[133.45030401161918,34.599824733634016],[133.45030401161918,34.59083152999677],[133.44131080798195,34.59083152999677]]]}},{"type":"Feature","properties":{"jobs":47,"pop":142,"pointCount":4,"homeWorkCommuteMedian":6427,"workHomeCommuteMedian":34908},"geometry":{"type":"Polygon","coordinates":[[[133.44131080798195,34.599824733634016],[133.44131080798195,34.60881793727126],[133.45030401161918,34.60881793727126],[133.45030401161918,34.599824733634016],[133.44131080798195,34.599824733634016]]]}},{"type":"Feature","properties":{"jobs":21,"pop":61,"pointCount":2,"homeWorkCommuteMedian":1934,"workHomeCommuteMedian":1466},"geometry":{"type":"Polygon","coordinates":[[[133.44131080798195,34.60881793727126],[133.44131080798195,34.61781114090851],[133.45030401161918,34.61781114090851],[133.45030401161918,34.60881793727126],[133.44131080798195,34.60881793727126]]]}},{"type":"Feature","properties":{"jobs":136,"pop":160,"pointCount":6,"homeWorkCommuteMedian":22686,"workHomeCommuteMedian":6328},"geometry":{"type":"Polygon","coordinates":[[[133.44131080798195,34.61781114090851],[133.44131080798195,34.626804344545754],[133.45030401161918,34.626804344545754],[133.45030401161918,34.61781114090851],[133.44131080798195,34.61781114090851]]]}},{"type":"Feature","properties":{"jobs":0,"pop":43,"pointCount":2,"homeWorkCommuteMedian":12059,"workHomeCommuteMedian":-1},"geometry":{"type":"Polygon","coordinates":[[[133.44131080798195,34.635797548183],[133.44131080798195,34.644790751820246],[133.45030401161918,34.644790751820246],[133.45030401161918,34.635797548183],[133.44131080798195,34.635797548183]]]}},{"type":"Feature","properties":{"jobs":4,"pop":27,"pointCount":1,"homeWorkCommuteMedian":3387,"workHomeCommuteMedian":12494},"geometry":{"type":"Polygon","coordinates":[[[133.44131080798195,34.644790751820246],[133.44131080798195,34.65378395545749],[133.45030401161918,34.65378395545749],[133.45030401161918,34.644790751820246],[133.44131080798195,34.644790751820246]]]}},{"type":"Feature","properties":{"jobs":0,"pop":34,"pointCount":2,"homeWorkCommuteMedian":10518,"workHomeCommuteMedian":-1},"geometry":{"type":"Polygon","coordinates":[[[133.44131080798195,34.65378395545749],[133.44131080798195,34.66277715909474],[133.45030401161918,34.66277715909474],[133.45030401161918,34.65378395545749],[133.44131080798195,34.65378395545749]]]}},{"type":"Feature","properties":{"jobs":3,"pop":10,"pointCount":2,"homeWorkCommuteMedian":12884,"workHomeCommuteMedian":2162},"geometry":{"type":"Polygon","coordinates":[[[133.44131080798195,34.66277715909474],[133.44131080798195,34.67177036273198],[133.45030401161918,34.67177036273198],[133.45030401161918,34.66277715909474],[133.44131080798195,34.66277715909474]]]}},{"type":"Feature","properties":{"jobs":0,"pop":10,"pointCount":1,"homeWorkCommuteMedian":19946,"workHomeCommuteMedian":-1},"geometry":{"type":"Polygon","coordinates":[[[133.44131080798195,34.68076356636923],[133.44131080798195,34.689756770006476],[133.45030401161918,34.689756770006476],[133.45030401161918,34.68076356636923],[133.44131080798195,34.68076356636923]]]}},{"type":"Feature","properties":{"jobs":16,"pop":21,"pointCount":1,"homeWorkCommuteMedian":18740,"workHomeCommuteMedian":60427},"geometry":{"type":"Polygon","coordinates":[[[133.45030401161918,34.33902182815388],[133.45030401161918,34.34801503179113],[133.4592972152564,34.34801503179113],[133.4592972152564,34.33902182815388],[133.45030401161918,34.33902182815388]]]}},{"type":"Feature","properties":{"jobs":406,"pop":0,"pointCount":5,"homeWorkCommuteMedian":-1,"workHomeCommuteMedian":11927},"geometry":{"type":"Polygon","coordinates":[[[133.45030401161918,34.47391988271257],[133.45030401161918,34.48291308634982],[133.4592972152564,34.48291308634982],[133.4592972152564,34.47391988271257],[133.45030401161918,34.47391988271257]]]}},{"type":"Feature","properties":{"jobs":1269,"pop":191,"pointCount":9,"homeWorkCommuteMedian":7528,"workHomeCommuteMedian":9154},"geometry":{"type":"Polygon","coordinates":[[[133.45030401161918,34.48291308634982],[133.45030401161918,34.491906289987064],[133.4592972152564,34.491906289987064],[133.4592972152564,34.48291308634982],[133.45030401161918,34.48291308634982]]]}},{"type":"Feature","properties":{"jobs":1342,"pop":1134,"pointCount":12,"homeWorkCommuteMedian":8316,"workHomeCommuteMedian":9191},"geometry":{"type":"Polygon","coordinates":[[[133.45030401161918,34.491906289987064],[133.45030401161918,34.50089949362431],[133.4592972152564,34.50089949362431],[133.4592972152564,34.491906289987064],[133.45030401161918,34.491906289987064]]]}},{"type":"Feature","properties":{"jobs":291,"pop":285,"pointCount":10,"homeWorkCommuteMedian":10348,"workHomeCommuteMedian":6346},"geometry":{"type":"Polygon","coordinates":[[[133.45030401161918,34.50089949362431],[133.45030401161918,34.509892697261556],[133.4592972152564,34.509892697261556],[133.4592972152564,34.50089949362431],[133.45030401161918,34.50089949362431]]]}},{"type":"Feature","properties":{"jobs":90,"pop":39,"pointCount":4,"homeWorkCommuteMedian":7727,"workHomeCommuteMedian":8143},"geometry":{"type":"Polygon","coordinates":[[[133.45030401161918,34.5188859008988],[133.45030401161918,34.52787910453605],[133.4592972152564,34.52787910453605],[133.4592972152564,34.5188859008988],[133.45030401161918,34.5188859008988]]]}},{"type":"Feature","properties":{"jobs":185,"pop":237,"pointCount":8,"homeWorkCommuteMedian":10746,"workHomeCommuteMedian":9733},"geometry":{"type":"Polygon","coordinates":[[[133.45030401161918,34.52787910453605],[133.45030401161918,34.536872308173294],[133.4592972152564,34.536872308173294],[133.4592972152564,34.52787910453605],[133.45030401161918,34.52787910453605]]]}},{"type":"Feature","properties":{"jobs":37,"pop":0,"pointCount":1,"homeWorkCommuteMedian":-1,"workHomeCommuteMedian":6621},"geometry":{"type":"Polygon","coordinates":[[[133.45030401161918,34.536872308173294],[133.45030401161918,34.54586551181054],[133.4592972152564,34.54586551181054],[133.4592972152564,34.536872308173294],[133.45030401161918,34.536872308173294]]]}},{"type":"Feature","properties":{"jobs":0,"pop":42,"pointCount":1,"homeWorkCommuteMedian":14181,"workHomeCommuteMedian":-1},"geometry":{"type":"Polygon","coordinates":[[[133.45030401161918,34.54586551181054],[133.45030401161918,34.554858715447786],[133.4592972152564,34.554858715447786],[133.4592972152564,34.54586551181054],[133.45030401161918,34.54586551181054]]]}},{"type":"Feature","properties":{"jobs":13,"pop":62,"pointCount":3,"homeWorkCommuteMedian":8274,"workHomeCommuteMedian":9640},"geometry":{"type":"Polygon","coordinates":[[[133.45030401161918,34.554858715447786],[133.45030401161918,34.56385191908503],[133.4592972152564,34.56385191908503],[133.4592972152564,34.554858715447786],[133.45030401161918,34.554858715447786]]]}},{"type":"Feature","properties":{"jobs":67,"pop":134,"pointCount":7,"homeWorkCommuteMedian":5998,"workHomeCommuteMedian":12911},"geometry":{"type":"Polygon","coordinates":[[[133.45030401161918,34.56385191908503],[133.45030401161918,34.57284512272228],[133.4592972152564,34.57284512272228],[133.4592972152564,34.56385191908503],[133.45030401161918,34.56385191908503]]]}},{"type":"Feature","properties":{"jobs":171,"pop":0,"pointCount":1,"homeWorkCommuteMedian":-1,"workHomeCommuteMedian":6336},"geometry":{"type":"Polygon","coordinates":[[[133.45030401161918,34.57284512272228],[133.45030401161918,34.581838326359524],[133.4592972152564,34.581838326359524],[133.4592972152564,34.57284512272228],[133.45030401161918,34.57284512272228]]]}},{"type":"Feature","properties":{"jobs":164,"pop":500,"pointCount":6,"homeWorkCommuteMedian":11944,"workHomeCommuteMedian":16399},"geometry":{"type":"Polygon","coordinates":[[[133.45030401161918,34.581838326359524],[133.45030401161918,34.59083152999677],[133.4592972152564,34.59083152999677],[133.4592972152564,34.581838326359524],[133.45030401161918,34.581838326359524]]]}},{"type":"Feature","properties":{"jobs":557,"pop":268,"pointCount":8,"homeWorkCommuteMedian":2848,"workHomeCommuteMedian":8523},"geometry":{"type":"Polygon","coordinates":[[[133.45030401161918,34.59083152999677],[133.45030401161918,34.599824733634016],[133.4592972152564,34.599824733634016],[133.4592972152564,34.59083152999677],[133.45030401161918,34.59083152999677]]]}},{"type":"Feature","properties":{"jobs":621,"pop":541,"pointCount":7,"homeWorkCommuteMedian":8193,"workHomeCommuteMedian":13955},"geometry":{"type":"Polygon","coordinates":[[[133.45030401161918,34.599824733634016],[133.45030401161918,34.60881793727126],[133.4592972152564,34.60881793727126],[133.4592972152564,34.599824733634016],[133.45030401161918,34.599824733634016]]]}},{"type":"Feature","properties":{"jobs":124,"pop":287,"pointCount":4,"homeWorkCommuteMedian":2321,"workHomeCommuteMedian":2864},"geometry":{"type":"Polygon","coordinates":[[[133.45030401161918,34.60881793727126],[133.45030401161918,34.61781114090851],[133.4592972152564,34.61781114090851],[133.4592972152564,34.60881793727126],[133.45030401161918,34.60881793727126]]]}},{"type":"Feature","properties":{"jobs":0,"pop":24,"pointCount":1,"homeWorkCommuteMedian":4683,"workHomeCommuteMedian":-1},"geometry":{"type":"Polygon","coordinates":[[[133.45030401161918,34.61781114090851],[133.45030401161918,34.626804344545754],[133.4592972152564,34.626804344545754],[133.4592972152564,34.61781114090851],[133.45030401161918,34.61781114090851]]]}},{"type":"Feature","properties":{"jobs":0,"pop":32,"pointCount":1,"homeWorkCommuteMedian":18476,"workHomeCommuteMedian":-1},"geometry":{"type":"Polygon","coordinates":[[[133.45030401161918,34.626804344545754],[133.45030401161918,34.635797548183],[133.4592972152564,34.635797548183],[133.4592972152564,34.626804344545754],[133.45030401161918,34.626804344545754]]]}},{"type":"Feature","properties":{"jobs":0,"pop":2,"pointCount":1,"homeWorkCommuteMedian":6288,"workHomeCommuteMedian":-1},"geometry":{"type":"Polygon","coordinates":[[[133.45030401161918,34.635797548183],[133.45030401161918,34.644790751820246],[133.4592972152564,34.644790751820246],[133.4592972152564,34.635797548183],[133.45030401161918,34.635797548183]]]}},{"type":"Feature","properties":{"jobs":0,"pop":4,"pointCount":1,"homeWorkCommuteMedian":11149,"workHomeCommuteMedian":-1},"geometry":{"type":"Polygon","coordinates":[[[133.45030401161918,34.65378395545749],[133.45030401161918,34.66277715909474],[133.4592972152564,34.66277715909474],[133.4592972152564,34.65378395545749],[133.45030401161918,34.65378395545749]]]}},{"type":"Feature","properties":{"jobs":0,"pop":48,"pointCount":1,"homeWorkCommuteMedian":6794,"workHomeCommuteMedian":-1},"geometry":{"type":"Polygon","coordinates":[[[133.45030401161918,34.66277715909474],[133.45030401161918,34.67177036273198],[133.4592972152564,34.67177036273198],[133.4592972152564,34.66277715909474],[133.45030401161918,34.66277715909474]]]}},{"type":"Feature","properties":{"jobs":16,"pop":39,"pointCount":2,"homeWorkCommuteMedian":3246,"workHomeCommuteMedian":599},"geometry":{"type":"Polygon","coordinates":[[[133.45030401161918,34.67177036273198],[133.45030401161918,34.68076356636923],[133.4592972152564,34.68076356636923],[133.4592972152564,34.67177036273198],[133.45030401161918,34.67177036273198]]]}},{"type":"Feature","properties":{"jobs":16,"pop":0,"pointCount":1,"homeWorkCommuteMedian":-1,"workHomeCommuteMedian":48390},"geometry":{"type":"Polygon","coordinates":[[[133.4592972152564,34.464926679075326],[133.4592972152564,34.47391988271257],[133.46829041889364,34.47391988271257],[133.46829041889364,34.464926679075326],[133.4592972152564,34.464926679075326]]]}},{"type":"Feature","properties":{"jobs":303,"pop":0,"pointCount":2,"homeWorkCommuteMedian":-1,"workHomeCommuteMedian":12607},"geometry":{"type":"Polygon","coordinates":[[[133.4592972152564,34.47391988271257],[133.4592972152564,34.48291308634982],[133.46829041889364,34.48291308634982],[133.46829041889364,34.47391988271257],[133.4592972152564,34.47391988271257]]]}},{"type":"Feature","properties":{"jobs":849,"pop":45,"pointCount":4,"homeWorkCommuteMedian":23119,"workHomeCommuteMedian":8666},"geometry":{"type":"Polygon","coordinates":[[[133.4592972152564,34.48291308634982],[133.4592972152564,34.491906289987064],[133.46829041889364,34.491906289987064],[133.46829041889364,34.48291308634982],[133.4592972152564,34.48291308634982]]]}},{"type":"Feature","properties":{"jobs":0,"pop":116,"pointCount":5,"homeWorkCommuteMedian":2461,"workHomeCommuteMedian":-1},"geometry":{"type":"Polygon","coordinates":[[[133.4592972152564,34.491906289987064],[133.4592972152564,34.50089949362431],[133.46829041889364,34.50089949362431],[133.46829041889364,34.491906289987064],[133.4592972152564,34.491906289987064]]]}},{"type":"Feature","properties":{"jobs":263,"pop":202,"pointCount":7,"homeWorkCommuteMedian":6092,"workHomeCommuteMedian":8111},"geometry":{"type":"Polygon","coordinates":[[[133.4592972152564,34.50089949362431],[133.4592972152564,34.509892697261556],[133.46829041889364,34.509892697261556],[133.46829041889364,34.50089949362431],[133.4592972152564,34.50089949362431]]]}},{"type":"Feature","properties":{"jobs":46,"pop":112,"pointCount":5,"homeWorkCommuteMedian":7589,"workHomeCommuteMedian":13524},"geometry":{"type":"Polygon","coordinates":[[[133.4592972152564,34.509892697261556],[133.4592972152564,34.5188859008988],[133.46829041889364,34.5188859008988],[133.46829041889364,34.509892697261556],[133.4592972152564,34.509892697261556]]]}},{"type":"Feature","properties":{"jobs":0,"pop":142,"pointCount":4,"homeWorkCommuteMedian":6001,"workHomeCommuteMedian":-1},"geometry":{"type":"Polygon","coordinates":[[[133.4592972152564,34.5188859008988],[133.4592972152564,34.52787910453605],[133.46829041889364,34.52787910453605],[133.46829041889364,34.5188859008988],[133.4592972152564,34.5188859008988]]]}},{"type":"Feature","properties":{"jobs":27,"pop":196,"pointCount":3,"homeWorkCommuteMedian":6990,"workHomeCommuteMedian":6704},"geometry":{"type":"Polygon","coordinates":[[[133.4592972152564,34.52787910453605],[133.4592972152564,34.536872308173294],[133.46829041889364,34.536872308173294],[133.46829041889364,34.52787910453605],[133.4592972152564,34.52787910453605]]]}},{"type":"Feature","properties":{"jobs":0,"pop":241,"pointCount":2,"homeWorkCommuteMedian":4984,"workHomeCommuteMedian":-1},"geometry":{"type":"Polygon","coordinates":[[[133.4592972152564,34.554858715447786],[133.4592972152564,34.56385191908503],[133.46829041889364,34.56385191908503],[133.46829041889364,34.554858715447786],[133.4592972152564,34.554858715447786]]]}},{"type":"Feature","properties":{"jobs":122,"pop":115,"pointCount":7,"homeWorkCommuteMedian":6374,"workHomeCommuteMedian":9800},"geometry":{"type":"Polygon","coordinates":[[[133.4592972152564,34.56385191908503],[133.4592972152564,34.57284512272228],[133.46829041889364,34.57284512272228],[133.46829041889364,34.56385191908503],[133.4592972152564,34.56385191908503]]]}},{"type":"Feature","properties":{"jobs":35,"pop":36,"pointCount":2,"homeWorkCommuteMedian":4139,"workHomeCommuteMedian":12758},"geometry":{"type":"Polygon","coordinates":[[[133.4592972152564,34.57284512272228],[133.4592972152564,34.581838326359524],[133.46829041889364,34.581838326359524],[133.46829041889364,34.57284512272228],[133.4592972152564,34.57284512272228]]]}},{"type":"Feature","properties":{"jobs":191,"pop":427,"pointCount":5,"homeWorkCommuteMedian":5878,"workHomeCommuteMedian":10543},"geometry":{"type":"Polygon","coordinates":[[[133.4592972152564,34.581838326359524],[133.4592972152564,34.59083152999677],[133.46829041889364,34.59083152999677],[133.46829041889364,34.581838326359524],[133.4592972152564,34.581838326359524]]]}},{"type":"Feature","properties":{"jobs":2231,"pop":1130,"pointCount":16,"homeWorkCommuteMedian":4269,"workHomeCommuteMedian":9689},"geometry":{"type":"Polygon","coordinates":[[[133.4592972152564,34.59083152999677],[133.4592972152564,34.599824733634016],[133.46829041889364,34.599824733634016],[133.46829041889364,34.59083152999677],[133.4592972152564,34.59083152999677]]]}},{"type":"Feature","properties":{"jobs":1254,"pop":941,"pointCount":14,"homeWorkCommuteMedian":4389,"workHomeCommuteMedian":6331},"geometry":{"type":"Polygon","coordinates":[[[133.4592972152564,34.599824733634016],[133.4592972152564,34.60881793727126],[133.46829041889364,34.60881793727126],[133.46829041889364,34.599824733634016],[133.4592972152564,34.599824733634016]]]}},{"type":"Feature","properties":{"jobs":0,"pop":47,"pointCount":2,"homeWorkCommuteMedian":6236,"workHomeCommuteMedian":-1},"geometry":{"type":"Polygon","coordinates":[[[133.4592972152564,34.60881793727126],[133.4592972152564,34.61781114090851],[133.46829041889364,34.61781114090851],[133.46829041889364,34.60881793727126],[133.4592972152564,34.60881793727126]]]}},{"type":"Feature","properties":{"jobs":0,"pop":104,"pointCount":4,"homeWorkCommuteMedian":3775,"workHomeCommuteMedian":-1},"geometry":{"type":"Polygon","coordinates":[[[133.4592972152564,34.61781114090851],[133.4592972152564,34.626804344545754],[133.46829041889364,34.626804344545754],[133.46829041889364,34.61781114090851],[133.4592972152564,34.61781114090851]]]}},{"type":"Feature","properties":{"jobs":0,"pop":16,"pointCount":1,"homeWorkCommuteMedian":8953,"workHomeCommuteMedian":-1},"geometry":{"type":"Polygon","coordinates":[[[133.4592972152564,34.626804344545754],[133.4592972152564,34.635797548183],[133.46829041889364,34.635797548183],[133.46829041889364,34.626804344545754],[133.4592972152564,34.626804344545754]]]}},{"type":"Feature","properties":{"jobs":0,"pop":54,"pointCount":2,"homeWorkCommuteMedian":9436,"workHomeCommuteMedian":-1},"geometry":{"type":"Polygon","coordinates":[[[133.4592972152564,34.635797548183],[133.4592972152564,34.644790751820246],[133.46829041889364,34.644790751820246],[133.46829041889364,34.635797548183],[133.4592972152564,34.635797548183]]]}},{"type":"Feature","properties":{"jobs":2,"pop":27,"pointCount":2,"homeWorkCommuteMedian":18580,"workHomeCommuteMedian":1489},"geometry":{"type":"Polygon","coordinates":[[[133.4592972152564,34.66277715909474],[133.4592972152564,34.67177036273198],[133.46829041889364,34.67177036273198],[133.46829041889364,34.66277715909474],[133.4592972152564,34.66277715909474]]]}},{"type":"Feature","properties":{"jobs":0,"pop":27,"pointCount":1,"homeWorkCommuteMedian":7397,"workHomeCommuteMedian":-1},"geometry":{"type":"Polygon","coordinates":[[[133.4592972152564,34.67177036273198],[133.4592972152564,34.68076356636923],[133.46829041889364,34.68076356636923],[133.46829041889364,34.67177036273198],[133.4592972152564,34.67177036273198]]]}},{"type":"Feature","properties":{"jobs":1,"pop":11,"pointCount":1,"homeWorkCommuteMedian":11050,"workHomeCommuteMedian":1417},"geometry":{"type":"Polygon","coordinates":[[[133.4592972152564,34.68076356636923],[133.4592972152564,34.689756770006476],[133.46829041889364,34.689756770006476],[133.46829041889364,34.68076356636923],[133.4592972152564,34.68076356636923]]]}},{"type":"Feature","properties":{"jobs":39,"pop":0,"pointCount":1,"homeWorkCommuteMedian":-1,"workHomeCommuteMedian":9051},"geometry":{"type":"Polygon","coordinates":[[[133.46829041889364,34.47391988271257],[133.46829041889364,34.48291308634982],[133.47728362253088,34.48291308634982],[133.47728362253088,34.47391988271257],[133.46829041889364,34.47391988271257]]]}},{"type":"Feature","properties":{"jobs":23,"pop":293,"pointCount":5,"homeWorkCommuteMedian":6404,"workHomeCommuteMedian":18005},"geometry":{"type":"Polygon","coordinates":[[[133.46829041889364,34.50089949362431],[133.46829041889364,34.509892697261556],[133.47728362253088,34.509892697261556],[133.47728362253088,34.50089949362431],[133.46829041889364,34.50089949362431]]]}},{"type":"Feature","properties":{"jobs":38,"pop":159,"pointCount":7,"homeWorkCommuteMedian":4567,"workHomeCommuteMedian":8522},"geometry":{"type":"Polygon","coordinates":[[[133.46829041889364,34.509892697261556],[133.46829041889364,34.5188859008988],[133.47728362253088,34.5188859008988],[133.47728362253088,34.509892697261556],[133.46829041889364,34.509892697261556]]]}},{"type":"Feature","properties":{"jobs":22,"pop":0,"pointCount":1,"homeWorkCommuteMedian":-1,"workHomeCommuteMedian":6739},"geometry":{"type":"Polygon","coordinates":[[[133.46829041889364,34.5188859008988],[133.46829041889364,34.52787910453605],[133.47728362253088,34.52787910453605],[133.47728362253088,34.5188859008988],[133.46829041889364,34.5188859008988]]]}},{"type":"Feature","properties":{"jobs":13,"pop":147,"pointCount":5,"homeWorkCommuteMedian":7386,"workHomeCommuteMedian":8880},"geometry":{"type":"Polygon","coordinates":[[[133.46829041889364,34.536872308173294],[133.46829041889364,34.54586551181054],[133.47728362253088,34.54586551181054],[133.47728362253088,34.536872308173294],[133.46829041889364,34.536872308173294]]]}},{"type":"Feature","properties":{"jobs":0,"pop":24,"pointCount":1,"homeWorkCommuteMedian":7058,"workHomeCommuteMedian":-1},"geometry":{"type":"Polygon","coordinates":[[[133.46829041889364,34.54586551181054],[133.46829041889364,34.554858715447786],[133.47728362253088,34.554858715447786],[133.47728362253088,34.54586551181054],[133.46829041889364,34.54586551181054]]]}},{"type":"Feature","properties":{"jobs":0,"pop":37,"pointCount":2,"homeWorkCommuteMedian":10715,"workHomeCommuteMedian":-1},"geometry":{"type":"Polygon","coordinates":[[[133.46829041889364,34.554858715447786],[133.46829041889364,34.56385191908503],[133.47728362253088,34.56385191908503],[133.47728362253088,34.554858715447786],[133.46829041889364,34.554858715447786]]]}},{"type":"Feature","properties":{"jobs":25,"pop":213,"pointCount":7,"homeWorkCommuteMedian":4671,"workHomeCommuteMedian":9001},"geometry":{"type":"Polygon","coordinates":[[[133.46829041889364,34.56385191908503],[133.46829041889364,34.57284512272228],[133.47728362253088,34.57284512272228],[133.47728362253088,34.56385191908503],[133.46829041889364,34.56385191908503]]]}},{"type":"Feature","properties":{"jobs":169,"pop":130,"pointCount":5,"homeWorkCommuteMedian":4042,"workHomeCommuteMedian":6571},"geometry":{"type":"Polygon","coordinates":[[[133.46829041889364,34.57284512272228],[133.46829041889364,34.581838326359524],[133.47728362253088,34.581838326359524],[133.47728362253088,34.57284512272228],[133.46829041889364,34.57284512272228]]]}},{"type":"Feature","properties":{"jobs":62,"pop":49,"pointCount":3,"homeWorkCommuteMedian":2300,"workHomeCommuteMedian":6192},"geometry":{"type":"Polygon","coordinates":[[[133.46829041889364,34.581838326359524],[133.46829041889364,34.59083152999677],[133.47728362253088,34.59083152999677],[133.47728362253088,34.581838326359524],[133.46829041889364,34.581838326359524]]]}},{"type":"Feature","properties":{"jobs":606,"pop":878,"pointCount":16,"homeWorkCommuteMedian":4783,"workHomeCommuteMedian":12009},"geometry":{"type":"Polygon","coordinates":[[[133.46829041889364,34.59083152999677],[133.46829041889364,34.599824733634016],[133.47728362253088,34.599824733634016],[133.47728362253088,34.59083152999677],[133.46829041889364,34.59083152999677]]]}},{"type":"Feature","properties":{"jobs":896,"pop":281,"pointCount":12,"homeWorkCommuteMedian":10139,"workHomeCommuteMedian":4938},"geometry":{"type":"Polygon","coordinates":[[[133.46829041889364,34.599824733634016],[133.46829041889364,34.60881793727126],[133.47728362253088,34.60881793727126],[133.47728362253088,34.599824733634016],[133.46829041889364,34.599824733634016]]]}},{"type":"Feature","properties":{"jobs":86,"pop":60,"pointCount":4,"homeWorkCommuteMedian":6847,"workHomeCommuteMedian":682},"geometry":{"type":"Polygon","coordinates":[[[133.46829041889364,34.61781114090851],[133.46829041889364,34.626804344545754],[133.47728362253088,34.626804344545754],[133.47728362253088,34.61781114090851],[133.46829041889364,34.61781114090851]]]}},{"type":"Feature","properties":{"jobs":0,"pop":29,"pointCount":1,"homeWorkCommuteMedian":4695,"workHomeCommuteMedian":-1},"geometry":{"type":"Polygon","coordinates":[[[133.46829041889364,34.626804344545754],[133.46829041889364,34.635797548183],[133.47728362253088,34.635797548183],[133.47728362253088,34.626804344545754],[133.46829041889364,34.626804344545754]]]}},{"type":"Feature","properties":{"jobs":0,"pop":66,"pointCount":1,"homeWorkCommuteMedian":5273,"workHomeCommuteMedian":-1},"geometry":{"type":"Polygon","coordinates":[[[133.46829041889364,34.635797548183],[133.46829041889364,34.644790751820246],[133.47728362253088,34.644790751820246],[133.47728362253088,34.635797548183],[133.46829041889364,34.635797548183]]]}},{"type":"Feature","properties":{"jobs":1,"pop":16,"pointCount":1,"homeWorkCommuteMedian":6451,"workHomeCommuteMedian":5569},"geometry":{"type":"Polygon","coordinates":[[[133.46829041889364,34.65378395545749],[133.46829041889364,34.66277715909474],[133.47728362253088,34.66277715909474],[133.47728362253088,34.65378395545749],[133.46829041889364,34.65378395545749]]]}},{"type":"Feature","properties":{"jobs":0,"pop":23,"pointCount":1,"homeWorkCommuteMedian":8427,"workHomeCommuteMedian":-1},"geometry":{"type":"Polygon","coordinates":[[[133.46829041889364,34.66277715909474],[133.46829041889364,34.67177036273198],[133.47728362253088,34.67177036273198],[133.47728362253088,34.66277715909474],[133.46829041889364,34.66277715909474]]]}},{"type":"Feature","properties":{"jobs":1,"pop":0,"pointCount":1,"homeWorkCommuteMedian":-1,"workHomeCommuteMedian":2967},"geometry":{"type":"Polygon","coordinates":[[[133.46829041889364,34.67177036273198],[133.46829041889364,34.68076356636923],[133.47728362253088,34.68076356636923],[133.47728362253088,34.67177036273198],[133.46829041889364,34.67177036273198]]]}},{"type":"Feature","properties":{"jobs":0,"pop":39,"pointCount":2,"homeWorkCommuteMedian":8351,"workHomeCommuteMedian":-1},"geometry":{"type":"Polygon","coordinates":[[[133.47728362253088,34.446940271800834],[133.47728362253088,34.45593347543808],[133.4862768261681,34.45593347543808],[133.4862768261681,34.446940271800834],[133.47728362253088,34.446940271800834]]]}},{"type":"Feature","properties":{"jobs":498,"pop":0,"pointCount":1,"homeWorkCommuteMedian":-1,"workHomeCommuteMedian":7682},"geometry":{"type":"Polygon","coordinates":[[[133.47728362253088,34.464926679075326],[133.47728362253088,34.47391988271257],[133.4862768261681,34.47391988271257],[133.4862768261681,34.464926679075326],[133.47728362253088,34.464926679075326]]]}},{"type":"Feature","properties":{"jobs":28,"pop":0,"pointCount":1,"homeWorkCommuteMedian":-1,"workHomeCommuteMedian":11182},"geometry":{"type":"Polygon","coordinates":[[[133.47728362253088,34.48291308634982],[133.47728362253088,34.491906289987064],[133.4862768261681,34.491906289987064],[133.4862768261681,34.48291308634982],[133.47728362253088,34.48291308634982]]]}},{"type":"Feature","properties":{"jobs":427,"pop":0,"pointCount":1,"homeWorkCommuteMedian":-1,"workHomeCommuteMedian":10443},"geometry":{"type":"Polygon","coordinates":[[[133.47728362253088,34.491906289987064],[133.47728362253088,34.50089949362431],[133.4862768261681,34.50089949362431],[133.4862768261681,34.491906289987064],[133.47728362253088,34.491906289987064]]]}},{"type":"Feature","properties":{"jobs":41,"pop":103,"pointCount":3,"homeWorkCommuteMedian":12067,"workHomeCommuteMedian":12276},"geometry":{"type":"Polygon","coordinates":[[[133.47728362253088,34.50089949362431],[133.47728362253088,34.509892697261556],[133.4862768261681,34.509892697261556],[133.4862768261681,34.50089949362431],[133.47728362253088,34.50089949362431]]]}},{"type":"Feature","properties":{"jobs":326,"pop":1099,"pointCount":11,"homeWorkCommuteMedian":7621,"workHomeCommuteMedian":8225},"geometry":{"type":"Polygon","coordinates":[[[133.47728362253088,34.509892697261556],[133.47728362253088,34.5188859008988],[133.4862768261681,34.5188859008988],[133.4862768261681,34.509892697261556],[133.47728362253088,34.509892697261556]]]}},{"type":"Feature","properties":{"jobs":168,"pop":43,"pointCount":2,"homeWorkCommuteMedian":14642,"workHomeCommuteMedian":3617},"geometry":{"type":"Polygon","coordinates":[[[133.47728362253088,34.5188859008988],[133.47728362253088,34.52787910453605],[133.4862768261681,34.52787910453605],[133.4862768261681,34.5188859008988],[133.47728362253088,34.5188859008988]]]}},{"type":"Feature","properties":{"jobs":0,"pop":91,"pointCount":3,"homeWorkCommuteMedian":6244,"workHomeCommuteMedian":-1},"geometry":{"type":"Polygon","coordinates":[[[133.47728362253088,34.52787910453605],[133.47728362253088,34.536872308173294],[133.4862768261681,34.536872308173294],[133.4862768261681,34.52787910453605],[133.47728362253088,34.52787910453605]]]}},{"type":"Feature","properties":{"jobs":10,"pop":0,"pointCount":1,"homeWorkCommuteMedian":-1,"workHomeCommuteMedian":14691},"geometry":{"type":"Polygon","coordinates":[[[133.47728362253088,34.536872308173294],[133.47728362253088,34.54586551181054],[133.4862768261681,34.54586551181054],[133.4862768261681,34.536872308173294],[133.47728362253088,34.536872308173294]]]}},{"type":"Feature","properties":{"jobs":181,"pop":0,"pointCount":2,"homeWorkCommuteMedian":-1,"workHomeCommuteMedian":13886},"geometry":{"type":"Polygon","coordinates":[[[133.47728362253088,34.54586551181054],[133.47728362253088,34.554858715447786],[133.4862768261681,34.554858715447786],[133.4862768261681,34.54586551181054],[133.47728362253088,34.54586551181054]]]}},{"type":"Feature","properties":{"jobs":0,"pop":74,"pointCount":3,"homeWorkCommuteMedian":5980,"workHomeCommuteMedian":-1},"geometry":{"type":"Polygon","coordinates":[[[133.47728362253088,34.554858715447786],[133.47728362253088,34.56385191908503],[133.4862768261681,34.56385191908503],[133.4862768261681,34.554858715447786],[133.47728362253088,34.554858715447786]]]}},{"type":"Feature","properties":{"jobs":0,"pop":164,"pointCount":5,"homeWorkCommuteMedian":6066,"workHomeCommuteMedian":-1},"geometry":{"type":"Polygon","coordinates":[[[133.47728362253088,34.56385191908503],[133.47728362253088,34.57284512272228],[133.4862768261681,34.57284512272228],[133.4862768261681,34.56385191908503],[133.47728362253088,34.56385191908503]]]}},{"type":"Feature","properties":{"jobs":192,"pop":237,"pointCount":6,"homeWorkCommuteMedian":3270,"workHomeCommuteMedian":4525},"geometry":{"type":"Polygon","coordinates":[[[133.47728362253088,34.57284512272228],[133.47728362253088,34.581838326359524],[133.4862768261681,34.581838326359524],[133.4862768261681,34.57284512272228],[133.47728362253088,34.57284512272228]]]}},{"type":"Feature","properties":{"jobs":44,"pop":92,"pointCount":2,"homeWorkCommuteMedian":15512,"workHomeCommuteMedian":5811},"geometry":{"type":"Polygon","coordinates":[[[133.47728362253088,34.581838326359524],[133.47728362253088,34.59083152999677],[133.4862768261681,34.59083152999677],[133.4862768261681,34.581838326359524],[133.47728362253088,34.581838326359524]]]}},{"type":"Feature","properties":{"jobs":1649,"pop":609,"pointCount":13,"homeWorkCommuteMedian":4498,"workHomeCommuteMedian":8274},"geometry":{"type":"Polygon","coordinates":[[[133.47728362253088,34.59083152999677],[133.47728362253088,34.599824733634016],[133.4862768261681,34.599824733634016],[133.4862768261681,34.59083152999677],[133.47728362253088,34.59083152999677]]]}},{"type":"Feature","properties":{"jobs":180,"pop":628,"pointCount":10,"homeWorkCommuteMedian":8399,"workHomeCommuteMedian":6891},"geometry":{"type":"Polygon","coordinates":[[[133.47728362253088,34.599824733634016],[133.47728362253088,34.60881793727126],[133.4862768261681,34.60881793727126],[133.4862768261681,34.599824733634016],[133.47728362253088,34.599824733634016]]]}},{"type":"Feature","properties":{"jobs":0,"pop":73,"pointCount":3,"homeWorkCommuteMedian":5747,"workHomeCommuteMedian":-1},"geometry":{"type":"Polygon","coordinates":[[[133.47728362253088,34.60881793727126],[133.47728362253088,34.61781114090851],[133.4862768261681,34.61781114090851],[133.4862768261681,34.60881793727126],[133.47728362253088,34.60881793727126]]]}},{"type":"Feature","properties":{"jobs":0,"pop":16,"pointCount":1,"homeWorkCommuteMedian":7098,"workHomeCommuteMedian":-1},"geometry":{"type":"Polygon","coordinates":[[[133.47728362253088,34.635797548183],[133.47728362253088,34.644790751820246],[133.4862768261681,34.644790751820246],[133.4862768261681,34.635797548183],[133.47728362253088,34.635797548183]]]}},{"type":"Feature","properties":{"jobs":0,"pop":15,"pointCount":1,"homeWorkCommuteMedian":9254,"workHomeCommuteMedian":-1},"geometry":{"type":"Polygon","coordinates":[[[133.47728362253088,34.66277715909474],[133.47728362253088,34.67177036273198],[133.4862768261681,34.67177036273198],[133.4862768261681,34.66277715909474],[133.47728362253088,34.66277715909474]]]}},{"type":"Feature","properties":{"jobs":3,"pop":11,"pointCount":2,"homeWorkCommuteMedian":9527,"workHomeCommuteMedian":2242},"geometry":{"type":"Polygon","coordinates":[[[133.47728362253088,34.67177036273198],[133.47728362253088,34.68076356636923],[133.4862768261681,34.68076356636923],[133.4862768261681,34.67177036273198],[133.47728362253088,34.67177036273198]]]}},{"type":"Feature","properties":{"jobs":0,"pop":49,"pointCount":2,"homeWorkCommuteMedian":7550,"workHomeCommuteMedian":-1},"geometry":{"type":"Polygon","coordinates":[[[133.4862768261681,34.45593347543808],[133.4862768261681,34.464926679075326],[133.49527002980534,34.464926679075326],[133.49527002980534,34.45593347543808],[133.4862768261681,34.45593347543808]]]}},{"type":"Feature","properties":{"jobs":0,"pop":21,"pointCount":1,"homeWorkCommuteMedian":3557,"workHomeCommuteMedian":-1},"geometry":{"type":"Polygon","coordinates":[[[133.4862768261681,34.47391988271257],[133.4862768261681,34.48291308634982],[133.49527002980534,34.48291308634982],[133.49527002980534,34.47391988271257],[133.4862768261681,34.47391988271257]]]}},{"type":"Feature","properties":{"jobs":18,"pop":36,"pointCount":3,"homeWorkCommuteMedian":9374,"workHomeCommuteMedian":13183},"geometry":{"type":"Polygon","coordinates":[[[133.4862768261681,34.48291308634982],[133.4862768261681,34.491906289987064],[133.49527002980534,34.491906289987064],[133.49527002980534,34.48291308634982],[133.4862768261681,34.48291308634982]]]}},{"type":"Feature","properties":{"jobs":204,"pop":0,"pointCount":2,"homeWorkCommuteMedian":-1,"workHomeCommuteMedian":12743},"geometry":{"type":"Polygon","coordinates":[[[133.4862768261681,34.491906289987064],[133.4862768261681,34.50089949362431],[133.49527002980534,34.50089949362431],[133.49527002980534,34.491906289987064],[133.4862768261681,34.491906289987064]]]}},{"type":"Feature","properties":{"jobs":184,"pop":264,"pointCount":6,"homeWorkCommuteMedian":11345,"workHomeCommuteMedian":14456},"geometry":{"type":"Polygon","coordinates":[[[133.4862768261681,34.50089949362431],[133.4862768261681,34.509892697261556],[133.49527002980534,34.509892697261556],[133.49527002980534,34.50089949362431],[133.4862768261681,34.50089949362431]]]}},{"type":"Feature","properties":{"jobs":176,"pop":525,"pointCount":7,"homeWorkCommuteMedian":4818,"workHomeCommuteMedian":8587},"geometry":{"type":"Polygon","coordinates":[[[133.4862768261681,34.509892697261556],[133.4862768261681,34.5188859008988],[133.49527002980534,34.5188859008988],[133.49527002980534,34.509892697261556],[133.4862768261681,34.509892697261556]]]}},{"type":"Feature","properties":{"jobs":411,"pop":231,"pointCount":12,"homeWorkCommuteMedian":5849,"workHomeCommuteMedian":7282},"geometry":{"type":"Polygon","coordinates":[[[133.4862768261681,34.5188859008988],[133.4862768261681,34.52787910453605],[133.49527002980534,34.52787910453605],[133.49527002980534,34.5188859008988],[133.4862768261681,34.5188859008988]]]}},{"type":"Feature","properties":{"jobs":0,"pop":29,"pointCount":1,"homeWorkCommuteMedian":4883,"workHomeCommuteMedian":-1},"geometry":{"type":"Polygon","coordinates":[[[133.4862768261681,34.52787910453605],[133.4862768261681,34.536872308173294],[133.49527002980534,34.536872308173294],[133.49527002980534,34.52787910453605],[133.4862768261681,34.52787910453605]]]}},{"type":"Feature","properties":{"jobs":0,"pop":70,"pointCount":2,"homeWorkCommuteMedian":6730,"workHomeCommuteMedian":-1},"geometry":{"type":"Polygon","coordinates":[[[133.4862768261681,34.536872308173294],[133.4862768261681,34.54586551181054],[133.49527002980534,34.54586551181054],[133.49527002980534,34.536872308173294],[133.4862768261681,34.536872308173294]]]}},{"type":"Feature","properties":{"jobs":59,"pop":0,"pointCount":1,"homeWorkCommuteMedian":-1,"workHomeCommuteMedian":18251},"geometry":{"type":"Polygon","coordinates":[[[133.4862768261681,34.54586551181054],[133.4862768261681,34.554858715447786],[133.49527002980534,34.554858715447786],[133.49527002980534,34.54586551181054],[133.4862768261681,34.54586551181054]]]}},{"type":"Feature","properties":{"jobs":0,"pop":77,"pointCount":3,"homeWorkCommuteMedian":6557,"workHomeCommuteMedian":-1},"geometry":{"type":"Polygon","coordinates":[[[133.4862768261681,34.554858715447786],[133.4862768261681,34.56385191908503],[133.49527002980534,34.56385191908503],[133.49527002980534,34.554858715447786],[133.4862768261681,34.554858715447786]]]}},{"type":"Feature","properties":{"jobs":88,"pop":108,"pointCount":6,"homeWorkCommuteMedian":3945,"workHomeCommuteMedian":6175},"geometry":{"type":"Polygon","coordinates":[[[133.4862768261681,34.56385191908503],[133.4862768261681,34.57284512272228],[133.49527002980534,34.57284512272228],[133.49527002980534,34.56385191908503],[133.4862768261681,34.56385191908503]]]}},{"type":"Feature","properties":{"jobs":500,"pop":199,"pointCount":9,"homeWorkCommuteMedian":5105,"workHomeCommuteMedian":7075},"geometry":{"type":"Polygon","coordinates":[[[133.4862768261681,34.57284512272228],[133.4862768261681,34.581838326359524],[133.49527002980534,34.581838326359524],[133.49527002980534,34.57284512272228],[133.4862768261681,34.57284512272228]]]}},{"type":"Feature","properties":{"jobs":88,"pop":320,"pointCount":6,"homeWorkCommuteMedian":5907,"workHomeCommuteMedian":3041},"geometry":{"type":"Polygon","coordinates":[[[133.4862768261681,34.581838326359524],[133.4862768261681,34.59083152999677],[133.49527002980534,34.59083152999677],[133.49527002980534,34.581838326359524],[133.4862768261681,34.581838326359524]]]}},{"type":"Feature","properties":{"jobs":470,"pop":489,"pointCount":10,"homeWorkCommuteMedian":2372,"workHomeCommuteMedian":10692},"geometry":{"type":"Polygon","coordinates":[[[133.4862768261681,34.59083152999677],[133.4862768261681,34.599824733634016],[133.49527002980534,34.599824733634016],[133.49527002980534,34.59083152999677],[133.4862768261681,34.59083152999677]]]}},{"type":"Feature","properties":{"jobs":260,"pop":315,"pointCount":12,"homeWorkCommuteMedian":18102,"workHomeCommuteMedian":5951},"geometry":{"type":"Polygon","coordinates":[[[133.4862768261681,34.599824733634016],[133.4862768261681,34.60881793727126],[133.49527002980534,34.60881793727126],[133.49527002980534,34.599824733634016],[133.4862768261681,34.599824733634016]]]}},{"type":"Feature","properties":{"jobs":19,"pop":96,"pointCount":4,"homeWorkCommuteMedian":3865,"workHomeCommuteMedian":3240},"geometry":{"type":"Polygon","coordinates":[[[133.4862768261681,34.60881793727126],[133.4862768261681,34.61781114090851],[133.49527002980534,34.61781114090851],[133.49527002980534,34.60881793727126],[133.4862768261681,34.60881793727126]]]}},{"type":"Feature","properties":{"jobs":0,"pop":19,"pointCount":1,"homeWorkCommuteMedian":5241,"workHomeCommuteMedian":-1},"geometry":{"type":"Polygon","coordinates":[[[133.4862768261681,34.61781114090851],[133.4862768261681,34.626804344545754],[133.49527002980534,34.626804344545754],[133.49527002980534,34.61781114090851],[133.4862768261681,34.61781114090851]]]}},{"type":"Feature","properties":{"jobs":134,"pop":98,"pointCount":4,"homeWorkCommuteMedian":4529,"workHomeCommuteMedian":12285},"geometry":{"type":"Polygon","coordinates":[[[133.4862768261681,34.626804344545754],[133.4862768261681,34.635797548183],[133.49527002980534,34.635797548183],[133.49527002980534,34.626804344545754],[133.4862768261681,34.626804344545754]]]}},{"type":"Feature","properties":{"jobs":0,"pop":41,"pointCount":1,"homeWorkCommuteMedian":26220,"workHomeCommuteMedian":-1},"geometry":{"type":"Polygon","coordinates":[[[133.4862768261681,34.644790751820246],[133.4862768261681,34.65378395545749],[133.49527002980534,34.65378395545749],[133.49527002980534,34.644790751820246],[133.4862768261681,34.644790751820246]]]}},{"type":"Feature","properties":{"jobs":0,"pop":35,"pointCount":1,"homeWorkCommuteMedian":12550,"workHomeCommuteMedian":-1},"geometry":{"type":"Polygon","coordinates":[[[133.4862768261681,34.67177036273198],[133.4862768261681,34.68076356636923],[133.49527002980534,34.68076356636923],[133.49527002980534,34.67177036273198],[133.4862768261681,34.67177036273198]]]}},{"type":"Feature","properties":{"jobs":0,"pop":32,"pointCount":1,"homeWorkCommuteMedian":1338,"workHomeCommuteMedian":-1},"geometry":{"type":"Polygon","coordinates":[[[133.4862768261681,34.68076356636923],[133.4862768261681,34.689756770006476],[133.49527002980534,34.689756770006476],[133.49527002980534,34.68076356636923],[133.4862768261681,34.68076356636923]]]}},{"type":"Feature","properties":{"jobs":1,"pop":58,"pointCount":2,"homeWorkCommuteMedian":14339,"workHomeCommuteMedian":39489},"geometry":{"type":"Polygon","coordinates":[[[133.4862768261681,34.689756770006476],[133.4862768261681,34.69874997364372],[133.49527002980534,34.69874997364372],[133.49527002980534,34.689756770006476],[133.4862768261681,34.689756770006476]]]}},{"type":"Feature","properties":{"jobs":0,"pop":13,"pointCount":1,"homeWorkCommuteMedian":20042,"workHomeCommuteMedian":-1},"geometry":{"type":"Polygon","coordinates":[[[133.49527002980534,34.33902182815388],[133.49527002980534,34.34801503179113],[133.50426323344257,34.34801503179113],[133.50426323344257,34.33902182815388],[133.49527002980534,34.33902182815388]]]}},{"type":"Feature","properties":{"jobs":0,"pop":21,"pointCount":1,"homeWorkCommuteMedian":18080,"workHomeCommuteMedian":-1},"geometry":{"type":"Polygon","coordinates":[[[133.49527002980534,34.419960660889096],[133.49527002980534,34.42895386452634],[133.50426323344257,34.42895386452634],[133.50426323344257,34.419960660889096],[133.49527002980534,34.419960660889096]]]}},{"type":"Feature","properties":{"jobs":0,"pop":38,"pointCount":1,"homeWorkCommuteMedian":11403,"workHomeCommuteMedian":-1},"geometry":{"type":"Polygon","coordinates":[[[133.49527002980534,34.45593347543808],[133.49527002980534,34.464926679075326],[133.50426323344257,34.464926679075326],[133.50426323344257,34.45593347543808],[133.49527002980534,34.45593347543808]]]}},{"type":"Feature","properties":{"jobs":0,"pop":26,"pointCount":1,"homeWorkCommuteMedian":6160,"workHomeCommuteMedian":-1},"geometry":{"type":"Polygon","coordinates":[[[133.49527002980534,34.464926679075326],[133.49527002980534,34.47391988271257],[133.50426323344257,34.47391988271257],[133.50426323344257,34.464926679075326],[133.49527002980534,34.464926679075326]]]}},{"type":"Feature","properties":{"jobs":27,"pop":87,"pointCount":3,"homeWorkCommuteMedian":5122,"workHomeCommuteMedian":14237},"geometry":{"type":"Polygon","coordinates":[[[133.49527002980534,34.47391988271257],[133.49527002980534,34.48291308634982],[133.50426323344257,34.48291308634982],[133.50426323344257,34.47391988271257],[133.49527002980534,34.47391988271257]]]}},{"type":"Feature","properties":{"jobs":758,"pop":652,"pointCount":10,"homeWorkCommuteMedian":7204,"workHomeCommuteMedian":7821},"geometry":{"type":"Polygon","coordinates":[[[133.49527002980534,34.50089949362431],[133.49527002980534,34.509892697261556],[133.50426323344257,34.509892697261556],[133.50426323344257,34.50089949362431],[133.49527002980534,34.50089949362431]]]}},{"type":"Feature","properties":{"jobs":31,"pop":73,"pointCount":3,"homeWorkCommuteMedian":4498,"workHomeCommuteMedian":12205},"geometry":{"type":"Polygon","coordinates":[[[133.49527002980534,34.5188859008988],[133.49527002980534,34.52787910453605],[133.50426323344257,34.52787910453605],[133.50426323344257,34.5188859008988],[133.49527002980534,34.5188859008988]]]}},{"type":"Feature","properties":{"jobs":150,"pop":1599,"pointCount":9,"homeWorkCommuteMedian":5840,"workHomeCommuteMedian":1012},"geometry":{"type":"Polygon","coordinates":[[[133.49527002980534,34.52787910453605],[133.49527002980534,34.536872308173294],[133.50426323344257,34.536872308173294],[133.50426323344257,34.52787910453605],[133.49527002980534,34.52787910453605]]]}},{"type":"Feature","properties":{"jobs":318,"pop":109,"pointCount":8,"homeWorkCommuteMedian":4697,"workHomeCommuteMedian":1901},"geometry":{"type":"Polygon","coordinates":[[[133.49527002980534,34.536872308173294],[133.49527002980534,34.54586551181054],[133.50426323344257,34.54586551181054],[133.50426323344257,34.536872308173294],[133.49527002980534,34.536872308173294]]]}},{"type":"Feature","properties":{"jobs":679,"pop":347,"pointCount":3,"homeWorkCommuteMedian":10900,"workHomeCommuteMedian":16867},"geometry":{"type":"Polygon","coordinates":[[[133.49527002980534,34.54586551181054],[133.49527002980534,34.554858715447786],[133.50426323344257,34.554858715447786],[133.50426323344257,34.54586551181054],[133.49527002980534,34.54586551181054]]]}},{"type":"Feature","properties":{"jobs":0,"pop":23,"pointCount":1,"homeWorkCommuteMedian":5996,"workHomeCommuteMedian":-1},"geometry":{"type":"Polygon","coordinates":[[[133.49527002980534,34.56385191908503],[133.49527002980534,34.57284512272228],[133.50426323344257,34.57284512272228],[133.50426323344257,34.56385191908503],[133.49527002980534,34.56385191908503]]]}},{"type":"Feature","properties":{"jobs":64,"pop":90,"pointCount":2,"homeWorkCommuteMedian":4760,"workHomeCommuteMedian":6419},"geometry":{"type":"Polygon","coordinates":[[[133.49527002980534,34.57284512272228],[133.49527002980534,34.581838326359524],[133.50426323344257,34.581838326359524],[133.50426323344257,34.57284512272228],[133.49527002980534,34.57284512272228]]]}},{"type":"Feature","properties":{"jobs":387,"pop":643,"pointCount":13,"homeWorkCommuteMedian":4716,"workHomeCommuteMedian":4318},"geometry":{"type":"Polygon","coordinates":[[[133.49527002980534,34.581838326359524],[133.49527002980534,34.59083152999677],[133.50426323344257,34.59083152999677],[133.50426323344257,34.581838326359524],[133.49527002980534,34.581838326359524]]]}},{"type":"Feature","properties":{"jobs":338,"pop":285,"pointCount":11,"homeWorkCommuteMedian":3528,"workHomeCommuteMedian":12188},"geometry":{"type":"Polygon","coordinates":[[[133.49527002980534,34.59083152999677],[133.49527002980534,34.599824733634016],[133.50426323344257,34.599824733634016],[133.50426323344257,34.59083152999677],[133.49527002980534,34.59083152999677]]]}},{"type":"Feature","properties":{"jobs":22,"pop":96,"pointCount":4,"homeWorkCommuteMedian":4938,"workHomeCommuteMedian":3975},"geometry":{"type":"Polygon","coordinates":[[[133.49527002980534,34.599824733634016],[133.49527002980534,34.60881793727126],[133.50426323344257,34.60881793727126],[133.50426323344257,34.599824733634016],[133.49527002980534,34.599824733634016]]]}},{"type":"Feature","properties":{"jobs":31,"pop":81,"pointCount":4,"homeWorkCommuteMedian":8854,"workHomeCommuteMedian":30867},"geometry":{"type":"Polygon","coordinates":[[[133.49527002980534,34.635797548183],[133.49527002980534,34.644790751820246],[133.50426323344257,34.644790751820246],[133.50426323344257,34.635797548183],[133.49527002980534,34.635797548183]]]}},{"type":"Feature","properties":{"jobs":0,"pop":15,"pointCount":1,"homeWorkCommuteMedian":15033,"workHomeCommuteMedian":-1},"geometry":{"type":"Polygon","coordinates":[[[133.49527002980534,34.644790751820246],[133.49527002980534,34.65378395545749],[133.50426323344257,34.65378395545749],[133.50426323344257,34.644790751820246],[133.49527002980534,34.644790751820246]]]}},{"type":"Feature","properties":{"jobs":4,"pop":64,"pointCount":2,"homeWorkCommuteMedian":8873,"workHomeCommuteMedian":34722},"geometry":{"type":"Polygon","coordinates":[[[133.49527002980534,34.65378395545749],[133.49527002980534,34.66277715909474],[133.50426323344257,34.66277715909474],[133.50426323344257,34.65378395545749],[133.49527002980534,34.65378395545749]]]}},{"type":"Feature","properties":{"jobs":6,"pop":71,"pointCount":2,"homeWorkCommuteMedian":15148,"workHomeCommuteMedian":36330},"geometry":{"type":"Polygon","coordinates":[[[133.49527002980534,34.67177036273198],[133.49527002980534,34.68076356636923],[133.50426323344257,34.68076356636923],[133.50426323344257,34.67177036273198],[133.49527002980534,34.67177036273198]]]}},{"type":"Feature","properties":{"jobs":63,"pop":59,"pointCount":3,"homeWorkCommuteMedian":4704,"workHomeCommuteMedian":37424},"geometry":{"type":"Polygon","coordinates":[[[133.49527002980534,34.68076356636923],[133.49527002980534,34.689756770006476],[133.50426323344257,34.689756770006476],[133.50426323344257,34.68076356636923],[133.49527002980534,34.68076356636923]]]}},{"type":"Feature","properties":{"jobs":122,"pop":32,"pointCount":2,"homeWorkCommuteMedian":5383,"workHomeCommuteMedian":19343},"geometry":{"type":"Polygon","coordinates":[[[133.49527002980534,34.689756770006476],[133.49527002980534,34.69874997364372],[133.50426323344257,34.69874997364372],[133.50426323344257,34.689756770006476],[133.49527002980534,34.689756770006476]]]}},{"type":"Feature","properties":{"jobs":17,"pop":0,"pointCount":1,"homeWorkCommuteMedian":-1,"workHomeCommuteMedian":19564},"geometry":{"type":"Polygon","coordinates":[[[133.50426323344257,34.330028624516636],[133.50426323344257,34.33902182815388],[133.5132564370798,34.33902182815388],[133.5132564370798,34.330028624516636],[133.50426323344257,34.330028624516636]]]}},{"type":"Feature","properties":{"jobs":5,"pop":0,"pointCount":1,"homeWorkCommuteMedian":-1,"workHomeCommuteMedian":1884},"geometry":{"type":"Polygon","coordinates":[[[133.50426323344257,34.33902182815388],[133.50426323344257,34.34801503179113],[133.5132564370798,34.34801503179113],[133.5132564370798,34.33902182815388],[133.50426323344257,34.33902182815388]]]}},{"type":"Feature","properties":{"jobs":32,"pop":0,"pointCount":1,"homeWorkCommuteMedian":-1,"workHomeCommuteMedian":23669},"geometry":{"type":"Polygon","coordinates":[[[133.50426323344257,34.42895386452634],[133.50426323344257,34.43794706816359],[133.5132564370798,34.43794706816359],[133.5132564370798,34.42895386452634],[133.50426323344257,34.42895386452634]]]}},{"type":"Feature","properties":{"jobs":291,"pop":65,"pointCount":5,"homeWorkCommuteMedian":17068,"workHomeCommuteMedian":17512},"geometry":{"type":"Polygon","coordinates":[[[133.50426323344257,34.446940271800834],[133.50426323344257,34.45593347543808],[133.5132564370798,34.45593347543808],[133.5132564370798,34.446940271800834],[133.50426323344257,34.446940271800834]]]}},{"type":"Feature","properties":{"jobs":437,"pop":126,"pointCount":5,"homeWorkCommuteMedian":14392,"workHomeCommuteMedian":14452},"geometry":{"type":"Polygon","coordinates":[[[133.50426323344257,34.464926679075326],[133.50426323344257,34.47391988271257],[133.5132564370798,34.47391988271257],[133.5132564370798,34.464926679075326],[133.50426323344257,34.464926679075326]]]}},{"type":"Feature","properties":{"jobs":6,"pop":126,"pointCount":3,"homeWorkCommuteMedian":17496,"workHomeCommuteMedian":16494},"geometry":{"type":"Polygon","coordinates":[[[133.50426323344257,34.47391988271257],[133.50426323344257,34.48291308634982],[133.5132564370798,34.48291308634982],[133.5132564370798,34.47391988271257],[133.50426323344257,34.47391988271257]]]}},{"type":"Feature","properties":{"jobs":123,"pop":37,"pointCount":3,"homeWorkCommuteMedian":19641,"workHomeCommuteMedian":15945},"geometry":{"type":"Polygon","coordinates":[[[133.50426323344257,34.48291308634982],[133.50426323344257,34.491906289987064],[133.5132564370798,34.491906289987064],[133.5132564370798,34.48291308634982],[133.50426323344257,34.48291308634982]]]}},{"type":"Feature","properties":{"jobs":428,"pop":304,"pointCount":4,"homeWorkCommuteMedian":7504,"workHomeCommuteMedian":14932},"geometry":{"type":"Polygon","coordinates":[[[133.50426323344257,34.491906289987064],[133.50426323344257,34.50089949362431],[133.5132564370798,34.50089949362431],[133.5132564370798,34.491906289987064],[133.50426323344257,34.491906289987064]]]}},{"type":"Feature","properties":{"jobs":2149,"pop":1105,"pointCount":16,"homeWorkCommuteMedian":5733,"workHomeCommuteMedian":7457},"geometry":{"type":"Polygon","coordinates":[[[133.50426323344257,34.50089949362431],[133.50426323344257,34.509892697261556],[133.5132564370798,34.509892697261556],[133.5132564370798,34.50089949362431],[133.50426323344257,34.50089949362431]]]}},{"type":"Feature","properties":{"jobs":1498,"pop":637,"pointCount":13,"homeWorkCommuteMedian":6536,"workHomeCommuteMedian":10454},"geometry":{"type":"Polygon","coordinates":[[[133.50426323344257,34.509892697261556],[133.50426323344257,34.5188859008988],[133.5132564370798,34.5188859008988],[133.5132564370798,34.509892697261556],[133.50426323344257,34.509892697261556]]]}},{"type":"Feature","properties":{"jobs":27,"pop":131,"pointCount":2,"homeWorkCommuteMedian":3573,"workHomeCommuteMedian":3930},"geometry":{"type":"Polygon","coordinates":[[[133.50426323344257,34.5188859008988],[133.50426323344257,34.52787910453605],[133.5132564370798,34.52787910453605],[133.5132564370798,34.5188859008988],[133.50426323344257,34.5188859008988]]]}},{"type":"Feature","properties":{"jobs":318,"pop":922,"pointCount":15,"homeWorkCommuteMedian":7609,"workHomeCommuteMedian":10173},"geometry":{"type":"Polygon","coordinates":[[[133.50426323344257,34.52787910453605],[133.50426323344257,34.536872308173294],[133.5132564370798,34.536872308173294],[133.5132564370798,34.52787910453605],[133.50426323344257,34.52787910453605]]]}},{"type":"Feature","properties":{"jobs":63,"pop":123,"pointCount":2,"homeWorkCommuteMedian":11615,"workHomeCommuteMedian":6350},"geometry":{"type":"Polygon","coordinates":[[[133.50426323344257,34.536872308173294],[133.50426323344257,34.54586551181054],[133.5132564370798,34.54586551181054],[133.5132564370798,34.536872308173294],[133.50426323344257,34.536872308173294]]]}},{"type":"Feature","properties":{"jobs":1291,"pop":21,"pointCount":2,"homeWorkCommuteMedian":6320,"workHomeCommuteMedian":7504},"geometry":{"type":"Polygon","coordinates":[[[133.50426323344257,34.54586551181054],[133.50426323344257,34.554858715447786],[133.5132564370798,34.554858715447786],[133.5132564370798,34.54586551181054],[133.50426323344257,34.54586551181054]]]}},{"type":"Feature","properties":{"jobs":76,"pop":59,"pointCount":2,"homeWorkCommuteMedian":4936,"workHomeCommuteMedian":4406},"geometry":{"type":"Polygon","coordinates":[[[133.50426323344257,34.554858715447786],[133.50426323344257,34.56385191908503],[133.5132564370798,34.56385191908503],[133.5132564370798,34.554858715447786],[133.50426323344257,34.554858715447786]]]}},{"type":"Feature","properties":{"jobs":0,"pop":38,"pointCount":1,"homeWorkCommuteMedian":22976,"workHomeCommuteMedian":-1},"geometry":{"type":"Polygon","coordinates":[[[133.50426323344257,34.581838326359524],[133.50426323344257,34.59083152999677],[133.5132564370798,34.59083152999677],[133.5132564370798,34.581838326359524],[133.50426323344257,34.581838326359524]]]}},{"type":"Feature","properties":{"jobs":668,"pop":491,"pointCount":10,"homeWorkCommuteMedian":4332,"workHomeCommuteMedian":12417},"geometry":{"type":"Polygon","coordinates":[[[133.50426323344257,34.59083152999677],[133.50426323344257,34.599824733634016],[133.5132564370798,34.599824733634016],[133.5132564370798,34.59083152999677],[133.50426323344257,34.59083152999677]]]}},{"type":"Feature","properties":{"jobs":148,"pop":161,"pointCount":7,"homeWorkCommuteMedian":14614,"workHomeCommuteMedian":2624},"geometry":{"type":"Polygon","coordinates":[[[133.50426323344257,34.599824733634016],[133.50426323344257,34.60881793727126],[133.5132564370798,34.60881793727126],[133.5132564370798,34.599824733634016],[133.50426323344257,34.599824733634016]]]}},{"type":"Feature","properties":{"jobs":0,"pop":68,"pointCount":3,"homeWorkCommuteMedian":4534,"workHomeCommuteMedian":-1},"geometry":{"type":"Polygon","coordinates":[[[133.50426323344257,34.60881793727126],[133.50426323344257,34.61781114090851],[133.5132564370798,34.61781114090851],[133.5132564370798,34.60881793727126],[133.50426323344257,34.60881793727126]]]}},{"type":"Feature","properties":{"jobs":46,"pop":0,"pointCount":1,"homeWorkCommuteMedian":-1,"workHomeCommuteMedian":21074},"geometry":{"type":"Polygon","coordinates":[[[133.50426323344257,34.635797548183],[133.50426323344257,34.644790751820246],[133.5132564370798,34.644790751820246],[133.5132564370798,34.635797548183],[133.50426323344257,34.635797548183]]]}},{"type":"Feature","properties":{"jobs":0,"pop":21,"pointCount":1,"homeWorkCommuteMedian":5474,"workHomeCommuteMedian":-1},"geometry":{"type":"Polygon","coordinates":[[[133.50426323344257,34.644790751820246],[133.50426323344257,34.65378395545749],[133.5132564370798,34.65378395545749],[133.5132564370798,34.644790751820246],[133.50426323344257,34.644790751820246]]]}},{"type":"Feature","properties":{"jobs":0,"pop":16,"pointCount":1,"homeWorkCommuteMedian":9938,"workHomeCommuteMedian":-1},"geometry":{"type":"Polygon","coordinates":[[[133.50426323344257,34.65378395545749],[133.50426323344257,34.66277715909474],[133.5132564370798,34.66277715909474],[133.5132564370798,34.65378395545749],[133.50426323344257,34.65378395545749]]]}},{"type":"Feature","properties":{"jobs":0,"pop":18,"pointCount":1,"homeWorkCommuteMedian":11453,"workHomeCommuteMedian":-1},"geometry":{"type":"Polygon","coordinates":[[[133.50426323344257,34.66277715909474],[133.50426323344257,34.67177036273198],[133.5132564370798,34.67177036273198],[133.5132564370798,34.66277715909474],[133.50426323344257,34.66277715909474]]]}},{"type":"Feature","properties":{"jobs":3,"pop":101,"pointCount":3,"homeWorkCommuteMedian":15729,"workHomeCommuteMedian":39332},"geometry":{"type":"Polygon","coordinates":[[[133.50426323344257,34.68076356636923],[133.50426323344257,34.689756770006476],[133.5132564370798,34.689756770006476],[133.5132564370798,34.68076356636923],[133.50426323344257,34.68076356636923]]]}},{"type":"Feature","properties":{"jobs":0,"pop":30,"pointCount":1,"homeWorkCommuteMedian":31385,"workHomeCommuteMedian":-1},"geometry":{"type":"Polygon","coordinates":[[[133.50426323344257,34.689756770006476],[133.50426323344257,34.69874997364372],[133.5132564370798,34.69874997364372],[133.5132564370798,34.689756770006476],[133.50426323344257,34.689756770006476]]]}},{"type":"Feature","properties":{"jobs":0,"pop":1,"pointCount":1,"homeWorkCommuteMedian":26778,"workHomeCommuteMedian":-1},"geometry":{"type":"Polygon","coordinates":[[[133.5132564370798,34.33902182815388],[133.5132564370798,34.34801503179113],[133.52224964071704,34.34801503179113],[133.52224964071704,34.33902182815388],[133.5132564370798,34.33902182815388]]]}},{"type":"Feature","properties":{"jobs":139,"pop":106,"pointCount":6,"homeWorkCommuteMedian":21286,"workHomeCommuteMedian":30644},"geometry":{"type":"Polygon","coordinates":[[[133.5132564370798,34.401974253614604],[133.5132564370798,34.41096745725185],[133.52224964071704,34.41096745725185],[133.52224964071704,34.401974253614604],[133.5132564370798,34.401974253614604]]]}},{"type":"Feature","properties":{"jobs":69,"pop":102,"pointCount":5,"homeWorkCommuteMedian":6034,"workHomeCommuteMedian":11322},"geometry":{"type":"Polygon","coordinates":[[[133.5132564370798,34.446940271800834],[133.5132564370798,34.45593347543808],[133.52224964071704,34.45593347543808],[133.52224964071704,34.446940271800834],[133.5132564370798,34.446940271800834]]]}},{"type":"Feature","properties":{"jobs":0,"pop":250,"pointCount":5,"homeWorkCommuteMedian":5420,"workHomeCommuteMedian":-1},"geometry":{"type":"Polygon","coordinates":[[[133.5132564370798,34.464926679075326],[133.5132564370798,34.47391988271257],[133.52224964071704,34.47391988271257],[133.52224964071704,34.464926679075326],[133.5132564370798,34.464926679075326]]]}},{"type":"Feature","properties":{"jobs":872,"pop":259,"pointCount":7,"homeWorkCommuteMedian":9398,"workHomeCommuteMedian":7137},"geometry":{"type":"Polygon","coordinates":[[[133.5132564370798,34.47391988271257],[133.5132564370798,34.48291308634982],[133.52224964071704,34.48291308634982],[133.52224964071704,34.47391988271257],[133.5132564370798,34.47391988271257]]]}},{"type":"Feature","properties":{"jobs":395,"pop":1555,"pointCount":6,"homeWorkCommuteMedian":8334,"workHomeCommuteMedian":13675},"geometry":{"type":"Polygon","coordinates":[[[133.5132564370798,34.48291308634982],[133.5132564370798,34.491906289987064],[133.52224964071704,34.491906289987064],[133.52224964071704,34.48291308634982],[133.5132564370798,34.48291308634982]]]}},{"type":"Feature","properties":{"jobs":2414,"pop":1081,"pointCount":18,"homeWorkCommuteMedian":4955,"workHomeCommuteMedian":6730},"geometry":{"type":"Polygon","coordinates":[[[133.5132564370798,34.491906289987064],[133.5132564370798,34.50089949362431],[133.52224964071704,34.50089949362431],[133.52224964071704,34.491906289987064],[133.5132564370798,34.491906289987064]]]}},{"type":"Feature","properties":{"jobs":106,"pop":57,"pointCount":1,"homeWorkCommuteMedian":14759,"workHomeCommuteMedian":19462},"geometry":{"type":"Polygon","coordinates":[[[133.5132564370798,34.50089949362431],[133.5132564370798,34.509892697261556],[133.52224964071704,34.509892697261556],[133.52224964071704,34.50089949362431],[133.5132564370798,34.50089949362431]]]}},{"type":"Feature","properties":{"jobs":196,"pop":94,"pointCount":2,"homeWorkCommuteMedian":4240,"workHomeCommuteMedian":7919},"geometry":{"type":"Polygon","coordinates":[[[133.5132564370798,34.509892697261556],[133.5132564370798,34.5188859008988],[133.52224964071704,34.5188859008988],[133.52224964071704,34.509892697261556],[133.5132564370798,34.509892697261556]]]}},{"type":"Feature","properties":{"jobs":431,"pop":351,"pointCount":9,"homeWorkCommuteMedian":7674,"workHomeCommuteMedian":3511},"geometry":{"type":"Polygon","coordinates":[[[133.5132564370798,34.5188859008988],[133.5132564370798,34.52787910453605],[133.52224964071704,34.52787910453605],[133.52224964071704,34.5188859008988],[133.5132564370798,34.5188859008988]]]}},{"type":"Feature","properties":{"jobs":116,"pop":346,"pointCount":6,"homeWorkCommuteMedian":6175,"workHomeCommuteMedian":11971},"geometry":{"type":"Polygon","coordinates":[[[133.5132564370798,34.52787910453605],[133.5132564370798,34.536872308173294],[133.52224964071704,34.536872308173294],[133.52224964071704,34.52787910453605],[133.5132564370798,34.52787910453605]]]}},{"type":"Feature","properties":{"jobs":186,"pop":264,"pointCount":12,"homeWorkCommuteMedian":4207,"workHomeCommuteMedian":20336},"geometry":{"type":"Polygon","coordinates":[[[133.5132564370798,34.536872308173294],[133.5132564370798,34.54586551181054],[133.52224964071704,34.54586551181054],[133.52224964071704,34.536872308173294],[133.5132564370798,34.536872308173294]]]}},{"type":"Feature","properties":{"jobs":15,"pop":191,"pointCount":4,"homeWorkCommuteMedian":18502,"workHomeCommuteMedian":21856},"geometry":{"type":"Polygon","coordinates":[[[133.5132564370798,34.54586551181054],[133.5132564370798,34.554858715447786],[133.52224964071704,34.554858715447786],[133.52224964071704,34.54586551181054],[133.5132564370798,34.54586551181054]]]}},{"type":"Feature","properties":{"jobs":22,"pop":25,"pointCount":2,"homeWorkCommuteMedian":12484,"workHomeCommuteMedian":15852},"geometry":{"type":"Polygon","coordinates":[[[133.5132564370798,34.554858715447786],[133.5132564370798,34.56385191908503],[133.52224964071704,34.56385191908503],[133.52224964071704,34.554858715447786],[133.5132564370798,34.554858715447786]]]}},{"type":"Feature","properties":{"jobs":0,"pop":46,"pointCount":1,"homeWorkCommuteMedian":9072,"workHomeCommuteMedian":-1},"geometry":{"type":"Polygon","coordinates":[[[133.5132564370798,34.56385191908503],[133.5132564370798,34.57284512272228],[133.52224964071704,34.57284512272228],[133.52224964071704,34.56385191908503],[133.5132564370798,34.56385191908503]]]}},{"type":"Feature","properties":{"jobs":0,"pop":87,"pointCount":1,"homeWorkCommuteMedian":3446,"workHomeCommuteMedian":-1},"geometry":{"type":"Polygon","coordinates":[[[133.5132564370798,34.57284512272228],[133.5132564370798,34.581838326359524],[133.52224964071704,34.581838326359524],[133.52224964071704,34.57284512272228],[133.5132564370798,34.57284512272228]]]}},{"type":"Feature","properties":{"jobs":30,"pop":56,"pointCount":3,"homeWorkCommuteMedian":41756,"workHomeCommuteMedian":7005},"geometry":{"type":"Polygon","coordinates":[[[133.5132564370798,34.581838326359524],[133.5132564370798,34.59083152999677],[133.52224964071704,34.59083152999677],[133.52224964071704,34.581838326359524],[133.5132564370798,34.581838326359524]]]}},{"type":"Feature","properties":{"jobs":394,"pop":197,"pointCount":9,"homeWorkCommuteMedian":6388,"workHomeCommuteMedian":7415},"geometry":{"type":"Polygon","coordinates":[[[133.5132564370798,34.59083152999677],[133.5132564370798,34.599824733634016],[133.52224964071704,34.599824733634016],[133.52224964071704,34.59083152999677],[133.5132564370798,34.59083152999677]]]}},{"type":"Feature","properties":{"jobs":120,"pop":209,"pointCount":6,"homeWorkCommuteMedian":3503,"workHomeCommuteMedian":13367},"geometry":{"type":"Polygon","coordinates":[[[133.5132564370798,34.599824733634016],[133.5132564370798,34.60881793727126],[133.52224964071704,34.60881793727126],[133.52224964071704,34.599824733634016],[133.5132564370798,34.599824733634016]]]}},{"type":"Feature","properties":{"jobs":52,"pop":0,"pointCount":1,"homeWorkCommuteMedian":-1,"workHomeCommuteMedian":25337},"geometry":{"type":"Polygon","coordinates":[[[133.5132564370798,34.61781114090851],[133.5132564370798,34.626804344545754],[133.52224964071704,34.626804344545754],[133.52224964071704,34.61781114090851],[133.5132564370798,34.61781114090851]]]}},{"type":"Feature","properties":{"jobs":0,"pop":63,"pointCount":1,"homeWorkCommuteMedian":6110,"workHomeCommuteMedian":-1},"geometry":{"type":"Polygon","coordinates":[[[133.5132564370798,34.626804344545754],[133.5132564370798,34.635797548183],[133.52224964071704,34.635797548183],[133.52224964071704,34.626804344545754],[133.5132564370798,34.626804344545754]]]}},{"type":"Feature","properties":{"jobs":0,"pop":27,"pointCount":1,"homeWorkCommuteMedian":6221,"workHomeCommuteMedian":-1},"geometry":{"type":"Polygon","coordinates":[[[133.5132564370798,34.635797548183],[133.5132564370798,34.644790751820246],[133.52224964071704,34.644790751820246],[133.52224964071704,34.635797548183],[133.5132564370798,34.635797548183]]]}},{"type":"Feature","properties":{"jobs":0,"pop":61,"pointCount":3,"homeWorkCommuteMedian":9331,"workHomeCommuteMedian":-1},"geometry":{"type":"Polygon","coordinates":[[[133.5132564370798,34.65378395545749],[133.5132564370798,34.66277715909474],[133.52224964071704,34.66277715909474],[133.52224964071704,34.65378395545749],[133.5132564370798,34.65378395545749]]]}},{"type":"Feature","properties":{"jobs":0,"pop":46,"pointCount":1,"homeWorkCommuteMedian":2345,"workHomeCommuteMedian":-1},"geometry":{"type":"Polygon","coordinates":[[[133.5132564370798,34.66277715909474],[133.5132564370798,34.67177036273198],[133.52224964071704,34.67177036273198],[133.52224964071704,34.66277715909474],[133.5132564370798,34.66277715909474]]]}},{"type":"Feature","properties":{"jobs":0,"pop":24,"pointCount":1,"homeWorkCommuteMedian":2508,"workHomeCommuteMedian":-1},"geometry":{"type":"Polygon","coordinates":[[[133.5132564370798,34.68076356636923],[133.5132564370798,34.689756770006476],[133.52224964071704,34.689756770006476],[133.52224964071704,34.68076356636923],[133.5132564370798,34.68076356636923]]]}},{"type":"Feature","properties":{"jobs":0,"pop":32,"pointCount":1,"homeWorkCommuteMedian":3453,"workHomeCommuteMedian":-1},"geometry":{"type":"Polygon","coordinates":[[[133.5132564370798,34.689756770006476],[133.5132564370798,34.69874997364372],[133.52224964071704,34.69874997364372],[133.52224964071704,34.689756770006476],[133.5132564370798,34.689756770006476]]]}},{"type":"Feature","properties":{"jobs":96,"pop":42,"pointCount":4,"homeWorkCommuteMedian":21412,"workHomeCommuteMedian":34433},"geometry":{"type":"Polygon","coordinates":[[[133.52224964071704,34.38398784634011],[133.52224964071704,34.39298104997736],[133.53124284435427,34.39298104997736],[133.53124284435427,34.38398784634011],[133.52224964071704,34.38398784634011]]]}},{"type":"Feature","properties":{"jobs":0,"pop":62,"pointCount":2,"homeWorkCommuteMedian":14802,"workHomeCommuteMedian":-1},"geometry":{"type":"Polygon","coordinates":[[[133.52224964071704,34.45593347543808],[133.52224964071704,34.464926679075326],[133.53124284435427,34.464926679075326],[133.53124284435427,34.45593347543808],[133.52224964071704,34.45593347543808]]]}},{"type":"Feature","properties":{"jobs":123,"pop":132,"pointCount":5,"homeWorkCommuteMedian":6353,"workHomeCommuteMedian":16531},"geometry":{"type":"Polygon","coordinates":[[[133.52224964071704,34.464926679075326],[133.52224964071704,34.47391988271257],[133.53124284435427,34.47391988271257],[133.53124284435427,34.464926679075326],[133.52224964071704,34.464926679075326]]]}},{"type":"Feature","properties":{"jobs":65,"pop":129,"pointCount":2,"homeWorkCommuteMedian":5144,"workHomeCommuteMedian":4321},"geometry":{"type":"Polygon","coordinates":[[[133.52224964071704,34.47391988271257],[133.52224964071704,34.48291308634982],[133.53124284435427,34.48291308634982],[133.53124284435427,34.47391988271257],[133.52224964071704,34.47391988271257]]]}},{"type":"Feature","properties":{"jobs":981,"pop":1019,"pointCount":13,"homeWorkCommuteMedian":8319,"workHomeCommuteMedian":16255},"geometry":{"type":"Polygon","coordinates":[[[133.52224964071704,34.48291308634982],[133.52224964071704,34.491906289987064],[133.53124284435427,34.491906289987064],[133.53124284435427,34.48291308634982],[133.52224964071704,34.48291308634982]]]}},{"type":"Feature","properties":{"jobs":1780,"pop":1620,"pointCount":16,"homeWorkCommuteMedian":5090,"workHomeCommuteMedian":6262},"geometry":{"type":"Polygon","coordinates":[[[133.52224964071704,34.491906289987064],[133.52224964071704,34.50089949362431],[133.53124284435427,34.50089949362431],[133.53124284435427,34.491906289987064],[133.52224964071704,34.491906289987064]]]}},{"type":"Feature","properties":{"jobs":95,"pop":196,"pointCount":3,"homeWorkCommuteMedian":15972,"workHomeCommuteMedian":3630},"geometry":{"type":"Polygon","coordinates":[[[133.52224964071704,34.50089949362431],[133.52224964071704,34.509892697261556],[133.53124284435427,34.509892697261556],[133.53124284435427,34.50089949362431],[133.52224964071704,34.50089949362431]]]}},{"type":"Feature","properties":{"jobs":0,"pop":61,"pointCount":1,"homeWorkCommuteMedian":3096,"workHomeCommuteMedian":-1},"geometry":{"type":"Polygon","coordinates":[[[133.52224964071704,34.509892697261556],[133.52224964071704,34.5188859008988],[133.53124284435427,34.5188859008988],[133.53124284435427,34.509892697261556],[133.52224964071704,34.509892697261556]]]}},{"type":"Feature","properties":{"jobs":707,"pop":57,"pointCount":6,"homeWorkCommuteMedian":1805,"workHomeCommuteMedian":9149},"geometry":{"type":"Polygon","coordinates":[[[133.52224964071704,34.5188859008988],[133.52224964071704,34.52787910453605],[133.53124284435427,34.52787910453605],[133.53124284435427,34.5188859008988],[133.52224964071704,34.5188859008988]]]}},{"type":"Feature","properties":{"jobs":32,"pop":149,"pointCount":5,"homeWorkCommuteMedian":6015,"workHomeCommuteMedian":4522},"geometry":{"type":"Polygon","coordinates":[[[133.52224964071704,34.52787910453605],[133.52224964071704,34.536872308173294],[133.53124284435427,34.536872308173294],[133.53124284435427,34.52787910453605],[133.52224964071704,34.52787910453605]]]}},{"type":"Feature","properties":{"jobs":48,"pop":70,"pointCount":4,"homeWorkCommuteMedian":5633,"workHomeCommuteMedian":18794},"geometry":{"type":"Polygon","coordinates":[[[133.52224964071704,34.536872308173294],[133.52224964071704,34.54586551181054],[133.53124284435427,34.54586551181054],[133.53124284435427,34.536872308173294],[133.52224964071704,34.536872308173294]]]}},{"type":"Feature","properties":{"jobs":192,"pop":559,"pointCount":11,"homeWorkCommuteMedian":8923,"workHomeCommuteMedian":4883},"geometry":{"type":"Polygon","coordinates":[[[133.52224964071704,34.54586551181054],[133.52224964071704,34.554858715447786],[133.53124284435427,34.554858715447786],[133.53124284435427,34.54586551181054],[133.52224964071704,34.54586551181054]]]}},{"type":"Feature","properties":{"jobs":147,"pop":130,"pointCount":6,"homeWorkCommuteMedian":5291,"workHomeCommuteMedian":5458},"geometry":{"type":"Polygon","coordinates":[[[133.52224964071704,34.554858715447786],[133.52224964071704,34.56385191908503],[133.53124284435427,34.56385191908503],[133.53124284435427,34.554858715447786],[133.52224964071704,34.554858715447786]]]}},{"type":"Feature","properties":{"jobs":437,"pop":53,"pointCount":9,"homeWorkCommuteMedian":13296,"workHomeCommuteMedian":3442},"geometry":{"type":"Polygon","coordinates":[[[133.52224964071704,34.56385191908503],[133.52224964071704,34.57284512272228],[133.53124284435427,34.57284512272228],[133.53124284435427,34.56385191908503],[133.52224964071704,34.56385191908503]]]}},{"type":"Feature","properties":{"jobs":32,"pop":119,"pointCount":3,"homeWorkCommuteMedian":4463,"workHomeCommuteMedian":16938},"geometry":{"type":"Polygon","coordinates":[[[133.52224964071704,34.57284512272228],[133.52224964071704,34.581838326359524],[133.53124284435427,34.581838326359524],[133.53124284435427,34.57284512272228],[133.52224964071704,34.57284512272228]]]}},{"type":"Feature","properties":{"jobs":0,"pop":80,"pointCount":4,"homeWorkCommuteMedian":7877,"workHomeCommuteMedian":-1},"geometry":{"type":"Polygon","coordinates":[[[133.52224964071704,34.581838326359524],[133.52224964071704,34.59083152999677],[133.53124284435427,34.59083152999677],[133.53124284435427,34.581838326359524],[133.52224964071704,34.581838326359524]]]}},{"type":"Feature","properties":{"jobs":81,"pop":169,"pointCount":7,"homeWorkCommuteMedian":12545,"workHomeCommuteMedian":5656},"geometry":{"type":"Polygon","coordinates":[[[133.52224964071704,34.59083152999677],[133.52224964071704,34.599824733634016],[133.53124284435427,34.599824733634016],[133.53124284435427,34.59083152999677],[133.52224964071704,34.59083152999677]]]}},{"type":"Feature","properties":{"jobs":0,"pop":104,"pointCount":4,"homeWorkCommuteMedian":4680,"workHomeCommuteMedian":-1},"geometry":{"type":"Polygon","coordinates":[[[133.52224964071704,34.599824733634016],[133.52224964071704,34.60881793727126],[133.53124284435427,34.60881793727126],[133.53124284435427,34.599824733634016],[133.52224964071704,34.599824733634016]]]}},{"type":"Feature","properties":{"jobs":0,"pop":59,"pointCount":2,"homeWorkCommuteMedian":5876,"workHomeCommuteMedian":-1},"geometry":{"type":"Polygon","coordinates":[[[133.52224964071704,34.60881793727126],[133.52224964071704,34.61781114090851],[133.53124284435427,34.61781114090851],[133.53124284435427,34.60881793727126],[133.52224964071704,34.60881793727126]]]}},{"type":"Feature","properties":{"jobs":0,"pop":29,"pointCount":1,"homeWorkCommuteMedian":7596,"workHomeCommuteMedian":-1},"geometry":{"type":"Polygon","coordinates":[[[133.52224964071704,34.626804344545754],[133.52224964071704,34.635797548183],[133.53124284435427,34.635797548183],[133.53124284435427,34.626804344545754],[133.52224964071704,34.626804344545754]]]}},{"type":"Feature","properties":{"jobs":0,"pop":83,"pointCount":4,"homeWorkCommuteMedian":12040,"workHomeCommuteMedian":-1},"geometry":{"type":"Polygon","coordinates":[[[133.52224964071704,34.65378395545749],[133.52224964071704,34.66277715909474],[133.53124284435427,34.66277715909474],[133.53124284435427,34.65378395545749],[133.52224964071704,34.65378395545749]]]}},{"type":"Feature","properties":{"jobs":30,"pop":45,"pointCount":3,"homeWorkCommuteMedian":10536,"workHomeCommuteMedian":36481},"geometry":{"type":"Polygon","coordinates":[[[133.52224964071704,34.66277715909474],[133.52224964071704,34.67177036273198],[133.53124284435427,34.67177036273198],[133.53124284435427,34.66277715909474],[133.52224964071704,34.66277715909474]]]}},{"type":"Feature","properties":{"jobs":118,"pop":0,"pointCount":2,"homeWorkCommuteMedian":-1,"workHomeCommuteMedian":4713},"geometry":{"type":"Polygon","coordinates":[[[133.52224964071704,34.67177036273198],[133.52224964071704,34.68076356636923],[133.53124284435427,34.68076356636923],[133.53124284435427,34.67177036273198],[133.52224964071704,34.67177036273198]]]}},{"type":"Feature","properties":{"jobs":0,"pop":19,"pointCount":1,"homeWorkCommuteMedian":12188,"workHomeCommuteMedian":-1},"geometry":{"type":"Polygon","coordinates":[[[133.52224964071704,34.68076356636923],[133.52224964071704,34.689756770006476],[133.53124284435427,34.689756770006476],[133.53124284435427,34.68076356636923],[133.52224964071704,34.68076356636923]]]}},{"type":"Feature","properties":{"jobs":4,"pop":23,"pointCount":1,"homeWorkCommuteMedian":16694,"workHomeCommuteMedian":41954},"geometry":{"type":"Polygon","coordinates":[[[133.52224964071704,34.69874997364372],[133.52224964071704,34.70774317728097],[133.53124284435427,34.70774317728097],[133.53124284435427,34.69874997364372],[133.52224964071704,34.69874997364372]]]}},{"type":"Feature","properties":{"jobs":11,"pop":0,"pointCount":1,"homeWorkCommuteMedian":-1,"workHomeCommuteMedian":167977},"geometry":{"type":"Polygon","coordinates":[[[133.53124284435427,34.29405580996765],[133.53124284435427,34.3030490136049],[133.5402360479915,34.3030490136049],[133.5402360479915,34.29405580996765],[133.53124284435427,34.29405580996765]]]}},{"type":"Feature","properties":{"jobs":5,"pop":18,"pointCount":2,"homeWorkCommuteMedian":112211,"workHomeCommuteMedian":0},"geometry":{"type":"Polygon","coordinates":[[[133.53124284435427,34.3030490136049],[133.53124284435427,34.312042217242144],[133.5402360479915,34.312042217242144],[133.5402360479915,34.3030490136049],[133.53124284435427,34.3030490136049]]]}},{"type":"Feature","properties":{"jobs":46,"pop":31,"pointCount":2,"homeWorkCommuteMedian":31378,"workHomeCommuteMedian":23429},"geometry":{"type":"Polygon","coordinates":[[[133.53124284435427,34.38398784634011],[133.53124284435427,34.39298104997736],[133.5402360479915,34.39298104997736],[133.5402360479915,34.38398784634011],[133.53124284435427,34.38398784634011]]]}},{"type":"Feature","properties":{"jobs":60,"pop":15,"pointCount":2,"homeWorkCommuteMedian":14167,"workHomeCommuteMedian":36536},"geometry":{"type":"Polygon","coordinates":[[[133.53124284435427,34.39298104997736],[133.53124284435427,34.401974253614604],[133.5402360479915,34.401974253614604],[133.5402360479915,34.39298104997736],[133.53124284435427,34.39298104997736]]]}},{"type":"Feature","properties":{"jobs":21,"pop":71,"pointCount":3,"homeWorkCommuteMedian":4524,"workHomeCommuteMedian":2378},"geometry":{"type":"Polygon","coordinates":[[[133.53124284435427,34.464926679075326],[133.53124284435427,34.47391988271257],[133.5402360479915,34.47391988271257],[133.5402360479915,34.464926679075326],[133.53124284435427,34.464926679075326]]]}},{"type":"Feature","properties":{"jobs":99,"pop":267,"pointCount":7,"homeWorkCommuteMedian":2904,"workHomeCommuteMedian":17388},"geometry":{"type":"Polygon","coordinates":[[[133.53124284435427,34.47391988271257],[133.53124284435427,34.48291308634982],[133.5402360479915,34.48291308634982],[133.5402360479915,34.47391988271257],[133.53124284435427,34.47391988271257]]]}},{"type":"Feature","properties":{"jobs":310,"pop":340,"pointCount":8,"homeWorkCommuteMedian":8179,"workHomeCommuteMedian":3670},"geometry":{"type":"Polygon","coordinates":[[[133.53124284435427,34.48291308634982],[133.53124284435427,34.491906289987064],[133.5402360479915,34.491906289987064],[133.5402360479915,34.48291308634982],[133.53124284435427,34.48291308634982]]]}},{"type":"Feature","properties":{"jobs":660,"pop":971,"pointCount":13,"homeWorkCommuteMedian":4248,"workHomeCommuteMedian":6103},"geometry":{"type":"Polygon","coordinates":[[[133.53124284435427,34.491906289987064],[133.53124284435427,34.50089949362431],[133.5402360479915,34.50089949362431],[133.5402360479915,34.491906289987064],[133.53124284435427,34.491906289987064]]]}},{"type":"Feature","properties":{"jobs":147,"pop":589,"pointCount":10,"homeWorkCommuteMedian":4786,"workHomeCommuteMedian":3176},"geometry":{"type":"Polygon","coordinates":[[[133.53124284435427,34.50089949362431],[133.53124284435427,34.509892697261556],[133.5402360479915,34.509892697261556],[133.5402360479915,34.50089949362431],[133.53124284435427,34.50089949362431]]]}},{"type":"Feature","properties":{"jobs":46,"pop":109,"pointCount":6,"homeWorkCommuteMedian":20546,"workHomeCommuteMedian":5669},"geometry":{"type":"Polygon","coordinates":[[[133.53124284435427,34.509892697261556],[133.53124284435427,34.5188859008988],[133.5402360479915,34.5188859008988],[133.5402360479915,34.509892697261556],[133.53124284435427,34.509892697261556]]]}},{"type":"Feature","properties":{"jobs":39,"pop":152,"pointCount":4,"homeWorkCommuteMedian":14188,"workHomeCommuteMedian":5370},"geometry":{"type":"Polygon","coordinates":[[[133.53124284435427,34.5188859008988],[133.53124284435427,34.52787910453605],[133.5402360479915,34.52787910453605],[133.5402360479915,34.5188859008988],[133.53124284435427,34.5188859008988]]]}},{"type":"Feature","properties":{"jobs":0,"pop":29,"pointCount":1,"homeWorkCommuteMedian":4275,"workHomeCommuteMedian":-1},"geometry":{"type":"Polygon","coordinates":[[[133.53124284435427,34.52787910453605],[133.53124284435427,34.536872308173294],[133.5402360479915,34.536872308173294],[133.5402360479915,34.52787910453605],[133.53124284435427,34.52787910453605]]]}},{"type":"Feature","properties":{"jobs":0,"pop":34,"pointCount":1,"homeWorkCommuteMedian":26223,"workHomeCommuteMedian":-1},"geometry":{"type":"Polygon","coordinates":[[[133.53124284435427,34.536872308173294],[133.53124284435427,34.54586551181054],[133.5402360479915,34.54586551181054],[133.5402360479915,34.536872308173294],[133.53124284435427,34.536872308173294]]]}},{"type":"Feature","properties":{"jobs":0,"pop":80,"pointCount":3,"homeWorkCommuteMedian":7457,"workHomeCommuteMedian":-1},"geometry":{"type":"Polygon","coordinates":[[[133.53124284435427,34.54586551181054],[133.53124284435427,34.554858715447786],[133.5402360479915,34.554858715447786],[133.5402360479915,34.54586551181054],[133.53124284435427,34.54586551181054]]]}},{"type":"Feature","properties":{"jobs":0,"pop":308,"pointCount":3,"homeWorkCommuteMedian":11290,"workHomeCommuteMedian":-1},"geometry":{"type":"Polygon","coordinates":[[[133.53124284435427,34.554858715447786],[133.53124284435427,34.56385191908503],[133.5402360479915,34.56385191908503],[133.5402360479915,34.554858715447786],[133.53124284435427,34.554858715447786]]]}},{"type":"Feature","properties":{"jobs":0,"pop":92,"pointCount":2,"homeWorkCommuteMedian":12285,"workHomeCommuteMedian":-1},"geometry":{"type":"Polygon","coordinates":[[[133.53124284435427,34.56385191908503],[133.53124284435427,34.57284512272228],[133.5402360479915,34.57284512272228],[133.5402360479915,34.56385191908503],[133.53124284435427,34.56385191908503]]]}},{"type":"Feature","properties":{"jobs":80,"pop":173,"pointCount":3,"homeWorkCommuteMedian":5659,"workHomeCommuteMedian":16838},"geometry":{"type":"Polygon","coordinates":[[[133.53124284435427,34.57284512272228],[133.53124284435427,34.581838326359524],[133.5402360479915,34.581838326359524],[133.5402360479915,34.57284512272228],[133.53124284435427,34.57284512272228]]]}},{"type":"Feature","properties":{"jobs":16,"pop":120,"pointCount":4,"homeWorkCommuteMedian":8937,"workHomeCommuteMedian":13856},"geometry":{"type":"Polygon","coordinates":[[[133.53124284435427,34.581838326359524],[133.53124284435427,34.59083152999677],[133.5402360479915,34.59083152999677],[133.5402360479915,34.581838326359524],[133.53124284435427,34.581838326359524]]]}},{"type":"Feature","properties":{"jobs":354,"pop":192,"pointCount":12,"homeWorkCommuteMedian":7137,"workHomeCommuteMedian":3240},"geometry":{"type":"Polygon","coordinates":[[[133.53124284435427,34.59083152999677],[133.53124284435427,34.599824733634016],[133.5402360479915,34.599824733634016],[133.5402360479915,34.59083152999677],[133.53124284435427,34.59083152999677]]]}},{"type":"Feature","properties":{"jobs":3,"pop":33,"pointCount":2,"homeWorkCommuteMedian":3471,"workHomeCommuteMedian":38176},"geometry":{"type":"Polygon","coordinates":[[[133.53124284435427,34.644790751820246],[133.53124284435427,34.65378395545749],[133.5402360479915,34.65378395545749],[133.5402360479915,34.644790751820246],[133.53124284435427,34.644790751820246]]]}},{"type":"Feature","properties":{"jobs":78,"pop":76,"pointCount":4,"homeWorkCommuteMedian":10331,"workHomeCommuteMedian":21437},"geometry":{"type":"Polygon","coordinates":[[[133.53124284435427,34.65378395545749],[133.53124284435427,34.66277715909474],[133.5402360479915,34.66277715909474],[133.5402360479915,34.65378395545749],[133.53124284435427,34.65378395545749]]]}},{"type":"Feature","properties":{"jobs":206,"pop":32,"pointCount":3,"homeWorkCommuteMedian":33531,"workHomeCommuteMedian":4704},"geometry":{"type":"Polygon","coordinates":[[[133.53124284435427,34.66277715909474],[133.53124284435427,34.67177036273198],[133.5402360479915,34.67177036273198],[133.5402360479915,34.66277715909474],[133.53124284435427,34.66277715909474]]]}},{"type":"Feature","properties":{"jobs":97,"pop":120,"pointCount":5,"homeWorkCommuteMedian":15105,"workHomeCommuteMedian":9678},"geometry":{"type":"Polygon","coordinates":[[[133.53124284435427,34.67177036273198],[133.53124284435427,34.68076356636923],[133.5402360479915,34.68076356636923],[133.5402360479915,34.67177036273198],[133.53124284435427,34.67177036273198]]]}},{"type":"Feature","properties":{"jobs":0,"pop":58,"pointCount":3,"homeWorkCommuteMedian":12298,"workHomeCommuteMedian":-1},"geometry":{"type":"Polygon","coordinates":[[[133.53124284435427,34.68076356636923],[133.53124284435427,34.689756770006476],[133.5402360479915,34.689756770006476],[133.5402360479915,34.68076356636923],[133.53124284435427,34.68076356636923]]]}},{"type":"Feature","properties":{"jobs":0,"pop":41,"pointCount":2,"homeWorkCommuteMedian":20550,"workHomeCommuteMedian":-1},"geometry":{"type":"Polygon","coordinates":[[[133.53124284435427,34.69874997364372],[133.53124284435427,34.70774317728097],[133.5402360479915,34.70774317728097],[133.5402360479915,34.69874997364372],[133.53124284435427,34.69874997364372]]]}},{"type":"Feature","properties":{"jobs":37,"pop":63,"pointCount":3,"homeWorkCommuteMedian":7259,"workHomeCommuteMedian":19993},"geometry":{"type":"Polygon","coordinates":[[[133.53124284435427,34.70774317728097],[133.53124284435427,34.71673638091821],[133.5402360479915,34.71673638091821],[133.5402360479915,34.70774317728097],[133.53124284435427,34.70774317728097]]]}},{"type":"Feature","properties":{"jobs":1,"pop":23,"pointCount":2,"homeWorkCommuteMedian":10825,"workHomeCommuteMedian":30743},"geometry":{"type":"Polygon","coordinates":[[[133.53124284435427,34.734722788192705],[133.53124284435427,34.74371599182995],[133.5402360479915,34.74371599182995],[133.5402360479915,34.734722788192705],[133.53124284435427,34.734722788192705]]]}},{"type":"Feature","properties":{"jobs":0,"pop":16,"pointCount":1,"homeWorkCommuteMedian":16736,"workHomeCommuteMedian":-1},"geometry":{"type":"Polygon","coordinates":[[[133.5402360479915,34.36600143906562],[133.5402360479915,34.374994642702866],[133.54922925162873,34.374994642702866],[133.54922925162873,34.36600143906562],[133.5402360479915,34.36600143906562]]]}},{"type":"Feature","properties":{"jobs":15,"pop":49,"pointCount":3,"homeWorkCommuteMedian":3687,"workHomeCommuteMedian":64266},"geometry":{"type":"Polygon","coordinates":[[[133.5402360479915,34.374994642702866],[133.5402360479915,34.38398784634011],[133.54922925162873,34.38398784634011],[133.54922925162873,34.374994642702866],[133.5402360479915,34.374994642702866]]]}},{"type":"Feature","properties":{"jobs":0,"pop":26,"pointCount":1,"homeWorkCommuteMedian":7793,"workHomeCommuteMedian":-1},"geometry":{"type":"Polygon","coordinates":[[[133.5402360479915,34.45593347543808],[133.5402360479915,34.464926679075326],[133.54922925162873,34.464926679075326],[133.54922925162873,34.45593347543808],[133.5402360479915,34.45593347543808]]]}},{"type":"Feature","properties":{"jobs":76,"pop":34,"pointCount":5,"homeWorkCommuteMedian":5977,"workHomeCommuteMedian":17600},"geometry":{"type":"Polygon","coordinates":[[[133.5402360479915,34.47391988271257],[133.5402360479915,34.48291308634982],[133.54922925162873,34.48291308634982],[133.54922925162873,34.47391988271257],[133.5402360479915,34.47391988271257]]]}},{"type":"Feature","properties":{"jobs":23,"pop":138,"pointCount":5,"homeWorkCommuteMedian":5977,"workHomeCommuteMedian":20657},"geometry":{"type":"Polygon","coordinates":[[[133.5402360479915,34.48291308634982],[133.5402360479915,34.491906289987064],[133.54922925162873,34.491906289987064],[133.54922925162873,34.48291308634982],[133.5402360479915,34.48291308634982]]]}},{"type":"Feature","properties":{"jobs":302,"pop":22,"pointCount":2,"homeWorkCommuteMedian":2192,"workHomeCommuteMedian":4073},"geometry":{"type":"Polygon","coordinates":[[[133.5402360479915,34.491906289987064],[133.5402360479915,34.50089949362431],[133.54922925162873,34.50089949362431],[133.54922925162873,34.491906289987064],[133.5402360479915,34.491906289987064]]]}},{"type":"Feature","properties":{"jobs":536,"pop":907,"pointCount":16,"homeWorkCommuteMedian":3220,"workHomeCommuteMedian":2157},"geometry":{"type":"Polygon","coordinates":[[[133.5402360479915,34.50089949362431],[133.5402360479915,34.509892697261556],[133.54922925162873,34.509892697261556],[133.54922925162873,34.50089949362431],[133.5402360479915,34.50089949362431]]]}},{"type":"Feature","properties":{"jobs":20,"pop":267,"pointCount":2,"homeWorkCommuteMedian":2166,"workHomeCommuteMedian":3251},"geometry":{"type":"Polygon","coordinates":[[[133.5402360479915,34.509892697261556],[133.5402360479915,34.5188859008988],[133.54922925162873,34.5188859008988],[133.54922925162873,34.509892697261556],[133.5402360479915,34.509892697261556]]]}},{"type":"Feature","properties":{"jobs":0,"pop":28,"pointCount":1,"homeWorkCommuteMedian":3222,"workHomeCommuteMedian":-1},"geometry":{"type":"Polygon","coordinates":[[[133.5402360479915,34.52787910453605],[133.5402360479915,34.536872308173294],[133.54922925162873,34.536872308173294],[133.54922925162873,34.52787910453605],[133.5402360479915,34.52787910453605]]]}},{"type":"Feature","properties":{"jobs":0,"pop":47,"pointCount":2,"homeWorkCommuteMedian":11466,"workHomeCommuteMedian":-1},"geometry":{"type":"Polygon","coordinates":[[[133.5402360479915,34.554858715447786],[133.5402360479915,34.56385191908503],[133.54922925162873,34.56385191908503],[133.54922925162873,34.554858715447786],[133.5402360479915,34.554858715447786]]]}},{"type":"Feature","properties":{"jobs":28,"pop":191,"pointCount":4,"homeWorkCommuteMedian":12727,"workHomeCommuteMedian":21118},"geometry":{"type":"Polygon","coordinates":[[[133.5402360479915,34.581838326359524],[133.5402360479915,34.59083152999677],[133.54922925162873,34.59083152999677],[133.54922925162873,34.581838326359524],[133.5402360479915,34.581838326359524]]]}},{"type":"Feature","properties":{"jobs":26,"pop":73,"pointCount":3,"homeWorkCommuteMedian":11326,"workHomeCommuteMedian":1451},"geometry":{"type":"Polygon","coordinates":[[[133.5402360479915,34.59083152999677],[133.5402360479915,34.599824733634016],[133.54922925162873,34.599824733634016],[133.54922925162873,34.59083152999677],[133.5402360479915,34.59083152999677]]]}},{"type":"Feature","properties":{"jobs":111,"pop":41,"pointCount":3,"homeWorkCommuteMedian":14876,"workHomeCommuteMedian":17724},"geometry":{"type":"Polygon","coordinates":[[[133.5402360479915,34.599824733634016],[133.5402360479915,34.60881793727126],[133.54922925162873,34.60881793727126],[133.54922925162873,34.599824733634016],[133.5402360479915,34.599824733634016]]]}},{"type":"Feature","properties":{"jobs":0,"pop":29,"pointCount":1,"homeWorkCommuteMedian":3852,"workHomeCommuteMedian":-1},"geometry":{"type":"Polygon","coordinates":[[[133.5402360479915,34.644790751820246],[133.5402360479915,34.65378395545749],[133.54922925162873,34.65378395545749],[133.54922925162873,34.644790751820246],[133.5402360479915,34.644790751820246]]]}},{"type":"Feature","properties":{"jobs":12,"pop":41,"pointCount":3,"homeWorkCommuteMedian":14734,"workHomeCommuteMedian":29547},"geometry":{"type":"Polygon","coordinates":[[[133.5402360479915,34.65378395545749],[133.5402360479915,34.66277715909474],[133.54922925162873,34.66277715909474],[133.54922925162873,34.65378395545749],[133.5402360479915,34.65378395545749]]]}},{"type":"Feature","properties":{"jobs":100,"pop":46,"pointCount":5,"homeWorkCommuteMedian":749,"workHomeCommuteMedian":13994},"geometry":{"type":"Polygon","coordinates":[[[133.5402360479915,34.67177036273198],[133.5402360479915,34.68076356636923],[133.54922925162873,34.68076356636923],[133.54922925162873,34.67177036273198],[133.5402360479915,34.67177036273198]]]}},{"type":"Feature","properties":{"jobs":93,"pop":166,"pointCount":6,"homeWorkCommuteMedian":4989,"workHomeCommuteMedian":34134},"geometry":{"type":"Polygon","coordinates":[[[133.5402360479915,34.68076356636923],[133.5402360479915,34.689756770006476],[133.54922925162873,34.689756770006476],[133.54922925162873,34.68076356636923],[133.5402360479915,34.68076356636923]]]}},{"type":"Feature","properties":{"jobs":0,"pop":18,"pointCount":1,"homeWorkCommuteMedian":13721,"workHomeCommuteMedian":-1},"geometry":{"type":"Polygon","coordinates":[[[133.5402360479915,34.689756770006476],[133.5402360479915,34.69874997364372],[133.54922925162873,34.69874997364372],[133.54922925162873,34.689756770006476],[133.5402360479915,34.689756770006476]]]}},{"type":"Feature","properties":{"jobs":5,"pop":32,"pointCount":1,"homeWorkCommuteMedian":20683,"workHomeCommuteMedian":30110},"geometry":{"type":"Polygon","coordinates":[[[133.5402360479915,34.70774317728097],[133.5402360479915,34.71673638091821],[133.54922925162873,34.71673638091821],[133.54922925162873,34.70774317728097],[133.5402360479915,34.70774317728097]]]}},{"type":"Feature","properties":{"jobs":3,"pop":5,"pointCount":2,"homeWorkCommuteMedian":17609,"workHomeCommuteMedian":65335},"geometry":{"type":"Polygon","coordinates":[[[133.54922925162873,34.38398784634011],[133.54922925162873,34.39298104997736],[133.55822245526596,34.39298104997736],[133.55822245526596,34.38398784634011],[133.54922925162873,34.38398784634011]]]}},{"type":"Feature","properties":{"jobs":0,"pop":94,"pointCount":4,"homeWorkCommuteMedian":6424,"workHomeCommuteMedian":-1},"geometry":{"type":"Polygon","coordinates":[[[133.54922925162873,34.464926679075326],[133.54922925162873,34.47391988271257],[133.55822245526596,34.47391988271257],[133.55822245526596,34.464926679075326],[133.54922925162873,34.464926679075326]]]}},{"type":"Feature","properties":{"jobs":107,"pop":163,"pointCount":5,"homeWorkCommuteMedian":3247,"workHomeCommuteMedian":3922},"geometry":{"type":"Polygon","coordinates":[[[133.54922925162873,34.47391988271257],[133.54922925162873,34.48291308634982],[133.55822245526596,34.48291308634982],[133.55822245526596,34.47391988271257],[133.54922925162873,34.47391988271257]]]}},{"type":"Feature","properties":{"jobs":0,"pop":52,"pointCount":2,"homeWorkCommuteMedian":4789,"workHomeCommuteMedian":-1},"geometry":{"type":"Polygon","coordinates":[[[133.54922925162873,34.48291308634982],[133.54922925162873,34.491906289987064],[133.55822245526596,34.491906289987064],[133.55822245526596,34.48291308634982],[133.54922925162873,34.48291308634982]]]}},{"type":"Feature","properties":{"jobs":0,"pop":21,"pointCount":1,"homeWorkCommuteMedian":526,"workHomeCommuteMedian":-1},"geometry":{"type":"Polygon","coordinates":[[[133.54922925162873,34.491906289987064],[133.54922925162873,34.50089949362431],[133.55822245526596,34.50089949362431],[133.55822245526596,34.491906289987064],[133.54922925162873,34.491906289987064]]]}},{"type":"Feature","properties":{"jobs":154,"pop":563,"pointCount":15,"homeWorkCommuteMedian":3721,"workHomeCommuteMedian":21740},"geometry":{"type":"Polygon","coordinates":[[[133.54922925162873,34.50089949362431],[133.54922925162873,34.509892697261556],[133.55822245526596,34.509892697261556],[133.55822245526596,34.50089949362431],[133.54922925162873,34.50089949362431]]]}},{"type":"Feature","properties":{"jobs":52,"pop":735,"pointCount":11,"homeWorkCommuteMedian":7962,"workHomeCommuteMedian":20744},"geometry":{"type":"Polygon","coordinates":[[[133.54922925162873,34.509892697261556],[133.54922925162873,34.5188859008988],[133.55822245526596,34.5188859008988],[133.55822245526596,34.509892697261556],[133.54922925162873,34.509892697261556]]]}},{"type":"Feature","properties":{"jobs":66,"pop":0,"pointCount":2,"homeWorkCommuteMedian":-1,"workHomeCommuteMedian":8353},"geometry":{"type":"Polygon","coordinates":[[[133.54922925162873,34.52787910453605],[133.54922925162873,34.536872308173294],[133.55822245526596,34.536872308173294],[133.55822245526596,34.52787910453605],[133.54922925162873,34.52787910453605]]]}},{"type":"Feature","properties":{"jobs":60,"pop":65,"pointCount":1,"homeWorkCommuteMedian":4947,"workHomeCommuteMedian":12488},"geometry":{"type":"Polygon","coordinates":[[[133.54922925162873,34.554858715447786],[133.54922925162873,34.56385191908503],[133.55822245526596,34.56385191908503],[133.55822245526596,34.554858715447786],[133.54922925162873,34.554858715447786]]]}},{"type":"Feature","properties":{"jobs":67,"pop":33,"pointCount":3,"homeWorkCommuteMedian":8516,"workHomeCommuteMedian":8581},"geometry":{"type":"Polygon","coordinates":[[[133.54922925162873,34.56385191908503],[133.54922925162873,34.57284512272228],[133.55822245526596,34.57284512272228],[133.55822245526596,34.56385191908503],[133.54922925162873,34.56385191908503]]]}},{"type":"Feature","properties":{"jobs":0,"pop":34,"pointCount":1,"homeWorkCommuteMedian":14794,"workHomeCommuteMedian":-1},"geometry":{"type":"Polygon","coordinates":[[[133.54922925162873,34.59083152999677],[133.54922925162873,34.599824733634016],[133.55822245526596,34.599824733634016],[133.55822245526596,34.59083152999677],[133.54922925162873,34.59083152999677]]]}},{"type":"Feature","properties":{"jobs":0,"pop":40,"pointCount":2,"homeWorkCommuteMedian":12910,"workHomeCommuteMedian":-1},"geometry":{"type":"Polygon","coordinates":[[[133.54922925162873,34.65378395545749],[133.54922925162873,34.66277715909474],[133.55822245526596,34.66277715909474],[133.55822245526596,34.65378395545749],[133.54922925162873,34.65378395545749]]]}},{"type":"Feature","properties":{"jobs":34,"pop":103,"pointCount":6,"homeWorkCommuteMedian":16344,"workHomeCommuteMedian":78163},"geometry":{"type":"Polygon","coordinates":[[[133.54922925162873,34.67177036273198],[133.54922925162873,34.68076356636923],[133.55822245526596,34.68076356636923],[133.55822245526596,34.67177036273198],[133.54922925162873,34.67177036273198]]]}},{"type":"Feature","properties":{"jobs":47,"pop":58,"pointCount":3,"homeWorkCommuteMedian":13232,"workHomeCommuteMedian":18747},"geometry":{"type":"Polygon","coordinates":[[[133.54922925162873,34.68076356636923],[133.54922925162873,34.689756770006476],[133.55822245526596,34.689756770006476],[133.55822245526596,34.68076356636923],[133.54922925162873,34.68076356636923]]]}},{"type":"Feature","properties":{"jobs":0,"pop":48,"pointCount":2,"homeWorkCommuteMedian":16152,"workHomeCommuteMedian":-1},"geometry":{"type":"Polygon","coordinates":[[[133.54922925162873,34.689756770006476],[133.54922925162873,34.69874997364372],[133.55822245526596,34.69874997364372],[133.55822245526596,34.689756770006476],[133.54922925162873,34.689756770006476]]]}},{"type":"Feature","properties":{"jobs":0,"pop":33,"pointCount":2,"homeWorkCommuteMedian":22020,"workHomeCommuteMedian":-1},"geometry":{"type":"Polygon","coordinates":[[[133.54922925162873,34.69874997364372],[133.54922925162873,34.70774317728097],[133.55822245526596,34.70774317728097],[133.55822245526596,34.69874997364372],[133.54922925162873,34.69874997364372]]]}},{"type":"Feature","properties":{"jobs":0,"pop":36,"pointCount":1,"homeWorkCommuteMedian":6080,"workHomeCommuteMedian":-1},"geometry":{"type":"Polygon","coordinates":[[[133.54922925162873,34.70774317728097],[133.54922925162873,34.71673638091821],[133.55822245526596,34.71673638091821],[133.55822245526596,34.70774317728097],[133.54922925162873,34.70774317728097]]]}},{"type":"Feature","properties":{"jobs":29,"pop":41,"pointCount":2,"homeWorkCommuteMedian":3670,"workHomeCommuteMedian":24487},"geometry":{"type":"Polygon","coordinates":[[[133.55822245526596,34.464926679075326],[133.55822245526596,34.47391988271257],[133.5672156589032,34.47391988271257],[133.5672156589032,34.464926679075326],[133.55822245526596,34.464926679075326]]]}},{"type":"Feature","properties":{"jobs":18,"pop":97,"pointCount":4,"homeWorkCommuteMedian":12546,"workHomeCommuteMedian":11028},"geometry":{"type":"Polygon","coordinates":[[[133.55822245526596,34.47391988271257],[133.55822245526596,34.48291308634982],[133.5672156589032,34.48291308634982],[133.5672156589032,34.47391988271257],[133.55822245526596,34.47391988271257]]]}},{"type":"Feature","properties":{"jobs":828,"pop":25,"pointCount":3,"homeWorkCommuteMedian":2134,"workHomeCommuteMedian":8460},"geometry":{"type":"Polygon","coordinates":[[[133.55822245526596,34.491906289987064],[133.55822245526596,34.50089949362431],[133.5672156589032,34.50089949362431],[133.5672156589032,34.491906289987064],[133.55822245526596,34.491906289987064]]]}},{"type":"Feature","properties":{"jobs":17,"pop":270,"pointCount":6,"homeWorkCommuteMedian":2336,"workHomeCommuteMedian":281},"geometry":{"type":"Polygon","coordinates":[[[133.55822245526596,34.50089949362431],[133.55822245526596,34.509892697261556],[133.5672156589032,34.509892697261556],[133.5672156589032,34.50089949362431],[133.55822245526596,34.50089949362431]]]}},{"type":"Feature","properties":{"jobs":1031,"pop":571,"pointCount":11,"homeWorkCommuteMedian":5638,"workHomeCommuteMedian":3776},"geometry":{"type":"Polygon","coordinates":[[[133.55822245526596,34.509892697261556],[133.55822245526596,34.5188859008988],[133.5672156589032,34.5188859008988],[133.5672156589032,34.509892697261556],[133.55822245526596,34.509892697261556]]]}},{"type":"Feature","properties":{"jobs":214,"pop":403,"pointCount":11,"homeWorkCommuteMedian":4363,"workHomeCommuteMedian":4786},"geometry":{"type":"Polygon","coordinates":[[[133.55822245526596,34.5188859008988],[133.55822245526596,34.52787910453605],[133.5672156589032,34.52787910453605],[133.5672156589032,34.5188859008988],[133.55822245526596,34.5188859008988]]]}},{"type":"Feature","properties":{"jobs":417,"pop":231,"pointCount":5,"homeWorkCommuteMedian":7541,"workHomeCommuteMedian":10633},"geometry":{"type":"Polygon","coordinates":[[[133.55822245526596,34.52787910453605],[133.55822245526596,34.536872308173294],[133.5672156589032,34.536872308173294],[133.5672156589032,34.52787910453605],[133.55822245526596,34.52787910453605]]]}},{"type":"Feature","properties":{"jobs":3,"pop":0,"pointCount":1,"homeWorkCommuteMedian":-1,"workHomeCommuteMedian":40036},"geometry":{"type":"Polygon","coordinates":[[[133.55822245526596,34.65378395545749],[133.55822245526596,34.66277715909474],[133.5672156589032,34.66277715909474],[133.5672156589032,34.65378395545749],[133.55822245526596,34.65378395545749]]]}},{"type":"Feature","properties":{"jobs":0,"pop":31,"pointCount":1,"homeWorkCommuteMedian":18298,"workHomeCommuteMedian":-1},"geometry":{"type":"Polygon","coordinates":[[[133.5672156589032,34.464926679075326],[133.5672156589032,34.47391988271257],[133.57620886254043,34.47391988271257],[133.57620886254043,34.464926679075326],[133.5672156589032,34.464926679075326]]]}},{"type":"Feature","properties":{"jobs":556,"pop":221,"pointCount":5,"homeWorkCommuteMedian":2518,"workHomeCommuteMedian":3458},"geometry":{"type":"Polygon","coordinates":[[[133.5672156589032,34.509892697261556],[133.5672156589032,34.5188859008988],[133.57620886254043,34.5188859008988],[133.57620886254043,34.509892697261556],[133.5672156589032,34.509892697261556]]]}},{"type":"Feature","properties":{"jobs":711,"pop":792,"pointCount":11,"homeWorkCommuteMedian":7919,"workHomeCommuteMedian":18780},"geometry":{"type":"Polygon","coordinates":[[[133.5672156589032,34.5188859008988],[133.5672156589032,34.52787910453605],[133.57620886254043,34.52787910453605],[133.57620886254043,34.5188859008988],[133.5672156589032,34.5188859008988]]]}},{"type":"Feature","properties":{"jobs":97,"pop":265,"pointCount":4,"homeWorkCommuteMedian":17658,"workHomeCommuteMedian":31199},"geometry":{"type":"Polygon","coordinates":[[[133.5672156589032,34.52787910453605],[133.5672156589032,34.536872308173294],[133.57620886254043,34.536872308173294],[133.57620886254043,34.52787910453605],[133.5672156589032,34.52787910453605]]]}},{"type":"Feature","properties":{"jobs":0,"pop":26,"pointCount":1,"homeWorkCommuteMedian":20058,"workHomeCommuteMedian":-1},"geometry":{"type":"Polygon","coordinates":[[[133.5672156589032,34.689756770006476],[133.5672156589032,34.69874997364372],[133.57620886254043,34.69874997364372],[133.57620886254043,34.689756770006476],[133.5672156589032,34.689756770006476]]]}},{"type":"Feature","properties":{"jobs":0,"pop":42,"pointCount":1,"homeWorkCommuteMedian":6078,"workHomeCommuteMedian":-1},"geometry":{"type":"Polygon","coordinates":[[[133.5672156589032,34.69874997364372],[133.5672156589032,34.70774317728097],[133.57620886254043,34.70774317728097],[133.57620886254043,34.69874997364372],[133.5672156589032,34.69874997364372]]]}},{"type":"Feature","properties":{"jobs":0,"pop":17,"pointCount":1,"homeWorkCommuteMedian":5863,"workHomeCommuteMedian":-1},"geometry":{"type":"Polygon","coordinates":[[[133.5672156589032,34.70774317728097],[133.5672156589032,34.71673638091821],[133.57620886254043,34.71673638091821],[133.57620886254043,34.70774317728097],[133.5672156589032,34.70774317728097]]]}},{"type":"Feature","properties":{"jobs":79,"pop":45,"pointCount":4,"homeWorkCommuteMedian":228,"workHomeCommuteMedian":37228},"geometry":{"type":"Polygon","coordinates":[[[133.57620886254043,34.34801503179113],[133.57620886254043,34.357008235428374],[133.58520206617766,34.357008235428374],[133.58520206617766,34.34801503179113],[133.57620886254043,34.34801503179113]]]}},{"type":"Feature","properties":{"jobs":1,"pop":17,"pointCount":2,"homeWorkCommuteMedian":18614,"workHomeCommuteMedian":67004},"geometry":{"type":"Polygon","coordinates":[[[133.57620886254043,34.357008235428374],[133.57620886254043,34.36600143906562],[133.58520206617766,34.36600143906562],[133.58520206617766,34.357008235428374],[133.57620886254043,34.357008235428374]]]}},{"type":"Feature","properties":{"jobs":0,"pop":15,"pointCount":1,"homeWorkCommuteMedian":5737,"workHomeCommuteMedian":-1},"geometry":{"type":"Polygon","coordinates":[[[133.57620886254043,34.5188859008988],[133.57620886254043,34.52787910453605],[133.58520206617766,34.52787910453605],[133.58520206617766,34.5188859008988],[133.57620886254043,34.5188859008988]]]}},{"type":"Feature","properties":{"jobs":76,"pop":209,"pointCount":5,"homeWorkCommuteMedian":8581,"workHomeCommuteMedian":12727},"geometry":{"type":"Polygon","coordinates":[[[133.57620886254043,34.52787910453605],[133.57620886254043,34.536872308173294],[133.58520206617766,34.536872308173294],[133.58520206617766,34.52787910453605],[133.57620886254043,34.52787910453605]]]}},{"type":"Feature","properties":{"jobs":28,"pop":59,"pointCount":2,"homeWorkCommuteMedian":18716,"workHomeCommuteMedian":4989},"geometry":{"type":"Polygon","coordinates":[[[133.57620886254043,34.68076356636923],[133.57620886254043,34.689756770006476],[133.58520206617766,34.689756770006476],[133.58520206617766,34.68076356636923],[133.57620886254043,34.68076356636923]]]}},{"type":"Feature","properties":{"jobs":11,"pop":35,"pointCount":2,"homeWorkCommuteMedian":7246,"workHomeCommuteMedian":9331},"geometry":{"type":"Polygon","coordinates":[[[133.57620886254043,34.689756770006476],[133.57620886254043,34.69874997364372],[133.58520206617766,34.69874997364372],[133.58520206617766,34.689756770006476],[133.57620886254043,34.689756770006476]]]}},{"type":"Feature","properties":{"jobs":16,"pop":56,"pointCount":1,"homeWorkCommuteMedian":7151,"workHomeCommuteMedian":34757},"geometry":{"type":"Polygon","coordinates":[[[133.57620886254043,34.70774317728097],[133.57620886254043,34.71673638091821],[133.58520206617766,34.71673638091821],[133.58520206617766,34.70774317728097],[133.57620886254043,34.70774317728097]]]}}],"properties":{"residentWeightedNearestNeighborKm":{"p10":0.15023584564250667,"p25":0.16039437064782158,"p50":0.17152996680500202,"p75":0.20101329127801681,"p90":0.25428777533457253,"mean":0.20095054906542786},"workerWeightedNearestNeighborKm":{"p10":0.14812014139819768,"p25":0.1598329869317617,"p50":0.173211916296009,"p75":0.20285755458496202,"p90":0.2565507144451703,"mean":0.19721210002618428},"commuteDistanceKm":{"p10":666,"p25":2294,"p50":7386,"p75":17372,"p90":27971,"mean":11671.595642402297},"residentCellDensity":{"p10":19,"p25":32,"p50":75,"p75":263,"p90":926,"mean":305.701690821256},"workerCellDensity":{"p10":17,"p25":32,"p50":91,"p75":362,"p90":1194,"mean":404.07901037509976},"detail":{"radiusKm":0.17236889003670358,"expectedPointSpacingKm":0.4789625311816574,"normalizedRadius":0.3598796958322587,"activityPerPoint":63.679788705823164,"playableAreaKm2":2848,"playableAreaPerPointKm2":0.35819393786945036,"playableCatchmentRadiusKm":0.33766354792151987,"localityScore":0.9705264432006476,"deaggregationScore":1,"score":0.9851530049696076},"polycentrism":{"activity":{"score":0.9040635026961001,"continuousScore":0.8357464245261582,"detectedCenterCount":2,"effectiveCenterCount":1.8249232550610148,"largestCenterShare":0.6548680868545065,"bandwidthKm":1.3,"reliabilityScore":1,"supportLevel":"high","usedFallback":false,"topCenters":[{"longitude":133.3829946906828,"latitude":34.51413640508971,"massShare":0.6548680868545065,"assignedMass":663143,"assignedPointCount":4687,"prominenceRatio":1},{"longitude":133.14067232651558,"latitude":34.42221977077171,"massShare":0.3451319131454935,"assignedMass":349493,"assignedPointCount":3264,"prominenceRatio":1}],"debug":{"rawPeakCount":62,"mergedPeakCount":42,"filteredPeakCount":2,"prominenceThreshold":0.22,"minPointsPerCenter":10,"rejectedCenters":[{"longitude":133.07594246628574,"latitude":34.396211875304765,"massShare":0.06145643646878049,"assignedMass":62233,"assignedPointCount":326,"prominenceRatio":1,"strongestCompetitorDistanceKm":29.20985228706432,"strongestCompetitorPotential":84696.46660489182,"localConsolidatedShare":0.06145643646878049,"localConsolidatedMass":62233,"localContributorCount":1,"localContributorDistancesKm":[],"rejectionReasons":["not_dominant_local_peak","below_relative_share_floor"]},{"longitude":133.34904173691373,"latitude":34.54828141745594,"massShare":0.10134638705319582,"assignedMass":102627,"assignedPointCount":727,"prominenceRatio":0.9999993405218679,"strongestCompetitorDistanceKm":7.1848535067031625,"strongestCompetitorPotential":84696.46660489182,"localConsolidatedShare":0.10134638705319582,"localConsolidatedMass":102627,"localContributorCount":1,"localContributorDistancesKm":[],"rejectionReasons":["not_dominant_local_peak","below_relative_share_floor","too_close_for_low_share_center"]},{"longitude":133.24717161500448,"latitude":34.443894732436306,"massShare":0.07722913267946231,"assignedMass":78205,"assignedPointCount":547,"prominenceRatio":0.9999946519845891,"strongestCompetitorDistanceKm":6.41095642964869,"strongestCompetitorPotential":29317.875837938875,"localConsolidatedShare":0.07722913267946231,"localConsolidatedMass":78205,"localContributorCount":1,"localContributorDistancesKm":[],"rejectionReasons":["not_dominant_local_peak","too_close_for_low_share_center"]},{"longitude":133.25323077848978,"latitude":34.56332826698492,"massShare":0.061071303015101185,"assignedMass":61843,"assignedPointCount":548,"prominenceRatio":1,"strongestCompetitorDistanceKm":14.848731255520274,"strongestCompetitorPotential":84696.46660489182,"localConsolidatedShare":0.061071303015101185,"localConsolidatedMass":61843,"localContributorCount":1,"localContributorDistancesKm":[],"rejectionReasons":["not_dominant_local_peak"]},{"longitude":133.5136910657083,"latitude":34.50644580119085,"massShare":0.060904411851840146,"assignedMass":61674,"assignedPointCount":619,"prominenceRatio":1,"strongestCompetitorDistanceKm":13.638639326716907,"strongestCompetitorPotential":84696.46660489182,"localConsolidatedShare":0.060904411851840146,"localConsolidatedMass":61674,"localContributorCount":1,"localContributorDistancesKm":[],"rejectionReasons":["not_dominant_local_peak"]},{"longitude":133.46631366917387,"latitude":34.58919185784955,"massShare":0.04748300475195431,"assignedMass":48083,"assignedPointCount":669,"prominenceRatio":1,"strongestCompetitorDistanceKm":15.21479048385391,"strongestCompetitorPotential":84696.46660489182,"localConsolidatedShare":0.04748300475195431,"localConsolidatedMass":48083,"localContributorCount":1,"localContributorDistancesKm":[],"rejectionReasons":["below_secondary_share_floor"]},{"longitude":132.99116442939513,"latitude":34.39879158772276,"massShare":0.023831860609340377,"assignedMass":24133,"assignedPointCount":290,"prominenceRatio":1,"strongestCompetitorDistanceKm":18.346735477690824,"strongestCompetitorPotential":29317.875837938875,"localConsolidatedShare":0.023831860609340377,"localConsolidatedMass":24133,"localContributorCount":1,"localContributorDistancesKm":[],"rejectionReasons":["below_secondary_share_floor"]},{"longitude":133.17809495629265,"latitude":34.28069088435056,"massShare":0.018487393298282896,"assignedMass":18721,"assignedPointCount":222,"prominenceRatio":1,"strongestCompetitorDistanceKm":13.438334792543689,"strongestCompetitorPotential":29317.875837938875,"localConsolidatedShare":0.018487393298282896,"localConsolidatedMass":18721,"localContributorCount":1,"localContributorDistancesKm":[],"rejectionReasons":["below_secondary_share_floor"]},{"longitude":133.31194952669483,"latitude":34.39462732333906,"massShare":0.018922890357443347,"assignedMass":19162,"assignedPointCount":233,"prominenceRatio":1,"strongestCompetitorDistanceKm":11.656040602168936,"strongestCompetitorPotential":84696.46660489182,"localConsolidatedShare":0.018922890357443347,"localConsolidatedMass":19162,"localContributorCount":1,"localContributorDistancesKm":[],"rejectionReasons":["below_secondary_share_floor"]},{"longitude":133.05389627928844,"latitude":34.59097713150572,"massShare":0.01175743307565601,"assignedMass":11906,"assignedPointCount":207,"prominenceRatio":1,"strongestCompetitorDistanceKm":23.49721060495888,"strongestCompetitorPotential":29317.875837938875,"localConsolidatedShare":0.01175743307565601,"localConsolidatedMass":11906,"localContributorCount":1,"localContributorDistancesKm":[],"rejectionReasons":["below_secondary_share_floor"]},{"longitude":132.91969349276064,"latitude":34.43842947702216,"massShare":0.006964990381538875,"assignedMass":7053,"assignedPointCount":35,"prominenceRatio":1,"strongestCompetitorDistanceKm":25.03822498902489,"strongestCompetitorPotential":29317.875837938875,"localConsolidatedShare":0.006964990381538875,"localConsolidatedMass":7053,"localContributorCount":1,"localContributorDistancesKm":[],"rejectionReasons":["below_secondary_share_floor"]},{"longitude":133.15847535233164,"latitude":34.33128912647053,"massShare":0.013196252157734862,"assignedMass":13363,"assignedPointCount":146,"prominenceRatio":0.9999999999941952,"strongestCompetitorDistanceKm":9.641584240121794,"strongestCompetitorPotential":29317.875837938875,"localConsolidatedShare":0.013196252157734862,"localConsolidatedMass":13363,"localContributorCount":1,"localContributorDistancesKm":[],"rejectionReasons":["below_secondary_share_floor"]},{"longitude":133.0984728203031,"latitude":34.30128389893561,"massShare":0.008725741530026584,"assignedMass":8836,"assignedPointCount":133,"prominenceRatio":1,"strongestCompetitorDistanceKm":14.492769033033712,"strongestCompetitorPotential":29317.875837938875,"localConsolidatedShare":0.008725741530026584,"localConsolidatedMass":8836,"localContributorCount":1,"localContributorDistancesKm":[],"rejectionReasons":["below_secondary_share_floor"]},{"longitude":133.38031531206536,"latitude":34.39574559243258,"massShare":0.007139781718208714,"assignedMass":7230,"assignedPointCount":65,"prominenceRatio":0.9999999999999978,"strongestCompetitorDistanceKm":11.142533510331512,"strongestCompetitorPotential":84696.46660489182,"localConsolidatedShare":0.007139781718208714,"localConsolidatedMass":7230,"localContributorCount":1,"localContributorDistancesKm":[],"rejectionReasons":["below_secondary_share_floor"]},{"longitude":133.14285211148461,"latitude":34.51086874675139,"massShare":0.008627976884092605,"assignedMass":8737,"assignedPointCount":165,"prominenceRatio":1,"strongestCompetitorDistanceKm":12.495964163268965,"strongestCompetitorPotential":29317.875837938875,"localConsolidatedShare":0.008627976884092605,"localConsolidatedMass":8737,"localContributorCount":1,"localContributorDistancesKm":[],"rejectionReasons":["below_secondary_share_floor"]},{"longitude":133.12523457043812,"latitude":34.69401343284257,"massShare":0.006075233351372063,"assignedMass":6152,"assignedPointCount":116,"prominenceRatio":1,"strongestCompetitorDistanceKm":32.37453783392818,"strongestCompetitorPotential":29317.875837938875,"localConsolidatedShare":0.006075233351372063,"localConsolidatedMass":6152,"localContributorCount":1,"localContributorDistancesKm":[],"rejectionReasons":["below_secondary_share_floor"]},{"longitude":133.0465942730286,"latitude":34.34165651534774,"massShare":0.004252268337290003,"assignedMass":4306,"assignedPointCount":45,"prominenceRatio":1,"strongestCompetitorDistanceKm":15.62809616648601,"strongestCompetitorPotential":29317.875837938875,"localConsolidatedShare":0.004252268337290003,"localConsolidatedMass":4306,"localContributorCount":1,"localContributorDistancesKm":[],"rejectionReasons":["below_secondary_share_floor"]},{"longitude":133.23555256661675,"latitude":34.69237260439694,"massShare":0.0033279480484596636,"assignedMass":3370,"assignedPointCount":74,"prominenceRatio":1,"strongestCompetitorDistanceKm":26.666927437606663,"strongestCompetitorPotential":84696.46660489182,"localConsolidatedShare":0.0033279480484596636,"localConsolidatedMass":3370,"localContributorCount":1,"localContributorDistancesKm":[],"rejectionReasons":["below_secondary_share_floor"]},{"longitude":133.03199367893507,"latitude":34.51841615594909,"massShare":0.005024510288000821,"assignedMass":5088,"assignedPointCount":111,"prominenceRatio":1,"strongestCompetitorDistanceKm":19.672312839721993,"strongestCompetitorPotential":29317.875837938875,"localConsolidatedShare":0.005024510288000821,"localConsolidatedMass":5088,"localContributorCount":1,"localContributorDistancesKm":[],"rejectionReasons":["below_secondary_share_floor"]},{"longitude":132.94784699616406,"latitude":34.55073458124876,"massShare":0.0034079373042238278,"assignedMass":3451,"assignedPointCount":73,"prominenceRatio":1,"strongestCompetitorDistanceKm":26.82836207435419,"strongestCompetitorPotential":29317.875837938875,"localConsolidatedShare":0.0034079373042238278,"localConsolidatedMass":3451,"localContributorCount":1,"localContributorDistancesKm":[],"rejectionReasons":["below_secondary_share_floor"]},{"longitude":133.52714854153655,"latitude":34.678622901773366,"massShare":0.0037101189371106695,"assignedMass":3757,"assignedPointCount":123,"prominenceRatio":1,"strongestCompetitorDistanceKm":25.97442050919865,"strongestCompetitorPotential":84696.46660489182,"localConsolidatedShare":0.0037101189371106695,"localConsolidatedMass":3757,"localContributorCount":1,"localContributorDistancesKm":[],"rejectionReasons":["below_secondary_share_floor"]},{"longitude":132.93634234751045,"latitude":34.617049535189174,"massShare":0.002666308525472134,"assignedMass":2700,"assignedPointCount":67,"prominenceRatio":1,"strongestCompetitorDistanceKm":33.172778495135546,"strongestCompetitorPotential":29317.875837938875,"localConsolidatedShare":0.002666308525472134,"localConsolidatedMass":2700,"localContributorCount":1,"localContributorDistancesKm":[],"rejectionReasons":["below_secondary_share_floor"]},{"longitude":132.9179166792904,"latitude":34.51634429069107,"massShare":0.0032351210109061892,"assignedMass":3276,"assignedPointCount":70,"prominenceRatio":1,"strongestCompetitorDistanceKm":27.236764040608552,"strongestCompetitorPotential":29317.875837938875,"localConsolidatedShare":0.0032351210109061892,"localConsolidatedMass":3276,"localContributorCount":1,"localContributorDistancesKm":[],"rejectionReasons":["below_secondary_share_floor"]},{"longitude":133.2754762043594,"latitude":34.77974286821874,"massShare":0.001540533814717233,"assignedMass":1560,"assignedPointCount":37,"prominenceRatio":1,"strongestCompetitorDistanceKm":33.911973061105776,"strongestCompetitorPotential":84696.46660489182,"localConsolidatedShare":0.001540533814717233,"localConsolidatedMass":1560,"localContributorCount":1,"localContributorDistancesKm":[],"rejectionReasons":["below_secondary_share_floor"]},{"longitude":133.18001016061328,"latitude":34.603847930633535,"massShare":0.0019868936123147904,"assignedMass":2012,"assignedPointCount":45,"prominenceRatio":1,"strongestCompetitorDistanceKm":20.53824619825504,"strongestCompetitorPotential":29317.875837938875,"localConsolidatedShare":0.0019868936123147904,"localConsolidatedMass":2012,"localContributorCount":1,"localContributorDistancesKm":[],"rejectionReasons":["below_secondary_share_floor"]},{"longitude":133.3405478514247,"latitude":34.770931028271704,"massShare":0.0013390793927926718,"assignedMass":1356,"assignedPointCount":45,"prominenceRatio":1,"strongestCompetitorDistanceKm":32.31447860149155,"strongestCompetitorPotential":84696.46660489182,"localConsolidatedShare":0.0013390793927926718,"localConsolidatedMass":1356,"localContributorCount":1,"localContributorDistancesKm":[],"rejectionReasons":["below_secondary_share_floor"]},{"longitude":133.32381192953173,"latitude":34.68224710096836,"massShare":0.0012205767916605768,"assignedMass":1236,"assignedPointCount":42,"prominenceRatio":1,"strongestCompetitorDistanceKm":23.406696695149193,"strongestCompetitorPotential":84696.46660489182,"localConsolidatedShare":0.0012205767916605768,"localConsolidatedMass":1236,"localContributorCount":1,"localContributorDistancesKm":[],"rejectionReasons":["below_secondary_share_floor"]},{"longitude":133.1129418096058,"latitude":34.56429600183471,"massShare":0.0008986447252517192,"assignedMass":910,"assignedPointCount":25,"prominenceRatio":1,"strongestCompetitorDistanceKm":18.116034090957736,"strongestCompetitorPotential":29317.875837938875,"localConsolidatedShare":0.0008986447252517192,"localConsolidatedMass":910,"localContributorCount":1,"localContributorDistancesKm":[],"rejectionReasons":["below_secondary_share_floor"]},{"longitude":132.90267941687398,"latitude":34.65575391195006,"massShare":0.0009608585908460691,"assignedMass":973,"assignedPointCount":32,"prominenceRatio":1,"strongestCompetitorDistanceKm":38.45123339855303,"strongestCompetitorPotential":29317.875837938875,"localConsolidatedShare":0.0009608585908460691,"localConsolidatedMass":973,"localContributorCount":1,"localContributorDistancesKm":[],"rejectionReasons":["below_secondary_share_floor"]},{"longitude":133.01853931426282,"latitude":34.63867572608748,"massShare":0.001281803135578826,"assignedMass":1298,"assignedPointCount":43,"prominenceRatio":1,"strongestCompetitorDistanceKm":29.04355873545345,"strongestCompetitorPotential":29317.875837938875,"localConsolidatedShare":0.001281803135578826,"localConsolidatedMass":1298,"localContributorCount":1,"localContributorDistancesKm":[],"rejectionReasons":["below_secondary_share_floor"]},{"longitude":133.18663014135112,"latitude":34.80035387422453,"massShare":0.0011998388364624604,"assignedMass":1215,"assignedPointCount":65,"prominenceRatio":1,"strongestCompetitorDistanceKm":39.40243910752622,"strongestCompetitorPotential":84696.46660489182,"localConsolidatedShare":0.0011998388364624604,"localConsolidatedMass":1215,"localContributorCount":1,"localContributorDistancesKm":[],"rejectionReasons":["below_secondary_share_floor"]},{"longitude":133.29620267495685,"latitude":34.73385761033793,"massShare":0.0007041029550598635,"assignedMass":713,"assignedPointCount":21,"prominenceRatio":1,"strongestCompetitorDistanceKm":28.880128424956634,"strongestCompetitorPotential":84696.46660489182,"localConsolidatedShare":0.0007041029550598635,"localConsolidatedMass":713,"localContributorCount":1,"localContributorDistancesKm":[],"rejectionReasons":["below_secondary_share_floor"]},{"longitude":133.5264496855908,"latitude":34.39783174463783,"massShare":0.0006675646530441343,"assignedMass":676,"assignedPointCount":22,"prominenceRatio":1,"strongestCompetitorDistanceKm":17.885886845350914,"strongestCompetitorPotential":84696.46660489182,"localConsolidatedShare":0.0006675646530441343,"localConsolidatedMass":676,"localContributorCount":1,"localContributorDistancesKm":[],"rejectionReasons":["below_secondary_share_floor"]},{"longitude":133.3190390419283,"latitude":34.1787852937339,"massShare":0.00017676638002204147,"assignedMass":179,"assignedPointCount":7,"prominenceRatio":1,"strongestCompetitorDistanceKm":28.37619709664567,"strongestCompetitorPotential":29317.875837938875,"localConsolidatedShare":0.00017676638002204147,"localConsolidatedMass":179,"localContributorCount":1,"localContributorDistancesKm":[],"rejectionReasons":["below_min_points_per_center"]},{"longitude":133.4385101792766,"latitude":34.34461542696293,"massShare":0.00015997851152832804,"assignedMass":162,"assignedPointCount":5,"prominenceRatio":1,"strongestCompetitorDistanceKm":16.599084077724715,"strongestCompetitorPotential":84696.46660489182,"localConsolidatedShare":0.00015997851152832804,"localConsolidatedMass":162,"localContributorCount":1,"localContributorDistancesKm":[],"rejectionReasons":["below_min_points_per_center"]},{"longitude":133.5785681850023,"latitude":34.35519327537151,"massShare":0.00014022807800631224,"assignedMass":142,"assignedPointCount":6,"prominenceRatio":1,"strongestCompetitorDistanceKm":23.625547018571936,"strongestCompetitorPotential":84696.46660489182,"localConsolidatedShare":0.00014022807800631224,"localConsolidatedMass":142,"localContributorCount":1,"localContributorDistancesKm":[],"rejectionReasons":["below_min_points_per_center"]},{"longitude":133.29373316963233,"latitude":34.83442236154517,"massShare":0.0001639285982327312,"assignedMass":166,"assignedPointCount":7,"prominenceRatio":1,"strongestCompetitorDistanceKm":39.52051701854263,"strongestCompetitorPotential":84696.46660489182,"localConsolidatedShare":0.0001639285982327312,"localConsolidatedMass":166,"localContributorCount":1,"localContributorDistancesKm":[],"rejectionReasons":["below_min_points_per_center"]},{"longitude":133.50462239921535,"latitude":34.339917797224516,"massShare":0.000035550780339628455,"assignedMass":36,"assignedPointCount":4,"prominenceRatio":1,"strongestCompetitorDistanceKm":20.277463313741787,"strongestCompetitorPotential":84696.46660489182,"localConsolidatedShare":0.000035550780339628455,"localConsolidatedMass":36,"localContributorCount":1,"localContributorDistancesKm":[],"rejectionReasons":["below_min_points_per_center"]},{"longitude":133.53673029435382,"latitude":34.30527500832493,"massShare":0.00003357573698742687,"assignedMass":34,"assignedPointCount":3,"prominenceRatio":1,"strongestCompetitorDistanceKm":25.087305397244506,"strongestCompetitorPotential":84696.46660489182,"localConsolidatedShare":0.00003357573698742687,"localConsolidatedMass":34,"localContributorCount":1,"localContributorDistancesKm":[],"rejectionReasons":["below_min_points_per_center"]},{"longitude":133.259375,"latitude":34.231250001030816,"massShare":0.000001975043352201581,"assignedMass":2,"assignedPointCount":1,"prominenceRatio":1,"strongestCompetitorDistanceKm":20.8339560008415,"strongestCompetitorPotential":29317.875837938875,"localConsolidatedShare":0.000001975043352201581,"localConsolidatedMass":2,"localContributorCount":1,"localContributorDistancesKm":[],"rejectionReasons":["below_min_points_per_center"]}]}}}}}
