{"type":"FeatureCollection","features":[{"type":"Feature","properties":{"jobs":40,"pop":34,"pointCount":2,"homeWorkCommuteMedian":5435,"workHomeCommuteMedian":11752},"geometry":{"type":"Polygon","coordinates":[[[135.96479088147726,35.96336861697293],[135.96479088147726,35.972361820610175],[135.9737840851145,35.972361820610175],[135.9737840851145,35.96336861697293],[135.96479088147726,35.96336861697293]]]}},{"type":"Feature","properties":{"jobs":6,"pop":0,"pointCount":1,"homeWorkCommuteMedian":-1,"workHomeCommuteMedian":8860},"geometry":{"type":"Polygon","coordinates":[[[135.96479088147726,35.98135502424742],[135.96479088147726,35.99034822788467],[135.9737840851145,35.99034822788467],[135.9737840851145,35.98135502424742],[135.96479088147726,35.98135502424742]]]}},{"type":"Feature","properties":{"jobs":36,"pop":14,"pointCount":2,"homeWorkCommuteMedian":12688,"workHomeCommuteMedian":24011},"geometry":{"type":"Polygon","coordinates":[[[135.96479088147726,35.99034822788467],[135.96479088147726,35.99934143152191],[135.9737840851145,35.99934143152191],[135.9737840851145,35.99034822788467],[135.96479088147726,35.99034822788467]]]}},{"type":"Feature","properties":{"jobs":0,"pop":15,"pointCount":1,"homeWorkCommuteMedian":33300,"workHomeCommuteMedian":-1},"geometry":{"type":"Polygon","coordinates":[[[135.96479088147726,35.99934143152191],[135.96479088147726,36.00833463515916],[135.9737840851145,36.00833463515916],[135.9737840851145,35.99934143152191],[135.96479088147726,35.99934143152191]]]}},{"type":"Feature","properties":{"jobs":11,"pop":31,"pointCount":2,"homeWorkCommuteMedian":19864,"workHomeCommuteMedian":934},"geometry":{"type":"Polygon","coordinates":[[[135.9737840851145,35.95437541333568],[135.9737840851145,35.96336861697293],[135.98277728875172,35.96336861697293],[135.98277728875172,35.95437541333568],[135.9737840851145,35.95437541333568]]]}},{"type":"Feature","properties":{"jobs":29,"pop":13,"pointCount":2,"homeWorkCommuteMedian":7419,"workHomeCommuteMedian":21020},"geometry":{"type":"Polygon","coordinates":[[[135.9737840851145,35.972361820610175],[135.9737840851145,35.98135502424742],[135.98277728875172,35.98135502424742],[135.98277728875172,35.972361820610175],[135.9737840851145,35.972361820610175]]]}},{"type":"Feature","properties":{"jobs":1,"pop":22,"pointCount":2,"homeWorkCommuteMedian":33832,"workHomeCommuteMedian":27832},"geometry":{"type":"Polygon","coordinates":[[[135.9737840851145,35.99034822788467],[135.9737840851145,35.99934143152191],[135.98277728875172,35.99934143152191],[135.98277728875172,35.99034822788467],[135.9737840851145,35.99034822788467]]]}},{"type":"Feature","properties":{"jobs":35,"pop":61,"pointCount":2,"homeWorkCommuteMedian":4708,"workHomeCommuteMedian":24089},"geometry":{"type":"Polygon","coordinates":[[[135.98277728875172,35.93638900606119],[135.98277728875172,35.94538220969844],[135.99177049238895,35.94538220969844],[135.99177049238895,35.93638900606119],[135.98277728875172,35.93638900606119]]]}},{"type":"Feature","properties":{"jobs":413,"pop":426,"pointCount":12,"homeWorkCommuteMedian":17875,"workHomeCommuteMedian":5594},"geometry":{"type":"Polygon","coordinates":[[[135.98277728875172,35.94538220969844],[135.98277728875172,35.95437541333568],[135.99177049238895,35.95437541333568],[135.99177049238895,35.94538220969844],[135.98277728875172,35.94538220969844]]]}},{"type":"Feature","properties":{"jobs":15,"pop":240,"pointCount":5,"homeWorkCommuteMedian":11619,"workHomeCommuteMedian":158},"geometry":{"type":"Polygon","coordinates":[[[135.98277728875172,35.95437541333568],[135.98277728875172,35.96336861697293],[135.99177049238895,35.96336861697293],[135.99177049238895,35.95437541333568],[135.98277728875172,35.95437541333568]]]}},{"type":"Feature","properties":{"jobs":0,"pop":1,"pointCount":1,"homeWorkCommuteMedian":41090,"workHomeCommuteMedian":-1},"geometry":{"type":"Polygon","coordinates":[[[135.98277728875172,35.99934143152191],[135.98277728875172,36.00833463515916],[135.99177049238895,36.00833463515916],[135.99177049238895,35.99934143152191],[135.98277728875172,35.99934143152191]]]}},{"type":"Feature","properties":{"jobs":1,"pop":59,"pointCount":3,"homeWorkCommuteMedian":30435,"workHomeCommuteMedian":25464},"geometry":{"type":"Polygon","coordinates":[[[135.98277728875172,36.00833463515916],[135.98277728875172,36.017327838796405],[135.99177049238895,36.017327838796405],[135.99177049238895,36.00833463515916],[135.98277728875172,36.00833463515916]]]}},{"type":"Feature","properties":{"jobs":169,"pop":216,"pointCount":8,"homeWorkCommuteMedian":13121,"workHomeCommuteMedian":1698},"geometry":{"type":"Polygon","coordinates":[[[135.99177049238895,35.882429784237715],[135.99177049238895,35.89142298787496],[136.00076369602618,35.89142298787496],[136.00076369602618,35.882429784237715],[135.99177049238895,35.882429784237715]]]}},{"type":"Feature","properties":{"jobs":24,"pop":116,"pointCount":5,"homeWorkCommuteMedian":21108,"workHomeCommuteMedian":24849},"geometry":{"type":"Polygon","coordinates":[[[135.99177049238895,35.89142298787496],[135.99177049238895,35.90041619151221],[136.00076369602618,35.90041619151221],[136.00076369602618,35.89142298787496],[135.99177049238895,35.89142298787496]]]}},{"type":"Feature","properties":{"jobs":1,"pop":134,"pointCount":4,"homeWorkCommuteMedian":22488,"workHomeCommuteMedian":637},"geometry":{"type":"Polygon","coordinates":[[[135.99177049238895,35.90041619151221],[135.99177049238895,35.90940939514945],[136.00076369602618,35.90940939514945],[136.00076369602618,35.90041619151221],[135.99177049238895,35.90041619151221]]]}},{"type":"Feature","properties":{"jobs":251,"pop":34,"pointCount":7,"homeWorkCommuteMedian":29637,"workHomeCommuteMedian":4708},"geometry":{"type":"Polygon","coordinates":[[[135.99177049238895,35.90940939514945],[135.99177049238895,35.9184025987867],[136.00076369602618,35.9184025987867],[136.00076369602618,35.90940939514945],[135.99177049238895,35.90940939514945]]]}},{"type":"Feature","properties":{"jobs":224,"pop":92,"pointCount":5,"homeWorkCommuteMedian":32314,"workHomeCommuteMedian":10403},"geometry":{"type":"Polygon","coordinates":[[[135.99177049238895,35.9184025987867],[135.99177049238895,35.927395802423945],[136.00076369602618,35.927395802423945],[136.00076369602618,35.9184025987867],[135.99177049238895,35.9184025987867]]]}},{"type":"Feature","properties":{"jobs":202,"pop":393,"pointCount":7,"homeWorkCommuteMedian":5296,"workHomeCommuteMedian":15300},"geometry":{"type":"Polygon","coordinates":[[[135.99177049238895,35.927395802423945],[135.99177049238895,35.93638900606119],[136.00076369602618,35.93638900606119],[136.00076369602618,35.927395802423945],[135.99177049238895,35.927395802423945]]]}},{"type":"Feature","properties":{"jobs":261,"pop":485,"pointCount":8,"homeWorkCommuteMedian":11130,"workHomeCommuteMedian":4108},"geometry":{"type":"Polygon","coordinates":[[[135.99177049238895,35.93638900606119],[135.99177049238895,35.94538220969844],[136.00076369602618,35.94538220969844],[136.00076369602618,35.93638900606119],[135.99177049238895,35.93638900606119]]]}},{"type":"Feature","properties":{"jobs":0,"pop":12,"pointCount":1,"homeWorkCommuteMedian":1840,"workHomeCommuteMedian":-1},"geometry":{"type":"Polygon","coordinates":[[[135.99177049238895,35.95437541333568],[135.99177049238895,35.96336861697293],[136.00076369602618,35.96336861697293],[136.00076369602618,35.95437541333568],[135.99177049238895,35.95437541333568]]]}},{"type":"Feature","properties":{"jobs":35,"pop":16,"pointCount":2,"homeWorkCommuteMedian":42201,"workHomeCommuteMedian":27491},"geometry":{"type":"Polygon","coordinates":[[[135.99177049238895,36.00833463515916],[135.99177049238895,36.017327838796405],[136.00076369602618,36.017327838796405],[136.00076369602618,36.00833463515916],[135.99177049238895,36.00833463515916]]]}},{"type":"Feature","properties":{"jobs":0,"pop":11,"pointCount":1,"homeWorkCommuteMedian":6387,"workHomeCommuteMedian":-1},"geometry":{"type":"Polygon","coordinates":[[[136.00076369602618,35.882429784237715],[136.00076369602618,35.89142298787496],[136.00975689966342,35.89142298787496],[136.00975689966342,35.882429784237715],[136.00076369602618,35.882429784237715]]]}},{"type":"Feature","properties":{"jobs":0,"pop":10,"pointCount":1,"homeWorkCommuteMedian":16340,"workHomeCommuteMedian":-1},"geometry":{"type":"Polygon","coordinates":[[[136.00076369602618,35.927395802423945],[136.00076369602618,35.93638900606119],[136.00975689966342,35.93638900606119],[136.00975689966342,35.927395802423945],[136.00076369602618,35.927395802423945]]]}},{"type":"Feature","properties":{"jobs":2,"pop":2,"pointCount":1,"homeWorkCommuteMedian":15577,"workHomeCommuteMedian":4258},"geometry":{"type":"Polygon","coordinates":[[[136.00975689966342,35.87343658060047],[136.00975689966342,35.882429784237715],[136.01875010330065,35.882429784237715],[136.01875010330065,35.87343658060047],[136.00975689966342,35.87343658060047]]]}},{"type":"Feature","properties":{"jobs":344,"pop":349,"pointCount":13,"homeWorkCommuteMedian":26162,"workHomeCommuteMedian":25373},"geometry":{"type":"Polygon","coordinates":[[[136.00975689966342,36.0353142460709],[136.00975689966342,36.04430744970814],[136.01875010330065,36.04430744970814],[136.01875010330065,36.0353142460709],[136.00975689966342,36.0353142460709]]]}},{"type":"Feature","properties":{"jobs":37,"pop":125,"pointCount":3,"homeWorkCommuteMedian":29899,"workHomeCommuteMedian":23708},"geometry":{"type":"Polygon","coordinates":[[[136.00975689966342,36.04430744970814],[136.00975689966342,36.05330065334539],[136.01875010330065,36.05330065334539],[136.01875010330065,36.04430744970814],[136.00975689966342,36.04430744970814]]]}},{"type":"Feature","properties":{"jobs":0,"pop":1,"pointCount":1,"homeWorkCommuteMedian":42108,"workHomeCommuteMedian":-1},"geometry":{"type":"Polygon","coordinates":[[[136.01875010330065,35.85545017332598],[136.01875010330065,35.86444337696322],[136.02774330693788,35.86444337696322],[136.02774330693788,35.85545017332598],[136.01875010330065,35.85545017332598]]]}},{"type":"Feature","properties":{"jobs":0,"pop":6,"pointCount":1,"homeWorkCommuteMedian":29822,"workHomeCommuteMedian":-1},"geometry":{"type":"Polygon","coordinates":[[[136.01875010330065,35.86444337696322],[136.01875010330065,35.87343658060047],[136.02774330693788,35.87343658060047],[136.02774330693788,35.86444337696322],[136.01875010330065,35.86444337696322]]]}},{"type":"Feature","properties":{"jobs":24,"pop":84,"pointCount":4,"homeWorkCommuteMedian":43758,"workHomeCommuteMedian":5296},"geometry":{"type":"Polygon","coordinates":[[[136.01875010330065,35.95437541333568],[136.01875010330065,35.96336861697293],[136.02774330693788,35.96336861697293],[136.02774330693788,35.95437541333568],[136.01875010330065,35.95437541333568]]]}},{"type":"Feature","properties":{"jobs":34,"pop":0,"pointCount":2,"homeWorkCommuteMedian":-1,"workHomeCommuteMedian":2408},"geometry":{"type":"Polygon","coordinates":[[[136.01875010330065,36.04430744970814],[136.01875010330065,36.05330065334539],[136.02774330693788,36.05330065334539],[136.02774330693788,36.04430744970814],[136.01875010330065,36.04430744970814]]]}},{"type":"Feature","properties":{"jobs":0,"pop":48,"pointCount":2,"homeWorkCommuteMedian":63243,"workHomeCommuteMedian":-1},"geometry":{"type":"Polygon","coordinates":[[[136.01875010330065,36.062293856982635],[136.01875010330065,36.07128706061988],[136.02774330693788,36.07128706061988],[136.02774330693788,36.062293856982635],[136.01875010330065,36.062293856982635]]]}},{"type":"Feature","properties":{"jobs":0,"pop":96,"pointCount":3,"homeWorkCommuteMedian":30535,"workHomeCommuteMedian":-1},"geometry":{"type":"Polygon","coordinates":[[[136.01875010330065,36.07128706061988],[136.01875010330065,36.08028026425713],[136.02774330693788,36.08028026425713],[136.02774330693788,36.07128706061988],[136.01875010330065,36.07128706061988]]]}},{"type":"Feature","properties":{"jobs":0,"pop":21,"pointCount":1,"homeWorkCommuteMedian":19863,"workHomeCommuteMedian":-1},"geometry":{"type":"Polygon","coordinates":[[[136.02774330693788,35.84645696968873],[136.02774330693788,35.85545017332598],[136.0367365105751,35.85545017332598],[136.0367365105751,35.84645696968873],[136.02774330693788,35.84645696968873]]]}},{"type":"Feature","properties":{"jobs":0,"pop":12,"pointCount":1,"homeWorkCommuteMedian":1675,"workHomeCommuteMedian":-1},"geometry":{"type":"Polygon","coordinates":[[[136.02774330693788,35.882429784237715],[136.02774330693788,35.89142298787496],[136.0367365105751,35.89142298787496],[136.0367365105751,35.882429784237715],[136.02774330693788,35.882429784237715]]]}},{"type":"Feature","properties":{"jobs":112,"pop":103,"pointCount":5,"homeWorkCommuteMedian":3104,"workHomeCommuteMedian":9068},"geometry":{"type":"Polygon","coordinates":[[[136.02774330693788,35.95437541333568],[136.02774330693788,35.96336861697293],[136.0367365105751,35.96336861697293],[136.0367365105751,35.95437541333568],[136.02774330693788,35.95437541333568]]]}},{"type":"Feature","properties":{"jobs":0,"pop":7,"pointCount":1,"homeWorkCommuteMedian":23629,"workHomeCommuteMedian":-1},"geometry":{"type":"Polygon","coordinates":[[[136.02774330693788,36.02632104243365],[136.02774330693788,36.0353142460709],[136.0367365105751,36.0353142460709],[136.0367365105751,36.02632104243365],[136.02774330693788,36.02632104243365]]]}},{"type":"Feature","properties":{"jobs":0,"pop":2,"pointCount":1,"homeWorkCommuteMedian":22088,"workHomeCommuteMedian":-1},"geometry":{"type":"Polygon","coordinates":[[[136.02774330693788,36.04430744970814],[136.02774330693788,36.05330065334539],[136.0367365105751,36.05330065334539],[136.0367365105751,36.04430744970814],[136.02774330693788,36.04430744970814]]]}},{"type":"Feature","properties":{"jobs":11,"pop":11,"pointCount":1,"homeWorkCommuteMedian":19912,"workHomeCommuteMedian":32931},"geometry":{"type":"Polygon","coordinates":[[[136.02774330693788,36.07128706061988],[136.02774330693788,36.08028026425713],[136.0367365105751,36.08028026425713],[136.0367365105751,36.07128706061988],[136.02774330693788,36.07128706061988]]]}},{"type":"Feature","properties":{"jobs":70,"pop":117,"pointCount":6,"homeWorkCommuteMedian":26754,"workHomeCommuteMedian":1878},"geometry":{"type":"Polygon","coordinates":[[[136.02774330693788,36.08028026425713],[136.02774330693788,36.08927346789437],[136.0367365105751,36.08927346789437],[136.0367365105751,36.08028026425713],[136.02774330693788,36.08028026425713]]]}},{"type":"Feature","properties":{"jobs":240,"pop":203,"pointCount":7,"homeWorkCommuteMedian":24847,"workHomeCommuteMedian":24543},"geometry":{"type":"Polygon","coordinates":[[[136.02774330693788,36.08927346789437],[136.02774330693788,36.09826667153162],[136.0367365105751,36.09826667153162],[136.0367365105751,36.08927346789437],[136.02774330693788,36.08927346789437]]]}},{"type":"Feature","properties":{"jobs":0,"pop":12,"pointCount":1,"homeWorkCommuteMedian":27394,"workHomeCommuteMedian":-1},"geometry":{"type":"Polygon","coordinates":[[[136.02774330693788,36.09826667153162],[136.02774330693788,36.107259875168864],[136.0367365105751,36.107259875168864],[136.0367365105751,36.09826667153162],[136.02774330693788,36.09826667153162]]]}},{"type":"Feature","properties":{"jobs":0,"pop":11,"pointCount":1,"homeWorkCommuteMedian":18031,"workHomeCommuteMedian":-1},"geometry":{"type":"Polygon","coordinates":[[[136.0367365105751,35.837463766051485],[136.0367365105751,35.84645696968873],[136.04572971421234,35.84645696968873],[136.04572971421234,35.837463766051485],[136.0367365105751,35.837463766051485]]]}},{"type":"Feature","properties":{"jobs":3,"pop":220,"pointCount":7,"homeWorkCommuteMedian":19344,"workHomeCommuteMedian":590},"geometry":{"type":"Polygon","coordinates":[[[136.0367365105751,35.84645696968873],[136.0367365105751,35.85545017332598],[136.04572971421234,35.85545017332598],[136.04572971421234,35.84645696968873],[136.0367365105751,35.84645696968873]]]}},{"type":"Feature","properties":{"jobs":3,"pop":0,"pointCount":1,"homeWorkCommuteMedian":-1,"workHomeCommuteMedian":1583},"geometry":{"type":"Polygon","coordinates":[[[136.0367365105751,35.85545017332598],[136.0367365105751,35.86444337696322],[136.04572971421234,35.86444337696322],[136.04572971421234,35.85545017332598],[136.0367365105751,35.85545017332598]]]}},{"type":"Feature","properties":{"jobs":0,"pop":29,"pointCount":1,"homeWorkCommuteMedian":27832,"workHomeCommuteMedian":-1},"geometry":{"type":"Polygon","coordinates":[[[136.0367365105751,35.86444337696322],[136.0367365105751,35.87343658060047],[136.04572971421234,35.87343658060047],[136.04572971421234,35.86444337696322],[136.0367365105751,35.86444337696322]]]}},{"type":"Feature","properties":{"jobs":1,"pop":76,"pointCount":3,"homeWorkCommuteMedian":14006,"workHomeCommuteMedian":154},"geometry":{"type":"Polygon","coordinates":[[[136.0367365105751,35.882429784237715],[136.0367365105751,35.89142298787496],[136.04572971421234,35.89142298787496],[136.04572971421234,35.882429784237715],[136.0367365105751,35.882429784237715]]]}},{"type":"Feature","properties":{"jobs":0,"pop":9,"pointCount":1,"homeWorkCommuteMedian":14299,"workHomeCommuteMedian":-1},"geometry":{"type":"Polygon","coordinates":[[[136.0367365105751,35.89142298787496],[136.0367365105751,35.90041619151221],[136.04572971421234,35.90041619151221],[136.04572971421234,35.89142298787496],[136.0367365105751,35.89142298787496]]]}},{"type":"Feature","properties":{"jobs":0,"pop":36,"pointCount":1,"homeWorkCommuteMedian":13192,"workHomeCommuteMedian":-1},"geometry":{"type":"Polygon","coordinates":[[[136.0367365105751,35.9184025987867],[136.0367365105751,35.927395802423945],[136.04572971421234,35.927395802423945],[136.04572971421234,35.9184025987867],[136.0367365105751,35.9184025987867]]]}},{"type":"Feature","properties":{"jobs":226,"pop":189,"pointCount":7,"homeWorkCommuteMedian":14220,"workHomeCommuteMedian":2197},"geometry":{"type":"Polygon","coordinates":[[[136.0367365105751,35.95437541333568],[136.0367365105751,35.96336861697293],[136.04572971421234,35.96336861697293],[136.04572971421234,35.95437541333568],[136.0367365105751,35.95437541333568]]]}},{"type":"Feature","properties":{"jobs":3,"pop":1,"pointCount":1,"homeWorkCommuteMedian":16641,"workHomeCommuteMedian":4919},"geometry":{"type":"Polygon","coordinates":[[[136.0367365105751,35.972361820610175],[136.0367365105751,35.98135502424742],[136.04572971421234,35.98135502424742],[136.04572971421234,35.972361820610175],[136.0367365105751,35.972361820610175]]]}},{"type":"Feature","properties":{"jobs":1,"pop":5,"pointCount":1,"homeWorkCommuteMedian":19614,"workHomeCommuteMedian":37585},"geometry":{"type":"Polygon","coordinates":[[[136.0367365105751,36.017327838796405],[136.0367365105751,36.02632104243365],[136.04572971421234,36.02632104243365],[136.04572971421234,36.017327838796405],[136.0367365105751,36.017327838796405]]]}},{"type":"Feature","properties":{"jobs":12,"pop":16,"pointCount":2,"homeWorkCommuteMedian":29240,"workHomeCommuteMedian":35555},"geometry":{"type":"Polygon","coordinates":[[[136.0367365105751,36.02632104243365],[136.0367365105751,36.0353142460709],[136.04572971421234,36.0353142460709],[136.04572971421234,36.02632104243365],[136.0367365105751,36.02632104243365]]]}},{"type":"Feature","properties":{"jobs":10,"pop":92,"pointCount":3,"homeWorkCommuteMedian":21484,"workHomeCommuteMedian":34537},"geometry":{"type":"Polygon","coordinates":[[[136.0367365105751,36.0353142460709],[136.0367365105751,36.04430744970814],[136.04572971421234,36.04430744970814],[136.04572971421234,36.0353142460709],[136.0367365105751,36.0353142460709]]]}},{"type":"Feature","properties":{"jobs":0,"pop":9,"pointCount":1,"homeWorkCommuteMedian":27567,"workHomeCommuteMedian":-1},"geometry":{"type":"Polygon","coordinates":[[[136.0367365105751,36.04430744970814],[136.0367365105751,36.05330065334539],[136.04572971421234,36.05330065334539],[136.04572971421234,36.04430744970814],[136.0367365105751,36.04430744970814]]]}},{"type":"Feature","properties":{"jobs":43,"pop":71,"pointCount":2,"homeWorkCommuteMedian":24906,"workHomeCommuteMedian":33994},"geometry":{"type":"Polygon","coordinates":[[[136.0367365105751,36.09826667153162],[136.0367365105751,36.107259875168864],[136.04572971421234,36.107259875168864],[136.04572971421234,36.09826667153162],[136.0367365105751,36.09826667153162]]]}},{"type":"Feature","properties":{"jobs":10,"pop":0,"pointCount":1,"homeWorkCommuteMedian":-1,"workHomeCommuteMedian":248},"geometry":{"type":"Polygon","coordinates":[[[136.04572971421234,35.82847056241424],[136.04572971421234,35.837463766051485],[136.05472291784957,35.837463766051485],[136.05472291784957,35.82847056241424],[136.04572971421234,35.82847056241424]]]}},{"type":"Feature","properties":{"jobs":76,"pop":197,"pointCount":4,"homeWorkCommuteMedian":25464,"workHomeCommuteMedian":1654},"geometry":{"type":"Polygon","coordinates":[[[136.04572971421234,35.837463766051485],[136.04572971421234,35.84645696968873],[136.05472291784957,35.84645696968873],[136.05472291784957,35.837463766051485],[136.04572971421234,35.837463766051485]]]}},{"type":"Feature","properties":{"jobs":0,"pop":38,"pointCount":2,"homeWorkCommuteMedian":11881,"workHomeCommuteMedian":-1},"geometry":{"type":"Polygon","coordinates":[[[136.04572971421234,35.87343658060047],[136.04572971421234,35.882429784237715],[136.05472291784957,35.882429784237715],[136.05472291784957,35.87343658060047],[136.04572971421234,35.87343658060047]]]}},{"type":"Feature","properties":{"jobs":164,"pop":161,"pointCount":7,"homeWorkCommuteMedian":12287,"workHomeCommuteMedian":2528},"geometry":{"type":"Polygon","coordinates":[[[136.04572971421234,35.882429784237715],[136.04572971421234,35.89142298787496],[136.05472291784957,35.89142298787496],[136.05472291784957,35.882429784237715],[136.04572971421234,35.882429784237715]]]}},{"type":"Feature","properties":{"jobs":4,"pop":61,"pointCount":3,"homeWorkCommuteMedian":12977,"workHomeCommuteMedian":13028},"geometry":{"type":"Polygon","coordinates":[[[136.04572971421234,35.89142298787496],[136.04572971421234,35.90041619151221],[136.05472291784957,35.90041619151221],[136.05472291784957,35.89142298787496],[136.04572971421234,35.89142298787496]]]}},{"type":"Feature","properties":{"jobs":3,"pop":56,"pointCount":1,"homeWorkCommuteMedian":19532,"workHomeCommuteMedian":910},"geometry":{"type":"Polygon","coordinates":[[[136.04572971421234,35.90041619151221],[136.04572971421234,35.90940939514945],[136.05472291784957,35.90940939514945],[136.05472291784957,35.90041619151221],[136.04572971421234,35.90041619151221]]]}},{"type":"Feature","properties":{"jobs":0,"pop":7,"pointCount":1,"homeWorkCommuteMedian":16603,"workHomeCommuteMedian":-1},"geometry":{"type":"Polygon","coordinates":[[[136.04572971421234,35.90940939514945],[136.04572971421234,35.9184025987867],[136.05472291784957,35.9184025987867],[136.05472291784957,35.90940939514945],[136.04572971421234,35.90940939514945]]]}},{"type":"Feature","properties":{"jobs":5,"pop":37,"pointCount":3,"homeWorkCommuteMedian":10392,"workHomeCommuteMedian":2515},"geometry":{"type":"Polygon","coordinates":[[[136.04572971421234,35.9184025987867],[136.04572971421234,35.927395802423945],[136.05472291784957,35.927395802423945],[136.05472291784957,35.9184025987867],[136.04572971421234,35.9184025987867]]]}},{"type":"Feature","properties":{"jobs":43,"pop":120,"pointCount":6,"homeWorkCommuteMedian":10051,"workHomeCommuteMedian":36014},"geometry":{"type":"Polygon","coordinates":[[[136.04572971421234,35.93638900606119],[136.04572971421234,35.94538220969844],[136.05472291784957,35.94538220969844],[136.05472291784957,35.93638900606119],[136.04572971421234,35.93638900606119]]]}},{"type":"Feature","properties":{"jobs":116,"pop":79,"pointCount":5,"homeWorkCommuteMedian":3608,"workHomeCommuteMedian":4241},"geometry":{"type":"Polygon","coordinates":[[[136.04572971421234,35.94538220969844],[136.04572971421234,35.95437541333568],[136.05472291784957,35.95437541333568],[136.05472291784957,35.94538220969844],[136.04572971421234,35.94538220969844]]]}},{"type":"Feature","properties":{"jobs":596,"pop":368,"pointCount":15,"homeWorkCommuteMedian":10270,"workHomeCommuteMedian":7498},"geometry":{"type":"Polygon","coordinates":[[[136.04572971421234,35.95437541333568],[136.04572971421234,35.96336861697293],[136.05472291784957,35.96336861697293],[136.05472291784957,35.95437541333568],[136.04572971421234,35.95437541333568]]]}},{"type":"Feature","properties":{"jobs":7,"pop":50,"pointCount":2,"homeWorkCommuteMedian":48471,"workHomeCommuteMedian":1247},"geometry":{"type":"Polygon","coordinates":[[[136.04572971421234,35.96336861697293],[136.04572971421234,35.972361820610175],[136.05472291784957,35.972361820610175],[136.05472291784957,35.96336861697293],[136.04572971421234,35.96336861697293]]]}},{"type":"Feature","properties":{"jobs":0,"pop":14,"pointCount":1,"homeWorkCommuteMedian":1028,"workHomeCommuteMedian":-1},"geometry":{"type":"Polygon","coordinates":[[[136.04572971421234,35.972361820610175],[136.04572971421234,35.98135502424742],[136.05472291784957,35.98135502424742],[136.05472291784957,35.972361820610175],[136.04572971421234,35.972361820610175]]]}},{"type":"Feature","properties":{"jobs":0,"pop":4,"pointCount":1,"homeWorkCommuteMedian":46117,"workHomeCommuteMedian":-1},"geometry":{"type":"Polygon","coordinates":[[[136.04572971421234,35.98135502424742],[136.04572971421234,35.99034822788467],[136.05472291784957,35.99034822788467],[136.05472291784957,35.98135502424742],[136.04572971421234,35.98135502424742]]]}},{"type":"Feature","properties":{"jobs":1,"pop":5,"pointCount":2,"homeWorkCommuteMedian":21694,"workHomeCommuteMedian":29388},"geometry":{"type":"Polygon","coordinates":[[[136.04572971421234,36.017327838796405],[136.04572971421234,36.02632104243365],[136.05472291784957,36.02632104243365],[136.05472291784957,36.017327838796405],[136.04572971421234,36.017327838796405]]]}},{"type":"Feature","properties":{"jobs":0,"pop":7,"pointCount":1,"homeWorkCommuteMedian":11789,"workHomeCommuteMedian":-1},"geometry":{"type":"Polygon","coordinates":[[[136.04572971421234,36.02632104243365],[136.04572971421234,36.0353142460709],[136.05472291784957,36.0353142460709],[136.05472291784957,36.02632104243365],[136.04572971421234,36.02632104243365]]]}},{"type":"Feature","properties":{"jobs":70,"pop":13,"pointCount":4,"homeWorkCommuteMedian":19465,"workHomeCommuteMedian":17170},"geometry":{"type":"Polygon","coordinates":[[[136.04572971421234,36.0353142460709],[136.04572971421234,36.04430744970814],[136.05472291784957,36.04430744970814],[136.05472291784957,36.0353142460709],[136.04572971421234,36.0353142460709]]]}},{"type":"Feature","properties":{"jobs":12,"pop":0,"pointCount":1,"homeWorkCommuteMedian":-1,"workHomeCommuteMedian":24451},"geometry":{"type":"Polygon","coordinates":[[[136.04572971421234,36.05330065334539],[136.04572971421234,36.062293856982635],[136.05472291784957,36.062293856982635],[136.05472291784957,36.05330065334539],[136.04572971421234,36.05330065334539]]]}},{"type":"Feature","properties":{"jobs":5,"pop":21,"pointCount":1,"homeWorkCommuteMedian":28843,"workHomeCommuteMedian":31556},"geometry":{"type":"Polygon","coordinates":[[[136.04572971421234,36.08927346789437],[136.04572971421234,36.09826667153162],[136.05472291784957,36.09826667153162],[136.05472291784957,36.08927346789437],[136.04572971421234,36.08927346789437]]]}},{"type":"Feature","properties":{"jobs":68,"pop":155,"pointCount":6,"homeWorkCommuteMedian":30434,"workHomeCommuteMedian":17812},"geometry":{"type":"Polygon","coordinates":[[[136.04572971421234,36.107259875168864],[136.04572971421234,36.11625307880611],[136.05472291784957,36.11625307880611],[136.05472291784957,36.107259875168864],[136.04572971421234,36.107259875168864]]]}},{"type":"Feature","properties":{"jobs":120,"pop":50,"pointCount":4,"homeWorkCommuteMedian":19023,"workHomeCommuteMedian":6117},"geometry":{"type":"Polygon","coordinates":[[[136.05472291784957,35.82847056241424],[136.05472291784957,35.837463766051485],[136.0637161214868,35.837463766051485],[136.0637161214868,35.82847056241424],[136.05472291784957,35.82847056241424]]]}},{"type":"Feature","properties":{"jobs":0,"pop":17,"pointCount":1,"homeWorkCommuteMedian":13716,"workHomeCommuteMedian":-1},"geometry":{"type":"Polygon","coordinates":[[[136.05472291784957,35.84645696968873],[136.05472291784957,35.85545017332598],[136.0637161214868,35.85545017332598],[136.0637161214868,35.84645696968873],[136.05472291784957,35.84645696968873]]]}},{"type":"Feature","properties":{"jobs":12,"pop":13,"pointCount":2,"homeWorkCommuteMedian":14500,"workHomeCommuteMedian":17927},"geometry":{"type":"Polygon","coordinates":[[[136.05472291784957,35.87343658060047],[136.05472291784957,35.882429784237715],[136.0637161214868,35.882429784237715],[136.0637161214868,35.87343658060047],[136.05472291784957,35.87343658060047]]]}},{"type":"Feature","properties":{"jobs":44,"pop":0,"pointCount":2,"homeWorkCommuteMedian":-1,"workHomeCommuteMedian":1396},"geometry":{"type":"Polygon","coordinates":[[[136.05472291784957,35.882429784237715],[136.05472291784957,35.89142298787496],[136.0637161214868,35.89142298787496],[136.0637161214868,35.882429784237715],[136.05472291784957,35.882429784237715]]]}},{"type":"Feature","properties":{"jobs":82,"pop":99,"pointCount":4,"homeWorkCommuteMedian":12246,"workHomeCommuteMedian":9483},"geometry":{"type":"Polygon","coordinates":[[[136.05472291784957,35.89142298787496],[136.05472291784957,35.90041619151221],[136.0637161214868,35.90041619151221],[136.0637161214868,35.89142298787496],[136.05472291784957,35.89142298787496]]]}},{"type":"Feature","properties":{"jobs":9,"pop":0,"pointCount":1,"homeWorkCommuteMedian":-1,"workHomeCommuteMedian":23626},"geometry":{"type":"Polygon","coordinates":[[[136.05472291784957,35.90041619151221],[136.05472291784957,35.90940939514945],[136.0637161214868,35.90940939514945],[136.0637161214868,35.90041619151221],[136.05472291784957,35.90041619151221]]]}},{"type":"Feature","properties":{"jobs":1,"pop":64,"pointCount":5,"homeWorkCommuteMedian":3609,"workHomeCommuteMedian":11159},"geometry":{"type":"Polygon","coordinates":[[[136.05472291784957,35.90940939514945],[136.05472291784957,35.9184025987867],[136.0637161214868,35.9184025987867],[136.0637161214868,35.90940939514945],[136.05472291784957,35.90940939514945]]]}},{"type":"Feature","properties":{"jobs":148,"pop":186,"pointCount":9,"homeWorkCommuteMedian":20977,"workHomeCommuteMedian":7112},"geometry":{"type":"Polygon","coordinates":[[[136.05472291784957,35.927395802423945],[136.05472291784957,35.93638900606119],[136.0637161214868,35.93638900606119],[136.0637161214868,35.927395802423945],[136.05472291784957,35.927395802423945]]]}},{"type":"Feature","properties":{"jobs":181,"pop":130,"pointCount":3,"homeWorkCommuteMedian":2489,"workHomeCommuteMedian":11130},"geometry":{"type":"Polygon","coordinates":[[[136.05472291784957,35.93638900606119],[136.05472291784957,35.94538220969844],[136.0637161214868,35.94538220969844],[136.0637161214868,35.93638900606119],[136.05472291784957,35.93638900606119]]]}},{"type":"Feature","properties":{"jobs":57,"pop":167,"pointCount":6,"homeWorkCommuteMedian":4048,"workHomeCommuteMedian":10733},"geometry":{"type":"Polygon","coordinates":[[[136.05472291784957,35.94538220969844],[136.05472291784957,35.95437541333568],[136.0637161214868,35.95437541333568],[136.0637161214868,35.94538220969844],[136.05472291784957,35.94538220969844]]]}},{"type":"Feature","properties":{"jobs":303,"pop":609,"pointCount":19,"homeWorkCommuteMedian":13933,"workHomeCommuteMedian":5234},"geometry":{"type":"Polygon","coordinates":[[[136.05472291784957,35.95437541333568],[136.05472291784957,35.96336861697293],[136.0637161214868,35.96336861697293],[136.0637161214868,35.95437541333568],[136.05472291784957,35.95437541333568]]]}},{"type":"Feature","properties":{"jobs":70,"pop":219,"pointCount":8,"homeWorkCommuteMedian":17466,"workHomeCommuteMedian":3655},"geometry":{"type":"Polygon","coordinates":[[[136.05472291784957,35.96336861697293],[136.05472291784957,35.972361820610175],[136.0637161214868,35.972361820610175],[136.0637161214868,35.96336861697293],[136.05472291784957,35.96336861697293]]]}},{"type":"Feature","properties":{"jobs":56,"pop":101,"pointCount":5,"homeWorkCommuteMedian":11371,"workHomeCommuteMedian":1353},"geometry":{"type":"Polygon","coordinates":[[[136.05472291784957,35.972361820610175],[136.05472291784957,35.98135502424742],[136.0637161214868,35.98135502424742],[136.0637161214868,35.972361820610175],[136.05472291784957,35.972361820610175]]]}},{"type":"Feature","properties":{"jobs":4,"pop":23,"pointCount":2,"homeWorkCommuteMedian":20257,"workHomeCommuteMedian":35541},"geometry":{"type":"Polygon","coordinates":[[[136.05472291784957,35.99934143152191],[136.05472291784957,36.00833463515916],[136.0637161214868,36.00833463515916],[136.0637161214868,35.99934143152191],[136.05472291784957,35.99934143152191]]]}},{"type":"Feature","properties":{"jobs":0,"pop":16,"pointCount":1,"homeWorkCommuteMedian":10510,"workHomeCommuteMedian":-1},"geometry":{"type":"Polygon","coordinates":[[[136.05472291784957,36.017327838796405],[136.05472291784957,36.02632104243365],[136.0637161214868,36.02632104243365],[136.0637161214868,36.017327838796405],[136.05472291784957,36.017327838796405]]]}},{"type":"Feature","properties":{"jobs":2,"pop":11,"pointCount":2,"homeWorkCommuteMedian":24578,"workHomeCommuteMedian":28259},"geometry":{"type":"Polygon","coordinates":[[[136.05472291784957,36.02632104243365],[136.05472291784957,36.0353142460709],[136.0637161214868,36.0353142460709],[136.0637161214868,36.02632104243365],[136.05472291784957,36.02632104243365]]]}},{"type":"Feature","properties":{"jobs":0,"pop":10,"pointCount":1,"homeWorkCommuteMedian":34687,"workHomeCommuteMedian":-1},"geometry":{"type":"Polygon","coordinates":[[[136.05472291784957,36.08927346789437],[136.05472291784957,36.09826667153162],[136.0637161214868,36.09826667153162],[136.0637161214868,36.08927346789437],[136.05472291784957,36.08927346789437]]]}},{"type":"Feature","properties":{"jobs":10,"pop":59,"pointCount":4,"homeWorkCommuteMedian":19945,"workHomeCommuteMedian":18741},"geometry":{"type":"Polygon","coordinates":[[[136.05472291784957,36.11625307880611],[136.05472291784957,36.12524628244336],[136.0637161214868,36.12524628244336],[136.0637161214868,36.11625307880611],[136.05472291784957,36.11625307880611]]]}},{"type":"Feature","properties":{"jobs":59,"pop":141,"pointCount":9,"homeWorkCommuteMedian":25124,"workHomeCommuteMedian":18917},"geometry":{"type":"Polygon","coordinates":[[[136.05472291784957,36.12524628244336],[136.05472291784957,36.1342394860806],[136.0637161214868,36.1342394860806],[136.0637161214868,36.12524628244336],[136.05472291784957,36.12524628244336]]]}},{"type":"Feature","properties":{"jobs":53,"pop":36,"pointCount":4,"homeWorkCommuteMedian":29528,"workHomeCommuteMedian":15266},"geometry":{"type":"Polygon","coordinates":[[[136.0637161214868,35.81947735877699],[136.0637161214868,35.82847056241424],[136.07270932512404,35.82847056241424],[136.07270932512404,35.81947735877699],[136.0637161214868,35.81947735877699]]]}},{"type":"Feature","properties":{"jobs":1,"pop":40,"pointCount":1,"homeWorkCommuteMedian":23702,"workHomeCommuteMedian":3221},"geometry":{"type":"Polygon","coordinates":[[[136.0637161214868,35.82847056241424],[136.0637161214868,35.837463766051485],[136.07270932512404,35.837463766051485],[136.07270932512404,35.82847056241424],[136.0637161214868,35.82847056241424]]]}},{"type":"Feature","properties":{"jobs":0,"pop":17,"pointCount":1,"homeWorkCommuteMedian":11246,"workHomeCommuteMedian":-1},"geometry":{"type":"Polygon","coordinates":[[[136.0637161214868,35.84645696968873],[136.0637161214868,35.85545017332598],[136.07270932512404,35.85545017332598],[136.07270932512404,35.84645696968873],[136.0637161214868,35.84645696968873]]]}},{"type":"Feature","properties":{"jobs":21,"pop":93,"pointCount":4,"homeWorkCommuteMedian":12410,"workHomeCommuteMedian":10152},"geometry":{"type":"Polygon","coordinates":[[[136.0637161214868,35.87343658060047],[136.0637161214868,35.882429784237715],[136.07270932512404,35.882429784237715],[136.07270932512404,35.87343658060047],[136.0637161214868,35.87343658060047]]]}},{"type":"Feature","properties":{"jobs":5,"pop":92,"pointCount":3,"homeWorkCommuteMedian":13110,"workHomeCommuteMedian":14459},"geometry":{"type":"Polygon","coordinates":[[[136.0637161214868,35.882429784237715],[136.0637161214868,35.89142298787496],[136.07270932512404,35.89142298787496],[136.07270932512404,35.882429784237715],[136.0637161214868,35.882429784237715]]]}},{"type":"Feature","properties":{"jobs":24,"pop":40,"pointCount":3,"homeWorkCommuteMedian":34173,"workHomeCommuteMedian":6611},"geometry":{"type":"Polygon","coordinates":[[[136.0637161214868,35.90940939514945],[136.0637161214868,35.9184025987867],[136.07270932512404,35.9184025987867],[136.07270932512404,35.90940939514945],[136.0637161214868,35.90940939514945]]]}},{"type":"Feature","properties":{"jobs":94,"pop":194,"pointCount":7,"homeWorkCommuteMedian":13454,"workHomeCommuteMedian":9333},"geometry":{"type":"Polygon","coordinates":[[[136.0637161214868,35.9184025987867],[136.0637161214868,35.927395802423945],[136.07270932512404,35.927395802423945],[136.07270932512404,35.9184025987867],[136.0637161214868,35.9184025987867]]]}},{"type":"Feature","properties":{"jobs":519,"pop":102,"pointCount":7,"homeWorkCommuteMedian":11277,"workHomeCommuteMedian":6996},"geometry":{"type":"Polygon","coordinates":[[[136.0637161214868,35.927395802423945],[136.0637161214868,35.93638900606119],[136.07270932512404,35.93638900606119],[136.07270932512404,35.927395802423945],[136.0637161214868,35.927395802423945]]]}},{"type":"Feature","properties":{"jobs":5,"pop":158,"pointCount":6,"homeWorkCommuteMedian":12669,"workHomeCommuteMedian":12293},"geometry":{"type":"Polygon","coordinates":[[[136.0637161214868,35.93638900606119],[136.0637161214868,35.94538220969844],[136.07270932512404,35.94538220969844],[136.07270932512404,35.93638900606119],[136.0637161214868,35.93638900606119]]]}},{"type":"Feature","properties":{"jobs":96,"pop":0,"pointCount":1,"homeWorkCommuteMedian":-1,"workHomeCommuteMedian":9881},"geometry":{"type":"Polygon","coordinates":[[[136.0637161214868,35.95437541333568],[136.0637161214868,35.96336861697293],[136.07270932512404,35.96336861697293],[136.07270932512404,35.95437541333568],[136.0637161214868,35.95437541333568]]]}},{"type":"Feature","properties":{"jobs":19,"pop":198,"pointCount":5,"homeWorkCommuteMedian":15584,"workHomeCommuteMedian":4048},"geometry":{"type":"Polygon","coordinates":[[[136.0637161214868,35.96336861697293],[136.0637161214868,35.972361820610175],[136.07270932512404,35.972361820610175],[136.07270932512404,35.96336861697293],[136.0637161214868,35.96336861697293]]]}},{"type":"Feature","properties":{"jobs":72,"pop":80,"pointCount":5,"homeWorkCommuteMedian":15884,"workHomeCommuteMedian":3602},"geometry":{"type":"Polygon","coordinates":[[[136.0637161214868,35.972361820610175],[136.0637161214868,35.98135502424742],[136.07270932512404,35.98135502424742],[136.07270932512404,35.972361820610175],[136.0637161214868,35.972361820610175]]]}},{"type":"Feature","properties":{"jobs":0,"pop":5,"pointCount":1,"homeWorkCommuteMedian":9845,"workHomeCommuteMedian":-1},"geometry":{"type":"Polygon","coordinates":[[[136.0637161214868,35.99934143152191],[136.0637161214868,36.00833463515916],[136.07270932512404,36.00833463515916],[136.07270932512404,35.99934143152191],[136.0637161214868,35.99934143152191]]]}},{"type":"Feature","properties":{"jobs":0,"pop":2,"pointCount":1,"homeWorkCommuteMedian":9780,"workHomeCommuteMedian":-1},"geometry":{"type":"Polygon","coordinates":[[[136.0637161214868,36.00833463515916],[136.0637161214868,36.017327838796405],[136.07270932512404,36.017327838796405],[136.07270932512404,36.00833463515916],[136.0637161214868,36.00833463515916]]]}},{"type":"Feature","properties":{"jobs":6,"pop":19,"pointCount":1,"homeWorkCommuteMedian":16447,"workHomeCommuteMedian":14840},"geometry":{"type":"Polygon","coordinates":[[[136.0637161214868,36.02632104243365],[136.0637161214868,36.0353142460709],[136.07270932512404,36.0353142460709],[136.07270932512404,36.02632104243365],[136.0637161214868,36.02632104243365]]]}},{"type":"Feature","properties":{"jobs":10,"pop":4,"pointCount":1,"homeWorkCommuteMedian":16746,"workHomeCommuteMedian":30184},"geometry":{"type":"Polygon","coordinates":[[[136.0637161214868,36.05330065334539],[136.0637161214868,36.062293856982635],[136.07270932512404,36.062293856982635],[136.07270932512404,36.05330065334539],[136.0637161214868,36.05330065334539]]]}},{"type":"Feature","properties":{"jobs":0,"pop":6,"pointCount":1,"homeWorkCommuteMedian":18294,"workHomeCommuteMedian":-1},"geometry":{"type":"Polygon","coordinates":[[[136.0637161214868,36.062293856982635],[136.0637161214868,36.07128706061988],[136.07270932512404,36.07128706061988],[136.07270932512404,36.062293856982635],[136.0637161214868,36.062293856982635]]]}},{"type":"Feature","properties":{"jobs":216,"pop":281,"pointCount":8,"homeWorkCommuteMedian":365,"workHomeCommuteMedian":2220},"geometry":{"type":"Polygon","coordinates":[[[136.0637161214868,36.12524628244336],[136.0637161214868,36.1342394860806],[136.07270932512404,36.1342394860806],[136.07270932512404,36.12524628244336],[136.0637161214868,36.12524628244336]]]}},{"type":"Feature","properties":{"jobs":11,"pop":70,"pointCount":2,"homeWorkCommuteMedian":9862,"workHomeCommuteMedian":15645},"geometry":{"type":"Polygon","coordinates":[[[136.07270932512404,35.81947735877699],[136.07270932512404,35.82847056241424],[136.08170252876127,35.82847056241424],[136.08170252876127,35.81947735877699],[136.07270932512404,35.81947735877699]]]}},{"type":"Feature","properties":{"jobs":21,"pop":10,"pointCount":1,"homeWorkCommuteMedian":14354,"workHomeCommuteMedian":2029},"geometry":{"type":"Polygon","coordinates":[[[136.07270932512404,35.85545017332598],[136.07270932512404,35.86444337696322],[136.08170252876127,35.86444337696322],[136.08170252876127,35.85545017332598],[136.07270932512404,35.85545017332598]]]}},{"type":"Feature","properties":{"jobs":3,"pop":14,"pointCount":1,"homeWorkCommuteMedian":10083,"workHomeCommuteMedian":370},"geometry":{"type":"Polygon","coordinates":[[[136.07270932512404,35.87343658060047],[136.07270932512404,35.882429784237715],[136.08170252876127,35.882429784237715],[136.08170252876127,35.87343658060047],[136.07270932512404,35.87343658060047]]]}},{"type":"Feature","properties":{"jobs":54,"pop":198,"pointCount":8,"homeWorkCommuteMedian":11312,"workHomeCommuteMedian":11109},"geometry":{"type":"Polygon","coordinates":[[[136.07270932512404,35.90940939514945],[136.07270932512404,35.9184025987867],[136.08170252876127,35.9184025987867],[136.08170252876127,35.90940939514945],[136.07270932512404,35.90940939514945]]]}},{"type":"Feature","properties":{"jobs":60,"pop":24,"pointCount":2,"homeWorkCommuteMedian":14151,"workHomeCommuteMedian":10528},"geometry":{"type":"Polygon","coordinates":[[[136.07270932512404,35.9184025987867],[136.07270932512404,35.927395802423945],[136.08170252876127,35.927395802423945],[136.08170252876127,35.9184025987867],[136.07270932512404,35.9184025987867]]]}},{"type":"Feature","properties":{"jobs":330,"pop":145,"pointCount":11,"homeWorkCommuteMedian":23540,"workHomeCommuteMedian":4835},"geometry":{"type":"Polygon","coordinates":[[[136.07270932512404,35.93638900606119],[136.07270932512404,35.94538220969844],[136.08170252876127,35.94538220969844],[136.08170252876127,35.93638900606119],[136.07270932512404,35.93638900606119]]]}},{"type":"Feature","properties":{"jobs":0,"pop":12,"pointCount":1,"homeWorkCommuteMedian":3393,"workHomeCommuteMedian":-1},"geometry":{"type":"Polygon","coordinates":[[[136.07270932512404,35.94538220969844],[136.07270932512404,35.95437541333568],[136.08170252876127,35.95437541333568],[136.08170252876127,35.94538220969844],[136.07270932512404,35.94538220969844]]]}},{"type":"Feature","properties":{"jobs":14,"pop":0,"pointCount":1,"homeWorkCommuteMedian":-1,"workHomeCommuteMedian":6239},"geometry":{"type":"Polygon","coordinates":[[[136.07270932512404,35.95437541333568],[136.07270932512404,35.96336861697293],[136.08170252876127,35.96336861697293],[136.08170252876127,35.95437541333568],[136.07270932512404,35.95437541333568]]]}},{"type":"Feature","properties":{"jobs":0,"pop":25,"pointCount":1,"homeWorkCommuteMedian":12306,"workHomeCommuteMedian":-1},"geometry":{"type":"Polygon","coordinates":[[[136.07270932512404,35.972361820610175],[136.07270932512404,35.98135502424742],[136.08170252876127,35.98135502424742],[136.08170252876127,35.972361820610175],[136.07270932512404,35.972361820610175]]]}},{"type":"Feature","properties":{"jobs":0,"pop":19,"pointCount":1,"homeWorkCommuteMedian":6207,"workHomeCommuteMedian":-1},"geometry":{"type":"Polygon","coordinates":[[[136.07270932512404,35.98135502424742],[136.07270932512404,35.99034822788467],[136.08170252876127,35.99034822788467],[136.08170252876127,35.98135502424742],[136.07270932512404,35.98135502424742]]]}},{"type":"Feature","properties":{"jobs":0,"pop":10,"pointCount":1,"homeWorkCommuteMedian":6239,"workHomeCommuteMedian":-1},"geometry":{"type":"Polygon","coordinates":[[[136.07270932512404,35.99034822788467],[136.07270932512404,35.99934143152191],[136.08170252876127,35.99934143152191],[136.08170252876127,35.99034822788467],[136.07270932512404,35.99034822788467]]]}},{"type":"Feature","properties":{"jobs":45,"pop":37,"pointCount":3,"homeWorkCommuteMedian":8235,"workHomeCommuteMedian":34784},"geometry":{"type":"Polygon","coordinates":[[[136.07270932512404,35.99934143152191],[136.07270932512404,36.00833463515916],[136.08170252876127,36.00833463515916],[136.08170252876127,35.99934143152191],[136.07270932512404,35.99934143152191]]]}},{"type":"Feature","properties":{"jobs":40,"pop":2,"pointCount":2,"homeWorkCommuteMedian":18193,"workHomeCommuteMedian":27517},"geometry":{"type":"Polygon","coordinates":[[[136.07270932512404,36.02632104243365],[136.07270932512404,36.0353142460709],[136.08170252876127,36.0353142460709],[136.08170252876127,36.02632104243365],[136.07270932512404,36.02632104243365]]]}},{"type":"Feature","properties":{"jobs":47,"pop":50,"pointCount":3,"homeWorkCommuteMedian":23310,"workHomeCommuteMedian":13321},"geometry":{"type":"Polygon","coordinates":[[[136.07270932512404,36.12524628244336],[136.07270932512404,36.1342394860806],[136.08170252876127,36.1342394860806],[136.08170252876127,36.12524628244336],[136.07270932512404,36.12524628244336]]]}},{"type":"Feature","properties":{"jobs":124,"pop":59,"pointCount":5,"homeWorkCommuteMedian":18053,"workHomeCommuteMedian":14424},"geometry":{"type":"Polygon","coordinates":[[[136.07270932512404,36.1342394860806],[136.07270932512404,36.14323268971785],[136.08170252876127,36.14323268971785],[136.08170252876127,36.1342394860806],[136.07270932512404,36.1342394860806]]]}},{"type":"Feature","properties":{"jobs":86,"pop":18,"pointCount":2,"homeWorkCommuteMedian":14800,"workHomeCommuteMedian":9025},"geometry":{"type":"Polygon","coordinates":[[[136.08170252876127,35.81947735877699],[136.08170252876127,35.82847056241424],[136.0906957323985,35.82847056241424],[136.0906957323985,35.81947735877699],[136.08170252876127,35.81947735877699]]]}},{"type":"Feature","properties":{"jobs":0,"pop":7,"pointCount":1,"homeWorkCommuteMedian":11254,"workHomeCommuteMedian":-1},"geometry":{"type":"Polygon","coordinates":[[[136.08170252876127,35.84645696968873],[136.08170252876127,35.85545017332598],[136.0906957323985,35.85545017332598],[136.0906957323985,35.84645696968873],[136.08170252876127,35.84645696968873]]]}},{"type":"Feature","properties":{"jobs":45,"pop":37,"pointCount":3,"homeWorkCommuteMedian":10142,"workHomeCommuteMedian":913},"geometry":{"type":"Polygon","coordinates":[[[136.08170252876127,35.85545017332598],[136.08170252876127,35.86444337696322],[136.0906957323985,35.86444337696322],[136.0906957323985,35.85545017332598],[136.08170252876127,35.85545017332598]]]}},{"type":"Feature","properties":{"jobs":16,"pop":19,"pointCount":1,"homeWorkCommuteMedian":15919,"workHomeCommuteMedian":16156},"geometry":{"type":"Polygon","coordinates":[[[136.08170252876127,35.86444337696322],[136.08170252876127,35.87343658060047],[136.0906957323985,35.87343658060047],[136.0906957323985,35.86444337696322],[136.08170252876127,35.86444337696322]]]}},{"type":"Feature","properties":{"jobs":41,"pop":0,"pointCount":1,"homeWorkCommuteMedian":-1,"workHomeCommuteMedian":28082},"geometry":{"type":"Polygon","coordinates":[[[136.08170252876127,35.882429784237715],[136.08170252876127,35.89142298787496],[136.0906957323985,35.89142298787496],[136.0906957323985,35.882429784237715],[136.08170252876127,35.882429784237715]]]}},{"type":"Feature","properties":{"jobs":62,"pop":41,"pointCount":2,"homeWorkCommuteMedian":4373,"workHomeCommuteMedian":15056},"geometry":{"type":"Polygon","coordinates":[[[136.08170252876127,35.927395802423945],[136.08170252876127,35.93638900606119],[136.0906957323985,35.93638900606119],[136.0906957323985,35.927395802423945],[136.08170252876127,35.927395802423945]]]}},{"type":"Feature","properties":{"jobs":190,"pop":288,"pointCount":13,"homeWorkCommuteMedian":15718,"workHomeCommuteMedian":3468},"geometry":{"type":"Polygon","coordinates":[[[136.08170252876127,35.93638900606119],[136.08170252876127,35.94538220969844],[136.0906957323985,35.94538220969844],[136.0906957323985,35.93638900606119],[136.08170252876127,35.93638900606119]]]}},{"type":"Feature","properties":{"jobs":0,"pop":17,"pointCount":1,"homeWorkCommuteMedian":6265,"workHomeCommuteMedian":-1},"geometry":{"type":"Polygon","coordinates":[[[136.08170252876127,35.94538220969844],[136.08170252876127,35.95437541333568],[136.0906957323985,35.95437541333568],[136.0906957323985,35.94538220969844],[136.08170252876127,35.94538220969844]]]}},{"type":"Feature","properties":{"jobs":0,"pop":89,"pointCount":2,"homeWorkCommuteMedian":16548,"workHomeCommuteMedian":-1},"geometry":{"type":"Polygon","coordinates":[[[136.08170252876127,35.95437541333568],[136.08170252876127,35.96336861697293],[136.0906957323985,35.96336861697293],[136.0906957323985,35.95437541333568],[136.08170252876127,35.95437541333568]]]}},{"type":"Feature","properties":{"jobs":52,"pop":64,"pointCount":3,"homeWorkCommuteMedian":9333,"workHomeCommuteMedian":22211},"geometry":{"type":"Polygon","coordinates":[[[136.08170252876127,35.98135502424742],[136.08170252876127,35.99034822788467],[136.0906957323985,35.99034822788467],[136.0906957323985,35.98135502424742],[136.08170252876127,35.98135502424742]]]}},{"type":"Feature","properties":{"jobs":73,"pop":103,"pointCount":7,"homeWorkCommuteMedian":9068,"workHomeCommuteMedian":2354},"geometry":{"type":"Polygon","coordinates":[[[136.08170252876127,35.99034822788467],[136.08170252876127,35.99934143152191],[136.0906957323985,35.99934143152191],[136.0906957323985,35.99034822788467],[136.08170252876127,35.99034822788467]]]}},{"type":"Feature","properties":{"jobs":7,"pop":37,"pointCount":3,"homeWorkCommuteMedian":2886,"workHomeCommuteMedian":38120},"geometry":{"type":"Polygon","coordinates":[[[136.08170252876127,35.99934143152191],[136.08170252876127,36.00833463515916],[136.0906957323985,36.00833463515916],[136.0906957323985,35.99934143152191],[136.08170252876127,35.99934143152191]]]}},{"type":"Feature","properties":{"jobs":0,"pop":1,"pointCount":1,"homeWorkCommuteMedian":24839,"workHomeCommuteMedian":-1},"geometry":{"type":"Polygon","coordinates":[[[136.08170252876127,36.107259875168864],[136.08170252876127,36.11625307880611],[136.0906957323985,36.11625307880611],[136.0906957323985,36.107259875168864],[136.08170252876127,36.107259875168864]]]}},{"type":"Feature","properties":{"jobs":26,"pop":97,"pointCount":5,"homeWorkCommuteMedian":22417,"workHomeCommuteMedian":13492},"geometry":{"type":"Polygon","coordinates":[[[136.08170252876127,36.1342394860806],[136.08170252876127,36.14323268971785],[136.0906957323985,36.14323268971785],[136.0906957323985,36.1342394860806],[136.08170252876127,36.1342394860806]]]}},{"type":"Feature","properties":{"jobs":0,"pop":66,"pointCount":1,"homeWorkCommuteMedian":44652,"workHomeCommuteMedian":-1},"geometry":{"type":"Polygon","coordinates":[[[136.08170252876127,36.14323268971785],[136.08170252876127,36.152225893355094],[136.0906957323985,36.152225893355094],[136.0906957323985,36.14323268971785],[136.08170252876127,36.14323268971785]]]}},{"type":"Feature","properties":{"jobs":0,"pop":16,"pointCount":1,"homeWorkCommuteMedian":7303,"workHomeCommuteMedian":-1},"geometry":{"type":"Polygon","coordinates":[[[136.0906957323985,35.78350454422801],[136.0906957323985,35.792497747865255],[136.09968893603573,35.792497747865255],[136.09968893603573,35.78350454422801],[136.0906957323985,35.78350454422801]]]}},{"type":"Feature","properties":{"jobs":0,"pop":30,"pointCount":1,"homeWorkCommuteMedian":13751,"workHomeCommuteMedian":-1},"geometry":{"type":"Polygon","coordinates":[[[136.0906957323985,35.792497747865255],[136.0906957323985,35.8014909515025],[136.09968893603573,35.8014909515025],[136.09968893603573,35.792497747865255],[136.0906957323985,35.792497747865255]]]}},{"type":"Feature","properties":{"jobs":0,"pop":54,"pointCount":3,"homeWorkCommuteMedian":11728,"workHomeCommuteMedian":-1},"geometry":{"type":"Polygon","coordinates":[[[136.0906957323985,35.81947735877699],[136.0906957323985,35.82847056241424],[136.09968893603573,35.82847056241424],[136.09968893603573,35.81947735877699],[136.0906957323985,35.81947735877699]]]}},{"type":"Feature","properties":{"jobs":6,"pop":67,"pointCount":2,"homeWorkCommuteMedian":16460,"workHomeCommuteMedian":531},"geometry":{"type":"Polygon","coordinates":[[[136.0906957323985,35.85545017332598],[136.0906957323985,35.86444337696322],[136.09968893603573,35.86444337696322],[136.09968893603573,35.85545017332598],[136.0906957323985,35.85545017332598]]]}},{"type":"Feature","properties":{"jobs":42,"pop":186,"pointCount":8,"homeWorkCommuteMedian":8753,"workHomeCommuteMedian":1161},"geometry":{"type":"Polygon","coordinates":[[[136.0906957323985,35.927395802423945],[136.0906957323985,35.93638900606119],[136.09968893603573,35.93638900606119],[136.09968893603573,35.927395802423945],[136.0906957323985,35.927395802423945]]]}},{"type":"Feature","properties":{"jobs":0,"pop":61,"pointCount":3,"homeWorkCommuteMedian":5234,"workHomeCommuteMedian":-1},"geometry":{"type":"Polygon","coordinates":[[[136.0906957323985,35.93638900606119],[136.0906957323985,35.94538220969844],[136.09968893603573,35.94538220969844],[136.09968893603573,35.93638900606119],[136.0906957323985,35.93638900606119]]]}},{"type":"Feature","properties":{"jobs":3,"pop":13,"pointCount":2,"homeWorkCommuteMedian":3209,"workHomeCommuteMedian":3893},"geometry":{"type":"Polygon","coordinates":[[[136.0906957323985,35.94538220969844],[136.0906957323985,35.95437541333568],[136.09968893603573,35.95437541333568],[136.09968893603573,35.94538220969844],[136.0906957323985,35.94538220969844]]]}},{"type":"Feature","properties":{"jobs":0,"pop":35,"pointCount":1,"homeWorkCommuteMedian":6178,"workHomeCommuteMedian":-1},"geometry":{"type":"Polygon","coordinates":[[[136.0906957323985,35.96336861697293],[136.0906957323985,35.972361820610175],[136.09968893603573,35.972361820610175],[136.09968893603573,35.96336861697293],[136.0906957323985,35.96336861697293]]]}},{"type":"Feature","properties":{"jobs":7,"pop":30,"pointCount":2,"homeWorkCommuteMedian":7189,"workHomeCommuteMedian":1731},"geometry":{"type":"Polygon","coordinates":[[[136.0906957323985,35.98135502424742],[136.0906957323985,35.99034822788467],[136.09968893603573,35.99034822788467],[136.09968893603573,35.98135502424742],[136.0906957323985,35.98135502424742]]]}},{"type":"Feature","properties":{"jobs":71,"pop":208,"pointCount":8,"homeWorkCommuteMedian":7520,"workHomeCommuteMedian":2886},"geometry":{"type":"Polygon","coordinates":[[[136.0906957323985,35.99034822788467],[136.0906957323985,35.99934143152191],[136.09968893603573,35.99934143152191],[136.09968893603573,35.99034822788467],[136.0906957323985,35.99034822788467]]]}},{"type":"Feature","properties":{"jobs":0,"pop":32,"pointCount":2,"homeWorkCommuteMedian":6090,"workHomeCommuteMedian":-1},"geometry":{"type":"Polygon","coordinates":[[[136.0906957323985,35.99934143152191],[136.0906957323985,36.00833463515916],[136.09968893603573,36.00833463515916],[136.09968893603573,35.99934143152191],[136.0906957323985,35.99934143152191]]]}},{"type":"Feature","properties":{"jobs":4,"pop":4,"pointCount":1,"homeWorkCommuteMedian":21701,"workHomeCommuteMedian":19189},"geometry":{"type":"Polygon","coordinates":[[[136.0906957323985,36.062293856982635],[136.0906957323985,36.07128706061988],[136.09968893603573,36.07128706061988],[136.09968893603573,36.062293856982635],[136.0906957323985,36.062293856982635]]]}},{"type":"Feature","properties":{"jobs":0,"pop":44,"pointCount":2,"homeWorkCommuteMedian":23827,"workHomeCommuteMedian":-1},"geometry":{"type":"Polygon","coordinates":[[[136.0906957323985,36.1342394860806],[136.0906957323985,36.14323268971785],[136.09968893603573,36.14323268971785],[136.09968893603573,36.1342394860806],[136.0906957323985,36.1342394860806]]]}},{"type":"Feature","properties":{"jobs":483,"pop":186,"pointCount":9,"homeWorkCommuteMedian":19088,"workHomeCommuteMedian":15983},"geometry":{"type":"Polygon","coordinates":[[[136.0906957323985,36.14323268971785],[136.0906957323985,36.152225893355094],[136.09968893603573,36.152225893355094],[136.09968893603573,36.14323268971785],[136.0906957323985,36.14323268971785]]]}},{"type":"Feature","properties":{"jobs":124,"pop":0,"pointCount":2,"homeWorkCommuteMedian":-1,"workHomeCommuteMedian":20464},"geometry":{"type":"Polygon","coordinates":[[[136.0906957323985,36.16121909699234],[136.0906957323985,36.170212300629586],[136.09968893603573,36.170212300629586],[136.09968893603573,36.16121909699234],[136.0906957323985,36.16121909699234]]]}},{"type":"Feature","properties":{"jobs":0,"pop":81,"pointCount":2,"homeWorkCommuteMedian":12071,"workHomeCommuteMedian":-1},"geometry":{"type":"Polygon","coordinates":[[[136.09968893603573,35.81048415513975],[136.09968893603573,35.81947735877699],[136.10868213967296,35.81947735877699],[136.10868213967296,35.81048415513975],[136.09968893603573,35.81048415513975]]]}},{"type":"Feature","properties":{"jobs":0,"pop":17,"pointCount":1,"homeWorkCommuteMedian":6376,"workHomeCommuteMedian":-1},"geometry":{"type":"Polygon","coordinates":[[[136.09968893603573,35.84645696968873],[136.09968893603573,35.85545017332598],[136.10868213967296,35.85545017332598],[136.10868213967296,35.84645696968873],[136.09968893603573,35.84645696968873]]]}},{"type":"Feature","properties":{"jobs":23,"pop":41,"pointCount":2,"homeWorkCommuteMedian":53299,"workHomeCommuteMedian":15145},"geometry":{"type":"Polygon","coordinates":[[[136.09968893603573,35.85545017332598],[136.09968893603573,35.86444337696322],[136.10868213967296,35.86444337696322],[136.10868213967296,35.85545017332598],[136.09968893603573,35.85545017332598]]]}},{"type":"Feature","properties":{"jobs":5,"pop":4,"pointCount":2,"homeWorkCommuteMedian":9836,"workHomeCommuteMedian":7334},"geometry":{"type":"Polygon","coordinates":[[[136.09968893603573,35.87343658060047],[136.09968893603573,35.882429784237715],[136.10868213967296,35.882429784237715],[136.10868213967296,35.87343658060047],[136.09968893603573,35.87343658060047]]]}},{"type":"Feature","properties":{"jobs":4,"pop":15,"pointCount":2,"homeWorkCommuteMedian":4409,"workHomeCommuteMedian":6814},"geometry":{"type":"Polygon","coordinates":[[[136.09968893603573,35.9184025987867],[136.09968893603573,35.927395802423945],[136.10868213967296,35.927395802423945],[136.10868213967296,35.9184025987867],[136.09968893603573,35.9184025987867]]]}},{"type":"Feature","properties":{"jobs":4,"pop":41,"pointCount":3,"homeWorkCommuteMedian":6461,"workHomeCommuteMedian":998},"geometry":{"type":"Polygon","coordinates":[[[136.09968893603573,35.927395802423945],[136.09968893603573,35.93638900606119],[136.10868213967296,35.93638900606119],[136.10868213967296,35.927395802423945],[136.09968893603573,35.927395802423945]]]}},{"type":"Feature","properties":{"jobs":20,"pop":28,"pointCount":2,"homeWorkCommuteMedian":7584,"workHomeCommuteMedian":6789},"geometry":{"type":"Polygon","coordinates":[[[136.09968893603573,35.95437541333568],[136.09968893603573,35.96336861697293],[136.10868213967296,35.96336861697293],[136.10868213967296,35.95437541333568],[136.09968893603573,35.95437541333568]]]}},{"type":"Feature","properties":{"jobs":49,"pop":0,"pointCount":1,"homeWorkCommuteMedian":-1,"workHomeCommuteMedian":5490},"geometry":{"type":"Polygon","coordinates":[[[136.09968893603573,35.96336861697293],[136.09968893603573,35.972361820610175],[136.10868213967296,35.972361820610175],[136.10868213967296,35.96336861697293],[136.09968893603573,35.96336861697293]]]}},{"type":"Feature","properties":{"jobs":0,"pop":56,"pointCount":1,"homeWorkCommuteMedian":9392,"workHomeCommuteMedian":-1},"geometry":{"type":"Polygon","coordinates":[[[136.09968893603573,35.972361820610175],[136.09968893603573,35.98135502424742],[136.10868213967296,35.98135502424742],[136.10868213967296,35.972361820610175],[136.09968893603573,35.972361820610175]]]}},{"type":"Feature","properties":{"jobs":11,"pop":25,"pointCount":2,"homeWorkCommuteMedian":37759,"workHomeCommuteMedian":3022},"geometry":{"type":"Polygon","coordinates":[[[136.09968893603573,35.98135502424742],[136.09968893603573,35.99034822788467],[136.10868213967296,35.99034822788467],[136.10868213967296,35.98135502424742],[136.09968893603573,35.98135502424742]]]}},{"type":"Feature","properties":{"jobs":22,"pop":122,"pointCount":5,"homeWorkCommuteMedian":19272,"workHomeCommuteMedian":32881},"geometry":{"type":"Polygon","coordinates":[[[136.09968893603573,35.99034822788467],[136.09968893603573,35.99934143152191],[136.10868213967296,35.99934143152191],[136.10868213967296,35.99034822788467],[136.09968893603573,35.99034822788467]]]}},{"type":"Feature","properties":{"jobs":0,"pop":56,"pointCount":2,"homeWorkCommuteMedian":14376,"workHomeCommuteMedian":-1},"geometry":{"type":"Polygon","coordinates":[[[136.09968893603573,35.99934143152191],[136.09968893603573,36.00833463515916],[136.10868213967296,36.00833463515916],[136.10868213967296,35.99934143152191],[136.09968893603573,35.99934143152191]]]}},{"type":"Feature","properties":{"jobs":17,"pop":120,"pointCount":7,"homeWorkCommuteMedian":10165,"workHomeCommuteMedian":15786},"geometry":{"type":"Polygon","coordinates":[[[136.09968893603573,36.00833463515916],[136.09968893603573,36.017327838796405],[136.10868213967296,36.017327838796405],[136.10868213967296,36.00833463515916],[136.09968893603573,36.00833463515916]]]}},{"type":"Feature","properties":{"jobs":0,"pop":18,"pointCount":1,"homeWorkCommuteMedian":12570,"workHomeCommuteMedian":-1},"geometry":{"type":"Polygon","coordinates":[[[136.09968893603573,36.017327838796405],[136.09968893603573,36.02632104243365],[136.10868213967296,36.02632104243365],[136.10868213967296,36.017327838796405],[136.09968893603573,36.017327838796405]]]}},{"type":"Feature","properties":{"jobs":18,"pop":110,"pointCount":3,"homeWorkCommuteMedian":5450,"workHomeCommuteMedian":22650},"geometry":{"type":"Polygon","coordinates":[[[136.09968893603573,36.02632104243365],[136.09968893603573,36.0353142460709],[136.10868213967296,36.0353142460709],[136.10868213967296,36.02632104243365],[136.09968893603573,36.02632104243365]]]}},{"type":"Feature","properties":{"jobs":0,"pop":47,"pointCount":2,"homeWorkCommuteMedian":24047,"workHomeCommuteMedian":-1},"geometry":{"type":"Polygon","coordinates":[[[136.09968893603573,36.0353142460709],[136.09968893603573,36.04430744970814],[136.10868213967296,36.04430744970814],[136.10868213967296,36.0353142460709],[136.09968893603573,36.0353142460709]]]}},{"type":"Feature","properties":{"jobs":0,"pop":29,"pointCount":2,"homeWorkCommuteMedian":14449,"workHomeCommuteMedian":-1},"geometry":{"type":"Polygon","coordinates":[[[136.09968893603573,36.04430744970814],[136.09968893603573,36.05330065334539],[136.10868213967296,36.05330065334539],[136.10868213967296,36.04430744970814],[136.09968893603573,36.04430744970814]]]}},{"type":"Feature","properties":{"jobs":0,"pop":2,"pointCount":1,"homeWorkCommuteMedian":16673,"workHomeCommuteMedian":-1},"geometry":{"type":"Polygon","coordinates":[[[136.09968893603573,36.07128706061988],[136.09968893603573,36.08028026425713],[136.10868213967296,36.08028026425713],[136.10868213967296,36.07128706061988],[136.09968893603573,36.07128706061988]]]}},{"type":"Feature","properties":{"jobs":0,"pop":2,"pointCount":1,"homeWorkCommuteMedian":20634,"workHomeCommuteMedian":-1},"geometry":{"type":"Polygon","coordinates":[[[136.09968893603573,36.08028026425713],[136.09968893603573,36.08927346789437],[136.10868213967296,36.08927346789437],[136.10868213967296,36.08028026425713],[136.09968893603573,36.08028026425713]]]}},{"type":"Feature","properties":{"jobs":0,"pop":4,"pointCount":1,"homeWorkCommuteMedian":12874,"workHomeCommuteMedian":-1},"geometry":{"type":"Polygon","coordinates":[[[136.09968893603573,36.08927346789437],[136.09968893603573,36.09826667153162],[136.10868213967296,36.09826667153162],[136.10868213967296,36.08927346789437],[136.09968893603573,36.08927346789437]]]}},{"type":"Feature","properties":{"jobs":12,"pop":31,"pointCount":1,"homeWorkCommuteMedian":19098,"workHomeCommuteMedian":17874},"geometry":{"type":"Polygon","coordinates":[[[136.09968893603573,36.107259875168864],[136.09968893603573,36.11625307880611],[136.10868213967296,36.11625307880611],[136.10868213967296,36.107259875168864],[136.09968893603573,36.107259875168864]]]}},{"type":"Feature","properties":{"jobs":0,"pop":12,"pointCount":1,"homeWorkCommuteMedian":24383,"workHomeCommuteMedian":-1},"geometry":{"type":"Polygon","coordinates":[[[136.09968893603573,36.12524628244336],[136.09968893603573,36.1342394860806],[136.10868213967296,36.1342394860806],[136.10868213967296,36.12524628244336],[136.09968893603573,36.12524628244336]]]}},{"type":"Feature","properties":{"jobs":54,"pop":233,"pointCount":9,"homeWorkCommuteMedian":3187,"workHomeCommuteMedian":641},"geometry":{"type":"Polygon","coordinates":[[[136.09968893603573,36.14323268971785],[136.09968893603573,36.152225893355094],[136.10868213967296,36.152225893355094],[136.10868213967296,36.14323268971785],[136.09968893603573,36.14323268971785]]]}},{"type":"Feature","properties":{"jobs":545,"pop":0,"pointCount":4,"homeWorkCommuteMedian":-1,"workHomeCommuteMedian":25244},"geometry":{"type":"Polygon","coordinates":[[[136.09968893603573,36.152225893355094],[136.09968893603573,36.16121909699234],[136.10868213967296,36.16121909699234],[136.10868213967296,36.152225893355094],[136.09968893603573,36.152225893355094]]]}},{"type":"Feature","properties":{"jobs":412,"pop":0,"pointCount":4,"homeWorkCommuteMedian":-1,"workHomeCommuteMedian":12833},"geometry":{"type":"Polygon","coordinates":[[[136.09968893603573,36.16121909699234],[136.09968893603573,36.170212300629586],[136.10868213967296,36.170212300629586],[136.10868213967296,36.16121909699234],[136.09968893603573,36.16121909699234]]]}},{"type":"Feature","properties":{"jobs":37,"pop":0,"pointCount":1,"homeWorkCommuteMedian":-1,"workHomeCommuteMedian":60627},"geometry":{"type":"Polygon","coordinates":[[[136.09968893603573,36.170212300629586],[136.09968893603573,36.17920550426683],[136.10868213967296,36.17920550426683],[136.10868213967296,36.170212300629586],[136.09968893603573,36.170212300629586]]]}},{"type":"Feature","properties":{"jobs":10,"pop":0,"pointCount":1,"homeWorkCommuteMedian":-1,"workHomeCommuteMedian":22385},"geometry":{"type":"Polygon","coordinates":[[[136.10868213967296,35.8014909515025],[136.10868213967296,35.81048415513975],[136.1176753433102,35.81048415513975],[136.1176753433102,35.8014909515025],[136.10868213967296,35.8014909515025]]]}},{"type":"Feature","properties":{"jobs":27,"pop":0,"pointCount":1,"homeWorkCommuteMedian":-1,"workHomeCommuteMedian":14840},"geometry":{"type":"Polygon","coordinates":[[[136.10868213967296,35.87343658060047],[136.10868213967296,35.882429784237715],[136.1176753433102,35.882429784237715],[136.1176753433102,35.87343658060047],[136.10868213967296,35.87343658060047]]]}},{"type":"Feature","properties":{"jobs":0,"pop":13,"pointCount":1,"homeWorkCommuteMedian":5905,"workHomeCommuteMedian":-1},"geometry":{"type":"Polygon","coordinates":[[[136.10868213967296,35.90041619151221],[136.10868213967296,35.90940939514945],[136.1176753433102,35.90940939514945],[136.1176753433102,35.90041619151221],[136.10868213967296,35.90041619151221]]]}},{"type":"Feature","properties":{"jobs":28,"pop":100,"pointCount":4,"homeWorkCommuteMedian":8745,"workHomeCommuteMedian":6576},"geometry":{"type":"Polygon","coordinates":[[[136.10868213967296,35.9184025987867],[136.10868213967296,35.927395802423945],[136.1176753433102,35.927395802423945],[136.1176753433102,35.9184025987867],[136.10868213967296,35.9184025987867]]]}},{"type":"Feature","properties":{"jobs":73,"pop":96,"pointCount":6,"homeWorkCommuteMedian":5521,"workHomeCommuteMedian":10517},"geometry":{"type":"Polygon","coordinates":[[[136.10868213967296,35.927395802423945],[136.10868213967296,35.93638900606119],[136.1176753433102,35.93638900606119],[136.1176753433102,35.927395802423945],[136.10868213967296,35.927395802423945]]]}},{"type":"Feature","properties":{"jobs":42,"pop":109,"pointCount":3,"homeWorkCommuteMedian":5749,"workHomeCommuteMedian":6659},"geometry":{"type":"Polygon","coordinates":[[[136.10868213967296,35.93638900606119],[136.10868213967296,35.94538220969844],[136.1176753433102,35.94538220969844],[136.1176753433102,35.93638900606119],[136.10868213967296,35.93638900606119]]]}},{"type":"Feature","properties":{"jobs":197,"pop":163,"pointCount":5,"homeWorkCommuteMedian":7730,"workHomeCommuteMedian":9628},"geometry":{"type":"Polygon","coordinates":[[[136.10868213967296,35.94538220969844],[136.10868213967296,35.95437541333568],[136.1176753433102,35.95437541333568],[136.1176753433102,35.94538220969844],[136.10868213967296,35.94538220969844]]]}},{"type":"Feature","properties":{"jobs":51,"pop":65,"pointCount":5,"homeWorkCommuteMedian":17734,"workHomeCommuteMedian":1310},"geometry":{"type":"Polygon","coordinates":[[[136.10868213967296,35.95437541333568],[136.10868213967296,35.96336861697293],[136.1176753433102,35.96336861697293],[136.1176753433102,35.95437541333568],[136.10868213967296,35.95437541333568]]]}},{"type":"Feature","properties":{"jobs":84,"pop":173,"pointCount":7,"homeWorkCommuteMedian":9281,"workHomeCommuteMedian":6884},"geometry":{"type":"Polygon","coordinates":[[[136.10868213967296,35.96336861697293],[136.10868213967296,35.972361820610175],[136.1176753433102,35.972361820610175],[136.1176753433102,35.96336861697293],[136.10868213967296,35.96336861697293]]]}},{"type":"Feature","properties":{"jobs":0,"pop":16,"pointCount":1,"homeWorkCommuteMedian":2742,"workHomeCommuteMedian":-1},"geometry":{"type":"Polygon","coordinates":[[[136.10868213967296,35.972361820610175],[136.10868213967296,35.98135502424742],[136.1176753433102,35.98135502424742],[136.1176753433102,35.972361820610175],[136.10868213967296,35.972361820610175]]]}},{"type":"Feature","properties":{"jobs":0,"pop":14,"pointCount":1,"homeWorkCommuteMedian":2836,"workHomeCommuteMedian":-1},"geometry":{"type":"Polygon","coordinates":[[[136.10868213967296,35.98135502424742],[136.10868213967296,35.99034822788467],[136.1176753433102,35.99034822788467],[136.1176753433102,35.98135502424742],[136.10868213967296,35.98135502424742]]]}},{"type":"Feature","properties":{"jobs":4,"pop":0,"pointCount":1,"homeWorkCommuteMedian":-1,"workHomeCommuteMedian":961},"geometry":{"type":"Polygon","coordinates":[[[136.10868213967296,35.99034822788467],[136.10868213967296,35.99934143152191],[136.1176753433102,35.99934143152191],[136.1176753433102,35.99034822788467],[136.10868213967296,35.99034822788467]]]}},{"type":"Feature","properties":{"jobs":0,"pop":3,"pointCount":1,"homeWorkCommuteMedian":21020,"workHomeCommuteMedian":-1},"geometry":{"type":"Polygon","coordinates":[[[136.10868213967296,35.99934143152191],[136.10868213967296,36.00833463515916],[136.1176753433102,36.00833463515916],[136.1176753433102,35.99934143152191],[136.10868213967296,35.99934143152191]]]}},{"type":"Feature","properties":{"jobs":49,"pop":56,"pointCount":4,"homeWorkCommuteMedian":21221,"workHomeCommuteMedian":17863},"geometry":{"type":"Polygon","coordinates":[[[136.10868213967296,36.00833463515916],[136.10868213967296,36.017327838796405],[136.1176753433102,36.017327838796405],[136.1176753433102,36.00833463515916],[136.10868213967296,36.00833463515916]]]}},{"type":"Feature","properties":{"jobs":210,"pop":123,"pointCount":11,"homeWorkCommuteMedian":13729,"workHomeCommuteMedian":2175},"geometry":{"type":"Polygon","coordinates":[[[136.10868213967296,36.017327838796405],[136.10868213967296,36.02632104243365],[136.1176753433102,36.02632104243365],[136.1176753433102,36.017327838796405],[136.10868213967296,36.017327838796405]]]}},{"type":"Feature","properties":{"jobs":39,"pop":80,"pointCount":3,"homeWorkCommuteMedian":14174,"workHomeCommuteMedian":30843},"geometry":{"type":"Polygon","coordinates":[[[136.10868213967296,36.02632104243365],[136.10868213967296,36.0353142460709],[136.1176753433102,36.0353142460709],[136.1176753433102,36.02632104243365],[136.10868213967296,36.02632104243365]]]}},{"type":"Feature","properties":{"jobs":7,"pop":0,"pointCount":1,"homeWorkCommuteMedian":-1,"workHomeCommuteMedian":1103},"geometry":{"type":"Polygon","coordinates":[[[136.10868213967296,36.0353142460709],[136.10868213967296,36.04430744970814],[136.1176753433102,36.04430744970814],[136.1176753433102,36.0353142460709],[136.10868213967296,36.0353142460709]]]}},{"type":"Feature","properties":{"jobs":11,"pop":57,"pointCount":3,"homeWorkCommuteMedian":13324,"workHomeCommuteMedian":14267},"geometry":{"type":"Polygon","coordinates":[[[136.10868213967296,36.04430744970814],[136.10868213967296,36.05330065334539],[136.1176753433102,36.05330065334539],[136.1176753433102,36.04430744970814],[136.10868213967296,36.04430744970814]]]}},{"type":"Feature","properties":{"jobs":22,"pop":49,"pointCount":2,"homeWorkCommuteMedian":14713,"workHomeCommuteMedian":10978},"geometry":{"type":"Polygon","coordinates":[[[136.10868213967296,36.1342394860806],[136.10868213967296,36.14323268971785],[136.1176753433102,36.14323268971785],[136.1176753433102,36.1342394860806],[136.10868213967296,36.1342394860806]]]}},{"type":"Feature","properties":{"jobs":119,"pop":31,"pointCount":3,"homeWorkCommuteMedian":16212,"workHomeCommuteMedian":2410},"geometry":{"type":"Polygon","coordinates":[[[136.10868213967296,36.14323268971785],[136.10868213967296,36.152225893355094],[136.1176753433102,36.152225893355094],[136.1176753433102,36.14323268971785],[136.10868213967296,36.14323268971785]]]}},{"type":"Feature","properties":{"jobs":336,"pop":0,"pointCount":2,"homeWorkCommuteMedian":-1,"workHomeCommuteMedian":12604},"geometry":{"type":"Polygon","coordinates":[[[136.10868213967296,36.16121909699234],[136.10868213967296,36.170212300629586],[136.1176753433102,36.170212300629586],[136.1176753433102,36.16121909699234],[136.10868213967296,36.16121909699234]]]}},{"type":"Feature","properties":{"jobs":391,"pop":0,"pointCount":2,"homeWorkCommuteMedian":-1,"workHomeCommuteMedian":17227},"geometry":{"type":"Polygon","coordinates":[[[136.10868213967296,36.170212300629586],[136.10868213967296,36.17920550426683],[136.1176753433102,36.17920550426683],[136.1176753433102,36.170212300629586],[136.10868213967296,36.170212300629586]]]}},{"type":"Feature","properties":{"jobs":0,"pop":2,"pointCount":1,"homeWorkCommuteMedian":13648,"workHomeCommuteMedian":-1},"geometry":{"type":"Polygon","coordinates":[[[136.1176753433102,35.8014909515025],[136.1176753433102,35.81048415513975],[136.12666854694743,35.81048415513975],[136.12666854694743,35.8014909515025],[136.1176753433102,35.8014909515025]]]}},{"type":"Feature","properties":{"jobs":0,"pop":19,"pointCount":1,"homeWorkCommuteMedian":18364,"workHomeCommuteMedian":-1},"geometry":{"type":"Polygon","coordinates":[[[136.1176753433102,35.82847056241424],[136.1176753433102,35.837463766051485],[136.12666854694743,35.837463766051485],[136.12666854694743,35.82847056241424],[136.1176753433102,35.82847056241424]]]}},{"type":"Feature","properties":{"jobs":26,"pop":128,"pointCount":2,"homeWorkCommuteMedian":11354,"workHomeCommuteMedian":13459},"geometry":{"type":"Polygon","coordinates":[[[136.1176753433102,35.87343658060047],[136.1176753433102,35.882429784237715],[136.12666854694743,35.882429784237715],[136.12666854694743,35.87343658060047],[136.1176753433102,35.87343658060047]]]}},{"type":"Feature","properties":{"jobs":0,"pop":32,"pointCount":2,"homeWorkCommuteMedian":3939,"workHomeCommuteMedian":-1},"geometry":{"type":"Polygon","coordinates":[[[136.1176753433102,35.882429784237715],[136.1176753433102,35.89142298787496],[136.12666854694743,35.89142298787496],[136.12666854694743,35.882429784237715],[136.1176753433102,35.882429784237715]]]}},{"type":"Feature","properties":{"jobs":12,"pop":102,"pointCount":4,"homeWorkCommuteMedian":7734,"workHomeCommuteMedian":29167},"geometry":{"type":"Polygon","coordinates":[[[136.1176753433102,35.89142298787496],[136.1176753433102,35.90041619151221],[136.12666854694743,35.90041619151221],[136.12666854694743,35.89142298787496],[136.1176753433102,35.89142298787496]]]}},{"type":"Feature","properties":{"jobs":28,"pop":60,"pointCount":2,"homeWorkCommuteMedian":4605,"workHomeCommuteMedian":6144},"geometry":{"type":"Polygon","coordinates":[[[136.1176753433102,35.9184025987867],[136.1176753433102,35.927395802423945],[136.12666854694743,35.927395802423945],[136.12666854694743,35.9184025987867],[136.1176753433102,35.9184025987867]]]}},{"type":"Feature","properties":{"jobs":28,"pop":85,"pointCount":6,"homeWorkCommuteMedian":16057,"workHomeCommuteMedian":5865},"geometry":{"type":"Polygon","coordinates":[[[136.1176753433102,35.927395802423945],[136.1176753433102,35.93638900606119],[136.12666854694743,35.93638900606119],[136.12666854694743,35.927395802423945],[136.1176753433102,35.927395802423945]]]}},{"type":"Feature","properties":{"jobs":48,"pop":28,"pointCount":5,"homeWorkCommuteMedian":17117,"workHomeCommuteMedian":7889},"geometry":{"type":"Polygon","coordinates":[[[136.1176753433102,35.93638900606119],[136.1176753433102,35.94538220969844],[136.12666854694743,35.94538220969844],[136.12666854694743,35.93638900606119],[136.1176753433102,35.93638900606119]]]}},{"type":"Feature","properties":{"jobs":20,"pop":47,"pointCount":2,"homeWorkCommuteMedian":16621,"workHomeCommuteMedian":18631},"geometry":{"type":"Polygon","coordinates":[[[136.1176753433102,35.94538220969844],[136.1176753433102,35.95437541333568],[136.12666854694743,35.95437541333568],[136.12666854694743,35.94538220969844],[136.1176753433102,35.94538220969844]]]}},{"type":"Feature","properties":{"jobs":78,"pop":63,"pointCount":5,"homeWorkCommuteMedian":6730,"workHomeCommuteMedian":10285},"geometry":{"type":"Polygon","coordinates":[[[136.1176753433102,35.95437541333568],[136.1176753433102,35.96336861697293],[136.12666854694743,35.96336861697293],[136.12666854694743,35.95437541333568],[136.1176753433102,35.95437541333568]]]}},{"type":"Feature","properties":{"jobs":430,"pop":487,"pointCount":10,"homeWorkCommuteMedian":8884,"workHomeCommuteMedian":5870},"geometry":{"type":"Polygon","coordinates":[[[136.1176753433102,35.96336861697293],[136.1176753433102,35.972361820610175],[136.12666854694743,35.972361820610175],[136.12666854694743,35.96336861697293],[136.1176753433102,35.96336861697293]]]}},{"type":"Feature","properties":{"jobs":471,"pop":275,"pointCount":11,"homeWorkCommuteMedian":8564,"workHomeCommuteMedian":9846},"geometry":{"type":"Polygon","coordinates":[[[136.1176753433102,35.972361820610175],[136.1176753433102,35.98135502424742],[136.12666854694743,35.98135502424742],[136.12666854694743,35.972361820610175],[136.1176753433102,35.972361820610175]]]}},{"type":"Feature","properties":{"jobs":30,"pop":109,"pointCount":2,"homeWorkCommuteMedian":8155,"workHomeCommuteMedian":6288},"geometry":{"type":"Polygon","coordinates":[[[136.1176753433102,35.98135502424742],[136.1176753433102,35.99034822788467],[136.12666854694743,35.99034822788467],[136.12666854694743,35.98135502424742],[136.1176753433102,35.98135502424742]]]}},{"type":"Feature","properties":{"jobs":48,"pop":832,"pointCount":10,"homeWorkCommuteMedian":10938,"workHomeCommuteMedian":18468},"geometry":{"type":"Polygon","coordinates":[[[136.1176753433102,36.00833463515916],[136.1176753433102,36.017327838796405],[136.12666854694743,36.017327838796405],[136.12666854694743,36.00833463515916],[136.1176753433102,36.00833463515916]]]}},{"type":"Feature","properties":{"jobs":161,"pop":436,"pointCount":15,"homeWorkCommuteMedian":13517,"workHomeCommuteMedian":17873},"geometry":{"type":"Polygon","coordinates":[[[136.1176753433102,36.017327838796405],[136.1176753433102,36.02632104243365],[136.12666854694743,36.02632104243365],[136.12666854694743,36.017327838796405],[136.1176753433102,36.017327838796405]]]}},{"type":"Feature","properties":{"jobs":70,"pop":174,"pointCount":4,"homeWorkCommuteMedian":11687,"workHomeCommuteMedian":20836},"geometry":{"type":"Polygon","coordinates":[[[136.1176753433102,36.05330065334539],[136.1176753433102,36.062293856982635],[136.12666854694743,36.062293856982635],[136.12666854694743,36.05330065334539],[136.1176753433102,36.05330065334539]]]}},{"type":"Feature","properties":{"jobs":0,"pop":8,"pointCount":1,"homeWorkCommuteMedian":10488,"workHomeCommuteMedian":-1},"geometry":{"type":"Polygon","coordinates":[[[136.1176753433102,36.08028026425713],[136.1176753433102,36.08927346789437],[136.12666854694743,36.08927346789437],[136.12666854694743,36.08028026425713],[136.1176753433102,36.08028026425713]]]}},{"type":"Feature","properties":{"jobs":13,"pop":37,"pointCount":2,"homeWorkCommuteMedian":12637,"workHomeCommuteMedian":20583},"geometry":{"type":"Polygon","coordinates":[[[136.1176753433102,36.09826667153162],[136.1176753433102,36.107259875168864],[136.12666854694743,36.107259875168864],[136.12666854694743,36.09826667153162],[136.1176753433102,36.09826667153162]]]}},{"type":"Feature","properties":{"jobs":54,"pop":0,"pointCount":1,"homeWorkCommuteMedian":-1,"workHomeCommuteMedian":15401},"geometry":{"type":"Polygon","coordinates":[[[136.1176753433102,36.11625307880611],[136.1176753433102,36.12524628244336],[136.12666854694743,36.12524628244336],[136.12666854694743,36.11625307880611],[136.1176753433102,36.11625307880611]]]}},{"type":"Feature","properties":{"jobs":63,"pop":127,"pointCount":9,"homeWorkCommuteMedian":16494,"workHomeCommuteMedian":12647},"geometry":{"type":"Polygon","coordinates":[[[136.1176753433102,36.1342394860806],[136.1176753433102,36.14323268971785],[136.12666854694743,36.14323268971785],[136.12666854694743,36.1342394860806],[136.1176753433102,36.1342394860806]]]}},{"type":"Feature","properties":{"jobs":15,"pop":79,"pointCount":2,"homeWorkCommuteMedian":20558,"workHomeCommuteMedian":142},"geometry":{"type":"Polygon","coordinates":[[[136.1176753433102,36.14323268971785],[136.1176753433102,36.152225893355094],[136.12666854694743,36.152225893355094],[136.12666854694743,36.14323268971785],[136.1176753433102,36.14323268971785]]]}},{"type":"Feature","properties":{"jobs":0,"pop":43,"pointCount":2,"homeWorkCommuteMedian":17154,"workHomeCommuteMedian":-1},"geometry":{"type":"Polygon","coordinates":[[[136.1176753433102,36.152225893355094],[136.1176753433102,36.16121909699234],[136.12666854694743,36.16121909699234],[136.12666854694743,36.152225893355094],[136.1176753433102,36.152225893355094]]]}},{"type":"Feature","properties":{"jobs":38,"pop":249,"pointCount":5,"homeWorkCommuteMedian":17539,"workHomeCommuteMedian":11711},"geometry":{"type":"Polygon","coordinates":[[[136.1176753433102,36.16121909699234],[136.1176753433102,36.170212300629586],[136.12666854694743,36.170212300629586],[136.12666854694743,36.16121909699234],[136.1176753433102,36.16121909699234]]]}},{"type":"Feature","properties":{"jobs":764,"pop":0,"pointCount":4,"homeWorkCommuteMedian":-1,"workHomeCommuteMedian":15686},"geometry":{"type":"Polygon","coordinates":[[[136.1176753433102,36.170212300629586],[136.1176753433102,36.17920550426683],[136.12666854694743,36.17920550426683],[136.12666854694743,36.170212300629586],[136.1176753433102,36.170212300629586]]]}},{"type":"Feature","properties":{"jobs":454,"pop":0,"pointCount":4,"homeWorkCommuteMedian":-1,"workHomeCommuteMedian":18183},"geometry":{"type":"Polygon","coordinates":[[[136.1176753433102,36.17920550426683],[136.1176753433102,36.18819870790408],[136.12666854694743,36.18819870790408],[136.12666854694743,36.17920550426683],[136.1176753433102,36.17920550426683]]]}},{"type":"Feature","properties":{"jobs":46,"pop":13,"pointCount":2,"homeWorkCommuteMedian":6114,"workHomeCommuteMedian":640},"geometry":{"type":"Polygon","coordinates":[[[136.1176753433102,36.242157929727554],[136.1176753433102,36.2511511333648],[136.12666854694743,36.2511511333648],[136.12666854694743,36.242157929727554],[136.1176753433102,36.242157929727554]]]}},{"type":"Feature","properties":{"jobs":56,"pop":36,"pointCount":2,"homeWorkCommuteMedian":3953,"workHomeCommuteMedian":24442},"geometry":{"type":"Polygon","coordinates":[[[136.12666854694743,35.84645696968873],[136.12666854694743,35.85545017332598],[136.13566175058466,35.85545017332598],[136.13566175058466,35.84645696968873],[136.12666854694743,35.84645696968873]]]}},{"type":"Feature","properties":{"jobs":22,"pop":241,"pointCount":7,"homeWorkCommuteMedian":4677,"workHomeCommuteMedian":874},"geometry":{"type":"Polygon","coordinates":[[[136.12666854694743,35.882429784237715],[136.12666854694743,35.89142298787496],[136.13566175058466,35.89142298787496],[136.13566175058466,35.882429784237715],[136.12666854694743,35.882429784237715]]]}},{"type":"Feature","properties":{"jobs":39,"pop":181,"pointCount":6,"homeWorkCommuteMedian":4645,"workHomeCommuteMedian":4646},"geometry":{"type":"Polygon","coordinates":[[[136.12666854694743,35.89142298787496],[136.12666854694743,35.90041619151221],[136.13566175058466,35.90041619151221],[136.13566175058466,35.89142298787496],[136.12666854694743,35.89142298787496]]]}},{"type":"Feature","properties":{"jobs":65,"pop":378,"pointCount":10,"homeWorkCommuteMedian":5625,"workHomeCommuteMedian":859},"geometry":{"type":"Polygon","coordinates":[[[136.12666854694743,35.90041619151221],[136.12666854694743,35.90940939514945],[136.13566175058466,35.90940939514945],[136.13566175058466,35.90041619151221],[136.12666854694743,35.90041619151221]]]}},{"type":"Feature","properties":{"jobs":20,"pop":78,"pointCount":5,"homeWorkCommuteMedian":12399,"workHomeCommuteMedian":8148},"geometry":{"type":"Polygon","coordinates":[[[136.12666854694743,35.90940939514945],[136.12666854694743,35.9184025987867],[136.13566175058466,35.9184025987867],[136.13566175058466,35.90940939514945],[136.12666854694743,35.90940939514945]]]}},{"type":"Feature","properties":{"jobs":0,"pop":89,"pointCount":2,"homeWorkCommuteMedian":6915,"workHomeCommuteMedian":-1},"geometry":{"type":"Polygon","coordinates":[[[136.12666854694743,35.9184025987867],[136.12666854694743,35.927395802423945],[136.13566175058466,35.927395802423945],[136.13566175058466,35.9184025987867],[136.12666854694743,35.9184025987867]]]}},{"type":"Feature","properties":{"jobs":80,"pop":44,"pointCount":3,"homeWorkCommuteMedian":20346,"workHomeCommuteMedian":7971},"geometry":{"type":"Polygon","coordinates":[[[136.12666854694743,35.93638900606119],[136.12666854694743,35.94538220969844],[136.13566175058466,35.94538220969844],[136.13566175058466,35.93638900606119],[136.12666854694743,35.93638900606119]]]}},{"type":"Feature","properties":{"jobs":21,"pop":46,"pointCount":3,"homeWorkCommuteMedian":4347,"workHomeCommuteMedian":4225},"geometry":{"type":"Polygon","coordinates":[[[136.12666854694743,35.95437541333568],[136.12666854694743,35.96336861697293],[136.13566175058466,35.96336861697293],[136.13566175058466,35.95437541333568],[136.12666854694743,35.95437541333568]]]}},{"type":"Feature","properties":{"jobs":223,"pop":575,"pointCount":11,"homeWorkCommuteMedian":11268,"workHomeCommuteMedian":7375},"geometry":{"type":"Polygon","coordinates":[[[136.12666854694743,35.96336861697293],[136.12666854694743,35.972361820610175],[136.13566175058466,35.972361820610175],[136.13566175058466,35.96336861697293],[136.12666854694743,35.96336861697293]]]}},{"type":"Feature","properties":{"jobs":1201,"pop":782,"pointCount":18,"homeWorkCommuteMedian":10522,"workHomeCommuteMedian":4395},"geometry":{"type":"Polygon","coordinates":[[[136.12666854694743,35.972361820610175],[136.12666854694743,35.98135502424742],[136.13566175058466,35.98135502424742],[136.13566175058466,35.972361820610175],[136.12666854694743,35.972361820610175]]]}},{"type":"Feature","properties":{"jobs":79,"pop":233,"pointCount":10,"homeWorkCommuteMedian":11705,"workHomeCommuteMedian":2164},"geometry":{"type":"Polygon","coordinates":[[[136.12666854694743,35.98135502424742],[136.12666854694743,35.99034822788467],[136.13566175058466,35.99034822788467],[136.13566175058466,35.98135502424742],[136.12666854694743,35.98135502424742]]]}},{"type":"Feature","properties":{"jobs":0,"pop":16,"pointCount":1,"homeWorkCommuteMedian":2537,"workHomeCommuteMedian":-1},"geometry":{"type":"Polygon","coordinates":[[[136.12666854694743,35.99034822788467],[136.12666854694743,35.99934143152191],[136.13566175058466,35.99934143152191],[136.13566175058466,35.99034822788467],[136.12666854694743,35.99034822788467]]]}},{"type":"Feature","properties":{"jobs":117,"pop":110,"pointCount":5,"homeWorkCommuteMedian":10052,"workHomeCommuteMedian":9436},"geometry":{"type":"Polygon","coordinates":[[[136.12666854694743,36.02632104243365],[136.12666854694743,36.0353142460709],[136.13566175058466,36.0353142460709],[136.13566175058466,36.02632104243365],[136.12666854694743,36.02632104243365]]]}},{"type":"Feature","properties":{"jobs":60,"pop":956,"pointCount":5,"homeWorkCommuteMedian":10270,"workHomeCommuteMedian":15802},"geometry":{"type":"Polygon","coordinates":[[[136.12666854694743,36.04430744970814],[136.12666854694743,36.05330065334539],[136.13566175058466,36.05330065334539],[136.13566175058466,36.04430744970814],[136.12666854694743,36.04430744970814]]]}},{"type":"Feature","properties":{"jobs":346,"pop":161,"pointCount":11,"homeWorkCommuteMedian":17585,"workHomeCommuteMedian":12432},"geometry":{"type":"Polygon","coordinates":[[[136.12666854694743,36.05330065334539],[136.12666854694743,36.062293856982635],[136.13566175058466,36.062293856982635],[136.13566175058466,36.05330065334539],[136.12666854694743,36.05330065334539]]]}},{"type":"Feature","properties":{"jobs":0,"pop":1,"pointCount":1,"homeWorkCommuteMedian":13576,"workHomeCommuteMedian":-1},"geometry":{"type":"Polygon","coordinates":[[[136.12666854694743,36.07128706061988],[136.12666854694743,36.08028026425713],[136.13566175058466,36.08028026425713],[136.13566175058466,36.07128706061988],[136.12666854694743,36.07128706061988]]]}},{"type":"Feature","properties":{"jobs":0,"pop":97,"pointCount":2,"homeWorkCommuteMedian":4841,"workHomeCommuteMedian":-1},"geometry":{"type":"Polygon","coordinates":[[[136.12666854694743,36.107259875168864],[136.12666854694743,36.11625307880611],[136.13566175058466,36.11625307880611],[136.13566175058466,36.107259875168864],[136.12666854694743,36.107259875168864]]]}},{"type":"Feature","properties":{"jobs":59,"pop":66,"pointCount":4,"homeWorkCommuteMedian":12695,"workHomeCommuteMedian":12374},"geometry":{"type":"Polygon","coordinates":[[[136.12666854694743,36.11625307880611],[136.12666854694743,36.12524628244336],[136.13566175058466,36.12524628244336],[136.13566175058466,36.11625307880611],[136.12666854694743,36.11625307880611]]]}},{"type":"Feature","properties":{"jobs":0,"pop":35,"pointCount":2,"homeWorkCommuteMedian":15946,"workHomeCommuteMedian":-1},"geometry":{"type":"Polygon","coordinates":[[[136.12666854694743,36.12524628244336],[136.12666854694743,36.1342394860806],[136.13566175058466,36.1342394860806],[136.13566175058466,36.12524628244336],[136.12666854694743,36.12524628244336]]]}},{"type":"Feature","properties":{"jobs":106,"pop":135,"pointCount":10,"homeWorkCommuteMedian":16182,"workHomeCommuteMedian":13779},"geometry":{"type":"Polygon","coordinates":[[[136.12666854694743,36.1342394860806],[136.12666854694743,36.14323268971785],[136.13566175058466,36.14323268971785],[136.13566175058466,36.1342394860806],[136.12666854694743,36.1342394860806]]]}},{"type":"Feature","properties":{"jobs":13,"pop":94,"pointCount":4,"homeWorkCommuteMedian":8408,"workHomeCommuteMedian":7578},"geometry":{"type":"Polygon","coordinates":[[[136.12666854694743,36.14323268971785],[136.12666854694743,36.152225893355094],[136.13566175058466,36.152225893355094],[136.13566175058466,36.14323268971785],[136.12666854694743,36.14323268971785]]]}},{"type":"Feature","properties":{"jobs":0,"pop":210,"pointCount":3,"homeWorkCommuteMedian":8100,"workHomeCommuteMedian":-1},"geometry":{"type":"Polygon","coordinates":[[[136.12666854694743,36.16121909699234],[136.12666854694743,36.170212300629586],[136.13566175058466,36.170212300629586],[136.13566175058466,36.16121909699234],[136.12666854694743,36.16121909699234]]]}},{"type":"Feature","properties":{"jobs":114,"pop":329,"pointCount":14,"homeWorkCommuteMedian":10741,"workHomeCommuteMedian":9514},"geometry":{"type":"Polygon","coordinates":[[[136.12666854694743,36.170212300629586],[136.12666854694743,36.17920550426683],[136.13566175058466,36.17920550426683],[136.13566175058466,36.170212300629586],[136.12666854694743,36.170212300629586]]]}},{"type":"Feature","properties":{"jobs":1039,"pop":248,"pointCount":5,"homeWorkCommuteMedian":12534,"workHomeCommuteMedian":11313},"geometry":{"type":"Polygon","coordinates":[[[136.12666854694743,36.17920550426683],[136.12666854694743,36.18819870790408],[136.13566175058466,36.18819870790408],[136.13566175058466,36.17920550426683],[136.12666854694743,36.17920550426683]]]}},{"type":"Feature","properties":{"jobs":248,"pop":0,"pointCount":3,"homeWorkCommuteMedian":-1,"workHomeCommuteMedian":22146},"geometry":{"type":"Polygon","coordinates":[[[136.12666854694743,36.18819870790408],[136.12666854694743,36.197191911541324],[136.13566175058466,36.197191911541324],[136.13566175058466,36.18819870790408],[136.12666854694743,36.18819870790408]]]}},{"type":"Feature","properties":{"jobs":34,"pop":0,"pointCount":2,"homeWorkCommuteMedian":-1,"workHomeCommuteMedian":26480},"geometry":{"type":"Polygon","coordinates":[[[136.12666854694743,36.197191911541324],[136.12666854694743,36.20618511517857],[136.13566175058466,36.20618511517857],[136.13566175058466,36.197191911541324],[136.12666854694743,36.197191911541324]]]}},{"type":"Feature","properties":{"jobs":72,"pop":0,"pointCount":2,"homeWorkCommuteMedian":-1,"workHomeCommuteMedian":24452},"geometry":{"type":"Polygon","coordinates":[[[136.12666854694743,36.20618511517857],[136.12666854694743,36.215178318815816],[136.13566175058466,36.215178318815816],[136.13566175058466,36.20618511517857],[136.12666854694743,36.20618511517857]]]}},{"type":"Feature","properties":{"jobs":7,"pop":109,"pointCount":5,"homeWorkCommuteMedian":14466,"workHomeCommuteMedian":338},"geometry":{"type":"Polygon","coordinates":[[[136.12666854694743,36.22417152245306],[136.12666854694743,36.23316472609031],[136.13566175058466,36.23316472609031],[136.13566175058466,36.22417152245306],[136.12666854694743,36.22417152245306]]]}},{"type":"Feature","properties":{"jobs":179,"pop":16,"pointCount":5,"homeWorkCommuteMedian":19784,"workHomeCommuteMedian":9066},"geometry":{"type":"Polygon","coordinates":[[[136.12666854694743,36.23316472609031],[136.12666854694743,36.242157929727554],[136.13566175058466,36.242157929727554],[136.13566175058466,36.23316472609031],[136.12666854694743,36.23316472609031]]]}},{"type":"Feature","properties":{"jobs":23,"pop":448,"pointCount":8,"homeWorkCommuteMedian":12833,"workHomeCommuteMedian":26379},"geometry":{"type":"Polygon","coordinates":[[[136.12666854694743,36.242157929727554],[136.12666854694743,36.2511511333648],[136.13566175058466,36.2511511333648],[136.13566175058466,36.242157929727554],[136.12666854694743,36.242157929727554]]]}},{"type":"Feature","properties":{"jobs":0,"pop":2,"pointCount":1,"homeWorkCommuteMedian":17067,"workHomeCommuteMedian":-1},"geometry":{"type":"Polygon","coordinates":[[[136.13566175058466,35.81947735877699],[136.13566175058466,35.82847056241424],[136.1446549542219,35.82847056241424],[136.1446549542219,35.81947735877699],[136.13566175058466,35.81947735877699]]]}},{"type":"Feature","properties":{"jobs":210,"pop":0,"pointCount":2,"homeWorkCommuteMedian":-1,"workHomeCommuteMedian":10404},"geometry":{"type":"Polygon","coordinates":[[[136.13566175058466,35.85545017332598],[136.13566175058466,35.86444337696322],[136.1446549542219,35.86444337696322],[136.1446549542219,35.85545017332598],[136.13566175058466,35.85545017332598]]]}},{"type":"Feature","properties":{"jobs":451,"pop":495,"pointCount":12,"homeWorkCommuteMedian":7357,"workHomeCommuteMedian":9896},"geometry":{"type":"Polygon","coordinates":[[[136.13566175058466,35.87343658060047],[136.13566175058466,35.882429784237715],[136.1446549542219,35.882429784237715],[136.1446549542219,35.87343658060047],[136.13566175058466,35.87343658060047]]]}},{"type":"Feature","properties":{"jobs":241,"pop":404,"pointCount":12,"homeWorkCommuteMedian":8262,"workHomeCommuteMedian":910},"geometry":{"type":"Polygon","coordinates":[[[136.13566175058466,35.882429784237715],[136.13566175058466,35.89142298787496],[136.1446549542219,35.89142298787496],[136.1446549542219,35.882429784237715],[136.13566175058466,35.882429784237715]]]}},{"type":"Feature","properties":{"jobs":1308,"pop":563,"pointCount":12,"homeWorkCommuteMedian":4474,"workHomeCommuteMedian":7827},"geometry":{"type":"Polygon","coordinates":[[[136.13566175058466,35.89142298787496],[136.13566175058466,35.90041619151221],[136.1446549542219,35.90041619151221],[136.1446549542219,35.89142298787496],[136.13566175058466,35.89142298787496]]]}},{"type":"Feature","properties":{"jobs":635,"pop":986,"pointCount":18,"homeWorkCommuteMedian":4354,"workHomeCommuteMedian":2587},"geometry":{"type":"Polygon","coordinates":[[[136.13566175058466,35.90041619151221],[136.13566175058466,35.90940939514945],[136.1446549542219,35.90940939514945],[136.1446549542219,35.90041619151221],[136.13566175058466,35.90041619151221]]]}},{"type":"Feature","properties":{"jobs":99,"pop":258,"pointCount":5,"homeWorkCommuteMedian":5973,"workHomeCommuteMedian":6776},"geometry":{"type":"Polygon","coordinates":[[[136.13566175058466,35.90940939514945],[136.13566175058466,35.9184025987867],[136.1446549542219,35.9184025987867],[136.1446549542219,35.90940939514945],[136.13566175058466,35.90940939514945]]]}},{"type":"Feature","properties":{"jobs":13,"pop":159,"pointCount":7,"homeWorkCommuteMedian":3754,"workHomeCommuteMedian":7940},"geometry":{"type":"Polygon","coordinates":[[[136.13566175058466,35.9184025987867],[136.13566175058466,35.927395802423945],[136.1446549542219,35.927395802423945],[136.1446549542219,35.9184025987867],[136.13566175058466,35.9184025987867]]]}},{"type":"Feature","properties":{"jobs":37,"pop":203,"pointCount":7,"homeWorkCommuteMedian":5940,"workHomeCommuteMedian":17102},"geometry":{"type":"Polygon","coordinates":[[[136.13566175058466,35.927395802423945],[136.13566175058466,35.93638900606119],[136.1446549542219,35.93638900606119],[136.1446549542219,35.927395802423945],[136.13566175058466,35.927395802423945]]]}},{"type":"Feature","properties":{"jobs":83,"pop":100,"pointCount":3,"homeWorkCommuteMedian":3993,"workHomeCommuteMedian":9623},"geometry":{"type":"Polygon","coordinates":[[[136.13566175058466,35.93638900606119],[136.13566175058466,35.94538220969844],[136.1446549542219,35.94538220969844],[136.1446549542219,35.93638900606119],[136.13566175058466,35.93638900606119]]]}},{"type":"Feature","properties":{"jobs":293,"pop":76,"pointCount":7,"homeWorkCommuteMedian":5402,"workHomeCommuteMedian":6118},"geometry":{"type":"Polygon","coordinates":[[[136.13566175058466,35.94538220969844],[136.13566175058466,35.95437541333568],[136.1446549542219,35.95437541333568],[136.1446549542219,35.94538220969844],[136.13566175058466,35.94538220969844]]]}},{"type":"Feature","properties":{"jobs":46,"pop":241,"pointCount":10,"homeWorkCommuteMedian":4873,"workHomeCommuteMedian":7890},"geometry":{"type":"Polygon","coordinates":[[[136.13566175058466,35.95437541333568],[136.13566175058466,35.96336861697293],[136.1446549542219,35.96336861697293],[136.1446549542219,35.95437541333568],[136.13566175058466,35.95437541333568]]]}},{"type":"Feature","properties":{"jobs":319,"pop":189,"pointCount":7,"homeWorkCommuteMedian":9681,"workHomeCommuteMedian":10165},"geometry":{"type":"Polygon","coordinates":[[[136.13566175058466,35.96336861697293],[136.13566175058466,35.972361820610175],[136.1446549542219,35.972361820610175],[136.1446549542219,35.96336861697293],[136.13566175058466,35.96336861697293]]]}},{"type":"Feature","properties":{"jobs":470,"pop":618,"pointCount":14,"homeWorkCommuteMedian":6045,"workHomeCommuteMedian":2576},"geometry":{"type":"Polygon","coordinates":[[[136.13566175058466,35.972361820610175],[136.13566175058466,35.98135502424742],[136.1446549542219,35.98135502424742],[136.1446549542219,35.972361820610175],[136.13566175058466,35.972361820610175]]]}},{"type":"Feature","properties":{"jobs":69,"pop":328,"pointCount":11,"homeWorkCommuteMedian":5087,"workHomeCommuteMedian":1557},"geometry":{"type":"Polygon","coordinates":[[[136.13566175058466,35.98135502424742],[136.13566175058466,35.99034822788467],[136.1446549542219,35.99034822788467],[136.1446549542219,35.98135502424742],[136.13566175058466,35.98135502424742]]]}},{"type":"Feature","properties":{"jobs":43,"pop":163,"pointCount":4,"homeWorkCommuteMedian":4538,"workHomeCommuteMedian":10813},"geometry":{"type":"Polygon","coordinates":[[[136.13566175058466,35.99034822788467],[136.13566175058466,35.99934143152191],[136.1446549542219,35.99934143152191],[136.1446549542219,35.99034822788467],[136.13566175058466,35.99034822788467]]]}},{"type":"Feature","properties":{"jobs":11,"pop":83,"pointCount":4,"homeWorkCommuteMedian":19102,"workHomeCommuteMedian":105},"geometry":{"type":"Polygon","coordinates":[[[136.13566175058466,35.99934143152191],[136.13566175058466,36.00833463515916],[136.1446549542219,36.00833463515916],[136.1446549542219,35.99934143152191],[136.13566175058466,35.99934143152191]]]}},{"type":"Feature","properties":{"jobs":257,"pop":60,"pointCount":4,"homeWorkCommuteMedian":16741,"workHomeCommuteMedian":15701},"geometry":{"type":"Polygon","coordinates":[[[136.13566175058466,36.00833463515916],[136.13566175058466,36.017327838796405],[136.1446549542219,36.017327838796405],[136.1446549542219,36.00833463515916],[136.13566175058466,36.00833463515916]]]}},{"type":"Feature","properties":{"jobs":928,"pop":34,"pointCount":11,"homeWorkCommuteMedian":16060,"workHomeCommuteMedian":7573},"geometry":{"type":"Polygon","coordinates":[[[136.13566175058466,36.017327838796405],[136.13566175058466,36.02632104243365],[136.1446549542219,36.02632104243365],[136.1446549542219,36.017327838796405],[136.13566175058466,36.017327838796405]]]}},{"type":"Feature","properties":{"jobs":79,"pop":123,"pointCount":7,"homeWorkCommuteMedian":7677,"workHomeCommuteMedian":11472},"geometry":{"type":"Polygon","coordinates":[[[136.13566175058466,36.02632104243365],[136.13566175058466,36.0353142460709],[136.1446549542219,36.0353142460709],[136.1446549542219,36.02632104243365],[136.13566175058466,36.02632104243365]]]}},{"type":"Feature","properties":{"jobs":37,"pop":183,"pointCount":7,"homeWorkCommuteMedian":10538,"workHomeCommuteMedian":9420},"geometry":{"type":"Polygon","coordinates":[[[136.13566175058466,36.0353142460709],[136.13566175058466,36.04430744970814],[136.1446549542219,36.04430744970814],[136.1446549542219,36.0353142460709],[136.13566175058466,36.0353142460709]]]}},{"type":"Feature","properties":{"jobs":0,"pop":67,"pointCount":2,"homeWorkCommuteMedian":15447,"workHomeCommuteMedian":-1},"geometry":{"type":"Polygon","coordinates":[[[136.13566175058466,36.04430744970814],[136.13566175058466,36.05330065334539],[136.1446549542219,36.05330065334539],[136.1446549542219,36.04430744970814],[136.13566175058466,36.04430744970814]]]}},{"type":"Feature","properties":{"jobs":116,"pop":173,"pointCount":4,"homeWorkCommuteMedian":13920,"workHomeCommuteMedian":2709},"geometry":{"type":"Polygon","coordinates":[[[136.13566175058466,36.05330065334539],[136.13566175058466,36.062293856982635],[136.1446549542219,36.062293856982635],[136.1446549542219,36.05330065334539],[136.13566175058466,36.05330065334539]]]}},{"type":"Feature","properties":{"jobs":0,"pop":47,"pointCount":1,"homeWorkCommuteMedian":11835,"workHomeCommuteMedian":-1},"geometry":{"type":"Polygon","coordinates":[[[136.13566175058466,36.08927346789437],[136.13566175058466,36.09826667153162],[136.1446549542219,36.09826667153162],[136.1446549542219,36.08927346789437],[136.13566175058466,36.08927346789437]]]}},{"type":"Feature","properties":{"jobs":20,"pop":62,"pointCount":4,"homeWorkCommuteMedian":10448,"workHomeCommuteMedian":18046},"geometry":{"type":"Polygon","coordinates":[[[136.13566175058466,36.09826667153162],[136.13566175058466,36.107259875168864],[136.1446549542219,36.107259875168864],[136.1446549542219,36.09826667153162],[136.13566175058466,36.09826667153162]]]}},{"type":"Feature","properties":{"jobs":98,"pop":59,"pointCount":6,"homeWorkCommuteMedian":14810,"workHomeCommuteMedian":4485},"geometry":{"type":"Polygon","coordinates":[[[136.13566175058466,36.107259875168864],[136.13566175058466,36.11625307880611],[136.1446549542219,36.11625307880611],[136.1446549542219,36.107259875168864],[136.13566175058466,36.107259875168864]]]}},{"type":"Feature","properties":{"jobs":23,"pop":152,"pointCount":5,"homeWorkCommuteMedian":11448,"workHomeCommuteMedian":47490},"geometry":{"type":"Polygon","coordinates":[[[136.13566175058466,36.11625307880611],[136.13566175058466,36.12524628244336],[136.1446549542219,36.12524628244336],[136.1446549542219,36.11625307880611],[136.13566175058466,36.11625307880611]]]}},{"type":"Feature","properties":{"jobs":101,"pop":51,"pointCount":2,"homeWorkCommuteMedian":14550,"workHomeCommuteMedian":39007},"geometry":{"type":"Polygon","coordinates":[[[136.13566175058466,36.12524628244336],[136.13566175058466,36.1342394860806],[136.1446549542219,36.1342394860806],[136.1446549542219,36.12524628244336],[136.13566175058466,36.12524628244336]]]}},{"type":"Feature","properties":{"jobs":41,"pop":135,"pointCount":4,"homeWorkCommuteMedian":11369,"workHomeCommuteMedian":6099},"geometry":{"type":"Polygon","coordinates":[[[136.13566175058466,36.1342394860806],[136.13566175058466,36.14323268971785],[136.1446549542219,36.14323268971785],[136.1446549542219,36.1342394860806],[136.13566175058466,36.1342394860806]]]}},{"type":"Feature","properties":{"jobs":176,"pop":151,"pointCount":9,"homeWorkCommuteMedian":16325,"workHomeCommuteMedian":5046},"geometry":{"type":"Polygon","coordinates":[[[136.13566175058466,36.14323268971785],[136.13566175058466,36.152225893355094],[136.1446549542219,36.152225893355094],[136.1446549542219,36.14323268971785],[136.13566175058466,36.14323268971785]]]}},{"type":"Feature","properties":{"jobs":71,"pop":129,"pointCount":1,"homeWorkCommuteMedian":11648,"workHomeCommuteMedian":17340},"geometry":{"type":"Polygon","coordinates":[[[136.13566175058466,36.152225893355094],[136.13566175058466,36.16121909699234],[136.1446549542219,36.16121909699234],[136.1446549542219,36.152225893355094],[136.13566175058466,36.152225893355094]]]}},{"type":"Feature","properties":{"jobs":19,"pop":121,"pointCount":8,"homeWorkCommuteMedian":11690,"workHomeCommuteMedian":12017},"geometry":{"type":"Polygon","coordinates":[[[136.13566175058466,36.170212300629586],[136.13566175058466,36.17920550426683],[136.1446549542219,36.17920550426683],[136.1446549542219,36.170212300629586],[136.13566175058466,36.170212300629586]]]}},{"type":"Feature","properties":{"jobs":105,"pop":84,"pointCount":7,"homeWorkCommuteMedian":4317,"workHomeCommuteMedian":11124},"geometry":{"type":"Polygon","coordinates":[[[136.13566175058466,36.17920550426683],[136.13566175058466,36.18819870790408],[136.1446549542219,36.18819870790408],[136.1446549542219,36.17920550426683],[136.13566175058466,36.17920550426683]]]}},{"type":"Feature","properties":{"jobs":336,"pop":19,"pointCount":7,"homeWorkCommuteMedian":4784,"workHomeCommuteMedian":6636},"geometry":{"type":"Polygon","coordinates":[[[136.13566175058466,36.18819870790408],[136.13566175058466,36.197191911541324],[136.1446549542219,36.197191911541324],[136.1446549542219,36.18819870790408],[136.13566175058466,36.18819870790408]]]}},{"type":"Feature","properties":{"jobs":351,"pop":207,"pointCount":10,"homeWorkCommuteMedian":4792,"workHomeCommuteMedian":13560},"geometry":{"type":"Polygon","coordinates":[[[136.13566175058466,36.197191911541324],[136.13566175058466,36.20618511517857],[136.1446549542219,36.20618511517857],[136.1446549542219,36.197191911541324],[136.13566175058466,36.197191911541324]]]}},{"type":"Feature","properties":{"jobs":131,"pop":421,"pointCount":10,"homeWorkCommuteMedian":12432,"workHomeCommuteMedian":17328},"geometry":{"type":"Polygon","coordinates":[[[136.13566175058466,36.20618511517857],[136.13566175058466,36.215178318815816],[136.1446549542219,36.215178318815816],[136.1446549542219,36.20618511517857],[136.13566175058466,36.20618511517857]]]}},{"type":"Feature","properties":{"jobs":319,"pop":791,"pointCount":11,"homeWorkCommuteMedian":8652,"workHomeCommuteMedian":16168},"geometry":{"type":"Polygon","coordinates":[[[136.13566175058466,36.215178318815816],[136.13566175058466,36.22417152245306],[136.1446549542219,36.22417152245306],[136.1446549542219,36.215178318815816],[136.13566175058466,36.215178318815816]]]}},{"type":"Feature","properties":{"jobs":150,"pop":1286,"pointCount":17,"homeWorkCommuteMedian":4549,"workHomeCommuteMedian":557},"geometry":{"type":"Polygon","coordinates":[[[136.13566175058466,36.22417152245306],[136.13566175058466,36.23316472609031],[136.1446549542219,36.23316472609031],[136.1446549542219,36.22417152245306],[136.13566175058466,36.22417152245306]]]}},{"type":"Feature","properties":{"jobs":552,"pop":237,"pointCount":14,"homeWorkCommuteMedian":12134,"workHomeCommuteMedian":3613},"geometry":{"type":"Polygon","coordinates":[[[136.13566175058466,36.23316472609031],[136.13566175058466,36.242157929727554],[136.1446549542219,36.242157929727554],[136.1446549542219,36.23316472609031],[136.13566175058466,36.23316472609031]]]}},{"type":"Feature","properties":{"jobs":51,"pop":130,"pointCount":3,"homeWorkCommuteMedian":13224,"workHomeCommuteMedian":7687},"geometry":{"type":"Polygon","coordinates":[[[136.13566175058466,36.242157929727554],[136.13566175058466,36.2511511333648],[136.1446549542219,36.2511511333648],[136.1446549542219,36.242157929727554],[136.13566175058466,36.242157929727554]]]}},{"type":"Feature","properties":{"jobs":16,"pop":54,"pointCount":2,"homeWorkCommuteMedian":14921,"workHomeCommuteMedian":22782},"geometry":{"type":"Polygon","coordinates":[[[136.13566175058466,36.2511511333648],[136.13566175058466,36.260144337002046],[136.1446549542219,36.260144337002046],[136.1446549542219,36.2511511333648],[136.13566175058466,36.2511511333648]]]}},{"type":"Feature","properties":{"jobs":35,"pop":2,"pointCount":1,"homeWorkCommuteMedian":17537,"workHomeCommuteMedian":46117},"geometry":{"type":"Polygon","coordinates":[[[136.1446549542219,35.72055211876729],[136.1446549542219,35.72954532240453],[136.15364815785912,35.72954532240453],[136.15364815785912,35.72055211876729],[136.1446549542219,35.72055211876729]]]}},{"type":"Feature","properties":{"jobs":0,"pop":18,"pointCount":1,"homeWorkCommuteMedian":7126,"workHomeCommuteMedian":-1},"geometry":{"type":"Polygon","coordinates":[[[136.1446549542219,35.76551813695352],[136.1446549542219,35.77451134059076],[136.15364815785912,35.77451134059076],[136.15364815785912,35.76551813695352],[136.1446549542219,35.76551813695352]]]}},{"type":"Feature","properties":{"jobs":3,"pop":32,"pointCount":1,"homeWorkCommuteMedian":4846,"workHomeCommuteMedian":10127},"geometry":{"type":"Polygon","coordinates":[[[136.1446549542219,35.82847056241424],[136.1446549542219,35.837463766051485],[136.15364815785912,35.837463766051485],[136.15364815785912,35.82847056241424],[136.1446549542219,35.82847056241424]]]}},{"type":"Feature","properties":{"jobs":297,"pop":122,"pointCount":7,"homeWorkCommuteMedian":7730,"workHomeCommuteMedian":11360},"geometry":{"type":"Polygon","coordinates":[[[136.1446549542219,35.85545017332598],[136.1446549542219,35.86444337696322],[136.15364815785912,35.86444337696322],[136.15364815785912,35.85545017332598],[136.1446549542219,35.85545017332598]]]}},{"type":"Feature","properties":{"jobs":49,"pop":122,"pointCount":6,"homeWorkCommuteMedian":7117,"workHomeCommuteMedian":5276},"geometry":{"type":"Polygon","coordinates":[[[136.1446549542219,35.86444337696322],[136.1446549542219,35.87343658060047],[136.15364815785912,35.87343658060047],[136.15364815785912,35.86444337696322],[136.1446549542219,35.86444337696322]]]}},{"type":"Feature","properties":{"jobs":2867,"pop":254,"pointCount":6,"homeWorkCommuteMedian":3629,"workHomeCommuteMedian":7066},"geometry":{"type":"Polygon","coordinates":[[[136.1446549542219,35.87343658060047],[136.1446549542219,35.882429784237715],[136.15364815785912,35.882429784237715],[136.15364815785912,35.87343658060047],[136.1446549542219,35.87343658060047]]]}},{"type":"Feature","properties":{"jobs":47,"pop":313,"pointCount":6,"homeWorkCommuteMedian":14870,"workHomeCommuteMedian":8641},"geometry":{"type":"Polygon","coordinates":[[[136.1446549542219,35.882429784237715],[136.1446549542219,35.89142298787496],[136.15364815785912,35.89142298787496],[136.15364815785912,35.882429784237715],[136.1446549542219,35.882429784237715]]]}},{"type":"Feature","properties":{"jobs":2317,"pop":1628,"pointCount":17,"homeWorkCommuteMedian":4786,"workHomeCommuteMedian":5138},"geometry":{"type":"Polygon","coordinates":[[[136.1446549542219,35.89142298787496],[136.1446549542219,35.90041619151221],[136.15364815785912,35.90041619151221],[136.15364815785912,35.89142298787496],[136.1446549542219,35.89142298787496]]]}},{"type":"Feature","properties":{"jobs":1546,"pop":1097,"pointCount":17,"homeWorkCommuteMedian":4076,"workHomeCommuteMedian":4635},"geometry":{"type":"Polygon","coordinates":[[[136.1446549542219,35.90041619151221],[136.1446549542219,35.90940939514945],[136.15364815785912,35.90940939514945],[136.15364815785912,35.90041619151221],[136.1446549542219,35.90041619151221]]]}},{"type":"Feature","properties":{"jobs":139,"pop":548,"pointCount":5,"homeWorkCommuteMedian":2895,"workHomeCommuteMedian":7505},"geometry":{"type":"Polygon","coordinates":[[[136.1446549542219,35.90940939514945],[136.1446549542219,35.9184025987867],[136.15364815785912,35.9184025987867],[136.15364815785912,35.90940939514945],[136.1446549542219,35.90940939514945]]]}},{"type":"Feature","properties":{"jobs":93,"pop":249,"pointCount":7,"homeWorkCommuteMedian":3064,"workHomeCommuteMedian":3542},"geometry":{"type":"Polygon","coordinates":[[[136.1446549542219,35.9184025987867],[136.1446549542219,35.927395802423945],[136.15364815785912,35.927395802423945],[136.15364815785912,35.9184025987867],[136.1446549542219,35.9184025987867]]]}},{"type":"Feature","properties":{"jobs":27,"pop":18,"pointCount":3,"homeWorkCommuteMedian":6142,"workHomeCommuteMedian":10575},"geometry":{"type":"Polygon","coordinates":[[[136.1446549542219,35.927395802423945],[136.1446549542219,35.93638900606119],[136.15364815785912,35.93638900606119],[136.15364815785912,35.927395802423945],[136.1446549542219,35.927395802423945]]]}},{"type":"Feature","properties":{"jobs":672,"pop":798,"pointCount":16,"homeWorkCommuteMedian":5388,"workHomeCommuteMedian":1912},"geometry":{"type":"Polygon","coordinates":[[[136.1446549542219,35.93638900606119],[136.1446549542219,35.94538220969844],[136.15364815785912,35.94538220969844],[136.15364815785912,35.93638900606119],[136.1446549542219,35.93638900606119]]]}},{"type":"Feature","properties":{"jobs":266,"pop":641,"pointCount":10,"homeWorkCommuteMedian":4604,"workHomeCommuteMedian":7659},"geometry":{"type":"Polygon","coordinates":[[[136.1446549542219,35.94538220969844],[136.1446549542219,35.95437541333568],[136.15364815785912,35.95437541333568],[136.15364815785912,35.94538220969844],[136.1446549542219,35.94538220969844]]]}},{"type":"Feature","properties":{"jobs":34,"pop":320,"pointCount":9,"homeWorkCommuteMedian":7151,"workHomeCommuteMedian":7169},"geometry":{"type":"Polygon","coordinates":[[[136.1446549542219,35.95437541333568],[136.1446549542219,35.96336861697293],[136.15364815785912,35.96336861697293],[136.15364815785912,35.95437541333568],[136.1446549542219,35.95437541333568]]]}},{"type":"Feature","properties":{"jobs":358,"pop":779,"pointCount":11,"homeWorkCommuteMedian":4305,"workHomeCommuteMedian":5349},"geometry":{"type":"Polygon","coordinates":[[[136.1446549542219,35.96336861697293],[136.1446549542219,35.972361820610175],[136.15364815785912,35.972361820610175],[136.15364815785912,35.96336861697293],[136.1446549542219,35.96336861697293]]]}},{"type":"Feature","properties":{"jobs":1051,"pop":320,"pointCount":12,"homeWorkCommuteMedian":7989,"workHomeCommuteMedian":4874},"geometry":{"type":"Polygon","coordinates":[[[136.1446549542219,35.972361820610175],[136.1446549542219,35.98135502424742],[136.15364815785912,35.98135502424742],[136.15364815785912,35.972361820610175],[136.1446549542219,35.972361820610175]]]}},{"type":"Feature","properties":{"jobs":221,"pop":250,"pointCount":6,"homeWorkCommuteMedian":10585,"workHomeCommuteMedian":13520},"geometry":{"type":"Polygon","coordinates":[[[136.1446549542219,35.98135502424742],[136.1446549542219,35.99034822788467],[136.15364815785912,35.99034822788467],[136.15364815785912,35.98135502424742],[136.1446549542219,35.98135502424742]]]}},{"type":"Feature","properties":{"jobs":33,"pop":54,"pointCount":3,"homeWorkCommuteMedian":24527,"workHomeCommuteMedian":6578},"geometry":{"type":"Polygon","coordinates":[[[136.1446549542219,35.99034822788467],[136.1446549542219,35.99934143152191],[136.15364815785912,35.99934143152191],[136.15364815785912,35.99034822788467],[136.1446549542219,35.99034822788467]]]}},{"type":"Feature","properties":{"jobs":35,"pop":149,"pointCount":4,"homeWorkCommuteMedian":8744,"workHomeCommuteMedian":5553},"geometry":{"type":"Polygon","coordinates":[[[136.1446549542219,35.99934143152191],[136.1446549542219,36.00833463515916],[136.15364815785912,36.00833463515916],[136.15364815785912,35.99934143152191],[136.1446549542219,35.99934143152191]]]}},{"type":"Feature","properties":{"jobs":121,"pop":170,"pointCount":6,"homeWorkCommuteMedian":14098,"workHomeCommuteMedian":2854},"geometry":{"type":"Polygon","coordinates":[[[136.1446549542219,36.00833463515916],[136.1446549542219,36.017327838796405],[136.15364815785912,36.017327838796405],[136.15364815785912,36.00833463515916],[136.1446549542219,36.00833463515916]]]}},{"type":"Feature","properties":{"jobs":59,"pop":136,"pointCount":6,"homeWorkCommuteMedian":6824,"workHomeCommuteMedian":31474},"geometry":{"type":"Polygon","coordinates":[[[136.1446549542219,36.017327838796405],[136.1446549542219,36.02632104243365],[136.15364815785912,36.02632104243365],[136.15364815785912,36.017327838796405],[136.1446549542219,36.017327838796405]]]}},{"type":"Feature","properties":{"jobs":372,"pop":0,"pointCount":2,"homeWorkCommuteMedian":-1,"workHomeCommuteMedian":21927},"geometry":{"type":"Polygon","coordinates":[[[136.1446549542219,36.02632104243365],[136.1446549542219,36.0353142460709],[136.15364815785912,36.0353142460709],[136.15364815785912,36.02632104243365],[136.1446549542219,36.02632104243365]]]}},{"type":"Feature","properties":{"jobs":173,"pop":100,"pointCount":6,"homeWorkCommuteMedian":11718,"workHomeCommuteMedian":1893},"geometry":{"type":"Polygon","coordinates":[[[136.1446549542219,36.0353142460709],[136.1446549542219,36.04430744970814],[136.15364815785912,36.04430744970814],[136.15364815785912,36.0353142460709],[136.1446549542219,36.0353142460709]]]}},{"type":"Feature","properties":{"jobs":0,"pop":20,"pointCount":1,"homeWorkCommuteMedian":28550,"workHomeCommuteMedian":-1},"geometry":{"type":"Polygon","coordinates":[[[136.1446549542219,36.04430744970814],[136.1446549542219,36.05330065334539],[136.15364815785912,36.05330065334539],[136.15364815785912,36.04430744970814],[136.1446549542219,36.04430744970814]]]}},{"type":"Feature","properties":{"jobs":31,"pop":245,"pointCount":6,"homeWorkCommuteMedian":8222,"workHomeCommuteMedian":16303},"geometry":{"type":"Polygon","coordinates":[[[136.1446549542219,36.05330065334539],[136.1446549542219,36.062293856982635],[136.15364815785912,36.062293856982635],[136.15364815785912,36.05330065334539],[136.1446549542219,36.05330065334539]]]}},{"type":"Feature","properties":{"jobs":0,"pop":101,"pointCount":3,"homeWorkCommuteMedian":17691,"workHomeCommuteMedian":-1},"geometry":{"type":"Polygon","coordinates":[[[136.1446549542219,36.062293856982635],[136.1446549542219,36.07128706061988],[136.15364815785912,36.07128706061988],[136.15364815785912,36.062293856982635],[136.1446549542219,36.062293856982635]]]}},{"type":"Feature","properties":{"jobs":19,"pop":37,"pointCount":2,"homeWorkCommuteMedian":4662,"workHomeCommuteMedian":13694},"geometry":{"type":"Polygon","coordinates":[[[136.1446549542219,36.107259875168864],[136.1446549542219,36.11625307880611],[136.15364815785912,36.11625307880611],[136.15364815785912,36.107259875168864],[136.1446549542219,36.107259875168864]]]}},{"type":"Feature","properties":{"jobs":0,"pop":17,"pointCount":1,"homeWorkCommuteMedian":16842,"workHomeCommuteMedian":-1},"geometry":{"type":"Polygon","coordinates":[[[136.1446549542219,36.12524628244336],[136.1446549542219,36.1342394860806],[136.15364815785912,36.1342394860806],[136.15364815785912,36.12524628244336],[136.1446549542219,36.12524628244336]]]}},{"type":"Feature","properties":{"jobs":33,"pop":83,"pointCount":4,"homeWorkCommuteMedian":17458,"workHomeCommuteMedian":11419},"geometry":{"type":"Polygon","coordinates":[[[136.1446549542219,36.1342394860806],[136.1446549542219,36.14323268971785],[136.15364815785912,36.14323268971785],[136.15364815785912,36.1342394860806],[136.1446549542219,36.1342394860806]]]}},{"type":"Feature","properties":{"jobs":445,"pop":374,"pointCount":12,"homeWorkCommuteMedian":16234,"workHomeCommuteMedian":10542},"geometry":{"type":"Polygon","coordinates":[[[136.1446549542219,36.14323268971785],[136.1446549542219,36.152225893355094],[136.15364815785912,36.152225893355094],[136.15364815785912,36.14323268971785],[136.1446549542219,36.14323268971785]]]}},{"type":"Feature","properties":{"jobs":37,"pop":126,"pointCount":3,"homeWorkCommuteMedian":17130,"workHomeCommuteMedian":16447},"geometry":{"type":"Polygon","coordinates":[[[136.1446549542219,36.152225893355094],[136.1446549542219,36.16121909699234],[136.15364815785912,36.16121909699234],[136.15364815785912,36.152225893355094],[136.1446549542219,36.152225893355094]]]}},{"type":"Feature","properties":{"jobs":9,"pop":151,"pointCount":7,"homeWorkCommuteMedian":11717,"workHomeCommuteMedian":5160},"geometry":{"type":"Polygon","coordinates":[[[136.1446549542219,36.16121909699234],[136.1446549542219,36.170212300629586],[136.15364815785912,36.170212300629586],[136.15364815785912,36.16121909699234],[136.1446549542219,36.16121909699234]]]}},{"type":"Feature","properties":{"jobs":0,"pop":75,"pointCount":1,"homeWorkCommuteMedian":6427,"workHomeCommuteMedian":-1},"geometry":{"type":"Polygon","coordinates":[[[136.1446549542219,36.170212300629586],[136.1446549542219,36.17920550426683],[136.15364815785912,36.17920550426683],[136.15364815785912,36.170212300629586],[136.1446549542219,36.170212300629586]]]}},{"type":"Feature","properties":{"jobs":29,"pop":89,"pointCount":5,"homeWorkCommuteMedian":8291,"workHomeCommuteMedian":9608},"geometry":{"type":"Polygon","coordinates":[[[136.1446549542219,36.17920550426683],[136.1446549542219,36.18819870790408],[136.15364815785912,36.18819870790408],[136.15364815785912,36.17920550426683],[136.1446549542219,36.17920550426683]]]}},{"type":"Feature","properties":{"jobs":43,"pop":58,"pointCount":5,"homeWorkCommuteMedian":19952,"workHomeCommuteMedian":15325},"geometry":{"type":"Polygon","coordinates":[[[136.1446549542219,36.18819870790408],[136.1446549542219,36.197191911541324],[136.15364815785912,36.197191911541324],[136.15364815785912,36.18819870790408],[136.1446549542219,36.18819870790408]]]}},{"type":"Feature","properties":{"jobs":113,"pop":115,"pointCount":4,"homeWorkCommuteMedian":17638,"workHomeCommuteMedian":6763},"geometry":{"type":"Polygon","coordinates":[[[136.1446549542219,36.197191911541324],[136.1446549542219,36.20618511517857],[136.15364815785912,36.20618511517857],[136.15364815785912,36.197191911541324],[136.1446549542219,36.197191911541324]]]}},{"type":"Feature","properties":{"jobs":315,"pop":483,"pointCount":6,"homeWorkCommuteMedian":10978,"workHomeCommuteMedian":14071},"geometry":{"type":"Polygon","coordinates":[[[136.1446549542219,36.20618511517857],[136.1446549542219,36.215178318815816],[136.15364815785912,36.215178318815816],[136.15364815785912,36.20618511517857],[136.1446549542219,36.20618511517857]]]}},{"type":"Feature","properties":{"jobs":1311,"pop":1455,"pointCount":19,"homeWorkCommuteMedian":4495,"workHomeCommuteMedian":5175},"geometry":{"type":"Polygon","coordinates":[[[136.1446549542219,36.215178318815816],[136.1446549542219,36.22417152245306],[136.15364815785912,36.22417152245306],[136.15364815785912,36.215178318815816],[136.1446549542219,36.215178318815816]]]}},{"type":"Feature","properties":{"jobs":176,"pop":1164,"pointCount":14,"homeWorkCommuteMedian":7804,"workHomeCommuteMedian":10486},"geometry":{"type":"Polygon","coordinates":[[[136.1446549542219,36.22417152245306],[136.1446549542219,36.23316472609031],[136.15364815785912,36.23316472609031],[136.15364815785912,36.22417152245306],[136.1446549542219,36.22417152245306]]]}},{"type":"Feature","properties":{"jobs":0,"pop":21,"pointCount":1,"homeWorkCommuteMedian":23378,"workHomeCommuteMedian":-1},"geometry":{"type":"Polygon","coordinates":[[[136.1446549542219,36.23316472609031],[136.1446549542219,36.242157929727554],[136.15364815785912,36.242157929727554],[136.15364815785912,36.23316472609031],[136.1446549542219,36.23316472609031]]]}},{"type":"Feature","properties":{"jobs":36,"pop":32,"pointCount":3,"homeWorkCommuteMedian":27046,"workHomeCommuteMedian":1359},"geometry":{"type":"Polygon","coordinates":[[[136.1446549542219,36.242157929727554],[136.1446549542219,36.2511511333648],[136.15364815785912,36.2511511333648],[136.15364815785912,36.242157929727554],[136.1446549542219,36.242157929727554]]]}},{"type":"Feature","properties":{"jobs":904,"pop":52,"pointCount":5,"homeWorkCommuteMedian":6590,"workHomeCommuteMedian":26764},"geometry":{"type":"Polygon","coordinates":[[[136.1446549542219,36.2511511333648],[136.1446549542219,36.260144337002046],[136.15364815785912,36.260144337002046],[136.15364815785912,36.2511511333648],[136.1446549542219,36.2511511333648]]]}},{"type":"Feature","properties":{"jobs":0,"pop":10,"pointCount":1,"homeWorkCommuteMedian":14313,"workHomeCommuteMedian":-1},"geometry":{"type":"Polygon","coordinates":[[[136.15364815785912,35.747531729679025],[136.15364815785912,35.75652493331627],[136.16264136149636,35.75652493331627],[136.16264136149636,35.747531729679025],[136.15364815785912,35.747531729679025]]]}},{"type":"Feature","properties":{"jobs":37,"pop":78,"pointCount":5,"homeWorkCommuteMedian":6873,"workHomeCommuteMedian":8428},"geometry":{"type":"Polygon","coordinates":[[[136.15364815785912,35.84645696968873],[136.15364815785912,35.85545017332598],[136.16264136149636,35.85545017332598],[136.16264136149636,35.84645696968873],[136.15364815785912,35.84645696968873]]]}},{"type":"Feature","properties":{"jobs":23,"pop":112,"pointCount":3,"homeWorkCommuteMedian":7064,"workHomeCommuteMedian":17714},"geometry":{"type":"Polygon","coordinates":[[[136.15364815785912,35.85545017332598],[136.15364815785912,35.86444337696322],[136.16264136149636,35.86444337696322],[136.16264136149636,35.85545017332598],[136.15364815785912,35.85545017332598]]]}},{"type":"Feature","properties":{"jobs":480,"pop":583,"pointCount":11,"homeWorkCommuteMedian":6574,"workHomeCommuteMedian":3207},"geometry":{"type":"Polygon","coordinates":[[[136.15364815785912,35.86444337696322],[136.15364815785912,35.87343658060047],[136.16264136149636,35.87343658060047],[136.16264136149636,35.86444337696322],[136.15364815785912,35.86444337696322]]]}},{"type":"Feature","properties":{"jobs":455,"pop":788,"pointCount":12,"homeWorkCommuteMedian":3943,"workHomeCommuteMedian":6896},"geometry":{"type":"Polygon","coordinates":[[[136.15364815785912,35.87343658060047],[136.15364815785912,35.882429784237715],[136.16264136149636,35.882429784237715],[136.16264136149636,35.87343658060047],[136.15364815785912,35.87343658060047]]]}},{"type":"Feature","properties":{"jobs":1829,"pop":1733,"pointCount":19,"homeWorkCommuteMedian":3034,"workHomeCommuteMedian":2702},"geometry":{"type":"Polygon","coordinates":[[[136.15364815785912,35.882429784237715],[136.15364815785912,35.89142298787496],[136.16264136149636,35.89142298787496],[136.16264136149636,35.882429784237715],[136.15364815785912,35.882429784237715]]]}},{"type":"Feature","properties":{"jobs":1050,"pop":1628,"pointCount":20,"homeWorkCommuteMedian":3200,"workHomeCommuteMedian":6957},"geometry":{"type":"Polygon","coordinates":[[[136.15364815785912,35.89142298787496],[136.15364815785912,35.90041619151221],[136.16264136149636,35.90041619151221],[136.16264136149636,35.89142298787496],[136.15364815785912,35.89142298787496]]]}},{"type":"Feature","properties":{"jobs":3231,"pop":1722,"pointCount":24,"homeWorkCommuteMedian":3354,"workHomeCommuteMedian":3806},"geometry":{"type":"Polygon","coordinates":[[[136.15364815785912,35.90041619151221],[136.15364815785912,35.90940939514945],[136.16264136149636,35.90940939514945],[136.16264136149636,35.90041619151221],[136.15364815785912,35.90041619151221]]]}},{"type":"Feature","properties":{"jobs":1052,"pop":1033,"pointCount":14,"homeWorkCommuteMedian":3821,"workHomeCommuteMedian":7173},"geometry":{"type":"Polygon","coordinates":[[[136.15364815785912,35.90940939514945],[136.15364815785912,35.9184025987867],[136.16264136149636,35.9184025987867],[136.16264136149636,35.90940939514945],[136.15364815785912,35.90940939514945]]]}},{"type":"Feature","properties":{"jobs":1707,"pop":1863,"pointCount":21,"homeWorkCommuteMedian":5242,"workHomeCommuteMedian":4735},"geometry":{"type":"Polygon","coordinates":[[[136.15364815785912,35.9184025987867],[136.15364815785912,35.927395802423945],[136.16264136149636,35.927395802423945],[136.16264136149636,35.9184025987867],[136.15364815785912,35.9184025987867]]]}},{"type":"Feature","properties":{"jobs":755,"pop":531,"pointCount":10,"homeWorkCommuteMedian":4664,"workHomeCommuteMedian":6683},"geometry":{"type":"Polygon","coordinates":[[[136.15364815785912,35.927395802423945],[136.15364815785912,35.93638900606119],[136.16264136149636,35.93638900606119],[136.16264136149636,35.927395802423945],[136.15364815785912,35.927395802423945]]]}},{"type":"Feature","properties":{"jobs":52,"pop":486,"pointCount":13,"homeWorkCommuteMedian":5190,"workHomeCommuteMedian":4174},"geometry":{"type":"Polygon","coordinates":[[[136.15364815785912,35.93638900606119],[136.15364815785912,35.94538220969844],[136.16264136149636,35.94538220969844],[136.16264136149636,35.93638900606119],[136.15364815785912,35.93638900606119]]]}},{"type":"Feature","properties":{"jobs":452,"pop":494,"pointCount":13,"homeWorkCommuteMedian":6720,"workHomeCommuteMedian":5750},"geometry":{"type":"Polygon","coordinates":[[[136.15364815785912,35.94538220969844],[136.15364815785912,35.95437541333568],[136.16264136149636,35.95437541333568],[136.16264136149636,35.94538220969844],[136.15364815785912,35.94538220969844]]]}},{"type":"Feature","properties":{"jobs":464,"pop":556,"pointCount":8,"homeWorkCommuteMedian":3911,"workHomeCommuteMedian":1775},"geometry":{"type":"Polygon","coordinates":[[[136.15364815785912,35.95437541333568],[136.15364815785912,35.96336861697293],[136.16264136149636,35.96336861697293],[136.16264136149636,35.95437541333568],[136.15364815785912,35.95437541333568]]]}},{"type":"Feature","properties":{"jobs":275,"pop":830,"pointCount":14,"homeWorkCommuteMedian":5601,"workHomeCommuteMedian":6132},"geometry":{"type":"Polygon","coordinates":[[[136.15364815785912,35.96336861697293],[136.15364815785912,35.972361820610175],[136.16264136149636,35.972361820610175],[136.16264136149636,35.96336861697293],[136.15364815785912,35.96336861697293]]]}},{"type":"Feature","properties":{"jobs":378,"pop":887,"pointCount":16,"homeWorkCommuteMedian":6929,"workHomeCommuteMedian":4093},"geometry":{"type":"Polygon","coordinates":[[[136.15364815785912,35.972361820610175],[136.15364815785912,35.98135502424742],[136.16264136149636,35.98135502424742],[136.16264136149636,35.972361820610175],[136.15364815785912,35.972361820610175]]]}},{"type":"Feature","properties":{"jobs":0,"pop":11,"pointCount":1,"homeWorkCommuteMedian":16711,"workHomeCommuteMedian":-1},"geometry":{"type":"Polygon","coordinates":[[[136.15364815785912,35.98135502424742],[136.15364815785912,35.99034822788467],[136.16264136149636,35.99034822788467],[136.16264136149636,35.98135502424742],[136.15364815785912,35.98135502424742]]]}},{"type":"Feature","properties":{"jobs":319,"pop":0,"pointCount":3,"homeWorkCommuteMedian":-1,"workHomeCommuteMedian":11268},"geometry":{"type":"Polygon","coordinates":[[[136.15364815785912,35.99034822788467],[136.15364815785912,35.99934143152191],[136.16264136149636,35.99934143152191],[136.16264136149636,35.99034822788467],[136.15364815785912,35.99034822788467]]]}},{"type":"Feature","properties":{"jobs":0,"pop":158,"pointCount":4,"homeWorkCommuteMedian":9628,"workHomeCommuteMedian":-1},"geometry":{"type":"Polygon","coordinates":[[[136.15364815785912,35.99934143152191],[136.15364815785912,36.00833463515916],[136.16264136149636,36.00833463515916],[136.16264136149636,35.99934143152191],[136.15364815785912,35.99934143152191]]]}},{"type":"Feature","properties":{"jobs":21,"pop":89,"pointCount":4,"homeWorkCommuteMedian":13434,"workHomeCommuteMedian":16190},"geometry":{"type":"Polygon","coordinates":[[[136.15364815785912,36.00833463515916],[136.15364815785912,36.017327838796405],[136.16264136149636,36.017327838796405],[136.16264136149636,36.00833463515916],[136.15364815785912,36.00833463515916]]]}},{"type":"Feature","properties":{"jobs":18,"pop":139,"pointCount":5,"homeWorkCommuteMedian":9233,"workHomeCommuteMedian":36097},"geometry":{"type":"Polygon","coordinates":[[[136.15364815785912,36.017327838796405],[136.15364815785912,36.02632104243365],[136.16264136149636,36.02632104243365],[136.16264136149636,36.017327838796405],[136.15364815785912,36.017327838796405]]]}},{"type":"Feature","properties":{"jobs":245,"pop":0,"pointCount":3,"homeWorkCommuteMedian":-1,"workHomeCommuteMedian":9786},"geometry":{"type":"Polygon","coordinates":[[[136.15364815785912,36.02632104243365],[136.15364815785912,36.0353142460709],[136.16264136149636,36.0353142460709],[136.16264136149636,36.02632104243365],[136.15364815785912,36.02632104243365]]]}},{"type":"Feature","properties":{"jobs":338,"pop":145,"pointCount":8,"homeWorkCommuteMedian":14106,"workHomeCommuteMedian":10605},"geometry":{"type":"Polygon","coordinates":[[[136.15364815785912,36.0353142460709],[136.15364815785912,36.04430744970814],[136.16264136149636,36.04430744970814],[136.16264136149636,36.0353142460709],[136.15364815785912,36.0353142460709]]]}},{"type":"Feature","properties":{"jobs":108,"pop":462,"pointCount":8,"homeWorkCommuteMedian":6433,"workHomeCommuteMedian":19464},"geometry":{"type":"Polygon","coordinates":[[[136.15364815785912,36.04430744970814],[136.15364815785912,36.05330065334539],[136.16264136149636,36.05330065334539],[136.16264136149636,36.04430744970814],[136.15364815785912,36.04430744970814]]]}},{"type":"Feature","properties":{"jobs":11,"pop":60,"pointCount":3,"homeWorkCommuteMedian":7092,"workHomeCommuteMedian":20557},"geometry":{"type":"Polygon","coordinates":[[[136.15364815785912,36.05330065334539],[136.15364815785912,36.062293856982635],[136.16264136149636,36.062293856982635],[136.16264136149636,36.05330065334539],[136.15364815785912,36.05330065334539]]]}},{"type":"Feature","properties":{"jobs":25,"pop":60,"pointCount":4,"homeWorkCommuteMedian":10161,"workHomeCommuteMedian":18201},"geometry":{"type":"Polygon","coordinates":[[[136.15364815785912,36.062293856982635],[136.15364815785912,36.07128706061988],[136.16264136149636,36.07128706061988],[136.16264136149636,36.062293856982635],[136.15364815785912,36.062293856982635]]]}},{"type":"Feature","properties":{"jobs":0,"pop":10,"pointCount":1,"homeWorkCommuteMedian":10563,"workHomeCommuteMedian":-1},"geometry":{"type":"Polygon","coordinates":[[[136.15364815785912,36.09826667153162],[136.15364815785912,36.107259875168864],[136.16264136149636,36.107259875168864],[136.16264136149636,36.09826667153162],[136.15364815785912,36.09826667153162]]]}},{"type":"Feature","properties":{"jobs":12,"pop":191,"pointCount":3,"homeWorkCommuteMedian":12691,"workHomeCommuteMedian":8910},"geometry":{"type":"Polygon","coordinates":[[[136.15364815785912,36.12524628244336],[136.15364815785912,36.1342394860806],[136.16264136149636,36.1342394860806],[136.16264136149636,36.12524628244336],[136.15364815785912,36.12524628244336]]]}},{"type":"Feature","properties":{"jobs":212,"pop":160,"pointCount":9,"homeWorkCommuteMedian":12711,"workHomeCommuteMedian":10407},"geometry":{"type":"Polygon","coordinates":[[[136.15364815785912,36.1342394860806],[136.15364815785912,36.14323268971785],[136.16264136149636,36.14323268971785],[136.16264136149636,36.1342394860806],[136.15364815785912,36.1342394860806]]]}},{"type":"Feature","properties":{"jobs":142,"pop":269,"pointCount":10,"homeWorkCommuteMedian":18705,"workHomeCommuteMedian":14246},"geometry":{"type":"Polygon","coordinates":[[[136.15364815785912,36.14323268971785],[136.15364815785912,36.152225893355094],[136.16264136149636,36.152225893355094],[136.16264136149636,36.14323268971785],[136.15364815785912,36.14323268971785]]]}},{"type":"Feature","properties":{"jobs":18,"pop":64,"pointCount":3,"homeWorkCommuteMedian":11140,"workHomeCommuteMedian":12227},"geometry":{"type":"Polygon","coordinates":[[[136.15364815785912,36.152225893355094],[136.15364815785912,36.16121909699234],[136.16264136149636,36.16121909699234],[136.16264136149636,36.152225893355094],[136.15364815785912,36.152225893355094]]]}},{"type":"Feature","properties":{"jobs":18,"pop":217,"pointCount":4,"homeWorkCommuteMedian":5080,"workHomeCommuteMedian":1223},"geometry":{"type":"Polygon","coordinates":[[[136.15364815785912,36.16121909699234],[136.15364815785912,36.170212300629586],[136.16264136149636,36.170212300629586],[136.16264136149636,36.16121909699234],[136.15364815785912,36.16121909699234]]]}},{"type":"Feature","properties":{"jobs":88,"pop":270,"pointCount":6,"homeWorkCommuteMedian":4361,"workHomeCommuteMedian":888},"geometry":{"type":"Polygon","coordinates":[[[136.15364815785912,36.170212300629586],[136.15364815785912,36.17920550426683],[136.16264136149636,36.17920550426683],[136.16264136149636,36.170212300629586],[136.15364815785912,36.170212300629586]]]}},{"type":"Feature","properties":{"jobs":67,"pop":43,"pointCount":3,"homeWorkCommuteMedian":4753,"workHomeCommuteMedian":17621},"geometry":{"type":"Polygon","coordinates":[[[136.15364815785912,36.17920550426683],[136.15364815785912,36.18819870790408],[136.16264136149636,36.18819870790408],[136.16264136149636,36.17920550426683],[136.15364815785912,36.17920550426683]]]}},{"type":"Feature","properties":{"jobs":39,"pop":56,"pointCount":3,"homeWorkCommuteMedian":7788,"workHomeCommuteMedian":24517},"geometry":{"type":"Polygon","coordinates":[[[136.15364815785912,36.18819870790408],[136.15364815785912,36.197191911541324],[136.16264136149636,36.197191911541324],[136.16264136149636,36.18819870790408],[136.15364815785912,36.18819870790408]]]}},{"type":"Feature","properties":{"jobs":372,"pop":329,"pointCount":15,"homeWorkCommuteMedian":5322,"workHomeCommuteMedian":12807},"geometry":{"type":"Polygon","coordinates":[[[136.15364815785912,36.197191911541324],[136.15364815785912,36.20618511517857],[136.16264136149636,36.20618511517857],[136.16264136149636,36.197191911541324],[136.15364815785912,36.197191911541324]]]}},{"type":"Feature","properties":{"jobs":1082,"pop":867,"pointCount":21,"homeWorkCommuteMedian":6081,"workHomeCommuteMedian":5240},"geometry":{"type":"Polygon","coordinates":[[[136.15364815785912,36.20618511517857],[136.15364815785912,36.215178318815816],[136.16264136149636,36.215178318815816],[136.16264136149636,36.20618511517857],[136.15364815785912,36.20618511517857]]]}},{"type":"Feature","properties":{"jobs":1455,"pop":679,"pointCount":17,"homeWorkCommuteMedian":14152,"workHomeCommuteMedian":5451},"geometry":{"type":"Polygon","coordinates":[[[136.15364815785912,36.215178318815816],[136.15364815785912,36.22417152245306],[136.16264136149636,36.22417152245306],[136.16264136149636,36.215178318815816],[136.15364815785912,36.215178318815816]]]}},{"type":"Feature","properties":{"jobs":116,"pop":275,"pointCount":10,"homeWorkCommuteMedian":2236,"workHomeCommuteMedian":4451},"geometry":{"type":"Polygon","coordinates":[[[136.15364815785912,36.22417152245306],[136.15364815785912,36.23316472609031],[136.16264136149636,36.23316472609031],[136.16264136149636,36.22417152245306],[136.15364815785912,36.22417152245306]]]}},{"type":"Feature","properties":{"jobs":63,"pop":13,"pointCount":2,"homeWorkCommuteMedian":11151,"workHomeCommuteMedian":9964},"geometry":{"type":"Polygon","coordinates":[[[136.15364815785912,36.23316472609031],[136.15364815785912,36.242157929727554],[136.16264136149636,36.242157929727554],[136.16264136149636,36.23316472609031],[136.15364815785912,36.23316472609031]]]}},{"type":"Feature","properties":{"jobs":93,"pop":170,"pointCount":3,"homeWorkCommuteMedian":5240,"workHomeCommuteMedian":1755},"geometry":{"type":"Polygon","coordinates":[[[136.15364815785912,36.242157929727554],[136.15364815785912,36.2511511333648],[136.16264136149636,36.2511511333648],[136.16264136149636,36.242157929727554],[136.15364815785912,36.242157929727554]]]}},{"type":"Feature","properties":{"jobs":0,"pop":21,"pointCount":1,"homeWorkCommuteMedian":43949,"workHomeCommuteMedian":-1},"geometry":{"type":"Polygon","coordinates":[[[136.16264136149636,35.75652493331627],[136.16264136149636,35.76551813695352],[136.1716345651336,35.76551813695352],[136.1716345651336,35.75652493331627],[136.16264136149636,35.75652493331627]]]}},{"type":"Feature","properties":{"jobs":15,"pop":0,"pointCount":1,"homeWorkCommuteMedian":-1,"workHomeCommuteMedian":21542},"geometry":{"type":"Polygon","coordinates":[[[136.16264136149636,35.8014909515025],[136.16264136149636,35.81048415513975],[136.1716345651336,35.81048415513975],[136.1716345651336,35.8014909515025],[136.16264136149636,35.8014909515025]]]}},{"type":"Feature","properties":{"jobs":0,"pop":25,"pointCount":1,"homeWorkCommuteMedian":9025,"workHomeCommuteMedian":-1},"geometry":{"type":"Polygon","coordinates":[[[136.16264136149636,35.81048415513975],[136.16264136149636,35.81947735877699],[136.1716345651336,35.81947735877699],[136.1716345651336,35.81048415513975],[136.16264136149636,35.81048415513975]]]}},{"type":"Feature","properties":{"jobs":0,"pop":13,"pointCount":1,"homeWorkCommuteMedian":8401,"workHomeCommuteMedian":-1},"geometry":{"type":"Polygon","coordinates":[[[136.16264136149636,35.837463766051485],[136.16264136149636,35.84645696968873],[136.1716345651336,35.84645696968873],[136.1716345651336,35.837463766051485],[136.16264136149636,35.837463766051485]]]}},{"type":"Feature","properties":{"jobs":51,"pop":85,"pointCount":6,"homeWorkCommuteMedian":13569,"workHomeCommuteMedian":3440},"geometry":{"type":"Polygon","coordinates":[[[136.16264136149636,35.84645696968873],[136.16264136149636,35.85545017332598],[136.1716345651336,35.85545017332598],[136.1716345651336,35.84645696968873],[136.16264136149636,35.84645696968873]]]}},{"type":"Feature","properties":{"jobs":732,"pop":324,"pointCount":14,"homeWorkCommuteMedian":6392,"workHomeCommuteMedian":7917},"geometry":{"type":"Polygon","coordinates":[[[136.16264136149636,35.85545017332598],[136.16264136149636,35.86444337696322],[136.1716345651336,35.86444337696322],[136.1716345651336,35.85545017332598],[136.16264136149636,35.85545017332598]]]}},{"type":"Feature","properties":{"jobs":624,"pop":1050,"pointCount":15,"homeWorkCommuteMedian":6470,"workHomeCommuteMedian":2105},"geometry":{"type":"Polygon","coordinates":[[[136.16264136149636,35.86444337696322],[136.16264136149636,35.87343658060047],[136.1716345651336,35.87343658060047],[136.1716345651336,35.86444337696322],[136.16264136149636,35.86444337696322]]]}},{"type":"Feature","properties":{"jobs":231,"pop":726,"pointCount":10,"homeWorkCommuteMedian":5294,"workHomeCommuteMedian":5117},"geometry":{"type":"Polygon","coordinates":[[[136.16264136149636,35.87343658060047],[136.16264136149636,35.882429784237715],[136.1716345651336,35.882429784237715],[136.1716345651336,35.87343658060047],[136.16264136149636,35.87343658060047]]]}},{"type":"Feature","properties":{"jobs":369,"pop":1028,"pointCount":14,"homeWorkCommuteMedian":3611,"workHomeCommuteMedian":4908},"geometry":{"type":"Polygon","coordinates":[[[136.16264136149636,35.882429784237715],[136.16264136149636,35.89142298787496],[136.1716345651336,35.89142298787496],[136.1716345651336,35.882429784237715],[136.16264136149636,35.882429784237715]]]}},{"type":"Feature","properties":{"jobs":1862,"pop":1911,"pointCount":22,"homeWorkCommuteMedian":4811,"workHomeCommuteMedian":2895},"geometry":{"type":"Polygon","coordinates":[[[136.16264136149636,35.89142298787496],[136.16264136149636,35.90041619151221],[136.1716345651336,35.90041619151221],[136.1716345651336,35.89142298787496],[136.16264136149636,35.89142298787496]]]}},{"type":"Feature","properties":{"jobs":3609,"pop":1967,"pointCount":21,"homeWorkCommuteMedian":4848,"workHomeCommuteMedian":4486},"geometry":{"type":"Polygon","coordinates":[[[136.16264136149636,35.90041619151221],[136.16264136149636,35.90940939514945],[136.1716345651336,35.90940939514945],[136.1716345651336,35.90041619151221],[136.16264136149636,35.90041619151221]]]}},{"type":"Feature","properties":{"jobs":1949,"pop":1002,"pointCount":15,"homeWorkCommuteMedian":4369,"workHomeCommuteMedian":4886},"geometry":{"type":"Polygon","coordinates":[[[136.16264136149636,35.90940939514945],[136.16264136149636,35.9184025987867],[136.1716345651336,35.9184025987867],[136.1716345651336,35.90940939514945],[136.16264136149636,35.90940939514945]]]}},{"type":"Feature","properties":{"jobs":625,"pop":1592,"pointCount":18,"homeWorkCommuteMedian":4200,"workHomeCommuteMedian":3355},"geometry":{"type":"Polygon","coordinates":[[[136.16264136149636,35.9184025987867],[136.16264136149636,35.927395802423945],[136.1716345651336,35.927395802423945],[136.1716345651336,35.9184025987867],[136.16264136149636,35.9184025987867]]]}},{"type":"Feature","properties":{"jobs":1175,"pop":408,"pointCount":12,"homeWorkCommuteMedian":5094,"workHomeCommuteMedian":6582},"geometry":{"type":"Polygon","coordinates":[[[136.16264136149636,35.927395802423945],[136.16264136149636,35.93638900606119],[136.1716345651336,35.93638900606119],[136.1716345651336,35.927395802423945],[136.16264136149636,35.927395802423945]]]}},{"type":"Feature","properties":{"jobs":1187,"pop":252,"pointCount":10,"homeWorkCommuteMedian":4591,"workHomeCommuteMedian":5300},"geometry":{"type":"Polygon","coordinates":[[[136.16264136149636,35.93638900606119],[136.16264136149636,35.94538220969844],[136.1716345651336,35.94538220969844],[136.1716345651336,35.93638900606119],[136.16264136149636,35.93638900606119]]]}},{"type":"Feature","properties":{"jobs":810,"pop":502,"pointCount":11,"homeWorkCommuteMedian":4488,"workHomeCommuteMedian":7649},"geometry":{"type":"Polygon","coordinates":[[[136.16264136149636,35.94538220969844],[136.16264136149636,35.95437541333568],[136.1716345651336,35.95437541333568],[136.1716345651336,35.94538220969844],[136.16264136149636,35.94538220969844]]]}},{"type":"Feature","properties":{"jobs":293,"pop":697,"pointCount":9,"homeWorkCommuteMedian":3150,"workHomeCommuteMedian":4707},"geometry":{"type":"Polygon","coordinates":[[[136.16264136149636,35.95437541333568],[136.16264136149636,35.96336861697293],[136.1716345651336,35.96336861697293],[136.1716345651336,35.95437541333568],[136.16264136149636,35.95437541333568]]]}},{"type":"Feature","properties":{"jobs":312,"pop":634,"pointCount":9,"homeWorkCommuteMedian":4415,"workHomeCommuteMedian":5295},"geometry":{"type":"Polygon","coordinates":[[[136.16264136149636,35.96336861697293],[136.16264136149636,35.972361820610175],[136.1716345651336,35.972361820610175],[136.1716345651336,35.96336861697293],[136.16264136149636,35.96336861697293]]]}},{"type":"Feature","properties":{"jobs":210,"pop":801,"pointCount":13,"homeWorkCommuteMedian":3044,"workHomeCommuteMedian":3764},"geometry":{"type":"Polygon","coordinates":[[[136.16264136149636,35.972361820610175],[136.16264136149636,35.98135502424742],[136.1716345651336,35.98135502424742],[136.1716345651336,35.972361820610175],[136.16264136149636,35.972361820610175]]]}},{"type":"Feature","properties":{"jobs":1007,"pop":715,"pointCount":10,"homeWorkCommuteMedian":5393,"workHomeCommuteMedian":1916},"geometry":{"type":"Polygon","coordinates":[[[136.16264136149636,35.98135502424742],[136.16264136149636,35.99034822788467],[136.1716345651336,35.99034822788467],[136.1716345651336,35.98135502424742],[136.16264136149636,35.98135502424742]]]}},{"type":"Feature","properties":{"jobs":73,"pop":310,"pointCount":5,"homeWorkCommuteMedian":4719,"workHomeCommuteMedian":12149},"geometry":{"type":"Polygon","coordinates":[[[136.16264136149636,35.99034822788467],[136.16264136149636,35.99934143152191],[136.1716345651336,35.99934143152191],[136.1716345651336,35.99034822788467],[136.16264136149636,35.99034822788467]]]}},{"type":"Feature","properties":{"jobs":19,"pop":133,"pointCount":6,"homeWorkCommuteMedian":6436,"workHomeCommuteMedian":4818},"geometry":{"type":"Polygon","coordinates":[[[136.16264136149636,35.99934143152191],[136.16264136149636,36.00833463515916],[136.1716345651336,36.00833463515916],[136.1716345651336,35.99934143152191],[136.16264136149636,35.99934143152191]]]}},{"type":"Feature","properties":{"jobs":1243,"pop":0,"pointCount":3,"homeWorkCommuteMedian":-1,"workHomeCommuteMedian":9598},"geometry":{"type":"Polygon","coordinates":[[[136.16264136149636,36.00833463515916],[136.16264136149636,36.017327838796405],[136.1716345651336,36.017327838796405],[136.1716345651336,36.00833463515916],[136.16264136149636,36.00833463515916]]]}},{"type":"Feature","properties":{"jobs":0,"pop":10,"pointCount":1,"homeWorkCommuteMedian":6782,"workHomeCommuteMedian":-1},"geometry":{"type":"Polygon","coordinates":[[[136.16264136149636,36.017327838796405],[136.16264136149636,36.02632104243365],[136.1716345651336,36.02632104243365],[136.1716345651336,36.017327838796405],[136.16264136149636,36.017327838796405]]]}},{"type":"Feature","properties":{"jobs":215,"pop":59,"pointCount":6,"homeWorkCommuteMedian":4561,"workHomeCommuteMedian":16845},"geometry":{"type":"Polygon","coordinates":[[[136.16264136149636,36.02632104243365],[136.16264136149636,36.0353142460709],[136.1716345651336,36.0353142460709],[136.1716345651336,36.02632104243365],[136.16264136149636,36.02632104243365]]]}},{"type":"Feature","properties":{"jobs":344,"pop":1208,"pointCount":17,"homeWorkCommuteMedian":7880,"workHomeCommuteMedian":5373},"geometry":{"type":"Polygon","coordinates":[[[136.16264136149636,36.0353142460709],[136.16264136149636,36.04430744970814],[136.1716345651336,36.04430744970814],[136.1716345651336,36.0353142460709],[136.16264136149636,36.0353142460709]]]}},{"type":"Feature","properties":{"jobs":119,"pop":186,"pointCount":6,"homeWorkCommuteMedian":8972,"workHomeCommuteMedian":20352},"geometry":{"type":"Polygon","coordinates":[[[136.16264136149636,36.04430744970814],[136.16264136149636,36.05330065334539],[136.1716345651336,36.05330065334539],[136.1716345651336,36.04430744970814],[136.16264136149636,36.04430744970814]]]}},{"type":"Feature","properties":{"jobs":139,"pop":32,"pointCount":2,"homeWorkCommuteMedian":6853,"workHomeCommuteMedian":12615},"geometry":{"type":"Polygon","coordinates":[[[136.16264136149636,36.05330065334539],[136.16264136149636,36.062293856982635],[136.1716345651336,36.062293856982635],[136.1716345651336,36.05330065334539],[136.16264136149636,36.05330065334539]]]}},{"type":"Feature","properties":{"jobs":146,"pop":160,"pointCount":8,"homeWorkCommuteMedian":6023,"workHomeCommuteMedian":8529},"geometry":{"type":"Polygon","coordinates":[[[136.16264136149636,36.062293856982635],[136.16264136149636,36.07128706061988],[136.1716345651336,36.07128706061988],[136.1716345651336,36.062293856982635],[136.16264136149636,36.062293856982635]]]}},{"type":"Feature","properties":{"jobs":0,"pop":22,"pointCount":1,"homeWorkCommuteMedian":24166,"workHomeCommuteMedian":-1},"geometry":{"type":"Polygon","coordinates":[[[136.16264136149636,36.07128706061988],[136.16264136149636,36.08028026425713],[136.1716345651336,36.08028026425713],[136.1716345651336,36.07128706061988],[136.16264136149636,36.07128706061988]]]}},{"type":"Feature","properties":{"jobs":0,"pop":37,"pointCount":1,"homeWorkCommuteMedian":31058,"workHomeCommuteMedian":-1},"geometry":{"type":"Polygon","coordinates":[[[136.16264136149636,36.08028026425713],[136.16264136149636,36.08927346789437],[136.1716345651336,36.08927346789437],[136.1716345651336,36.08028026425713],[136.16264136149636,36.08028026425713]]]}},{"type":"Feature","properties":{"jobs":20,"pop":35,"pointCount":1,"homeWorkCommuteMedian":11481,"workHomeCommuteMedian":26690},"geometry":{"type":"Polygon","coordinates":[[[136.16264136149636,36.09826667153162],[136.16264136149636,36.107259875168864],[136.1716345651336,36.107259875168864],[136.1716345651336,36.09826667153162],[136.16264136149636,36.09826667153162]]]}},{"type":"Feature","properties":{"jobs":287,"pop":76,"pointCount":6,"homeWorkCommuteMedian":9876,"workHomeCommuteMedian":13610},"geometry":{"type":"Polygon","coordinates":[[[136.16264136149636,36.11625307880611],[136.16264136149636,36.12524628244336],[136.1716345651336,36.12524628244336],[136.1716345651336,36.11625307880611],[136.16264136149636,36.11625307880611]]]}},{"type":"Feature","properties":{"jobs":1877,"pop":249,"pointCount":12,"homeWorkCommuteMedian":12427,"workHomeCommuteMedian":9746},"geometry":{"type":"Polygon","coordinates":[[[136.16264136149636,36.12524628244336],[136.16264136149636,36.1342394860806],[136.1716345651336,36.1342394860806],[136.1716345651336,36.12524628244336],[136.16264136149636,36.12524628244336]]]}},{"type":"Feature","properties":{"jobs":284,"pop":160,"pointCount":5,"homeWorkCommuteMedian":8306,"workHomeCommuteMedian":8265},"geometry":{"type":"Polygon","coordinates":[[[136.16264136149636,36.1342394860806],[136.16264136149636,36.14323268971785],[136.1716345651336,36.14323268971785],[136.1716345651336,36.1342394860806],[136.16264136149636,36.1342394860806]]]}},{"type":"Feature","properties":{"jobs":64,"pop":188,"pointCount":5,"homeWorkCommuteMedian":7468,"workHomeCommuteMedian":7919},"geometry":{"type":"Polygon","coordinates":[[[136.16264136149636,36.14323268971785],[136.16264136149636,36.152225893355094],[136.1716345651336,36.152225893355094],[136.1716345651336,36.14323268971785],[136.16264136149636,36.14323268971785]]]}},{"type":"Feature","properties":{"jobs":13,"pop":23,"pointCount":2,"homeWorkCommuteMedian":6528,"workHomeCommuteMedian":7060},"geometry":{"type":"Polygon","coordinates":[[[136.16264136149636,36.152225893355094],[136.16264136149636,36.16121909699234],[136.1716345651336,36.16121909699234],[136.1716345651336,36.152225893355094],[136.16264136149636,36.152225893355094]]]}},{"type":"Feature","properties":{"jobs":57,"pop":0,"pointCount":1,"homeWorkCommuteMedian":-1,"workHomeCommuteMedian":5115},"geometry":{"type":"Polygon","coordinates":[[[136.16264136149636,36.16121909699234],[136.16264136149636,36.170212300629586],[136.1716345651336,36.170212300629586],[136.1716345651336,36.16121909699234],[136.16264136149636,36.16121909699234]]]}},{"type":"Feature","properties":{"jobs":111,"pop":23,"pointCount":3,"homeWorkCommuteMedian":11080,"workHomeCommuteMedian":2379},"geometry":{"type":"Polygon","coordinates":[[[136.16264136149636,36.17920550426683],[136.16264136149636,36.18819870790408],[136.1716345651336,36.18819870790408],[136.1716345651336,36.17920550426683],[136.16264136149636,36.17920550426683]]]}},{"type":"Feature","properties":{"jobs":102,"pop":151,"pointCount":7,"homeWorkCommuteMedian":6001,"workHomeCommuteMedian":7838},"geometry":{"type":"Polygon","coordinates":[[[136.16264136149636,36.18819870790408],[136.16264136149636,36.197191911541324],[136.1716345651336,36.197191911541324],[136.1716345651336,36.18819870790408],[136.16264136149636,36.18819870790408]]]}},{"type":"Feature","properties":{"jobs":0,"pop":54,"pointCount":2,"homeWorkCommuteMedian":2550,"workHomeCommuteMedian":-1},"geometry":{"type":"Polygon","coordinates":[[[136.16264136149636,36.197191911541324],[136.16264136149636,36.20618511517857],[136.1716345651336,36.20618511517857],[136.1716345651336,36.197191911541324],[136.16264136149636,36.197191911541324]]]}},{"type":"Feature","properties":{"jobs":181,"pop":433,"pointCount":10,"homeWorkCommuteMedian":12574,"workHomeCommuteMedian":3017},"geometry":{"type":"Polygon","coordinates":[[[136.16264136149636,36.20618511517857],[136.16264136149636,36.215178318815816],[136.1716345651336,36.215178318815816],[136.1716345651336,36.20618511517857],[136.16264136149636,36.20618511517857]]]}},{"type":"Feature","properties":{"jobs":17,"pop":82,"pointCount":1,"homeWorkCommuteMedian":36064,"workHomeCommuteMedian":27622},"geometry":{"type":"Polygon","coordinates":[[[136.16264136149636,36.215178318815816],[136.16264136149636,36.22417152245306],[136.1716345651336,36.22417152245306],[136.1716345651336,36.215178318815816],[136.16264136149636,36.215178318815816]]]}},{"type":"Feature","properties":{"jobs":143,"pop":466,"pointCount":11,"homeWorkCommuteMedian":15372,"workHomeCommuteMedian":3892},"geometry":{"type":"Polygon","coordinates":[[[136.16264136149636,36.22417152245306],[136.16264136149636,36.23316472609031],[136.1716345651336,36.23316472609031],[136.1716345651336,36.22417152245306],[136.16264136149636,36.22417152245306]]]}},{"type":"Feature","properties":{"jobs":146,"pop":159,"pointCount":6,"homeWorkCommuteMedian":1221,"workHomeCommuteMedian":3204},"geometry":{"type":"Polygon","coordinates":[[[136.16264136149636,36.23316472609031],[136.16264136149636,36.242157929727554],[136.1716345651336,36.242157929727554],[136.1716345651336,36.23316472609031],[136.16264136149636,36.23316472609031]]]}},{"type":"Feature","properties":{"jobs":2,"pop":31,"pointCount":1,"homeWorkCommuteMedian":4290,"workHomeCommuteMedian":6266},"geometry":{"type":"Polygon","coordinates":[[[136.1716345651336,35.75652493331627],[136.1716345651336,35.76551813695352],[136.18062776877082,35.76551813695352],[136.18062776877082,35.75652493331627],[136.1716345651336,35.75652493331627]]]}},{"type":"Feature","properties":{"jobs":0,"pop":36,"pointCount":1,"homeWorkCommuteMedian":4261,"workHomeCommuteMedian":-1},"geometry":{"type":"Polygon","coordinates":[[[136.1716345651336,35.81048415513975],[136.1716345651336,35.81947735877699],[136.18062776877082,35.81947735877699],[136.18062776877082,35.81048415513975],[136.1716345651336,35.81048415513975]]]}},{"type":"Feature","properties":{"jobs":62,"pop":99,"pointCount":6,"homeWorkCommuteMedian":9138,"workHomeCommuteMedian":7381},"geometry":{"type":"Polygon","coordinates":[[[136.1716345651336,35.837463766051485],[136.1716345651336,35.84645696968873],[136.18062776877082,35.84645696968873],[136.18062776877082,35.837463766051485],[136.1716345651336,35.837463766051485]]]}},{"type":"Feature","properties":{"jobs":21,"pop":92,"pointCount":5,"homeWorkCommuteMedian":5283,"workHomeCommuteMedian":14898},"geometry":{"type":"Polygon","coordinates":[[[136.1716345651336,35.84645696968873],[136.1716345651336,35.85545017332598],[136.18062776877082,35.85545017332598],[136.18062776877082,35.84645696968873],[136.1716345651336,35.84645696968873]]]}},{"type":"Feature","properties":{"jobs":106,"pop":130,"pointCount":6,"homeWorkCommuteMedian":4491,"workHomeCommuteMedian":3243},"geometry":{"type":"Polygon","coordinates":[[[136.1716345651336,35.85545017332598],[136.1716345651336,35.86444337696322],[136.18062776877082,35.86444337696322],[136.18062776877082,35.85545017332598],[136.1716345651336,35.85545017332598]]]}},{"type":"Feature","properties":{"jobs":135,"pop":20,"pointCount":4,"homeWorkCommuteMedian":8287,"workHomeCommuteMedian":1511},"geometry":{"type":"Polygon","coordinates":[[[136.1716345651336,35.86444337696322],[136.1716345651336,35.87343658060047],[136.18062776877082,35.87343658060047],[136.18062776877082,35.86444337696322],[136.1716345651336,35.86444337696322]]]}},{"type":"Feature","properties":{"jobs":50,"pop":88,"pointCount":6,"homeWorkCommuteMedian":5357,"workHomeCommuteMedian":5259},"geometry":{"type":"Polygon","coordinates":[[[136.1716345651336,35.87343658060047],[136.1716345651336,35.882429784237715],[136.18062776877082,35.882429784237715],[136.18062776877082,35.87343658060047],[136.1716345651336,35.87343658060047]]]}},{"type":"Feature","properties":{"jobs":1076,"pop":379,"pointCount":13,"homeWorkCommuteMedian":7001,"workHomeCommuteMedian":5492},"geometry":{"type":"Polygon","coordinates":[[[136.1716345651336,35.882429784237715],[136.1716345651336,35.89142298787496],[136.18062776877082,35.89142298787496],[136.18062776877082,35.882429784237715],[136.1716345651336,35.882429784237715]]]}},{"type":"Feature","properties":{"jobs":450,"pop":512,"pointCount":8,"homeWorkCommuteMedian":4031,"workHomeCommuteMedian":8401},"geometry":{"type":"Polygon","coordinates":[[[136.1716345651336,35.89142298787496],[136.1716345651336,35.90041619151221],[136.18062776877082,35.90041619151221],[136.18062776877082,35.89142298787496],[136.1716345651336,35.89142298787496]]]}},{"type":"Feature","properties":{"jobs":706,"pop":1161,"pointCount":13,"homeWorkCommuteMedian":3479,"workHomeCommuteMedian":2246},"geometry":{"type":"Polygon","coordinates":[[[136.1716345651336,35.90041619151221],[136.1716345651336,35.90940939514945],[136.18062776877082,35.90940939514945],[136.18062776877082,35.90041619151221],[136.1716345651336,35.90041619151221]]]}},{"type":"Feature","properties":{"jobs":1026,"pop":842,"pointCount":13,"homeWorkCommuteMedian":3065,"workHomeCommuteMedian":3394},"geometry":{"type":"Polygon","coordinates":[[[136.1716345651336,35.90940939514945],[136.1716345651336,35.9184025987867],[136.18062776877082,35.9184025987867],[136.18062776877082,35.90940939514945],[136.1716345651336,35.90940939514945]]]}},{"type":"Feature","properties":{"jobs":265,"pop":763,"pointCount":7,"homeWorkCommuteMedian":4532,"workHomeCommuteMedian":6086},"geometry":{"type":"Polygon","coordinates":[[[136.1716345651336,35.9184025987867],[136.1716345651336,35.927395802423945],[136.18062776877082,35.927395802423945],[136.18062776877082,35.9184025987867],[136.1716345651336,35.9184025987867]]]}},{"type":"Feature","properties":{"jobs":122,"pop":1044,"pointCount":10,"homeWorkCommuteMedian":5246,"workHomeCommuteMedian":7875},"geometry":{"type":"Polygon","coordinates":[[[136.1716345651336,35.927395802423945],[136.1716345651336,35.93638900606119],[136.18062776877082,35.93638900606119],[136.18062776877082,35.927395802423945],[136.1716345651336,35.927395802423945]]]}},{"type":"Feature","properties":{"jobs":534,"pop":1713,"pointCount":17,"homeWorkCommuteMedian":5501,"workHomeCommuteMedian":4398},"geometry":{"type":"Polygon","coordinates":[[[136.1716345651336,35.93638900606119],[136.1716345651336,35.94538220969844],[136.18062776877082,35.94538220969844],[136.18062776877082,35.93638900606119],[136.1716345651336,35.93638900606119]]]}},{"type":"Feature","properties":{"jobs":2252,"pop":1123,"pointCount":15,"homeWorkCommuteMedian":5897,"workHomeCommuteMedian":3908},"geometry":{"type":"Polygon","coordinates":[[[136.1716345651336,35.94538220969844],[136.1716345651336,35.95437541333568],[136.18062776877082,35.95437541333568],[136.18062776877082,35.94538220969844],[136.1716345651336,35.94538220969844]]]}},{"type":"Feature","properties":{"jobs":683,"pop":1112,"pointCount":15,"homeWorkCommuteMedian":4800,"workHomeCommuteMedian":4869},"geometry":{"type":"Polygon","coordinates":[[[136.1716345651336,35.95437541333568],[136.1716345651336,35.96336861697293],[136.18062776877082,35.96336861697293],[136.18062776877082,35.95437541333568],[136.1716345651336,35.95437541333568]]]}},{"type":"Feature","properties":{"jobs":3327,"pop":1380,"pointCount":18,"homeWorkCommuteMedian":4423,"workHomeCommuteMedian":3693},"geometry":{"type":"Polygon","coordinates":[[[136.1716345651336,35.96336861697293],[136.1716345651336,35.972361820610175],[136.18062776877082,35.972361820610175],[136.18062776877082,35.96336861697293],[136.1716345651336,35.96336861697293]]]}},{"type":"Feature","properties":{"jobs":1266,"pop":1978,"pointCount":15,"homeWorkCommuteMedian":3629,"workHomeCommuteMedian":5176},"geometry":{"type":"Polygon","coordinates":[[[136.1716345651336,35.972361820610175],[136.1716345651336,35.98135502424742],[136.18062776877082,35.98135502424742],[136.18062776877082,35.972361820610175],[136.1716345651336,35.972361820610175]]]}},{"type":"Feature","properties":{"jobs":1066,"pop":1144,"pointCount":13,"homeWorkCommuteMedian":3735,"workHomeCommuteMedian":6016},"geometry":{"type":"Polygon","coordinates":[[[136.1716345651336,35.98135502424742],[136.1716345651336,35.99034822788467],[136.18062776877082,35.99034822788467],[136.18062776877082,35.98135502424742],[136.1716345651336,35.98135502424742]]]}},{"type":"Feature","properties":{"jobs":271,"pop":253,"pointCount":6,"homeWorkCommuteMedian":8237,"workHomeCommuteMedian":12186},"geometry":{"type":"Polygon","coordinates":[[[136.1716345651336,35.99034822788467],[136.1716345651336,35.99934143152191],[136.18062776877082,35.99934143152191],[136.18062776877082,35.99034822788467],[136.1716345651336,35.99034822788467]]]}},{"type":"Feature","properties":{"jobs":217,"pop":78,"pointCount":4,"homeWorkCommuteMedian":13267,"workHomeCommuteMedian":16014},"geometry":{"type":"Polygon","coordinates":[[[136.1716345651336,36.00833463515916],[136.1716345651336,36.017327838796405],[136.18062776877082,36.017327838796405],[136.18062776877082,36.00833463515916],[136.1716345651336,36.00833463515916]]]}},{"type":"Feature","properties":{"jobs":44,"pop":71,"pointCount":5,"homeWorkCommuteMedian":6071,"workHomeCommuteMedian":9255},"geometry":{"type":"Polygon","coordinates":[[[136.1716345651336,36.017327838796405],[136.1716345651336,36.02632104243365],[136.18062776877082,36.02632104243365],[136.18062776877082,36.017327838796405],[136.1716345651336,36.017327838796405]]]}},{"type":"Feature","properties":{"jobs":0,"pop":52,"pointCount":2,"homeWorkCommuteMedian":12289,"workHomeCommuteMedian":-1},"geometry":{"type":"Polygon","coordinates":[[[136.1716345651336,36.02632104243365],[136.1716345651336,36.0353142460709],[136.18062776877082,36.0353142460709],[136.18062776877082,36.02632104243365],[136.1716345651336,36.02632104243365]]]}},{"type":"Feature","properties":{"jobs":273,"pop":469,"pointCount":6,"homeWorkCommuteMedian":8303,"workHomeCommuteMedian":8956},"geometry":{"type":"Polygon","coordinates":[[[136.1716345651336,36.0353142460709],[136.1716345651336,36.04430744970814],[136.18062776877082,36.04430744970814],[136.18062776877082,36.0353142460709],[136.1716345651336,36.0353142460709]]]}},{"type":"Feature","properties":{"jobs":1822,"pop":1345,"pointCount":16,"homeWorkCommuteMedian":5626,"workHomeCommuteMedian":5863},"geometry":{"type":"Polygon","coordinates":[[[136.1716345651336,36.04430744970814],[136.1716345651336,36.05330065334539],[136.18062776877082,36.05330065334539],[136.18062776877082,36.04430744970814],[136.1716345651336,36.04430744970814]]]}},{"type":"Feature","properties":{"jobs":737,"pop":833,"pointCount":13,"homeWorkCommuteMedian":5911,"workHomeCommuteMedian":5540},"geometry":{"type":"Polygon","coordinates":[[[136.1716345651336,36.05330065334539],[136.1716345651336,36.062293856982635],[136.18062776877082,36.062293856982635],[136.18062776877082,36.05330065334539],[136.1716345651336,36.05330065334539]]]}},{"type":"Feature","properties":{"jobs":510,"pop":103,"pointCount":9,"homeWorkCommuteMedian":5504,"workHomeCommuteMedian":9344},"geometry":{"type":"Polygon","coordinates":[[[136.1716345651336,36.062293856982635],[136.1716345651336,36.07128706061988],[136.18062776877082,36.07128706061988],[136.18062776877082,36.062293856982635],[136.1716345651336,36.062293856982635]]]}},{"type":"Feature","properties":{"jobs":17,"pop":77,"pointCount":2,"homeWorkCommuteMedian":7635,"workHomeCommuteMedian":15352},"geometry":{"type":"Polygon","coordinates":[[[136.1716345651336,36.07128706061988],[136.1716345651336,36.08028026425713],[136.18062776877082,36.08028026425713],[136.18062776877082,36.07128706061988],[136.1716345651336,36.07128706061988]]]}},{"type":"Feature","properties":{"jobs":0,"pop":175,"pointCount":4,"homeWorkCommuteMedian":7865,"workHomeCommuteMedian":-1},"geometry":{"type":"Polygon","coordinates":[[[136.1716345651336,36.08028026425713],[136.1716345651336,36.08927346789437],[136.18062776877082,36.08927346789437],[136.18062776877082,36.08028026425713],[136.1716345651336,36.08028026425713]]]}},{"type":"Feature","properties":{"jobs":399,"pop":56,"pointCount":4,"homeWorkCommuteMedian":27336,"workHomeCommuteMedian":12932},"geometry":{"type":"Polygon","coordinates":[[[136.1716345651336,36.08927346789437],[136.1716345651336,36.09826667153162],[136.18062776877082,36.09826667153162],[136.18062776877082,36.08927346789437],[136.1716345651336,36.08927346789437]]]}},{"type":"Feature","properties":{"jobs":87,"pop":347,"pointCount":9,"homeWorkCommuteMedian":7796,"workHomeCommuteMedian":13434},"geometry":{"type":"Polygon","coordinates":[[[136.1716345651336,36.09826667153162],[136.1716345651336,36.107259875168864],[136.18062776877082,36.107259875168864],[136.18062776877082,36.09826667153162],[136.1716345651336,36.09826667153162]]]}},{"type":"Feature","properties":{"jobs":118,"pop":312,"pointCount":8,"homeWorkCommuteMedian":9284,"workHomeCommuteMedian":1480},"geometry":{"type":"Polygon","coordinates":[[[136.1716345651336,36.107259875168864],[136.1716345651336,36.11625307880611],[136.18062776877082,36.11625307880611],[136.18062776877082,36.107259875168864],[136.1716345651336,36.107259875168864]]]}},{"type":"Feature","properties":{"jobs":263,"pop":0,"pointCount":1,"homeWorkCommuteMedian":-1,"workHomeCommuteMedian":18276},"geometry":{"type":"Polygon","coordinates":[[[136.1716345651336,36.11625307880611],[136.1716345651336,36.12524628244336],[136.18062776877082,36.12524628244336],[136.18062776877082,36.11625307880611],[136.1716345651336,36.11625307880611]]]}},{"type":"Feature","properties":{"jobs":313,"pop":14,"pointCount":3,"homeWorkCommuteMedian":10001,"workHomeCommuteMedian":9809},"geometry":{"type":"Polygon","coordinates":[[[136.1716345651336,36.12524628244336],[136.1716345651336,36.1342394860806],[136.18062776877082,36.1342394860806],[136.18062776877082,36.12524628244336],[136.1716345651336,36.12524628244336]]]}},{"type":"Feature","properties":{"jobs":0,"pop":30,"pointCount":1,"homeWorkCommuteMedian":7550,"workHomeCommuteMedian":-1},"geometry":{"type":"Polygon","coordinates":[[[136.1716345651336,36.1342394860806],[136.1716345651336,36.14323268971785],[136.18062776877082,36.14323268971785],[136.18062776877082,36.1342394860806],[136.1716345651336,36.1342394860806]]]}},{"type":"Feature","properties":{"jobs":89,"pop":139,"pointCount":7,"homeWorkCommuteMedian":6407,"workHomeCommuteMedian":2934},"geometry":{"type":"Polygon","coordinates":[[[136.1716345651336,36.14323268971785],[136.1716345651336,36.152225893355094],[136.18062776877082,36.152225893355094],[136.18062776877082,36.14323268971785],[136.1716345651336,36.14323268971785]]]}},{"type":"Feature","properties":{"jobs":34,"pop":205,"pointCount":9,"homeWorkCommuteMedian":6060,"workHomeCommuteMedian":2084},"geometry":{"type":"Polygon","coordinates":[[[136.1716345651336,36.152225893355094],[136.1716345651336,36.16121909699234],[136.18062776877082,36.16121909699234],[136.18062776877082,36.152225893355094],[136.1716345651336,36.152225893355094]]]}},{"type":"Feature","properties":{"jobs":77,"pop":41,"pointCount":4,"homeWorkCommuteMedian":2379,"workHomeCommuteMedian":8886},"geometry":{"type":"Polygon","coordinates":[[[136.1716345651336,36.16121909699234],[136.1716345651336,36.170212300629586],[136.18062776877082,36.170212300629586],[136.18062776877082,36.16121909699234],[136.1716345651336,36.16121909699234]]]}},{"type":"Feature","properties":{"jobs":102,"pop":28,"pointCount":4,"homeWorkCommuteMedian":10901,"workHomeCommuteMedian":7443},"geometry":{"type":"Polygon","coordinates":[[[136.1716345651336,36.170212300629586],[136.1716345651336,36.17920550426683],[136.18062776877082,36.17920550426683],[136.18062776877082,36.170212300629586],[136.1716345651336,36.170212300629586]]]}},{"type":"Feature","properties":{"jobs":91,"pop":155,"pointCount":7,"homeWorkCommuteMedian":6138,"workHomeCommuteMedian":6249},"geometry":{"type":"Polygon","coordinates":[[[136.1716345651336,36.17920550426683],[136.1716345651336,36.18819870790408],[136.18062776877082,36.18819870790408],[136.18062776877082,36.17920550426683],[136.1716345651336,36.17920550426683]]]}},{"type":"Feature","properties":{"jobs":26,"pop":63,"pointCount":4,"homeWorkCommuteMedian":9821,"workHomeCommuteMedian":22740},"geometry":{"type":"Polygon","coordinates":[[[136.1716345651336,36.18819870790408],[136.1716345651336,36.197191911541324],[136.18062776877082,36.197191911541324],[136.18062776877082,36.18819870790408],[136.1716345651336,36.18819870790408]]]}},{"type":"Feature","properties":{"jobs":0,"pop":236,"pointCount":6,"homeWorkCommuteMedian":5716,"workHomeCommuteMedian":-1},"geometry":{"type":"Polygon","coordinates":[[[136.1716345651336,36.197191911541324],[136.1716345651336,36.20618511517857],[136.18062776877082,36.20618511517857],[136.18062776877082,36.197191911541324],[136.1716345651336,36.197191911541324]]]}},{"type":"Feature","properties":{"jobs":43,"pop":21,"pointCount":5,"homeWorkCommuteMedian":8545,"workHomeCommuteMedian":3838},"geometry":{"type":"Polygon","coordinates":[[[136.1716345651336,36.20618511517857],[136.1716345651336,36.215178318815816],[136.18062776877082,36.215178318815816],[136.18062776877082,36.20618511517857],[136.1716345651336,36.20618511517857]]]}},{"type":"Feature","properties":{"jobs":23,"pop":78,"pointCount":3,"homeWorkCommuteMedian":10041,"workHomeCommuteMedian":19517},"geometry":{"type":"Polygon","coordinates":[[[136.1716345651336,36.215178318815816],[136.1716345651336,36.22417152245306],[136.18062776877082,36.22417152245306],[136.18062776877082,36.215178318815816],[136.1716345651336,36.215178318815816]]]}},{"type":"Feature","properties":{"jobs":243,"pop":47,"pointCount":4,"homeWorkCommuteMedian":3763,"workHomeCommuteMedian":2236},"geometry":{"type":"Polygon","coordinates":[[[136.1716345651336,36.22417152245306],[136.1716345651336,36.23316472609031],[136.18062776877082,36.23316472609031],[136.18062776877082,36.22417152245306],[136.1716345651336,36.22417152245306]]]}},{"type":"Feature","properties":{"jobs":17,"pop":91,"pointCount":1,"homeWorkCommuteMedian":11118,"workHomeCommuteMedian":16182},"geometry":{"type":"Polygon","coordinates":[[[136.1716345651336,36.23316472609031],[136.1716345651336,36.242157929727554],[136.18062776877082,36.242157929727554],[136.18062776877082,36.23316472609031],[136.1716345651336,36.23316472609031]]]}},{"type":"Feature","properties":{"jobs":16,"pop":12,"pointCount":2,"homeWorkCommuteMedian":2710,"workHomeCommuteMedian":6045},"geometry":{"type":"Polygon","coordinates":[[[136.1716345651336,36.242157929727554],[136.1716345651336,36.2511511333648],[136.18062776877082,36.2511511333648],[136.18062776877082,36.242157929727554],[136.1716345651336,36.242157929727554]]]}},{"type":"Feature","properties":{"jobs":15,"pop":0,"pointCount":1,"homeWorkCommuteMedian":-1,"workHomeCommuteMedian":36877},"geometry":{"type":"Polygon","coordinates":[[[136.1716345651336,36.2511511333648],[136.1716345651336,36.260144337002046],[136.18062776877082,36.260144337002046],[136.18062776877082,36.2511511333648],[136.1716345651336,36.2511511333648]]]}},{"type":"Feature","properties":{"jobs":0,"pop":20,"pointCount":1,"homeWorkCommuteMedian":5338,"workHomeCommuteMedian":-1},"geometry":{"type":"Polygon","coordinates":[[[136.18062776877082,35.73853852604178],[136.18062776877082,35.747531729679025],[136.18962097240805,35.747531729679025],[136.18962097240805,35.73853852604178],[136.18062776877082,35.73853852604178]]]}},{"type":"Feature","properties":{"jobs":0,"pop":24,"pointCount":1,"homeWorkCommuteMedian":7393,"workHomeCommuteMedian":-1},"geometry":{"type":"Polygon","coordinates":[[[136.18062776877082,35.81048415513975],[136.18062776877082,35.81947735877699],[136.18962097240805,35.81947735877699],[136.18962097240805,35.81048415513975],[136.18062776877082,35.81048415513975]]]}},{"type":"Feature","properties":{"jobs":12,"pop":111,"pointCount":3,"homeWorkCommuteMedian":7778,"workHomeCommuteMedian":3063},"geometry":{"type":"Polygon","coordinates":[[[136.18062776877082,35.82847056241424],[136.18062776877082,35.837463766051485],[136.18962097240805,35.837463766051485],[136.18962097240805,35.82847056241424],[136.18062776877082,35.82847056241424]]]}},{"type":"Feature","properties":{"jobs":168,"pop":393,"pointCount":8,"homeWorkCommuteMedian":6468,"workHomeCommuteMedian":11941},"geometry":{"type":"Polygon","coordinates":[[[136.18062776877082,35.837463766051485],[136.18062776877082,35.84645696968873],[136.18962097240805,35.84645696968873],[136.18962097240805,35.837463766051485],[136.18062776877082,35.837463766051485]]]}},{"type":"Feature","properties":{"jobs":58,"pop":71,"pointCount":4,"homeWorkCommuteMedian":6855,"workHomeCommuteMedian":11969},"geometry":{"type":"Polygon","coordinates":[[[136.18062776877082,35.84645696968873],[136.18062776877082,35.85545017332598],[136.18962097240805,35.85545017332598],[136.18962097240805,35.84645696968873],[136.18062776877082,35.84645696968873]]]}},{"type":"Feature","properties":{"jobs":0,"pop":144,"pointCount":3,"homeWorkCommuteMedian":10960,"workHomeCommuteMedian":-1},"geometry":{"type":"Polygon","coordinates":[[[136.18062776877082,35.85545017332598],[136.18062776877082,35.86444337696322],[136.18962097240805,35.86444337696322],[136.18962097240805,35.85545017332598],[136.18062776877082,35.85545017332598]]]}},{"type":"Feature","properties":{"jobs":0,"pop":97,"pointCount":3,"homeWorkCommuteMedian":1617,"workHomeCommuteMedian":-1},"geometry":{"type":"Polygon","coordinates":[[[136.18062776877082,35.86444337696322],[136.18062776877082,35.87343658060047],[136.18962097240805,35.87343658060047],[136.18962097240805,35.86444337696322],[136.18062776877082,35.86444337696322]]]}},{"type":"Feature","properties":{"jobs":50,"pop":67,"pointCount":3,"homeWorkCommuteMedian":6462,"workHomeCommuteMedian":3959},"geometry":{"type":"Polygon","coordinates":[[[136.18062776877082,35.87343658060047],[136.18062776877082,35.882429784237715],[136.18962097240805,35.882429784237715],[136.18962097240805,35.87343658060047],[136.18062776877082,35.87343658060047]]]}},{"type":"Feature","properties":{"jobs":921,"pop":690,"pointCount":12,"homeWorkCommuteMedian":4206,"workHomeCommuteMedian":5908},"geometry":{"type":"Polygon","coordinates":[[[136.18062776877082,35.882429784237715],[136.18062776877082,35.89142298787496],[136.18962097240805,35.89142298787496],[136.18962097240805,35.882429784237715],[136.18062776877082,35.882429784237715]]]}},{"type":"Feature","properties":{"jobs":31,"pop":90,"pointCount":4,"homeWorkCommuteMedian":7620,"workHomeCommuteMedian":4332},"geometry":{"type":"Polygon","coordinates":[[[136.18062776877082,35.89142298787496],[136.18062776877082,35.90041619151221],[136.18962097240805,35.90041619151221],[136.18962097240805,35.89142298787496],[136.18062776877082,35.89142298787496]]]}},{"type":"Feature","properties":{"jobs":602,"pop":1077,"pointCount":8,"homeWorkCommuteMedian":4004,"workHomeCommuteMedian":5407},"geometry":{"type":"Polygon","coordinates":[[[136.18062776877082,35.90041619151221],[136.18062776877082,35.90940939514945],[136.18962097240805,35.90940939514945],[136.18962097240805,35.90041619151221],[136.18062776877082,35.90041619151221]]]}},{"type":"Feature","properties":{"jobs":1152,"pop":1491,"pointCount":17,"homeWorkCommuteMedian":3824,"workHomeCommuteMedian":1689},"geometry":{"type":"Polygon","coordinates":[[[136.18062776877082,35.90940939514945],[136.18062776877082,35.9184025987867],[136.18962097240805,35.9184025987867],[136.18962097240805,35.90940939514945],[136.18062776877082,35.90940939514945]]]}},{"type":"Feature","properties":{"jobs":613,"pop":1116,"pointCount":15,"homeWorkCommuteMedian":4571,"workHomeCommuteMedian":3716},"geometry":{"type":"Polygon","coordinates":[[[136.18062776877082,35.9184025987867],[136.18062776877082,35.927395802423945],[136.18962097240805,35.927395802423945],[136.18962097240805,35.9184025987867],[136.18062776877082,35.9184025987867]]]}},{"type":"Feature","properties":{"jobs":478,"pop":837,"pointCount":12,"homeWorkCommuteMedian":2162,"workHomeCommuteMedian":4006},"geometry":{"type":"Polygon","coordinates":[[[136.18062776877082,35.927395802423945],[136.18062776877082,35.93638900606119],[136.18962097240805,35.93638900606119],[136.18962097240805,35.927395802423945],[136.18062776877082,35.927395802423945]]]}},{"type":"Feature","properties":{"jobs":1921,"pop":1125,"pointCount":16,"homeWorkCommuteMedian":4325,"workHomeCommuteMedian":4273},"geometry":{"type":"Polygon","coordinates":[[[136.18062776877082,35.93638900606119],[136.18062776877082,35.94538220969844],[136.18962097240805,35.94538220969844],[136.18962097240805,35.93638900606119],[136.18062776877082,35.93638900606119]]]}},{"type":"Feature","properties":{"jobs":1888,"pop":1260,"pointCount":20,"homeWorkCommuteMedian":2898,"workHomeCommuteMedian":7730},"geometry":{"type":"Polygon","coordinates":[[[136.18062776877082,35.94538220969844],[136.18062776877082,35.95437541333568],[136.18962097240805,35.95437541333568],[136.18962097240805,35.94538220969844],[136.18062776877082,35.94538220969844]]]}},{"type":"Feature","properties":{"jobs":963,"pop":664,"pointCount":11,"homeWorkCommuteMedian":3142,"workHomeCommuteMedian":3266},"geometry":{"type":"Polygon","coordinates":[[[136.18062776877082,35.95437541333568],[136.18062776877082,35.96336861697293],[136.18962097240805,35.96336861697293],[136.18962097240805,35.95437541333568],[136.18062776877082,35.95437541333568]]]}},{"type":"Feature","properties":{"jobs":1787,"pop":1627,"pointCount":17,"homeWorkCommuteMedian":3145,"workHomeCommuteMedian":3330},"geometry":{"type":"Polygon","coordinates":[[[136.18062776877082,35.96336861697293],[136.18062776877082,35.972361820610175],[136.18962097240805,35.972361820610175],[136.18962097240805,35.96336861697293],[136.18062776877082,35.96336861697293]]]}},{"type":"Feature","properties":{"jobs":1229,"pop":1702,"pointCount":19,"homeWorkCommuteMedian":3586,"workHomeCommuteMedian":4238},"geometry":{"type":"Polygon","coordinates":[[[136.18062776877082,35.972361820610175],[136.18062776877082,35.98135502424742],[136.18962097240805,35.98135502424742],[136.18962097240805,35.972361820610175],[136.18062776877082,35.972361820610175]]]}},{"type":"Feature","properties":{"jobs":637,"pop":2270,"pointCount":20,"homeWorkCommuteMedian":4342,"workHomeCommuteMedian":6382},"geometry":{"type":"Polygon","coordinates":[[[136.18062776877082,35.98135502424742],[136.18062776877082,35.99034822788467],[136.18962097240805,35.99034822788467],[136.18962097240805,35.98135502424742],[136.18062776877082,35.98135502424742]]]}},{"type":"Feature","properties":{"jobs":217,"pop":665,"pointCount":8,"homeWorkCommuteMedian":10656,"workHomeCommuteMedian":6713},"geometry":{"type":"Polygon","coordinates":[[[136.18062776877082,35.99034822788467],[136.18062776877082,35.99934143152191],[136.18962097240805,35.99934143152191],[136.18962097240805,35.99034822788467],[136.18062776877082,35.99034822788467]]]}},{"type":"Feature","properties":{"jobs":272,"pop":1157,"pointCount":13,"homeWorkCommuteMedian":9620,"workHomeCommuteMedian":4202},"geometry":{"type":"Polygon","coordinates":[[[136.18062776877082,35.99934143152191],[136.18062776877082,36.00833463515916],[136.18962097240805,36.00833463515916],[136.18962097240805,35.99934143152191],[136.18062776877082,35.99934143152191]]]}},{"type":"Feature","properties":{"jobs":0,"pop":437,"pointCount":3,"homeWorkCommuteMedian":8020,"workHomeCommuteMedian":-1},"geometry":{"type":"Polygon","coordinates":[[[136.18062776877082,36.00833463515916],[136.18062776877082,36.017327838796405],[136.18962097240805,36.017327838796405],[136.18962097240805,36.00833463515916],[136.18062776877082,36.00833463515916]]]}},{"type":"Feature","properties":{"jobs":303,"pop":10,"pointCount":2,"homeWorkCommuteMedian":14906,"workHomeCommuteMedian":2214},"geometry":{"type":"Polygon","coordinates":[[[136.18062776877082,36.017327838796405],[136.18062776877082,36.02632104243365],[136.18962097240805,36.02632104243365],[136.18962097240805,36.017327838796405],[136.18062776877082,36.017327838796405]]]}},{"type":"Feature","properties":{"jobs":172,"pop":1191,"pointCount":10,"homeWorkCommuteMedian":6232,"workHomeCommuteMedian":9489},"geometry":{"type":"Polygon","coordinates":[[[136.18062776877082,36.02632104243365],[136.18062776877082,36.0353142460709],[136.18962097240805,36.0353142460709],[136.18962097240805,36.02632104243365],[136.18062776877082,36.02632104243365]]]}},{"type":"Feature","properties":{"jobs":1290,"pop":2063,"pointCount":15,"homeWorkCommuteMedian":5538,"workHomeCommuteMedian":10582},"geometry":{"type":"Polygon","coordinates":[[[136.18062776877082,36.0353142460709],[136.18062776877082,36.04430744970814],[136.18962097240805,36.04430744970814],[136.18962097240805,36.0353142460709],[136.18062776877082,36.0353142460709]]]}},{"type":"Feature","properties":{"jobs":1152,"pop":1907,"pointCount":15,"homeWorkCommuteMedian":4825,"workHomeCommuteMedian":6095},"geometry":{"type":"Polygon","coordinates":[[[136.18062776877082,36.04430744970814],[136.18062776877082,36.05330065334539],[136.18962097240805,36.05330065334539],[136.18962097240805,36.04430744970814],[136.18062776877082,36.04430744970814]]]}},{"type":"Feature","properties":{"jobs":2219,"pop":2421,"pointCount":21,"homeWorkCommuteMedian":5481,"workHomeCommuteMedian":3612},"geometry":{"type":"Polygon","coordinates":[[[136.18062776877082,36.05330065334539],[136.18062776877082,36.062293856982635],[136.18962097240805,36.062293856982635],[136.18962097240805,36.05330065334539],[136.18062776877082,36.05330065334539]]]}},{"type":"Feature","properties":{"jobs":1682,"pop":2236,"pointCount":17,"homeWorkCommuteMedian":5021,"workHomeCommuteMedian":6276},"geometry":{"type":"Polygon","coordinates":[[[136.18062776877082,36.062293856982635],[136.18062776877082,36.07128706061988],[136.18962097240805,36.07128706061988],[136.18962097240805,36.062293856982635],[136.18062776877082,36.062293856982635]]]}},{"type":"Feature","properties":{"jobs":122,"pop":752,"pointCount":3,"homeWorkCommuteMedian":7327,"workHomeCommuteMedian":9918},"geometry":{"type":"Polygon","coordinates":[[[136.18062776877082,36.07128706061988],[136.18062776877082,36.08028026425713],[136.18962097240805,36.08028026425713],[136.18962097240805,36.07128706061988],[136.18062776877082,36.07128706061988]]]}},{"type":"Feature","properties":{"jobs":102,"pop":127,"pointCount":7,"homeWorkCommuteMedian":8547,"workHomeCommuteMedian":14566},"geometry":{"type":"Polygon","coordinates":[[[136.18062776877082,36.08028026425713],[136.18062776877082,36.08927346789437],[136.18962097240805,36.08927346789437],[136.18962097240805,36.08028026425713],[136.18062776877082,36.08028026425713]]]}},{"type":"Feature","properties":{"jobs":9,"pop":0,"pointCount":1,"homeWorkCommuteMedian":-1,"workHomeCommuteMedian":6342},"geometry":{"type":"Polygon","coordinates":[[[136.18062776877082,36.08927346789437],[136.18062776877082,36.09826667153162],[136.18962097240805,36.09826667153162],[136.18962097240805,36.08927346789437],[136.18062776877082,36.08927346789437]]]}},{"type":"Feature","properties":{"jobs":0,"pop":16,"pointCount":1,"homeWorkCommuteMedian":12748,"workHomeCommuteMedian":-1},"geometry":{"type":"Polygon","coordinates":[[[136.18062776877082,36.09826667153162],[136.18062776877082,36.107259875168864],[136.18962097240805,36.107259875168864],[136.18962097240805,36.09826667153162],[136.18062776877082,36.09826667153162]]]}},{"type":"Feature","properties":{"jobs":49,"pop":265,"pointCount":7,"homeWorkCommuteMedian":12821,"workHomeCommuteMedian":5523},"geometry":{"type":"Polygon","coordinates":[[[136.18062776877082,36.107259875168864],[136.18062776877082,36.11625307880611],[136.18962097240805,36.11625307880611],[136.18962097240805,36.107259875168864],[136.18062776877082,36.107259875168864]]]}},{"type":"Feature","properties":{"jobs":103,"pop":275,"pointCount":9,"homeWorkCommuteMedian":15267,"workHomeCommuteMedian":10607},"geometry":{"type":"Polygon","coordinates":[[[136.18062776877082,36.11625307880611],[136.18062776877082,36.12524628244336],[136.18962097240805,36.12524628244336],[136.18962097240805,36.11625307880611],[136.18062776877082,36.11625307880611]]]}},{"type":"Feature","properties":{"jobs":518,"pop":132,"pointCount":9,"homeWorkCommuteMedian":11605,"workHomeCommuteMedian":12445},"geometry":{"type":"Polygon","coordinates":[[[136.18062776877082,36.12524628244336],[136.18062776877082,36.1342394860806],[136.18962097240805,36.1342394860806],[136.18962097240805,36.12524628244336],[136.18062776877082,36.12524628244336]]]}},{"type":"Feature","properties":{"jobs":70,"pop":341,"pointCount":8,"homeWorkCommuteMedian":8498,"workHomeCommuteMedian":14921},"geometry":{"type":"Polygon","coordinates":[[[136.18062776877082,36.1342394860806],[136.18062776877082,36.14323268971785],[136.18962097240805,36.14323268971785],[136.18962097240805,36.1342394860806],[136.18062776877082,36.1342394860806]]]}},{"type":"Feature","properties":{"jobs":108,"pop":92,"pointCount":6,"homeWorkCommuteMedian":12493,"workHomeCommuteMedian":9573},"geometry":{"type":"Polygon","coordinates":[[[136.18062776877082,36.14323268971785],[136.18062776877082,36.152225893355094],[136.18962097240805,36.152225893355094],[136.18962097240805,36.14323268971785],[136.18062776877082,36.14323268971785]]]}},{"type":"Feature","properties":{"jobs":274,"pop":73,"pointCount":4,"homeWorkCommuteMedian":6179,"workHomeCommuteMedian":1698},"geometry":{"type":"Polygon","coordinates":[[[136.18062776877082,36.152225893355094],[136.18062776877082,36.16121909699234],[136.18962097240805,36.16121909699234],[136.18962097240805,36.152225893355094],[136.18062776877082,36.152225893355094]]]}},{"type":"Feature","properties":{"jobs":330,"pop":194,"pointCount":6,"homeWorkCommuteMedian":7202,"workHomeCommuteMedian":7967},"geometry":{"type":"Polygon","coordinates":[[[136.18062776877082,36.16121909699234],[136.18062776877082,36.170212300629586],[136.18962097240805,36.170212300629586],[136.18962097240805,36.16121909699234],[136.18062776877082,36.16121909699234]]]}},{"type":"Feature","properties":{"jobs":10,"pop":0,"pointCount":1,"homeWorkCommuteMedian":-1,"workHomeCommuteMedian":1396},"geometry":{"type":"Polygon","coordinates":[[[136.18062776877082,36.170212300629586],[136.18062776877082,36.17920550426683],[136.18962097240805,36.17920550426683],[136.18962097240805,36.170212300629586],[136.18062776877082,36.170212300629586]]]}},{"type":"Feature","properties":{"jobs":4,"pop":202,"pointCount":8,"homeWorkCommuteMedian":5415,"workHomeCommuteMedian":162},"geometry":{"type":"Polygon","coordinates":[[[136.18062776877082,36.17920550426683],[136.18062776877082,36.18819870790408],[136.18962097240805,36.18819870790408],[136.18962097240805,36.17920550426683],[136.18062776877082,36.17920550426683]]]}},{"type":"Feature","properties":{"jobs":12,"pop":45,"pointCount":2,"homeWorkCommuteMedian":595,"workHomeCommuteMedian":188},"geometry":{"type":"Polygon","coordinates":[[[136.18062776877082,36.197191911541324],[136.18062776877082,36.20618511517857],[136.18962097240805,36.20618511517857],[136.18962097240805,36.197191911541324],[136.18062776877082,36.197191911541324]]]}},{"type":"Feature","properties":{"jobs":20,"pop":375,"pointCount":12,"homeWorkCommuteMedian":9427,"workHomeCommuteMedian":3842},"geometry":{"type":"Polygon","coordinates":[[[136.18062776877082,36.20618511517857],[136.18062776877082,36.215178318815816],[136.18962097240805,36.215178318815816],[136.18962097240805,36.20618511517857],[136.18062776877082,36.20618511517857]]]}},{"type":"Feature","properties":{"jobs":593,"pop":479,"pointCount":10,"homeWorkCommuteMedian":4576,"workHomeCommuteMedian":5178},"geometry":{"type":"Polygon","coordinates":[[[136.18062776877082,36.215178318815816],[136.18062776877082,36.22417152245306],[136.18962097240805,36.22417152245306],[136.18962097240805,36.215178318815816],[136.18062776877082,36.215178318815816]]]}},{"type":"Feature","properties":{"jobs":565,"pop":71,"pointCount":4,"homeWorkCommuteMedian":12667,"workHomeCommuteMedian":13828},"geometry":{"type":"Polygon","coordinates":[[[136.18062776877082,36.22417152245306],[136.18062776877082,36.23316472609031],[136.18962097240805,36.23316472609031],[136.18962097240805,36.22417152245306],[136.18062776877082,36.22417152245306]]]}},{"type":"Feature","properties":{"jobs":232,"pop":233,"pointCount":11,"homeWorkCommuteMedian":13891,"workHomeCommuteMedian":3126},"geometry":{"type":"Polygon","coordinates":[[[136.18062776877082,36.23316472609031],[136.18062776877082,36.242157929727554],[136.18962097240805,36.242157929727554],[136.18962097240805,36.23316472609031],[136.18062776877082,36.23316472609031]]]}},{"type":"Feature","properties":{"jobs":74,"pop":44,"pointCount":4,"homeWorkCommuteMedian":6734,"workHomeCommuteMedian":42084},"geometry":{"type":"Polygon","coordinates":[[[136.18062776877082,36.2511511333648],[136.18062776877082,36.260144337002046],[136.18962097240805,36.260144337002046],[136.18962097240805,36.2511511333648],[136.18062776877082,36.2511511333648]]]}},{"type":"Feature","properties":{"jobs":0,"pop":11,"pointCount":1,"homeWorkCommuteMedian":11698,"workHomeCommuteMedian":-1},"geometry":{"type":"Polygon","coordinates":[[[136.18962097240805,35.73853852604178],[136.18962097240805,35.747531729679025],[136.19861417604528,35.747531729679025],[136.19861417604528,35.73853852604178],[136.18962097240805,35.73853852604178]]]}},{"type":"Feature","properties":{"jobs":0,"pop":17,"pointCount":1,"homeWorkCommuteMedian":69280,"workHomeCommuteMedian":-1},"geometry":{"type":"Polygon","coordinates":[[[136.18962097240805,35.75652493331627],[136.18962097240805,35.76551813695352],[136.19861417604528,35.76551813695352],[136.19861417604528,35.75652493331627],[136.18962097240805,35.75652493331627]]]}},{"type":"Feature","properties":{"jobs":74,"pop":281,"pointCount":5,"homeWorkCommuteMedian":20929,"workHomeCommuteMedian":21394},"geometry":{"type":"Polygon","coordinates":[[[136.18962097240805,35.76551813695352],[136.18962097240805,35.77451134059076],[136.19861417604528,35.77451134059076],[136.19861417604528,35.76551813695352],[136.18962097240805,35.76551813695352]]]}},{"type":"Feature","properties":{"jobs":369,"pop":214,"pointCount":11,"homeWorkCommuteMedian":16013,"workHomeCommuteMedian":5069},"geometry":{"type":"Polygon","coordinates":[[[136.18962097240805,35.77451134059076],[136.18962097240805,35.78350454422801],[136.19861417604528,35.78350454422801],[136.19861417604528,35.77451134059076],[136.18962097240805,35.77451134059076]]]}},{"type":"Feature","properties":{"jobs":56,"pop":49,"pointCount":3,"homeWorkCommuteMedian":17304,"workHomeCommuteMedian":1367},"geometry":{"type":"Polygon","coordinates":[[[136.18962097240805,35.78350454422801],[136.18962097240805,35.792497747865255],[136.19861417604528,35.792497747865255],[136.19861417604528,35.78350454422801],[136.18962097240805,35.78350454422801]]]}},{"type":"Feature","properties":{"jobs":114,"pop":396,"pointCount":13,"homeWorkCommuteMedian":12177,"workHomeCommuteMedian":3768},"geometry":{"type":"Polygon","coordinates":[[[136.18962097240805,35.792497747865255],[136.18962097240805,35.8014909515025],[136.19861417604528,35.8014909515025],[136.19861417604528,35.792497747865255],[136.18962097240805,35.792497747865255]]]}},{"type":"Feature","properties":{"jobs":94,"pop":69,"pointCount":3,"homeWorkCommuteMedian":19968,"workHomeCommuteMedian":5748},"geometry":{"type":"Polygon","coordinates":[[[136.18962097240805,35.8014909515025],[136.18962097240805,35.81048415513975],[136.19861417604528,35.81048415513975],[136.19861417604528,35.8014909515025],[136.18962097240805,35.8014909515025]]]}},{"type":"Feature","properties":{"jobs":11,"pop":71,"pointCount":4,"homeWorkCommuteMedian":23220,"workHomeCommuteMedian":13584},"geometry":{"type":"Polygon","coordinates":[[[136.18962097240805,35.81048415513975],[136.18962097240805,35.81947735877699],[136.19861417604528,35.81947735877699],[136.19861417604528,35.81048415513975],[136.18962097240805,35.81048415513975]]]}},{"type":"Feature","properties":{"jobs":16,"pop":44,"pointCount":3,"homeWorkCommuteMedian":6598,"workHomeCommuteMedian":9953},"geometry":{"type":"Polygon","coordinates":[[[136.18962097240805,35.81947735877699],[136.18962097240805,35.82847056241424],[136.19861417604528,35.82847056241424],[136.19861417604528,35.81947735877699],[136.18962097240805,35.81947735877699]]]}},{"type":"Feature","properties":{"jobs":1065,"pop":591,"pointCount":16,"homeWorkCommuteMedian":6950,"workHomeCommuteMedian":3645},"geometry":{"type":"Polygon","coordinates":[[[136.18962097240805,35.82847056241424],[136.18962097240805,35.837463766051485],[136.19861417604528,35.837463766051485],[136.19861417604528,35.82847056241424],[136.18962097240805,35.82847056241424]]]}},{"type":"Feature","properties":{"jobs":140,"pop":294,"pointCount":5,"homeWorkCommuteMedian":8662,"workHomeCommuteMedian":15905},"geometry":{"type":"Polygon","coordinates":[[[136.18962097240805,35.837463766051485],[136.18962097240805,35.84645696968873],[136.19861417604528,35.84645696968873],[136.19861417604528,35.837463766051485],[136.18962097240805,35.837463766051485]]]}},{"type":"Feature","properties":{"jobs":22,"pop":12,"pointCount":2,"homeWorkCommuteMedian":734,"workHomeCommuteMedian":2010},"geometry":{"type":"Polygon","coordinates":[[[136.18962097240805,35.87343658060047],[136.18962097240805,35.882429784237715],[136.19861417604528,35.882429784237715],[136.19861417604528,35.87343658060047],[136.18962097240805,35.87343658060047]]]}},{"type":"Feature","properties":{"jobs":396,"pop":335,"pointCount":13,"homeWorkCommuteMedian":5010,"workHomeCommuteMedian":4581},"geometry":{"type":"Polygon","coordinates":[[[136.18962097240805,35.882429784237715],[136.18962097240805,35.89142298787496],[136.19861417604528,35.89142298787496],[136.19861417604528,35.882429784237715],[136.18962097240805,35.882429784237715]]]}},{"type":"Feature","properties":{"jobs":37,"pop":0,"pointCount":2,"homeWorkCommuteMedian":-1,"workHomeCommuteMedian":7593},"geometry":{"type":"Polygon","coordinates":[[[136.18962097240805,35.89142298787496],[136.18962097240805,35.90041619151221],[136.19861417604528,35.90041619151221],[136.19861417604528,35.89142298787496],[136.18962097240805,35.89142298787496]]]}},{"type":"Feature","properties":{"jobs":992,"pop":602,"pointCount":14,"homeWorkCommuteMedian":3399,"workHomeCommuteMedian":5910},"geometry":{"type":"Polygon","coordinates":[[[136.18962097240805,35.90041619151221],[136.18962097240805,35.90940939514945],[136.19861417604528,35.90940939514945],[136.19861417604528,35.90041619151221],[136.18962097240805,35.90041619151221]]]}},{"type":"Feature","properties":{"jobs":1143,"pop":692,"pointCount":14,"homeWorkCommuteMedian":3228,"workHomeCommuteMedian":5897},"geometry":{"type":"Polygon","coordinates":[[[136.18962097240805,35.90940939514945],[136.18962097240805,35.9184025987867],[136.19861417604528,35.9184025987867],[136.19861417604528,35.90940939514945],[136.18962097240805,35.90940939514945]]]}},{"type":"Feature","properties":{"jobs":391,"pop":323,"pointCount":10,"homeWorkCommuteMedian":6147,"workHomeCommuteMedian":6247},"geometry":{"type":"Polygon","coordinates":[[[136.18962097240805,35.9184025987867],[136.18962097240805,35.927395802423945],[136.19861417604528,35.927395802423945],[136.19861417604528,35.9184025987867],[136.18962097240805,35.9184025987867]]]}},{"type":"Feature","properties":{"jobs":486,"pop":656,"pointCount":8,"homeWorkCommuteMedian":6220,"workHomeCommuteMedian":3562},"geometry":{"type":"Polygon","coordinates":[[[136.18962097240805,35.927395802423945],[136.18962097240805,35.93638900606119],[136.19861417604528,35.93638900606119],[136.19861417604528,35.927395802423945],[136.18962097240805,35.927395802423945]]]}},{"type":"Feature","properties":{"jobs":1518,"pop":1725,"pointCount":20,"homeWorkCommuteMedian":4511,"workHomeCommuteMedian":5557},"geometry":{"type":"Polygon","coordinates":[[[136.18962097240805,35.93638900606119],[136.18962097240805,35.94538220969844],[136.19861417604528,35.94538220969844],[136.19861417604528,35.93638900606119],[136.18962097240805,35.93638900606119]]]}},{"type":"Feature","properties":{"jobs":821,"pop":1243,"pointCount":16,"homeWorkCommuteMedian":8646,"workHomeCommuteMedian":6655},"geometry":{"type":"Polygon","coordinates":[[[136.18962097240805,35.94538220969844],[136.18962097240805,35.95437541333568],[136.19861417604528,35.95437541333568],[136.19861417604528,35.94538220969844],[136.18962097240805,35.94538220969844]]]}},{"type":"Feature","properties":{"jobs":378,"pop":167,"pointCount":7,"homeWorkCommuteMedian":6649,"workHomeCommuteMedian":7934},"geometry":{"type":"Polygon","coordinates":[[[136.18962097240805,35.95437541333568],[136.18962097240805,35.96336861697293],[136.19861417604528,35.96336861697293],[136.19861417604528,35.95437541333568],[136.18962097240805,35.95437541333568]]]}},{"type":"Feature","properties":{"jobs":2238,"pop":286,"pointCount":12,"homeWorkCommuteMedian":5894,"workHomeCommuteMedian":7006},"geometry":{"type":"Polygon","coordinates":[[[136.18962097240805,35.96336861697293],[136.18962097240805,35.972361820610175],[136.19861417604528,35.972361820610175],[136.19861417604528,35.96336861697293],[136.18962097240805,35.96336861697293]]]}},{"type":"Feature","properties":{"jobs":2139,"pop":1330,"pointCount":15,"homeWorkCommuteMedian":4465,"workHomeCommuteMedian":6340},"geometry":{"type":"Polygon","coordinates":[[[136.18962097240805,35.972361820610175],[136.18962097240805,35.98135502424742],[136.19861417604528,35.98135502424742],[136.19861417604528,35.972361820610175],[136.18962097240805,35.972361820610175]]]}},{"type":"Feature","properties":{"jobs":0,"pop":168,"pointCount":4,"homeWorkCommuteMedian":4020,"workHomeCommuteMedian":-1},"geometry":{"type":"Polygon","coordinates":[[[136.18962097240805,35.98135502424742],[136.18962097240805,35.99034822788467],[136.19861417604528,35.99034822788467],[136.19861417604528,35.98135502424742],[136.18962097240805,35.98135502424742]]]}},{"type":"Feature","properties":{"jobs":694,"pop":300,"pointCount":10,"homeWorkCommuteMedian":10192,"workHomeCommuteMedian":6720},"geometry":{"type":"Polygon","coordinates":[[[136.18962097240805,35.99034822788467],[136.18962097240805,35.99934143152191],[136.19861417604528,35.99934143152191],[136.19861417604528,35.99034822788467],[136.18962097240805,35.99034822788467]]]}},{"type":"Feature","properties":{"jobs":798,"pop":912,"pointCount":14,"homeWorkCommuteMedian":8904,"workHomeCommuteMedian":3685},"geometry":{"type":"Polygon","coordinates":[[[136.18962097240805,35.99934143152191],[136.18962097240805,36.00833463515916],[136.19861417604528,36.00833463515916],[136.19861417604528,35.99934143152191],[136.18962097240805,35.99934143152191]]]}},{"type":"Feature","properties":{"jobs":394,"pop":87,"pointCount":8,"homeWorkCommuteMedian":6217,"workHomeCommuteMedian":5204},"geometry":{"type":"Polygon","coordinates":[[[136.18962097240805,36.00833463515916],[136.18962097240805,36.017327838796405],[136.19861417604528,36.017327838796405],[136.19861417604528,36.00833463515916],[136.18962097240805,36.00833463515916]]]}},{"type":"Feature","properties":{"jobs":184,"pop":11,"pointCount":3,"homeWorkCommuteMedian":16643,"workHomeCommuteMedian":14976},"geometry":{"type":"Polygon","coordinates":[[[136.18962097240805,36.017327838796405],[136.18962097240805,36.02632104243365],[136.19861417604528,36.02632104243365],[136.19861417604528,36.017327838796405],[136.18962097240805,36.017327838796405]]]}},{"type":"Feature","properties":{"jobs":14,"pop":355,"pointCount":8,"homeWorkCommuteMedian":8484,"workHomeCommuteMedian":10522},"geometry":{"type":"Polygon","coordinates":[[[136.18962097240805,36.02632104243365],[136.18962097240805,36.0353142460709],[136.19861417604528,36.0353142460709],[136.19861417604528,36.02632104243365],[136.18962097240805,36.02632104243365]]]}},{"type":"Feature","properties":{"jobs":1559,"pop":2415,"pointCount":19,"homeWorkCommuteMedian":4738,"workHomeCommuteMedian":3650},"geometry":{"type":"Polygon","coordinates":[[[136.18962097240805,36.0353142460709],[136.18962097240805,36.04430744970814],[136.19861417604528,36.04430744970814],[136.19861417604528,36.0353142460709],[136.18962097240805,36.0353142460709]]]}},{"type":"Feature","properties":{"jobs":510,"pop":1573,"pointCount":15,"homeWorkCommuteMedian":4512,"workHomeCommuteMedian":3845},"geometry":{"type":"Polygon","coordinates":[[[136.18962097240805,36.04430744970814],[136.18962097240805,36.05330065334539],[136.19861417604528,36.05330065334539],[136.19861417604528,36.04430744970814],[136.18962097240805,36.04430744970814]]]}},{"type":"Feature","properties":{"jobs":637,"pop":1738,"pointCount":15,"homeWorkCommuteMedian":3884,"workHomeCommuteMedian":7911},"geometry":{"type":"Polygon","coordinates":[[[136.18962097240805,36.05330065334539],[136.18962097240805,36.062293856982635],[136.19861417604528,36.062293856982635],[136.19861417604528,36.05330065334539],[136.18962097240805,36.05330065334539]]]}},{"type":"Feature","properties":{"jobs":5570,"pop":2125,"pointCount":22,"homeWorkCommuteMedian":5252,"workHomeCommuteMedian":4918},"geometry":{"type":"Polygon","coordinates":[[[136.18962097240805,36.062293856982635],[136.18962097240805,36.07128706061988],[136.19861417604528,36.07128706061988],[136.19861417604528,36.062293856982635],[136.18962097240805,36.062293856982635]]]}},{"type":"Feature","properties":{"jobs":1344,"pop":2824,"pointCount":16,"homeWorkCommuteMedian":4287,"workHomeCommuteMedian":5606},"geometry":{"type":"Polygon","coordinates":[[[136.18962097240805,36.07128706061988],[136.18962097240805,36.08028026425713],[136.19861417604528,36.08028026425713],[136.19861417604528,36.07128706061988],[136.18962097240805,36.07128706061988]]]}},{"type":"Feature","properties":{"jobs":724,"pop":1123,"pointCount":20,"homeWorkCommuteMedian":6770,"workHomeCommuteMedian":8457},"geometry":{"type":"Polygon","coordinates":[[[136.18962097240805,36.08028026425713],[136.18962097240805,36.08927346789437],[136.19861417604528,36.08927346789437],[136.19861417604528,36.08028026425713],[136.18962097240805,36.08028026425713]]]}},{"type":"Feature","properties":{"jobs":16,"pop":168,"pointCount":5,"homeWorkCommuteMedian":9241,"workHomeCommuteMedian":14420},"geometry":{"type":"Polygon","coordinates":[[[136.18962097240805,36.08927346789437],[136.18962097240805,36.09826667153162],[136.19861417604528,36.09826667153162],[136.19861417604528,36.08927346789437],[136.18962097240805,36.08927346789437]]]}},{"type":"Feature","properties":{"jobs":77,"pop":157,"pointCount":10,"homeWorkCommuteMedian":4452,"workHomeCommuteMedian":7157},"geometry":{"type":"Polygon","coordinates":[[[136.18962097240805,36.09826667153162],[136.18962097240805,36.107259875168864],[136.19861417604528,36.107259875168864],[136.19861417604528,36.09826667153162],[136.18962097240805,36.09826667153162]]]}},{"type":"Feature","properties":{"jobs":12,"pop":44,"pointCount":2,"homeWorkCommuteMedian":3246,"workHomeCommuteMedian":2461},"geometry":{"type":"Polygon","coordinates":[[[136.18962097240805,36.107259875168864],[136.18962097240805,36.11625307880611],[136.19861417604528,36.11625307880611],[136.19861417604528,36.107259875168864],[136.18962097240805,36.107259875168864]]]}},{"type":"Feature","properties":{"jobs":183,"pop":11,"pointCount":2,"homeWorkCommuteMedian":4914,"workHomeCommuteMedian":2680},"geometry":{"type":"Polygon","coordinates":[[[136.18962097240805,36.11625307880611],[136.18962097240805,36.12524628244336],[136.19861417604528,36.12524628244336],[136.19861417604528,36.11625307880611],[136.18962097240805,36.11625307880611]]]}},{"type":"Feature","properties":{"jobs":517,"pop":679,"pointCount":9,"homeWorkCommuteMedian":8840,"workHomeCommuteMedian":9320},"geometry":{"type":"Polygon","coordinates":[[[136.18962097240805,36.12524628244336],[136.18962097240805,36.1342394860806],[136.19861417604528,36.1342394860806],[136.19861417604528,36.12524628244336],[136.18962097240805,36.12524628244336]]]}},{"type":"Feature","properties":{"jobs":402,"pop":419,"pointCount":13,"homeWorkCommuteMedian":7313,"workHomeCommuteMedian":9436},"geometry":{"type":"Polygon","coordinates":[[[136.18962097240805,36.1342394860806],[136.18962097240805,36.14323268971785],[136.19861417604528,36.14323268971785],[136.19861417604528,36.1342394860806],[136.18962097240805,36.1342394860806]]]}},{"type":"Feature","properties":{"jobs":42,"pop":128,"pointCount":5,"homeWorkCommuteMedian":9295,"workHomeCommuteMedian":2484},"geometry":{"type":"Polygon","coordinates":[[[136.18962097240805,36.14323268971785],[136.18962097240805,36.152225893355094],[136.19861417604528,36.152225893355094],[136.19861417604528,36.14323268971785],[136.18962097240805,36.14323268971785]]]}},{"type":"Feature","properties":{"jobs":122,"pop":792,"pointCount":10,"homeWorkCommuteMedian":7494,"workHomeCommuteMedian":7736},"geometry":{"type":"Polygon","coordinates":[[[136.18962097240805,36.152225893355094],[136.18962097240805,36.16121909699234],[136.19861417604528,36.16121909699234],[136.19861417604528,36.152225893355094],[136.18962097240805,36.152225893355094]]]}},{"type":"Feature","properties":{"jobs":14,"pop":94,"pointCount":3,"homeWorkCommuteMedian":10145,"workHomeCommuteMedian":648},"geometry":{"type":"Polygon","coordinates":[[[136.18962097240805,36.16121909699234],[136.18962097240805,36.170212300629586],[136.19861417604528,36.170212300629586],[136.19861417604528,36.16121909699234],[136.18962097240805,36.16121909699234]]]}},{"type":"Feature","properties":{"jobs":337,"pop":325,"pointCount":7,"homeWorkCommuteMedian":8181,"workHomeCommuteMedian":10000},"geometry":{"type":"Polygon","coordinates":[[[136.18962097240805,36.170212300629586],[136.18962097240805,36.17920550426683],[136.19861417604528,36.17920550426683],[136.19861417604528,36.170212300629586],[136.18962097240805,36.170212300629586]]]}},{"type":"Feature","properties":{"jobs":544,"pop":501,"pointCount":12,"homeWorkCommuteMedian":8515,"workHomeCommuteMedian":6187},"geometry":{"type":"Polygon","coordinates":[[[136.18962097240805,36.17920550426683],[136.18962097240805,36.18819870790408],[136.19861417604528,36.18819870790408],[136.19861417604528,36.17920550426683],[136.18962097240805,36.17920550426683]]]}},{"type":"Feature","properties":{"jobs":103,"pop":0,"pointCount":3,"homeWorkCommuteMedian":-1,"workHomeCommuteMedian":21103},"geometry":{"type":"Polygon","coordinates":[[[136.18962097240805,36.18819870790408],[136.18962097240805,36.197191911541324],[136.19861417604528,36.197191911541324],[136.19861417604528,36.18819870790408],[136.18962097240805,36.18819870790408]]]}},{"type":"Feature","properties":{"jobs":138,"pop":255,"pointCount":6,"homeWorkCommuteMedian":5586,"workHomeCommuteMedian":9039},"geometry":{"type":"Polygon","coordinates":[[[136.18962097240805,36.197191911541324],[136.18962097240805,36.20618511517857],[136.19861417604528,36.20618511517857],[136.19861417604528,36.197191911541324],[136.18962097240805,36.197191911541324]]]}},{"type":"Feature","properties":{"jobs":173,"pop":232,"pointCount":8,"homeWorkCommuteMedian":14145,"workHomeCommuteMedian":3039},"geometry":{"type":"Polygon","coordinates":[[[136.18962097240805,36.20618511517857],[136.18962097240805,36.215178318815816],[136.19861417604528,36.215178318815816],[136.19861417604528,36.20618511517857],[136.18962097240805,36.20618511517857]]]}},{"type":"Feature","properties":{"jobs":964,"pop":444,"pointCount":11,"homeWorkCommuteMedian":4822,"workHomeCommuteMedian":4816},"geometry":{"type":"Polygon","coordinates":[[[136.18962097240805,36.215178318815816],[136.18962097240805,36.22417152245306],[136.19861417604528,36.22417152245306],[136.19861417604528,36.215178318815816],[136.18962097240805,36.215178318815816]]]}},{"type":"Feature","properties":{"jobs":1091,"pop":989,"pointCount":18,"homeWorkCommuteMedian":5261,"workHomeCommuteMedian":6811},"geometry":{"type":"Polygon","coordinates":[[[136.18962097240805,36.22417152245306],[136.18962097240805,36.23316472609031],[136.19861417604528,36.23316472609031],[136.19861417604528,36.22417152245306],[136.18962097240805,36.22417152245306]]]}},{"type":"Feature","properties":{"jobs":246,"pop":34,"pointCount":4,"homeWorkCommuteMedian":5562,"workHomeCommuteMedian":3915},"geometry":{"type":"Polygon","coordinates":[[[136.18962097240805,36.23316472609031],[136.18962097240805,36.242157929727554],[136.19861417604528,36.242157929727554],[136.19861417604528,36.23316472609031],[136.18962097240805,36.23316472609031]]]}},{"type":"Feature","properties":{"jobs":220,"pop":61,"pointCount":7,"homeWorkCommuteMedian":4645,"workHomeCommuteMedian":6984},"geometry":{"type":"Polygon","coordinates":[[[136.18962097240805,36.242157929727554],[136.18962097240805,36.2511511333648],[136.19861417604528,36.2511511333648],[136.19861417604528,36.242157929727554],[136.18962097240805,36.242157929727554]]]}},{"type":"Feature","properties":{"jobs":2,"pop":38,"pointCount":2,"homeWorkCommuteMedian":3778,"workHomeCommuteMedian":42089},"geometry":{"type":"Polygon","coordinates":[[[136.18962097240805,36.2511511333648],[136.18962097240805,36.260144337002046],[136.19861417604528,36.260144337002046],[136.19861417604528,36.2511511333648],[136.18962097240805,36.2511511333648]]]}},{"type":"Feature","properties":{"jobs":12,"pop":68,"pointCount":4,"homeWorkCommuteMedian":9074,"workHomeCommuteMedian":13798},"geometry":{"type":"Polygon","coordinates":[[[136.19861417604528,35.72954532240453],[136.19861417604528,35.73853852604178],[136.2076073796825,35.73853852604178],[136.2076073796825,35.72954532240453],[136.19861417604528,35.72954532240453]]]}},{"type":"Feature","properties":{"jobs":3,"pop":28,"pointCount":2,"homeWorkCommuteMedian":3782,"workHomeCommuteMedian":4687},"geometry":{"type":"Polygon","coordinates":[[[136.19861417604528,35.747531729679025],[136.19861417604528,35.75652493331627],[136.2076073796825,35.75652493331627],[136.2076073796825,35.747531729679025],[136.19861417604528,35.747531729679025]]]}},{"type":"Feature","properties":{"jobs":21,"pop":96,"pointCount":3,"homeWorkCommuteMedian":17030,"workHomeCommuteMedian":25740},"geometry":{"type":"Polygon","coordinates":[[[136.19861417604528,35.75652493331627],[136.19861417604528,35.76551813695352],[136.2076073796825,35.76551813695352],[136.2076073796825,35.75652493331627],[136.19861417604528,35.75652493331627]]]}},{"type":"Feature","properties":{"jobs":75,"pop":180,"pointCount":7,"homeWorkCommuteMedian":7188,"workHomeCommuteMedian":24949},"geometry":{"type":"Polygon","coordinates":[[[136.19861417604528,35.76551813695352],[136.19861417604528,35.77451134059076],[136.2076073796825,35.77451134059076],[136.2076073796825,35.76551813695352],[136.19861417604528,35.76551813695352]]]}},{"type":"Feature","properties":{"jobs":25,"pop":62,"pointCount":3,"homeWorkCommuteMedian":30532,"workHomeCommuteMedian":4709},"geometry":{"type":"Polygon","coordinates":[[[136.19861417604528,35.78350454422801],[136.19861417604528,35.792497747865255],[136.2076073796825,35.792497747865255],[136.2076073796825,35.78350454422801],[136.19861417604528,35.78350454422801]]]}},{"type":"Feature","properties":{"jobs":0,"pop":17,"pointCount":1,"homeWorkCommuteMedian":1367,"workHomeCommuteMedian":-1},"geometry":{"type":"Polygon","coordinates":[[[136.19861417604528,35.792497747865255],[136.19861417604528,35.8014909515025],[136.2076073796825,35.8014909515025],[136.2076073796825,35.792497747865255],[136.19861417604528,35.792497747865255]]]}},{"type":"Feature","properties":{"jobs":109,"pop":73,"pointCount":6,"homeWorkCommuteMedian":3382,"workHomeCommuteMedian":3423},"geometry":{"type":"Polygon","coordinates":[[[136.19861417604528,35.81048415513975],[136.19861417604528,35.81947735877699],[136.2076073796825,35.81947735877699],[136.2076073796825,35.81048415513975],[136.19861417604528,35.81048415513975]]]}},{"type":"Feature","properties":{"jobs":245,"pop":38,"pointCount":5,"homeWorkCommuteMedian":26346,"workHomeCommuteMedian":11201},"geometry":{"type":"Polygon","coordinates":[[[136.19861417604528,35.81947735877699],[136.19861417604528,35.82847056241424],[136.2076073796825,35.82847056241424],[136.2076073796825,35.81947735877699],[136.19861417604528,35.81947735877699]]]}},{"type":"Feature","properties":{"jobs":55,"pop":392,"pointCount":9,"homeWorkCommuteMedian":15068,"workHomeCommuteMedian":3382},"geometry":{"type":"Polygon","coordinates":[[[136.19861417604528,35.82847056241424],[136.19861417604528,35.837463766051485],[136.2076073796825,35.837463766051485],[136.2076073796825,35.82847056241424],[136.19861417604528,35.82847056241424]]]}},{"type":"Feature","properties":{"jobs":0,"pop":144,"pointCount":5,"homeWorkCommuteMedian":10660,"workHomeCommuteMedian":-1},"geometry":{"type":"Polygon","coordinates":[[[136.19861417604528,35.837463766051485],[136.19861417604528,35.84645696968873],[136.2076073796825,35.84645696968873],[136.2076073796825,35.837463766051485],[136.19861417604528,35.837463766051485]]]}},{"type":"Feature","properties":{"jobs":0,"pop":25,"pointCount":1,"homeWorkCommuteMedian":7163,"workHomeCommuteMedian":-1},"geometry":{"type":"Polygon","coordinates":[[[136.19861417604528,35.87343658060047],[136.19861417604528,35.882429784237715],[136.2076073796825,35.882429784237715],[136.2076073796825,35.87343658060047],[136.19861417604528,35.87343658060047]]]}},{"type":"Feature","properties":{"jobs":143,"pop":90,"pointCount":5,"homeWorkCommuteMedian":19298,"workHomeCommuteMedian":20792},"geometry":{"type":"Polygon","coordinates":[[[136.19861417604528,35.882429784237715],[136.19861417604528,35.89142298787496],[136.2076073796825,35.89142298787496],[136.2076073796825,35.882429784237715],[136.19861417604528,35.882429784237715]]]}},{"type":"Feature","properties":{"jobs":164,"pop":106,"pointCount":2,"homeWorkCommuteMedian":2423,"workHomeCommuteMedian":18058},"geometry":{"type":"Polygon","coordinates":[[[136.19861417604528,35.89142298787496],[136.19861417604528,35.90041619151221],[136.2076073796825,35.90041619151221],[136.2076073796825,35.89142298787496],[136.19861417604528,35.89142298787496]]]}},{"type":"Feature","properties":{"jobs":333,"pop":228,"pointCount":15,"homeWorkCommuteMedian":5954,"workHomeCommuteMedian":5602},"geometry":{"type":"Polygon","coordinates":[[[136.19861417604528,35.90041619151221],[136.19861417604528,35.90940939514945],[136.2076073796825,35.90940939514945],[136.2076073796825,35.90041619151221],[136.19861417604528,35.90041619151221]]]}},{"type":"Feature","properties":{"jobs":81,"pop":156,"pointCount":4,"homeWorkCommuteMedian":5653,"workHomeCommuteMedian":8897},"geometry":{"type":"Polygon","coordinates":[[[136.19861417604528,35.90940939514945],[136.19861417604528,35.9184025987867],[136.2076073796825,35.9184025987867],[136.2076073796825,35.90940939514945],[136.19861417604528,35.90940939514945]]]}},{"type":"Feature","properties":{"jobs":0,"pop":101,"pointCount":1,"homeWorkCommuteMedian":10246,"workHomeCommuteMedian":-1},"geometry":{"type":"Polygon","coordinates":[[[136.19861417604528,35.9184025987867],[136.19861417604528,35.927395802423945],[136.2076073796825,35.927395802423945],[136.2076073796825,35.9184025987867],[136.19861417604528,35.9184025987867]]]}},{"type":"Feature","properties":{"jobs":640,"pop":891,"pointCount":15,"homeWorkCommuteMedian":5768,"workHomeCommuteMedian":3404},"geometry":{"type":"Polygon","coordinates":[[[136.19861417604528,35.93638900606119],[136.19861417604528,35.94538220969844],[136.2076073796825,35.94538220969844],[136.2076073796825,35.93638900606119],[136.19861417604528,35.93638900606119]]]}},{"type":"Feature","properties":{"jobs":757,"pop":321,"pointCount":16,"homeWorkCommuteMedian":4398,"workHomeCommuteMedian":5233},"geometry":{"type":"Polygon","coordinates":[[[136.19861417604528,35.94538220969844],[136.19861417604528,35.95437541333568],[136.2076073796825,35.95437541333568],[136.2076073796825,35.94538220969844],[136.19861417604528,35.94538220969844]]]}},{"type":"Feature","properties":{"jobs":185,"pop":463,"pointCount":10,"homeWorkCommuteMedian":6132,"workHomeCommuteMedian":5268},"geometry":{"type":"Polygon","coordinates":[[[136.19861417604528,35.95437541333568],[136.19861417604528,35.96336861697293],[136.2076073796825,35.96336861697293],[136.2076073796825,35.95437541333568],[136.19861417604528,35.95437541333568]]]}},{"type":"Feature","properties":{"jobs":283,"pop":438,"pointCount":10,"homeWorkCommuteMedian":5037,"workHomeCommuteMedian":9148},"geometry":{"type":"Polygon","coordinates":[[[136.19861417604528,35.96336861697293],[136.19861417604528,35.972361820610175],[136.2076073796825,35.972361820610175],[136.2076073796825,35.96336861697293],[136.19861417604528,35.96336861697293]]]}},{"type":"Feature","properties":{"jobs":527,"pop":68,"pointCount":7,"homeWorkCommuteMedian":8993,"workHomeCommuteMedian":6818},"geometry":{"type":"Polygon","coordinates":[[[136.19861417604528,35.972361820610175],[136.19861417604528,35.98135502424742],[136.2076073796825,35.98135502424742],[136.2076073796825,35.972361820610175],[136.19861417604528,35.972361820610175]]]}},{"type":"Feature","properties":{"jobs":75,"pop":178,"pointCount":10,"homeWorkCommuteMedian":8781,"workHomeCommuteMedian":8545},"geometry":{"type":"Polygon","coordinates":[[[136.19861417604528,35.98135502424742],[136.19861417604528,35.99034822788467],[136.2076073796825,35.99034822788467],[136.2076073796825,35.98135502424742],[136.19861417604528,35.98135502424742]]]}},{"type":"Feature","properties":{"jobs":222,"pop":421,"pointCount":10,"homeWorkCommuteMedian":9529,"workHomeCommuteMedian":6961},"geometry":{"type":"Polygon","coordinates":[[[136.19861417604528,35.99034822788467],[136.19861417604528,35.99934143152191],[136.2076073796825,35.99934143152191],[136.2076073796825,35.99034822788467],[136.19861417604528,35.99034822788467]]]}},{"type":"Feature","properties":{"jobs":1060,"pop":370,"pointCount":12,"homeWorkCommuteMedian":6562,"workHomeCommuteMedian":5234},"geometry":{"type":"Polygon","coordinates":[[[136.19861417604528,35.99934143152191],[136.19861417604528,36.00833463515916],[136.2076073796825,36.00833463515916],[136.2076073796825,35.99934143152191],[136.19861417604528,35.99934143152191]]]}},{"type":"Feature","properties":{"jobs":695,"pop":178,"pointCount":13,"homeWorkCommuteMedian":6471,"workHomeCommuteMedian":11955},"geometry":{"type":"Polygon","coordinates":[[[136.19861417604528,36.00833463515916],[136.19861417604528,36.017327838796405],[136.2076073796825,36.017327838796405],[136.2076073796825,36.00833463515916],[136.19861417604528,36.00833463515916]]]}},{"type":"Feature","properties":{"jobs":994,"pop":1298,"pointCount":13,"homeWorkCommuteMedian":8529,"workHomeCommuteMedian":4787},"geometry":{"type":"Polygon","coordinates":[[[136.19861417604528,36.017327838796405],[136.19861417604528,36.02632104243365],[136.2076073796825,36.02632104243365],[136.2076073796825,36.017327838796405],[136.19861417604528,36.017327838796405]]]}},{"type":"Feature","properties":{"jobs":1002,"pop":1643,"pointCount":16,"homeWorkCommuteMedian":5205,"workHomeCommuteMedian":6192},"geometry":{"type":"Polygon","coordinates":[[[136.19861417604528,36.02632104243365],[136.19861417604528,36.0353142460709],[136.2076073796825,36.0353142460709],[136.2076073796825,36.02632104243365],[136.19861417604528,36.02632104243365]]]}},{"type":"Feature","properties":{"jobs":799,"pop":1504,"pointCount":11,"homeWorkCommuteMedian":4366,"workHomeCommuteMedian":12010},"geometry":{"type":"Polygon","coordinates":[[[136.19861417604528,36.0353142460709],[136.19861417604528,36.04430744970814],[136.2076073796825,36.04430744970814],[136.2076073796825,36.0353142460709],[136.19861417604528,36.0353142460709]]]}},{"type":"Feature","properties":{"jobs":655,"pop":1454,"pointCount":14,"homeWorkCommuteMedian":3910,"workHomeCommuteMedian":8744},"geometry":{"type":"Polygon","coordinates":[[[136.19861417604528,36.04430744970814],[136.19861417604528,36.05330065334539],[136.2076073796825,36.05330065334539],[136.2076073796825,36.04430744970814],[136.19861417604528,36.04430744970814]]]}},{"type":"Feature","properties":{"jobs":1328,"pop":2189,"pointCount":20,"homeWorkCommuteMedian":3535,"workHomeCommuteMedian":4064},"geometry":{"type":"Polygon","coordinates":[[[136.19861417604528,36.05330065334539],[136.19861417604528,36.062293856982635],[136.2076073796825,36.062293856982635],[136.2076073796825,36.05330065334539],[136.19861417604528,36.05330065334539]]]}},{"type":"Feature","properties":{"jobs":1608,"pop":2847,"pointCount":18,"homeWorkCommuteMedian":3592,"workHomeCommuteMedian":1710},"geometry":{"type":"Polygon","coordinates":[[[136.19861417604528,36.062293856982635],[136.19861417604528,36.07128706061988],[136.2076073796825,36.07128706061988],[136.2076073796825,36.062293856982635],[136.19861417604528,36.062293856982635]]]}},{"type":"Feature","properties":{"jobs":2958,"pop":2621,"pointCount":20,"homeWorkCommuteMedian":3791,"workHomeCommuteMedian":4303},"geometry":{"type":"Polygon","coordinates":[[[136.19861417604528,36.07128706061988],[136.19861417604528,36.08028026425713],[136.2076073796825,36.08028026425713],[136.2076073796825,36.07128706061988],[136.19861417604528,36.07128706061988]]]}},{"type":"Feature","properties":{"jobs":2343,"pop":2308,"pointCount":19,"homeWorkCommuteMedian":6755,"workHomeCommuteMedian":7187},"geometry":{"type":"Polygon","coordinates":[[[136.19861417604528,36.08028026425713],[136.19861417604528,36.08927346789437],[136.2076073796825,36.08927346789437],[136.2076073796825,36.08028026425713],[136.19861417604528,36.08028026425713]]]}},{"type":"Feature","properties":{"jobs":520,"pop":2102,"pointCount":16,"homeWorkCommuteMedian":5082,"workHomeCommuteMedian":5464},"geometry":{"type":"Polygon","coordinates":[[[136.19861417604528,36.08927346789437],[136.19861417604528,36.09826667153162],[136.2076073796825,36.09826667153162],[136.2076073796825,36.08927346789437],[136.19861417604528,36.08927346789437]]]}},{"type":"Feature","properties":{"jobs":0,"pop":24,"pointCount":1,"homeWorkCommuteMedian":6508,"workHomeCommuteMedian":-1},"geometry":{"type":"Polygon","coordinates":[[[136.19861417604528,36.09826667153162],[136.19861417604528,36.107259875168864],[136.2076073796825,36.107259875168864],[136.2076073796825,36.09826667153162],[136.19861417604528,36.09826667153162]]]}},{"type":"Feature","properties":{"jobs":338,"pop":44,"pointCount":8,"homeWorkCommuteMedian":9210,"workHomeCommuteMedian":6253},"geometry":{"type":"Polygon","coordinates":[[[136.19861417604528,36.107259875168864],[136.19861417604528,36.11625307880611],[136.2076073796825,36.11625307880611],[136.2076073796825,36.107259875168864],[136.19861417604528,36.107259875168864]]]}},{"type":"Feature","properties":{"jobs":488,"pop":393,"pointCount":15,"homeWorkCommuteMedian":9897,"workHomeCommuteMedian":7752},"geometry":{"type":"Polygon","coordinates":[[[136.19861417604528,36.11625307880611],[136.19861417604528,36.12524628244336],[136.2076073796825,36.12524628244336],[136.2076073796825,36.11625307880611],[136.19861417604528,36.11625307880611]]]}},{"type":"Feature","properties":{"jobs":521,"pop":876,"pointCount":14,"homeWorkCommuteMedian":2512,"workHomeCommuteMedian":1315},"geometry":{"type":"Polygon","coordinates":[[[136.19861417604528,36.12524628244336],[136.19861417604528,36.1342394860806],[136.2076073796825,36.1342394860806],[136.2076073796825,36.12524628244336],[136.19861417604528,36.12524628244336]]]}},{"type":"Feature","properties":{"jobs":429,"pop":486,"pointCount":16,"homeWorkCommuteMedian":5758,"workHomeCommuteMedian":4489},"geometry":{"type":"Polygon","coordinates":[[[136.19861417604528,36.1342394860806],[136.19861417604528,36.14323268971785],[136.2076073796825,36.14323268971785],[136.2076073796825,36.1342394860806],[136.19861417604528,36.1342394860806]]]}},{"type":"Feature","properties":{"jobs":80,"pop":733,"pointCount":14,"homeWorkCommuteMedian":6233,"workHomeCommuteMedian":880},"geometry":{"type":"Polygon","coordinates":[[[136.19861417604528,36.14323268971785],[136.19861417604528,36.152225893355094],[136.2076073796825,36.152225893355094],[136.2076073796825,36.14323268971785],[136.19861417604528,36.14323268971785]]]}},{"type":"Feature","properties":{"jobs":278,"pop":307,"pointCount":8,"homeWorkCommuteMedian":5263,"workHomeCommuteMedian":7653},"geometry":{"type":"Polygon","coordinates":[[[136.19861417604528,36.152225893355094],[136.19861417604528,36.16121909699234],[136.2076073796825,36.16121909699234],[136.2076073796825,36.152225893355094],[136.19861417604528,36.152225893355094]]]}},{"type":"Feature","properties":{"jobs":226,"pop":321,"pointCount":9,"homeWorkCommuteMedian":7966,"workHomeCommuteMedian":1956},"geometry":{"type":"Polygon","coordinates":[[[136.19861417604528,36.16121909699234],[136.19861417604528,36.170212300629586],[136.2076073796825,36.170212300629586],[136.2076073796825,36.16121909699234],[136.19861417604528,36.16121909699234]]]}},{"type":"Feature","properties":{"jobs":32,"pop":68,"pointCount":3,"homeWorkCommuteMedian":10000,"workHomeCommuteMedian":19623},"geometry":{"type":"Polygon","coordinates":[[[136.19861417604528,36.170212300629586],[136.19861417604528,36.17920550426683],[136.2076073796825,36.17920550426683],[136.2076073796825,36.170212300629586],[136.19861417604528,36.170212300629586]]]}},{"type":"Feature","properties":{"jobs":141,"pop":636,"pointCount":10,"homeWorkCommuteMedian":8952,"workHomeCommuteMedian":4568},"geometry":{"type":"Polygon","coordinates":[[[136.19861417604528,36.17920550426683],[136.19861417604528,36.18819870790408],[136.2076073796825,36.18819870790408],[136.2076073796825,36.17920550426683],[136.19861417604528,36.17920550426683]]]}},{"type":"Feature","properties":{"jobs":46,"pop":120,"pointCount":5,"homeWorkCommuteMedian":5514,"workHomeCommuteMedian":9637},"geometry":{"type":"Polygon","coordinates":[[[136.19861417604528,36.197191911541324],[136.19861417604528,36.20618511517857],[136.2076073796825,36.20618511517857],[136.2076073796825,36.197191911541324],[136.19861417604528,36.197191911541324]]]}},{"type":"Feature","properties":{"jobs":67,"pop":456,"pointCount":11,"homeWorkCommuteMedian":10495,"workHomeCommuteMedian":6709},"geometry":{"type":"Polygon","coordinates":[[[136.19861417604528,36.20618511517857],[136.19861417604528,36.215178318815816],[136.2076073796825,36.215178318815816],[136.2076073796825,36.20618511517857],[136.19861417604528,36.20618511517857]]]}},{"type":"Feature","properties":{"jobs":134,"pop":489,"pointCount":7,"homeWorkCommuteMedian":12924,"workHomeCommuteMedian":5112},"geometry":{"type":"Polygon","coordinates":[[[136.19861417604528,36.215178318815816],[136.19861417604528,36.22417152245306],[136.2076073796825,36.22417152245306],[136.2076073796825,36.215178318815816],[136.19861417604528,36.215178318815816]]]}},{"type":"Feature","properties":{"jobs":163,"pop":520,"pointCount":9,"homeWorkCommuteMedian":3087,"workHomeCommuteMedian":5568},"geometry":{"type":"Polygon","coordinates":[[[136.19861417604528,36.22417152245306],[136.19861417604528,36.23316472609031],[136.2076073796825,36.23316472609031],[136.2076073796825,36.22417152245306],[136.19861417604528,36.22417152245306]]]}},{"type":"Feature","properties":{"jobs":205,"pop":102,"pointCount":7,"homeWorkCommuteMedian":2572,"workHomeCommuteMedian":3927},"geometry":{"type":"Polygon","coordinates":[[[136.19861417604528,36.23316472609031],[136.19861417604528,36.242157929727554],[136.2076073796825,36.242157929727554],[136.2076073796825,36.23316472609031],[136.19861417604528,36.23316472609031]]]}},{"type":"Feature","properties":{"jobs":69,"pop":244,"pointCount":8,"homeWorkCommuteMedian":5722,"workHomeCommuteMedian":34667},"geometry":{"type":"Polygon","coordinates":[[[136.19861417604528,36.260144337002046],[136.19861417604528,36.26913754063929],[136.2076073796825,36.26913754063929],[136.2076073796825,36.260144337002046],[136.19861417604528,36.260144337002046]]]}},{"type":"Feature","properties":{"jobs":64,"pop":46,"pointCount":4,"homeWorkCommuteMedian":31139,"workHomeCommuteMedian":9138},"geometry":{"type":"Polygon","coordinates":[[[136.2076073796825,35.78350454422801],[136.2076073796825,35.792497747865255],[136.21660058331975,35.792497747865255],[136.21660058331975,35.78350454422801],[136.2076073796825,35.78350454422801]]]}},{"type":"Feature","properties":{"jobs":10,"pop":77,"pointCount":3,"homeWorkCommuteMedian":3355,"workHomeCommuteMedian":10672},"geometry":{"type":"Polygon","coordinates":[[[136.2076073796825,35.81048415513975],[136.2076073796825,35.81947735877699],[136.21660058331975,35.81947735877699],[136.21660058331975,35.81048415513975],[136.2076073796825,35.81048415513975]]]}},{"type":"Feature","properties":{"jobs":18,"pop":49,"pointCount":4,"homeWorkCommuteMedian":2510,"workHomeCommuteMedian":6392},"geometry":{"type":"Polygon","coordinates":[[[136.2076073796825,35.81947735877699],[136.2076073796825,35.82847056241424],[136.21660058331975,35.82847056241424],[136.21660058331975,35.81947735877699],[136.2076073796825,35.81947735877699]]]}},{"type":"Feature","properties":{"jobs":33,"pop":175,"pointCount":7,"homeWorkCommuteMedian":3423,"workHomeCommuteMedian":3320},"geometry":{"type":"Polygon","coordinates":[[[136.2076073796825,35.82847056241424],[136.2076073796825,35.837463766051485],[136.21660058331975,35.837463766051485],[136.21660058331975,35.82847056241424],[136.2076073796825,35.82847056241424]]]}},{"type":"Feature","properties":{"jobs":30,"pop":68,"pointCount":5,"homeWorkCommuteMedian":13784,"workHomeCommuteMedian":18854},"geometry":{"type":"Polygon","coordinates":[[[136.2076073796825,35.837463766051485],[136.2076073796825,35.84645696968873],[136.21660058331975,35.84645696968873],[136.21660058331975,35.837463766051485],[136.2076073796825,35.837463766051485]]]}},{"type":"Feature","properties":{"jobs":1182,"pop":30,"pointCount":6,"homeWorkCommuteMedian":1280,"workHomeCommuteMedian":8126},"geometry":{"type":"Polygon","coordinates":[[[136.2076073796825,35.882429784237715],[136.2076073796825,35.89142298787496],[136.21660058331975,35.89142298787496],[136.21660058331975,35.882429784237715],[136.2076073796825,35.882429784237715]]]}},{"type":"Feature","properties":{"jobs":283,"pop":162,"pointCount":10,"homeWorkCommuteMedian":5454,"workHomeCommuteMedian":4031},"geometry":{"type":"Polygon","coordinates":[[[136.2076073796825,35.89142298787496],[136.2076073796825,35.90041619151221],[136.21660058331975,35.90041619151221],[136.21660058331975,35.89142298787496],[136.2076073796825,35.89142298787496]]]}},{"type":"Feature","properties":{"jobs":149,"pop":235,"pointCount":8,"homeWorkCommuteMedian":4966,"workHomeCommuteMedian":7387},"geometry":{"type":"Polygon","coordinates":[[[136.2076073796825,35.90041619151221],[136.2076073796825,35.90940939514945],[136.21660058331975,35.90940939514945],[136.21660058331975,35.90041619151221],[136.2076073796825,35.90041619151221]]]}},{"type":"Feature","properties":{"jobs":278,"pop":516,"pointCount":9,"homeWorkCommuteMedian":5941,"workHomeCommuteMedian":4571},"geometry":{"type":"Polygon","coordinates":[[[136.2076073796825,35.90940939514945],[136.2076073796825,35.9184025987867],[136.21660058331975,35.9184025987867],[136.21660058331975,35.90940939514945],[136.2076073796825,35.90940939514945]]]}},{"type":"Feature","properties":{"jobs":85,"pop":384,"pointCount":14,"homeWorkCommuteMedian":9023,"workHomeCommuteMedian":2824},"geometry":{"type":"Polygon","coordinates":[[[136.2076073796825,35.9184025987867],[136.2076073796825,35.927395802423945],[136.21660058331975,35.927395802423945],[136.21660058331975,35.9184025987867],[136.2076073796825,35.9184025987867]]]}},{"type":"Feature","properties":{"jobs":109,"pop":335,"pointCount":9,"homeWorkCommuteMedian":5055,"workHomeCommuteMedian":4840},"geometry":{"type":"Polygon","coordinates":[[[136.2076073796825,35.927395802423945],[136.2076073796825,35.93638900606119],[136.21660058331975,35.93638900606119],[136.21660058331975,35.927395802423945],[136.2076073796825,35.927395802423945]]]}},{"type":"Feature","properties":{"jobs":13,"pop":45,"pointCount":2,"homeWorkCommuteMedian":14510,"workHomeCommuteMedian":3034},"geometry":{"type":"Polygon","coordinates":[[[136.2076073796825,35.93638900606119],[136.2076073796825,35.94538220969844],[136.21660058331975,35.94538220969844],[136.21660058331975,35.93638900606119],[136.2076073796825,35.93638900606119]]]}},{"type":"Feature","properties":{"jobs":573,"pop":730,"pointCount":14,"homeWorkCommuteMedian":7270,"workHomeCommuteMedian":4152},"geometry":{"type":"Polygon","coordinates":[[[136.2076073796825,35.94538220969844],[136.2076073796825,35.95437541333568],[136.21660058331975,35.95437541333568],[136.21660058331975,35.94538220969844],[136.2076073796825,35.94538220969844]]]}},{"type":"Feature","properties":{"jobs":78,"pop":101,"pointCount":4,"homeWorkCommuteMedian":6219,"workHomeCommuteMedian":5380},"geometry":{"type":"Polygon","coordinates":[[[136.2076073796825,35.95437541333568],[136.2076073796825,35.96336861697293],[136.21660058331975,35.96336861697293],[136.21660058331975,35.95437541333568],[136.2076073796825,35.95437541333568]]]}},{"type":"Feature","properties":{"jobs":149,"pop":618,"pointCount":11,"homeWorkCommuteMedian":5339,"workHomeCommuteMedian":3475},"geometry":{"type":"Polygon","coordinates":[[[136.2076073796825,35.96336861697293],[136.2076073796825,35.972361820610175],[136.21660058331975,35.972361820610175],[136.21660058331975,35.96336861697293],[136.2076073796825,35.96336861697293]]]}},{"type":"Feature","properties":{"jobs":11,"pop":0,"pointCount":1,"homeWorkCommuteMedian":-1,"workHomeCommuteMedian":2640},"geometry":{"type":"Polygon","coordinates":[[[136.2076073796825,35.972361820610175],[136.2076073796825,35.98135502424742],[136.21660058331975,35.98135502424742],[136.21660058331975,35.972361820610175],[136.2076073796825,35.972361820610175]]]}},{"type":"Feature","properties":{"jobs":9,"pop":160,"pointCount":4,"homeWorkCommuteMedian":14129,"workHomeCommuteMedian":7950},"geometry":{"type":"Polygon","coordinates":[[[136.2076073796825,35.98135502424742],[136.2076073796825,35.99034822788467],[136.21660058331975,35.99034822788467],[136.21660058331975,35.98135502424742],[136.2076073796825,35.98135502424742]]]}},{"type":"Feature","properties":{"jobs":10,"pop":10,"pointCount":2,"homeWorkCommuteMedian":6342,"workHomeCommuteMedian":4270},"geometry":{"type":"Polygon","coordinates":[[[136.2076073796825,35.99034822788467],[136.2076073796825,35.99934143152191],[136.21660058331975,35.99934143152191],[136.21660058331975,35.99034822788467],[136.2076073796825,35.99034822788467]]]}},{"type":"Feature","properties":{"jobs":127,"pop":112,"pointCount":7,"homeWorkCommuteMedian":9317,"workHomeCommuteMedian":11005},"geometry":{"type":"Polygon","coordinates":[[[136.2076073796825,35.99934143152191],[136.2076073796825,36.00833463515916],[136.21660058331975,36.00833463515916],[136.21660058331975,35.99934143152191],[136.2076073796825,35.99934143152191]]]}},{"type":"Feature","properties":{"jobs":98,"pop":43,"pointCount":3,"homeWorkCommuteMedian":6095,"workHomeCommuteMedian":13099},"geometry":{"type":"Polygon","coordinates":[[[136.2076073796825,36.00833463515916],[136.2076073796825,36.017327838796405],[136.21660058331975,36.017327838796405],[136.21660058331975,36.00833463515916],[136.2076073796825,36.00833463515916]]]}},{"type":"Feature","properties":{"jobs":1976,"pop":443,"pointCount":11,"homeWorkCommuteMedian":4835,"workHomeCommuteMedian":11168},"geometry":{"type":"Polygon","coordinates":[[[136.2076073796825,36.017327838796405],[136.2076073796825,36.02632104243365],[136.21660058331975,36.02632104243365],[136.21660058331975,36.017327838796405],[136.2076073796825,36.017327838796405]]]}},{"type":"Feature","properties":{"jobs":2226,"pop":2681,"pointCount":18,"homeWorkCommuteMedian":4920,"workHomeCommuteMedian":7853},"geometry":{"type":"Polygon","coordinates":[[[136.2076073796825,36.02632104243365],[136.2076073796825,36.0353142460709],[136.21660058331975,36.0353142460709],[136.21660058331975,36.02632104243365],[136.2076073796825,36.02632104243365]]]}},{"type":"Feature","properties":{"jobs":2398,"pop":1699,"pointCount":15,"homeWorkCommuteMedian":4518,"workHomeCommuteMedian":7871},"geometry":{"type":"Polygon","coordinates":[[[136.2076073796825,36.0353142460709],[136.2076073796825,36.04430744970814],[136.21660058331975,36.04430744970814],[136.21660058331975,36.0353142460709],[136.2076073796825,36.0353142460709]]]}},{"type":"Feature","properties":{"jobs":3573,"pop":2209,"pointCount":18,"homeWorkCommuteMedian":4198,"workHomeCommuteMedian":4735},"geometry":{"type":"Polygon","coordinates":[[[136.2076073796825,36.04430744970814],[136.2076073796825,36.05330065334539],[136.21660058331975,36.05330065334539],[136.21660058331975,36.04430744970814],[136.2076073796825,36.04430744970814]]]}},{"type":"Feature","properties":{"jobs":2084,"pop":2109,"pointCount":22,"homeWorkCommuteMedian":3502,"workHomeCommuteMedian":6106},"geometry":{"type":"Polygon","coordinates":[[[136.2076073796825,36.05330065334539],[136.2076073796825,36.062293856982635],[136.21660058331975,36.062293856982635],[136.21660058331975,36.05330065334539],[136.2076073796825,36.05330065334539]]]}},{"type":"Feature","properties":{"jobs":3483,"pop":3212,"pointCount":21,"homeWorkCommuteMedian":2950,"workHomeCommuteMedian":5283},"geometry":{"type":"Polygon","coordinates":[[[136.2076073796825,36.062293856982635],[136.2076073796825,36.07128706061988],[136.21660058331975,36.07128706061988],[136.21660058331975,36.062293856982635],[136.2076073796825,36.062293856982635]]]}},{"type":"Feature","properties":{"jobs":5412,"pop":2547,"pointCount":25,"homeWorkCommuteMedian":3241,"workHomeCommuteMedian":4053},"geometry":{"type":"Polygon","coordinates":[[[136.2076073796825,36.07128706061988],[136.2076073796825,36.08028026425713],[136.21660058331975,36.08028026425713],[136.21660058331975,36.07128706061988],[136.2076073796825,36.07128706061988]]]}},{"type":"Feature","properties":{"jobs":2024,"pop":3043,"pointCount":19,"homeWorkCommuteMedian":3492,"workHomeCommuteMedian":7042},"geometry":{"type":"Polygon","coordinates":[[[136.2076073796825,36.08028026425713],[136.2076073796825,36.08927346789437],[136.21660058331975,36.08927346789437],[136.21660058331975,36.08028026425713],[136.2076073796825,36.08028026425713]]]}},{"type":"Feature","properties":{"jobs":2399,"pop":2181,"pointCount":17,"homeWorkCommuteMedian":5176,"workHomeCommuteMedian":2284},"geometry":{"type":"Polygon","coordinates":[[[136.2076073796825,36.08927346789437],[136.2076073796825,36.09826667153162],[136.21660058331975,36.09826667153162],[136.21660058331975,36.08927346789437],[136.2076073796825,36.08927346789437]]]}},{"type":"Feature","properties":{"jobs":455,"pop":1476,"pointCount":17,"homeWorkCommuteMedian":5104,"workHomeCommuteMedian":6785},"geometry":{"type":"Polygon","coordinates":[[[136.2076073796825,36.09826667153162],[136.2076073796825,36.107259875168864],[136.21660058331975,36.107259875168864],[136.21660058331975,36.09826667153162],[136.2076073796825,36.09826667153162]]]}},{"type":"Feature","properties":{"jobs":385,"pop":71,"pointCount":7,"homeWorkCommuteMedian":5503,"workHomeCommuteMedian":6927},"geometry":{"type":"Polygon","coordinates":[[[136.2076073796825,36.107259875168864],[136.2076073796825,36.11625307880611],[136.21660058331975,36.11625307880611],[136.21660058331975,36.107259875168864],[136.2076073796825,36.107259875168864]]]}},{"type":"Feature","properties":{"jobs":813,"pop":980,"pointCount":10,"homeWorkCommuteMedian":7243,"workHomeCommuteMedian":7799},"geometry":{"type":"Polygon","coordinates":[[[136.2076073796825,36.11625307880611],[136.2076073796825,36.12524628244336],[136.21660058331975,36.12524628244336],[136.21660058331975,36.11625307880611],[136.2076073796825,36.11625307880611]]]}},{"type":"Feature","properties":{"jobs":736,"pop":1302,"pointCount":12,"homeWorkCommuteMedian":8049,"workHomeCommuteMedian":6836},"geometry":{"type":"Polygon","coordinates":[[[136.2076073796825,36.12524628244336],[136.2076073796825,36.1342394860806],[136.21660058331975,36.1342394860806],[136.21660058331975,36.12524628244336],[136.2076073796825,36.12524628244336]]]}},{"type":"Feature","properties":{"jobs":902,"pop":715,"pointCount":10,"homeWorkCommuteMedian":7200,"workHomeCommuteMedian":2258},"geometry":{"type":"Polygon","coordinates":[[[136.2076073796825,36.1342394860806],[136.2076073796825,36.14323268971785],[136.21660058331975,36.14323268971785],[136.21660058331975,36.1342394860806],[136.2076073796825,36.1342394860806]]]}},{"type":"Feature","properties":{"jobs":81,"pop":216,"pointCount":6,"homeWorkCommuteMedian":7048,"workHomeCommuteMedian":6219},"geometry":{"type":"Polygon","coordinates":[[[136.2076073796825,36.14323268971785],[136.2076073796825,36.152225893355094],[136.21660058331975,36.152225893355094],[136.21660058331975,36.14323268971785],[136.2076073796825,36.14323268971785]]]}},{"type":"Feature","properties":{"jobs":48,"pop":14,"pointCount":2,"homeWorkCommuteMedian":3368,"workHomeCommuteMedian":9509},"geometry":{"type":"Polygon","coordinates":[[[136.2076073796825,36.152225893355094],[136.2076073796825,36.16121909699234],[136.21660058331975,36.16121909699234],[136.21660058331975,36.152225893355094],[136.2076073796825,36.152225893355094]]]}},{"type":"Feature","properties":{"jobs":57,"pop":273,"pointCount":6,"homeWorkCommuteMedian":3981,"workHomeCommuteMedian":8242},"geometry":{"type":"Polygon","coordinates":[[[136.2076073796825,36.16121909699234],[136.2076073796825,36.170212300629586],[136.21660058331975,36.170212300629586],[136.21660058331975,36.16121909699234],[136.2076073796825,36.16121909699234]]]}},{"type":"Feature","properties":{"jobs":42,"pop":217,"pointCount":8,"homeWorkCommuteMedian":7846,"workHomeCommuteMedian":7522},"geometry":{"type":"Polygon","coordinates":[[[136.2076073796825,36.17920550426683],[136.2076073796825,36.18819870790408],[136.21660058331975,36.18819870790408],[136.21660058331975,36.17920550426683],[136.2076073796825,36.17920550426683]]]}},{"type":"Feature","properties":{"jobs":9,"pop":28,"pointCount":2,"homeWorkCommuteMedian":10495,"workHomeCommuteMedian":242},"geometry":{"type":"Polygon","coordinates":[[[136.2076073796825,36.18819870790408],[136.2076073796825,36.197191911541324],[136.21660058331975,36.197191911541324],[136.21660058331975,36.18819870790408],[136.2076073796825,36.18819870790408]]]}},{"type":"Feature","properties":{"jobs":0,"pop":16,"pointCount":1,"homeWorkCommuteMedian":3583,"workHomeCommuteMedian":-1},"geometry":{"type":"Polygon","coordinates":[[[136.2076073796825,36.197191911541324],[136.2076073796825,36.20618511517857],[136.21660058331975,36.20618511517857],[136.21660058331975,36.197191911541324],[136.2076073796825,36.197191911541324]]]}},{"type":"Feature","properties":{"jobs":193,"pop":216,"pointCount":11,"homeWorkCommuteMedian":4204,"workHomeCommuteMedian":6890},"geometry":{"type":"Polygon","coordinates":[[[136.2076073796825,36.20618511517857],[136.2076073796825,36.215178318815816],[136.21660058331975,36.215178318815816],[136.21660058331975,36.20618511517857],[136.2076073796825,36.20618511517857]]]}},{"type":"Feature","properties":{"jobs":49,"pop":0,"pointCount":1,"homeWorkCommuteMedian":-1,"workHomeCommuteMedian":18443},"geometry":{"type":"Polygon","coordinates":[[[136.2076073796825,36.215178318815816],[136.2076073796825,36.22417152245306],[136.21660058331975,36.22417152245306],[136.21660058331975,36.215178318815816],[136.2076073796825,36.215178318815816]]]}},{"type":"Feature","properties":{"jobs":185,"pop":178,"pointCount":8,"homeWorkCommuteMedian":16201,"workHomeCommuteMedian":11694},"geometry":{"type":"Polygon","coordinates":[[[136.2076073796825,36.22417152245306],[136.2076073796825,36.23316472609031],[136.21660058331975,36.23316472609031],[136.21660058331975,36.22417152245306],[136.2076073796825,36.22417152245306]]]}},{"type":"Feature","properties":{"jobs":49,"pop":0,"pointCount":1,"homeWorkCommuteMedian":-1,"workHomeCommuteMedian":12667},"geometry":{"type":"Polygon","coordinates":[[[136.2076073796825,36.23316472609031],[136.2076073796825,36.242157929727554],[136.21660058331975,36.242157929727554],[136.21660058331975,36.23316472609031],[136.2076073796825,36.23316472609031]]]}},{"type":"Feature","properties":{"jobs":371,"pop":156,"pointCount":6,"homeWorkCommuteMedian":7270,"workHomeCommuteMedian":15500},"geometry":{"type":"Polygon","coordinates":[[[136.2076073796825,36.2511511333648],[136.2076073796825,36.260144337002046],[136.21660058331975,36.260144337002046],[136.21660058331975,36.2511511333648],[136.2076073796825,36.2511511333648]]]}},{"type":"Feature","properties":{"jobs":0,"pop":21,"pointCount":1,"homeWorkCommuteMedian":7712,"workHomeCommuteMedian":-1},"geometry":{"type":"Polygon","coordinates":[[[136.21660058331975,35.72954532240453],[136.21660058331975,35.73853852604178],[136.22559378695698,35.73853852604178],[136.22559378695698,35.72954532240453],[136.21660058331975,35.72954532240453]]]}},{"type":"Feature","properties":{"jobs":82,"pop":52,"pointCount":2,"homeWorkCommuteMedian":4881,"workHomeCommuteMedian":17550},"geometry":{"type":"Polygon","coordinates":[[[136.21660058331975,35.792497747865255],[136.21660058331975,35.8014909515025],[136.22559378695698,35.8014909515025],[136.22559378695698,35.792497747865255],[136.21660058331975,35.792497747865255]]]}},{"type":"Feature","properties":{"jobs":111,"pop":101,"pointCount":3,"homeWorkCommuteMedian":3320,"workHomeCommuteMedian":5929},"geometry":{"type":"Polygon","coordinates":[[[136.21660058331975,35.81048415513975],[136.21660058331975,35.81947735877699],[136.22559378695698,35.81947735877699],[136.22559378695698,35.81048415513975],[136.21660058331975,35.81048415513975]]]}},{"type":"Feature","properties":{"jobs":5,"pop":0,"pointCount":1,"homeWorkCommuteMedian":-1,"workHomeCommuteMedian":300},"geometry":{"type":"Polygon","coordinates":[[[136.21660058331975,35.81947735877699],[136.21660058331975,35.82847056241424],[136.22559378695698,35.82847056241424],[136.22559378695698,35.81947735877699],[136.21660058331975,35.81947735877699]]]}},{"type":"Feature","properties":{"jobs":13,"pop":22,"pointCount":1,"homeWorkCommuteMedian":16374,"workHomeCommuteMedian":20233},"geometry":{"type":"Polygon","coordinates":[[[136.21660058331975,35.82847056241424],[136.21660058331975,35.837463766051485],[136.22559378695698,35.837463766051485],[136.22559378695698,35.82847056241424],[136.21660058331975,35.82847056241424]]]}},{"type":"Feature","properties":{"jobs":0,"pop":38,"pointCount":1,"homeWorkCommuteMedian":2961,"workHomeCommuteMedian":-1},"geometry":{"type":"Polygon","coordinates":[[[136.21660058331975,35.837463766051485],[136.21660058331975,35.84645696968873],[136.22559378695698,35.84645696968873],[136.22559378695698,35.837463766051485],[136.21660058331975,35.837463766051485]]]}},{"type":"Feature","properties":{"jobs":211,"pop":472,"pointCount":15,"homeWorkCommuteMedian":7613,"workHomeCommuteMedian":9505},"geometry":{"type":"Polygon","coordinates":[[[136.21660058331975,35.882429784237715],[136.21660058331975,35.89142298787496],[136.22559378695698,35.89142298787496],[136.22559378695698,35.882429784237715],[136.21660058331975,35.882429784237715]]]}},{"type":"Feature","properties":{"jobs":144,"pop":343,"pointCount":8,"homeWorkCommuteMedian":5597,"workHomeCommuteMedian":4958},"geometry":{"type":"Polygon","coordinates":[[[136.21660058331975,35.89142298787496],[136.21660058331975,35.90041619151221],[136.22559378695698,35.90041619151221],[136.22559378695698,35.89142298787496],[136.21660058331975,35.89142298787496]]]}},{"type":"Feature","properties":{"jobs":485,"pop":0,"pointCount":2,"homeWorkCommuteMedian":-1,"workHomeCommuteMedian":6485},"geometry":{"type":"Polygon","coordinates":[[[136.21660058331975,35.90041619151221],[136.21660058331975,35.90940939514945],[136.22559378695698,35.90940939514945],[136.22559378695698,35.90041619151221],[136.21660058331975,35.90041619151221]]]}},{"type":"Feature","properties":{"jobs":166,"pop":364,"pointCount":10,"homeWorkCommuteMedian":6102,"workHomeCommuteMedian":4671},"geometry":{"type":"Polygon","coordinates":[[[136.21660058331975,35.90940939514945],[136.21660058331975,35.9184025987867],[136.22559378695698,35.9184025987867],[136.22559378695698,35.90940939514945],[136.21660058331975,35.90940939514945]]]}},{"type":"Feature","properties":{"jobs":162,"pop":0,"pointCount":2,"homeWorkCommuteMedian":-1,"workHomeCommuteMedian":6850},"geometry":{"type":"Polygon","coordinates":[[[136.21660058331975,35.9184025987867],[136.21660058331975,35.927395802423945],[136.22559378695698,35.927395802423945],[136.22559378695698,35.9184025987867],[136.21660058331975,35.9184025987867]]]}},{"type":"Feature","properties":{"jobs":151,"pop":100,"pointCount":6,"homeWorkCommuteMedian":9705,"workHomeCommuteMedian":6553},"geometry":{"type":"Polygon","coordinates":[[[136.21660058331975,35.94538220969844],[136.21660058331975,35.95437541333568],[136.22559378695698,35.95437541333568],[136.22559378695698,35.94538220969844],[136.21660058331975,35.94538220969844]]]}},{"type":"Feature","properties":{"jobs":24,"pop":230,"pointCount":7,"homeWorkCommuteMedian":5357,"workHomeCommuteMedian":848},"geometry":{"type":"Polygon","coordinates":[[[136.21660058331975,35.95437541333568],[136.21660058331975,35.96336861697293],[136.22559378695698,35.96336861697293],[136.22559378695698,35.95437541333568],[136.21660058331975,35.95437541333568]]]}},{"type":"Feature","properties":{"jobs":80,"pop":281,"pointCount":7,"homeWorkCommuteMedian":11667,"workHomeCommuteMedian":5538},"geometry":{"type":"Polygon","coordinates":[[[136.21660058331975,35.96336861697293],[136.21660058331975,35.972361820610175],[136.22559378695698,35.972361820610175],[136.22559378695698,35.96336861697293],[136.21660058331975,35.96336861697293]]]}},{"type":"Feature","properties":{"jobs":26,"pop":190,"pointCount":5,"homeWorkCommuteMedian":6466,"workHomeCommuteMedian":6374},"geometry":{"type":"Polygon","coordinates":[[[136.21660058331975,35.972361820610175],[136.21660058331975,35.98135502424742],[136.22559378695698,35.98135502424742],[136.22559378695698,35.972361820610175],[136.21660058331975,35.972361820610175]]]}},{"type":"Feature","properties":{"jobs":25,"pop":17,"pointCount":2,"homeWorkCommuteMedian":6142,"workHomeCommuteMedian":18552},"geometry":{"type":"Polygon","coordinates":[[[136.21660058331975,35.98135502424742],[136.21660058331975,35.99034822788467],[136.22559378695698,35.99034822788467],[136.22559378695698,35.98135502424742],[136.21660058331975,35.98135502424742]]]}},{"type":"Feature","properties":{"jobs":0,"pop":105,"pointCount":2,"homeWorkCommuteMedian":16761,"workHomeCommuteMedian":-1},"geometry":{"type":"Polygon","coordinates":[[[136.21660058331975,35.99034822788467],[136.21660058331975,35.99934143152191],[136.22559378695698,35.99934143152191],[136.22559378695698,35.99034822788467],[136.21660058331975,35.99034822788467]]]}},{"type":"Feature","properties":{"jobs":0,"pop":189,"pointCount":5,"homeWorkCommuteMedian":7532,"workHomeCommuteMedian":-1},"geometry":{"type":"Polygon","coordinates":[[[136.21660058331975,35.99934143152191],[136.21660058331975,36.00833463515916],[136.22559378695698,36.00833463515916],[136.22559378695698,35.99934143152191],[136.21660058331975,35.99934143152191]]]}},{"type":"Feature","properties":{"jobs":842,"pop":182,"pointCount":15,"homeWorkCommuteMedian":4530,"workHomeCommuteMedian":10295},"geometry":{"type":"Polygon","coordinates":[[[136.21660058331975,36.00833463515916],[136.21660058331975,36.017327838796405],[136.22559378695698,36.017327838796405],[136.22559378695698,36.00833463515916],[136.21660058331975,36.00833463515916]]]}},{"type":"Feature","properties":{"jobs":733,"pop":406,"pointCount":5,"homeWorkCommuteMedian":4816,"workHomeCommuteMedian":11581},"geometry":{"type":"Polygon","coordinates":[[[136.21660058331975,36.017327838796405],[136.21660058331975,36.02632104243365],[136.22559378695698,36.02632104243365],[136.22559378695698,36.017327838796405],[136.21660058331975,36.017327838796405]]]}},{"type":"Feature","properties":{"jobs":563,"pop":610,"pointCount":16,"homeWorkCommuteMedian":4859,"workHomeCommuteMedian":7640},"geometry":{"type":"Polygon","coordinates":[[[136.21660058331975,36.02632104243365],[136.21660058331975,36.0353142460709],[136.22559378695698,36.0353142460709],[136.22559378695698,36.02632104243365],[136.21660058331975,36.02632104243365]]]}},{"type":"Feature","properties":{"jobs":1611,"pop":1416,"pointCount":14,"homeWorkCommuteMedian":5112,"workHomeCommuteMedian":6359},"geometry":{"type":"Polygon","coordinates":[[[136.21660058331975,36.0353142460709],[136.21660058331975,36.04430744970814],[136.22559378695698,36.04430744970814],[136.22559378695698,36.0353142460709],[136.21660058331975,36.0353142460709]]]}},{"type":"Feature","properties":{"jobs":2624,"pop":3482,"pointCount":23,"homeWorkCommuteMedian":3852,"workHomeCommuteMedian":1878},"geometry":{"type":"Polygon","coordinates":[[[136.21660058331975,36.04430744970814],[136.21660058331975,36.05330065334539],[136.22559378695698,36.05330065334539],[136.22559378695698,36.04430744970814],[136.21660058331975,36.04430744970814]]]}},{"type":"Feature","properties":{"jobs":3762,"pop":2272,"pointCount":17,"homeWorkCommuteMedian":3042,"workHomeCommuteMedian":5629},"geometry":{"type":"Polygon","coordinates":[[[136.21660058331975,36.05330065334539],[136.21660058331975,36.062293856982635],[136.22559378695698,36.062293856982635],[136.22559378695698,36.05330065334539],[136.21660058331975,36.05330065334539]]]}},{"type":"Feature","properties":{"jobs":13970,"pop":2111,"pointCount":23,"homeWorkCommuteMedian":3924,"workHomeCommuteMedian":5110},"geometry":{"type":"Polygon","coordinates":[[[136.21660058331975,36.062293856982635],[136.21660058331975,36.07128706061988],[136.22559378695698,36.07128706061988],[136.22559378695698,36.062293856982635],[136.21660058331975,36.062293856982635]]]}},{"type":"Feature","properties":{"jobs":5655,"pop":2527,"pointCount":23,"homeWorkCommuteMedian":2879,"workHomeCommuteMedian":3988},"geometry":{"type":"Polygon","coordinates":[[[136.21660058331975,36.07128706061988],[136.21660058331975,36.08028026425713],[136.22559378695698,36.08028026425713],[136.22559378695698,36.07128706061988],[136.21660058331975,36.07128706061988]]]}},{"type":"Feature","properties":{"jobs":2193,"pop":3726,"pointCount":21,"homeWorkCommuteMedian":3862,"workHomeCommuteMedian":5908},"geometry":{"type":"Polygon","coordinates":[[[136.21660058331975,36.08028026425713],[136.21660058331975,36.08927346789437],[136.22559378695698,36.08927346789437],[136.22559378695698,36.08028026425713],[136.21660058331975,36.08028026425713]]]}},{"type":"Feature","properties":{"jobs":523,"pop":1065,"pointCount":10,"homeWorkCommuteMedian":4118,"workHomeCommuteMedian":6174},"geometry":{"type":"Polygon","coordinates":[[[136.21660058331975,36.08927346789437],[136.21660058331975,36.09826667153162],[136.22559378695698,36.09826667153162],[136.22559378695698,36.08927346789437],[136.21660058331975,36.08927346789437]]]}},{"type":"Feature","properties":{"jobs":729,"pop":1159,"pointCount":19,"homeWorkCommuteMedian":5892,"workHomeCommuteMedian":5938},"geometry":{"type":"Polygon","coordinates":[[[136.21660058331975,36.09826667153162],[136.21660058331975,36.107259875168864],[136.22559378695698,36.107259875168864],[136.22559378695698,36.09826667153162],[136.21660058331975,36.09826667153162]]]}},{"type":"Feature","properties":{"jobs":1318,"pop":389,"pointCount":9,"homeWorkCommuteMedian":6717,"workHomeCommuteMedian":7272},"geometry":{"type":"Polygon","coordinates":[[[136.21660058331975,36.107259875168864],[136.21660058331975,36.11625307880611],[136.22559378695698,36.11625307880611],[136.22559378695698,36.107259875168864],[136.21660058331975,36.107259875168864]]]}},{"type":"Feature","properties":{"jobs":2018,"pop":1960,"pointCount":18,"homeWorkCommuteMedian":5218,"workHomeCommuteMedian":5456},"geometry":{"type":"Polygon","coordinates":[[[136.21660058331975,36.11625307880611],[136.21660058331975,36.12524628244336],[136.22559378695698,36.12524628244336],[136.22559378695698,36.11625307880611],[136.21660058331975,36.11625307880611]]]}},{"type":"Feature","properties":{"jobs":1949,"pop":1540,"pointCount":20,"homeWorkCommuteMedian":7769,"workHomeCommuteMedian":2927},"geometry":{"type":"Polygon","coordinates":[[[136.21660058331975,36.12524628244336],[136.21660058331975,36.1342394860806],[136.22559378695698,36.1342394860806],[136.22559378695698,36.12524628244336],[136.21660058331975,36.12524628244336]]]}},{"type":"Feature","properties":{"jobs":1480,"pop":506,"pointCount":12,"homeWorkCommuteMedian":5951,"workHomeCommuteMedian":7546},"geometry":{"type":"Polygon","coordinates":[[[136.21660058331975,36.1342394860806],[136.21660058331975,36.14323268971785],[136.22559378695698,36.14323268971785],[136.22559378695698,36.1342394860806],[136.21660058331975,36.1342394860806]]]}},{"type":"Feature","properties":{"jobs":294,"pop":60,"pointCount":4,"homeWorkCommuteMedian":3590,"workHomeCommuteMedian":6604},"geometry":{"type":"Polygon","coordinates":[[[136.21660058331975,36.14323268971785],[136.21660058331975,36.152225893355094],[136.22559378695698,36.152225893355094],[136.22559378695698,36.14323268971785],[136.21660058331975,36.14323268971785]]]}},{"type":"Feature","properties":{"jobs":60,"pop":261,"pointCount":9,"homeWorkCommuteMedian":5370,"workHomeCommuteMedian":12375},"geometry":{"type":"Polygon","coordinates":[[[136.21660058331975,36.152225893355094],[136.21660058331975,36.16121909699234],[136.22559378695698,36.16121909699234],[136.22559378695698,36.152225893355094],[136.21660058331975,36.152225893355094]]]}},{"type":"Feature","properties":{"jobs":1136,"pop":300,"pointCount":10,"homeWorkCommuteMedian":5843,"workHomeCommuteMedian":7217},"geometry":{"type":"Polygon","coordinates":[[[136.21660058331975,36.16121909699234],[136.21660058331975,36.170212300629586],[136.22559378695698,36.170212300629586],[136.22559378695698,36.16121909699234],[136.21660058331975,36.16121909699234]]]}},{"type":"Feature","properties":{"jobs":148,"pop":166,"pointCount":7,"homeWorkCommuteMedian":7722,"workHomeCommuteMedian":5729},"geometry":{"type":"Polygon","coordinates":[[[136.21660058331975,36.170212300629586],[136.21660058331975,36.17920550426683],[136.22559378695698,36.17920550426683],[136.22559378695698,36.170212300629586],[136.21660058331975,36.170212300629586]]]}},{"type":"Feature","properties":{"jobs":473,"pop":175,"pointCount":10,"homeWorkCommuteMedian":6543,"workHomeCommuteMedian":3741},"geometry":{"type":"Polygon","coordinates":[[[136.21660058331975,36.17920550426683],[136.21660058331975,36.18819870790408],[136.22559378695698,36.18819870790408],[136.22559378695698,36.17920550426683],[136.21660058331975,36.17920550426683]]]}},{"type":"Feature","properties":{"jobs":47,"pop":89,"pointCount":2,"homeWorkCommuteMedian":4709,"workHomeCommuteMedian":4204},"geometry":{"type":"Polygon","coordinates":[[[136.21660058331975,36.18819870790408],[136.21660058331975,36.197191911541324],[136.22559378695698,36.197191911541324],[136.22559378695698,36.18819870790408],[136.21660058331975,36.18819870790408]]]}},{"type":"Feature","properties":{"jobs":4,"pop":0,"pointCount":1,"homeWorkCommuteMedian":-1,"workHomeCommuteMedian":107},"geometry":{"type":"Polygon","coordinates":[[[136.21660058331975,36.197191911541324],[136.21660058331975,36.20618511517857],[136.22559378695698,36.20618511517857],[136.22559378695698,36.197191911541324],[136.21660058331975,36.197191911541324]]]}},{"type":"Feature","properties":{"jobs":724,"pop":1459,"pointCount":15,"homeWorkCommuteMedian":6934,"workHomeCommuteMedian":7083},"geometry":{"type":"Polygon","coordinates":[[[136.21660058331975,36.20618511517857],[136.21660058331975,36.215178318815816],[136.22559378695698,36.215178318815816],[136.22559378695698,36.20618511517857],[136.21660058331975,36.20618511517857]]]}},{"type":"Feature","properties":{"jobs":1515,"pop":1418,"pointCount":20,"homeWorkCommuteMedian":4429,"workHomeCommuteMedian":6407},"geometry":{"type":"Polygon","coordinates":[[[136.21660058331975,36.215178318815816],[136.21660058331975,36.22417152245306],[136.22559378695698,36.22417152245306],[136.22559378695698,36.215178318815816],[136.21660058331975,36.215178318815816]]]}},{"type":"Feature","properties":{"jobs":10,"pop":136,"pointCount":3,"homeWorkCommuteMedian":4536,"workHomeCommuteMedian":5776},"geometry":{"type":"Polygon","coordinates":[[[136.21660058331975,36.22417152245306],[136.21660058331975,36.23316472609031],[136.22559378695698,36.23316472609031],[136.22559378695698,36.22417152245306],[136.21660058331975,36.22417152245306]]]}},{"type":"Feature","properties":{"jobs":154,"pop":78,"pointCount":2,"homeWorkCommuteMedian":4565,"workHomeCommuteMedian":7626},"geometry":{"type":"Polygon","coordinates":[[[136.21660058331975,36.23316472609031],[136.21660058331975,36.242157929727554],[136.22559378695698,36.242157929727554],[136.22559378695698,36.23316472609031],[136.21660058331975,36.23316472609031]]]}},{"type":"Feature","properties":{"jobs":12,"pop":52,"pointCount":2,"homeWorkCommuteMedian":6192,"workHomeCommuteMedian":52134},"geometry":{"type":"Polygon","coordinates":[[[136.21660058331975,36.242157929727554],[136.21660058331975,36.2511511333648],[136.22559378695698,36.2511511333648],[136.22559378695698,36.242157929727554],[136.21660058331975,36.242157929727554]]]}},{"type":"Feature","properties":{"jobs":47,"pop":176,"pointCount":6,"homeWorkCommuteMedian":5582,"workHomeCommuteMedian":919},"geometry":{"type":"Polygon","coordinates":[[[136.21660058331975,36.2511511333648],[136.21660058331975,36.260144337002046],[136.22559378695698,36.260144337002046],[136.22559378695698,36.2511511333648],[136.21660058331975,36.2511511333648]]]}},{"type":"Feature","properties":{"jobs":145,"pop":252,"pointCount":10,"homeWorkCommuteMedian":5782,"workHomeCommuteMedian":1835},"geometry":{"type":"Polygon","coordinates":[[[136.21660058331975,36.260144337002046],[136.21660058331975,36.26913754063929],[136.22559378695698,36.26913754063929],[136.22559378695698,36.260144337002046],[136.21660058331975,36.260144337002046]]]}},{"type":"Feature","properties":{"jobs":8,"pop":96,"pointCount":3,"homeWorkCommuteMedian":7478,"workHomeCommuteMedian":17722},"geometry":{"type":"Polygon","coordinates":[[[136.21660058331975,36.26913754063929],[136.21660058331975,36.27813074427654],[136.22559378695698,36.27813074427654],[136.22559378695698,36.26913754063929],[136.21660058331975,36.26913754063929]]]}},{"type":"Feature","properties":{"jobs":12,"pop":0,"pointCount":1,"homeWorkCommuteMedian":-1,"workHomeCommuteMedian":16589},"geometry":{"type":"Polygon","coordinates":[[[136.22559378695698,35.72954532240453],[136.22559378695698,35.73853852604178],[136.2345869905942,35.73853852604178],[136.2345869905942,35.72954532240453],[136.22559378695698,35.72954532240453]]]}},{"type":"Feature","properties":{"jobs":10,"pop":31,"pointCount":2,"homeWorkCommuteMedian":3919,"workHomeCommuteMedian":2578},"geometry":{"type":"Polygon","coordinates":[[[136.22559378695698,35.792497747865255],[136.22559378695698,35.8014909515025],[136.2345869905942,35.8014909515025],[136.2345869905942,35.792497747865255],[136.22559378695698,35.792497747865255]]]}},{"type":"Feature","properties":{"jobs":45,"pop":52,"pointCount":2,"homeWorkCommuteMedian":5479,"workHomeCommuteMedian":17537},"geometry":{"type":"Polygon","coordinates":[[[136.22559378695698,35.8014909515025],[136.22559378695698,35.81048415513975],[136.2345869905942,35.81048415513975],[136.2345869905942,35.8014909515025],[136.22559378695698,35.8014909515025]]]}},{"type":"Feature","properties":{"jobs":0,"pop":24,"pointCount":1,"homeWorkCommuteMedian":4100,"workHomeCommuteMedian":-1},"geometry":{"type":"Polygon","coordinates":[[[136.22559378695698,35.82847056241424],[136.22559378695698,35.837463766051485],[136.2345869905942,35.837463766051485],[136.2345869905942,35.82847056241424],[136.22559378695698,35.82847056241424]]]}},{"type":"Feature","properties":{"jobs":496,"pop":263,"pointCount":9,"homeWorkCommuteMedian":5538,"workHomeCommuteMedian":16112},"geometry":{"type":"Polygon","coordinates":[[[136.22559378695698,35.87343658060047],[136.22559378695698,35.882429784237715],[136.2345869905942,35.882429784237715],[136.2345869905942,35.87343658060047],[136.22559378695698,35.87343658060047]]]}},{"type":"Feature","properties":{"jobs":459,"pop":860,"pointCount":16,"homeWorkCommuteMedian":5492,"workHomeCommuteMedian":2984},"geometry":{"type":"Polygon","coordinates":[[[136.22559378695698,35.882429784237715],[136.22559378695698,35.89142298787496],[136.2345869905942,35.89142298787496],[136.2345869905942,35.882429784237715],[136.22559378695698,35.882429784237715]]]}},{"type":"Feature","properties":{"jobs":384,"pop":447,"pointCount":15,"homeWorkCommuteMedian":8056,"workHomeCommuteMedian":6802},"geometry":{"type":"Polygon","coordinates":[[[136.22559378695698,35.89142298787496],[136.22559378695698,35.90041619151221],[136.2345869905942,35.90041619151221],[136.2345869905942,35.89142298787496],[136.22559378695698,35.89142298787496]]]}},{"type":"Feature","properties":{"jobs":0,"pop":3,"pointCount":1,"homeWorkCommuteMedian":4952,"workHomeCommuteMedian":-1},"geometry":{"type":"Polygon","coordinates":[[[136.22559378695698,35.90041619151221],[136.22559378695698,35.90940939514945],[136.2345869905942,35.90940939514945],[136.2345869905942,35.90041619151221],[136.22559378695698,35.90041619151221]]]}},{"type":"Feature","properties":{"jobs":127,"pop":454,"pointCount":9,"homeWorkCommuteMedian":9269,"workHomeCommuteMedian":9644},"geometry":{"type":"Polygon","coordinates":[[[136.22559378695698,35.90940939514945],[136.22559378695698,35.9184025987867],[136.2345869905942,35.9184025987867],[136.2345869905942,35.90940939514945],[136.22559378695698,35.90940939514945]]]}},{"type":"Feature","properties":{"jobs":40,"pop":37,"pointCount":2,"homeWorkCommuteMedian":3805,"workHomeCommuteMedian":21502},"geometry":{"type":"Polygon","coordinates":[[[136.22559378695698,35.927395802423945],[136.22559378695698,35.93638900606119],[136.2345869905942,35.93638900606119],[136.2345869905942,35.927395802423945],[136.22559378695698,35.927395802423945]]]}},{"type":"Feature","properties":{"jobs":30,"pop":170,"pointCount":2,"homeWorkCommuteMedian":9623,"workHomeCommuteMedian":15512},"geometry":{"type":"Polygon","coordinates":[[[136.22559378695698,35.93638900606119],[136.22559378695698,35.94538220969844],[136.2345869905942,35.94538220969844],[136.2345869905942,35.93638900606119],[136.22559378695698,35.93638900606119]]]}},{"type":"Feature","properties":{"jobs":410,"pop":228,"pointCount":9,"homeWorkCommuteMedian":6108,"workHomeCommuteMedian":3950},"geometry":{"type":"Polygon","coordinates":[[[136.22559378695698,35.94538220969844],[136.22559378695698,35.95437541333568],[136.2345869905942,35.95437541333568],[136.2345869905942,35.94538220969844],[136.22559378695698,35.94538220969844]]]}},{"type":"Feature","properties":{"jobs":12,"pop":109,"pointCount":6,"homeWorkCommuteMedian":5586,"workHomeCommuteMedian":13088},"geometry":{"type":"Polygon","coordinates":[[[136.22559378695698,35.95437541333568],[136.22559378695698,35.96336861697293],[136.2345869905942,35.96336861697293],[136.2345869905942,35.95437541333568],[136.22559378695698,35.95437541333568]]]}},{"type":"Feature","properties":{"jobs":22,"pop":37,"pointCount":2,"homeWorkCommuteMedian":9277,"workHomeCommuteMedian":23849},"geometry":{"type":"Polygon","coordinates":[[[136.22559378695698,35.96336861697293],[136.22559378695698,35.972361820610175],[136.2345869905942,35.972361820610175],[136.2345869905942,35.96336861697293],[136.22559378695698,35.96336861697293]]]}},{"type":"Feature","properties":{"jobs":257,"pop":186,"pointCount":11,"homeWorkCommuteMedian":5233,"workHomeCommuteMedian":11421},"geometry":{"type":"Polygon","coordinates":[[[136.22559378695698,35.972361820610175],[136.22559378695698,35.98135502424742],[136.2345869905942,35.98135502424742],[136.2345869905942,35.972361820610175],[136.22559378695698,35.972361820610175]]]}},{"type":"Feature","properties":{"jobs":38,"pop":78,"pointCount":3,"homeWorkCommuteMedian":6818,"workHomeCommuteMedian":11110},"geometry":{"type":"Polygon","coordinates":[[[136.22559378695698,35.98135502424742],[136.22559378695698,35.99034822788467],[136.2345869905942,35.99034822788467],[136.2345869905942,35.98135502424742],[136.22559378695698,35.98135502424742]]]}},{"type":"Feature","properties":{"jobs":113,"pop":219,"pointCount":5,"homeWorkCommuteMedian":9132,"workHomeCommuteMedian":13502},"geometry":{"type":"Polygon","coordinates":[[[136.22559378695698,35.99934143152191],[136.22559378695698,36.00833463515916],[136.2345869905942,36.00833463515916],[136.2345869905942,35.99934143152191],[136.22559378695698,35.99934143152191]]]}},{"type":"Feature","properties":{"jobs":184,"pop":236,"pointCount":13,"homeWorkCommuteMedian":7824,"workHomeCommuteMedian":1973},"geometry":{"type":"Polygon","coordinates":[[[136.22559378695698,36.00833463515916],[136.22559378695698,36.017327838796405],[136.2345869905942,36.017327838796405],[136.2345869905942,36.00833463515916],[136.22559378695698,36.00833463515916]]]}},{"type":"Feature","properties":{"jobs":96,"pop":241,"pointCount":7,"homeWorkCommuteMedian":6969,"workHomeCommuteMedian":12776},"geometry":{"type":"Polygon","coordinates":[[[136.22559378695698,36.017327838796405],[136.22559378695698,36.02632104243365],[136.2345869905942,36.02632104243365],[136.2345869905942,36.017327838796405],[136.22559378695698,36.017327838796405]]]}},{"type":"Feature","properties":{"jobs":519,"pop":246,"pointCount":13,"homeWorkCommuteMedian":8267,"workHomeCommuteMedian":10132},"geometry":{"type":"Polygon","coordinates":[[[136.22559378695698,36.02632104243365],[136.22559378695698,36.0353142460709],[136.2345869905942,36.0353142460709],[136.2345869905942,36.02632104243365],[136.22559378695698,36.02632104243365]]]}},{"type":"Feature","properties":{"jobs":4449,"pop":768,"pointCount":16,"homeWorkCommuteMedian":4898,"workHomeCommuteMedian":6084},"geometry":{"type":"Polygon","coordinates":[[[136.22559378695698,36.0353142460709],[136.22559378695698,36.04430744970814],[136.2345869905942,36.04430744970814],[136.2345869905942,36.0353142460709],[136.22559378695698,36.0353142460709]]]}},{"type":"Feature","properties":{"jobs":1596,"pop":3036,"pointCount":21,"homeWorkCommuteMedian":4063,"workHomeCommuteMedian":7100},"geometry":{"type":"Polygon","coordinates":[[[136.22559378695698,36.04430744970814],[136.22559378695698,36.05330065334539],[136.2345869905942,36.05330065334539],[136.2345869905942,36.04430744970814],[136.22559378695698,36.04430744970814]]]}},{"type":"Feature","properties":{"jobs":2406,"pop":2147,"pointCount":19,"homeWorkCommuteMedian":3628,"workHomeCommuteMedian":4920},"geometry":{"type":"Polygon","coordinates":[[[136.22559378695698,36.05330065334539],[136.22559378695698,36.062293856982635],[136.2345869905942,36.062293856982635],[136.2345869905942,36.05330065334539],[136.22559378695698,36.05330065334539]]]}},{"type":"Feature","properties":{"jobs":3396,"pop":3233,"pointCount":19,"homeWorkCommuteMedian":3109,"workHomeCommuteMedian":4774},"geometry":{"type":"Polygon","coordinates":[[[136.22559378695698,36.062293856982635],[136.22559378695698,36.07128706061988],[136.2345869905942,36.07128706061988],[136.2345869905942,36.062293856982635],[136.22559378695698,36.062293856982635]]]}},{"type":"Feature","properties":{"jobs":2378,"pop":3241,"pointCount":21,"homeWorkCommuteMedian":3210,"workHomeCommuteMedian":2141},"geometry":{"type":"Polygon","coordinates":[[[136.22559378695698,36.07128706061988],[136.22559378695698,36.08028026425713],[136.2345869905942,36.08028026425713],[136.2345869905942,36.07128706061988],[136.22559378695698,36.07128706061988]]]}},{"type":"Feature","properties":{"jobs":2527,"pop":1672,"pointCount":14,"homeWorkCommuteMedian":6016,"workHomeCommuteMedian":7941},"geometry":{"type":"Polygon","coordinates":[[[136.22559378695698,36.08028026425713],[136.22559378695698,36.08927346789437],[136.2345869905942,36.08927346789437],[136.2345869905942,36.08028026425713],[136.22559378695698,36.08028026425713]]]}},{"type":"Feature","properties":{"jobs":1927,"pop":2685,"pointCount":20,"homeWorkCommuteMedian":3830,"workHomeCommuteMedian":5050},"geometry":{"type":"Polygon","coordinates":[[[136.22559378695698,36.08927346789437],[136.22559378695698,36.09826667153162],[136.2345869905942,36.09826667153162],[136.2345869905942,36.08927346789437],[136.22559378695698,36.08927346789437]]]}},{"type":"Feature","properties":{"jobs":942,"pop":1778,"pointCount":18,"homeWorkCommuteMedian":4398,"workHomeCommuteMedian":1398},"geometry":{"type":"Polygon","coordinates":[[[136.22559378695698,36.09826667153162],[136.22559378695698,36.107259875168864],[136.2345869905942,36.107259875168864],[136.2345869905942,36.09826667153162],[136.22559378695698,36.09826667153162]]]}},{"type":"Feature","properties":{"jobs":1579,"pop":2069,"pointCount":22,"homeWorkCommuteMedian":5900,"workHomeCommuteMedian":2294},"geometry":{"type":"Polygon","coordinates":[[[136.22559378695698,36.107259875168864],[136.22559378695698,36.11625307880611],[136.2345869905942,36.11625307880611],[136.2345869905942,36.107259875168864],[136.22559378695698,36.107259875168864]]]}},{"type":"Feature","properties":{"jobs":944,"pop":1460,"pointCount":18,"homeWorkCommuteMedian":7172,"workHomeCommuteMedian":5957},"geometry":{"type":"Polygon","coordinates":[[[136.22559378695698,36.11625307880611],[136.22559378695698,36.12524628244336],[136.2345869905942,36.12524628244336],[136.2345869905942,36.11625307880611],[136.22559378695698,36.11625307880611]]]}},{"type":"Feature","properties":{"jobs":284,"pop":2295,"pointCount":18,"homeWorkCommuteMedian":5045,"workHomeCommuteMedian":1204},"geometry":{"type":"Polygon","coordinates":[[[136.22559378695698,36.12524628244336],[136.22559378695698,36.1342394860806],[136.2345869905942,36.1342394860806],[136.2345869905942,36.12524628244336],[136.22559378695698,36.12524628244336]]]}},{"type":"Feature","properties":{"jobs":516,"pop":1208,"pointCount":17,"homeWorkCommuteMedian":6118,"workHomeCommuteMedian":4696},"geometry":{"type":"Polygon","coordinates":[[[136.22559378695698,36.1342394860806],[136.22559378695698,36.14323268971785],[136.2345869905942,36.14323268971785],[136.2345869905942,36.1342394860806],[136.22559378695698,36.1342394860806]]]}},{"type":"Feature","properties":{"jobs":41,"pop":104,"pointCount":2,"homeWorkCommuteMedian":4874,"workHomeCommuteMedian":9570},"geometry":{"type":"Polygon","coordinates":[[[136.22559378695698,36.14323268971785],[136.22559378695698,36.152225893355094],[136.2345869905942,36.152225893355094],[136.2345869905942,36.14323268971785],[136.22559378695698,36.14323268971785]]]}},{"type":"Feature","properties":{"jobs":278,"pop":316,"pointCount":7,"homeWorkCommuteMedian":5079,"workHomeCommuteMedian":19684},"geometry":{"type":"Polygon","coordinates":[[[136.22559378695698,36.152225893355094],[136.22559378695698,36.16121909699234],[136.2345869905942,36.16121909699234],[136.2345869905942,36.152225893355094],[136.22559378695698,36.152225893355094]]]}},{"type":"Feature","properties":{"jobs":1218,"pop":419,"pointCount":14,"homeWorkCommuteMedian":5905,"workHomeCommuteMedian":5470},"geometry":{"type":"Polygon","coordinates":[[[136.22559378695698,36.16121909699234],[136.22559378695698,36.170212300629586],[136.2345869905942,36.170212300629586],[136.2345869905942,36.16121909699234],[136.22559378695698,36.16121909699234]]]}},{"type":"Feature","properties":{"jobs":186,"pop":166,"pointCount":7,"homeWorkCommuteMedian":7556,"workHomeCommuteMedian":10832},"geometry":{"type":"Polygon","coordinates":[[[136.22559378695698,36.170212300629586],[136.22559378695698,36.17920550426683],[136.2345869905942,36.17920550426683],[136.2345869905942,36.170212300629586],[136.22559378695698,36.170212300629586]]]}},{"type":"Feature","properties":{"jobs":0,"pop":321,"pointCount":5,"homeWorkCommuteMedian":6145,"workHomeCommuteMedian":-1},"geometry":{"type":"Polygon","coordinates":[[[136.22559378695698,36.17920550426683],[136.22559378695698,36.18819870790408],[136.2345869905942,36.18819870790408],[136.2345869905942,36.17920550426683],[136.22559378695698,36.17920550426683]]]}},{"type":"Feature","properties":{"jobs":199,"pop":87,"pointCount":4,"homeWorkCommuteMedian":9859,"workHomeCommuteMedian":4774},"geometry":{"type":"Polygon","coordinates":[[[136.22559378695698,36.18819870790408],[136.22559378695698,36.197191911541324],[136.2345869905942,36.197191911541324],[136.2345869905942,36.18819870790408],[136.22559378695698,36.18819870790408]]]}},{"type":"Feature","properties":{"jobs":254,"pop":145,"pointCount":5,"homeWorkCommuteMedian":6073,"workHomeCommuteMedian":5817},"geometry":{"type":"Polygon","coordinates":[[[136.22559378695698,36.197191911541324],[136.22559378695698,36.20618511517857],[136.2345869905942,36.20618511517857],[136.2345869905942,36.197191911541324],[136.22559378695698,36.197191911541324]]]}},{"type":"Feature","properties":{"jobs":1985,"pop":1256,"pointCount":14,"homeWorkCommuteMedian":4155,"workHomeCommuteMedian":5345},"geometry":{"type":"Polygon","coordinates":[[[136.22559378695698,36.20618511517857],[136.22559378695698,36.215178318815816],[136.2345869905942,36.215178318815816],[136.2345869905942,36.20618511517857],[136.22559378695698,36.20618511517857]]]}},{"type":"Feature","properties":{"jobs":751,"pop":898,"pointCount":12,"homeWorkCommuteMedian":4825,"workHomeCommuteMedian":10124},"geometry":{"type":"Polygon","coordinates":[[[136.22559378695698,36.215178318815816],[136.22559378695698,36.22417152245306],[136.2345869905942,36.22417152245306],[136.2345869905942,36.215178318815816],[136.22559378695698,36.215178318815816]]]}},{"type":"Feature","properties":{"jobs":142,"pop":272,"pointCount":8,"homeWorkCommuteMedian":4920,"workHomeCommuteMedian":3759},"geometry":{"type":"Polygon","coordinates":[[[136.22559378695698,36.22417152245306],[136.22559378695698,36.23316472609031],[136.2345869905942,36.23316472609031],[136.2345869905942,36.22417152245306],[136.22559378695698,36.22417152245306]]]}},{"type":"Feature","properties":{"jobs":170,"pop":159,"pointCount":12,"homeWorkCommuteMedian":14283,"workHomeCommuteMedian":18904},"geometry":{"type":"Polygon","coordinates":[[[136.22559378695698,36.23316472609031],[136.22559378695698,36.242157929727554],[136.2345869905942,36.242157929727554],[136.2345869905942,36.23316472609031],[136.22559378695698,36.23316472609031]]]}},{"type":"Feature","properties":{"jobs":0,"pop":13,"pointCount":1,"homeWorkCommuteMedian":5449,"workHomeCommuteMedian":-1},"geometry":{"type":"Polygon","coordinates":[[[136.22559378695698,36.2511511333648],[136.22559378695698,36.260144337002046],[136.2345869905942,36.260144337002046],[136.2345869905942,36.2511511333648],[136.22559378695698,36.2511511333648]]]}},{"type":"Feature","properties":{"jobs":248,"pop":129,"pointCount":8,"homeWorkCommuteMedian":21046,"workHomeCommuteMedian":7725},"geometry":{"type":"Polygon","coordinates":[[[136.22559378695698,36.260144337002046],[136.22559378695698,36.26913754063929],[136.2345869905942,36.26913754063929],[136.2345869905942,36.260144337002046],[136.22559378695698,36.260144337002046]]]}},{"type":"Feature","properties":{"jobs":41,"pop":65,"pointCount":1,"homeWorkCommuteMedian":65274,"workHomeCommuteMedian":58152},"geometry":{"type":"Polygon","coordinates":[[[136.2345869905942,35.792497747865255],[136.2345869905942,35.8014909515025],[136.24358019423144,35.8014909515025],[136.24358019423144,35.792497747865255],[136.2345869905942,35.792497747865255]]]}},{"type":"Feature","properties":{"jobs":0,"pop":16,"pointCount":1,"homeWorkCommuteMedian":5267,"workHomeCommuteMedian":-1},"geometry":{"type":"Polygon","coordinates":[[[136.2345869905942,35.8014909515025],[136.2345869905942,35.81048415513975],[136.24358019423144,35.81048415513975],[136.24358019423144,35.8014909515025],[136.2345869905942,35.8014909515025]]]}},{"type":"Feature","properties":{"jobs":42,"pop":16,"pointCount":2,"homeWorkCommuteMedian":6660,"workHomeCommuteMedian":17273},"geometry":{"type":"Polygon","coordinates":[[[136.2345869905942,35.87343658060047],[136.2345869905942,35.882429784237715],[136.24358019423144,35.882429784237715],[136.24358019423144,35.87343658060047],[136.2345869905942,35.87343658060047]]]}},{"type":"Feature","properties":{"jobs":39,"pop":82,"pointCount":3,"homeWorkCommuteMedian":12362,"workHomeCommuteMedian":23994},"geometry":{"type":"Polygon","coordinates":[[[136.2345869905942,35.882429784237715],[136.2345869905942,35.89142298787496],[136.24358019423144,35.89142298787496],[136.24358019423144,35.882429784237715],[136.2345869905942,35.882429784237715]]]}},{"type":"Feature","properties":{"jobs":28,"pop":123,"pointCount":7,"homeWorkCommuteMedian":24669,"workHomeCommuteMedian":7614},"geometry":{"type":"Polygon","coordinates":[[[136.2345869905942,35.89142298787496],[136.2345869905942,35.90041619151221],[136.24358019423144,35.90041619151221],[136.24358019423144,35.89142298787496],[136.2345869905942,35.89142298787496]]]}},{"type":"Feature","properties":{"jobs":618,"pop":476,"pointCount":6,"homeWorkCommuteMedian":7511,"workHomeCommuteMedian":8791},"geometry":{"type":"Polygon","coordinates":[[[136.2345869905942,35.90041619151221],[136.2345869905942,35.90940939514945],[136.24358019423144,35.90940939514945],[136.24358019423144,35.90041619151221],[136.2345869905942,35.90041619151221]]]}},{"type":"Feature","properties":{"jobs":1001,"pop":1786,"pointCount":18,"homeWorkCommuteMedian":6444,"workHomeCommuteMedian":7128},"geometry":{"type":"Polygon","coordinates":[[[136.2345869905942,35.90940939514945],[136.2345869905942,35.9184025987867],[136.24358019423144,35.9184025987867],[136.24358019423144,35.90940939514945],[136.2345869905942,35.90940939514945]]]}},{"type":"Feature","properties":{"jobs":80,"pop":59,"pointCount":1,"homeWorkCommuteMedian":5882,"workHomeCommuteMedian":11327},"geometry":{"type":"Polygon","coordinates":[[[136.2345869905942,35.9184025987867],[136.2345869905942,35.927395802423945],[136.24358019423144,35.927395802423945],[136.24358019423144,35.9184025987867],[136.2345869905942,35.9184025987867]]]}},{"type":"Feature","properties":{"jobs":306,"pop":404,"pointCount":14,"homeWorkCommuteMedian":4152,"workHomeCommuteMedian":11816},"geometry":{"type":"Polygon","coordinates":[[[136.2345869905942,35.927395802423945],[136.2345869905942,35.93638900606119],[136.24358019423144,35.93638900606119],[136.24358019423144,35.927395802423945],[136.2345869905942,35.927395802423945]]]}},{"type":"Feature","properties":{"jobs":49,"pop":112,"pointCount":6,"homeWorkCommuteMedian":8508,"workHomeCommuteMedian":17143},"geometry":{"type":"Polygon","coordinates":[[[136.2345869905942,35.93638900606119],[136.2345869905942,35.94538220969844],[136.24358019423144,35.94538220969844],[136.24358019423144,35.93638900606119],[136.2345869905942,35.93638900606119]]]}},{"type":"Feature","properties":{"jobs":353,"pop":246,"pointCount":7,"homeWorkCommuteMedian":7235,"workHomeCommuteMedian":3406},"geometry":{"type":"Polygon","coordinates":[[[136.2345869905942,35.94538220969844],[136.2345869905942,35.95437541333568],[136.24358019423144,35.95437541333568],[136.24358019423144,35.94538220969844],[136.2345869905942,35.94538220969844]]]}},{"type":"Feature","properties":{"jobs":30,"pop":163,"pointCount":6,"homeWorkCommuteMedian":6919,"workHomeCommuteMedian":10357},"geometry":{"type":"Polygon","coordinates":[[[136.2345869905942,35.95437541333568],[136.2345869905942,35.96336861697293],[136.24358019423144,35.96336861697293],[136.24358019423144,35.95437541333568],[136.2345869905942,35.95437541333568]]]}},{"type":"Feature","properties":{"jobs":0,"pop":32,"pointCount":2,"homeWorkCommuteMedian":6841,"workHomeCommuteMedian":-1},"geometry":{"type":"Polygon","coordinates":[[[136.2345869905942,35.96336861697293],[136.2345869905942,35.972361820610175],[136.24358019423144,35.972361820610175],[136.24358019423144,35.96336861697293],[136.2345869905942,35.96336861697293]]]}},{"type":"Feature","properties":{"jobs":27,"pop":48,"pointCount":2,"homeWorkCommuteMedian":9244,"workHomeCommuteMedian":21793},"geometry":{"type":"Polygon","coordinates":[[[136.2345869905942,35.972361820610175],[136.2345869905942,35.98135502424742],[136.24358019423144,35.98135502424742],[136.24358019423144,35.972361820610175],[136.2345869905942,35.972361820610175]]]}},{"type":"Feature","properties":{"jobs":27,"pop":85,"pointCount":4,"homeWorkCommuteMedian":10878,"workHomeCommuteMedian":4723},"geometry":{"type":"Polygon","coordinates":[[[136.2345869905942,35.99034822788467],[136.2345869905942,35.99934143152191],[136.24358019423144,35.99934143152191],[136.24358019423144,35.99034822788467],[136.2345869905942,35.99034822788467]]]}},{"type":"Feature","properties":{"jobs":103,"pop":181,"pointCount":7,"homeWorkCommuteMedian":4585,"workHomeCommuteMedian":15110},"geometry":{"type":"Polygon","coordinates":[[[136.2345869905942,35.99934143152191],[136.2345869905942,36.00833463515916],[136.24358019423144,36.00833463515916],[136.24358019423144,35.99934143152191],[136.2345869905942,35.99934143152191]]]}},{"type":"Feature","properties":{"jobs":45,"pop":79,"pointCount":4,"homeWorkCommuteMedian":7869,"workHomeCommuteMedian":15137},"geometry":{"type":"Polygon","coordinates":[[[136.2345869905942,36.00833463515916],[136.2345869905942,36.017327838796405],[136.24358019423144,36.017327838796405],[136.24358019423144,36.00833463515916],[136.2345869905942,36.00833463515916]]]}},{"type":"Feature","properties":{"jobs":51,"pop":128,"pointCount":4,"homeWorkCommuteMedian":12426,"workHomeCommuteMedian":10522},"geometry":{"type":"Polygon","coordinates":[[[136.2345869905942,36.017327838796405],[136.2345869905942,36.02632104243365],[136.24358019423144,36.02632104243365],[136.24358019423144,36.017327838796405],[136.2345869905942,36.017327838796405]]]}},{"type":"Feature","properties":{"jobs":47,"pop":181,"pointCount":4,"homeWorkCommuteMedian":4033,"workHomeCommuteMedian":24757},"geometry":{"type":"Polygon","coordinates":[[[136.2345869905942,36.02632104243365],[136.2345869905942,36.0353142460709],[136.24358019423144,36.0353142460709],[136.24358019423144,36.02632104243365],[136.2345869905942,36.02632104243365]]]}},{"type":"Feature","properties":{"jobs":1440,"pop":1111,"pointCount":11,"homeWorkCommuteMedian":4774,"workHomeCommuteMedian":13336},"geometry":{"type":"Polygon","coordinates":[[[136.2345869905942,36.0353142460709],[136.2345869905942,36.04430744970814],[136.24358019423144,36.04430744970814],[136.24358019423144,36.0353142460709],[136.2345869905942,36.0353142460709]]]}},{"type":"Feature","properties":{"jobs":2393,"pop":2349,"pointCount":18,"homeWorkCommuteMedian":4499,"workHomeCommuteMedian":3632},"geometry":{"type":"Polygon","coordinates":[[[136.2345869905942,36.04430744970814],[136.2345869905942,36.05330065334539],[136.24358019423144,36.05330065334539],[136.24358019423144,36.04430744970814],[136.2345869905942,36.04430744970814]]]}},{"type":"Feature","properties":{"jobs":3528,"pop":2931,"pointCount":22,"homeWorkCommuteMedian":4210,"workHomeCommuteMedian":5043},"geometry":{"type":"Polygon","coordinates":[[[136.2345869905942,36.05330065334539],[136.2345869905942,36.062293856982635],[136.24358019423144,36.062293856982635],[136.24358019423144,36.05330065334539],[136.2345869905942,36.05330065334539]]]}},{"type":"Feature","properties":{"jobs":5312,"pop":2118,"pointCount":21,"homeWorkCommuteMedian":3246,"workHomeCommuteMedian":6749},"geometry":{"type":"Polygon","coordinates":[[[136.2345869905942,36.062293856982635],[136.2345869905942,36.07128706061988],[136.24358019423144,36.07128706061988],[136.24358019423144,36.062293856982635],[136.2345869905942,36.062293856982635]]]}},{"type":"Feature","properties":{"jobs":3191,"pop":3068,"pointCount":19,"homeWorkCommuteMedian":3913,"workHomeCommuteMedian":6071},"geometry":{"type":"Polygon","coordinates":[[[136.2345869905942,36.07128706061988],[136.2345869905942,36.08028026425713],[136.24358019423144,36.08028026425713],[136.24358019423144,36.07128706061988],[136.2345869905942,36.07128706061988]]]}},{"type":"Feature","properties":{"jobs":3344,"pop":1222,"pointCount":16,"homeWorkCommuteMedian":3986,"workHomeCommuteMedian":7086},"geometry":{"type":"Polygon","coordinates":[[[136.2345869905942,36.08028026425713],[136.2345869905942,36.08927346789437],[136.24358019423144,36.08927346789437],[136.24358019423144,36.08028026425713],[136.2345869905942,36.08028026425713]]]}},{"type":"Feature","properties":{"jobs":1920,"pop":2560,"pointCount":17,"homeWorkCommuteMedian":3976,"workHomeCommuteMedian":6838},"geometry":{"type":"Polygon","coordinates":[[[136.2345869905942,36.08927346789437],[136.2345869905942,36.09826667153162],[136.24358019423144,36.09826667153162],[136.24358019423144,36.08927346789437],[136.2345869905942,36.08927346789437]]]}},{"type":"Feature","properties":{"jobs":294,"pop":1865,"pointCount":12,"homeWorkCommuteMedian":5213,"workHomeCommuteMedian":6728},"geometry":{"type":"Polygon","coordinates":[[[136.2345869905942,36.09826667153162],[136.2345869905942,36.107259875168864],[136.24358019423144,36.107259875168864],[136.24358019423144,36.09826667153162],[136.2345869905942,36.09826667153162]]]}},{"type":"Feature","properties":{"jobs":713,"pop":2068,"pointCount":19,"homeWorkCommuteMedian":5543,"workHomeCommuteMedian":1946},"geometry":{"type":"Polygon","coordinates":[[[136.2345869905942,36.107259875168864],[136.2345869905942,36.11625307880611],[136.24358019423144,36.11625307880611],[136.24358019423144,36.107259875168864],[136.2345869905942,36.107259875168864]]]}},{"type":"Feature","properties":{"jobs":225,"pop":827,"pointCount":9,"homeWorkCommuteMedian":7096,"workHomeCommuteMedian":6134},"geometry":{"type":"Polygon","coordinates":[[[136.2345869905942,36.11625307880611],[136.2345869905942,36.12524628244336],[136.24358019423144,36.12524628244336],[136.24358019423144,36.11625307880611],[136.2345869905942,36.11625307880611]]]}},{"type":"Feature","properties":{"jobs":662,"pop":835,"pointCount":12,"homeWorkCommuteMedian":3859,"workHomeCommuteMedian":1110},"geometry":{"type":"Polygon","coordinates":[[[136.2345869905942,36.12524628244336],[136.2345869905942,36.1342394860806],[136.24358019423144,36.1342394860806],[136.24358019423144,36.12524628244336],[136.2345869905942,36.12524628244336]]]}},{"type":"Feature","properties":{"jobs":0,"pop":97,"pointCount":2,"homeWorkCommuteMedian":7908,"workHomeCommuteMedian":-1},"geometry":{"type":"Polygon","coordinates":[[[136.2345869905942,36.1342394860806],[136.2345869905942,36.14323268971785],[136.24358019423144,36.14323268971785],[136.24358019423144,36.1342394860806],[136.2345869905942,36.1342394860806]]]}},{"type":"Feature","properties":{"jobs":124,"pop":0,"pointCount":2,"homeWorkCommuteMedian":-1,"workHomeCommuteMedian":6076},"geometry":{"type":"Polygon","coordinates":[[[136.2345869905942,36.14323268971785],[136.2345869905942,36.152225893355094],[136.24358019423144,36.152225893355094],[136.24358019423144,36.14323268971785],[136.2345869905942,36.14323268971785]]]}},{"type":"Feature","properties":{"jobs":80,"pop":669,"pointCount":12,"homeWorkCommuteMedian":5897,"workHomeCommuteMedian":6436},"geometry":{"type":"Polygon","coordinates":[[[136.2345869905942,36.152225893355094],[136.2345869905942,36.16121909699234],[136.24358019423144,36.16121909699234],[136.24358019423144,36.152225893355094],[136.2345869905942,36.152225893355094]]]}},{"type":"Feature","properties":{"jobs":1040,"pop":879,"pointCount":18,"homeWorkCommuteMedian":7783,"workHomeCommuteMedian":1799},"geometry":{"type":"Polygon","coordinates":[[[136.2345869905942,36.16121909699234],[136.2345869905942,36.170212300629586],[136.24358019423144,36.170212300629586],[136.24358019423144,36.16121909699234],[136.2345869905942,36.16121909699234]]]}},{"type":"Feature","properties":{"jobs":386,"pop":72,"pointCount":4,"homeWorkCommuteMedian":14277,"workHomeCommuteMedian":6233},"geometry":{"type":"Polygon","coordinates":[[[136.2345869905942,36.170212300629586],[136.2345869905942,36.17920550426683],[136.24358019423144,36.17920550426683],[136.24358019423144,36.170212300629586],[136.2345869905942,36.170212300629586]]]}},{"type":"Feature","properties":{"jobs":195,"pop":0,"pointCount":2,"homeWorkCommuteMedian":-1,"workHomeCommuteMedian":15706},"geometry":{"type":"Polygon","coordinates":[[[136.2345869905942,36.17920550426683],[136.2345869905942,36.18819870790408],[136.24358019423144,36.18819870790408],[136.24358019423144,36.17920550426683],[136.2345869905942,36.17920550426683]]]}},{"type":"Feature","properties":{"jobs":66,"pop":161,"pointCount":7,"homeWorkCommuteMedian":7456,"workHomeCommuteMedian":19623},"geometry":{"type":"Polygon","coordinates":[[[136.2345869905942,36.18819870790408],[136.2345869905942,36.197191911541324],[136.24358019423144,36.197191911541324],[136.24358019423144,36.18819870790408],[136.2345869905942,36.18819870790408]]]}},{"type":"Feature","properties":{"jobs":1079,"pop":66,"pointCount":7,"homeWorkCommuteMedian":2398,"workHomeCommuteMedian":9894},"geometry":{"type":"Polygon","coordinates":[[[136.2345869905942,36.197191911541324],[136.2345869905942,36.20618511517857],[136.24358019423144,36.20618511517857],[136.24358019423144,36.197191911541324],[136.2345869905942,36.197191911541324]]]}},{"type":"Feature","properties":{"jobs":672,"pop":147,"pointCount":8,"homeWorkCommuteMedian":8130,"workHomeCommuteMedian":7890},"geometry":{"type":"Polygon","coordinates":[[[136.2345869905942,36.20618511517857],[136.2345869905942,36.215178318815816],[136.24358019423144,36.215178318815816],[136.24358019423144,36.20618511517857],[136.2345869905942,36.20618511517857]]]}},{"type":"Feature","properties":{"jobs":289,"pop":795,"pointCount":12,"homeWorkCommuteMedian":3736,"workHomeCommuteMedian":6582},"geometry":{"type":"Polygon","coordinates":[[[136.2345869905942,36.215178318815816],[136.2345869905942,36.22417152245306],[136.24358019423144,36.22417152245306],[136.24358019423144,36.215178318815816],[136.2345869905942,36.215178318815816]]]}},{"type":"Feature","properties":{"jobs":63,"pop":0,"pointCount":2,"homeWorkCommuteMedian":-1,"workHomeCommuteMedian":7556},"geometry":{"type":"Polygon","coordinates":[[[136.2345869905942,36.22417152245306],[136.2345869905942,36.23316472609031],[136.24358019423144,36.23316472609031],[136.24358019423144,36.22417152245306],[136.2345869905942,36.22417152245306]]]}},{"type":"Feature","properties":{"jobs":425,"pop":143,"pointCount":9,"homeWorkCommuteMedian":14533,"workHomeCommuteMedian":6254},"geometry":{"type":"Polygon","coordinates":[[[136.2345869905942,36.23316472609031],[136.2345869905942,36.242157929727554],[136.24358019423144,36.242157929727554],[136.24358019423144,36.23316472609031],[136.2345869905942,36.23316472609031]]]}},{"type":"Feature","properties":{"jobs":22,"pop":88,"pointCount":5,"homeWorkCommuteMedian":9488,"workHomeCommuteMedian":32234},"geometry":{"type":"Polygon","coordinates":[[[136.2345869905942,36.2511511333648],[136.2345869905942,36.260144337002046],[136.24358019423144,36.260144337002046],[136.24358019423144,36.2511511333648],[136.2345869905942,36.2511511333648]]]}},{"type":"Feature","properties":{"jobs":89,"pop":0,"pointCount":1,"homeWorkCommuteMedian":-1,"workHomeCommuteMedian":17903},"geometry":{"type":"Polygon","coordinates":[[[136.2345869905942,36.27813074427654],[136.2345869905942,36.287123947913784],[136.24358019423144,36.287123947913784],[136.24358019423144,36.27813074427654],[136.2345869905942,36.27813074427654]]]}},{"type":"Feature","properties":{"jobs":44,"pop":64,"pointCount":2,"homeWorkCommuteMedian":21777,"workHomeCommuteMedian":6040},"geometry":{"type":"Polygon","coordinates":[[[136.24358019423144,35.792497747865255],[136.24358019423144,35.8014909515025],[136.25257339786867,35.8014909515025],[136.25257339786867,35.792497747865255],[136.24358019423144,35.792497747865255]]]}},{"type":"Feature","properties":{"jobs":0,"pop":36,"pointCount":2,"homeWorkCommuteMedian":8951,"workHomeCommuteMedian":-1},"geometry":{"type":"Polygon","coordinates":[[[136.24358019423144,35.86444337696322],[136.24358019423144,35.87343658060047],[136.25257339786867,35.87343658060047],[136.25257339786867,35.86444337696322],[136.24358019423144,35.86444337696322]]]}},{"type":"Feature","properties":{"jobs":0,"pop":47,"pointCount":1,"homeWorkCommuteMedian":4543,"workHomeCommuteMedian":-1},"geometry":{"type":"Polygon","coordinates":[[[136.24358019423144,35.87343658060047],[136.24358019423144,35.882429784237715],[136.25257339786867,35.882429784237715],[136.25257339786867,35.87343658060047],[136.24358019423144,35.87343658060047]]]}},{"type":"Feature","properties":{"jobs":28,"pop":133,"pointCount":4,"homeWorkCommuteMedian":4151,"workHomeCommuteMedian":9070},"geometry":{"type":"Polygon","coordinates":[[[136.24358019423144,35.882429784237715],[136.24358019423144,35.89142298787496],[136.25257339786867,35.89142298787496],[136.25257339786867,35.882429784237715],[136.24358019423144,35.882429784237715]]]}},{"type":"Feature","properties":{"jobs":335,"pop":676,"pointCount":13,"homeWorkCommuteMedian":9943,"workHomeCommuteMedian":11272},"geometry":{"type":"Polygon","coordinates":[[[136.24358019423144,35.90041619151221],[136.24358019423144,35.90940939514945],[136.25257339786867,35.90940939514945],[136.25257339786867,35.90041619151221],[136.24358019423144,35.90041619151221]]]}},{"type":"Feature","properties":{"jobs":509,"pop":447,"pointCount":8,"homeWorkCommuteMedian":7864,"workHomeCommuteMedian":8379},"geometry":{"type":"Polygon","coordinates":[[[136.24358019423144,35.90940939514945],[136.24358019423144,35.9184025987867],[136.25257339786867,35.9184025987867],[136.25257339786867,35.90940939514945],[136.24358019423144,35.90940939514945]]]}},{"type":"Feature","properties":{"jobs":676,"pop":695,"pointCount":18,"homeWorkCommuteMedian":10386,"workHomeCommuteMedian":4637},"geometry":{"type":"Polygon","coordinates":[[[136.24358019423144,35.9184025987867],[136.24358019423144,35.927395802423945],[136.25257339786867,35.927395802423945],[136.25257339786867,35.9184025987867],[136.24358019423144,35.9184025987867]]]}},{"type":"Feature","properties":{"jobs":238,"pop":612,"pointCount":12,"homeWorkCommuteMedian":9587,"workHomeCommuteMedian":1447},"geometry":{"type":"Polygon","coordinates":[[[136.24358019423144,35.927395802423945],[136.24358019423144,35.93638900606119],[136.25257339786867,35.93638900606119],[136.25257339786867,35.927395802423945],[136.24358019423144,35.927395802423945]]]}},{"type":"Feature","properties":{"jobs":309,"pop":180,"pointCount":7,"homeWorkCommuteMedian":5174,"workHomeCommuteMedian":14664},"geometry":{"type":"Polygon","coordinates":[[[136.24358019423144,35.93638900606119],[136.24358019423144,35.94538220969844],[136.25257339786867,35.94538220969844],[136.25257339786867,35.93638900606119],[136.24358019423144,35.93638900606119]]]}},{"type":"Feature","properties":{"jobs":243,"pop":354,"pointCount":7,"homeWorkCommuteMedian":7875,"workHomeCommuteMedian":3424},"geometry":{"type":"Polygon","coordinates":[[[136.24358019423144,35.94538220969844],[136.24358019423144,35.95437541333568],[136.25257339786867,35.95437541333568],[136.25257339786867,35.94538220969844],[136.24358019423144,35.94538220969844]]]}},{"type":"Feature","properties":{"jobs":88,"pop":129,"pointCount":5,"homeWorkCommuteMedian":12375,"workHomeCommuteMedian":14669},"geometry":{"type":"Polygon","coordinates":[[[136.24358019423144,35.95437541333568],[136.24358019423144,35.96336861697293],[136.25257339786867,35.96336861697293],[136.25257339786867,35.95437541333568],[136.24358019423144,35.95437541333568]]]}},{"type":"Feature","properties":{"jobs":28,"pop":22,"pointCount":2,"homeWorkCommuteMedian":13663,"workHomeCommuteMedian":5548},"geometry":{"type":"Polygon","coordinates":[[[136.24358019423144,35.96336861697293],[136.24358019423144,35.972361820610175],[136.25257339786867,35.972361820610175],[136.25257339786867,35.96336861697293],[136.24358019423144,35.96336861697293]]]}},{"type":"Feature","properties":{"jobs":0,"pop":23,"pointCount":1,"homeWorkCommuteMedian":16086,"workHomeCommuteMedian":-1},"geometry":{"type":"Polygon","coordinates":[[[136.24358019423144,35.98135502424742],[136.24358019423144,35.99034822788467],[136.25257339786867,35.99034822788467],[136.25257339786867,35.98135502424742],[136.24358019423144,35.98135502424742]]]}},{"type":"Feature","properties":{"jobs":38,"pop":96,"pointCount":4,"homeWorkCommuteMedian":6156,"workHomeCommuteMedian":5357},"geometry":{"type":"Polygon","coordinates":[[[136.24358019423144,35.99034822788467],[136.24358019423144,35.99934143152191],[136.25257339786867,35.99934143152191],[136.25257339786867,35.99034822788467],[136.24358019423144,35.99034822788467]]]}},{"type":"Feature","properties":{"jobs":187,"pop":198,"pointCount":8,"homeWorkCommuteMedian":9017,"workHomeCommuteMedian":15090},"geometry":{"type":"Polygon","coordinates":[[[136.24358019423144,35.99934143152191],[136.24358019423144,36.00833463515916],[136.25257339786867,36.00833463515916],[136.25257339786867,35.99934143152191],[136.24358019423144,35.99934143152191]]]}},{"type":"Feature","properties":{"jobs":85,"pop":258,"pointCount":10,"homeWorkCommuteMedian":10107,"workHomeCommuteMedian":23258},"geometry":{"type":"Polygon","coordinates":[[[136.24358019423144,36.00833463515916],[136.24358019423144,36.017327838796405],[136.25257339786867,36.017327838796405],[136.25257339786867,36.00833463515916],[136.24358019423144,36.00833463515916]]]}},{"type":"Feature","properties":{"jobs":638,"pop":21,"pointCount":6,"homeWorkCommuteMedian":14491,"workHomeCommuteMedian":5190},"geometry":{"type":"Polygon","coordinates":[[[136.24358019423144,36.017327838796405],[136.24358019423144,36.02632104243365],[136.25257339786867,36.02632104243365],[136.25257339786867,36.017327838796405],[136.24358019423144,36.017327838796405]]]}},{"type":"Feature","properties":{"jobs":117,"pop":233,"pointCount":10,"homeWorkCommuteMedian":5599,"workHomeCommuteMedian":15663},"geometry":{"type":"Polygon","coordinates":[[[136.24358019423144,36.02632104243365],[136.24358019423144,36.0353142460709],[136.25257339786867,36.0353142460709],[136.25257339786867,36.02632104243365],[136.24358019423144,36.02632104243365]]]}},{"type":"Feature","properties":{"jobs":218,"pop":62,"pointCount":5,"homeWorkCommuteMedian":12868,"workHomeCommuteMedian":14338},"geometry":{"type":"Polygon","coordinates":[[[136.24358019423144,36.0353142460709],[136.24358019423144,36.04430744970814],[136.25257339786867,36.04430744970814],[136.25257339786867,36.0353142460709],[136.24358019423144,36.0353142460709]]]}},{"type":"Feature","properties":{"jobs":3048,"pop":2238,"pointCount":22,"homeWorkCommuteMedian":4213,"workHomeCommuteMedian":9278},"geometry":{"type":"Polygon","coordinates":[[[136.24358019423144,36.04430744970814],[136.24358019423144,36.05330065334539],[136.25257339786867,36.05330065334539],[136.25257339786867,36.04430744970814],[136.24358019423144,36.04430744970814]]]}},{"type":"Feature","properties":{"jobs":2708,"pop":2326,"pointCount":18,"homeWorkCommuteMedian":3946,"workHomeCommuteMedian":8641},"geometry":{"type":"Polygon","coordinates":[[[136.24358019423144,36.05330065334539],[136.24358019423144,36.062293856982635],[136.25257339786867,36.062293856982635],[136.25257339786867,36.05330065334539],[136.24358019423144,36.05330065334539]]]}},{"type":"Feature","properties":{"jobs":2284,"pop":3145,"pointCount":25,"homeWorkCommuteMedian":4410,"workHomeCommuteMedian":5167},"geometry":{"type":"Polygon","coordinates":[[[136.24358019423144,36.062293856982635],[136.24358019423144,36.07128706061988],[136.25257339786867,36.07128706061988],[136.25257339786867,36.062293856982635],[136.24358019423144,36.062293856982635]]]}},{"type":"Feature","properties":{"jobs":2113,"pop":1641,"pointCount":19,"homeWorkCommuteMedian":4422,"workHomeCommuteMedian":6877},"geometry":{"type":"Polygon","coordinates":[[[136.24358019423144,36.07128706061988],[136.24358019423144,36.08028026425713],[136.25257339786867,36.08028026425713],[136.25257339786867,36.07128706061988],[136.24358019423144,36.07128706061988]]]}},{"type":"Feature","properties":{"jobs":1696,"pop":846,"pointCount":12,"homeWorkCommuteMedian":4266,"workHomeCommuteMedian":6336},"geometry":{"type":"Polygon","coordinates":[[[136.24358019423144,36.08028026425713],[136.24358019423144,36.08927346789437],[136.25257339786867,36.08927346789437],[136.25257339786867,36.08028026425713],[136.24358019423144,36.08028026425713]]]}},{"type":"Feature","properties":{"jobs":4849,"pop":354,"pointCount":12,"homeWorkCommuteMedian":3322,"workHomeCommuteMedian":6655},"geometry":{"type":"Polygon","coordinates":[[[136.24358019423144,36.08927346789437],[136.24358019423144,36.09826667153162],[136.25257339786867,36.09826667153162],[136.25257339786867,36.08927346789437],[136.24358019423144,36.08927346789437]]]}},{"type":"Feature","properties":{"jobs":687,"pop":308,"pointCount":11,"homeWorkCommuteMedian":5942,"workHomeCommuteMedian":6169},"geometry":{"type":"Polygon","coordinates":[[[136.24358019423144,36.09826667153162],[136.24358019423144,36.107259875168864],[136.25257339786867,36.107259875168864],[136.25257339786867,36.09826667153162],[136.24358019423144,36.09826667153162]]]}},{"type":"Feature","properties":{"jobs":258,"pop":250,"pointCount":7,"homeWorkCommuteMedian":6564,"workHomeCommuteMedian":8711},"geometry":{"type":"Polygon","coordinates":[[[136.24358019423144,36.107259875168864],[136.24358019423144,36.11625307880611],[136.25257339786867,36.11625307880611],[136.25257339786867,36.107259875168864],[136.24358019423144,36.107259875168864]]]}},{"type":"Feature","properties":{"jobs":406,"pop":1893,"pointCount":15,"homeWorkCommuteMedian":6008,"workHomeCommuteMedian":3775},"geometry":{"type":"Polygon","coordinates":[[[136.24358019423144,36.11625307880611],[136.24358019423144,36.12524628244336],[136.25257339786867,36.12524628244336],[136.25257339786867,36.11625307880611],[136.24358019423144,36.11625307880611]]]}},{"type":"Feature","properties":{"jobs":125,"pop":831,"pointCount":12,"homeWorkCommuteMedian":4076,"workHomeCommuteMedian":367},"geometry":{"type":"Polygon","coordinates":[[[136.24358019423144,36.12524628244336],[136.24358019423144,36.1342394860806],[136.25257339786867,36.1342394860806],[136.25257339786867,36.12524628244336],[136.24358019423144,36.12524628244336]]]}},{"type":"Feature","properties":{"jobs":22,"pop":347,"pointCount":7,"homeWorkCommuteMedian":5482,"workHomeCommuteMedian":4425},"geometry":{"type":"Polygon","coordinates":[[[136.24358019423144,36.1342394860806],[136.24358019423144,36.14323268971785],[136.25257339786867,36.14323268971785],[136.25257339786867,36.1342394860806],[136.24358019423144,36.1342394860806]]]}},{"type":"Feature","properties":{"jobs":680,"pop":403,"pointCount":13,"homeWorkCommuteMedian":8184,"workHomeCommuteMedian":6339},"geometry":{"type":"Polygon","coordinates":[[[136.24358019423144,36.14323268971785],[136.24358019423144,36.152225893355094],[136.25257339786867,36.152225893355094],[136.25257339786867,36.14323268971785],[136.24358019423144,36.14323268971785]]]}},{"type":"Feature","properties":{"jobs":30,"pop":239,"pointCount":5,"homeWorkCommuteMedian":12087,"workHomeCommuteMedian":9062},"geometry":{"type":"Polygon","coordinates":[[[136.24358019423144,36.152225893355094],[136.24358019423144,36.16121909699234],[136.25257339786867,36.16121909699234],[136.25257339786867,36.152225893355094],[136.24358019423144,36.152225893355094]]]}},{"type":"Feature","properties":{"jobs":184,"pop":276,"pointCount":8,"homeWorkCommuteMedian":7485,"workHomeCommuteMedian":4318},"geometry":{"type":"Polygon","coordinates":[[[136.24358019423144,36.16121909699234],[136.24358019423144,36.170212300629586],[136.25257339786867,36.170212300629586],[136.25257339786867,36.16121909699234],[136.24358019423144,36.16121909699234]]]}},{"type":"Feature","properties":{"jobs":171,"pop":311,"pointCount":10,"homeWorkCommuteMedian":3970,"workHomeCommuteMedian":10278},"geometry":{"type":"Polygon","coordinates":[[[136.24358019423144,36.170212300629586],[136.24358019423144,36.17920550426683],[136.25257339786867,36.17920550426683],[136.25257339786867,36.170212300629586],[136.24358019423144,36.170212300629586]]]}},{"type":"Feature","properties":{"jobs":19,"pop":91,"pointCount":2,"homeWorkCommuteMedian":17480,"workHomeCommuteMedian":4175},"geometry":{"type":"Polygon","coordinates":[[[136.24358019423144,36.17920550426683],[136.24358019423144,36.18819870790408],[136.25257339786867,36.18819870790408],[136.25257339786867,36.17920550426683],[136.24358019423144,36.17920550426683]]]}},{"type":"Feature","properties":{"jobs":0,"pop":228,"pointCount":4,"homeWorkCommuteMedian":7731,"workHomeCommuteMedian":-1},"geometry":{"type":"Polygon","coordinates":[[[136.24358019423144,36.18819870790408],[136.24358019423144,36.197191911541324],[136.25257339786867,36.197191911541324],[136.25257339786867,36.18819870790408],[136.24358019423144,36.18819870790408]]]}},{"type":"Feature","properties":{"jobs":796,"pop":39,"pointCount":8,"homeWorkCommuteMedian":20912,"workHomeCommuteMedian":5725},"geometry":{"type":"Polygon","coordinates":[[[136.24358019423144,36.197191911541324],[136.24358019423144,36.20618511517857],[136.25257339786867,36.20618511517857],[136.25257339786867,36.197191911541324],[136.24358019423144,36.197191911541324]]]}},{"type":"Feature","properties":{"jobs":46,"pop":41,"pointCount":3,"homeWorkCommuteMedian":22387,"workHomeCommuteMedian":10902},"geometry":{"type":"Polygon","coordinates":[[[136.24358019423144,36.215178318815816],[136.24358019423144,36.22417152245306],[136.25257339786867,36.22417152245306],[136.25257339786867,36.215178318815816],[136.24358019423144,36.215178318815816]]]}},{"type":"Feature","properties":{"jobs":0,"pop":59,"pointCount":4,"homeWorkCommuteMedian":5422,"workHomeCommuteMedian":-1},"geometry":{"type":"Polygon","coordinates":[[[136.24358019423144,36.22417152245306],[136.24358019423144,36.23316472609031],[136.25257339786867,36.23316472609031],[136.25257339786867,36.22417152245306],[136.24358019423144,36.22417152245306]]]}},{"type":"Feature","properties":{"jobs":109,"pop":34,"pointCount":3,"homeWorkCommuteMedian":22694,"workHomeCommuteMedian":15111},"geometry":{"type":"Polygon","coordinates":[[[136.24358019423144,36.23316472609031],[136.24358019423144,36.242157929727554],[136.25257339786867,36.242157929727554],[136.25257339786867,36.23316472609031],[136.24358019423144,36.23316472609031]]]}},{"type":"Feature","properties":{"jobs":10,"pop":39,"pointCount":2,"homeWorkCommuteMedian":2910,"workHomeCommuteMedian":24825},"geometry":{"type":"Polygon","coordinates":[[[136.24358019423144,36.2511511333648],[136.24358019423144,36.260144337002046],[136.25257339786867,36.260144337002046],[136.25257339786867,36.2511511333648],[136.24358019423144,36.2511511333648]]]}},{"type":"Feature","properties":{"jobs":34,"pop":152,"pointCount":5,"homeWorkCommuteMedian":8540,"workHomeCommuteMedian":13413},"geometry":{"type":"Polygon","coordinates":[[[136.24358019423144,36.260144337002046],[136.24358019423144,36.26913754063929],[136.25257339786867,36.26913754063929],[136.25257339786867,36.260144337002046],[136.24358019423144,36.260144337002046]]]}},{"type":"Feature","properties":{"jobs":16,"pop":87,"pointCount":3,"homeWorkCommuteMedian":9945,"workHomeCommuteMedian":49561},"geometry":{"type":"Polygon","coordinates":[[[136.24358019423144,36.27813074427654],[136.24358019423144,36.287123947913784],[136.25257339786867,36.287123947913784],[136.25257339786867,36.27813074427654],[136.24358019423144,36.27813074427654]]]}},{"type":"Feature","properties":{"jobs":12,"pop":38,"pointCount":2,"homeWorkCommuteMedian":6334,"workHomeCommuteMedian":545},"geometry":{"type":"Polygon","coordinates":[[[136.25257339786867,35.792497747865255],[136.25257339786867,35.8014909515025],[136.2615666015059,35.8014909515025],[136.2615666015059,35.792497747865255],[136.25257339786867,35.792497747865255]]]}},{"type":"Feature","properties":{"jobs":0,"pop":17,"pointCount":1,"homeWorkCommuteMedian":7082,"workHomeCommuteMedian":-1},"geometry":{"type":"Polygon","coordinates":[[[136.25257339786867,35.86444337696322],[136.25257339786867,35.87343658060047],[136.2615666015059,35.87343658060047],[136.2615666015059,35.86444337696322],[136.25257339786867,35.86444337696322]]]}},{"type":"Feature","properties":{"jobs":7,"pop":53,"pointCount":3,"homeWorkCommuteMedian":24332,"workHomeCommuteMedian":10344},"geometry":{"type":"Polygon","coordinates":[[[136.25257339786867,35.882429784237715],[136.25257339786867,35.89142298787496],[136.2615666015059,35.89142298787496],[136.2615666015059,35.882429784237715],[136.25257339786867,35.882429784237715]]]}},{"type":"Feature","properties":{"jobs":0,"pop":10,"pointCount":1,"homeWorkCommuteMedian":4889,"workHomeCommuteMedian":-1},"geometry":{"type":"Polygon","coordinates":[[[136.25257339786867,35.90041619151221],[136.25257339786867,35.90940939514945],[136.2615666015059,35.90940939514945],[136.2615666015059,35.90041619151221],[136.25257339786867,35.90041619151221]]]}},{"type":"Feature","properties":{"jobs":67,"pop":94,"pointCount":4,"homeWorkCommuteMedian":2622,"workHomeCommuteMedian":8687},"geometry":{"type":"Polygon","coordinates":[[[136.25257339786867,35.90940939514945],[136.25257339786867,35.9184025987867],[136.2615666015059,35.9184025987867],[136.2615666015059,35.90940939514945],[136.25257339786867,35.90940939514945]]]}},{"type":"Feature","properties":{"jobs":78,"pop":179,"pointCount":8,"homeWorkCommuteMedian":9778,"workHomeCommuteMedian":9119},"geometry":{"type":"Polygon","coordinates":[[[136.25257339786867,35.9184025987867],[136.25257339786867,35.927395802423945],[136.2615666015059,35.927395802423945],[136.2615666015059,35.9184025987867],[136.25257339786867,35.9184025987867]]]}},{"type":"Feature","properties":{"jobs":72,"pop":187,"pointCount":9,"homeWorkCommuteMedian":8143,"workHomeCommuteMedian":6310},"geometry":{"type":"Polygon","coordinates":[[[136.25257339786867,35.927395802423945],[136.25257339786867,35.93638900606119],[136.2615666015059,35.93638900606119],[136.2615666015059,35.927395802423945],[136.25257339786867,35.927395802423945]]]}},{"type":"Feature","properties":{"jobs":10,"pop":61,"pointCount":2,"homeWorkCommuteMedian":7302,"workHomeCommuteMedian":4355},"geometry":{"type":"Polygon","coordinates":[[[136.25257339786867,35.93638900606119],[136.25257339786867,35.94538220969844],[136.2615666015059,35.94538220969844],[136.2615666015059,35.93638900606119],[136.25257339786867,35.93638900606119]]]}},{"type":"Feature","properties":{"jobs":120,"pop":141,"pointCount":4,"homeWorkCommuteMedian":8750,"workHomeCommuteMedian":6089},"geometry":{"type":"Polygon","coordinates":[[[136.25257339786867,35.94538220969844],[136.25257339786867,35.95437541333568],[136.2615666015059,35.95437541333568],[136.2615666015059,35.94538220969844],[136.25257339786867,35.94538220969844]]]}},{"type":"Feature","properties":{"jobs":0,"pop":99,"pointCount":3,"homeWorkCommuteMedian":11313,"workHomeCommuteMedian":-1},"geometry":{"type":"Polygon","coordinates":[[[136.25257339786867,35.96336861697293],[136.25257339786867,35.972361820610175],[136.2615666015059,35.972361820610175],[136.2615666015059,35.96336861697293],[136.25257339786867,35.96336861697293]]]}},{"type":"Feature","properties":{"jobs":16,"pop":91,"pointCount":4,"homeWorkCommuteMedian":12044,"workHomeCommuteMedian":8053},"geometry":{"type":"Polygon","coordinates":[[[136.25257339786867,35.98135502424742],[136.25257339786867,35.99034822788467],[136.2615666015059,35.99034822788467],[136.2615666015059,35.98135502424742],[136.25257339786867,35.98135502424742]]]}},{"type":"Feature","properties":{"jobs":72,"pop":22,"pointCount":1,"homeWorkCommuteMedian":16596,"workHomeCommuteMedian":10135},"geometry":{"type":"Polygon","coordinates":[[[136.25257339786867,35.99034822788467],[136.25257339786867,35.99934143152191],[136.2615666015059,35.99934143152191],[136.2615666015059,35.99034822788467],[136.25257339786867,35.99034822788467]]]}},{"type":"Feature","properties":{"jobs":182,"pop":165,"pointCount":9,"homeWorkCommuteMedian":7064,"workHomeCommuteMedian":9989},"geometry":{"type":"Polygon","coordinates":[[[136.25257339786867,35.99934143152191],[136.25257339786867,36.00833463515916],[136.2615666015059,36.00833463515916],[136.2615666015059,35.99934143152191],[136.25257339786867,35.99934143152191]]]}},{"type":"Feature","properties":{"jobs":19,"pop":85,"pointCount":3,"homeWorkCommuteMedian":15539,"workHomeCommuteMedian":8854},"geometry":{"type":"Polygon","coordinates":[[[136.25257339786867,36.00833463515916],[136.25257339786867,36.017327838796405],[136.2615666015059,36.017327838796405],[136.2615666015059,36.00833463515916],[136.25257339786867,36.00833463515916]]]}},{"type":"Feature","properties":{"jobs":57,"pop":170,"pointCount":8,"homeWorkCommuteMedian":3938,"workHomeCommuteMedian":21018},"geometry":{"type":"Polygon","coordinates":[[[136.25257339786867,36.017327838796405],[136.25257339786867,36.02632104243365],[136.2615666015059,36.02632104243365],[136.2615666015059,36.017327838796405],[136.25257339786867,36.017327838796405]]]}},{"type":"Feature","properties":{"jobs":245,"pop":261,"pointCount":13,"homeWorkCommuteMedian":5958,"workHomeCommuteMedian":15153},"geometry":{"type":"Polygon","coordinates":[[[136.25257339786867,36.02632104243365],[136.25257339786867,36.0353142460709],[136.2615666015059,36.0353142460709],[136.2615666015059,36.02632104243365],[136.25257339786867,36.02632104243365]]]}},{"type":"Feature","properties":{"jobs":583,"pop":108,"pointCount":8,"homeWorkCommuteMedian":13584,"workHomeCommuteMedian":15459},"geometry":{"type":"Polygon","coordinates":[[[136.25257339786867,36.0353142460709],[136.25257339786867,36.04430744970814],[136.2615666015059,36.04430744970814],[136.2615666015059,36.0353142460709],[136.25257339786867,36.0353142460709]]]}},{"type":"Feature","properties":{"jobs":3264,"pop":409,"pointCount":9,"homeWorkCommuteMedian":4155,"workHomeCommuteMedian":7756},"geometry":{"type":"Polygon","coordinates":[[[136.25257339786867,36.04430744970814],[136.25257339786867,36.05330065334539],[136.2615666015059,36.05330065334539],[136.2615666015059,36.04430744970814],[136.25257339786867,36.04430744970814]]]}},{"type":"Feature","properties":{"jobs":1032,"pop":380,"pointCount":12,"homeWorkCommuteMedian":5325,"workHomeCommuteMedian":6487},"geometry":{"type":"Polygon","coordinates":[[[136.25257339786867,36.05330065334539],[136.25257339786867,36.062293856982635],[136.2615666015059,36.062293856982635],[136.2615666015059,36.05330065334539],[136.25257339786867,36.05330065334539]]]}},{"type":"Feature","properties":{"jobs":394,"pop":945,"pointCount":10,"homeWorkCommuteMedian":4500,"workHomeCommuteMedian":9227},"geometry":{"type":"Polygon","coordinates":[[[136.25257339786867,36.062293856982635],[136.25257339786867,36.07128706061988],[136.2615666015059,36.07128706061988],[136.2615666015059,36.062293856982635],[136.25257339786867,36.062293856982635]]]}},{"type":"Feature","properties":{"jobs":1874,"pop":347,"pointCount":15,"homeWorkCommuteMedian":7079,"workHomeCommuteMedian":3983},"geometry":{"type":"Polygon","coordinates":[[[136.25257339786867,36.07128706061988],[136.25257339786867,36.08028026425713],[136.2615666015059,36.08028026425713],[136.2615666015059,36.07128706061988],[136.25257339786867,36.07128706061988]]]}},{"type":"Feature","properties":{"jobs":722,"pop":342,"pointCount":10,"homeWorkCommuteMedian":4276,"workHomeCommuteMedian":7865},"geometry":{"type":"Polygon","coordinates":[[[136.25257339786867,36.08028026425713],[136.25257339786867,36.08927346789437],[136.2615666015059,36.08927346789437],[136.2615666015059,36.08028026425713],[136.25257339786867,36.08028026425713]]]}},{"type":"Feature","properties":{"jobs":417,"pop":314,"pointCount":9,"homeWorkCommuteMedian":5944,"workHomeCommuteMedian":9777},"geometry":{"type":"Polygon","coordinates":[[[136.25257339786867,36.08927346789437],[136.25257339786867,36.09826667153162],[136.2615666015059,36.09826667153162],[136.2615666015059,36.08927346789437],[136.25257339786867,36.08927346789437]]]}},{"type":"Feature","properties":{"jobs":88,"pop":77,"pointCount":4,"homeWorkCommuteMedian":6114,"workHomeCommuteMedian":4300},"geometry":{"type":"Polygon","coordinates":[[[136.25257339786867,36.09826667153162],[136.25257339786867,36.107259875168864],[136.2615666015059,36.107259875168864],[136.2615666015059,36.09826667153162],[136.25257339786867,36.09826667153162]]]}},{"type":"Feature","properties":{"jobs":267,"pop":589,"pointCount":6,"homeWorkCommuteMedian":5982,"workHomeCommuteMedian":4562},"geometry":{"type":"Polygon","coordinates":[[[136.25257339786867,36.107259875168864],[136.25257339786867,36.11625307880611],[136.2615666015059,36.11625307880611],[136.2615666015059,36.107259875168864],[136.25257339786867,36.107259875168864]]]}},{"type":"Feature","properties":{"jobs":1255,"pop":764,"pointCount":15,"homeWorkCommuteMedian":7793,"workHomeCommuteMedian":3368},"geometry":{"type":"Polygon","coordinates":[[[136.25257339786867,36.11625307880611],[136.25257339786867,36.12524628244336],[136.2615666015059,36.12524628244336],[136.2615666015059,36.11625307880611],[136.25257339786867,36.11625307880611]]]}},{"type":"Feature","properties":{"jobs":439,"pop":1243,"pointCount":16,"homeWorkCommuteMedian":5174,"workHomeCommuteMedian":3168},"geometry":{"type":"Polygon","coordinates":[[[136.25257339786867,36.12524628244336],[136.25257339786867,36.1342394860806],[136.2615666015059,36.1342394860806],[136.2615666015059,36.12524628244336],[136.25257339786867,36.12524628244336]]]}},{"type":"Feature","properties":{"jobs":167,"pop":325,"pointCount":7,"homeWorkCommuteMedian":5613,"workHomeCommuteMedian":1888},"geometry":{"type":"Polygon","coordinates":[[[136.25257339786867,36.1342394860806],[136.25257339786867,36.14323268971785],[136.2615666015059,36.14323268971785],[136.2615666015059,36.1342394860806],[136.25257339786867,36.1342394860806]]]}},{"type":"Feature","properties":{"jobs":185,"pop":619,"pointCount":9,"homeWorkCommuteMedian":7570,"workHomeCommuteMedian":4678},"geometry":{"type":"Polygon","coordinates":[[[136.25257339786867,36.14323268971785],[136.25257339786867,36.152225893355094],[136.2615666015059,36.152225893355094],[136.2615666015059,36.14323268971785],[136.25257339786867,36.14323268971785]]]}},{"type":"Feature","properties":{"jobs":124,"pop":246,"pointCount":8,"homeWorkCommuteMedian":12352,"workHomeCommuteMedian":5608},"geometry":{"type":"Polygon","coordinates":[[[136.25257339786867,36.152225893355094],[136.25257339786867,36.16121909699234],[136.2615666015059,36.16121909699234],[136.2615666015059,36.152225893355094],[136.25257339786867,36.152225893355094]]]}},{"type":"Feature","properties":{"jobs":0,"pop":40,"pointCount":2,"homeWorkCommuteMedian":16648,"workHomeCommuteMedian":-1},"geometry":{"type":"Polygon","coordinates":[[[136.25257339786867,36.16121909699234],[136.25257339786867,36.170212300629586],[136.2615666015059,36.170212300629586],[136.2615666015059,36.16121909699234],[136.25257339786867,36.16121909699234]]]}},{"type":"Feature","properties":{"jobs":80,"pop":154,"pointCount":6,"homeWorkCommuteMedian":5035,"workHomeCommuteMedian":4471},"geometry":{"type":"Polygon","coordinates":[[[136.25257339786867,36.170212300629586],[136.25257339786867,36.17920550426683],[136.2615666015059,36.17920550426683],[136.2615666015059,36.170212300629586],[136.25257339786867,36.170212300629586]]]}},{"type":"Feature","properties":{"jobs":195,"pop":90,"pointCount":3,"homeWorkCommuteMedian":6349,"workHomeCommuteMedian":15740},"geometry":{"type":"Polygon","coordinates":[[[136.25257339786867,36.17920550426683],[136.25257339786867,36.18819870790408],[136.2615666015059,36.18819870790408],[136.2615666015059,36.17920550426683],[136.25257339786867,36.17920550426683]]]}},{"type":"Feature","properties":{"jobs":36,"pop":185,"pointCount":7,"homeWorkCommuteMedian":5169,"workHomeCommuteMedian":6926},"geometry":{"type":"Polygon","coordinates":[[[136.25257339786867,36.18819870790408],[136.25257339786867,36.197191911541324],[136.2615666015059,36.197191911541324],[136.2615666015059,36.18819870790408],[136.25257339786867,36.18819870790408]]]}},{"type":"Feature","properties":{"jobs":125,"pop":102,"pointCount":5,"homeWorkCommuteMedian":11909,"workHomeCommuteMedian":4755},"geometry":{"type":"Polygon","coordinates":[[[136.25257339786867,36.197191911541324],[136.25257339786867,36.20618511517857],[136.2615666015059,36.20618511517857],[136.2615666015059,36.197191911541324],[136.25257339786867,36.197191911541324]]]}},{"type":"Feature","properties":{"jobs":13,"pop":113,"pointCount":4,"homeWorkCommuteMedian":8671,"workHomeCommuteMedian":10690},"geometry":{"type":"Polygon","coordinates":[[[136.25257339786867,36.22417152245306],[136.25257339786867,36.23316472609031],[136.2615666015059,36.23316472609031],[136.2615666015059,36.22417152245306],[136.25257339786867,36.22417152245306]]]}},{"type":"Feature","properties":{"jobs":260,"pop":222,"pointCount":9,"homeWorkCommuteMedian":5274,"workHomeCommuteMedian":3852},"geometry":{"type":"Polygon","coordinates":[[[136.25257339786867,36.23316472609031],[136.25257339786867,36.242157929727554],[136.2615666015059,36.242157929727554],[136.2615666015059,36.23316472609031],[136.25257339786867,36.23316472609031]]]}},{"type":"Feature","properties":{"jobs":80,"pop":119,"pointCount":6,"homeWorkCommuteMedian":37236,"workHomeCommuteMedian":15627},"geometry":{"type":"Polygon","coordinates":[[[136.25257339786867,36.242157929727554],[136.25257339786867,36.2511511333648],[136.2615666015059,36.2511511333648],[136.2615666015059,36.242157929727554],[136.25257339786867,36.242157929727554]]]}},{"type":"Feature","properties":{"jobs":0,"pop":57,"pointCount":1,"homeWorkCommuteMedian":5928,"workHomeCommuteMedian":-1},"geometry":{"type":"Polygon","coordinates":[[[136.25257339786867,36.2511511333648],[136.25257339786867,36.260144337002046],[136.2615666015059,36.260144337002046],[136.2615666015059,36.2511511333648],[136.25257339786867,36.2511511333648]]]}},{"type":"Feature","properties":{"jobs":8,"pop":59,"pointCount":3,"homeWorkCommuteMedian":6908,"workHomeCommuteMedian":6827},"geometry":{"type":"Polygon","coordinates":[[[136.25257339786867,36.260144337002046],[136.25257339786867,36.26913754063929],[136.2615666015059,36.26913754063929],[136.2615666015059,36.260144337002046],[136.25257339786867,36.260144337002046]]]}},{"type":"Feature","properties":{"jobs":37,"pop":0,"pointCount":1,"homeWorkCommuteMedian":-1,"workHomeCommuteMedian":6055},"geometry":{"type":"Polygon","coordinates":[[[136.2615666015059,35.78350454422801],[136.2615666015059,35.792497747865255],[136.27055980514314,35.792497747865255],[136.27055980514314,35.78350454422801],[136.2615666015059,35.78350454422801]]]}},{"type":"Feature","properties":{"jobs":28,"pop":79,"pointCount":4,"homeWorkCommuteMedian":11732,"workHomeCommuteMedian":6764},"geometry":{"type":"Polygon","coordinates":[[[136.2615666015059,35.90940939514945],[136.2615666015059,35.9184025987867],[136.27055980514314,35.9184025987867],[136.27055980514314,35.90940939514945],[136.2615666015059,35.90940939514945]]]}},{"type":"Feature","properties":{"jobs":29,"pop":66,"pointCount":3,"homeWorkCommuteMedian":6775,"workHomeCommuteMedian":15175},"geometry":{"type":"Polygon","coordinates":[[[136.2615666015059,35.9184025987867],[136.2615666015059,35.927395802423945],[136.27055980514314,35.927395802423945],[136.27055980514314,35.9184025987867],[136.2615666015059,35.9184025987867]]]}},{"type":"Feature","properties":{"jobs":169,"pop":48,"pointCount":6,"homeWorkCommuteMedian":13299,"workHomeCommuteMedian":3850},"geometry":{"type":"Polygon","coordinates":[[[136.2615666015059,35.927395802423945],[136.2615666015059,35.93638900606119],[136.27055980514314,35.93638900606119],[136.27055980514314,35.927395802423945],[136.2615666015059,35.927395802423945]]]}},{"type":"Feature","properties":{"jobs":0,"pop":23,"pointCount":1,"homeWorkCommuteMedian":17636,"workHomeCommuteMedian":-1},"geometry":{"type":"Polygon","coordinates":[[[136.2615666015059,35.93638900606119],[136.2615666015059,35.94538220969844],[136.27055980514314,35.94538220969844],[136.27055980514314,35.93638900606119],[136.2615666015059,35.93638900606119]]]}},{"type":"Feature","properties":{"jobs":243,"pop":390,"pointCount":9,"homeWorkCommuteMedian":7095,"workHomeCommuteMedian":7755},"geometry":{"type":"Polygon","coordinates":[[[136.2615666015059,35.94538220969844],[136.2615666015059,35.95437541333568],[136.27055980514314,35.95437541333568],[136.27055980514314,35.94538220969844],[136.2615666015059,35.94538220969844]]]}},{"type":"Feature","properties":{"jobs":10,"pop":75,"pointCount":2,"homeWorkCommuteMedian":31784,"workHomeCommuteMedian":24523},"geometry":{"type":"Polygon","coordinates":[[[136.2615666015059,35.95437541333568],[136.2615666015059,35.96336861697293],[136.27055980514314,35.96336861697293],[136.27055980514314,35.95437541333568],[136.2615666015059,35.95437541333568]]]}},{"type":"Feature","properties":{"jobs":0,"pop":39,"pointCount":2,"homeWorkCommuteMedian":14680,"workHomeCommuteMedian":-1},"geometry":{"type":"Polygon","coordinates":[[[136.2615666015059,35.98135502424742],[136.2615666015059,35.99034822788467],[136.27055980514314,35.99034822788467],[136.27055980514314,35.98135502424742],[136.2615666015059,35.98135502424742]]]}},{"type":"Feature","properties":{"jobs":27,"pop":79,"pointCount":3,"homeWorkCommuteMedian":9917,"workHomeCommuteMedian":7860},"geometry":{"type":"Polygon","coordinates":[[[136.2615666015059,35.99034822788467],[136.2615666015059,35.99934143152191],[136.27055980514314,35.99934143152191],[136.27055980514314,35.99034822788467],[136.2615666015059,35.99034822788467]]]}},{"type":"Feature","properties":{"jobs":55,"pop":194,"pointCount":7,"homeWorkCommuteMedian":8116,"workHomeCommuteMedian":21537},"geometry":{"type":"Polygon","coordinates":[[[136.2615666015059,35.99934143152191],[136.2615666015059,36.00833463515916],[136.27055980514314,36.00833463515916],[136.27055980514314,35.99934143152191],[136.2615666015059,35.99934143152191]]]}},{"type":"Feature","properties":{"jobs":94,"pop":129,"pointCount":4,"homeWorkCommuteMedian":7300,"workHomeCommuteMedian":7258},"geometry":{"type":"Polygon","coordinates":[[[136.2615666015059,36.00833463515916],[136.2615666015059,36.017327838796405],[136.27055980514314,36.017327838796405],[136.27055980514314,36.00833463515916],[136.2615666015059,36.00833463515916]]]}},{"type":"Feature","properties":{"jobs":97,"pop":292,"pointCount":4,"homeWorkCommuteMedian":4936,"workHomeCommuteMedian":9382},"geometry":{"type":"Polygon","coordinates":[[[136.2615666015059,36.017327838796405],[136.2615666015059,36.02632104243365],[136.27055980514314,36.02632104243365],[136.27055980514314,36.017327838796405],[136.2615666015059,36.017327838796405]]]}},{"type":"Feature","properties":{"jobs":183,"pop":275,"pointCount":10,"homeWorkCommuteMedian":8223,"workHomeCommuteMedian":16263},"geometry":{"type":"Polygon","coordinates":[[[136.2615666015059,36.02632104243365],[136.2615666015059,36.0353142460709],[136.27055980514314,36.0353142460709],[136.27055980514314,36.02632104243365],[136.2615666015059,36.02632104243365]]]}},{"type":"Feature","properties":{"jobs":105,"pop":171,"pointCount":8,"homeWorkCommuteMedian":5066,"workHomeCommuteMedian":10966},"geometry":{"type":"Polygon","coordinates":[[[136.2615666015059,36.0353142460709],[136.2615666015059,36.04430744970814],[136.27055980514314,36.04430744970814],[136.27055980514314,36.0353142460709],[136.2615666015059,36.0353142460709]]]}},{"type":"Feature","properties":{"jobs":35,"pop":89,"pointCount":4,"homeWorkCommuteMedian":5924,"workHomeCommuteMedian":17804},"geometry":{"type":"Polygon","coordinates":[[[136.2615666015059,36.04430744970814],[136.2615666015059,36.05330065334539],[136.27055980514314,36.05330065334539],[136.27055980514314,36.04430744970814],[136.2615666015059,36.04430744970814]]]}},{"type":"Feature","properties":{"jobs":131,"pop":474,"pointCount":11,"homeWorkCommuteMedian":6933,"workHomeCommuteMedian":5910},"geometry":{"type":"Polygon","coordinates":[[[136.2615666015059,36.05330065334539],[136.2615666015059,36.062293856982635],[136.27055980514314,36.062293856982635],[136.27055980514314,36.05330065334539],[136.2615666015059,36.05330065334539]]]}},{"type":"Feature","properties":{"jobs":84,"pop":62,"pointCount":4,"homeWorkCommuteMedian":7853,"workHomeCommuteMedian":7434},"geometry":{"type":"Polygon","coordinates":[[[136.2615666015059,36.062293856982635],[136.2615666015059,36.07128706061988],[136.27055980514314,36.07128706061988],[136.27055980514314,36.062293856982635],[136.2615666015059,36.062293856982635]]]}},{"type":"Feature","properties":{"jobs":164,"pop":88,"pointCount":5,"homeWorkCommuteMedian":8339,"workHomeCommuteMedian":10741},"geometry":{"type":"Polygon","coordinates":[[[136.2615666015059,36.07128706061988],[136.2615666015059,36.08028026425713],[136.27055980514314,36.08028026425713],[136.27055980514314,36.07128706061988],[136.2615666015059,36.07128706061988]]]}},{"type":"Feature","properties":{"jobs":580,"pop":603,"pointCount":15,"homeWorkCommuteMedian":6304,"workHomeCommuteMedian":8860},"geometry":{"type":"Polygon","coordinates":[[[136.2615666015059,36.08028026425713],[136.2615666015059,36.08927346789437],[136.27055980514314,36.08927346789437],[136.27055980514314,36.08028026425713],[136.2615666015059,36.08028026425713]]]}},{"type":"Feature","properties":{"jobs":57,"pop":212,"pointCount":7,"homeWorkCommuteMedian":6757,"workHomeCommuteMedian":5252},"geometry":{"type":"Polygon","coordinates":[[[136.2615666015059,36.08927346789437],[136.2615666015059,36.09826667153162],[136.27055980514314,36.09826667153162],[136.27055980514314,36.08927346789437],[136.2615666015059,36.08927346789437]]]}},{"type":"Feature","properties":{"jobs":0,"pop":100,"pointCount":1,"homeWorkCommuteMedian":6958,"workHomeCommuteMedian":-1},"geometry":{"type":"Polygon","coordinates":[[[136.2615666015059,36.09826667153162],[136.2615666015059,36.107259875168864],[136.27055980514314,36.107259875168864],[136.27055980514314,36.09826667153162],[136.2615666015059,36.09826667153162]]]}},{"type":"Feature","properties":{"jobs":765,"pop":333,"pointCount":10,"homeWorkCommuteMedian":9195,"workHomeCommuteMedian":6728},"geometry":{"type":"Polygon","coordinates":[[[136.2615666015059,36.107259875168864],[136.2615666015059,36.11625307880611],[136.27055980514314,36.11625307880611],[136.27055980514314,36.107259875168864],[136.2615666015059,36.107259875168864]]]}},{"type":"Feature","properties":{"jobs":108,"pop":995,"pointCount":10,"homeWorkCommuteMedian":5052,"workHomeCommuteMedian":7137},"geometry":{"type":"Polygon","coordinates":[[[136.2615666015059,36.11625307880611],[136.2615666015059,36.12524628244336],[136.27055980514314,36.12524628244336],[136.27055980514314,36.11625307880611],[136.2615666015059,36.11625307880611]]]}},{"type":"Feature","properties":{"jobs":323,"pop":241,"pointCount":8,"homeWorkCommuteMedian":3256,"workHomeCommuteMedian":2344},"geometry":{"type":"Polygon","coordinates":[[[136.2615666015059,36.12524628244336],[136.2615666015059,36.1342394860806],[136.27055980514314,36.1342394860806],[136.27055980514314,36.12524628244336],[136.2615666015059,36.12524628244336]]]}},{"type":"Feature","properties":{"jobs":887,"pop":788,"pointCount":12,"homeWorkCommuteMedian":5417,"workHomeCommuteMedian":2579},"geometry":{"type":"Polygon","coordinates":[[[136.2615666015059,36.1342394860806],[136.2615666015059,36.14323268971785],[136.27055980514314,36.14323268971785],[136.27055980514314,36.1342394860806],[136.2615666015059,36.1342394860806]]]}},{"type":"Feature","properties":{"jobs":1640,"pop":1363,"pointCount":18,"homeWorkCommuteMedian":6142,"workHomeCommuteMedian":3332},"geometry":{"type":"Polygon","coordinates":[[[136.2615666015059,36.14323268971785],[136.2615666015059,36.152225893355094],[136.27055980514314,36.152225893355094],[136.27055980514314,36.14323268971785],[136.2615666015059,36.14323268971785]]]}},{"type":"Feature","properties":{"jobs":1073,"pop":1529,"pointCount":22,"homeWorkCommuteMedian":4692,"workHomeCommuteMedian":7131},"geometry":{"type":"Polygon","coordinates":[[[136.2615666015059,36.152225893355094],[136.2615666015059,36.16121909699234],[136.27055980514314,36.16121909699234],[136.27055980514314,36.152225893355094],[136.2615666015059,36.152225893355094]]]}},{"type":"Feature","properties":{"jobs":537,"pop":445,"pointCount":12,"homeWorkCommuteMedian":6889,"workHomeCommuteMedian":6781},"geometry":{"type":"Polygon","coordinates":[[[136.2615666015059,36.16121909699234],[136.2615666015059,36.170212300629586],[136.27055980514314,36.170212300629586],[136.27055980514314,36.16121909699234],[136.2615666015059,36.16121909699234]]]}},{"type":"Feature","properties":{"jobs":57,"pop":33,"pointCount":4,"homeWorkCommuteMedian":11362,"workHomeCommuteMedian":9032},"geometry":{"type":"Polygon","coordinates":[[[136.2615666015059,36.170212300629586],[136.2615666015059,36.17920550426683],[136.27055980514314,36.17920550426683],[136.27055980514314,36.170212300629586],[136.2615666015059,36.170212300629586]]]}},{"type":"Feature","properties":{"jobs":147,"pop":78,"pointCount":6,"homeWorkCommuteMedian":15276,"workHomeCommuteMedian":13458},"geometry":{"type":"Polygon","coordinates":[[[136.2615666015059,36.17920550426683],[136.2615666015059,36.18819870790408],[136.27055980514314,36.18819870790408],[136.27055980514314,36.17920550426683],[136.2615666015059,36.17920550426683]]]}},{"type":"Feature","properties":{"jobs":58,"pop":68,"pointCount":5,"homeWorkCommuteMedian":18986,"workHomeCommuteMedian":4396},"geometry":{"type":"Polygon","coordinates":[[[136.2615666015059,36.18819870790408],[136.2615666015059,36.197191911541324],[136.27055980514314,36.197191911541324],[136.27055980514314,36.18819870790408],[136.2615666015059,36.18819870790408]]]}},{"type":"Feature","properties":{"jobs":135,"pop":31,"pointCount":4,"homeWorkCommuteMedian":4361,"workHomeCommuteMedian":4464},"geometry":{"type":"Polygon","coordinates":[[[136.2615666015059,36.197191911541324],[136.2615666015059,36.20618511517857],[136.27055980514314,36.20618511517857],[136.27055980514314,36.197191911541324],[136.2615666015059,36.197191911541324]]]}},{"type":"Feature","properties":{"jobs":88,"pop":0,"pointCount":2,"homeWorkCommuteMedian":-1,"workHomeCommuteMedian":8261},"geometry":{"type":"Polygon","coordinates":[[[136.2615666015059,36.20618511517857],[136.2615666015059,36.215178318815816],[136.27055980514314,36.215178318815816],[136.27055980514314,36.20618511517857],[136.2615666015059,36.20618511517857]]]}},{"type":"Feature","properties":{"jobs":12,"pop":70,"pointCount":4,"homeWorkCommuteMedian":24755,"workHomeCommuteMedian":18693},"geometry":{"type":"Polygon","coordinates":[[[136.2615666015059,36.23316472609031],[136.2615666015059,36.242157929727554],[136.27055980514314,36.242157929727554],[136.27055980514314,36.23316472609031],[136.2615666015059,36.23316472609031]]]}},{"type":"Feature","properties":{"jobs":0,"pop":40,"pointCount":3,"homeWorkCommuteMedian":6212,"workHomeCommuteMedian":-1},"geometry":{"type":"Polygon","coordinates":[[[136.2615666015059,36.242157929727554],[136.2615666015059,36.2511511333648],[136.27055980514314,36.2511511333648],[136.27055980514314,36.242157929727554],[136.2615666015059,36.242157929727554]]]}},{"type":"Feature","properties":{"jobs":4,"pop":0,"pointCount":1,"homeWorkCommuteMedian":-1,"workHomeCommuteMedian":49131},"geometry":{"type":"Polygon","coordinates":[[[136.2615666015059,36.27813074427654],[136.2615666015059,36.287123947913784],[136.27055980514314,36.287123947913784],[136.27055980514314,36.27813074427654],[136.2615666015059,36.27813074427654]]]}},{"type":"Feature","properties":{"jobs":0,"pop":5,"pointCount":1,"homeWorkCommuteMedian":73201,"workHomeCommuteMedian":-1},"geometry":{"type":"Polygon","coordinates":[[[136.27055980514314,35.792497747865255],[136.27055980514314,35.8014909515025],[136.27955300878037,35.8014909515025],[136.27955300878037,35.792497747865255],[136.27055980514314,35.792497747865255]]]}},{"type":"Feature","properties":{"jobs":13,"pop":0,"pointCount":1,"homeWorkCommuteMedian":-1,"workHomeCommuteMedian":21811},"geometry":{"type":"Polygon","coordinates":[[[136.27055980514314,35.837463766051485],[136.27055980514314,35.84645696968873],[136.27955300878037,35.84645696968873],[136.27955300878037,35.837463766051485],[136.27055980514314,35.837463766051485]]]}},{"type":"Feature","properties":{"jobs":6,"pop":67,"pointCount":3,"homeWorkCommuteMedian":11589,"workHomeCommuteMedian":8581},"geometry":{"type":"Polygon","coordinates":[[[136.27055980514314,35.882429784237715],[136.27055980514314,35.89142298787496],[136.27955300878037,35.89142298787496],[136.27955300878037,35.882429784237715],[136.27055980514314,35.882429784237715]]]}},{"type":"Feature","properties":{"jobs":2,"pop":14,"pointCount":2,"homeWorkCommuteMedian":6680,"workHomeCommuteMedian":966},"geometry":{"type":"Polygon","coordinates":[[[136.27055980514314,35.89142298787496],[136.27055980514314,35.90041619151221],[136.27955300878037,35.90041619151221],[136.27955300878037,35.89142298787496],[136.27055980514314,35.89142298787496]]]}},{"type":"Feature","properties":{"jobs":6,"pop":91,"pointCount":4,"homeWorkCommuteMedian":9211,"workHomeCommuteMedian":783},"geometry":{"type":"Polygon","coordinates":[[[136.27055980514314,35.90041619151221],[136.27055980514314,35.90940939514945],[136.27955300878037,35.90940939514945],[136.27955300878037,35.90041619151221],[136.27055980514314,35.90041619151221]]]}},{"type":"Feature","properties":{"jobs":4,"pop":15,"pointCount":2,"homeWorkCommuteMedian":15285,"workHomeCommuteMedian":1631},"geometry":{"type":"Polygon","coordinates":[[[136.27055980514314,35.90940939514945],[136.27055980514314,35.9184025987867],[136.27955300878037,35.9184025987867],[136.27955300878037,35.90940939514945],[136.27055980514314,35.90940939514945]]]}},{"type":"Feature","properties":{"jobs":18,"pop":82,"pointCount":5,"homeWorkCommuteMedian":13282,"workHomeCommuteMedian":10483},"geometry":{"type":"Polygon","coordinates":[[[136.27055980514314,35.9184025987867],[136.27055980514314,35.927395802423945],[136.27955300878037,35.927395802423945],[136.27955300878037,35.9184025987867],[136.27055980514314,35.9184025987867]]]}},{"type":"Feature","properties":{"jobs":17,"pop":75,"pointCount":3,"homeWorkCommuteMedian":6164,"workHomeCommuteMedian":30155},"geometry":{"type":"Polygon","coordinates":[[[136.27055980514314,35.927395802423945],[136.27055980514314,35.93638900606119],[136.27955300878037,35.93638900606119],[136.27955300878037,35.927395802423945],[136.27055980514314,35.927395802423945]]]}},{"type":"Feature","properties":{"jobs":42,"pop":39,"pointCount":2,"homeWorkCommuteMedian":8508,"workHomeCommuteMedian":13314},"geometry":{"type":"Polygon","coordinates":[[[136.27055980514314,35.93638900606119],[136.27055980514314,35.94538220969844],[136.27955300878037,35.94538220969844],[136.27955300878037,35.93638900606119],[136.27055980514314,35.93638900606119]]]}},{"type":"Feature","properties":{"jobs":883,"pop":899,"pointCount":20,"homeWorkCommuteMedian":10122,"workHomeCommuteMedian":9527},"geometry":{"type":"Polygon","coordinates":[[[136.27055980514314,35.94538220969844],[136.27055980514314,35.95437541333568],[136.27955300878037,35.95437541333568],[136.27955300878037,35.94538220969844],[136.27055980514314,35.94538220969844]]]}},{"type":"Feature","properties":{"jobs":207,"pop":224,"pointCount":9,"homeWorkCommuteMedian":9931,"workHomeCommuteMedian":13314},"geometry":{"type":"Polygon","coordinates":[[[136.27055980514314,35.95437541333568],[136.27055980514314,35.96336861697293],[136.27955300878037,35.96336861697293],[136.27955300878037,35.95437541333568],[136.27055980514314,35.95437541333568]]]}},{"type":"Feature","properties":{"jobs":20,"pop":24,"pointCount":1,"homeWorkCommuteMedian":13707,"workHomeCommuteMedian":8195},"geometry":{"type":"Polygon","coordinates":[[[136.27055980514314,35.972361820610175],[136.27055980514314,35.98135502424742],[136.27955300878037,35.98135502424742],[136.27955300878037,35.972361820610175],[136.27055980514314,35.972361820610175]]]}},{"type":"Feature","properties":{"jobs":58,"pop":80,"pointCount":2,"homeWorkCommuteMedian":20614,"workHomeCommuteMedian":8312},"geometry":{"type":"Polygon","coordinates":[[[136.27055980514314,35.98135502424742],[136.27055980514314,35.99034822788467],[136.27955300878037,35.99034822788467],[136.27955300878037,35.98135502424742],[136.27055980514314,35.98135502424742]]]}},{"type":"Feature","properties":{"jobs":72,"pop":221,"pointCount":7,"homeWorkCommuteMedian":12815,"workHomeCommuteMedian":13482},"geometry":{"type":"Polygon","coordinates":[[[136.27055980514314,35.99934143152191],[136.27055980514314,36.00833463515916],[136.27955300878037,36.00833463515916],[136.27955300878037,35.99934143152191],[136.27055980514314,35.99934143152191]]]}},{"type":"Feature","properties":{"jobs":543,"pop":828,"pointCount":15,"homeWorkCommuteMedian":9380,"workHomeCommuteMedian":7052},"geometry":{"type":"Polygon","coordinates":[[[136.27055980514314,36.00833463515916],[136.27055980514314,36.017327838796405],[136.27955300878037,36.017327838796405],[136.27955300878037,36.00833463515916],[136.27055980514314,36.00833463515916]]]}},{"type":"Feature","properties":{"jobs":165,"pop":383,"pointCount":10,"homeWorkCommuteMedian":9677,"workHomeCommuteMedian":9868},"geometry":{"type":"Polygon","coordinates":[[[136.27055980514314,36.017327838796405],[136.27055980514314,36.02632104243365],[136.27955300878037,36.02632104243365],[136.27955300878037,36.017327838796405],[136.27055980514314,36.017327838796405]]]}},{"type":"Feature","properties":{"jobs":200,"pop":43,"pointCount":5,"homeWorkCommuteMedian":10604,"workHomeCommuteMedian":3075},"geometry":{"type":"Polygon","coordinates":[[[136.27055980514314,36.02632104243365],[136.27055980514314,36.0353142460709],[136.27955300878037,36.0353142460709],[136.27955300878037,36.02632104243365],[136.27055980514314,36.02632104243365]]]}},{"type":"Feature","properties":{"jobs":91,"pop":109,"pointCount":7,"homeWorkCommuteMedian":9579,"workHomeCommuteMedian":10502},"geometry":{"type":"Polygon","coordinates":[[[136.27055980514314,36.0353142460709],[136.27055980514314,36.04430744970814],[136.27955300878037,36.04430744970814],[136.27955300878037,36.0353142460709],[136.27055980514314,36.0353142460709]]]}},{"type":"Feature","properties":{"jobs":207,"pop":99,"pointCount":4,"homeWorkCommuteMedian":6545,"workHomeCommuteMedian":1956},"geometry":{"type":"Polygon","coordinates":[[[136.27055980514314,36.04430744970814],[136.27055980514314,36.05330065334539],[136.27955300878037,36.05330065334539],[136.27955300878037,36.04430744970814],[136.27055980514314,36.04430744970814]]]}},{"type":"Feature","properties":{"jobs":246,"pop":48,"pointCount":3,"homeWorkCommuteMedian":27970,"workHomeCommuteMedian":7456},"geometry":{"type":"Polygon","coordinates":[[[136.27055980514314,36.05330065334539],[136.27055980514314,36.062293856982635],[136.27955300878037,36.062293856982635],[136.27955300878037,36.05330065334539],[136.27055980514314,36.05330065334539]]]}},{"type":"Feature","properties":{"jobs":64,"pop":46,"pointCount":3,"homeWorkCommuteMedian":6281,"workHomeCommuteMedian":5536},"geometry":{"type":"Polygon","coordinates":[[[136.27055980514314,36.062293856982635],[136.27055980514314,36.07128706061988],[136.27955300878037,36.07128706061988],[136.27955300878037,36.062293856982635],[136.27055980514314,36.062293856982635]]]}},{"type":"Feature","properties":{"jobs":78,"pop":196,"pointCount":6,"homeWorkCommuteMedian":2553,"workHomeCommuteMedian":7381},"geometry":{"type":"Polygon","coordinates":[[[136.27055980514314,36.07128706061988],[136.27055980514314,36.08028026425713],[136.27955300878037,36.08028026425713],[136.27955300878037,36.07128706061988],[136.27055980514314,36.07128706061988]]]}},{"type":"Feature","properties":{"jobs":334,"pop":431,"pointCount":14,"homeWorkCommuteMedian":5714,"workHomeCommuteMedian":5822},"geometry":{"type":"Polygon","coordinates":[[[136.27055980514314,36.08028026425713],[136.27055980514314,36.08927346789437],[136.27955300878037,36.08927346789437],[136.27955300878037,36.08028026425713],[136.27055980514314,36.08028026425713]]]}},{"type":"Feature","properties":{"jobs":154,"pop":304,"pointCount":12,"homeWorkCommuteMedian":7508,"workHomeCommuteMedian":6011},"geometry":{"type":"Polygon","coordinates":[[[136.27055980514314,36.08927346789437],[136.27055980514314,36.09826667153162],[136.27955300878037,36.09826667153162],[136.27955300878037,36.08927346789437],[136.27055980514314,36.08927346789437]]]}},{"type":"Feature","properties":{"jobs":19,"pop":189,"pointCount":3,"homeWorkCommuteMedian":6867,"workHomeCommuteMedian":8879},"geometry":{"type":"Polygon","coordinates":[[[136.27055980514314,36.09826667153162],[136.27055980514314,36.107259875168864],[136.27955300878037,36.107259875168864],[136.27955300878037,36.09826667153162],[136.27055980514314,36.09826667153162]]]}},{"type":"Feature","properties":{"jobs":3295,"pop":477,"pointCount":18,"homeWorkCommuteMedian":10628,"workHomeCommuteMedian":8619},"geometry":{"type":"Polygon","coordinates":[[[136.27055980514314,36.107259875168864],[136.27055980514314,36.11625307880611],[136.27955300878037,36.11625307880611],[136.27955300878037,36.107259875168864],[136.27055980514314,36.107259875168864]]]}},{"type":"Feature","properties":{"jobs":53,"pop":433,"pointCount":7,"homeWorkCommuteMedian":10729,"workHomeCommuteMedian":7997},"geometry":{"type":"Polygon","coordinates":[[[136.27055980514314,36.11625307880611],[136.27055980514314,36.12524628244336],[136.27955300878037,36.12524628244336],[136.27955300878037,36.11625307880611],[136.27055980514314,36.11625307880611]]]}},{"type":"Feature","properties":{"jobs":280,"pop":77,"pointCount":8,"homeWorkCommuteMedian":7733,"workHomeCommuteMedian":3456},"geometry":{"type":"Polygon","coordinates":[[[136.27055980514314,36.12524628244336],[136.27055980514314,36.1342394860806],[136.27955300878037,36.1342394860806],[136.27955300878037,36.12524628244336],[136.27055980514314,36.12524628244336]]]}},{"type":"Feature","properties":{"jobs":536,"pop":806,"pointCount":17,"homeWorkCommuteMedian":5250,"workHomeCommuteMedian":5991},"geometry":{"type":"Polygon","coordinates":[[[136.27055980514314,36.1342394860806],[136.27055980514314,36.14323268971785],[136.27955300878037,36.14323268971785],[136.27955300878037,36.1342394860806],[136.27055980514314,36.1342394860806]]]}},{"type":"Feature","properties":{"jobs":886,"pop":1773,"pointCount":27,"homeWorkCommuteMedian":6051,"workHomeCommuteMedian":7363},"geometry":{"type":"Polygon","coordinates":[[[136.27055980514314,36.14323268971785],[136.27055980514314,36.152225893355094],[136.27955300878037,36.152225893355094],[136.27955300878037,36.14323268971785],[136.27055980514314,36.14323268971785]]]}},{"type":"Feature","properties":{"jobs":1369,"pop":1589,"pointCount":28,"homeWorkCommuteMedian":8249,"workHomeCommuteMedian":1477},"geometry":{"type":"Polygon","coordinates":[[[136.27055980514314,36.152225893355094],[136.27055980514314,36.16121909699234],[136.27955300878037,36.16121909699234],[136.27955300878037,36.152225893355094],[136.27055980514314,36.152225893355094]]]}},{"type":"Feature","properties":{"jobs":448,"pop":282,"pointCount":13,"homeWorkCommuteMedian":3630,"workHomeCommuteMedian":7813},"geometry":{"type":"Polygon","coordinates":[[[136.27055980514314,36.16121909699234],[136.27055980514314,36.170212300629586],[136.27955300878037,36.170212300629586],[136.27955300878037,36.16121909699234],[136.27055980514314,36.16121909699234]]]}},{"type":"Feature","properties":{"jobs":244,"pop":152,"pointCount":12,"homeWorkCommuteMedian":11220,"workHomeCommuteMedian":9308},"geometry":{"type":"Polygon","coordinates":[[[136.27055980514314,36.170212300629586],[136.27055980514314,36.17920550426683],[136.27955300878037,36.17920550426683],[136.27955300878037,36.170212300629586],[136.27055980514314,36.170212300629586]]]}},{"type":"Feature","properties":{"jobs":66,"pop":44,"pointCount":4,"homeWorkCommuteMedian":6310,"workHomeCommuteMedian":14103},"geometry":{"type":"Polygon","coordinates":[[[136.27055980514314,36.17920550426683],[136.27055980514314,36.18819870790408],[136.27955300878037,36.18819870790408],[136.27955300878037,36.17920550426683],[136.27055980514314,36.17920550426683]]]}},{"type":"Feature","properties":{"jobs":83,"pop":24,"pointCount":4,"homeWorkCommuteMedian":6407,"workHomeCommuteMedian":15033},"geometry":{"type":"Polygon","coordinates":[[[136.27055980514314,36.18819870790408],[136.27055980514314,36.197191911541324],[136.27955300878037,36.197191911541324],[136.27955300878037,36.18819870790408],[136.27055980514314,36.18819870790408]]]}},{"type":"Feature","properties":{"jobs":176,"pop":337,"pointCount":8,"homeWorkCommuteMedian":6047,"workHomeCommuteMedian":9087},"geometry":{"type":"Polygon","coordinates":[[[136.27055980514314,36.197191911541324],[136.27055980514314,36.20618511517857],[136.27955300878037,36.20618511517857],[136.27955300878037,36.197191911541324],[136.27055980514314,36.197191911541324]]]}},{"type":"Feature","properties":{"jobs":22,"pop":0,"pointCount":1,"homeWorkCommuteMedian":-1,"workHomeCommuteMedian":9005},"geometry":{"type":"Polygon","coordinates":[[[136.27055980514314,36.20618511517857],[136.27055980514314,36.215178318815816],[136.27955300878037,36.215178318815816],[136.27955300878037,36.20618511517857],[136.27055980514314,36.20618511517857]]]}},{"type":"Feature","properties":{"jobs":20,"pop":166,"pointCount":2,"homeWorkCommuteMedian":8079,"workHomeCommuteMedian":36364},"geometry":{"type":"Polygon","coordinates":[[[136.27055980514314,36.215178318815816],[136.27055980514314,36.22417152245306],[136.27955300878037,36.22417152245306],[136.27955300878037,36.215178318815816],[136.27055980514314,36.215178318815816]]]}},{"type":"Feature","properties":{"jobs":0,"pop":25,"pointCount":1,"homeWorkCommuteMedian":12742,"workHomeCommuteMedian":-1},"geometry":{"type":"Polygon","coordinates":[[[136.27055980514314,36.23316472609031],[136.27055980514314,36.242157929727554],[136.27955300878037,36.242157929727554],[136.27955300878037,36.23316472609031],[136.27055980514314,36.23316472609031]]]}},{"type":"Feature","properties":{"jobs":12,"pop":186,"pointCount":4,"homeWorkCommuteMedian":9971,"workHomeCommuteMedian":21581},"geometry":{"type":"Polygon","coordinates":[[[136.27055980514314,36.242157929727554],[136.27055980514314,36.2511511333648],[136.27955300878037,36.2511511333648],[136.27955300878037,36.242157929727554],[136.27055980514314,36.242157929727554]]]}},{"type":"Feature","properties":{"jobs":11,"pop":0,"pointCount":1,"homeWorkCommuteMedian":-1,"workHomeCommuteMedian":34797},"geometry":{"type":"Polygon","coordinates":[[[136.27055980514314,36.260144337002046],[136.27055980514314,36.26913754063929],[136.27955300878037,36.26913754063929],[136.27955300878037,36.260144337002046],[136.27055980514314,36.260144337002046]]]}},{"type":"Feature","properties":{"jobs":7,"pop":23,"pointCount":2,"homeWorkCommuteMedian":26190,"workHomeCommuteMedian":25606},"geometry":{"type":"Polygon","coordinates":[[[136.27955300878037,35.792497747865255],[136.27955300878037,35.8014909515025],[136.2885462124176,35.8014909515025],[136.2885462124176,35.792497747865255],[136.27955300878037,35.792497747865255]]]}},{"type":"Feature","properties":{"jobs":0,"pop":28,"pointCount":1,"homeWorkCommuteMedian":39958,"workHomeCommuteMedian":-1},"geometry":{"type":"Polygon","coordinates":[[[136.27955300878037,35.8014909515025],[136.27955300878037,35.81048415513975],[136.2885462124176,35.81048415513975],[136.2885462124176,35.8014909515025],[136.27955300878037,35.8014909515025]]]}},{"type":"Feature","properties":{"jobs":0,"pop":43,"pointCount":3,"homeWorkCommuteMedian":12848,"workHomeCommuteMedian":-1},"geometry":{"type":"Polygon","coordinates":[[[136.27955300878037,35.84645696968873],[136.27955300878037,35.85545017332598],[136.2885462124176,35.85545017332598],[136.2885462124176,35.84645696968873],[136.27955300878037,35.84645696968873]]]}},{"type":"Feature","properties":{"jobs":0,"pop":50,"pointCount":3,"homeWorkCommuteMedian":7424,"workHomeCommuteMedian":-1},"geometry":{"type":"Polygon","coordinates":[[[136.27955300878037,35.87343658060047],[136.27955300878037,35.882429784237715],[136.2885462124176,35.882429784237715],[136.2885462124176,35.87343658060047],[136.27955300878037,35.87343658060047]]]}},{"type":"Feature","properties":{"jobs":26,"pop":53,"pointCount":1,"homeWorkCommuteMedian":4637,"workHomeCommuteMedian":7766},"geometry":{"type":"Polygon","coordinates":[[[136.27955300878037,35.89142298787496],[136.27955300878037,35.90041619151221],[136.2885462124176,35.90041619151221],[136.2885462124176,35.89142298787496],[136.27955300878037,35.89142298787496]]]}},{"type":"Feature","properties":{"jobs":0,"pop":13,"pointCount":1,"homeWorkCommuteMedian":15928,"workHomeCommuteMedian":-1},"geometry":{"type":"Polygon","coordinates":[[[136.27955300878037,35.90940939514945],[136.27955300878037,35.9184025987867],[136.2885462124176,35.9184025987867],[136.2885462124176,35.90940939514945],[136.27955300878037,35.90940939514945]]]}},{"type":"Feature","properties":{"jobs":0,"pop":29,"pointCount":1,"homeWorkCommuteMedian":4851,"workHomeCommuteMedian":-1},"geometry":{"type":"Polygon","coordinates":[[[136.27955300878037,35.9184025987867],[136.27955300878037,35.927395802423945],[136.2885462124176,35.927395802423945],[136.2885462124176,35.9184025987867],[136.27955300878037,35.9184025987867]]]}},{"type":"Feature","properties":{"jobs":22,"pop":54,"pointCount":4,"homeWorkCommuteMedian":3349,"workHomeCommuteMedian":9023},"geometry":{"type":"Polygon","coordinates":[[[136.27955300878037,35.927395802423945],[136.27955300878037,35.93638900606119],[136.2885462124176,35.93638900606119],[136.2885462124176,35.927395802423945],[136.27955300878037,35.927395802423945]]]}},{"type":"Feature","properties":{"jobs":92,"pop":32,"pointCount":2,"homeWorkCommuteMedian":18409,"workHomeCommuteMedian":15248},"geometry":{"type":"Polygon","coordinates":[[[136.27955300878037,35.93638900606119],[136.27955300878037,35.94538220969844],[136.2885462124176,35.94538220969844],[136.2885462124176,35.93638900606119],[136.27955300878037,35.93638900606119]]]}},{"type":"Feature","properties":{"jobs":56,"pop":88,"pointCount":3,"homeWorkCommuteMedian":8402,"workHomeCommuteMedian":18410},"geometry":{"type":"Polygon","coordinates":[[[136.27955300878037,35.94538220969844],[136.27955300878037,35.95437541333568],[136.2885462124176,35.95437541333568],[136.2885462124176,35.94538220969844],[136.27955300878037,35.94538220969844]]]}},{"type":"Feature","properties":{"jobs":99,"pop":262,"pointCount":6,"homeWorkCommuteMedian":7570,"workHomeCommuteMedian":20945},"geometry":{"type":"Polygon","coordinates":[[[136.27955300878037,35.95437541333568],[136.27955300878037,35.96336861697293],[136.2885462124176,35.96336861697293],[136.2885462124176,35.95437541333568],[136.27955300878037,35.95437541333568]]]}},{"type":"Feature","properties":{"jobs":33,"pop":48,"pointCount":3,"homeWorkCommuteMedian":8146,"workHomeCommuteMedian":21572},"geometry":{"type":"Polygon","coordinates":[[[136.27955300878037,35.96336861697293],[136.27955300878037,35.972361820610175],[136.2885462124176,35.972361820610175],[136.2885462124176,35.96336861697293],[136.27955300878037,35.96336861697293]]]}},{"type":"Feature","properties":{"jobs":50,"pop":27,"pointCount":3,"homeWorkCommuteMedian":14199,"workHomeCommuteMedian":8462},"geometry":{"type":"Polygon","coordinates":[[[136.27955300878037,35.99034822788467],[136.27955300878037,35.99934143152191],[136.2885462124176,35.99934143152191],[136.2885462124176,35.99034822788467],[136.27955300878037,35.99034822788467]]]}},{"type":"Feature","properties":{"jobs":15,"pop":37,"pointCount":3,"homeWorkCommuteMedian":22378,"workHomeCommuteMedian":28340},"geometry":{"type":"Polygon","coordinates":[[[136.27955300878037,36.00833463515916],[136.27955300878037,36.017327838796405],[136.2885462124176,36.017327838796405],[136.2885462124176,36.00833463515916],[136.27955300878037,36.00833463515916]]]}},{"type":"Feature","properties":{"jobs":111,"pop":115,"pointCount":4,"homeWorkCommuteMedian":10017,"workHomeCommuteMedian":12291},"geometry":{"type":"Polygon","coordinates":[[[136.27955300878037,36.02632104243365],[136.27955300878037,36.0353142460709],[136.2885462124176,36.0353142460709],[136.2885462124176,36.02632104243365],[136.27955300878037,36.02632104243365]]]}},{"type":"Feature","properties":{"jobs":171,"pop":173,"pointCount":7,"homeWorkCommuteMedian":7747,"workHomeCommuteMedian":13102},"geometry":{"type":"Polygon","coordinates":[[[136.27955300878037,36.0353142460709],[136.27955300878037,36.04430744970814],[136.2885462124176,36.04430744970814],[136.2885462124176,36.0353142460709],[136.27955300878037,36.0353142460709]]]}},{"type":"Feature","properties":{"jobs":25,"pop":61,"pointCount":4,"homeWorkCommuteMedian":8378,"workHomeCommuteMedian":10688},"geometry":{"type":"Polygon","coordinates":[[[136.27955300878037,36.04430744970814],[136.27955300878037,36.05330065334539],[136.2885462124176,36.05330065334539],[136.2885462124176,36.04430744970814],[136.27955300878037,36.04430744970814]]]}},{"type":"Feature","properties":{"jobs":22,"pop":0,"pointCount":1,"homeWorkCommuteMedian":-1,"workHomeCommuteMedian":12427},"geometry":{"type":"Polygon","coordinates":[[[136.27955300878037,36.05330065334539],[136.27955300878037,36.062293856982635],[136.2885462124176,36.062293856982635],[136.2885462124176,36.05330065334539],[136.27955300878037,36.05330065334539]]]}},{"type":"Feature","properties":{"jobs":11,"pop":0,"pointCount":1,"homeWorkCommuteMedian":-1,"workHomeCommuteMedian":10098},"geometry":{"type":"Polygon","coordinates":[[[136.27955300878037,36.062293856982635],[136.27955300878037,36.07128706061988],[136.2885462124176,36.07128706061988],[136.2885462124176,36.062293856982635],[136.27955300878037,36.062293856982635]]]}},{"type":"Feature","properties":{"jobs":211,"pop":104,"pointCount":4,"homeWorkCommuteMedian":9807,"workHomeCommuteMedian":11757},"geometry":{"type":"Polygon","coordinates":[[[136.27955300878037,36.07128706061988],[136.27955300878037,36.08028026425713],[136.2885462124176,36.08028026425713],[136.2885462124176,36.07128706061988],[136.27955300878037,36.07128706061988]]]}},{"type":"Feature","properties":{"jobs":975,"pop":46,"pointCount":9,"homeWorkCommuteMedian":3543,"workHomeCommuteMedian":11399},"geometry":{"type":"Polygon","coordinates":[[[136.27955300878037,36.08028026425713],[136.27955300878037,36.08927346789437],[136.2885462124176,36.08927346789437],[136.2885462124176,36.08028026425713],[136.27955300878037,36.08028026425713]]]}},{"type":"Feature","properties":{"jobs":311,"pop":843,"pointCount":13,"homeWorkCommuteMedian":8171,"workHomeCommuteMedian":11854},"geometry":{"type":"Polygon","coordinates":[[[136.27955300878037,36.08927346789437],[136.27955300878037,36.09826667153162],[136.2885462124176,36.09826667153162],[136.2885462124176,36.08927346789437],[136.27955300878037,36.08927346789437]]]}},{"type":"Feature","properties":{"jobs":18,"pop":59,"pointCount":2,"homeWorkCommuteMedian":7709,"workHomeCommuteMedian":8642},"geometry":{"type":"Polygon","coordinates":[[[136.27955300878037,36.09826667153162],[136.27955300878037,36.107259875168864],[136.2885462124176,36.107259875168864],[136.2885462124176,36.09826667153162],[136.27955300878037,36.09826667153162]]]}},{"type":"Feature","properties":{"jobs":382,"pop":654,"pointCount":13,"homeWorkCommuteMedian":6014,"workHomeCommuteMedian":8476},"geometry":{"type":"Polygon","coordinates":[[[136.27955300878037,36.107259875168864],[136.27955300878037,36.11625307880611],[136.2885462124176,36.11625307880611],[136.2885462124176,36.107259875168864],[136.27955300878037,36.107259875168864]]]}},{"type":"Feature","properties":{"jobs":138,"pop":224,"pointCount":12,"homeWorkCommuteMedian":10156,"workHomeCommuteMedian":2291},"geometry":{"type":"Polygon","coordinates":[[[136.27955300878037,36.11625307880611],[136.27955300878037,36.12524628244336],[136.2885462124176,36.12524628244336],[136.2885462124176,36.11625307880611],[136.27955300878037,36.11625307880611]]]}},{"type":"Feature","properties":{"jobs":88,"pop":373,"pointCount":14,"homeWorkCommuteMedian":5822,"workHomeCommuteMedian":264},"geometry":{"type":"Polygon","coordinates":[[[136.27955300878037,36.12524628244336],[136.27955300878037,36.1342394860806],[136.2885462124176,36.1342394860806],[136.2885462124176,36.12524628244336],[136.27955300878037,36.12524628244336]]]}},{"type":"Feature","properties":{"jobs":225,"pop":121,"pointCount":8,"homeWorkCommuteMedian":6351,"workHomeCommuteMedian":5279},"geometry":{"type":"Polygon","coordinates":[[[136.27955300878037,36.1342394860806],[136.27955300878037,36.14323268971785],[136.2885462124176,36.14323268971785],[136.2885462124176,36.1342394860806],[136.27955300878037,36.1342394860806]]]}},{"type":"Feature","properties":{"jobs":857,"pop":291,"pointCount":14,"homeWorkCommuteMedian":9101,"workHomeCommuteMedian":5994},"geometry":{"type":"Polygon","coordinates":[[[136.27955300878037,36.14323268971785],[136.27955300878037,36.152225893355094],[136.2885462124176,36.152225893355094],[136.2885462124176,36.14323268971785],[136.27955300878037,36.14323268971785]]]}},{"type":"Feature","properties":{"jobs":72,"pop":122,"pointCount":5,"homeWorkCommuteMedian":1326,"workHomeCommuteMedian":5905},"geometry":{"type":"Polygon","coordinates":[[[136.27955300878037,36.152225893355094],[136.27955300878037,36.16121909699234],[136.2885462124176,36.16121909699234],[136.2885462124176,36.152225893355094],[136.27955300878037,36.152225893355094]]]}},{"type":"Feature","properties":{"jobs":27,"pop":13,"pointCount":1,"homeWorkCommuteMedian":1050,"workHomeCommuteMedian":14804},"geometry":{"type":"Polygon","coordinates":[[[136.27955300878037,36.16121909699234],[136.27955300878037,36.170212300629586],[136.2885462124176,36.170212300629586],[136.2885462124176,36.16121909699234],[136.27955300878037,36.16121909699234]]]}},{"type":"Feature","properties":{"jobs":0,"pop":66,"pointCount":3,"homeWorkCommuteMedian":17745,"workHomeCommuteMedian":-1},"geometry":{"type":"Polygon","coordinates":[[[136.27955300878037,36.18819870790408],[136.27955300878037,36.197191911541324],[136.2885462124176,36.197191911541324],[136.2885462124176,36.18819870790408],[136.27955300878037,36.18819870790408]]]}},{"type":"Feature","properties":{"jobs":11,"pop":73,"pointCount":6,"homeWorkCommuteMedian":5973,"workHomeCommuteMedian":8002},"geometry":{"type":"Polygon","coordinates":[[[136.27955300878037,36.197191911541324],[136.27955300878037,36.20618511517857],[136.2885462124176,36.20618511517857],[136.2885462124176,36.197191911541324],[136.27955300878037,36.197191911541324]]]}},{"type":"Feature","properties":{"jobs":5,"pop":14,"pointCount":2,"homeWorkCommuteMedian":10107,"workHomeCommuteMedian":14162},"geometry":{"type":"Polygon","coordinates":[[[136.27955300878037,36.20618511517857],[136.27955300878037,36.215178318815816],[136.2885462124176,36.215178318815816],[136.2885462124176,36.20618511517857],[136.27955300878037,36.20618511517857]]]}},{"type":"Feature","properties":{"jobs":59,"pop":25,"pointCount":3,"homeWorkCommuteMedian":7582,"workHomeCommuteMedian":13710},"geometry":{"type":"Polygon","coordinates":[[[136.27955300878037,36.215178318815816],[136.27955300878037,36.22417152245306],[136.2885462124176,36.22417152245306],[136.2885462124176,36.215178318815816],[136.27955300878037,36.215178318815816]]]}},{"type":"Feature","properties":{"jobs":339,"pop":111,"pointCount":5,"homeWorkCommuteMedian":9010,"workHomeCommuteMedian":9880},"geometry":{"type":"Polygon","coordinates":[[[136.27955300878037,36.22417152245306],[136.27955300878037,36.23316472609031],[136.2885462124176,36.23316472609031],[136.2885462124176,36.22417152245306],[136.27955300878037,36.22417152245306]]]}},{"type":"Feature","properties":{"jobs":38,"pop":48,"pointCount":3,"homeWorkCommuteMedian":8519,"workHomeCommuteMedian":14942},"geometry":{"type":"Polygon","coordinates":[[[136.27955300878037,36.23316472609031],[136.27955300878037,36.242157929727554],[136.2885462124176,36.242157929727554],[136.2885462124176,36.23316472609031],[136.27955300878037,36.23316472609031]]]}},{"type":"Feature","properties":{"jobs":0,"pop":147,"pointCount":5,"homeWorkCommuteMedian":9770,"workHomeCommuteMedian":-1},"geometry":{"type":"Polygon","coordinates":[[[136.27955300878037,36.242157929727554],[136.27955300878037,36.2511511333648],[136.2885462124176,36.2511511333648],[136.2885462124176,36.242157929727554],[136.27955300878037,36.242157929727554]]]}},{"type":"Feature","properties":{"jobs":21,"pop":105,"pointCount":3,"homeWorkCommuteMedian":7594,"workHomeCommuteMedian":29777},"geometry":{"type":"Polygon","coordinates":[[[136.27955300878037,36.2511511333648],[136.27955300878037,36.260144337002046],[136.2885462124176,36.260144337002046],[136.2885462124176,36.2511511333648],[136.27955300878037,36.2511511333648]]]}},{"type":"Feature","properties":{"jobs":0,"pop":15,"pointCount":1,"homeWorkCommuteMedian":10082,"workHomeCommuteMedian":-1},"geometry":{"type":"Polygon","coordinates":[[[136.2885462124176,35.792497747865255],[136.2885462124176,35.8014909515025],[136.29753941605483,35.8014909515025],[136.29753941605483,35.792497747865255],[136.2885462124176,35.792497747865255]]]}},{"type":"Feature","properties":{"jobs":9,"pop":0,"pointCount":1,"homeWorkCommuteMedian":-1,"workHomeCommuteMedian":10847},"geometry":{"type":"Polygon","coordinates":[[[136.2885462124176,35.8014909515025],[136.2885462124176,35.81048415513975],[136.29753941605483,35.81048415513975],[136.29753941605483,35.8014909515025],[136.2885462124176,35.8014909515025]]]}},{"type":"Feature","properties":{"jobs":0,"pop":15,"pointCount":1,"homeWorkCommuteMedian":6411,"workHomeCommuteMedian":-1},"geometry":{"type":"Polygon","coordinates":[[[136.2885462124176,35.85545017332598],[136.2885462124176,35.86444337696322],[136.29753941605483,35.86444337696322],[136.29753941605483,35.85545017332598],[136.2885462124176,35.85545017332598]]]}},{"type":"Feature","properties":{"jobs":9,"pop":22,"pointCount":2,"homeWorkCommuteMedian":13139,"workHomeCommuteMedian":719},"geometry":{"type":"Polygon","coordinates":[[[136.2885462124176,35.89142298787496],[136.2885462124176,35.90041619151221],[136.29753941605483,35.90041619151221],[136.29753941605483,35.89142298787496],[136.2885462124176,35.89142298787496]]]}},{"type":"Feature","properties":{"jobs":0,"pop":28,"pointCount":2,"homeWorkCommuteMedian":15977,"workHomeCommuteMedian":-1},"geometry":{"type":"Polygon","coordinates":[[[136.2885462124176,35.90041619151221],[136.2885462124176,35.90940939514945],[136.29753941605483,35.90940939514945],[136.29753941605483,35.90041619151221],[136.2885462124176,35.90041619151221]]]}},{"type":"Feature","properties":{"jobs":9,"pop":43,"pointCount":1,"homeWorkCommuteMedian":29653,"workHomeCommuteMedian":9461},"geometry":{"type":"Polygon","coordinates":[[[136.2885462124176,35.90940939514945],[136.2885462124176,35.9184025987867],[136.29753941605483,35.9184025987867],[136.29753941605483,35.90940939514945],[136.2885462124176,35.90940939514945]]]}},{"type":"Feature","properties":{"jobs":17,"pop":40,"pointCount":2,"homeWorkCommuteMedian":4593,"workHomeCommuteMedian":45452},"geometry":{"type":"Polygon","coordinates":[[[136.2885462124176,35.927395802423945],[136.2885462124176,35.93638900606119],[136.29753941605483,35.93638900606119],[136.29753941605483,35.927395802423945],[136.2885462124176,35.927395802423945]]]}},{"type":"Feature","properties":{"jobs":11,"pop":17,"pointCount":2,"homeWorkCommuteMedian":16428,"workHomeCommuteMedian":17035},"geometry":{"type":"Polygon","coordinates":[[[136.2885462124176,35.93638900606119],[136.2885462124176,35.94538220969844],[136.29753941605483,35.94538220969844],[136.29753941605483,35.93638900606119],[136.2885462124176,35.93638900606119]]]}},{"type":"Feature","properties":{"jobs":21,"pop":105,"pointCount":3,"homeWorkCommuteMedian":15593,"workHomeCommuteMedian":13970},"geometry":{"type":"Polygon","coordinates":[[[136.2885462124176,35.94538220969844],[136.2885462124176,35.95437541333568],[136.29753941605483,35.95437541333568],[136.29753941605483,35.94538220969844],[136.2885462124176,35.94538220969844]]]}},{"type":"Feature","properties":{"jobs":58,"pop":80,"pointCount":4,"homeWorkCommuteMedian":15422,"workHomeCommuteMedian":14656},"geometry":{"type":"Polygon","coordinates":[[[136.2885462124176,35.95437541333568],[136.2885462124176,35.96336861697293],[136.29753941605483,35.96336861697293],[136.29753941605483,35.95437541333568],[136.2885462124176,35.95437541333568]]]}},{"type":"Feature","properties":{"jobs":34,"pop":120,"pointCount":5,"homeWorkCommuteMedian":8314,"workHomeCommuteMedian":1259},"geometry":{"type":"Polygon","coordinates":[[[136.2885462124176,35.98135502424742],[136.2885462124176,35.99034822788467],[136.29753941605483,35.99034822788467],[136.29753941605483,35.98135502424742],[136.2885462124176,35.98135502424742]]]}},{"type":"Feature","properties":{"jobs":49,"pop":17,"pointCount":2,"homeWorkCommuteMedian":15120,"workHomeCommuteMedian":1914},"geometry":{"type":"Polygon","coordinates":[[[136.2885462124176,35.99034822788467],[136.2885462124176,35.99934143152191],[136.29753941605483,35.99934143152191],[136.29753941605483,35.99034822788467],[136.2885462124176,35.99034822788467]]]}},{"type":"Feature","properties":{"jobs":29,"pop":26,"pointCount":2,"homeWorkCommuteMedian":14348,"workHomeCommuteMedian":25756},"geometry":{"type":"Polygon","coordinates":[[[136.2885462124176,35.99934143152191],[136.2885462124176,36.00833463515916],[136.29753941605483,36.00833463515916],[136.29753941605483,35.99934143152191],[136.2885462124176,35.99934143152191]]]}},{"type":"Feature","properties":{"jobs":80,"pop":71,"pointCount":4,"homeWorkCommuteMedian":12066,"workHomeCommuteMedian":20672},"geometry":{"type":"Polygon","coordinates":[[[136.2885462124176,36.00833463515916],[136.2885462124176,36.017327838796405],[136.29753941605483,36.017327838796405],[136.29753941605483,36.00833463515916],[136.2885462124176,36.00833463515916]]]}},{"type":"Feature","properties":{"jobs":139,"pop":642,"pointCount":15,"homeWorkCommuteMedian":9712,"workHomeCommuteMedian":17054},"geometry":{"type":"Polygon","coordinates":[[[136.2885462124176,36.017327838796405],[136.2885462124176,36.02632104243365],[136.29753941605483,36.02632104243365],[136.29753941605483,36.017327838796405],[136.2885462124176,36.017327838796405]]]}},{"type":"Feature","properties":{"jobs":12,"pop":350,"pointCount":5,"homeWorkCommuteMedian":13136,"workHomeCommuteMedian":23253},"geometry":{"type":"Polygon","coordinates":[[[136.2885462124176,36.02632104243365],[136.2885462124176,36.0353142460709],[136.29753941605483,36.0353142460709],[136.29753941605483,36.02632104243365],[136.2885462124176,36.02632104243365]]]}},{"type":"Feature","properties":{"jobs":0,"pop":130,"pointCount":3,"homeWorkCommuteMedian":5243,"workHomeCommuteMedian":-1},"geometry":{"type":"Polygon","coordinates":[[[136.2885462124176,36.062293856982635],[136.2885462124176,36.07128706061988],[136.29753941605483,36.07128706061988],[136.29753941605483,36.062293856982635],[136.2885462124176,36.062293856982635]]]}},{"type":"Feature","properties":{"jobs":103,"pop":187,"pointCount":7,"homeWorkCommuteMedian":33333,"workHomeCommuteMedian":10824},"geometry":{"type":"Polygon","coordinates":[[[136.2885462124176,36.07128706061988],[136.2885462124176,36.08028026425713],[136.29753941605483,36.08028026425713],[136.29753941605483,36.07128706061988],[136.2885462124176,36.07128706061988]]]}},{"type":"Feature","properties":{"jobs":346,"pop":227,"pointCount":13,"homeWorkCommuteMedian":5125,"workHomeCommuteMedian":11943},"geometry":{"type":"Polygon","coordinates":[[[136.2885462124176,36.08028026425713],[136.2885462124176,36.08927346789437],[136.29753941605483,36.08927346789437],[136.29753941605483,36.08028026425713],[136.2885462124176,36.08028026425713]]]}},{"type":"Feature","properties":{"jobs":402,"pop":1592,"pointCount":16,"homeWorkCommuteMedian":8330,"workHomeCommuteMedian":4173},"geometry":{"type":"Polygon","coordinates":[[[136.2885462124176,36.08927346789437],[136.2885462124176,36.09826667153162],[136.29753941605483,36.09826667153162],[136.29753941605483,36.08927346789437],[136.2885462124176,36.08927346789437]]]}},{"type":"Feature","properties":{"jobs":74,"pop":149,"pointCount":6,"homeWorkCommuteMedian":6715,"workHomeCommuteMedian":11479},"geometry":{"type":"Polygon","coordinates":[[[136.2885462124176,36.09826667153162],[136.2885462124176,36.107259875168864],[136.29753941605483,36.107259875168864],[136.29753941605483,36.09826667153162],[136.2885462124176,36.09826667153162]]]}},{"type":"Feature","properties":{"jobs":5994,"pop":789,"pointCount":18,"homeWorkCommuteMedian":8816,"workHomeCommuteMedian":9274},"geometry":{"type":"Polygon","coordinates":[[[136.2885462124176,36.107259875168864],[136.2885462124176,36.11625307880611],[136.29753941605483,36.11625307880611],[136.29753941605483,36.107259875168864],[136.2885462124176,36.107259875168864]]]}},{"type":"Feature","properties":{"jobs":422,"pop":0,"pointCount":1,"homeWorkCommuteMedian":-1,"workHomeCommuteMedian":5629},"geometry":{"type":"Polygon","coordinates":[[[136.2885462124176,36.11625307880611],[136.2885462124176,36.12524628244336],[136.29753941605483,36.12524628244336],[136.29753941605483,36.11625307880611],[136.2885462124176,36.11625307880611]]]}},{"type":"Feature","properties":{"jobs":6,"pop":121,"pointCount":7,"homeWorkCommuteMedian":5029,"workHomeCommuteMedian":1169},"geometry":{"type":"Polygon","coordinates":[[[136.2885462124176,36.12524628244336],[136.2885462124176,36.1342394860806],[136.29753941605483,36.1342394860806],[136.29753941605483,36.12524628244336],[136.2885462124176,36.12524628244336]]]}},{"type":"Feature","properties":{"jobs":93,"pop":173,"pointCount":5,"homeWorkCommuteMedian":8415,"workHomeCommuteMedian":5073},"geometry":{"type":"Polygon","coordinates":[[[136.2885462124176,36.1342394860806],[136.2885462124176,36.14323268971785],[136.29753941605483,36.14323268971785],[136.29753941605483,36.1342394860806],[136.2885462124176,36.1342394860806]]]}},{"type":"Feature","properties":{"jobs":132,"pop":56,"pointCount":6,"homeWorkCommuteMedian":14942,"workHomeCommuteMedian":3803},"geometry":{"type":"Polygon","coordinates":[[[136.2885462124176,36.14323268971785],[136.2885462124176,36.152225893355094],[136.29753941605483,36.152225893355094],[136.29753941605483,36.14323268971785],[136.2885462124176,36.14323268971785]]]}},{"type":"Feature","properties":{"jobs":85,"pop":235,"pointCount":8,"homeWorkCommuteMedian":7294,"workHomeCommuteMedian":5897},"geometry":{"type":"Polygon","coordinates":[[[136.2885462124176,36.152225893355094],[136.2885462124176,36.16121909699234],[136.29753941605483,36.16121909699234],[136.29753941605483,36.152225893355094],[136.2885462124176,36.152225893355094]]]}},{"type":"Feature","properties":{"jobs":21,"pop":137,"pointCount":6,"homeWorkCommuteMedian":14887,"workHomeCommuteMedian":9891},"geometry":{"type":"Polygon","coordinates":[[[136.2885462124176,36.16121909699234],[136.2885462124176,36.170212300629586],[136.29753941605483,36.170212300629586],[136.29753941605483,36.16121909699234],[136.2885462124176,36.16121909699234]]]}},{"type":"Feature","properties":{"jobs":130,"pop":38,"pointCount":5,"homeWorkCommuteMedian":12287,"workHomeCommuteMedian":22956},"geometry":{"type":"Polygon","coordinates":[[[136.2885462124176,36.170212300629586],[136.2885462124176,36.17920550426683],[136.29753941605483,36.17920550426683],[136.29753941605483,36.170212300629586],[136.2885462124176,36.170212300629586]]]}},{"type":"Feature","properties":{"jobs":31,"pop":139,"pointCount":8,"homeWorkCommuteMedian":8352,"workHomeCommuteMedian":34947},"geometry":{"type":"Polygon","coordinates":[[[136.2885462124176,36.17920550426683],[136.2885462124176,36.18819870790408],[136.29753941605483,36.18819870790408],[136.29753941605483,36.17920550426683],[136.2885462124176,36.17920550426683]]]}},{"type":"Feature","properties":{"jobs":0,"pop":54,"pointCount":3,"homeWorkCommuteMedian":7404,"workHomeCommuteMedian":-1},"geometry":{"type":"Polygon","coordinates":[[[136.2885462124176,36.197191911541324],[136.2885462124176,36.20618511517857],[136.29753941605483,36.20618511517857],[136.29753941605483,36.197191911541324],[136.2885462124176,36.197191911541324]]]}},{"type":"Feature","properties":{"jobs":19,"pop":0,"pointCount":1,"homeWorkCommuteMedian":-1,"workHomeCommuteMedian":9828},"geometry":{"type":"Polygon","coordinates":[[[136.2885462124176,36.215178318815816],[136.2885462124176,36.22417152245306],[136.29753941605483,36.22417152245306],[136.29753941605483,36.215178318815816],[136.2885462124176,36.215178318815816]]]}},{"type":"Feature","properties":{"jobs":5,"pop":3,"pointCount":2,"homeWorkCommuteMedian":10672,"workHomeCommuteMedian":6147},"geometry":{"type":"Polygon","coordinates":[[[136.29753941605483,35.81048415513975],[136.29753941605483,35.81947735877699],[136.30653261969206,35.81947735877699],[136.30653261969206,35.81048415513975],[136.29753941605483,35.81048415513975]]]}},{"type":"Feature","properties":{"jobs":17,"pop":74,"pointCount":6,"homeWorkCommuteMedian":11524,"workHomeCommuteMedian":32034},"geometry":{"type":"Polygon","coordinates":[[[136.29753941605483,35.927395802423945],[136.29753941605483,35.93638900606119],[136.30653261969206,35.93638900606119],[136.30653261969206,35.927395802423945],[136.29753941605483,35.927395802423945]]]}},{"type":"Feature","properties":{"jobs":15,"pop":24,"pointCount":2,"homeWorkCommuteMedian":14497,"workHomeCommuteMedian":28612},"geometry":{"type":"Polygon","coordinates":[[[136.29753941605483,35.93638900606119],[136.29753941605483,35.94538220969844],[136.30653261969206,35.94538220969844],[136.30653261969206,35.93638900606119],[136.29753941605483,35.93638900606119]]]}},{"type":"Feature","properties":{"jobs":73,"pop":174,"pointCount":8,"homeWorkCommuteMedian":8604,"workHomeCommuteMedian":11434},"geometry":{"type":"Polygon","coordinates":[[[136.29753941605483,35.94538220969844],[136.29753941605483,35.95437541333568],[136.30653261969206,35.95437541333568],[136.30653261969206,35.94538220969844],[136.29753941605483,35.94538220969844]]]}},{"type":"Feature","properties":{"jobs":15,"pop":100,"pointCount":2,"homeWorkCommuteMedian":9930,"workHomeCommuteMedian":25185},"geometry":{"type":"Polygon","coordinates":[[[136.29753941605483,35.99934143152191],[136.29753941605483,36.00833463515916],[136.30653261969206,36.00833463515916],[136.30653261969206,35.99934143152191],[136.29753941605483,35.99934143152191]]]}},{"type":"Feature","properties":{"jobs":126,"pop":80,"pointCount":4,"homeWorkCommuteMedian":8786,"workHomeCommuteMedian":12427},"geometry":{"type":"Polygon","coordinates":[[[136.29753941605483,36.00833463515916],[136.29753941605483,36.017327838796405],[136.30653261969206,36.017327838796405],[136.30653261969206,36.00833463515916],[136.29753941605483,36.00833463515916]]]}},{"type":"Feature","properties":{"jobs":41,"pop":113,"pointCount":4,"homeWorkCommuteMedian":9255,"workHomeCommuteMedian":19406},"geometry":{"type":"Polygon","coordinates":[[[136.29753941605483,36.017327838796405],[136.29753941605483,36.02632104243365],[136.30653261969206,36.02632104243365],[136.30653261969206,36.017327838796405],[136.29753941605483,36.017327838796405]]]}},{"type":"Feature","properties":{"jobs":0,"pop":13,"pointCount":1,"homeWorkCommuteMedian":12251,"workHomeCommuteMedian":-1},"geometry":{"type":"Polygon","coordinates":[[[136.29753941605483,36.02632104243365],[136.29753941605483,36.0353142460709],[136.30653261969206,36.0353142460709],[136.30653261969206,36.02632104243365],[136.29753941605483,36.02632104243365]]]}},{"type":"Feature","properties":{"jobs":25,"pop":55,"pointCount":3,"homeWorkCommuteMedian":6019,"workHomeCommuteMedian":10310},"geometry":{"type":"Polygon","coordinates":[[[136.29753941605483,36.05330065334539],[136.29753941605483,36.062293856982635],[136.30653261969206,36.062293856982635],[136.30653261969206,36.05330065334539],[136.29753941605483,36.05330065334539]]]}},{"type":"Feature","properties":{"jobs":14,"pop":81,"pointCount":4,"homeWorkCommuteMedian":5826,"workHomeCommuteMedian":9287},"geometry":{"type":"Polygon","coordinates":[[[136.29753941605483,36.062293856982635],[136.29753941605483,36.07128706061988],[136.30653261969206,36.07128706061988],[136.30653261969206,36.062293856982635],[136.29753941605483,36.062293856982635]]]}},{"type":"Feature","properties":{"jobs":27,"pop":41,"pointCount":2,"homeWorkCommuteMedian":28544,"workHomeCommuteMedian":22610},"geometry":{"type":"Polygon","coordinates":[[[136.29753941605483,36.07128706061988],[136.29753941605483,36.08028026425713],[136.30653261969206,36.08028026425713],[136.30653261969206,36.07128706061988],[136.29753941605483,36.07128706061988]]]}},{"type":"Feature","properties":{"jobs":416,"pop":513,"pointCount":9,"homeWorkCommuteMedian":6806,"workHomeCommuteMedian":2490},"geometry":{"type":"Polygon","coordinates":[[[136.29753941605483,36.08028026425713],[136.29753941605483,36.08927346789437],[136.30653261969206,36.08927346789437],[136.30653261969206,36.08028026425713],[136.29753941605483,36.08028026425713]]]}},{"type":"Feature","properties":{"jobs":931,"pop":1392,"pointCount":15,"homeWorkCommuteMedian":9170,"workHomeCommuteMedian":1438},"geometry":{"type":"Polygon","coordinates":[[[136.29753941605483,36.08927346789437],[136.29753941605483,36.09826667153162],[136.30653261969206,36.09826667153162],[136.30653261969206,36.08927346789437],[136.29753941605483,36.08927346789437]]]}},{"type":"Feature","properties":{"jobs":129,"pop":372,"pointCount":9,"homeWorkCommuteMedian":8088,"workHomeCommuteMedian":2560},"geometry":{"type":"Polygon","coordinates":[[[136.29753941605483,36.09826667153162],[136.29753941605483,36.107259875168864],[136.30653261969206,36.107259875168864],[136.30653261969206,36.09826667153162],[136.29753941605483,36.09826667153162]]]}},{"type":"Feature","properties":{"jobs":238,"pop":430,"pointCount":15,"homeWorkCommuteMedian":5279,"workHomeCommuteMedian":1806},"geometry":{"type":"Polygon","coordinates":[[[136.29753941605483,36.107259875168864],[136.29753941605483,36.11625307880611],[136.30653261969206,36.11625307880611],[136.30653261969206,36.107259875168864],[136.29753941605483,36.107259875168864]]]}},{"type":"Feature","properties":{"jobs":0,"pop":59,"pointCount":3,"homeWorkCommuteMedian":17760,"workHomeCommuteMedian":-1},"geometry":{"type":"Polygon","coordinates":[[[136.29753941605483,36.11625307880611],[136.29753941605483,36.12524628244336],[136.30653261969206,36.12524628244336],[136.30653261969206,36.11625307880611],[136.29753941605483,36.11625307880611]]]}},{"type":"Feature","properties":{"jobs":0,"pop":13,"pointCount":1,"homeWorkCommuteMedian":19819,"workHomeCommuteMedian":-1},"geometry":{"type":"Polygon","coordinates":[[[136.29753941605483,36.1342394860806],[136.29753941605483,36.14323268971785],[136.30653261969206,36.14323268971785],[136.30653261969206,36.1342394860806],[136.29753941605483,36.1342394860806]]]}},{"type":"Feature","properties":{"jobs":0,"pop":17,"pointCount":1,"homeWorkCommuteMedian":10307,"workHomeCommuteMedian":-1},"geometry":{"type":"Polygon","coordinates":[[[136.29753941605483,36.170212300629586],[136.29753941605483,36.17920550426683],[136.30653261969206,36.17920550426683],[136.30653261969206,36.170212300629586],[136.29753941605483,36.170212300629586]]]}},{"type":"Feature","properties":{"jobs":0,"pop":23,"pointCount":1,"homeWorkCommuteMedian":8515,"workHomeCommuteMedian":-1},"geometry":{"type":"Polygon","coordinates":[[[136.29753941605483,36.215178318815816],[136.29753941605483,36.22417152245306],[136.30653261969206,36.22417152245306],[136.30653261969206,36.215178318815816],[136.29753941605483,36.215178318815816]]]}},{"type":"Feature","properties":{"jobs":25,"pop":65,"pointCount":4,"homeWorkCommuteMedian":10162,"workHomeCommuteMedian":19711},"geometry":{"type":"Polygon","coordinates":[[[136.30653261969206,35.84645696968873],[136.30653261969206,35.85545017332598],[136.3155258233293,35.85545017332598],[136.3155258233293,35.84645696968873],[136.30653261969206,35.84645696968873]]]}},{"type":"Feature","properties":{"jobs":17,"pop":40,"pointCount":4,"homeWorkCommuteMedian":5900,"workHomeCommuteMedian":15190},"geometry":{"type":"Polygon","coordinates":[[[136.30653261969206,35.85545017332598],[136.30653261969206,35.86444337696322],[136.3155258233293,35.86444337696322],[136.3155258233293,35.85545017332598],[136.30653261969206,35.85545017332598]]]}},{"type":"Feature","properties":{"jobs":7,"pop":50,"pointCount":2,"homeWorkCommuteMedian":6470,"workHomeCommuteMedian":32794},"geometry":{"type":"Polygon","coordinates":[[[136.30653261969206,35.927395802423945],[136.30653261969206,35.93638900606119],[136.3155258233293,35.93638900606119],[136.3155258233293,35.927395802423945],[136.30653261969206,35.927395802423945]]]}},{"type":"Feature","properties":{"jobs":21,"pop":37,"pointCount":1,"homeWorkCommuteMedian":8336,"workHomeCommuteMedian":43781},"geometry":{"type":"Polygon","coordinates":[[[136.30653261969206,35.94538220969844],[136.30653261969206,35.95437541333568],[136.3155258233293,35.95437541333568],[136.3155258233293,35.94538220969844],[136.30653261969206,35.94538220969844]]]}},{"type":"Feature","properties":{"jobs":76,"pop":0,"pointCount":2,"homeWorkCommuteMedian":-1,"workHomeCommuteMedian":15462},"geometry":{"type":"Polygon","coordinates":[[[136.30653261969206,36.00833463515916],[136.30653261969206,36.017327838796405],[136.3155258233293,36.017327838796405],[136.3155258233293,36.00833463515916],[136.30653261969206,36.00833463515916]]]}},{"type":"Feature","properties":{"jobs":42,"pop":22,"pointCount":1,"homeWorkCommuteMedian":14807,"workHomeCommuteMedian":13491},"geometry":{"type":"Polygon","coordinates":[[[136.30653261969206,36.07128706061988],[136.30653261969206,36.08028026425713],[136.3155258233293,36.08028026425713],[136.3155258233293,36.07128706061988],[136.30653261969206,36.07128706061988]]]}},{"type":"Feature","properties":{"jobs":195,"pop":28,"pointCount":2,"homeWorkCommuteMedian":14262,"workHomeCommuteMedian":5882},"geometry":{"type":"Polygon","coordinates":[[[136.30653261969206,36.08028026425713],[136.30653261969206,36.08927346789437],[136.3155258233293,36.08927346789437],[136.3155258233293,36.08028026425713],[136.30653261969206,36.08028026425713]]]}},{"type":"Feature","properties":{"jobs":0,"pop":24,"pointCount":1,"homeWorkCommuteMedian":17630,"workHomeCommuteMedian":-1},"geometry":{"type":"Polygon","coordinates":[[[136.30653261969206,36.08927346789437],[136.30653261969206,36.09826667153162],[136.3155258233293,36.09826667153162],[136.3155258233293,36.08927346789437],[136.30653261969206,36.08927346789437]]]}},{"type":"Feature","properties":{"jobs":0,"pop":445,"pointCount":4,"homeWorkCommuteMedian":11144,"workHomeCommuteMedian":-1},"geometry":{"type":"Polygon","coordinates":[[[136.30653261969206,36.09826667153162],[136.30653261969206,36.107259875168864],[136.3155258233293,36.107259875168864],[136.3155258233293,36.09826667153162],[136.30653261969206,36.09826667153162]]]}},{"type":"Feature","properties":{"jobs":125,"pop":240,"pointCount":13,"homeWorkCommuteMedian":6468,"workHomeCommuteMedian":21764},"geometry":{"type":"Polygon","coordinates":[[[136.30653261969206,36.107259875168864],[136.30653261969206,36.11625307880611],[136.3155258233293,36.11625307880611],[136.3155258233293,36.107259875168864],[136.30653261969206,36.107259875168864]]]}},{"type":"Feature","properties":{"jobs":1,"pop":92,"pointCount":4,"homeWorkCommuteMedian":21536,"workHomeCommuteMedian":1968},"geometry":{"type":"Polygon","coordinates":[[[136.3155258233293,35.85545017332598],[136.3155258233293,35.86444337696322],[136.32451902696653,35.86444337696322],[136.32451902696653,35.85545017332598],[136.3155258233293,35.85545017332598]]]}},{"type":"Feature","properties":{"jobs":6,"pop":9,"pointCount":2,"homeWorkCommuteMedian":4198,"workHomeCommuteMedian":13650},"geometry":{"type":"Polygon","coordinates":[[[136.3155258233293,35.86444337696322],[136.3155258233293,35.87343658060047],[136.32451902696653,35.87343658060047],[136.32451902696653,35.86444337696322],[136.3155258233293,35.86444337696322]]]}},{"type":"Feature","properties":{"jobs":0,"pop":24,"pointCount":1,"homeWorkCommuteMedian":4836,"workHomeCommuteMedian":-1},"geometry":{"type":"Polygon","coordinates":[[[136.3155258233293,35.882429784237715],[136.3155258233293,35.89142298787496],[136.32451902696653,35.89142298787496],[136.32451902696653,35.882429784237715],[136.3155258233293,35.882429784237715]]]}},{"type":"Feature","properties":{"jobs":1,"pop":15,"pointCount":2,"homeWorkCommuteMedian":14057,"workHomeCommuteMedian":35773},"geometry":{"type":"Polygon","coordinates":[[[136.3155258233293,35.927395802423945],[136.3155258233293,35.93638900606119],[136.32451902696653,35.93638900606119],[136.32451902696653,35.927395802423945],[136.3155258233293,35.927395802423945]]]}},{"type":"Feature","properties":{"jobs":0,"pop":53,"pointCount":3,"homeWorkCommuteMedian":16205,"workHomeCommuteMedian":-1},"geometry":{"type":"Polygon","coordinates":[[[136.3155258233293,35.99934143152191],[136.3155258233293,36.00833463515916],[136.32451902696653,36.00833463515916],[136.32451902696653,35.99934143152191],[136.3155258233293,35.99934143152191]]]}},{"type":"Feature","properties":{"jobs":0,"pop":52,"pointCount":2,"homeWorkCommuteMedian":3159,"workHomeCommuteMedian":-1},"geometry":{"type":"Polygon","coordinates":[[[136.3155258233293,36.00833463515916],[136.3155258233293,36.017327838796405],[136.32451902696653,36.017327838796405],[136.32451902696653,36.00833463515916],[136.3155258233293,36.00833463515916]]]}},{"type":"Feature","properties":{"jobs":18,"pop":61,"pointCount":4,"homeWorkCommuteMedian":14342,"workHomeCommuteMedian":29240},"geometry":{"type":"Polygon","coordinates":[[[136.3155258233293,36.017327838796405],[136.3155258233293,36.02632104243365],[136.32451902696653,36.02632104243365],[136.32451902696653,36.017327838796405],[136.3155258233293,36.017327838796405]]]}},{"type":"Feature","properties":{"jobs":159,"pop":500,"pointCount":10,"homeWorkCommuteMedian":8642,"workHomeCommuteMedian":4667},"geometry":{"type":"Polygon","coordinates":[[[136.3155258233293,36.07128706061988],[136.3155258233293,36.08028026425713],[136.32451902696653,36.08028026425713],[136.32451902696653,36.07128706061988],[136.3155258233293,36.07128706061988]]]}},{"type":"Feature","properties":{"jobs":298,"pop":49,"pointCount":7,"homeWorkCommuteMedian":4431,"workHomeCommuteMedian":6188},"geometry":{"type":"Polygon","coordinates":[[[136.3155258233293,36.08028026425713],[136.3155258233293,36.08927346789437],[136.32451902696653,36.08927346789437],[136.32451902696653,36.08028026425713],[136.3155258233293,36.08028026425713]]]}},{"type":"Feature","properties":{"jobs":30,"pop":152,"pointCount":6,"homeWorkCommuteMedian":13306,"workHomeCommuteMedian":8684},"geometry":{"type":"Polygon","coordinates":[[[136.3155258233293,36.08927346789437],[136.3155258233293,36.09826667153162],[136.32451902696653,36.09826667153162],[136.32451902696653,36.08927346789437],[136.3155258233293,36.08927346789437]]]}},{"type":"Feature","properties":{"jobs":127,"pop":198,"pointCount":8,"homeWorkCommuteMedian":11266,"workHomeCommuteMedian":3130},"geometry":{"type":"Polygon","coordinates":[[[136.3155258233293,36.09826667153162],[136.3155258233293,36.107259875168864],[136.32451902696653,36.107259875168864],[136.32451902696653,36.09826667153162],[136.3155258233293,36.09826667153162]]]}},{"type":"Feature","properties":{"jobs":6,"pop":176,"pointCount":4,"homeWorkCommuteMedian":5486,"workHomeCommuteMedian":29350},"geometry":{"type":"Polygon","coordinates":[[[136.3155258233293,36.107259875168864],[136.3155258233293,36.11625307880611],[136.32451902696653,36.11625307880611],[136.32451902696653,36.107259875168864],[136.3155258233293,36.107259875168864]]]}},{"type":"Feature","properties":{"jobs":2,"pop":124,"pointCount":4,"homeWorkCommuteMedian":20188,"workHomeCommuteMedian":1373},"geometry":{"type":"Polygon","coordinates":[[[136.32451902696653,35.87343658060047],[136.32451902696653,35.882429784237715],[136.33351223060376,35.882429784237715],[136.33351223060376,35.87343658060047],[136.32451902696653,35.87343658060047]]]}},{"type":"Feature","properties":{"jobs":75,"pop":0,"pointCount":1,"homeWorkCommuteMedian":-1,"workHomeCommuteMedian":10565},"geometry":{"type":"Polygon","coordinates":[[[136.32451902696653,35.882429784237715],[136.32451902696653,35.89142298787496],[136.33351223060376,35.89142298787496],[136.33351223060376,35.882429784237715],[136.32451902696653,35.882429784237715]]]}},{"type":"Feature","properties":{"jobs":0,"pop":8,"pointCount":1,"homeWorkCommuteMedian":12371,"workHomeCommuteMedian":-1},"geometry":{"type":"Polygon","coordinates":[[[136.32451902696653,35.99934143152191],[136.32451902696653,36.00833463515916],[136.33351223060376,36.00833463515916],[136.33351223060376,35.99934143152191],[136.32451902696653,35.99934143152191]]]}},{"type":"Feature","properties":{"jobs":173,"pop":85,"pointCount":5,"homeWorkCommuteMedian":16101,"workHomeCommuteMedian":4433},"geometry":{"type":"Polygon","coordinates":[[[136.32451902696653,36.00833463515916],[136.32451902696653,36.017327838796405],[136.33351223060376,36.017327838796405],[136.33351223060376,36.00833463515916],[136.32451902696653,36.00833463515916]]]}},{"type":"Feature","properties":{"jobs":276,"pop":217,"pointCount":7,"homeWorkCommuteMedian":12294,"workHomeCommuteMedian":29478},"geometry":{"type":"Polygon","coordinates":[[[136.32451902696653,36.017327838796405],[136.32451902696653,36.02632104243365],[136.33351223060376,36.02632104243365],[136.33351223060376,36.017327838796405],[136.32451902696653,36.017327838796405]]]}},{"type":"Feature","properties":{"jobs":4,"pop":24,"pointCount":2,"homeWorkCommuteMedian":8141,"workHomeCommuteMedian":27117},"geometry":{"type":"Polygon","coordinates":[[[136.32451902696653,36.02632104243365],[136.32451902696653,36.0353142460709],[136.33351223060376,36.0353142460709],[136.33351223060376,36.02632104243365],[136.32451902696653,36.02632104243365]]]}},{"type":"Feature","properties":{"jobs":0,"pop":38,"pointCount":2,"homeWorkCommuteMedian":15625,"workHomeCommuteMedian":-1},"geometry":{"type":"Polygon","coordinates":[[[136.32451902696653,36.0353142460709],[136.32451902696653,36.04430744970814],[136.33351223060376,36.04430744970814],[136.33351223060376,36.0353142460709],[136.32451902696653,36.0353142460709]]]}},{"type":"Feature","properties":{"jobs":69,"pop":84,"pointCount":3,"homeWorkCommuteMedian":9104,"workHomeCommuteMedian":2225},"geometry":{"type":"Polygon","coordinates":[[[136.32451902696653,36.062293856982635],[136.32451902696653,36.07128706061988],[136.33351223060376,36.07128706061988],[136.33351223060376,36.062293856982635],[136.32451902696653,36.062293856982635]]]}},{"type":"Feature","properties":{"jobs":205,"pop":506,"pointCount":5,"homeWorkCommuteMedian":11146,"workHomeCommuteMedian":6521},"geometry":{"type":"Polygon","coordinates":[[[136.32451902696653,36.08927346789437],[136.32451902696653,36.09826667153162],[136.33351223060376,36.09826667153162],[136.33351223060376,36.08927346789437],[136.32451902696653,36.08927346789437]]]}},{"type":"Feature","properties":{"jobs":279,"pop":439,"pointCount":9,"homeWorkCommuteMedian":11474,"workHomeCommuteMedian":4489},"geometry":{"type":"Polygon","coordinates":[[[136.32451902696653,36.09826667153162],[136.32451902696653,36.107259875168864],[136.33351223060376,36.107259875168864],[136.33351223060376,36.09826667153162],[136.32451902696653,36.09826667153162]]]}},{"type":"Feature","properties":{"jobs":116,"pop":93,"pointCount":4,"homeWorkCommuteMedian":10720,"workHomeCommuteMedian":16790},"geometry":{"type":"Polygon","coordinates":[[[136.32451902696653,36.152225893355094],[136.32451902696653,36.16121909699234],[136.33351223060376,36.16121909699234],[136.33351223060376,36.152225893355094],[136.32451902696653,36.152225893355094]]]}},{"type":"Feature","properties":{"jobs":41,"pop":49,"pointCount":4,"homeWorkCommuteMedian":13653,"workHomeCommuteMedian":186},"geometry":{"type":"Polygon","coordinates":[[[136.32451902696653,36.16121909699234],[136.32451902696653,36.170212300629586],[136.33351223060376,36.170212300629586],[136.33351223060376,36.16121909699234],[136.32451902696653,36.16121909699234]]]}},{"type":"Feature","properties":{"jobs":52,"pop":0,"pointCount":2,"homeWorkCommuteMedian":-1,"workHomeCommuteMedian":23397},"geometry":{"type":"Polygon","coordinates":[[[136.32451902696653,36.170212300629586],[136.32451902696653,36.17920550426683],[136.33351223060376,36.17920550426683],[136.33351223060376,36.170212300629586],[136.32451902696653,36.170212300629586]]]}},{"type":"Feature","properties":{"jobs":0,"pop":72,"pointCount":4,"homeWorkCommuteMedian":1121,"workHomeCommuteMedian":-1},"geometry":{"type":"Polygon","coordinates":[[[136.33351223060376,35.87343658060047],[136.33351223060376,35.882429784237715],[136.342505434241,35.882429784237715],[136.342505434241,35.87343658060047],[136.33351223060376,35.87343658060047]]]}},{"type":"Feature","properties":{"jobs":214,"pop":179,"pointCount":10,"homeWorkCommuteMedian":12265,"workHomeCommuteMedian":2419},"geometry":{"type":"Polygon","coordinates":[[[136.33351223060376,35.882429784237715],[136.33351223060376,35.89142298787496],[136.342505434241,35.89142298787496],[136.342505434241,35.882429784237715],[136.33351223060376,35.882429784237715]]]}},{"type":"Feature","properties":{"jobs":29,"pop":100,"pointCount":3,"homeWorkCommuteMedian":19822,"workHomeCommuteMedian":2487},"geometry":{"type":"Polygon","coordinates":[[[136.33351223060376,35.89142298787496],[136.33351223060376,35.90041619151221],[136.342505434241,35.90041619151221],[136.342505434241,35.89142298787496],[136.33351223060376,35.89142298787496]]]}},{"type":"Feature","properties":{"jobs":106,"pop":51,"pointCount":5,"homeWorkCommuteMedian":5093,"workHomeCommuteMedian":20179},"geometry":{"type":"Polygon","coordinates":[[[136.33351223060376,35.90940939514945],[136.33351223060376,35.9184025987867],[136.342505434241,35.9184025987867],[136.342505434241,35.90940939514945],[136.33351223060376,35.90940939514945]]]}},{"type":"Feature","properties":{"jobs":11,"pop":102,"pointCount":4,"homeWorkCommuteMedian":14001,"workHomeCommuteMedian":20732},"geometry":{"type":"Polygon","coordinates":[[[136.33351223060376,36.00833463515916],[136.33351223060376,36.017327838796405],[136.342505434241,36.017327838796405],[136.342505434241,36.00833463515916],[136.33351223060376,36.00833463515916]]]}},{"type":"Feature","properties":{"jobs":1,"pop":63,"pointCount":2,"homeWorkCommuteMedian":19834,"workHomeCommuteMedian":30210},"geometry":{"type":"Polygon","coordinates":[[[136.33351223060376,36.017327838796405],[136.33351223060376,36.02632104243365],[136.342505434241,36.02632104243365],[136.342505434241,36.017327838796405],[136.33351223060376,36.017327838796405]]]}},{"type":"Feature","properties":{"jobs":25,"pop":87,"pointCount":4,"homeWorkCommuteMedian":5695,"workHomeCommuteMedian":8510},"geometry":{"type":"Polygon","coordinates":[[[136.33351223060376,36.062293856982635],[136.33351223060376,36.07128706061988],[136.342505434241,36.07128706061988],[136.342505434241,36.062293856982635],[136.33351223060376,36.062293856982635]]]}},{"type":"Feature","properties":{"jobs":47,"pop":46,"pointCount":2,"homeWorkCommuteMedian":9227,"workHomeCommuteMedian":5409},"geometry":{"type":"Polygon","coordinates":[[[136.33351223060376,36.08028026425713],[136.33351223060376,36.08927346789437],[136.342505434241,36.08927346789437],[136.342505434241,36.08028026425713],[136.33351223060376,36.08028026425713]]]}},{"type":"Feature","properties":{"jobs":369,"pop":297,"pointCount":10,"homeWorkCommuteMedian":14065,"workHomeCommuteMedian":7973},"geometry":{"type":"Polygon","coordinates":[[[136.33351223060376,36.08927346789437],[136.33351223060376,36.09826667153162],[136.342505434241,36.09826667153162],[136.342505434241,36.08927346789437],[136.33351223060376,36.08927346789437]]]}},{"type":"Feature","properties":{"jobs":0,"pop":28,"pointCount":2,"homeWorkCommuteMedian":4038,"workHomeCommuteMedian":-1},"geometry":{"type":"Polygon","coordinates":[[[136.33351223060376,36.09826667153162],[136.33351223060376,36.107259875168864],[136.342505434241,36.107259875168864],[136.342505434241,36.09826667153162],[136.33351223060376,36.09826667153162]]]}},{"type":"Feature","properties":{"jobs":203,"pop":25,"pointCount":4,"homeWorkCommuteMedian":26895,"workHomeCommuteMedian":12572},"geometry":{"type":"Polygon","coordinates":[[[136.33351223060376,36.152225893355094],[136.33351223060376,36.16121909699234],[136.342505434241,36.16121909699234],[136.342505434241,36.152225893355094],[136.33351223060376,36.152225893355094]]]}},{"type":"Feature","properties":{"jobs":91,"pop":62,"pointCount":4,"homeWorkCommuteMedian":27203,"workHomeCommuteMedian":5250},"geometry":{"type":"Polygon","coordinates":[[[136.342505434241,35.87343658060047],[136.342505434241,35.882429784237715],[136.35149863787822,35.882429784237715],[136.35149863787822,35.87343658060047],[136.342505434241,35.87343658060047]]]}},{"type":"Feature","properties":{"jobs":188,"pop":80,"pointCount":7,"homeWorkCommuteMedian":1232,"workHomeCommuteMedian":4467},"geometry":{"type":"Polygon","coordinates":[[[136.342505434241,35.882429784237715],[136.342505434241,35.89142298787496],[136.35149863787822,35.89142298787496],[136.35149863787822,35.882429784237715],[136.342505434241,35.882429784237715]]]}},{"type":"Feature","properties":{"jobs":198,"pop":59,"pointCount":8,"homeWorkCommuteMedian":1527,"workHomeCommuteMedian":2708},"geometry":{"type":"Polygon","coordinates":[[[136.342505434241,35.89142298787496],[136.342505434241,35.90041619151221],[136.35149863787822,35.90041619151221],[136.35149863787822,35.89142298787496],[136.342505434241,35.89142298787496]]]}},{"type":"Feature","properties":{"jobs":0,"pop":13,"pointCount":1,"homeWorkCommuteMedian":4356,"workHomeCommuteMedian":-1},"geometry":{"type":"Polygon","coordinates":[[[136.342505434241,35.90940939514945],[136.342505434241,35.9184025987867],[136.35149863787822,35.9184025987867],[136.35149863787822,35.90940939514945],[136.342505434241,35.90940939514945]]]}},{"type":"Feature","properties":{"jobs":19,"pop":28,"pointCount":4,"homeWorkCommuteMedian":1920,"workHomeCommuteMedian":835},"geometry":{"type":"Polygon","coordinates":[[[136.342505434241,35.9184025987867],[136.342505434241,35.927395802423945],[136.35149863787822,35.927395802423945],[136.35149863787822,35.9184025987867],[136.342505434241,35.9184025987867]]]}},{"type":"Feature","properties":{"jobs":0,"pop":1,"pointCount":1,"homeWorkCommuteMedian":25396,"workHomeCommuteMedian":-1},"geometry":{"type":"Polygon","coordinates":[[[136.342505434241,35.95437541333568],[136.342505434241,35.96336861697293],[136.35149863787822,35.96336861697293],[136.35149863787822,35.95437541333568],[136.342505434241,35.95437541333568]]]}},{"type":"Feature","properties":{"jobs":11,"pop":11,"pointCount":2,"homeWorkCommuteMedian":14466,"workHomeCommuteMedian":29499},"geometry":{"type":"Polygon","coordinates":[[[136.342505434241,36.00833463515916],[136.342505434241,36.017327838796405],[136.35149863787822,36.017327838796405],[136.35149863787822,36.00833463515916],[136.342505434241,36.00833463515916]]]}},{"type":"Feature","properties":{"jobs":15,"pop":25,"pointCount":1,"homeWorkCommuteMedian":11765,"workHomeCommuteMedian":789},"geometry":{"type":"Polygon","coordinates":[[[136.342505434241,36.04430744970814],[136.342505434241,36.05330065334539],[136.35149863787822,36.05330065334539],[136.35149863787822,36.04430744970814],[136.342505434241,36.04430744970814]]]}},{"type":"Feature","properties":{"jobs":21,"pop":70,"pointCount":2,"homeWorkCommuteMedian":7836,"workHomeCommuteMedian":25341},"geometry":{"type":"Polygon","coordinates":[[[136.342505434241,36.05330065334539],[136.342505434241,36.062293856982635],[136.35149863787822,36.062293856982635],[136.35149863787822,36.05330065334539],[136.342505434241,36.05330065334539]]]}},{"type":"Feature","properties":{"jobs":0,"pop":60,"pointCount":1,"homeWorkCommuteMedian":16275,"workHomeCommuteMedian":-1},"geometry":{"type":"Polygon","coordinates":[[[136.342505434241,36.08028026425713],[136.342505434241,36.08927346789437],[136.35149863787822,36.08927346789437],[136.35149863787822,36.08028026425713],[136.342505434241,36.08028026425713]]]}},{"type":"Feature","properties":{"jobs":44,"pop":133,"pointCount":6,"homeWorkCommuteMedian":13667,"workHomeCommuteMedian":4584},"geometry":{"type":"Polygon","coordinates":[[[136.342505434241,36.08927346789437],[136.342505434241,36.09826667153162],[136.35149863787822,36.09826667153162],[136.35149863787822,36.08927346789437],[136.342505434241,36.08927346789437]]]}},{"type":"Feature","properties":{"jobs":2,"pop":20,"pointCount":1,"homeWorkCommuteMedian":24790,"workHomeCommuteMedian":5900},"geometry":{"type":"Polygon","coordinates":[[[136.35149863787822,35.87343658060047],[136.35149863787822,35.882429784237715],[136.36049184151545,35.882429784237715],[136.36049184151545,35.87343658060047],[136.35149863787822,35.87343658060047]]]}},{"type":"Feature","properties":{"jobs":41,"pop":72,"pointCount":4,"homeWorkCommuteMedian":2029,"workHomeCommuteMedian":3626},"geometry":{"type":"Polygon","coordinates":[[[136.35149863787822,35.89142298787496],[136.35149863787822,35.90041619151221],[136.36049184151545,35.90041619151221],[136.36049184151545,35.89142298787496],[136.35149863787822,35.89142298787496]]]}},{"type":"Feature","properties":{"jobs":14,"pop":42,"pointCount":3,"homeWorkCommuteMedian":13790,"workHomeCommuteMedian":32961},"geometry":{"type":"Polygon","coordinates":[[[136.35149863787822,35.90041619151221],[136.35149863787822,35.90940939514945],[136.36049184151545,35.90940939514945],[136.36049184151545,35.90041619151221],[136.35149863787822,35.90041619151221]]]}},{"type":"Feature","properties":{"jobs":33,"pop":28,"pointCount":2,"homeWorkCommuteMedian":10292,"workHomeCommuteMedian":5124},"geometry":{"type":"Polygon","coordinates":[[[136.35149863787822,35.90940939514945],[136.35149863787822,35.9184025987867],[136.36049184151545,35.9184025987867],[136.36049184151545,35.90940939514945],[136.35149863787822,35.90940939514945]]]}},{"type":"Feature","properties":{"jobs":8,"pop":4,"pointCount":1,"homeWorkCommuteMedian":3626,"workHomeCommuteMedian":26016},"geometry":{"type":"Polygon","coordinates":[[[136.35149863787822,35.927395802423945],[136.35149863787822,35.93638900606119],[136.36049184151545,35.93638900606119],[136.36049184151545,35.927395802423945],[136.35149863787822,35.927395802423945]]]}},{"type":"Feature","properties":{"jobs":17,"pop":0,"pointCount":1,"homeWorkCommuteMedian":-1,"workHomeCommuteMedian":5145},"geometry":{"type":"Polygon","coordinates":[[[136.35149863787822,35.93638900606119],[136.35149863787822,35.94538220969844],[136.36049184151545,35.94538220969844],[136.36049184151545,35.93638900606119],[136.35149863787822,35.93638900606119]]]}},{"type":"Feature","properties":{"jobs":11,"pop":49,"pointCount":5,"homeWorkCommuteMedian":21050,"workHomeCommuteMedian":26951},"geometry":{"type":"Polygon","coordinates":[[[136.35149863787822,35.94538220969844],[136.35149863787822,35.95437541333568],[136.36049184151545,35.95437541333568],[136.36049184151545,35.94538220969844],[136.35149863787822,35.94538220969844]]]}},{"type":"Feature","properties":{"jobs":7,"pop":88,"pointCount":4,"homeWorkCommuteMedian":16919,"workHomeCommuteMedian":16641},"geometry":{"type":"Polygon","coordinates":[[[136.35149863787822,35.98135502424742],[136.35149863787822,35.99034822788467],[136.36049184151545,35.99034822788467],[136.36049184151545,35.98135502424742],[136.35149863787822,35.98135502424742]]]}},{"type":"Feature","properties":{"jobs":0,"pop":23,"pointCount":1,"homeWorkCommuteMedian":28533,"workHomeCommuteMedian":-1},"geometry":{"type":"Polygon","coordinates":[[[136.35149863787822,35.99034822788467],[136.35149863787822,35.99934143152191],[136.36049184151545,35.99934143152191],[136.36049184151545,35.99034822788467],[136.35149863787822,35.99034822788467]]]}},{"type":"Feature","properties":{"jobs":122,"pop":35,"pointCount":5,"homeWorkCommuteMedian":18306,"workHomeCommuteMedian":15757},"geometry":{"type":"Polygon","coordinates":[[[136.35149863787822,35.99934143152191],[136.35149863787822,36.00833463515916],[136.36049184151545,36.00833463515916],[136.36049184151545,35.99934143152191],[136.35149863787822,35.99934143152191]]]}},{"type":"Feature","properties":{"jobs":0,"pop":48,"pointCount":2,"homeWorkCommuteMedian":26234,"workHomeCommuteMedian":-1},"geometry":{"type":"Polygon","coordinates":[[[136.35149863787822,36.00833463515916],[136.35149863787822,36.017327838796405],[136.36049184151545,36.017327838796405],[136.36049184151545,36.00833463515916],[136.35149863787822,36.00833463515916]]]}},{"type":"Feature","properties":{"jobs":3,"pop":72,"pointCount":2,"homeWorkCommuteMedian":16700,"workHomeCommuteMedian":29265},"geometry":{"type":"Polygon","coordinates":[[[136.35149863787822,36.017327838796405],[136.35149863787822,36.02632104243365],[136.36049184151545,36.02632104243365],[136.36049184151545,36.017327838796405],[136.35149863787822,36.017327838796405]]]}},{"type":"Feature","properties":{"jobs":6,"pop":219,"pointCount":3,"homeWorkCommuteMedian":14049,"workHomeCommuteMedian":166},"geometry":{"type":"Polygon","coordinates":[[[136.35149863787822,36.05330065334539],[136.35149863787822,36.062293856982635],[136.36049184151545,36.062293856982635],[136.36049184151545,36.05330065334539],[136.35149863787822,36.05330065334539]]]}},{"type":"Feature","properties":{"jobs":39,"pop":16,"pointCount":4,"homeWorkCommuteMedian":4258,"workHomeCommuteMedian":7698},"geometry":{"type":"Polygon","coordinates":[[[136.35149863787822,36.08028026425713],[136.35149863787822,36.08927346789437],[136.36049184151545,36.08927346789437],[136.36049184151545,36.08028026425713],[136.35149863787822,36.08028026425713]]]}},{"type":"Feature","properties":{"jobs":52,"pop":213,"pointCount":6,"homeWorkCommuteMedian":5355,"workHomeCommuteMedian":26558},"geometry":{"type":"Polygon","coordinates":[[[136.35149863787822,36.08927346789437],[136.35149863787822,36.09826667153162],[136.36049184151545,36.09826667153162],[136.36049184151545,36.08927346789437],[136.35149863787822,36.08927346789437]]]}},{"type":"Feature","properties":{"jobs":3,"pop":34,"pointCount":2,"homeWorkCommuteMedian":15253,"workHomeCommuteMedian":426},"geometry":{"type":"Polygon","coordinates":[[[136.35149863787822,36.09826667153162],[136.35149863787822,36.107259875168864],[136.36049184151545,36.107259875168864],[136.36049184151545,36.09826667153162],[136.35149863787822,36.09826667153162]]]}},{"type":"Feature","properties":{"jobs":49,"pop":17,"pointCount":3,"homeWorkCommuteMedian":5173,"workHomeCommuteMedian":4188},"geometry":{"type":"Polygon","coordinates":[[[136.36049184151545,35.85545017332598],[136.36049184151545,35.86444337696322],[136.3694850451527,35.86444337696322],[136.3694850451527,35.85545017332598],[136.36049184151545,35.85545017332598]]]}},{"type":"Feature","properties":{"jobs":2,"pop":6,"pointCount":1,"homeWorkCommuteMedian":4804,"workHomeCommuteMedian":7188},"geometry":{"type":"Polygon","coordinates":[[[136.36049184151545,35.86444337696322],[136.36049184151545,35.87343658060047],[136.3694850451527,35.87343658060047],[136.3694850451527,35.86444337696322],[136.36049184151545,35.86444337696322]]]}},{"type":"Feature","properties":{"jobs":43,"pop":126,"pointCount":5,"homeWorkCommuteMedian":3738,"workHomeCommuteMedian":3084},"geometry":{"type":"Polygon","coordinates":[[[136.36049184151545,35.882429784237715],[136.36049184151545,35.89142298787496],[136.3694850451527,35.89142298787496],[136.3694850451527,35.882429784237715],[136.36049184151545,35.882429784237715]]]}},{"type":"Feature","properties":{"jobs":12,"pop":0,"pointCount":1,"homeWorkCommuteMedian":-1,"workHomeCommuteMedian":7326},"geometry":{"type":"Polygon","coordinates":[[[136.36049184151545,35.89142298787496],[136.36049184151545,35.90041619151221],[136.3694850451527,35.90041619151221],[136.3694850451527,35.89142298787496],[136.36049184151545,35.89142298787496]]]}},{"type":"Feature","properties":{"jobs":0,"pop":26,"pointCount":1,"homeWorkCommuteMedian":21852,"workHomeCommuteMedian":-1},"geometry":{"type":"Polygon","coordinates":[[[136.36049184151545,35.927395802423945],[136.36049184151545,35.93638900606119],[136.3694850451527,35.93638900606119],[136.3694850451527,35.927395802423945],[136.36049184151545,35.927395802423945]]]}},{"type":"Feature","properties":{"jobs":4,"pop":22,"pointCount":2,"homeWorkCommuteMedian":7598,"workHomeCommuteMedian":42757},"geometry":{"type":"Polygon","coordinates":[[[136.36049184151545,35.93638900606119],[136.36049184151545,35.94538220969844],[136.3694850451527,35.94538220969844],[136.3694850451527,35.93638900606119],[136.36049184151545,35.93638900606119]]]}},{"type":"Feature","properties":{"jobs":27,"pop":87,"pointCount":3,"homeWorkCommuteMedian":9282,"workHomeCommuteMedian":19076},"geometry":{"type":"Polygon","coordinates":[[[136.36049184151545,35.95437541333568],[136.36049184151545,35.96336861697293],[136.3694850451527,35.96336861697293],[136.3694850451527,35.95437541333568],[136.36049184151545,35.95437541333568]]]}},{"type":"Feature","properties":{"jobs":339,"pop":123,"pointCount":9,"homeWorkCommuteMedian":18270,"workHomeCommuteMedian":8580},"geometry":{"type":"Polygon","coordinates":[[[136.36049184151545,35.99034822788467],[136.36049184151545,35.99934143152191],[136.3694850451527,35.99934143152191],[136.3694850451527,35.99034822788467],[136.36049184151545,35.99034822788467]]]}},{"type":"Feature","properties":{"jobs":28,"pop":43,"pointCount":2,"homeWorkCommuteMedian":17518,"workHomeCommuteMedian":14057},"geometry":{"type":"Polygon","coordinates":[[[136.36049184151545,35.99934143152191],[136.36049184151545,36.00833463515916],[136.3694850451527,36.00833463515916],[136.3694850451527,35.99934143152191],[136.36049184151545,35.99934143152191]]]}},{"type":"Feature","properties":{"jobs":158,"pop":175,"pointCount":7,"homeWorkCommuteMedian":16263,"workHomeCommuteMedian":13075},"geometry":{"type":"Polygon","coordinates":[[[136.36049184151545,36.08028026425713],[136.36049184151545,36.08927346789437],[136.3694850451527,36.08927346789437],[136.3694850451527,36.08028026425713],[136.36049184151545,36.08028026425713]]]}},{"type":"Feature","properties":{"jobs":126,"pop":136,"pointCount":8,"homeWorkCommuteMedian":17637,"workHomeCommuteMedian":1375},"geometry":{"type":"Polygon","coordinates":[[[136.36049184151545,36.08927346789437],[136.36049184151545,36.09826667153162],[136.3694850451527,36.09826667153162],[136.3694850451527,36.08927346789437],[136.36049184151545,36.08927346789437]]]}},{"type":"Feature","properties":{"jobs":52,"pop":72,"pointCount":4,"homeWorkCommuteMedian":4467,"workHomeCommuteMedian":4455},"geometry":{"type":"Polygon","coordinates":[[[136.3694850451527,35.882429784237715],[136.3694850451527,35.89142298787496],[136.37847824878992,35.89142298787496],[136.37847824878992,35.882429784237715],[136.3694850451527,35.882429784237715]]]}},{"type":"Feature","properties":{"jobs":6,"pop":46,"pointCount":3,"homeWorkCommuteMedian":18755,"workHomeCommuteMedian":17062},"geometry":{"type":"Polygon","coordinates":[[[136.3694850451527,35.972361820610175],[136.3694850451527,35.98135502424742],[136.37847824878992,35.98135502424742],[136.37847824878992,35.972361820610175],[136.3694850451527,35.972361820610175]]]}},{"type":"Feature","properties":{"jobs":0,"pop":33,"pointCount":1,"homeWorkCommuteMedian":2077,"workHomeCommuteMedian":-1},"geometry":{"type":"Polygon","coordinates":[[[136.3694850451527,35.98135502424742],[136.3694850451527,35.99034822788467],[136.37847824878992,35.99034822788467],[136.37847824878992,35.98135502424742],[136.3694850451527,35.98135502424742]]]}},{"type":"Feature","properties":{"jobs":85,"pop":16,"pointCount":3,"homeWorkCommuteMedian":18276,"workHomeCommuteMedian":9178},"geometry":{"type":"Polygon","coordinates":[[[136.3694850451527,35.99034822788467],[136.3694850451527,35.99934143152191],[136.37847824878992,35.99934143152191],[136.37847824878992,35.99034822788467],[136.3694850451527,35.99034822788467]]]}},{"type":"Feature","properties":{"jobs":34,"pop":56,"pointCount":3,"homeWorkCommuteMedian":1316,"workHomeCommuteMedian":16699},"geometry":{"type":"Polygon","coordinates":[[[136.3694850451527,35.99934143152191],[136.3694850451527,36.00833463515916],[136.37847824878992,36.00833463515916],[136.37847824878992,35.99934143152191],[136.3694850451527,35.99934143152191]]]}},{"type":"Feature","properties":{"jobs":68,"pop":47,"pointCount":4,"homeWorkCommuteMedian":2217,"workHomeCommuteMedian":19879},"geometry":{"type":"Polygon","coordinates":[[[136.3694850451527,36.07128706061988],[136.3694850451527,36.08028026425713],[136.37847824878992,36.08028026425713],[136.37847824878992,36.07128706061988],[136.3694850451527,36.07128706061988]]]}},{"type":"Feature","properties":{"jobs":47,"pop":61,"pointCount":4,"homeWorkCommuteMedian":2603,"workHomeCommuteMedian":888},"geometry":{"type":"Polygon","coordinates":[[[136.3694850451527,36.08028026425713],[136.3694850451527,36.08927346789437],[136.37847824878992,36.08927346789437],[136.37847824878992,36.08028026425713],[136.3694850451527,36.08028026425713]]]}},{"type":"Feature","properties":{"jobs":6,"pop":140,"pointCount":4,"homeWorkCommuteMedian":7887,"workHomeCommuteMedian":405},"geometry":{"type":"Polygon","coordinates":[[[136.3694850451527,36.08927346789437],[136.3694850451527,36.09826667153162],[136.37847824878992,36.09826667153162],[136.37847824878992,36.08927346789437],[136.3694850451527,36.08927346789437]]]}},{"type":"Feature","properties":{"jobs":0,"pop":39,"pointCount":1,"homeWorkCommuteMedian":20083,"workHomeCommuteMedian":-1},"geometry":{"type":"Polygon","coordinates":[[[136.37847824878992,35.99934143152191],[136.37847824878992,36.00833463515916],[136.38747145242715,36.00833463515916],[136.38747145242715,35.99934143152191],[136.37847824878992,35.99934143152191]]]}},{"type":"Feature","properties":{"jobs":0,"pop":16,"pointCount":1,"homeWorkCommuteMedian":7653,"workHomeCommuteMedian":-1},"geometry":{"type":"Polygon","coordinates":[[[136.37847824878992,36.017327838796405],[136.37847824878992,36.02632104243365],[136.38747145242715,36.02632104243365],[136.38747145242715,36.017327838796405],[136.37847824878992,36.017327838796405]]]}},{"type":"Feature","properties":{"jobs":0,"pop":21,"pointCount":2,"homeWorkCommuteMedian":10606,"workHomeCommuteMedian":-1},"geometry":{"type":"Polygon","coordinates":[[[136.37847824878992,36.07128706061988],[136.37847824878992,36.08028026425713],[136.38747145242715,36.08028026425713],[136.38747145242715,36.07128706061988],[136.37847824878992,36.07128706061988]]]}},{"type":"Feature","properties":{"jobs":109,"pop":175,"pointCount":5,"homeWorkCommuteMedian":17868,"workHomeCommuteMedian":7247},"geometry":{"type":"Polygon","coordinates":[[[136.37847824878992,36.08028026425713],[136.37847824878992,36.08927346789437],[136.38747145242715,36.08927346789437],[136.38747145242715,36.08028026425713],[136.37847824878992,36.08028026425713]]]}},{"type":"Feature","properties":{"jobs":0,"pop":3,"pointCount":1,"homeWorkCommuteMedian":27162,"workHomeCommuteMedian":-1},"geometry":{"type":"Polygon","coordinates":[[[136.38747145242715,35.95437541333568],[136.38747145242715,35.96336861697293],[136.39646465606438,35.96336861697293],[136.39646465606438,35.95437541333568],[136.38747145242715,35.95437541333568]]]}},{"type":"Feature","properties":{"jobs":5,"pop":53,"pointCount":2,"homeWorkCommuteMedian":34947,"workHomeCommuteMedian":13276},"geometry":{"type":"Polygon","coordinates":[[[136.38747145242715,35.98135502424742],[136.38747145242715,35.99034822788467],[136.39646465606438,35.99034822788467],[136.39646465606438,35.98135502424742],[136.38747145242715,35.98135502424742]]]}},{"type":"Feature","properties":{"jobs":2,"pop":23,"pointCount":1,"homeWorkCommuteMedian":27446,"workHomeCommuteMedian":14715},"geometry":{"type":"Polygon","coordinates":[[[136.38747145242715,36.00833463515916],[136.38747145242715,36.017327838796405],[136.39646465606438,36.017327838796405],[136.39646465606438,36.00833463515916],[136.38747145242715,36.00833463515916]]]}},{"type":"Feature","properties":{"jobs":4,"pop":37,"pointCount":2,"homeWorkCommuteMedian":23540,"workHomeCommuteMedian":25764},"geometry":{"type":"Polygon","coordinates":[[[136.38747145242715,36.02632104243365],[136.38747145242715,36.0353142460709],[136.39646465606438,36.0353142460709],[136.39646465606438,36.02632104243365],[136.38747145242715,36.02632104243365]]]}},{"type":"Feature","properties":{"jobs":130,"pop":407,"pointCount":12,"homeWorkCommuteMedian":18702,"workHomeCommuteMedian":2815},"geometry":{"type":"Polygon","coordinates":[[[136.38747145242715,36.07128706061988],[136.38747145242715,36.08028026425713],[136.39646465606438,36.08028026425713],[136.39646465606438,36.07128706061988],[136.38747145242715,36.07128706061988]]]}},{"type":"Feature","properties":{"jobs":85,"pop":98,"pointCount":6,"homeWorkCommuteMedian":16790,"workHomeCommuteMedian":4818},"geometry":{"type":"Polygon","coordinates":[[[136.38747145242715,36.08028026425713],[136.38747145242715,36.08927346789437],[136.39646465606438,36.08927346789437],[136.39646465606438,36.08028026425713],[136.38747145242715,36.08028026425713]]]}},{"type":"Feature","properties":{"jobs":0,"pop":21,"pointCount":1,"homeWorkCommuteMedian":10067,"workHomeCommuteMedian":-1},"geometry":{"type":"Polygon","coordinates":[[[136.39646465606438,35.95437541333568],[136.39646465606438,35.96336861697293],[136.4054578597016,35.96336861697293],[136.4054578597016,35.95437541333568],[136.39646465606438,35.95437541333568]]]}},{"type":"Feature","properties":{"jobs":0,"pop":80,"pointCount":2,"homeWorkCommuteMedian":1647,"workHomeCommuteMedian":-1},"geometry":{"type":"Polygon","coordinates":[[[136.39646465606438,35.99934143152191],[136.39646465606438,36.00833463515916],[136.4054578597016,36.00833463515916],[136.4054578597016,35.99934143152191],[136.39646465606438,35.99934143152191]]]}},{"type":"Feature","properties":{"jobs":12,"pop":38,"pointCount":1,"homeWorkCommuteMedian":27694,"workHomeCommuteMedian":9639},"geometry":{"type":"Polygon","coordinates":[[[136.39646465606438,36.00833463515916],[136.39646465606438,36.017327838796405],[136.4054578597016,36.017327838796405],[136.4054578597016,36.00833463515916],[136.39646465606438,36.00833463515916]]]}},{"type":"Feature","properties":{"jobs":288,"pop":266,"pointCount":14,"homeWorkCommuteMedian":17687,"workHomeCommuteMedian":1904},"geometry":{"type":"Polygon","coordinates":[[[136.39646465606438,36.07128706061988],[136.39646465606438,36.08028026425713],[136.4054578597016,36.08028026425713],[136.4054578597016,36.07128706061988],[136.39646465606438,36.07128706061988]]]}},{"type":"Feature","properties":{"jobs":8,"pop":34,"pointCount":2,"homeWorkCommuteMedian":21676,"workHomeCommuteMedian":5355},"geometry":{"type":"Polygon","coordinates":[[[136.39646465606438,36.08028026425713],[136.39646465606438,36.08927346789437],[136.4054578597016,36.08927346789437],[136.4054578597016,36.08028026425713],[136.39646465606438,36.08028026425713]]]}},{"type":"Feature","properties":{"jobs":15,"pop":0,"pointCount":1,"homeWorkCommuteMedian":-1,"workHomeCommuteMedian":14454},"geometry":{"type":"Polygon","coordinates":[[[136.4054578597016,35.95437541333568],[136.4054578597016,35.96336861697293],[136.41445106333884,35.96336861697293],[136.41445106333884,35.95437541333568],[136.4054578597016,35.95437541333568]]]}},{"type":"Feature","properties":{"jobs":46,"pop":80,"pointCount":5,"homeWorkCommuteMedian":24183,"workHomeCommuteMedian":1033},"geometry":{"type":"Polygon","coordinates":[[[136.4054578597016,35.99934143152191],[136.4054578597016,36.00833463515916],[136.41445106333884,36.00833463515916],[136.41445106333884,35.99934143152191],[136.4054578597016,35.99934143152191]]]}},{"type":"Feature","properties":{"jobs":32,"pop":19,"pointCount":2,"homeWorkCommuteMedian":10136,"workHomeCommuteMedian":9796},"geometry":{"type":"Polygon","coordinates":[[[136.4054578597016,36.02632104243365],[136.4054578597016,36.0353142460709],[136.41445106333884,36.0353142460709],[136.41445106333884,36.02632104243365],[136.4054578597016,36.02632104243365]]]}},{"type":"Feature","properties":{"jobs":32,"pop":0,"pointCount":1,"homeWorkCommuteMedian":-1,"workHomeCommuteMedian":22602},"geometry":{"type":"Polygon","coordinates":[[[136.4054578597016,36.05330065334539],[136.4054578597016,36.062293856982635],[136.41445106333884,36.062293856982635],[136.41445106333884,36.05330065334539],[136.4054578597016,36.05330065334539]]]}},{"type":"Feature","properties":{"jobs":19,"pop":32,"pointCount":2,"homeWorkCommuteMedian":21124,"workHomeCommuteMedian":24067},"geometry":{"type":"Polygon","coordinates":[[[136.4054578597016,36.062293856982635],[136.4054578597016,36.07128706061988],[136.41445106333884,36.07128706061988],[136.41445106333884,36.062293856982635],[136.4054578597016,36.062293856982635]]]}},{"type":"Feature","properties":{"jobs":55,"pop":272,"pointCount":7,"homeWorkCommuteMedian":9947,"workHomeCommuteMedian":9839},"geometry":{"type":"Polygon","coordinates":[[[136.4054578597016,36.07128706061988],[136.4054578597016,36.08028026425713],[136.41445106333884,36.08028026425713],[136.41445106333884,36.07128706061988],[136.4054578597016,36.07128706061988]]]}},{"type":"Feature","properties":{"jobs":15,"pop":190,"pointCount":7,"homeWorkCommuteMedian":8424,"workHomeCommuteMedian":21472},"geometry":{"type":"Polygon","coordinates":[[[136.4054578597016,36.08028026425713],[136.4054578597016,36.08927346789437],[136.41445106333884,36.08927346789437],[136.41445106333884,36.08028026425713],[136.4054578597016,36.08028026425713]]]}},{"type":"Feature","properties":{"jobs":27,"pop":28,"pointCount":3,"homeWorkCommuteMedian":23012,"workHomeCommuteMedian":31299},"geometry":{"type":"Polygon","coordinates":[[[136.41445106333884,35.95437541333568],[136.41445106333884,35.96336861697293],[136.42344426697608,35.96336861697293],[136.42344426697608,35.95437541333568],[136.41445106333884,35.95437541333568]]]}},{"type":"Feature","properties":{"jobs":10,"pop":16,"pointCount":2,"homeWorkCommuteMedian":6978,"workHomeCommuteMedian":9053},"geometry":{"type":"Polygon","coordinates":[[[136.41445106333884,35.99034822788467],[136.41445106333884,35.99934143152191],[136.42344426697608,35.99934143152191],[136.42344426697608,35.99034822788467],[136.41445106333884,35.99034822788467]]]}},{"type":"Feature","properties":{"jobs":45,"pop":0,"pointCount":1,"homeWorkCommuteMedian":-1,"workHomeCommuteMedian":2673},"geometry":{"type":"Polygon","coordinates":[[[136.41445106333884,35.99934143152191],[136.41445106333884,36.00833463515916],[136.42344426697608,36.00833463515916],[136.42344426697608,35.99934143152191],[136.41445106333884,35.99934143152191]]]}},{"type":"Feature","properties":{"jobs":0,"pop":6,"pointCount":1,"homeWorkCommuteMedian":25094,"workHomeCommuteMedian":-1},"geometry":{"type":"Polygon","coordinates":[[[136.41445106333884,36.02632104243365],[136.41445106333884,36.0353142460709],[136.42344426697608,36.0353142460709],[136.42344426697608,36.02632104243365],[136.41445106333884,36.02632104243365]]]}},{"type":"Feature","properties":{"jobs":0,"pop":38,"pointCount":1,"homeWorkCommuteMedian":3000,"workHomeCommuteMedian":-1},"geometry":{"type":"Polygon","coordinates":[[[136.41445106333884,36.05330065334539],[136.41445106333884,36.062293856982635],[136.42344426697608,36.062293856982635],[136.42344426697608,36.05330065334539],[136.41445106333884,36.05330065334539]]]}},{"type":"Feature","properties":{"jobs":55,"pop":75,"pointCount":5,"homeWorkCommuteMedian":10448,"workHomeCommuteMedian":18651},"geometry":{"type":"Polygon","coordinates":[[[136.41445106333884,36.062293856982635],[136.41445106333884,36.07128706061988],[136.42344426697608,36.07128706061988],[136.42344426697608,36.062293856982635],[136.41445106333884,36.062293856982635]]]}},{"type":"Feature","properties":{"jobs":18,"pop":112,"pointCount":5,"homeWorkCommuteMedian":24241,"workHomeCommuteMedian":12191},"geometry":{"type":"Polygon","coordinates":[[[136.41445106333884,36.07128706061988],[136.41445106333884,36.08028026425713],[136.42344426697608,36.08028026425713],[136.42344426697608,36.07128706061988],[136.41445106333884,36.07128706061988]]]}},{"type":"Feature","properties":{"jobs":46,"pop":268,"pointCount":7,"homeWorkCommuteMedian":8505,"workHomeCommuteMedian":21000},"geometry":{"type":"Polygon","coordinates":[[[136.41445106333884,36.08028026425713],[136.41445106333884,36.08927346789437],[136.42344426697608,36.08927346789437],[136.42344426697608,36.08028026425713],[136.41445106333884,36.08028026425713]]]}},{"type":"Feature","properties":{"jobs":19,"pop":23,"pointCount":2,"homeWorkCommuteMedian":30641,"workHomeCommuteMedian":27175},"geometry":{"type":"Polygon","coordinates":[[[136.42344426697608,35.96336861697293],[136.42344426697608,35.972361820610175],[136.4324374706133,35.972361820610175],[136.4324374706133,35.96336861697293],[136.42344426697608,35.96336861697293]]]}},{"type":"Feature","properties":{"jobs":0,"pop":22,"pointCount":1,"homeWorkCommuteMedian":8580,"workHomeCommuteMedian":-1},"geometry":{"type":"Polygon","coordinates":[[[136.42344426697608,35.98135502424742],[136.42344426697608,35.99034822788467],[136.4324374706133,35.99034822788467],[136.4324374706133,35.98135502424742],[136.42344426697608,35.98135502424742]]]}},{"type":"Feature","properties":{"jobs":20,"pop":23,"pointCount":3,"homeWorkCommuteMedian":26252,"workHomeCommuteMedian":3033},"geometry":{"type":"Polygon","coordinates":[[[136.42344426697608,35.99034822788467],[136.42344426697608,35.99934143152191],[136.4324374706133,35.99934143152191],[136.4324374706133,35.99034822788467],[136.42344426697608,35.99034822788467]]]}},{"type":"Feature","properties":{"jobs":27,"pop":19,"pointCount":2,"homeWorkCommuteMedian":21392,"workHomeCommuteMedian":24734},"geometry":{"type":"Polygon","coordinates":[[[136.42344426697608,35.99934143152191],[136.42344426697608,36.00833463515916],[136.4324374706133,36.00833463515916],[136.4324374706133,35.99934143152191],[136.42344426697608,35.99934143152191]]]}},{"type":"Feature","properties":{"jobs":0,"pop":2,"pointCount":1,"homeWorkCommuteMedian":23607,"workHomeCommuteMedian":-1},"geometry":{"type":"Polygon","coordinates":[[[136.42344426697608,36.02632104243365],[136.42344426697608,36.0353142460709],[136.4324374706133,36.0353142460709],[136.4324374706133,36.02632104243365],[136.42344426697608,36.02632104243365]]]}},{"type":"Feature","properties":{"jobs":140,"pop":225,"pointCount":6,"homeWorkCommuteMedian":8298,"workHomeCommuteMedian":3178},"geometry":{"type":"Polygon","coordinates":[[[136.42344426697608,36.08028026425713],[136.42344426697608,36.08927346789437],[136.4324374706133,36.08927346789437],[136.4324374706133,36.08028026425713],[136.42344426697608,36.08028026425713]]]}},{"type":"Feature","properties":{"jobs":0,"pop":20,"pointCount":1,"homeWorkCommuteMedian":8289,"workHomeCommuteMedian":-1},"geometry":{"type":"Polygon","coordinates":[[[136.42344426697608,36.08927346789437],[136.42344426697608,36.09826667153162],[136.4324374706133,36.09826667153162],[136.4324374706133,36.08927346789437],[136.42344426697608,36.08927346789437]]]}},{"type":"Feature","properties":{"jobs":2,"pop":37,"pointCount":2,"homeWorkCommuteMedian":14126,"workHomeCommuteMedian":19855},"geometry":{"type":"Polygon","coordinates":[[[136.4324374706133,35.94538220969844],[136.4324374706133,35.95437541333568],[136.44143067425054,35.95437541333568],[136.44143067425054,35.94538220969844],[136.4324374706133,35.94538220969844]]]}},{"type":"Feature","properties":{"jobs":4,"pop":0,"pointCount":1,"homeWorkCommuteMedian":-1,"workHomeCommuteMedian":19007},"geometry":{"type":"Polygon","coordinates":[[[136.4324374706133,35.95437541333568],[136.4324374706133,35.96336861697293],[136.44143067425054,35.96336861697293],[136.44143067425054,35.95437541333568],[136.4324374706133,35.95437541333568]]]}},{"type":"Feature","properties":{"jobs":0,"pop":6,"pointCount":1,"homeWorkCommuteMedian":24605,"workHomeCommuteMedian":-1},"geometry":{"type":"Polygon","coordinates":[[[136.4324374706133,35.98135502424742],[136.4324374706133,35.99034822788467],[136.44143067425054,35.99034822788467],[136.44143067425054,35.98135502424742],[136.4324374706133,35.98135502424742]]]}},{"type":"Feature","properties":{"jobs":0,"pop":77,"pointCount":3,"homeWorkCommuteMedian":21612,"workHomeCommuteMedian":-1},"geometry":{"type":"Polygon","coordinates":[[[136.4324374706133,35.99034822788467],[136.4324374706133,35.99934143152191],[136.44143067425054,35.99934143152191],[136.44143067425054,35.99034822788467],[136.4324374706133,35.99034822788467]]]}},{"type":"Feature","properties":{"jobs":0,"pop":12,"pointCount":1,"homeWorkCommuteMedian":23290,"workHomeCommuteMedian":-1},"geometry":{"type":"Polygon","coordinates":[[[136.4324374706133,35.99934143152191],[136.4324374706133,36.00833463515916],[136.44143067425054,36.00833463515916],[136.44143067425054,35.99934143152191],[136.4324374706133,35.99934143152191]]]}},{"type":"Feature","properties":{"jobs":0,"pop":65,"pointCount":4,"homeWorkCommuteMedian":9361,"workHomeCommuteMedian":-1},"geometry":{"type":"Polygon","coordinates":[[[136.4324374706133,36.07128706061988],[136.4324374706133,36.08028026425713],[136.44143067425054,36.08028026425713],[136.44143067425054,36.07128706061988],[136.4324374706133,36.07128706061988]]]}},{"type":"Feature","properties":{"jobs":17,"pop":108,"pointCount":5,"homeWorkCommuteMedian":17273,"workHomeCommuteMedian":377},"geometry":{"type":"Polygon","coordinates":[[[136.4324374706133,36.08028026425713],[136.4324374706133,36.08927346789437],[136.44143067425054,36.08927346789437],[136.44143067425054,36.08028026425713],[136.4324374706133,36.08028026425713]]]}},{"type":"Feature","properties":{"jobs":27,"pop":0,"pointCount":1,"homeWorkCommuteMedian":-1,"workHomeCommuteMedian":12420},"geometry":{"type":"Polygon","coordinates":[[[136.4324374706133,36.107259875168864],[136.4324374706133,36.11625307880611],[136.44143067425054,36.11625307880611],[136.44143067425054,36.107259875168864],[136.4324374706133,36.107259875168864]]]}},{"type":"Feature","properties":{"jobs":2,"pop":48,"pointCount":2,"homeWorkCommuteMedian":22280,"workHomeCommuteMedian":9510},"geometry":{"type":"Polygon","coordinates":[[[136.44143067425054,35.99034822788467],[136.44143067425054,35.99934143152191],[136.45042387788777,35.99934143152191],[136.45042387788777,35.99034822788467],[136.44143067425054,35.99034822788467]]]}},{"type":"Feature","properties":{"jobs":10,"pop":42,"pointCount":1,"homeWorkCommuteMedian":12219,"workHomeCommuteMedian":4123},"geometry":{"type":"Polygon","coordinates":[[[136.44143067425054,36.062293856982635],[136.44143067425054,36.07128706061988],[136.45042387788777,36.07128706061988],[136.45042387788777,36.062293856982635],[136.44143067425054,36.062293856982635]]]}},{"type":"Feature","properties":{"jobs":44,"pop":155,"pointCount":7,"homeWorkCommuteMedian":15977,"workHomeCommuteMedian":6455},"geometry":{"type":"Polygon","coordinates":[[[136.44143067425054,36.08028026425713],[136.44143067425054,36.08927346789437],[136.45042387788777,36.08927346789437],[136.45042387788777,36.08028026425713],[136.44143067425054,36.08028026425713]]]}},{"type":"Feature","properties":{"jobs":0,"pop":17,"pointCount":1,"homeWorkCommuteMedian":4155,"workHomeCommuteMedian":-1},"geometry":{"type":"Polygon","coordinates":[[[136.45042387788777,35.98135502424742],[136.45042387788777,35.99034822788467],[136.459417081525,35.99034822788467],[136.459417081525,35.98135502424742],[136.45042387788777,35.98135502424742]]]}},{"type":"Feature","properties":{"jobs":2,"pop":30,"pointCount":2,"homeWorkCommuteMedian":4041,"workHomeCommuteMedian":25047},"geometry":{"type":"Polygon","coordinates":[[[136.45042387788777,35.99034822788467],[136.45042387788777,35.99934143152191],[136.459417081525,35.99934143152191],[136.459417081525,35.99034822788467],[136.45042387788777,35.99034822788467]]]}},{"type":"Feature","properties":{"jobs":23,"pop":78,"pointCount":4,"homeWorkCommuteMedian":5208,"workHomeCommuteMedian":6776},"geometry":{"type":"Polygon","coordinates":[[[136.45042387788777,36.04430744970814],[136.45042387788777,36.05330065334539],[136.459417081525,36.05330065334539],[136.459417081525,36.04430744970814],[136.45042387788777,36.04430744970814]]]}},{"type":"Feature","properties":{"jobs":26,"pop":18,"pointCount":2,"homeWorkCommuteMedian":40370,"workHomeCommuteMedian":7580},"geometry":{"type":"Polygon","coordinates":[[[136.45042387788777,36.05330065334539],[136.45042387788777,36.062293856982635],[136.459417081525,36.062293856982635],[136.459417081525,36.05330065334539],[136.45042387788777,36.05330065334539]]]}},{"type":"Feature","properties":{"jobs":146,"pop":107,"pointCount":8,"homeWorkCommuteMedian":6906,"workHomeCommuteMedian":3981},"geometry":{"type":"Polygon","coordinates":[[[136.45042387788777,36.062293856982635],[136.45042387788777,36.07128706061988],[136.459417081525,36.07128706061988],[136.459417081525,36.062293856982635],[136.45042387788777,36.062293856982635]]]}},{"type":"Feature","properties":{"jobs":5,"pop":62,"pointCount":3,"homeWorkCommuteMedian":2991,"workHomeCommuteMedian":5028},"geometry":{"type":"Polygon","coordinates":[[[136.45042387788777,36.07128706061988],[136.45042387788777,36.08028026425713],[136.459417081525,36.08028026425713],[136.459417081525,36.07128706061988],[136.45042387788777,36.07128706061988]]]}},{"type":"Feature","properties":{"jobs":6,"pop":52,"pointCount":3,"homeWorkCommuteMedian":3842,"workHomeCommuteMedian":3336},"geometry":{"type":"Polygon","coordinates":[[[136.45042387788777,36.08028026425713],[136.45042387788777,36.08927346789437],[136.459417081525,36.08927346789437],[136.459417081525,36.08028026425713],[136.45042387788777,36.08028026425713]]]}},{"type":"Feature","properties":{"jobs":0,"pop":46,"pointCount":1,"homeWorkCommuteMedian":3654,"workHomeCommuteMedian":-1},"geometry":{"type":"Polygon","coordinates":[[[136.459417081525,35.972361820610175],[136.459417081525,35.98135502424742],[136.46841028516224,35.98135502424742],[136.46841028516224,35.972361820610175],[136.459417081525,35.972361820610175]]]}},{"type":"Feature","properties":{"jobs":32,"pop":43,"pointCount":4,"homeWorkCommuteMedian":3943,"workHomeCommuteMedian":26624},"geometry":{"type":"Polygon","coordinates":[[[136.459417081525,35.98135502424742],[136.459417081525,35.99034822788467],[136.46841028516224,35.99034822788467],[136.46841028516224,35.98135502424742],[136.459417081525,35.98135502424742]]]}},{"type":"Feature","properties":{"jobs":102,"pop":53,"pointCount":5,"homeWorkCommuteMedian":5497,"workHomeCommuteMedian":3622},"geometry":{"type":"Polygon","coordinates":[[[136.459417081525,35.99034822788467],[136.459417081525,35.99934143152191],[136.46841028516224,35.99934143152191],[136.46841028516224,35.99034822788467],[136.459417081525,35.99034822788467]]]}},{"type":"Feature","properties":{"jobs":61,"pop":230,"pointCount":7,"homeWorkCommuteMedian":5112,"workHomeCommuteMedian":26564},"geometry":{"type":"Polygon","coordinates":[[[136.459417081525,35.99934143152191],[136.459417081525,36.00833463515916],[136.46841028516224,36.00833463515916],[136.46841028516224,35.99934143152191],[136.459417081525,35.99934143152191]]]}},{"type":"Feature","properties":{"jobs":9,"pop":90,"pointCount":3,"homeWorkCommuteMedian":10058,"workHomeCommuteMedian":8364},"geometry":{"type":"Polygon","coordinates":[[[136.459417081525,36.0353142460709],[136.459417081525,36.04430744970814],[136.46841028516224,36.04430744970814],[136.46841028516224,36.0353142460709],[136.459417081525,36.0353142460709]]]}},{"type":"Feature","properties":{"jobs":54,"pop":201,"pointCount":6,"homeWorkCommuteMedian":4435,"workHomeCommuteMedian":995},"geometry":{"type":"Polygon","coordinates":[[[136.459417081525,36.04430744970814],[136.459417081525,36.05330065334539],[136.46841028516224,36.05330065334539],[136.46841028516224,36.04430744970814],[136.459417081525,36.04430744970814]]]}},{"type":"Feature","properties":{"jobs":113,"pop":38,"pointCount":4,"homeWorkCommuteMedian":5510,"workHomeCommuteMedian":2064},"geometry":{"type":"Polygon","coordinates":[[[136.459417081525,36.05330065334539],[136.459417081525,36.062293856982635],[136.46841028516224,36.062293856982635],[136.46841028516224,36.05330065334539],[136.459417081525,36.05330065334539]]]}},{"type":"Feature","properties":{"jobs":56,"pop":239,"pointCount":9,"homeWorkCommuteMedian":13491,"workHomeCommuteMedian":5289},"geometry":{"type":"Polygon","coordinates":[[[136.459417081525,36.062293856982635],[136.459417081525,36.07128706061988],[136.46841028516224,36.07128706061988],[136.46841028516224,36.062293856982635],[136.459417081525,36.062293856982635]]]}},{"type":"Feature","properties":{"jobs":242,"pop":145,"pointCount":8,"homeWorkCommuteMedian":13746,"workHomeCommuteMedian":3326},"geometry":{"type":"Polygon","coordinates":[[[136.459417081525,36.07128706061988],[136.459417081525,36.08028026425713],[136.46841028516224,36.08028026425713],[136.46841028516224,36.07128706061988],[136.459417081525,36.07128706061988]]]}},{"type":"Feature","properties":{"jobs":43,"pop":195,"pointCount":7,"homeWorkCommuteMedian":1708,"workHomeCommuteMedian":1208},"geometry":{"type":"Polygon","coordinates":[[[136.459417081525,36.08028026425713],[136.459417081525,36.08927346789437],[136.46841028516224,36.08927346789437],[136.46841028516224,36.08028026425713],[136.459417081525,36.08028026425713]]]}},{"type":"Feature","properties":{"jobs":4,"pop":73,"pointCount":3,"homeWorkCommuteMedian":9229,"workHomeCommuteMedian":15895},"geometry":{"type":"Polygon","coordinates":[[[136.46841028516224,35.96336861697293],[136.46841028516224,35.972361820610175],[136.47740348879947,35.972361820610175],[136.47740348879947,35.96336861697293],[136.46841028516224,35.96336861697293]]]}},{"type":"Feature","properties":{"jobs":25,"pop":40,"pointCount":1,"homeWorkCommuteMedian":13931,"workHomeCommuteMedian":32825},"geometry":{"type":"Polygon","coordinates":[[[136.46841028516224,35.972361820610175],[136.46841028516224,35.98135502424742],[136.47740348879947,35.98135502424742],[136.47740348879947,35.972361820610175],[136.46841028516224,35.972361820610175]]]}},{"type":"Feature","properties":{"jobs":0,"pop":13,"pointCount":1,"homeWorkCommuteMedian":4107,"workHomeCommuteMedian":-1},"geometry":{"type":"Polygon","coordinates":[[[136.46841028516224,35.98135502424742],[136.46841028516224,35.99034822788467],[136.47740348879947,35.99034822788467],[136.47740348879947,35.98135502424742],[136.46841028516224,35.98135502424742]]]}},{"type":"Feature","properties":{"jobs":481,"pop":38,"pointCount":4,"homeWorkCommuteMedian":36736,"workHomeCommuteMedian":3728},"geometry":{"type":"Polygon","coordinates":[[[136.46841028516224,35.99034822788467],[136.46841028516224,35.99934143152191],[136.47740348879947,35.99934143152191],[136.47740348879947,35.99034822788467],[136.46841028516224,35.99034822788467]]]}},{"type":"Feature","properties":{"jobs":0,"pop":12,"pointCount":1,"homeWorkCommuteMedian":2509,"workHomeCommuteMedian":-1},"geometry":{"type":"Polygon","coordinates":[[[136.46841028516224,35.99934143152191],[136.46841028516224,36.00833463515916],[136.47740348879947,36.00833463515916],[136.47740348879947,35.99934143152191],[136.46841028516224,35.99934143152191]]]}},{"type":"Feature","properties":{"jobs":11,"pop":32,"pointCount":2,"homeWorkCommuteMedian":4688,"workHomeCommuteMedian":15293},"geometry":{"type":"Polygon","coordinates":[[[136.46841028516224,36.04430744970814],[136.46841028516224,36.05330065334539],[136.47740348879947,36.05330065334539],[136.47740348879947,36.04430744970814],[136.46841028516224,36.04430744970814]]]}},{"type":"Feature","properties":{"jobs":12,"pop":26,"pointCount":3,"homeWorkCommuteMedian":6054,"workHomeCommuteMedian":19942},"geometry":{"type":"Polygon","coordinates":[[[136.46841028516224,36.05330065334539],[136.46841028516224,36.062293856982635],[136.47740348879947,36.062293856982635],[136.47740348879947,36.05330065334539],[136.46841028516224,36.05330065334539]]]}},{"type":"Feature","properties":{"jobs":148,"pop":126,"pointCount":9,"homeWorkCommuteMedian":8810,"workHomeCommuteMedian":6703},"geometry":{"type":"Polygon","coordinates":[[[136.46841028516224,36.07128706061988],[136.46841028516224,36.08028026425713],[136.47740348879947,36.08028026425713],[136.47740348879947,36.07128706061988],[136.46841028516224,36.07128706061988]]]}},{"type":"Feature","properties":{"jobs":139,"pop":81,"pointCount":6,"homeWorkCommuteMedian":7806,"workHomeCommuteMedian":1265},"geometry":{"type":"Polygon","coordinates":[[[136.46841028516224,36.08028026425713],[136.46841028516224,36.08927346789437],[136.47740348879947,36.08927346789437],[136.47740348879947,36.08028026425713],[136.46841028516224,36.08028026425713]]]}},{"type":"Feature","properties":{"jobs":0,"pop":106,"pointCount":4,"homeWorkCommuteMedian":6736,"workHomeCommuteMedian":-1},"geometry":{"type":"Polygon","coordinates":[[[136.46841028516224,36.08927346789437],[136.46841028516224,36.09826667153162],[136.47740348879947,36.09826667153162],[136.47740348879947,36.08927346789437],[136.46841028516224,36.08927346789437]]]}},{"type":"Feature","properties":{"jobs":6,"pop":61,"pointCount":4,"homeWorkCommuteMedian":4995,"workHomeCommuteMedian":15340},"geometry":{"type":"Polygon","coordinates":[[[136.46841028516224,36.09826667153162],[136.46841028516224,36.107259875168864],[136.47740348879947,36.107259875168864],[136.47740348879947,36.09826667153162],[136.46841028516224,36.09826667153162]]]}},{"type":"Feature","properties":{"jobs":0,"pop":6,"pointCount":1,"homeWorkCommuteMedian":7966,"workHomeCommuteMedian":-1},"geometry":{"type":"Polygon","coordinates":[[[136.46841028516224,36.107259875168864],[136.46841028516224,36.11625307880611],[136.47740348879947,36.11625307880611],[136.47740348879947,36.107259875168864],[136.46841028516224,36.107259875168864]]]}},{"type":"Feature","properties":{"jobs":36,"pop":30,"pointCount":1,"homeWorkCommuteMedian":5376,"workHomeCommuteMedian":6641},"geometry":{"type":"Polygon","coordinates":[[[136.47740348879947,35.93638900606119],[136.47740348879947,35.94538220969844],[136.4863966924367,35.94538220969844],[136.4863966924367,35.93638900606119],[136.47740348879947,35.93638900606119]]]}},{"type":"Feature","properties":{"jobs":63,"pop":58,"pointCount":6,"homeWorkCommuteMedian":7232,"workHomeCommuteMedian":42205},"geometry":{"type":"Polygon","coordinates":[[[136.47740348879947,35.94538220969844],[136.47740348879947,35.95437541333568],[136.4863966924367,35.95437541333568],[136.4863966924367,35.94538220969844],[136.47740348879947,35.94538220969844]]]}},{"type":"Feature","properties":{"jobs":30,"pop":20,"pointCount":2,"homeWorkCommuteMedian":2389,"workHomeCommuteMedian":3621},"geometry":{"type":"Polygon","coordinates":[[[136.47740348879947,35.95437541333568],[136.47740348879947,35.96336861697293],[136.4863966924367,35.96336861697293],[136.4863966924367,35.95437541333568],[136.47740348879947,35.95437541333568]]]}},{"type":"Feature","properties":{"jobs":0,"pop":204,"pointCount":3,"homeWorkCommuteMedian":4208,"workHomeCommuteMedian":-1},"geometry":{"type":"Polygon","coordinates":[[[136.47740348879947,35.96336861697293],[136.47740348879947,35.972361820610175],[136.4863966924367,35.972361820610175],[136.4863966924367,35.96336861697293],[136.47740348879947,35.96336861697293]]]}},{"type":"Feature","properties":{"jobs":1005,"pop":306,"pointCount":13,"homeWorkCommuteMedian":2286,"workHomeCommuteMedian":2922},"geometry":{"type":"Polygon","coordinates":[[[136.47740348879947,35.972361820610175],[136.47740348879947,35.98135502424742],[136.4863966924367,35.98135502424742],[136.4863966924367,35.972361820610175],[136.47740348879947,35.972361820610175]]]}},{"type":"Feature","properties":{"jobs":344,"pop":781,"pointCount":13,"homeWorkCommuteMedian":2252,"workHomeCommuteMedian":2390},"geometry":{"type":"Polygon","coordinates":[[[136.47740348879947,35.98135502424742],[136.47740348879947,35.99034822788467],[136.4863966924367,35.99034822788467],[136.4863966924367,35.98135502424742],[136.47740348879947,35.98135502424742]]]}},{"type":"Feature","properties":{"jobs":407,"pop":505,"pointCount":7,"homeWorkCommuteMedian":3982,"workHomeCommuteMedian":6904},"geometry":{"type":"Polygon","coordinates":[[[136.47740348879947,35.99034822788467],[136.47740348879947,35.99934143152191],[136.4863966924367,35.99934143152191],[136.4863966924367,35.99034822788467],[136.47740348879947,35.99034822788467]]]}},{"type":"Feature","properties":{"jobs":20,"pop":80,"pointCount":5,"homeWorkCommuteMedian":4100,"workHomeCommuteMedian":3406},"geometry":{"type":"Polygon","coordinates":[[[136.47740348879947,35.99934143152191],[136.47740348879947,36.00833463515916],[136.4863966924367,36.00833463515916],[136.4863966924367,35.99934143152191],[136.47740348879947,35.99934143152191]]]}},{"type":"Feature","properties":{"jobs":3,"pop":27,"pointCount":2,"homeWorkCommuteMedian":1670,"workHomeCommuteMedian":4373},"geometry":{"type":"Polygon","coordinates":[[[136.47740348879947,36.00833463515916],[136.47740348879947,36.017327838796405],[136.4863966924367,36.017327838796405],[136.4863966924367,36.00833463515916],[136.47740348879947,36.00833463515916]]]}},{"type":"Feature","properties":{"jobs":0,"pop":18,"pointCount":1,"homeWorkCommuteMedian":3416,"workHomeCommuteMedian":-1},"geometry":{"type":"Polygon","coordinates":[[[136.47740348879947,36.02632104243365],[136.47740348879947,36.0353142460709],[136.4863966924367,36.0353142460709],[136.4863966924367,36.02632104243365],[136.47740348879947,36.02632104243365]]]}},{"type":"Feature","properties":{"jobs":0,"pop":30,"pointCount":2,"homeWorkCommuteMedian":5374,"workHomeCommuteMedian":-1},"geometry":{"type":"Polygon","coordinates":[[[136.47740348879947,36.0353142460709],[136.47740348879947,36.04430744970814],[136.4863966924367,36.04430744970814],[136.4863966924367,36.0353142460709],[136.47740348879947,36.0353142460709]]]}},{"type":"Feature","properties":{"jobs":27,"pop":30,"pointCount":2,"homeWorkCommuteMedian":2627,"workHomeCommuteMedian":4852},"geometry":{"type":"Polygon","coordinates":[[[136.47740348879947,36.062293856982635],[136.47740348879947,36.07128706061988],[136.4863966924367,36.07128706061988],[136.4863966924367,36.062293856982635],[136.47740348879947,36.062293856982635]]]}},{"type":"Feature","properties":{"jobs":391,"pop":225,"pointCount":11,"homeWorkCommuteMedian":18681,"workHomeCommuteMedian":3993},"geometry":{"type":"Polygon","coordinates":[[[136.47740348879947,36.07128706061988],[136.47740348879947,36.08028026425713],[136.4863966924367,36.08028026425713],[136.4863966924367,36.07128706061988],[136.47740348879947,36.07128706061988]]]}},{"type":"Feature","properties":{"jobs":21,"pop":168,"pointCount":4,"homeWorkCommuteMedian":13059,"workHomeCommuteMedian":9680},"geometry":{"type":"Polygon","coordinates":[[[136.47740348879947,36.08028026425713],[136.47740348879947,36.08927346789437],[136.4863966924367,36.08927346789437],[136.4863966924367,36.08028026425713],[136.47740348879947,36.08028026425713]]]}},{"type":"Feature","properties":{"jobs":0,"pop":23,"pointCount":1,"homeWorkCommuteMedian":25409,"workHomeCommuteMedian":-1},"geometry":{"type":"Polygon","coordinates":[[[136.47740348879947,36.08927346789437],[136.47740348879947,36.09826667153162],[136.4863966924367,36.09826667153162],[136.4863966924367,36.08927346789437],[136.47740348879947,36.08927346789437]]]}},{"type":"Feature","properties":{"jobs":0,"pop":70,"pointCount":2,"homeWorkCommuteMedian":7483,"workHomeCommuteMedian":-1},"geometry":{"type":"Polygon","coordinates":[[[136.4863966924367,35.927395802423945],[136.4863966924367,35.93638900606119],[136.49538989607393,35.93638900606119],[136.49538989607393,35.927395802423945],[136.4863966924367,35.927395802423945]]]}},{"type":"Feature","properties":{"jobs":0,"pop":71,"pointCount":5,"homeWorkCommuteMedian":6171,"workHomeCommuteMedian":-1},"geometry":{"type":"Polygon","coordinates":[[[136.4863966924367,35.93638900606119],[136.4863966924367,35.94538220969844],[136.49538989607393,35.94538220969844],[136.49538989607393,35.93638900606119],[136.4863966924367,35.93638900606119]]]}},{"type":"Feature","properties":{"jobs":0,"pop":98,"pointCount":2,"homeWorkCommuteMedian":4340,"workHomeCommuteMedian":-1},"geometry":{"type":"Polygon","coordinates":[[[136.4863966924367,35.94538220969844],[136.4863966924367,35.95437541333568],[136.49538989607393,35.95437541333568],[136.49538989607393,35.94538220969844],[136.4863966924367,35.94538220969844]]]}},{"type":"Feature","properties":{"jobs":115,"pop":120,"pointCount":9,"homeWorkCommuteMedian":4593,"workHomeCommuteMedian":1686},"geometry":{"type":"Polygon","coordinates":[[[136.4863966924367,35.95437541333568],[136.4863966924367,35.96336861697293],[136.49538989607393,35.96336861697293],[136.49538989607393,35.95437541333568],[136.4863966924367,35.95437541333568]]]}},{"type":"Feature","properties":{"jobs":201,"pop":689,"pointCount":17,"homeWorkCommuteMedian":3784,"workHomeCommuteMedian":3982},"geometry":{"type":"Polygon","coordinates":[[[136.4863966924367,35.96336861697293],[136.4863966924367,35.972361820610175],[136.49538989607393,35.972361820610175],[136.49538989607393,35.96336861697293],[136.4863966924367,35.96336861697293]]]}},{"type":"Feature","properties":{"jobs":1550,"pop":1532,"pointCount":18,"homeWorkCommuteMedian":3112,"workHomeCommuteMedian":2584},"geometry":{"type":"Polygon","coordinates":[[[136.4863966924367,35.972361820610175],[136.4863966924367,35.98135502424742],[136.49538989607393,35.98135502424742],[136.49538989607393,35.972361820610175],[136.4863966924367,35.972361820610175]]]}},{"type":"Feature","properties":{"jobs":2108,"pop":1805,"pointCount":22,"homeWorkCommuteMedian":2216,"workHomeCommuteMedian":2835},"geometry":{"type":"Polygon","coordinates":[[[136.4863966924367,35.98135502424742],[136.4863966924367,35.99034822788467],[136.49538989607393,35.99034822788467],[136.49538989607393,35.98135502424742],[136.4863966924367,35.98135502424742]]]}},{"type":"Feature","properties":{"jobs":1034,"pop":832,"pointCount":17,"homeWorkCommuteMedian":3984,"workHomeCommuteMedian":2442},"geometry":{"type":"Polygon","coordinates":[[[136.4863966924367,35.99034822788467],[136.4863966924367,35.99934143152191],[136.49538989607393,35.99934143152191],[136.49538989607393,35.99034822788467],[136.4863966924367,35.99034822788467]]]}},{"type":"Feature","properties":{"jobs":80,"pop":365,"pointCount":9,"homeWorkCommuteMedian":1979,"workHomeCommuteMedian":2304},"geometry":{"type":"Polygon","coordinates":[[[136.4863966924367,35.99934143152191],[136.4863966924367,36.00833463515916],[136.49538989607393,36.00833463515916],[136.49538989607393,35.99934143152191],[136.4863966924367,35.99934143152191]]]}},{"type":"Feature","properties":{"jobs":6,"pop":91,"pointCount":3,"homeWorkCommuteMedian":3837,"workHomeCommuteMedian":1266},"geometry":{"type":"Polygon","coordinates":[[[136.4863966924367,36.00833463515916],[136.4863966924367,36.017327838796405],[136.49538989607393,36.017327838796405],[136.49538989607393,36.00833463515916],[136.4863966924367,36.00833463515916]]]}},{"type":"Feature","properties":{"jobs":0,"pop":70,"pointCount":3,"homeWorkCommuteMedian":3280,"workHomeCommuteMedian":-1},"geometry":{"type":"Polygon","coordinates":[[[136.4863966924367,36.017327838796405],[136.4863966924367,36.02632104243365],[136.49538989607393,36.02632104243365],[136.49538989607393,36.017327838796405],[136.4863966924367,36.017327838796405]]]}},{"type":"Feature","properties":{"jobs":14,"pop":37,"pointCount":3,"homeWorkCommuteMedian":3317,"workHomeCommuteMedian":11070},"geometry":{"type":"Polygon","coordinates":[[[136.4863966924367,36.02632104243365],[136.4863966924367,36.0353142460709],[136.49538989607393,36.0353142460709],[136.49538989607393,36.02632104243365],[136.4863966924367,36.02632104243365]]]}},{"type":"Feature","properties":{"jobs":90,"pop":64,"pointCount":6,"homeWorkCommuteMedian":4852,"workHomeCommuteMedian":1009},"geometry":{"type":"Polygon","coordinates":[[[136.4863966924367,36.0353142460709],[136.4863966924367,36.04430744970814],[136.49538989607393,36.04430744970814],[136.49538989607393,36.0353142460709],[136.4863966924367,36.0353142460709]]]}},{"type":"Feature","properties":{"jobs":19,"pop":92,"pointCount":3,"homeWorkCommuteMedian":4418,"workHomeCommuteMedian":29330},"geometry":{"type":"Polygon","coordinates":[[[136.4863966924367,36.04430744970814],[136.4863966924367,36.05330065334539],[136.49538989607393,36.05330065334539],[136.49538989607393,36.04430744970814],[136.4863966924367,36.04430744970814]]]}},{"type":"Feature","properties":{"jobs":67,"pop":24,"pointCount":3,"homeWorkCommuteMedian":6501,"workHomeCommuteMedian":6934},"geometry":{"type":"Polygon","coordinates":[[[136.4863966924367,36.05330065334539],[136.4863966924367,36.062293856982635],[136.49538989607393,36.062293856982635],[136.49538989607393,36.05330065334539],[136.4863966924367,36.05330065334539]]]}},{"type":"Feature","properties":{"jobs":396,"pop":288,"pointCount":9,"homeWorkCommuteMedian":3326,"workHomeCommuteMedian":3120},"geometry":{"type":"Polygon","coordinates":[[[136.4863966924367,36.062293856982635],[136.4863966924367,36.07128706061988],[136.49538989607393,36.07128706061988],[136.49538989607393,36.062293856982635],[136.4863966924367,36.062293856982635]]]}},{"type":"Feature","properties":{"jobs":362,"pop":625,"pointCount":11,"homeWorkCommuteMedian":3227,"workHomeCommuteMedian":4678},"geometry":{"type":"Polygon","coordinates":[[[136.4863966924367,36.07128706061988],[136.4863966924367,36.08028026425713],[136.49538989607393,36.08028026425713],[136.49538989607393,36.07128706061988],[136.4863966924367,36.07128706061988]]]}},{"type":"Feature","properties":{"jobs":19,"pop":55,"pointCount":3,"homeWorkCommuteMedian":13772,"workHomeCommuteMedian":35910},"geometry":{"type":"Polygon","coordinates":[[[136.4863966924367,36.08028026425713],[136.4863966924367,36.08927346789437],[136.49538989607393,36.08927346789437],[136.49538989607393,36.08028026425713],[136.4863966924367,36.08028026425713]]]}},{"type":"Feature","properties":{"jobs":107,"pop":152,"pointCount":6,"homeWorkCommuteMedian":5697,"workHomeCommuteMedian":2879},"geometry":{"type":"Polygon","coordinates":[[[136.4863966924367,36.08927346789437],[136.4863966924367,36.09826667153162],[136.49538989607393,36.09826667153162],[136.49538989607393,36.08927346789437],[136.4863966924367,36.08927346789437]]]}},{"type":"Feature","properties":{"jobs":0,"pop":43,"pointCount":2,"homeWorkCommuteMedian":6270,"workHomeCommuteMedian":-1},"geometry":{"type":"Polygon","coordinates":[[[136.4863966924367,36.09826667153162],[136.4863966924367,36.107259875168864],[136.49538989607393,36.107259875168864],[136.49538989607393,36.09826667153162],[136.4863966924367,36.09826667153162]]]}},{"type":"Feature","properties":{"jobs":16,"pop":17,"pointCount":2,"homeWorkCommuteMedian":4537,"workHomeCommuteMedian":5323},"geometry":{"type":"Polygon","coordinates":[[[136.49538989607393,35.94538220969844],[136.49538989607393,35.95437541333568],[136.50438309971116,35.95437541333568],[136.50438309971116,35.94538220969844],[136.49538989607393,35.94538220969844]]]}},{"type":"Feature","properties":{"jobs":64,"pop":238,"pointCount":8,"homeWorkCommuteMedian":2762,"workHomeCommuteMedian":3985},"geometry":{"type":"Polygon","coordinates":[[[136.49538989607393,35.95437541333568],[136.49538989607393,35.96336861697293],[136.50438309971116,35.96336861697293],[136.50438309971116,35.95437541333568],[136.49538989607393,35.95437541333568]]]}},{"type":"Feature","properties":{"jobs":211,"pop":470,"pointCount":16,"homeWorkCommuteMedian":4217,"workHomeCommuteMedian":6187},"geometry":{"type":"Polygon","coordinates":[[[136.49538989607393,35.96336861697293],[136.49538989607393,35.972361820610175],[136.50438309971116,35.972361820610175],[136.50438309971116,35.96336861697293],[136.49538989607393,35.96336861697293]]]}},{"type":"Feature","properties":{"jobs":1048,"pop":1788,"pointCount":19,"homeWorkCommuteMedian":2866,"workHomeCommuteMedian":4207},"geometry":{"type":"Polygon","coordinates":[[[136.49538989607393,35.972361820610175],[136.49538989607393,35.98135502424742],[136.50438309971116,35.98135502424742],[136.50438309971116,35.972361820610175],[136.49538989607393,35.972361820610175]]]}},{"type":"Feature","properties":{"jobs":1040,"pop":1988,"pointCount":18,"homeWorkCommuteMedian":2302,"workHomeCommuteMedian":3943},"geometry":{"type":"Polygon","coordinates":[[[136.49538989607393,35.98135502424742],[136.49538989607393,35.99034822788467],[136.50438309971116,35.99034822788467],[136.50438309971116,35.98135502424742],[136.49538989607393,35.98135502424742]]]}},{"type":"Feature","properties":{"jobs":1130,"pop":1039,"pointCount":17,"homeWorkCommuteMedian":3271,"workHomeCommuteMedian":2580},"geometry":{"type":"Polygon","coordinates":[[[136.49538989607393,35.99034822788467],[136.49538989607393,35.99934143152191],[136.50438309971116,35.99934143152191],[136.50438309971116,35.99034822788467],[136.49538989607393,35.99034822788467]]]}},{"type":"Feature","properties":{"jobs":249,"pop":173,"pointCount":9,"homeWorkCommuteMedian":3927,"workHomeCommuteMedian":3112},"geometry":{"type":"Polygon","coordinates":[[[136.49538989607393,35.99934143152191],[136.49538989607393,36.00833463515916],[136.50438309971116,36.00833463515916],[136.50438309971116,35.99934143152191],[136.49538989607393,35.99934143152191]]]}},{"type":"Feature","properties":{"jobs":11,"pop":95,"pointCount":4,"homeWorkCommuteMedian":4868,"workHomeCommuteMedian":12219},"geometry":{"type":"Polygon","coordinates":[[[136.49538989607393,36.00833463515916],[136.49538989607393,36.017327838796405],[136.50438309971116,36.017327838796405],[136.50438309971116,36.00833463515916],[136.49538989607393,36.00833463515916]]]}},{"type":"Feature","properties":{"jobs":6,"pop":67,"pointCount":3,"homeWorkCommuteMedian":10865,"workHomeCommuteMedian":4435},"geometry":{"type":"Polygon","coordinates":[[[136.49538989607393,36.0353142460709],[136.49538989607393,36.04430744970814],[136.50438309971116,36.04430744970814],[136.50438309971116,36.0353142460709],[136.49538989607393,36.0353142460709]]]}},{"type":"Feature","properties":{"jobs":160,"pop":79,"pointCount":7,"homeWorkCommuteMedian":31303,"workHomeCommuteMedian":5697},"geometry":{"type":"Polygon","coordinates":[[[136.49538989607393,36.04430744970814],[136.49538989607393,36.05330065334539],[136.50438309971116,36.05330065334539],[136.50438309971116,36.04430744970814],[136.49538989607393,36.04430744970814]]]}},{"type":"Feature","properties":{"jobs":1276,"pop":1779,"pointCount":19,"homeWorkCommuteMedian":2989,"workHomeCommuteMedian":3921},"geometry":{"type":"Polygon","coordinates":[[[136.49538989607393,36.05330065334539],[136.49538989607393,36.062293856982635],[136.50438309971116,36.062293856982635],[136.50438309971116,36.05330065334539],[136.49538989607393,36.05330065334539]]]}},{"type":"Feature","properties":{"jobs":1126,"pop":1698,"pointCount":20,"homeWorkCommuteMedian":5558,"workHomeCommuteMedian":2919},"geometry":{"type":"Polygon","coordinates":[[[136.49538989607393,36.062293856982635],[136.49538989607393,36.07128706061988],[136.50438309971116,36.07128706061988],[136.50438309971116,36.062293856982635],[136.49538989607393,36.062293856982635]]]}},{"type":"Feature","properties":{"jobs":437,"pop":662,"pointCount":11,"homeWorkCommuteMedian":11198,"workHomeCommuteMedian":2753},"geometry":{"type":"Polygon","coordinates":[[[136.49538989607393,36.07128706061988],[136.49538989607393,36.08028026425713],[136.50438309971116,36.08028026425713],[136.50438309971116,36.07128706061988],[136.49538989607393,36.07128706061988]]]}},{"type":"Feature","properties":{"jobs":14,"pop":67,"pointCount":2,"homeWorkCommuteMedian":7559,"workHomeCommuteMedian":31040},"geometry":{"type":"Polygon","coordinates":[[[136.49538989607393,36.08028026425713],[136.49538989607393,36.08927346789437],[136.50438309971116,36.08927346789437],[136.50438309971116,36.08028026425713],[136.49538989607393,36.08028026425713]]]}},{"type":"Feature","properties":{"jobs":428,"pop":21,"pointCount":5,"homeWorkCommuteMedian":6141,"workHomeCommuteMedian":16354},"geometry":{"type":"Polygon","coordinates":[[[136.49538989607393,36.08927346789437],[136.49538989607393,36.09826667153162],[136.50438309971116,36.09826667153162],[136.50438309971116,36.08927346789437],[136.49538989607393,36.08927346789437]]]}},{"type":"Feature","properties":{"jobs":0,"pop":16,"pointCount":1,"homeWorkCommuteMedian":3981,"workHomeCommuteMedian":-1},"geometry":{"type":"Polygon","coordinates":[[[136.49538989607393,36.09826667153162],[136.49538989607393,36.107259875168864],[136.50438309971116,36.107259875168864],[136.50438309971116,36.09826667153162],[136.49538989607393,36.09826667153162]]]}},{"type":"Feature","properties":{"jobs":0,"pop":4,"pointCount":1,"homeWorkCommuteMedian":1360,"workHomeCommuteMedian":-1},"geometry":{"type":"Polygon","coordinates":[[[136.49538989607393,36.107259875168864],[136.49538989607393,36.11625307880611],[136.50438309971116,36.11625307880611],[136.50438309971116,36.107259875168864],[136.49538989607393,36.107259875168864]]]}},{"type":"Feature","properties":{"jobs":3,"pop":124,"pointCount":5,"homeWorkCommuteMedian":48991,"workHomeCommuteMedian":680},"geometry":{"type":"Polygon","coordinates":[[[136.50438309971116,35.927395802423945],[136.50438309971116,35.93638900606119],[136.5133763033484,35.93638900606119],[136.5133763033484,35.927395802423945],[136.50438309971116,35.927395802423945]]]}},{"type":"Feature","properties":{"jobs":0,"pop":133,"pointCount":6,"homeWorkCommuteMedian":1974,"workHomeCommuteMedian":-1},"geometry":{"type":"Polygon","coordinates":[[[136.50438309971116,35.93638900606119],[136.50438309971116,35.94538220969844],[136.5133763033484,35.94538220969844],[136.5133763033484,35.93638900606119],[136.50438309971116,35.93638900606119]]]}},{"type":"Feature","properties":{"jobs":5,"pop":49,"pointCount":4,"homeWorkCommuteMedian":5272,"workHomeCommuteMedian":32370},"geometry":{"type":"Polygon","coordinates":[[[136.50438309971116,35.94538220969844],[136.50438309971116,35.95437541333568],[136.5133763033484,35.95437541333568],[136.5133763033484,35.94538220969844],[136.50438309971116,35.94538220969844]]]}},{"type":"Feature","properties":{"jobs":207,"pop":115,"pointCount":7,"homeWorkCommuteMedian":3859,"workHomeCommuteMedian":6961},"geometry":{"type":"Polygon","coordinates":[[[136.50438309971116,35.95437541333568],[136.50438309971116,35.96336861697293],[136.5133763033484,35.96336861697293],[136.5133763033484,35.95437541333568],[136.50438309971116,35.95437541333568]]]}},{"type":"Feature","properties":{"jobs":54,"pop":66,"pointCount":5,"homeWorkCommuteMedian":11381,"workHomeCommuteMedian":11316},"geometry":{"type":"Polygon","coordinates":[[[136.50438309971116,35.96336861697293],[136.50438309971116,35.972361820610175],[136.5133763033484,35.972361820610175],[136.5133763033484,35.96336861697293],[136.50438309971116,35.96336861697293]]]}},{"type":"Feature","properties":{"jobs":486,"pop":151,"pointCount":8,"homeWorkCommuteMedian":14436,"workHomeCommuteMedian":2707},"geometry":{"type":"Polygon","coordinates":[[[136.50438309971116,35.972361820610175],[136.50438309971116,35.98135502424742],[136.5133763033484,35.98135502424742],[136.5133763033484,35.972361820610175],[136.50438309971116,35.972361820610175]]]}},{"type":"Feature","properties":{"jobs":764,"pop":518,"pointCount":15,"homeWorkCommuteMedian":5958,"workHomeCommuteMedian":2579},"geometry":{"type":"Polygon","coordinates":[[[136.50438309971116,35.98135502424742],[136.50438309971116,35.99034822788467],[136.5133763033484,35.99034822788467],[136.5133763033484,35.98135502424742],[136.50438309971116,35.98135502424742]]]}},{"type":"Feature","properties":{"jobs":119,"pop":73,"pointCount":5,"homeWorkCommuteMedian":33119,"workHomeCommuteMedian":4302},"geometry":{"type":"Polygon","coordinates":[[[136.50438309971116,35.99034822788467],[136.50438309971116,35.99934143152191],[136.5133763033484,35.99934143152191],[136.5133763033484,35.99034822788467],[136.50438309971116,35.99034822788467]]]}},{"type":"Feature","properties":{"jobs":62,"pop":254,"pointCount":6,"homeWorkCommuteMedian":6812,"workHomeCommuteMedian":6550},"geometry":{"type":"Polygon","coordinates":[[[136.50438309971116,35.99934143152191],[136.50438309971116,36.00833463515916],[136.5133763033484,36.00833463515916],[136.5133763033484,35.99934143152191],[136.50438309971116,35.99934143152191]]]}},{"type":"Feature","properties":{"jobs":299,"pop":54,"pointCount":6,"homeWorkCommuteMedian":3780,"workHomeCommuteMedian":5954},"geometry":{"type":"Polygon","coordinates":[[[136.50438309971116,36.00833463515916],[136.50438309971116,36.017327838796405],[136.5133763033484,36.017327838796405],[136.5133763033484,36.00833463515916],[136.50438309971116,36.00833463515916]]]}},{"type":"Feature","properties":{"jobs":2,"pop":35,"pointCount":2,"homeWorkCommuteMedian":33993,"workHomeCommuteMedian":7294},"geometry":{"type":"Polygon","coordinates":[[[136.50438309971116,36.017327838796405],[136.50438309971116,36.02632104243365],[136.5133763033484,36.02632104243365],[136.5133763033484,36.017327838796405],[136.50438309971116,36.017327838796405]]]}},{"type":"Feature","properties":{"jobs":296,"pop":0,"pointCount":2,"homeWorkCommuteMedian":-1,"workHomeCommuteMedian":6312},"geometry":{"type":"Polygon","coordinates":[[[136.50438309971116,36.02632104243365],[136.50438309971116,36.0353142460709],[136.5133763033484,36.0353142460709],[136.5133763033484,36.02632104243365],[136.50438309971116,36.02632104243365]]]}},{"type":"Feature","properties":{"jobs":112,"pop":256,"pointCount":11,"homeWorkCommuteMedian":14263,"workHomeCommuteMedian":9416},"geometry":{"type":"Polygon","coordinates":[[[136.50438309971116,36.0353142460709],[136.50438309971116,36.04430744970814],[136.5133763033484,36.04430744970814],[136.5133763033484,36.0353142460709],[136.50438309971116,36.0353142460709]]]}},{"type":"Feature","properties":{"jobs":772,"pop":1170,"pointCount":16,"homeWorkCommuteMedian":2661,"workHomeCommuteMedian":1368},"geometry":{"type":"Polygon","coordinates":[[[136.50438309971116,36.04430744970814],[136.50438309971116,36.05330065334539],[136.5133763033484,36.05330065334539],[136.5133763033484,36.04430744970814],[136.50438309971116,36.04430744970814]]]}},{"type":"Feature","properties":{"jobs":1149,"pop":757,"pointCount":14,"homeWorkCommuteMedian":3063,"workHomeCommuteMedian":2076},"geometry":{"type":"Polygon","coordinates":[[[136.50438309971116,36.05330065334539],[136.50438309971116,36.062293856982635],[136.5133763033484,36.062293856982635],[136.5133763033484,36.05330065334539],[136.50438309971116,36.05330065334539]]]}},{"type":"Feature","properties":{"jobs":1311,"pop":494,"pointCount":14,"homeWorkCommuteMedian":1944,"workHomeCommuteMedian":6540},"geometry":{"type":"Polygon","coordinates":[[[136.50438309971116,36.062293856982635],[136.50438309971116,36.07128706061988],[136.5133763033484,36.07128706061988],[136.5133763033484,36.062293856982635],[136.50438309971116,36.062293856982635]]]}},{"type":"Feature","properties":{"jobs":83,"pop":161,"pointCount":8,"homeWorkCommuteMedian":10087,"workHomeCommuteMedian":2961},"geometry":{"type":"Polygon","coordinates":[[[136.50438309971116,36.07128706061988],[136.50438309971116,36.08028026425713],[136.5133763033484,36.08028026425713],[136.5133763033484,36.07128706061988],[136.50438309971116,36.07128706061988]]]}},{"type":"Feature","properties":{"jobs":60,"pop":0,"pointCount":2,"homeWorkCommuteMedian":-1,"workHomeCommuteMedian":9396},"geometry":{"type":"Polygon","coordinates":[[[136.50438309971116,36.08028026425713],[136.50438309971116,36.08927346789437],[136.5133763033484,36.08927346789437],[136.5133763033484,36.08028026425713],[136.50438309971116,36.08028026425713]]]}},{"type":"Feature","properties":{"jobs":20,"pop":50,"pointCount":3,"homeWorkCommuteMedian":6571,"workHomeCommuteMedian":26221},"geometry":{"type":"Polygon","coordinates":[[[136.50438309971116,36.08927346789437],[136.50438309971116,36.09826667153162],[136.5133763033484,36.09826667153162],[136.5133763033484,36.08927346789437],[136.50438309971116,36.08927346789437]]]}},{"type":"Feature","properties":{"jobs":15,"pop":0,"pointCount":1,"homeWorkCommuteMedian":-1,"workHomeCommuteMedian":45721},"geometry":{"type":"Polygon","coordinates":[[[136.50438309971116,36.11625307880611],[136.50438309971116,36.12524628244336],[136.5133763033484,36.12524628244336],[136.5133763033484,36.11625307880611],[136.50438309971116,36.11625307880611]]]}},{"type":"Feature","properties":{"jobs":0,"pop":130,"pointCount":2,"homeWorkCommuteMedian":3936,"workHomeCommuteMedian":-1},"geometry":{"type":"Polygon","coordinates":[[[136.5133763033484,35.927395802423945],[136.5133763033484,35.93638900606119],[136.52236950698563,35.93638900606119],[136.52236950698563,35.927395802423945],[136.5133763033484,35.927395802423945]]]}},{"type":"Feature","properties":{"jobs":13,"pop":0,"pointCount":2,"homeWorkCommuteMedian":-1,"workHomeCommuteMedian":898},"geometry":{"type":"Polygon","coordinates":[[[136.5133763033484,35.93638900606119],[136.5133763033484,35.94538220969844],[136.52236950698563,35.94538220969844],[136.52236950698563,35.93638900606119],[136.5133763033484,35.93638900606119]]]}},{"type":"Feature","properties":{"jobs":89,"pop":77,"pointCount":6,"homeWorkCommuteMedian":18000,"workHomeCommuteMedian":3244},"geometry":{"type":"Polygon","coordinates":[[[136.5133763033484,35.94538220969844],[136.5133763033484,35.95437541333568],[136.52236950698563,35.95437541333568],[136.52236950698563,35.94538220969844],[136.5133763033484,35.94538220969844]]]}},{"type":"Feature","properties":{"jobs":22,"pop":90,"pointCount":7,"homeWorkCommuteMedian":3279,"workHomeCommuteMedian":8836},"geometry":{"type":"Polygon","coordinates":[[[136.5133763033484,35.95437541333568],[136.5133763033484,35.96336861697293],[136.52236950698563,35.96336861697293],[136.52236950698563,35.95437541333568],[136.5133763033484,35.95437541333568]]]}},{"type":"Feature","properties":{"jobs":25,"pop":31,"pointCount":2,"homeWorkCommuteMedian":43416,"workHomeCommuteMedian":43030},"geometry":{"type":"Polygon","coordinates":[[[136.5133763033484,35.96336861697293],[136.5133763033484,35.972361820610175],[136.52236950698563,35.972361820610175],[136.52236950698563,35.96336861697293],[136.5133763033484,35.96336861697293]]]}},{"type":"Feature","properties":{"jobs":106,"pop":133,"pointCount":8,"homeWorkCommuteMedian":4116,"workHomeCommuteMedian":5173},"geometry":{"type":"Polygon","coordinates":[[[136.5133763033484,35.972361820610175],[136.5133763033484,35.98135502424742],[136.52236950698563,35.98135502424742],[136.52236950698563,35.972361820610175],[136.5133763033484,35.972361820610175]]]}},{"type":"Feature","properties":{"jobs":107,"pop":91,"pointCount":5,"homeWorkCommuteMedian":22233,"workHomeCommuteMedian":7862},"geometry":{"type":"Polygon","coordinates":[[[136.5133763033484,35.98135502424742],[136.5133763033484,35.99034822788467],[136.52236950698563,35.99034822788467],[136.52236950698563,35.98135502424742],[136.5133763033484,35.98135502424742]]]}},{"type":"Feature","properties":{"jobs":76,"pop":0,"pointCount":1,"homeWorkCommuteMedian":-1,"workHomeCommuteMedian":7301},"geometry":{"type":"Polygon","coordinates":[[[136.5133763033484,35.99034822788467],[136.5133763033484,35.99934143152191],[136.52236950698563,35.99934143152191],[136.52236950698563,35.99034822788467],[136.5133763033484,35.99034822788467]]]}},{"type":"Feature","properties":{"jobs":117,"pop":63,"pointCount":3,"homeWorkCommuteMedian":5567,"workHomeCommuteMedian":5408},"geometry":{"type":"Polygon","coordinates":[[[136.5133763033484,36.00833463515916],[136.5133763033484,36.017327838796405],[136.52236950698563,36.017327838796405],[136.52236950698563,36.00833463515916],[136.5133763033484,36.00833463515916]]]}},{"type":"Feature","properties":{"jobs":154,"pop":115,"pointCount":5,"homeWorkCommuteMedian":3220,"workHomeCommuteMedian":7761},"geometry":{"type":"Polygon","coordinates":[[[136.5133763033484,36.017327838796405],[136.5133763033484,36.02632104243365],[136.52236950698563,36.02632104243365],[136.52236950698563,36.017327838796405],[136.5133763033484,36.017327838796405]]]}},{"type":"Feature","properties":{"jobs":142,"pop":56,"pointCount":5,"homeWorkCommuteMedian":14258,"workHomeCommuteMedian":6184},"geometry":{"type":"Polygon","coordinates":[[[136.5133763033484,36.02632104243365],[136.5133763033484,36.0353142460709],[136.52236950698563,36.0353142460709],[136.52236950698563,36.02632104243365],[136.5133763033484,36.02632104243365]]]}},{"type":"Feature","properties":{"jobs":63,"pop":52,"pointCount":5,"homeWorkCommuteMedian":3275,"workHomeCommuteMedian":2719},"geometry":{"type":"Polygon","coordinates":[[[136.5133763033484,36.0353142460709],[136.5133763033484,36.04430744970814],[136.52236950698563,36.04430744970814],[136.52236950698563,36.0353142460709],[136.5133763033484,36.0353142460709]]]}},{"type":"Feature","properties":{"jobs":192,"pop":647,"pointCount":10,"homeWorkCommuteMedian":4470,"workHomeCommuteMedian":5984},"geometry":{"type":"Polygon","coordinates":[[[136.5133763033484,36.04430744970814],[136.5133763033484,36.05330065334539],[136.52236950698563,36.05330065334539],[136.52236950698563,36.04430744970814],[136.5133763033484,36.04430744970814]]]}},{"type":"Feature","properties":{"jobs":72,"pop":129,"pointCount":3,"homeWorkCommuteMedian":8232,"workHomeCommuteMedian":4470},"geometry":{"type":"Polygon","coordinates":[[[136.5133763033484,36.05330065334539],[136.5133763033484,36.062293856982635],[136.52236950698563,36.062293856982635],[136.52236950698563,36.05330065334539],[136.5133763033484,36.05330065334539]]]}},{"type":"Feature","properties":{"jobs":12,"pop":14,"pointCount":2,"homeWorkCommuteMedian":1719,"workHomeCommuteMedian":13091},"geometry":{"type":"Polygon","coordinates":[[[136.5133763033484,36.062293856982635],[136.5133763033484,36.07128706061988],[136.52236950698563,36.07128706061988],[136.52236950698563,36.062293856982635],[136.5133763033484,36.062293856982635]]]}},{"type":"Feature","properties":{"jobs":87,"pop":96,"pointCount":5,"homeWorkCommuteMedian":31402,"workHomeCommuteMedian":3143},"geometry":{"type":"Polygon","coordinates":[[[136.5133763033484,36.07128706061988],[136.5133763033484,36.08028026425713],[136.52236950698563,36.08028026425713],[136.52236950698563,36.07128706061988],[136.5133763033484,36.07128706061988]]]}},{"type":"Feature","properties":{"jobs":0,"pop":30,"pointCount":2,"homeWorkCommuteMedian":6151,"workHomeCommuteMedian":-1},"geometry":{"type":"Polygon","coordinates":[[[136.5133763033484,36.08927346789437],[136.5133763033484,36.09826667153162],[136.52236950698563,36.09826667153162],[136.52236950698563,36.08927346789437],[136.5133763033484,36.08927346789437]]]}},{"type":"Feature","properties":{"jobs":0,"pop":19,"pointCount":1,"homeWorkCommuteMedian":7633,"workHomeCommuteMedian":-1},"geometry":{"type":"Polygon","coordinates":[[[136.52236950698563,35.927395802423945],[136.52236950698563,35.93638900606119],[136.53136271062286,35.93638900606119],[136.53136271062286,35.927395802423945],[136.52236950698563,35.927395802423945]]]}},{"type":"Feature","properties":{"jobs":0,"pop":103,"pointCount":3,"homeWorkCommuteMedian":9106,"workHomeCommuteMedian":-1},"geometry":{"type":"Polygon","coordinates":[[[136.52236950698563,35.93638900606119],[136.52236950698563,35.94538220969844],[136.53136271062286,35.94538220969844],[136.53136271062286,35.93638900606119],[136.52236950698563,35.93638900606119]]]}},{"type":"Feature","properties":{"jobs":362,"pop":178,"pointCount":11,"homeWorkCommuteMedian":6608,"workHomeCommuteMedian":3268},"geometry":{"type":"Polygon","coordinates":[[[136.52236950698563,35.94538220969844],[136.52236950698563,35.95437541333568],[136.53136271062286,35.95437541333568],[136.53136271062286,35.94538220969844],[136.52236950698563,35.94538220969844]]]}},{"type":"Feature","properties":{"jobs":35,"pop":75,"pointCount":5,"homeWorkCommuteMedian":23326,"workHomeCommuteMedian":894},"geometry":{"type":"Polygon","coordinates":[[[136.52236950698563,35.95437541333568],[136.52236950698563,35.96336861697293],[136.53136271062286,35.96336861697293],[136.53136271062286,35.95437541333568],[136.52236950698563,35.95437541333568]]]}},{"type":"Feature","properties":{"jobs":30,"pop":135,"pointCount":4,"homeWorkCommuteMedian":5780,"workHomeCommuteMedian":4276},"geometry":{"type":"Polygon","coordinates":[[[136.52236950698563,35.96336861697293],[136.52236950698563,35.972361820610175],[136.53136271062286,35.972361820610175],[136.53136271062286,35.96336861697293],[136.52236950698563,35.96336861697293]]]}},{"type":"Feature","properties":{"jobs":68,"pop":112,"pointCount":5,"homeWorkCommuteMedian":2253,"workHomeCommuteMedian":2382},"geometry":{"type":"Polygon","coordinates":[[[136.52236950698563,35.972361820610175],[136.52236950698563,35.98135502424742],[136.53136271062286,35.98135502424742],[136.53136271062286,35.972361820610175],[136.52236950698563,35.972361820610175]]]}},{"type":"Feature","properties":{"jobs":0,"pop":66,"pointCount":3,"homeWorkCommuteMedian":11592,"workHomeCommuteMedian":-1},"geometry":{"type":"Polygon","coordinates":[[[136.52236950698563,35.98135502424742],[136.52236950698563,35.99034822788467],[136.53136271062286,35.99034822788467],[136.53136271062286,35.98135502424742],[136.52236950698563,35.98135502424742]]]}},{"type":"Feature","properties":{"jobs":29,"pop":259,"pointCount":8,"homeWorkCommuteMedian":10043,"workHomeCommuteMedian":3763},"geometry":{"type":"Polygon","coordinates":[[[136.52236950698563,35.99034822788467],[136.52236950698563,35.99934143152191],[136.53136271062286,35.99934143152191],[136.53136271062286,35.99034822788467],[136.52236950698563,35.99034822788467]]]}},{"type":"Feature","properties":{"jobs":13,"pop":62,"pointCount":3,"homeWorkCommuteMedian":6577,"workHomeCommuteMedian":9867},"geometry":{"type":"Polygon","coordinates":[[[136.52236950698563,35.99934143152191],[136.52236950698563,36.00833463515916],[136.53136271062286,36.00833463515916],[136.53136271062286,35.99934143152191],[136.52236950698563,35.99934143152191]]]}},{"type":"Feature","properties":{"jobs":38,"pop":45,"pointCount":3,"homeWorkCommuteMedian":41514,"workHomeCommuteMedian":6870},"geometry":{"type":"Polygon","coordinates":[[[136.52236950698563,36.00833463515916],[136.52236950698563,36.017327838796405],[136.53136271062286,36.017327838796405],[136.53136271062286,36.00833463515916],[136.52236950698563,36.00833463515916]]]}},{"type":"Feature","properties":{"jobs":23,"pop":59,"pointCount":4,"homeWorkCommuteMedian":7306,"workHomeCommuteMedian":8724},"geometry":{"type":"Polygon","coordinates":[[[136.52236950698563,36.017327838796405],[136.52236950698563,36.02632104243365],[136.53136271062286,36.02632104243365],[136.53136271062286,36.017327838796405],[136.52236950698563,36.017327838796405]]]}},{"type":"Feature","properties":{"jobs":0,"pop":29,"pointCount":2,"homeWorkCommuteMedian":16078,"workHomeCommuteMedian":-1},"geometry":{"type":"Polygon","coordinates":[[[136.52236950698563,36.02632104243365],[136.52236950698563,36.0353142460709],[136.53136271062286,36.0353142460709],[136.53136271062286,36.02632104243365],[136.52236950698563,36.02632104243365]]]}},{"type":"Feature","properties":{"jobs":58,"pop":0,"pointCount":2,"homeWorkCommuteMedian":-1,"workHomeCommuteMedian":3952},"geometry":{"type":"Polygon","coordinates":[[[136.52236950698563,36.0353142460709],[136.52236950698563,36.04430744970814],[136.53136271062286,36.04430744970814],[136.53136271062286,36.0353142460709],[136.52236950698563,36.0353142460709]]]}},{"type":"Feature","properties":{"jobs":57,"pop":0,"pointCount":1,"homeWorkCommuteMedian":-1,"workHomeCommuteMedian":11381},"geometry":{"type":"Polygon","coordinates":[[[136.52236950698563,36.04430744970814],[136.52236950698563,36.05330065334539],[136.53136271062286,36.05330065334539],[136.53136271062286,36.04430744970814],[136.52236950698563,36.04430744970814]]]}},{"type":"Feature","properties":{"jobs":0,"pop":36,"pointCount":1,"homeWorkCommuteMedian":3314,"workHomeCommuteMedian":-1},"geometry":{"type":"Polygon","coordinates":[[[136.52236950698563,36.08028026425713],[136.52236950698563,36.08927346789437],[136.53136271062286,36.08927346789437],[136.53136271062286,36.08028026425713],[136.52236950698563,36.08028026425713]]]}},{"type":"Feature","properties":{"jobs":16,"pop":47,"pointCount":5,"homeWorkCommuteMedian":5236,"workHomeCommuteMedian":8282},"geometry":{"type":"Polygon","coordinates":[[[136.52236950698563,36.08927346789437],[136.52236950698563,36.09826667153162],[136.53136271062286,36.09826667153162],[136.53136271062286,36.08927346789437],[136.52236950698563,36.08927346789437]]]}},{"type":"Feature","properties":{"jobs":85,"pop":159,"pointCount":5,"homeWorkCommuteMedian":2609,"workHomeCommuteMedian":847},"geometry":{"type":"Polygon","coordinates":[[[136.53136271062286,35.93638900606119],[136.53136271062286,35.94538220969844],[136.5403559142601,35.94538220969844],[136.5403559142601,35.93638900606119],[136.53136271062286,35.93638900606119]]]}},{"type":"Feature","properties":{"jobs":4,"pop":32,"pointCount":2,"homeWorkCommuteMedian":6300,"workHomeCommuteMedian":1883},"geometry":{"type":"Polygon","coordinates":[[[136.53136271062286,35.94538220969844],[136.53136271062286,35.95437541333568],[136.5403559142601,35.95437541333568],[136.5403559142601,35.94538220969844],[136.53136271062286,35.94538220969844]]]}},{"type":"Feature","properties":{"jobs":37,"pop":188,"pointCount":8,"homeWorkCommuteMedian":2098,"workHomeCommuteMedian":4507},"geometry":{"type":"Polygon","coordinates":[[[136.53136271062286,35.95437541333568],[136.53136271062286,35.96336861697293],[136.5403559142601,35.96336861697293],[136.5403559142601,35.95437541333568],[136.53136271062286,35.95437541333568]]]}},{"type":"Feature","properties":{"jobs":90,"pop":101,"pointCount":8,"homeWorkCommuteMedian":5229,"workHomeCommuteMedian":4642},"geometry":{"type":"Polygon","coordinates":[[[136.53136271062286,35.972361820610175],[136.53136271062286,35.98135502424742],[136.5403559142601,35.98135502424742],[136.5403559142601,35.972361820610175],[136.53136271062286,35.972361820610175]]]}},{"type":"Feature","properties":{"jobs":12,"pop":23,"pointCount":2,"homeWorkCommuteMedian":5739,"workHomeCommuteMedian":11464},"geometry":{"type":"Polygon","coordinates":[[[136.53136271062286,35.98135502424742],[136.53136271062286,35.99034822788467],[136.5403559142601,35.99034822788467],[136.5403559142601,35.98135502424742],[136.53136271062286,35.98135502424742]]]}},{"type":"Feature","properties":{"jobs":222,"pop":130,"pointCount":6,"homeWorkCommuteMedian":4176,"workHomeCommuteMedian":3285},"geometry":{"type":"Polygon","coordinates":[[[136.53136271062286,35.99034822788467],[136.53136271062286,35.99934143152191],[136.5403559142601,35.99934143152191],[136.5403559142601,35.99034822788467],[136.53136271062286,35.99034822788467]]]}},{"type":"Feature","properties":{"jobs":0,"pop":87,"pointCount":3,"homeWorkCommuteMedian":5708,"workHomeCommuteMedian":-1},"geometry":{"type":"Polygon","coordinates":[[[136.53136271062286,35.99934143152191],[136.53136271062286,36.00833463515916],[136.5403559142601,36.00833463515916],[136.5403559142601,35.99934143152191],[136.53136271062286,35.99934143152191]]]}},{"type":"Feature","properties":{"jobs":0,"pop":75,"pointCount":2,"homeWorkCommuteMedian":3431,"workHomeCommuteMedian":-1},"geometry":{"type":"Polygon","coordinates":[[[136.53136271062286,36.00833463515916],[136.53136271062286,36.017327838796405],[136.5403559142601,36.017327838796405],[136.5403559142601,36.00833463515916],[136.53136271062286,36.00833463515916]]]}},{"type":"Feature","properties":{"jobs":31,"pop":37,"pointCount":3,"homeWorkCommuteMedian":5333,"workHomeCommuteMedian":10084},"geometry":{"type":"Polygon","coordinates":[[[136.53136271062286,36.017327838796405],[136.53136271062286,36.02632104243365],[136.5403559142601,36.02632104243365],[136.5403559142601,36.017327838796405],[136.53136271062286,36.017327838796405]]]}},{"type":"Feature","properties":{"jobs":42,"pop":85,"pointCount":3,"homeWorkCommuteMedian":3943,"workHomeCommuteMedian":5939},"geometry":{"type":"Polygon","coordinates":[[[136.53136271062286,36.02632104243365],[136.53136271062286,36.0353142460709],[136.5403559142601,36.0353142460709],[136.5403559142601,36.02632104243365],[136.53136271062286,36.02632104243365]]]}},{"type":"Feature","properties":{"jobs":221,"pop":207,"pointCount":7,"homeWorkCommuteMedian":11186,"workHomeCommuteMedian":14604},"geometry":{"type":"Polygon","coordinates":[[[136.53136271062286,36.0353142460709],[136.53136271062286,36.04430744970814],[136.5403559142601,36.04430744970814],[136.5403559142601,36.0353142460709],[136.53136271062286,36.0353142460709]]]}},{"type":"Feature","properties":{"jobs":24,"pop":12,"pointCount":1,"homeWorkCommuteMedian":3416,"workHomeCommuteMedian":3790},"geometry":{"type":"Polygon","coordinates":[[[136.53136271062286,36.04430744970814],[136.53136271062286,36.05330065334539],[136.5403559142601,36.05330065334539],[136.5403559142601,36.04430744970814],[136.53136271062286,36.04430744970814]]]}},{"type":"Feature","properties":{"jobs":19,"pop":0,"pointCount":1,"homeWorkCommuteMedian":-1,"workHomeCommuteMedian":7176},"geometry":{"type":"Polygon","coordinates":[[[136.53136271062286,36.07128706061988],[136.53136271062286,36.08028026425713],[136.5403559142601,36.08028026425713],[136.5403559142601,36.07128706061988],[136.53136271062286,36.07128706061988]]]}},{"type":"Feature","properties":{"jobs":12,"pop":10,"pointCount":2,"homeWorkCommuteMedian":4678,"workHomeCommuteMedian":5642},"geometry":{"type":"Polygon","coordinates":[[[136.53136271062286,36.08927346789437],[136.53136271062286,36.09826667153162],[136.5403559142601,36.09826667153162],[136.5403559142601,36.08927346789437],[136.53136271062286,36.08927346789437]]]}},{"type":"Feature","properties":{"jobs":32,"pop":152,"pointCount":9,"homeWorkCommuteMedian":8292,"workHomeCommuteMedian":1319},"geometry":{"type":"Polygon","coordinates":[[[136.5403559142601,35.93638900606119],[136.5403559142601,35.94538220969844],[136.54934911789732,35.94538220969844],[136.54934911789732,35.93638900606119],[136.5403559142601,35.93638900606119]]]}},{"type":"Feature","properties":{"jobs":7,"pop":58,"pointCount":5,"homeWorkCommuteMedian":4507,"workHomeCommuteMedian":7666},"geometry":{"type":"Polygon","coordinates":[[[136.5403559142601,35.94538220969844],[136.5403559142601,35.95437541333568],[136.54934911789732,35.95437541333568],[136.54934911789732,35.94538220969844],[136.5403559142601,35.94538220969844]]]}},{"type":"Feature","properties":{"jobs":16,"pop":64,"pointCount":3,"homeWorkCommuteMedian":12239,"workHomeCommuteMedian":6713},"geometry":{"type":"Polygon","coordinates":[[[136.5403559142601,35.96336861697293],[136.5403559142601,35.972361820610175],[136.54934911789732,35.972361820610175],[136.54934911789732,35.96336861697293],[136.5403559142601,35.96336861697293]]]}},{"type":"Feature","properties":{"jobs":112,"pop":77,"pointCount":5,"homeWorkCommuteMedian":2434,"workHomeCommuteMedian":7087},"geometry":{"type":"Polygon","coordinates":[[[136.5403559142601,35.972361820610175],[136.5403559142601,35.98135502424742],[136.54934911789732,35.98135502424742],[136.54934911789732,35.972361820610175],[136.5403559142601,35.972361820610175]]]}},{"type":"Feature","properties":{"jobs":239,"pop":29,"pointCount":6,"homeWorkCommuteMedian":5431,"workHomeCommuteMedian":3944},"geometry":{"type":"Polygon","coordinates":[[[136.5403559142601,35.98135502424742],[136.5403559142601,35.99034822788467],[136.54934911789732,35.99034822788467],[136.54934911789732,35.98135502424742],[136.5403559142601,35.98135502424742]]]}},{"type":"Feature","properties":{"jobs":120,"pop":141,"pointCount":9,"homeWorkCommuteMedian":5341,"workHomeCommuteMedian":6351},"geometry":{"type":"Polygon","coordinates":[[[136.5403559142601,35.99034822788467],[136.5403559142601,35.99934143152191],[136.54934911789732,35.99934143152191],[136.54934911789732,35.99034822788467],[136.5403559142601,35.99034822788467]]]}},{"type":"Feature","properties":{"jobs":0,"pop":33,"pointCount":2,"homeWorkCommuteMedian":6220,"workHomeCommuteMedian":-1},"geometry":{"type":"Polygon","coordinates":[[[136.5403559142601,35.99934143152191],[136.5403559142601,36.00833463515916],[136.54934911789732,36.00833463515916],[136.54934911789732,35.99934143152191],[136.5403559142601,35.99934143152191]]]}},{"type":"Feature","properties":{"jobs":31,"pop":7,"pointCount":1,"homeWorkCommuteMedian":14107,"workHomeCommuteMedian":14480},"geometry":{"type":"Polygon","coordinates":[[[136.5403559142601,36.00833463515916],[136.5403559142601,36.017327838796405],[136.54934911789732,36.017327838796405],[136.54934911789732,36.00833463515916],[136.5403559142601,36.00833463515916]]]}},{"type":"Feature","properties":{"jobs":0,"pop":11,"pointCount":1,"homeWorkCommuteMedian":10004,"workHomeCommuteMedian":-1},"geometry":{"type":"Polygon","coordinates":[[[136.5403559142601,36.0353142460709],[136.5403559142601,36.04430744970814],[136.54934911789732,36.04430744970814],[136.54934911789732,36.0353142460709],[136.5403559142601,36.0353142460709]]]}},{"type":"Feature","properties":{"jobs":72,"pop":5,"pointCount":1,"homeWorkCommuteMedian":7303,"workHomeCommuteMedian":8810},"geometry":{"type":"Polygon","coordinates":[[[136.5403559142601,36.09826667153162],[136.5403559142601,36.107259875168864],[136.54934911789732,36.107259875168864],[136.54934911789732,36.09826667153162],[136.5403559142601,36.09826667153162]]]}},{"type":"Feature","properties":{"jobs":0,"pop":1,"pointCount":1,"homeWorkCommuteMedian":10115,"workHomeCommuteMedian":-1},"geometry":{"type":"Polygon","coordinates":[[[136.5403559142601,36.107259875168864],[136.5403559142601,36.11625307880611],[136.54934911789732,36.11625307880611],[136.54934911789732,36.107259875168864],[136.5403559142601,36.107259875168864]]]}},{"type":"Feature","properties":{"jobs":35,"pop":0,"pointCount":1,"homeWorkCommuteMedian":-1,"workHomeCommuteMedian":9358},"geometry":{"type":"Polygon","coordinates":[[[136.54934911789732,35.927395802423945],[136.54934911789732,35.93638900606119],[136.55834232153455,35.93638900606119],[136.55834232153455,35.927395802423945],[136.54934911789732,35.927395802423945]]]}},{"type":"Feature","properties":{"jobs":6,"pop":71,"pointCount":3,"homeWorkCommuteMedian":3757,"workHomeCommuteMedian":286},"geometry":{"type":"Polygon","coordinates":[[[136.54934911789732,35.93638900606119],[136.54934911789732,35.94538220969844],[136.55834232153455,35.94538220969844],[136.55834232153455,35.93638900606119],[136.54934911789732,35.93638900606119]]]}},{"type":"Feature","properties":{"jobs":15,"pop":16,"pointCount":2,"homeWorkCommuteMedian":16806,"workHomeCommuteMedian":5714},"geometry":{"type":"Polygon","coordinates":[[[136.54934911789732,35.95437541333568],[136.54934911789732,35.96336861697293],[136.55834232153455,35.96336861697293],[136.55834232153455,35.95437541333568],[136.54934911789732,35.95437541333568]]]}},{"type":"Feature","properties":{"jobs":83,"pop":134,"pointCount":6,"homeWorkCommuteMedian":7949,"workHomeCommuteMedian":7747},"geometry":{"type":"Polygon","coordinates":[[[136.54934911789732,35.96336861697293],[136.54934911789732,35.972361820610175],[136.55834232153455,35.972361820610175],[136.55834232153455,35.96336861697293],[136.54934911789732,35.96336861697293]]]}},{"type":"Feature","properties":{"jobs":30,"pop":31,"pointCount":3,"homeWorkCommuteMedian":7364,"workHomeCommuteMedian":1513},"geometry":{"type":"Polygon","coordinates":[[[136.54934911789732,35.972361820610175],[136.54934911789732,35.98135502424742],[136.55834232153455,35.98135502424742],[136.55834232153455,35.972361820610175],[136.54934911789732,35.972361820610175]]]}},{"type":"Feature","properties":{"jobs":104,"pop":101,"pointCount":4,"homeWorkCommuteMedian":3763,"workHomeCommuteMedian":6530},"geometry":{"type":"Polygon","coordinates":[[[136.54934911789732,35.98135502424742],[136.54934911789732,35.99034822788467],[136.55834232153455,35.99034822788467],[136.55834232153455,35.98135502424742],[136.54934911789732,35.98135502424742]]]}},{"type":"Feature","properties":{"jobs":1,"pop":38,"pointCount":2,"homeWorkCommuteMedian":7350,"workHomeCommuteMedian":32570},"geometry":{"type":"Polygon","coordinates":[[[136.54934911789732,35.99034822788467],[136.54934911789732,35.99934143152191],[136.55834232153455,35.99934143152191],[136.55834232153455,35.99034822788467],[136.54934911789732,35.99034822788467]]]}},{"type":"Feature","properties":{"jobs":10,"pop":31,"pointCount":2,"homeWorkCommuteMedian":3014,"workHomeCommuteMedian":3032},"geometry":{"type":"Polygon","coordinates":[[[136.54934911789732,35.99934143152191],[136.54934911789732,36.00833463515916],[136.55834232153455,36.00833463515916],[136.55834232153455,35.99934143152191],[136.54934911789732,35.99934143152191]]]}},{"type":"Feature","properties":{"jobs":3,"pop":30,"pointCount":3,"homeWorkCommuteMedian":9482,"workHomeCommuteMedian":3693},"geometry":{"type":"Polygon","coordinates":[[[136.54934911789732,36.017327838796405],[136.54934911789732,36.02632104243365],[136.55834232153455,36.02632104243365],[136.55834232153455,36.017327838796405],[136.54934911789732,36.017327838796405]]]}},{"type":"Feature","properties":{"jobs":583,"pop":0,"pointCount":2,"homeWorkCommuteMedian":-1,"workHomeCommuteMedian":14438},"geometry":{"type":"Polygon","coordinates":[[[136.54934911789732,36.07128706061988],[136.54934911789732,36.08028026425713],[136.55834232153455,36.08028026425713],[136.55834232153455,36.07128706061988],[136.54934911789732,36.07128706061988]]]}},{"type":"Feature","properties":{"jobs":0,"pop":10,"pointCount":1,"homeWorkCommuteMedian":6572,"workHomeCommuteMedian":-1},"geometry":{"type":"Polygon","coordinates":[[[136.54934911789732,36.09826667153162],[136.54934911789732,36.107259875168864],[136.55834232153455,36.107259875168864],[136.55834232153455,36.09826667153162],[136.54934911789732,36.09826667153162]]]}},{"type":"Feature","properties":{"jobs":0,"pop":11,"pointCount":1,"homeWorkCommuteMedian":7597,"workHomeCommuteMedian":-1},"geometry":{"type":"Polygon","coordinates":[[[136.55834232153455,35.96336861697293],[136.55834232153455,35.972361820610175],[136.56733552517179,35.972361820610175],[136.56733552517179,35.96336861697293],[136.55834232153455,35.96336861697293]]]}},{"type":"Feature","properties":{"jobs":6,"pop":70,"pointCount":5,"homeWorkCommuteMedian":5885,"workHomeCommuteMedian":9938},"geometry":{"type":"Polygon","coordinates":[[[136.55834232153455,35.972361820610175],[136.55834232153455,35.98135502424742],[136.56733552517179,35.98135502424742],[136.56733552517179,35.972361820610175],[136.55834232153455,35.972361820610175]]]}},{"type":"Feature","properties":{"jobs":1,"pop":63,"pointCount":3,"homeWorkCommuteMedian":21481,"workHomeCommuteMedian":378},"geometry":{"type":"Polygon","coordinates":[[[136.55834232153455,35.98135502424742],[136.55834232153455,35.99034822788467],[136.56733552517179,35.99034822788467],[136.56733552517179,35.98135502424742],[136.55834232153455,35.98135502424742]]]}},{"type":"Feature","properties":{"jobs":18,"pop":115,"pointCount":4,"homeWorkCommuteMedian":10232,"workHomeCommuteMedian":34868},"geometry":{"type":"Polygon","coordinates":[[[136.55834232153455,35.99034822788467],[136.55834232153455,35.99934143152191],[136.56733552517179,35.99934143152191],[136.56733552517179,35.99034822788467],[136.55834232153455,35.99034822788467]]]}},{"type":"Feature","properties":{"jobs":30,"pop":9,"pointCount":2,"homeWorkCommuteMedian":8701,"workHomeCommuteMedian":20119},"geometry":{"type":"Polygon","coordinates":[[[136.55834232153455,36.09826667153162],[136.55834232153455,36.107259875168864],[136.56733552517179,36.107259875168864],[136.56733552517179,36.09826667153162],[136.55834232153455,36.09826667153162]]]}},{"type":"Feature","properties":{"jobs":0,"pop":20,"pointCount":2,"homeWorkCommuteMedian":12364,"workHomeCommuteMedian":-1},"geometry":{"type":"Polygon","coordinates":[[[136.55834232153455,36.107259875168864],[136.55834232153455,36.11625307880611],[136.56733552517179,36.11625307880611],[136.56733552517179,36.107259875168864],[136.55834232153455,36.107259875168864]]]}},{"type":"Feature","properties":{"jobs":3,"pop":116,"pointCount":4,"homeWorkCommuteMedian":8766,"workHomeCommuteMedian":550},"geometry":{"type":"Polygon","coordinates":[[[136.56733552517179,35.972361820610175],[136.56733552517179,35.98135502424742],[136.57632872880902,35.98135502424742],[136.57632872880902,35.972361820610175],[136.56733552517179,35.972361820610175]]]}},{"type":"Feature","properties":{"jobs":81,"pop":116,"pointCount":8,"homeWorkCommuteMedian":5836,"workHomeCommuteMedian":2016},"geometry":{"type":"Polygon","coordinates":[[[136.56733552517179,35.98135502424742],[136.56733552517179,35.99034822788467],[136.57632872880902,35.99034822788467],[136.57632872880902,35.98135502424742],[136.56733552517179,35.98135502424742]]]}},{"type":"Feature","properties":{"jobs":0,"pop":25,"pointCount":2,"homeWorkCommuteMedian":8948,"workHomeCommuteMedian":-1},"geometry":{"type":"Polygon","coordinates":[[[136.56733552517179,35.99034822788467],[136.56733552517179,35.99934143152191],[136.57632872880902,35.99934143152191],[136.57632872880902,35.99034822788467],[136.56733552517179,35.99034822788467]]]}},{"type":"Feature","properties":{"jobs":6,"pop":0,"pointCount":1,"homeWorkCommuteMedian":-1,"workHomeCommuteMedian":2799},"geometry":{"type":"Polygon","coordinates":[[[136.56733552517179,36.02632104243365],[136.56733552517179,36.0353142460709],[136.57632872880902,36.0353142460709],[136.57632872880902,36.02632104243365],[136.56733552517179,36.02632104243365]]]}},{"type":"Feature","properties":{"jobs":33,"pop":12,"pointCount":3,"homeWorkCommuteMedian":10320,"workHomeCommuteMedian":9944},"geometry":{"type":"Polygon","coordinates":[[[136.57632872880902,35.98135502424742],[136.57632872880902,35.99034822788467],[136.58532193244625,35.99034822788467],[136.58532193244625,35.98135502424742],[136.57632872880902,35.98135502424742]]]}},{"type":"Feature","properties":{"jobs":8,"pop":93,"pointCount":4,"homeWorkCommuteMedian":11381,"workHomeCommuteMedian":8658},"geometry":{"type":"Polygon","coordinates":[[[136.57632872880902,35.99034822788467],[136.57632872880902,35.99934143152191],[136.58532193244625,35.99934143152191],[136.58532193244625,35.99034822788467],[136.57632872880902,35.99034822788467]]]}},{"type":"Feature","properties":{"jobs":63,"pop":121,"pointCount":6,"homeWorkCommuteMedian":5900,"workHomeCommuteMedian":13496},"geometry":{"type":"Polygon","coordinates":[[[136.57632872880902,36.00833463515916],[136.57632872880902,36.017327838796405],[136.58532193244625,36.017327838796405],[136.58532193244625,36.00833463515916],[136.57632872880902,36.00833463515916]]]}},{"type":"Feature","properties":{"jobs":0,"pop":26,"pointCount":1,"homeWorkCommuteMedian":5569,"workHomeCommuteMedian":-1},"geometry":{"type":"Polygon","coordinates":[[[136.58532193244625,35.98135502424742],[136.58532193244625,35.99034822788467],[136.59431513608348,35.99034822788467],[136.59431513608348,35.98135502424742],[136.58532193244625,35.98135502424742]]]}},{"type":"Feature","properties":{"jobs":3,"pop":44,"pointCount":3,"homeWorkCommuteMedian":12387,"workHomeCommuteMedian":70942},"geometry":{"type":"Polygon","coordinates":[[[136.58532193244625,35.99034822788467],[136.58532193244625,35.99934143152191],[136.59431513608348,35.99934143152191],[136.59431513608348,35.99034822788467],[136.58532193244625,35.99034822788467]]]}},{"type":"Feature","properties":{"jobs":1,"pop":0,"pointCount":1,"homeWorkCommuteMedian":-1,"workHomeCommuteMedian":79192},"geometry":{"type":"Polygon","coordinates":[[[136.58532193244625,36.107259875168864],[136.58532193244625,36.11625307880611],[136.59431513608348,36.11625307880611],[136.59431513608348,36.107259875168864],[136.58532193244625,36.107259875168864]]]}},{"type":"Feature","properties":{"jobs":5,"pop":12,"pointCount":1,"homeWorkCommuteMedian":7268,"workHomeCommuteMedian":27435},"geometry":{"type":"Polygon","coordinates":[[[136.59431513608348,35.96336861697293],[136.59431513608348,35.972361820610175],[136.6033083397207,35.972361820610175],[136.6033083397207,35.96336861697293],[136.59431513608348,35.96336861697293]]]}},{"type":"Feature","properties":{"jobs":0,"pop":15,"pointCount":1,"homeWorkCommuteMedian":11395,"workHomeCommuteMedian":-1},"geometry":{"type":"Polygon","coordinates":[[[136.59431513608348,35.98135502424742],[136.59431513608348,35.99034822788467],[136.6033083397207,35.99034822788467],[136.6033083397207,35.98135502424742],[136.59431513608348,35.98135502424742]]]}},{"type":"Feature","properties":{"jobs":0,"pop":1,"pointCount":1,"homeWorkCommuteMedian":10458,"workHomeCommuteMedian":-1},"geometry":{"type":"Polygon","coordinates":[[[136.59431513608348,36.08927346789437],[136.59431513608348,36.09826667153162],[136.6033083397207,36.09826667153162],[136.6033083397207,36.08927346789437],[136.59431513608348,36.08927346789437]]]}},{"type":"Feature","properties":{"jobs":0,"pop":16,"pointCount":1,"homeWorkCommuteMedian":30032,"workHomeCommuteMedian":-1},"geometry":{"type":"Polygon","coordinates":[[[136.6033083397207,35.87343658060047],[136.6033083397207,35.882429784237715],[136.61230154335794,35.882429784237715],[136.61230154335794,35.87343658060047],[136.6033083397207,35.87343658060047]]]}},{"type":"Feature","properties":{"jobs":0,"pop":25,"pointCount":1,"homeWorkCommuteMedian":63107,"workHomeCommuteMedian":-1},"geometry":{"type":"Polygon","coordinates":[[[136.6033083397207,35.882429784237715],[136.6033083397207,35.89142298787496],[136.61230154335794,35.89142298787496],[136.61230154335794,35.882429784237715],[136.6033083397207,35.882429784237715]]]}},{"type":"Feature","properties":{"jobs":12,"pop":17,"pointCount":1,"homeWorkCommuteMedian":29910,"workHomeCommuteMedian":52160},"geometry":{"type":"Polygon","coordinates":[[[136.61230154335794,35.882429784237715],[136.61230154335794,35.89142298787496],[136.62129474699518,35.89142298787496],[136.62129474699518,35.882429784237715],[136.61230154335794,35.882429784237715]]]}},{"type":"Feature","properties":{"jobs":0,"pop":2,"pointCount":1,"homeWorkCommuteMedian":7044,"workHomeCommuteMedian":-1},"geometry":{"type":"Polygon","coordinates":[[[136.62129474699518,35.882429784237715],[136.62129474699518,35.89142298787496],[136.6302879506324,35.89142298787496],[136.6302879506324,35.882429784237715],[136.62129474699518,35.882429784237715]]]}},{"type":"Feature","properties":{"jobs":0,"pop":45,"pointCount":2,"homeWorkCommuteMedian":51215,"workHomeCommuteMedian":-1},"geometry":{"type":"Polygon","coordinates":[[[136.6302879506324,35.9184025987867],[136.6302879506324,35.927395802423945],[136.63928115426964,35.927395802423945],[136.63928115426964,35.9184025987867],[136.6302879506324,35.9184025987867]]]}},{"type":"Feature","properties":{"jobs":4,"pop":0,"pointCount":1,"homeWorkCommuteMedian":-1,"workHomeCommuteMedian":39870},"geometry":{"type":"Polygon","coordinates":[[[136.6302879506324,35.96336861697293],[136.6302879506324,35.972361820610175],[136.63928115426964,35.972361820610175],[136.63928115426964,35.96336861697293],[136.6302879506324,35.96336861697293]]]}},{"type":"Feature","properties":{"jobs":109,"pop":21,"pointCount":2,"homeWorkCommuteMedian":21622,"workHomeCommuteMedian":29437},"geometry":{"type":"Polygon","coordinates":[[[136.63928115426964,35.9184025987867],[136.63928115426964,35.927395802423945],[136.64827435790687,35.927395802423945],[136.64827435790687,35.9184025987867],[136.63928115426964,35.9184025987867]]]}},{"type":"Feature","properties":{"jobs":30,"pop":0,"pointCount":1,"homeWorkCommuteMedian":-1,"workHomeCommuteMedian":28085},"geometry":{"type":"Polygon","coordinates":[[[136.64827435790687,35.89142298787496],[136.64827435790687,35.90041619151221],[136.6572675615441,35.90041619151221],[136.6572675615441,35.89142298787496],[136.64827435790687,35.89142298787496]]]}},{"type":"Feature","properties":{"jobs":4,"pop":6,"pointCount":2,"homeWorkCommuteMedian":26403,"workHomeCommuteMedian":33439},"geometry":{"type":"Polygon","coordinates":[[[136.64827435790687,35.90041619151221],[136.64827435790687,35.90940939514945],[136.6572675615441,35.90940939514945],[136.6572675615441,35.90041619151221],[136.64827435790687,35.90041619151221]]]}},{"type":"Feature","properties":{"jobs":41,"pop":207,"pointCount":5,"homeWorkCommuteMedian":21134,"workHomeCommuteMedian":497},"geometry":{"type":"Polygon","coordinates":[[[136.6572675615441,35.90041619151221],[136.6572675615441,35.90940939514945],[136.66626076518133,35.90940939514945],[136.66626076518133,35.90041619151221],[136.6572675615441,35.90041619151221]]]}},{"type":"Feature","properties":{"jobs":35,"pop":19,"pointCount":3,"homeWorkCommuteMedian":27686,"workHomeCommuteMedian":575},"geometry":{"type":"Polygon","coordinates":[[[136.66626076518133,35.90041619151221],[136.66626076518133,35.90940939514945],[136.67525396881857,35.90940939514945],[136.67525396881857,35.90041619151221],[136.66626076518133,35.90041619151221]]]}},{"type":"Feature","properties":{"jobs":3,"pop":57,"pointCount":4,"homeWorkCommuteMedian":25399,"workHomeCommuteMedian":73317},"geometry":{"type":"Polygon","coordinates":[[[136.66626076518133,35.90940939514945],[136.66626076518133,35.9184025987867],[136.67525396881857,35.9184025987867],[136.67525396881857,35.90940939514945],[136.66626076518133,35.90940939514945]]]}},{"type":"Feature","properties":{"jobs":0,"pop":1,"pointCount":1,"homeWorkCommuteMedian":26418,"workHomeCommuteMedian":-1},"geometry":{"type":"Polygon","coordinates":[[[136.67525396881857,36.02632104243365],[136.67525396881857,36.0353142460709],[136.6842471724558,36.0353142460709],[136.6842471724558,36.02632104243365],[136.67525396881857,36.02632104243365]]]}},{"type":"Feature","properties":{"jobs":23,"pop":0,"pointCount":1,"homeWorkCommuteMedian":-1,"workHomeCommuteMedian":34687},"geometry":{"type":"Polygon","coordinates":[[[136.6842471724558,35.89142298787496],[136.6842471724558,35.90041619151221],[136.69324037609303,35.90041619151221],[136.69324037609303,35.89142298787496],[136.6842471724558,35.89142298787496]]]}},{"type":"Feature","properties":{"jobs":0,"pop":31,"pointCount":1,"homeWorkCommuteMedian":4152,"workHomeCommuteMedian":-1},"geometry":{"type":"Polygon","coordinates":[[[136.6842471724558,35.9184025987867],[136.6842471724558,35.927395802423945],[136.69324037609303,35.927395802423945],[136.69324037609303,35.9184025987867],[136.6842471724558,35.9184025987867]]]}},{"type":"Feature","properties":{"jobs":45,"pop":0,"pointCount":1,"homeWorkCommuteMedian":-1,"workHomeCommuteMedian":80090},"geometry":{"type":"Polygon","coordinates":[[[136.6842471724558,35.93638900606119],[136.6842471724558,35.94538220969844],[136.69324037609303,35.94538220969844],[136.69324037609303,35.93638900606119],[136.6842471724558,35.93638900606119]]]}},{"type":"Feature","properties":{"jobs":0,"pop":1,"pointCount":1,"homeWorkCommuteMedian":35242,"workHomeCommuteMedian":-1},"geometry":{"type":"Polygon","coordinates":[[[136.70223357973026,35.93638900606119],[136.70223357973026,35.94538220969844],[136.7112267833675,35.94538220969844],[136.7112267833675,35.93638900606119],[136.70223357973026,35.93638900606119]]]}},{"type":"Feature","properties":{"jobs":10,"pop":0,"pointCount":1,"homeWorkCommuteMedian":-1,"workHomeCommuteMedian":32083},"geometry":{"type":"Polygon","coordinates":[[[136.7112267833675,35.86444337696322],[136.7112267833675,35.87343658060047],[136.72021998700473,35.87343658060047],[136.72021998700473,35.86444337696322],[136.7112267833675,35.86444337696322]]]}}],"properties":{"residentWeightedNearestNeighborKm":{"p10":0.11319887264267212,"p25":0.12153142736949919,"p50":0.13828441095623914,"p75":0.17080670562857436,"p90":0.2049505424414873,"mean":0.1543374793914333},"workerWeightedNearestNeighborKm":{"p10":0.10733412152235097,"p25":0.12079935018870318,"p50":0.13716015074355323,"p75":0.17074352200083304,"p90":0.20912055660636755,"mean":0.15341406758414844},"commuteDistanceKm":{"p10":704,"p25":2336,"p50":5932,"p75":12041,"p90":21204,"mean":8855.569296375266},"residentCellDensity":{"p10":16,"p25":38,"p50":100,"p75":288,"p90":891,"mean":317.98711144806674},"workerCellDensity":{"p10":10,"p25":25,"p50":83,"p75":313,"p90":1026,"mean":356.41886151231944},"detail":{"radiusKm":0.1377211336441914,"expectedPointSpacingKm":0.4045799602525046,"normalizedRadius":0.3404052280746617,"activityPerPoint":48.74210037174721,"playableAreaKm2":2004,"playableAreaPerPointKm2":0.2328066914498141,"playableCatchmentRadiusKm":0.2722217321563714,"localityScore":1,"deaggregationScore":1,"score":1},"polycentrism":{"activity":{"score":0,"continuousScore":0.8292102509454127,"detectedCenterCount":1,"effectiveCenterCount":1,"largestCenterShare":1,"bandwidthKm":1.3,"reliabilityScore":1,"supportLevel":"high","usedFallback":false,"topCenters":[{"longitude":136.22995068457826,"latitude":36.04317730699432,"massShare":1,"assignedMass":839144,"assignedPointCount":8608,"prominenceRatio":1}],"debug":{"rawPeakCount":48,"mergedPeakCount":28,"filteredPeakCount":1,"prominenceThreshold":0.22,"minPointsPerCenter":10,"rejectedCenters":[{"longitude":136.1643546676664,"latitude":35.90255956796117,"massShare":0.10226135204446436,"assignedMass":85812,"assignedPointCount":727,"prominenceRatio":1,"strongestCompetitorDistanceKm":19.046905977398417,"strongestCompetitorPotential":82256.3517726591,"localConsolidatedShare":0.10226135204446436,"localConsolidatedMass":85812,"localContributorCount":1,"localContributorDistancesKm":[],"rejectionReasons":["not_dominant_local_peak","below_relative_share_floor"]},{"longitude":136.17738632673226,"latitude":35.97104755933872,"massShare":0.12347106098595712,"assignedMass":103610,"assignedPointCount":1052,"prominenceRatio":1,"strongestCompetitorDistanceKm":11.666701211868071,"strongestCompetitorPotential":82256.3517726591,"localConsolidatedShare":0.12347106098595712,"localConsolidatedMass":103610,"localContributorCount":1,"localContributorDistancesKm":[],"rejectionReasons":["not_dominant_local_peak","below_relative_share_floor","too_close_for_low_share_center"]},{"longitude":136.5026126546351,"latitude":35.98215105983154,"massShare":0.0433942207773636,"assignedMass":36414,"assignedPointCount":587,"prominenceRatio":1,"strongestCompetitorDistanceKm":26.158449862361103,"strongestCompetitorPotential":82256.3517726591,"localConsolidatedShare":0.07219738209413402,"localConsolidatedMass":60584,"localContributorCount":2,"localContributorDistancesKm":[8.85860322961589],"rejectionReasons":["below_relative_share_floor"]},{"longitude":136.243453617729,"latitude":36.14311077229111,"massShare":0.08162842134365496,"assignedMass":68498,"assignedPointCount":759,"prominenceRatio":0.9999999999962261,"strongestCompetitorDistanceKm":9.71501456927128,"strongestCompetitorPotential":82256.3517726591,"localConsolidatedShare":0.08162842134365496,"localConsolidatedMass":68498,"localContributorCount":1,"localContributorDistancesKm":[],"rejectionReasons":["not_dominant_local_peak","below_relative_share_floor","too_close_for_low_share_center"]},{"longitude":136.28941062438042,"latitude":36.10194846841615,"massShare":0.04421410389635152,"assignedMass":37102,"assignedPointCount":407,"prominenceRatio":0.9999992838278998,"strongestCompetitorDistanceKm":7.315387342634421,"strongestCompetitorPotential":82256.3517726591,"localConsolidatedShare":0.04421410389635152,"localConsolidatedMass":37102,"localContributorCount":1,"localContributorDistancesKm":[],"rejectionReasons":["below_secondary_share_floor"]},{"longitude":136.22370150518432,"latitude":36.21408252165033,"massShare":0.04512813057115346,"assignedMass":37869,"assignedPointCount":545,"prominenceRatio":1,"strongestCompetitorDistanceKm":16.231512546617314,"strongestCompetitorPotential":82256.3517726591,"localConsolidatedShare":0.04512813057115346,"localConsolidatedMass":37869,"localContributorCount":1,"localContributorDistancesKm":[],"rejectionReasons":["below_secondary_share_floor"]},{"longitude":136.50088281379925,"latitude":36.062889784027305,"massShare":0.028803161316770423,"assignedMass":24170,"assignedPointCount":375,"prominenceRatio":1,"strongestCompetitorDistanceKm":25.203443585800947,"strongestCompetitorPotential":82256.3517726591,"localConsolidatedShare":0.028803161316770423,"localConsolidatedMass":24170,"localContributorCount":1,"localContributorDistancesKm":[],"rejectionReasons":["below_secondary_share_floor"]},{"longitude":136.14942780676603,"latitude":36.20205075955971,"massShare":0.04333106117662761,"assignedMass":36361,"assignedPointCount":578,"prominenceRatio":1,"strongestCompetitorDistanceKm":17.891800927450017,"strongestCompetitorPotential":82256.3517726591,"localConsolidatedShare":0.04333106117662761,"localConsolidatedMass":36361,"localContributorCount":1,"localContributorDistancesKm":[],"rejectionReasons":["below_secondary_share_floor"]},{"longitude":136.2425995922311,"latitude":35.919707639302224,"massShare":0.03449586721706882,"assignedMass":28947,"assignedPointCount":467,"prominenceRatio":1,"strongestCompetitorDistanceKm":17.192169922441142,"strongestCompetitorPotential":82256.3517726591,"localConsolidatedShare":0.03449586721706882,"localConsolidatedMass":28947,"localContributorCount":1,"localContributorDistancesKm":[],"rejectionReasons":["below_secondary_share_floor"]},{"longitude":136.19356738139695,"latitude":35.835743955113145,"massShare":0.007626819711515544,"assignedMass":6400,"assignedPointCount":147,"prominenceRatio":1,"strongestCompetitorDistanceKm":25.93371178675841,"strongestCompetitorPotential":82256.3517726591,"localConsolidatedShare":0.007626819711515544,"localConsolidatedMass":6400,"localContributorCount":1,"localContributorDistancesKm":[],"rejectionReasons":["below_secondary_share_floor"]},{"longitude":136.06929587751637,"latitude":35.95574394030274,"massShare":0.0111697158056305,"assignedMass":9373,"assignedPointCount":245,"prominenceRatio":1,"strongestCompetitorDistanceKm":19.36988425785272,"strongestCompetitorPotential":82256.3517726591,"localConsolidatedShare":0.0111697158056305,"localConsolidatedMass":9373,"localContributorCount":1,"localContributorDistancesKm":[],"rejectionReasons":["below_secondary_share_floor"]},{"longitude":136.39448505479564,"latitude":36.07961679135288,"massShare":0.006323110217078356,"assignedMass":5306,"assignedPointCount":146,"prominenceRatio":1,"strongestCompetitorDistanceKm":16.01629254801943,"strongestCompetitorPotential":82256.3517726591,"localConsolidatedShare":0.006323110217078356,"localConsolidatedMass":5306,"localContributorCount":1,"localContributorDistancesKm":[],"rejectionReasons":["below_secondary_share_floor"]},{"longitude":135.99222450092384,"latitude":35.93531842492006,"massShare":0.004545107871831295,"assignedMass":3814,"assignedPointCount":69,"prominenceRatio":1,"strongestCompetitorDistanceKm":25.104048321173977,"strongestCompetitorPotential":82256.3517726591,"localConsolidatedShare":0.004545107871831295,"localConsolidatedMass":3814,"localContributorCount":1,"localContributorDistancesKm":[],"rejectionReasons":["below_secondary_share_floor"]},{"longitude":136.206160298162,"latitude":35.78213606597865,"massShare":0.003596522170211549,"assignedMass":3018,"assignedPointCount":81,"prominenceRatio":1,"strongestCompetitorDistanceKm":32.07798029407084,"strongestCompetitorPotential":82256.3517726591,"localConsolidatedShare":0.003596522170211549,"localConsolidatedMass":3018,"localContributorCount":1,"localContributorDistancesKm":[],"rejectionReasons":["below_secondary_share_floor"]},{"longitude":136.34155649896462,"latitude":35.8884935158208,"massShare":0.0033093247404497915,"assignedMass":2777,"assignedPointCount":102,"prominenceRatio":1,"strongestCompetitorDistanceKm":22.66463161463845,"strongestCompetitorPotential":82256.3517726591,"localConsolidatedShare":0.0033093247404497915,"localConsolidatedMass":2777,"localContributorCount":1,"localContributorDistancesKm":[],"rejectionReasons":["below_secondary_share_floor"]},{"longitude":136.3326747382043,"latitude":36.00398510551963,"massShare":0.004820388395793809,"assignedMass":4045,"assignedPointCount":123,"prominenceRatio":1,"strongestCompetitorDistanceKm":14.727213176447659,"strongestCompetitorPotential":82256.3517726591,"localConsolidatedShare":0.004820388395793809,"localConsolidatedMass":4045,"localContributorCount":1,"localContributorDistancesKm":[],"rejectionReasons":["below_secondary_share_floor"]},{"longitude":136.03115608335196,"latitude":36.03527876657428,"massShare":0.0019829731249940414,"assignedMass":1664,"assignedPointCount":59,"prominenceRatio":1,"strongestCompetitorDistanceKm":19.058323980639894,"strongestCompetitorPotential":82256.3517726591,"localConsolidatedShare":0.0019829731249940414,"localConsolidatedMass":1664,"localContributorCount":1,"localContributorDistancesKm":[],"rejectionReasons":["below_secondary_share_floor"]},{"longitude":136.0530518128188,"latitude":35.89217679503891,"massShare":0.00217364361778193,"assignedMass":1824,"assignedPointCount":64,"prominenceRatio":1,"strongestCompetitorDistanceKm":24.938061744412412,"strongestCompetitorPotential":82256.3517726591,"localConsolidatedShare":0.00217364361778193,"localConsolidatedMass":1824,"localContributorCount":1,"localContributorDistancesKm":[],"rejectionReasons":["below_secondary_share_floor"]},{"longitude":136.06511163002799,"latitude":36.118355121464276,"massShare":0.0038598857883748203,"assignedMass":3239,"assignedPointCount":90,"prominenceRatio":1,"strongestCompetitorDistanceKm":17.287993858684708,"strongestCompetitorPotential":82256.3517726591,"localConsolidatedShare":0.0038598857883748203,"localConsolidatedMass":3239,"localContributorCount":1,"localContributorDistancesKm":[],"rejectionReasons":["below_secondary_share_floor"]},{"longitude":136.06828658056776,"latitude":35.83778895474018,"massShare":0.0017946860133660016,"assignedMass":1506,"assignedPointCount":48,"prominenceRatio":1,"strongestCompetitorDistanceKm":29.741048672134287,"strongestCompetitorPotential":82256.3517726591,"localConsolidatedShare":0.0017946860133660016,"localConsolidatedMass":1506,"localContributorCount":1,"localContributorDistancesKm":[],"rejectionReasons":["below_secondary_share_floor"]},{"longitude":136.66190013849376,"latitude":35.911757843436376,"massShare":0.000823458190727694,"assignedMass":691,"assignedPointCount":25,"prominenceRatio":1,"strongestCompetitorDistanceKm":43.368046374371396,"strongestCompetitorPotential":82256.3517726591,"localConsolidatedShare":0.000823458190727694,"localConsolidatedMass":691,"localContributorCount":1,"localContributorDistancesKm":[],"rejectionReasons":["below_secondary_share_floor"]},{"longitude":136.41585977583978,"latitude":35.99755126871964,"massShare":0.0009080682219023195,"assignedMass":762,"assignedPointCount":34,"prominenceRatio":1,"strongestCompetitorDistanceKm":18.640792935806914,"strongestCompetitorPotential":82256.3517726591,"localConsolidatedShare":0.0009080682219023195,"localConsolidatedMass":762,"localContributorCount":1,"localContributorDistancesKm":[],"rejectionReasons":["below_secondary_share_floor"]},{"longitude":136.61354499813257,"latitude":35.88487881222592,"massShare":0.00008580172175454987,"assignedMass":72,"assignedPointCount":4,"prominenceRatio":1,"strongestCompetitorDistanceKm":40.44683530713049,"strongestCompetitorPotential":82256.3517726591,"localConsolidatedShare":0.00008580172175454987,"localConsolidatedMass":72,"localContributorCount":1,"localContributorDistancesKm":[],"rejectionReasons":["below_min_points_per_center"]},{"longitude":136.14801725000183,"latitude":35.7229365500053,"massShare":0.00004409255145719924,"assignedMass":37,"assignedPointCount":1,"prominenceRatio":1,"strongestCompetitorDistanceKm":38.94588325552354,"strongestCompetitorPotential":82256.3517726591,"localConsolidatedShare":0.00004409255145719924,"localConsolidatedMass":37,"localContributorCount":1,"localContributorDistancesKm":[],"rejectionReasons":["below_min_points_per_center"]},{"longitude":136.23700113945873,"latitude":35.7247346788535,"massShare":0.00007030974421553392,"assignedMass":59,"assignedPointCount":4,"prominenceRatio":1,"strongestCompetitorDistanceKm":38.997960280874516,"strongestCompetitorPotential":82256.3517726591,"localConsolidatedShare":0.00007030974421553392,"localConsolidatedMass":59,"localContributorCount":1,"localContributorDistancesKm":[],"rejectionReasons":["below_min_points_per_center"]},{"longitude":136.78441885695975,"latitude":35.8770702437785,"massShare":0.0000023833811598486074,"assignedMass":2,"assignedPointCount":1,"prominenceRatio":1,"strongestCompetitorDistanceKm":54.740113191792275,"strongestCompetitorPotential":null,"localConsolidatedShare":0.0000023833811598486074,"localConsolidatedMass":2,"localContributorCount":1,"localContributorDistancesKm":[],"rejectionReasons":["below_min_points_per_center"]},{"longitude":136.68073855000046,"latitude":36.03249395000001,"massShare":0.0000011916905799243037,"assignedMass":1,"assignedPointCount":1,"prominenceRatio":1,"strongestCompetitorDistanceKm":41.32671196852336,"strongestCompetitorPotential":82256.3517726591,"localConsolidatedShare":0.0000011916905799243037,"localConsolidatedMass":1,"localContributorCount":1,"localContributorDistancesKm":[],"rejectionReasons":["below_min_points_per_center"]}]}}}}}
