{"type":"FeatureCollection","features":[{"type":"Feature","properties":{"jobs":60,"pop":115,"pointCount":3,"homeWorkCommuteMedian":12682,"workHomeCommuteMedian":45459},"geometry":{"type":"Polygon","coordinates":[[[16.48849457812803,51.128091796362774],[16.48849457812803,51.13708500000002],[16.497487781765276,51.13708500000002],[16.497487781765276,51.128091796362774],[16.48849457812803,51.128091796362774]]]}},{"type":"Feature","properties":{"jobs":66,"pop":50,"pointCount":1,"homeWorkCommuteMedian":9362,"workHomeCommuteMedian":9453},"geometry":{"type":"Polygon","coordinates":[[[16.515474189039768,51.11909859272553],[16.515474189039768,51.128091796362774],[16.524467392677014,51.128091796362774],[16.524467392677014,51.11909859272553],[16.515474189039768,51.11909859272553]]]}},{"type":"Feature","properties":{"jobs":0,"pop":23,"pointCount":1,"homeWorkCommuteMedian":8964,"workHomeCommuteMedian":-1},"geometry":{"type":"Polygon","coordinates":[[[16.515474189039768,51.128091796362774],[16.515474189039768,51.13708500000002],[16.524467392677014,51.13708500000002],[16.524467392677014,51.128091796362774],[16.515474189039768,51.128091796362774]]]}},{"type":"Feature","properties":{"jobs":0,"pop":36,"pointCount":1,"homeWorkCommuteMedian":12686,"workHomeCommuteMedian":-1},"geometry":{"type":"Polygon","coordinates":[[[16.524467392677014,51.11909859272553],[16.524467392677014,51.128091796362774],[16.53346059631426,51.128091796362774],[16.53346059631426,51.11909859272553],[16.524467392677014,51.11909859272553]]]}},{"type":"Feature","properties":{"jobs":0,"pop":35,"pointCount":1,"homeWorkCommuteMedian":5557,"workHomeCommuteMedian":-1},"geometry":{"type":"Polygon","coordinates":[[[16.524467392677014,51.15507140727451],[16.524467392677014,51.16406461091176],[16.53346059631426,51.16406461091176],[16.53346059631426,51.15507140727451],[16.524467392677014,51.15507140727451]]]}},{"type":"Feature","properties":{"jobs":0,"pop":42,"pointCount":1,"homeWorkCommuteMedian":61216,"workHomeCommuteMedian":-1},"geometry":{"type":"Polygon","coordinates":[[[16.53346059631426,51.00218694544133],[16.53346059631426,51.01118014907858],[16.542453799951506,51.01118014907858],[16.542453799951506,51.00218694544133],[16.53346059631426,51.00218694544133]]]}},{"type":"Feature","properties":{"jobs":125,"pop":50,"pointCount":4,"homeWorkCommuteMedian":40126,"workHomeCommuteMedian":11444},"geometry":{"type":"Polygon","coordinates":[[[16.53346059631426,51.02017335271582],[16.53346059631426,51.02916655635307],[16.542453799951506,51.02916655635307],[16.542453799951506,51.02017335271582],[16.53346059631426,51.02017335271582]]]}},{"type":"Feature","properties":{"jobs":0,"pop":72,"pointCount":2,"homeWorkCommuteMedian":53980,"workHomeCommuteMedian":-1},"geometry":{"type":"Polygon","coordinates":[[[16.53346059631426,51.101112185451036],[16.53346059631426,51.11010538908828],[16.542453799951506,51.11010538908828],[16.542453799951506,51.101112185451036],[16.53346059631426,51.101112185451036]]]}},{"type":"Feature","properties":{"jobs":41,"pop":69,"pointCount":2,"homeWorkCommuteMedian":11078,"workHomeCommuteMedian":42653},"geometry":{"type":"Polygon","coordinates":[[[16.53346059631426,51.15507140727451],[16.53346059631426,51.16406461091176],[16.542453799951506,51.16406461091176],[16.542453799951506,51.15507140727451],[16.53346059631426,51.15507140727451]]]}},{"type":"Feature","properties":{"jobs":0,"pop":22,"pointCount":1,"homeWorkCommuteMedian":10453,"workHomeCommuteMedian":-1},"geometry":{"type":"Polygon","coordinates":[[[16.53346059631426,51.16406461091176],[16.53346059631426,51.173057814549004],[16.542453799951506,51.173057814549004],[16.542453799951506,51.16406461091176],[16.53346059631426,51.16406461091176]]]}},{"type":"Feature","properties":{"jobs":114,"pop":80,"pointCount":5,"homeWorkCommuteMedian":43851,"workHomeCommuteMedian":41651},"geometry":{"type":"Polygon","coordinates":[[[16.542453799951506,51.00218694544133],[16.542453799951506,51.01118014907858],[16.551447003588752,51.01118014907858],[16.551447003588752,51.00218694544133],[16.542453799951506,51.00218694544133]]]}},{"type":"Feature","properties":{"jobs":46,"pop":0,"pointCount":1,"homeWorkCommuteMedian":-1,"workHomeCommuteMedian":30465},"geometry":{"type":"Polygon","coordinates":[[[16.542453799951506,51.01118014907858],[16.542453799951506,51.02017335271582],[16.551447003588752,51.02017335271582],[16.551447003588752,51.01118014907858],[16.542453799951506,51.01118014907858]]]}},{"type":"Feature","properties":{"jobs":0,"pop":51,"pointCount":1,"homeWorkCommuteMedian":6048,"workHomeCommuteMedian":-1},"geometry":{"type":"Polygon","coordinates":[[[16.542453799951506,51.02017335271582],[16.542453799951506,51.02916655635307],[16.551447003588752,51.02916655635307],[16.551447003588752,51.02017335271582],[16.542453799951506,51.02017335271582]]]}},{"type":"Feature","properties":{"jobs":38,"pop":37,"pointCount":2,"homeWorkCommuteMedian":4604,"workHomeCommuteMedian":39921},"geometry":{"type":"Polygon","coordinates":[[[16.542453799951506,51.02916655635307],[16.542453799951506,51.038159759990315],[16.551447003588752,51.038159759990315],[16.551447003588752,51.02916655635307],[16.542453799951506,51.02916655635307]]]}},{"type":"Feature","properties":{"jobs":0,"pop":30,"pointCount":1,"homeWorkCommuteMedian":40071,"workHomeCommuteMedian":-1},"geometry":{"type":"Polygon","coordinates":[[[16.542453799951506,51.18205101818625],[16.542453799951506,51.191044221823496],[16.551447003588752,51.191044221823496],[16.551447003588752,51.18205101818625],[16.542453799951506,51.18205101818625]]]}},{"type":"Feature","properties":{"jobs":0,"pop":26,"pointCount":1,"homeWorkCommuteMedian":11631,"workHomeCommuteMedian":-1},"geometry":{"type":"Polygon","coordinates":[[[16.542453799951506,51.236010240009726],[16.542453799951506,51.24500344364697],[16.551447003588752,51.24500344364697],[16.551447003588752,51.236010240009726],[16.542453799951506,51.236010240009726]]]}},{"type":"Feature","properties":{"jobs":21,"pop":24,"pointCount":2,"homeWorkCommuteMedian":7084,"workHomeCommuteMedian":24878},"geometry":{"type":"Polygon","coordinates":[[[16.551447003588752,51.00218694544133],[16.551447003588752,51.01118014907858],[16.560440207225998,51.01118014907858],[16.560440207225998,51.00218694544133],[16.551447003588752,51.00218694544133]]]}},{"type":"Feature","properties":{"jobs":29,"pop":56,"pointCount":2,"homeWorkCommuteMedian":34459,"workHomeCommuteMedian":10459},"geometry":{"type":"Polygon","coordinates":[[[16.551447003588752,51.05614616726481],[16.551447003588752,51.06513937090205],[16.560440207225998,51.06513937090205],[16.560440207225998,51.05614616726481],[16.551447003588752,51.05614616726481]]]}},{"type":"Feature","properties":{"jobs":0,"pop":30,"pointCount":1,"homeWorkCommuteMedian":29611,"workHomeCommuteMedian":-1},"geometry":{"type":"Polygon","coordinates":[[[16.551447003588752,51.06513937090205],[16.551447003588752,51.0741325745393],[16.560440207225998,51.0741325745393],[16.560440207225998,51.06513937090205],[16.551447003588752,51.06513937090205]]]}},{"type":"Feature","properties":{"jobs":0,"pop":34,"pointCount":1,"homeWorkCommuteMedian":45136,"workHomeCommuteMedian":-1},"geometry":{"type":"Polygon","coordinates":[[[16.551447003588752,51.083125778176544],[16.551447003588752,51.09211898181379],[16.560440207225998,51.09211898181379],[16.560440207225998,51.083125778176544],[16.551447003588752,51.083125778176544]]]}},{"type":"Feature","properties":{"jobs":34,"pop":69,"pointCount":4,"homeWorkCommuteMedian":5864,"workHomeCommuteMedian":2844},"geometry":{"type":"Polygon","coordinates":[[[16.551447003588752,51.146078203637266],[16.551447003588752,51.15507140727451],[16.560440207225998,51.15507140727451],[16.560440207225998,51.146078203637266],[16.551447003588752,51.146078203637266]]]}},{"type":"Feature","properties":{"jobs":0,"pop":207,"pointCount":4,"homeWorkCommuteMedian":7524,"workHomeCommuteMedian":-1},"geometry":{"type":"Polygon","coordinates":[[[16.551447003588752,51.18205101818625],[16.551447003588752,51.191044221823496],[16.560440207225998,51.191044221823496],[16.560440207225998,51.18205101818625],[16.551447003588752,51.18205101818625]]]}},{"type":"Feature","properties":{"jobs":36,"pop":58,"pointCount":2,"homeWorkCommuteMedian":14706,"workHomeCommuteMedian":13490},"geometry":{"type":"Polygon","coordinates":[[[16.551447003588752,51.236010240009726],[16.551447003588752,51.24500344364697],[16.560440207225998,51.24500344364697],[16.560440207225998,51.236010240009726],[16.551447003588752,51.236010240009726]]]}},{"type":"Feature","properties":{"jobs":0,"pop":37,"pointCount":1,"homeWorkCommuteMedian":902,"workHomeCommuteMedian":-1},"geometry":{"type":"Polygon","coordinates":[[[16.560440207225998,51.02916655635307],[16.560440207225998,51.038159759990315],[16.569433410863244,51.038159759990315],[16.569433410863244,51.02916655635307],[16.560440207225998,51.02916655635307]]]}},{"type":"Feature","properties":{"jobs":0,"pop":93,"pointCount":2,"homeWorkCommuteMedian":45069,"workHomeCommuteMedian":-1},"geometry":{"type":"Polygon","coordinates":[[[16.560440207225998,51.0741325745393],[16.560440207225998,51.083125778176544],[16.569433410863244,51.083125778176544],[16.569433410863244,51.0741325745393],[16.560440207225998,51.0741325745393]]]}},{"type":"Feature","properties":{"jobs":31,"pop":0,"pointCount":1,"homeWorkCommuteMedian":-1,"workHomeCommuteMedian":19022},"geometry":{"type":"Polygon","coordinates":[[[16.560440207225998,51.083125778176544],[16.560440207225998,51.09211898181379],[16.569433410863244,51.09211898181379],[16.569433410863244,51.083125778176544],[16.560440207225998,51.083125778176544]]]}},{"type":"Feature","properties":{"jobs":40,"pop":154,"pointCount":4,"homeWorkCommuteMedian":9288,"workHomeCommuteMedian":8262},"geometry":{"type":"Polygon","coordinates":[[[16.560440207225998,51.101112185451036],[16.560440207225998,51.11010538908828],[16.569433410863244,51.11010538908828],[16.569433410863244,51.101112185451036],[16.560440207225998,51.101112185451036]]]}},{"type":"Feature","properties":{"jobs":49,"pop":38,"pointCount":2,"homeWorkCommuteMedian":50494,"workHomeCommuteMedian":6287},"geometry":{"type":"Polygon","coordinates":[[[16.560440207225998,51.11909859272553],[16.560440207225998,51.128091796362774],[16.569433410863244,51.128091796362774],[16.569433410863244,51.11909859272553],[16.560440207225998,51.11909859272553]]]}},{"type":"Feature","properties":{"jobs":148,"pop":330,"pointCount":7,"homeWorkCommuteMedian":4580,"workHomeCommuteMedian":4600},"geometry":{"type":"Polygon","coordinates":[[[16.560440207225998,51.128091796362774],[16.560440207225998,51.13708500000002],[16.569433410863244,51.13708500000002],[16.569433410863244,51.128091796362774],[16.560440207225998,51.128091796362774]]]}},{"type":"Feature","properties":{"jobs":0,"pop":73,"pointCount":1,"homeWorkCommuteMedian":10182,"workHomeCommuteMedian":-1},"geometry":{"type":"Polygon","coordinates":[[[16.560440207225998,51.146078203637266],[16.560440207225998,51.15507140727451],[16.569433410863244,51.15507140727451],[16.569433410863244,51.146078203637266],[16.560440207225998,51.146078203637266]]]}},{"type":"Feature","properties":{"jobs":46,"pop":0,"pointCount":1,"homeWorkCommuteMedian":-1,"workHomeCommuteMedian":5620},"geometry":{"type":"Polygon","coordinates":[[[16.560440207225998,51.16406461091176],[16.560440207225998,51.173057814549004],[16.569433410863244,51.173057814549004],[16.569433410863244,51.16406461091176],[16.560440207225998,51.16406461091176]]]}},{"type":"Feature","properties":{"jobs":22,"pop":58,"pointCount":2,"homeWorkCommuteMedian":9658,"workHomeCommuteMedian":10182},"geometry":{"type":"Polygon","coordinates":[[[16.560440207225998,51.191044221823496],[16.560440207225998,51.20003742546074],[16.569433410863244,51.20003742546074],[16.569433410863244,51.191044221823496],[16.560440207225998,51.191044221823496]]]}},{"type":"Feature","properties":{"jobs":0,"pop":64,"pointCount":2,"homeWorkCommuteMedian":12277,"workHomeCommuteMedian":-1},"geometry":{"type":"Polygon","coordinates":[[[16.560440207225998,51.20003742546074],[16.560440207225998,51.20903062909799],[16.569433410863244,51.20903062909799],[16.569433410863244,51.20003742546074],[16.560440207225998,51.20003742546074]]]}},{"type":"Feature","properties":{"jobs":55,"pop":66,"pointCount":3,"homeWorkCommuteMedian":7734,"workHomeCommuteMedian":16229},"geometry":{"type":"Polygon","coordinates":[[[16.569433410863244,51.00218694544133],[16.569433410863244,51.01118014907858],[16.57842661450049,51.01118014907858],[16.57842661450049,51.00218694544133],[16.569433410863244,51.00218694544133]]]}},{"type":"Feature","properties":{"jobs":54,"pop":70,"pointCount":3,"homeWorkCommuteMedian":40088,"workHomeCommuteMedian":41198},"geometry":{"type":"Polygon","coordinates":[[[16.569433410863244,51.02916655635307],[16.569433410863244,51.038159759990315],[16.57842661450049,51.038159759990315],[16.57842661450049,51.02916655635307],[16.569433410863244,51.02916655635307]]]}},{"type":"Feature","properties":{"jobs":0,"pop":35,"pointCount":1,"homeWorkCommuteMedian":6347,"workHomeCommuteMedian":-1},"geometry":{"type":"Polygon","coordinates":[[[16.569433410863244,51.0741325745393],[16.569433410863244,51.083125778176544],[16.57842661450049,51.083125778176544],[16.57842661450049,51.0741325745393],[16.569433410863244,51.0741325745393]]]}},{"type":"Feature","properties":{"jobs":0,"pop":57,"pointCount":1,"homeWorkCommuteMedian":9828,"workHomeCommuteMedian":-1},"geometry":{"type":"Polygon","coordinates":[[[16.569433410863244,51.101112185451036],[16.569433410863244,51.11010538908828],[16.57842661450049,51.11010538908828],[16.57842661450049,51.101112185451036],[16.569433410863244,51.101112185451036]]]}},{"type":"Feature","properties":{"jobs":0,"pop":164,"pointCount":2,"homeWorkCommuteMedian":14370,"workHomeCommuteMedian":-1},"geometry":{"type":"Polygon","coordinates":[[[16.569433410863244,51.11909859272553],[16.569433410863244,51.128091796362774],[16.57842661450049,51.128091796362774],[16.57842661450049,51.11909859272553],[16.569433410863244,51.11909859272553]]]}},{"type":"Feature","properties":{"jobs":195,"pop":182,"pointCount":5,"homeWorkCommuteMedian":5620,"workHomeCommuteMedian":4581},"geometry":{"type":"Polygon","coordinates":[[[16.569433410863244,51.128091796362774],[16.569433410863244,51.13708500000002],[16.57842661450049,51.13708500000002],[16.57842661450049,51.128091796362774],[16.569433410863244,51.128091796362774]]]}},{"type":"Feature","properties":{"jobs":0,"pop":262,"pointCount":2,"homeWorkCommuteMedian":3984,"workHomeCommuteMedian":-1},"geometry":{"type":"Polygon","coordinates":[[[16.569433410863244,51.15507140727451],[16.569433410863244,51.16406461091176],[16.57842661450049,51.16406461091176],[16.57842661450049,51.15507140727451],[16.569433410863244,51.15507140727451]]]}},{"type":"Feature","properties":{"jobs":0,"pop":137,"pointCount":3,"homeWorkCommuteMedian":3310,"workHomeCommuteMedian":-1},"geometry":{"type":"Polygon","coordinates":[[[16.569433410863244,51.16406461091176],[16.569433410863244,51.173057814549004],[16.57842661450049,51.173057814549004],[16.57842661450049,51.16406461091176],[16.569433410863244,51.16406461091176]]]}},{"type":"Feature","properties":{"jobs":63,"pop":0,"pointCount":1,"homeWorkCommuteMedian":-1,"workHomeCommuteMedian":46263},"geometry":{"type":"Polygon","coordinates":[[[16.57842661450049,50.93923451998061],[16.57842661450049,50.948227723617855],[16.587419818137736,50.948227723617855],[16.587419818137736,50.93923451998061],[16.57842661450049,50.93923451998061]]]}},{"type":"Feature","properties":{"jobs":0,"pop":33,"pointCount":1,"homeWorkCommuteMedian":4745,"workHomeCommuteMedian":-1},"geometry":{"type":"Polygon","coordinates":[[[16.57842661450049,50.96621413089235],[16.57842661450049,50.97520733452959],[16.587419818137736,50.97520733452959],[16.587419818137736,50.96621413089235],[16.57842661450049,50.96621413089235]]]}},{"type":"Feature","properties":{"jobs":43,"pop":0,"pointCount":1,"homeWorkCommuteMedian":-1,"workHomeCommuteMedian":39503},"geometry":{"type":"Polygon","coordinates":[[[16.57842661450049,51.02916655635307],[16.57842661450049,51.038159759990315],[16.587419818137736,51.038159759990315],[16.587419818137736,51.02916655635307],[16.57842661450049,51.02916655635307]]]}},{"type":"Feature","properties":{"jobs":75,"pop":23,"pointCount":2,"homeWorkCommuteMedian":11444,"workHomeCommuteMedian":11669},"geometry":{"type":"Polygon","coordinates":[[[16.57842661450049,51.0741325745393],[16.57842661450049,51.083125778176544],[16.587419818137736,51.083125778176544],[16.587419818137736,51.0741325745393],[16.57842661450049,51.0741325745393]]]}},{"type":"Feature","properties":{"jobs":0,"pop":440,"pointCount":2,"homeWorkCommuteMedian":3257,"workHomeCommuteMedian":-1},"geometry":{"type":"Polygon","coordinates":[[[16.57842661450049,51.15507140727451],[16.57842661450049,51.16406461091176],[16.587419818137736,51.16406461091176],[16.587419818137736,51.15507140727451],[16.57842661450049,51.15507140727451]]]}},{"type":"Feature","properties":{"jobs":463,"pop":155,"pointCount":6,"homeWorkCommuteMedian":3653,"workHomeCommuteMedian":4468},"geometry":{"type":"Polygon","coordinates":[[[16.57842661450049,51.16406461091176],[16.57842661450049,51.173057814549004],[16.587419818137736,51.173057814549004],[16.587419818137736,51.16406461091176],[16.57842661450049,51.16406461091176]]]}},{"type":"Feature","properties":{"jobs":163,"pop":0,"pointCount":1,"homeWorkCommuteMedian":-1,"workHomeCommuteMedian":2465},"geometry":{"type":"Polygon","coordinates":[[[16.57842661450049,51.173057814549004],[16.57842661450049,51.18205101818625],[16.587419818137736,51.18205101818625],[16.587419818137736,51.173057814549004],[16.57842661450049,51.173057814549004]]]}},{"type":"Feature","properties":{"jobs":36,"pop":48,"pointCount":2,"homeWorkCommuteMedian":12357,"workHomeCommuteMedian":11071},"geometry":{"type":"Polygon","coordinates":[[[16.57842661450049,51.22701703637248],[16.57842661450049,51.236010240009726],[16.587419818137736,51.236010240009726],[16.587419818137736,51.22701703637248],[16.57842661450049,51.22701703637248]]]}},{"type":"Feature","properties":{"jobs":33,"pop":49,"pointCount":2,"homeWorkCommuteMedian":12439,"workHomeCommuteMedian":52880},"geometry":{"type":"Polygon","coordinates":[[[16.587419818137736,50.93024131634336],[16.587419818137736,50.93923451998061],[16.596413021774982,50.93923451998061],[16.596413021774982,50.93024131634336],[16.587419818137736,50.93024131634336]]]}},{"type":"Feature","properties":{"jobs":60,"pop":69,"pointCount":3,"homeWorkCommuteMedian":44175,"workHomeCommuteMedian":26136},"geometry":{"type":"Polygon","coordinates":[[[16.587419818137736,50.93923451998061],[16.587419818137736,50.948227723617855],[16.596413021774982,50.948227723617855],[16.596413021774982,50.93923451998061],[16.587419818137736,50.93923451998061]]]}},{"type":"Feature","properties":{"jobs":76,"pop":0,"pointCount":1,"homeWorkCommuteMedian":-1,"workHomeCommuteMedian":7622},"geometry":{"type":"Polygon","coordinates":[[[16.587419818137736,51.038159759990315],[16.587419818137736,51.04715296362756],[16.596413021774982,51.04715296362756],[16.596413021774982,51.038159759990315],[16.587419818137736,51.038159759990315]]]}},{"type":"Feature","properties":{"jobs":0,"pop":42,"pointCount":1,"homeWorkCommuteMedian":42712,"workHomeCommuteMedian":-1},"geometry":{"type":"Polygon","coordinates":[[[16.587419818137736,51.06513937090205],[16.587419818137736,51.0741325745393],[16.596413021774982,51.0741325745393],[16.596413021774982,51.06513937090205],[16.587419818137736,51.06513937090205]]]}},{"type":"Feature","properties":{"jobs":0,"pop":33,"pointCount":1,"homeWorkCommuteMedian":5167,"workHomeCommuteMedian":-1},"geometry":{"type":"Polygon","coordinates":[[[16.587419818137736,51.13708500000002],[16.587419818137736,51.146078203637266],[16.596413021774982,51.146078203637266],[16.596413021774982,51.13708500000002],[16.587419818137736,51.13708500000002]]]}},{"type":"Feature","properties":{"jobs":422,"pop":1281,"pointCount":9,"homeWorkCommuteMedian":5000,"workHomeCommuteMedian":4136},"geometry":{"type":"Polygon","coordinates":[[[16.587419818137736,51.15507140727451],[16.587419818137736,51.16406461091176],[16.596413021774982,51.16406461091176],[16.596413021774982,51.15507140727451],[16.587419818137736,51.15507140727451]]]}},{"type":"Feature","properties":{"jobs":639,"pop":899,"pointCount":9,"homeWorkCommuteMedian":3579,"workHomeCommuteMedian":2422},"geometry":{"type":"Polygon","coordinates":[[[16.587419818137736,51.16406461091176],[16.587419818137736,51.173057814549004],[16.596413021774982,51.173057814549004],[16.596413021774982,51.16406461091176],[16.587419818137736,51.16406461091176]]]}},{"type":"Feature","properties":{"jobs":122,"pop":135,"pointCount":5,"homeWorkCommuteMedian":3787,"workHomeCommuteMedian":2294},"geometry":{"type":"Polygon","coordinates":[[[16.587419818137736,51.173057814549004],[16.587419818137736,51.18205101818625],[16.596413021774982,51.18205101818625],[16.596413021774982,51.173057814549004],[16.587419818137736,51.173057814549004]]]}},{"type":"Feature","properties":{"jobs":67,"pop":0,"pointCount":2,"homeWorkCommuteMedian":-1,"workHomeCommuteMedian":5363},"geometry":{"type":"Polygon","coordinates":[[[16.587419818137736,51.191044221823496],[16.587419818137736,51.20003742546074],[16.596413021774982,51.20003742546074],[16.596413021774982,51.191044221823496],[16.587419818137736,51.191044221823496]]]}},{"type":"Feature","properties":{"jobs":0,"pop":66,"pointCount":1,"homeWorkCommuteMedian":8874,"workHomeCommuteMedian":-1},"geometry":{"type":"Polygon","coordinates":[[[16.587419818137736,51.20003742546074],[16.587419818137736,51.20903062909799],[16.596413021774982,51.20903062909799],[16.596413021774982,51.20003742546074],[16.587419818137736,51.20003742546074]]]}},{"type":"Feature","properties":{"jobs":0,"pop":68,"pointCount":1,"homeWorkCommuteMedian":15162,"workHomeCommuteMedian":-1},"geometry":{"type":"Polygon","coordinates":[[[16.587419818137736,51.218023832735234],[16.587419818137736,51.22701703637248],[16.596413021774982,51.22701703637248],[16.596413021774982,51.218023832735234],[16.587419818137736,51.218023832735234]]]}},{"type":"Feature","properties":{"jobs":26,"pop":0,"pointCount":1,"homeWorkCommuteMedian":-1,"workHomeCommuteMedian":36784},"geometry":{"type":"Polygon","coordinates":[[[16.587419818137736,51.24500344364697],[16.587419818137736,51.25399664728422],[16.596413021774982,51.25399664728422],[16.596413021774982,51.24500344364697],[16.587419818137736,51.24500344364697]]]}},{"type":"Feature","properties":{"jobs":27,"pop":83,"pointCount":2,"homeWorkCommuteMedian":8046,"workHomeCommuteMedian":39753},"geometry":{"type":"Polygon","coordinates":[[[16.596413021774982,51.00218694544133],[16.596413021774982,51.01118014907858],[16.605406225412228,51.01118014907858],[16.605406225412228,51.00218694544133],[16.596413021774982,51.00218694544133]]]}},{"type":"Feature","properties":{"jobs":22,"pop":95,"pointCount":2,"homeWorkCommuteMedian":6547,"workHomeCommuteMedian":51334},"geometry":{"type":"Polygon","coordinates":[[[16.596413021774982,51.038159759990315],[16.596413021774982,51.04715296362756],[16.605406225412228,51.04715296362756],[16.605406225412228,51.038159759990315],[16.596413021774982,51.038159759990315]]]}},{"type":"Feature","properties":{"jobs":27,"pop":25,"pointCount":1,"homeWorkCommuteMedian":12321,"workHomeCommuteMedian":8954},"geometry":{"type":"Polygon","coordinates":[[[16.596413021774982,51.06513937090205],[16.596413021774982,51.0741325745393],[16.605406225412228,51.0741325745393],[16.605406225412228,51.06513937090205],[16.596413021774982,51.06513937090205]]]}},{"type":"Feature","properties":{"jobs":0,"pop":43,"pointCount":1,"homeWorkCommuteMedian":9453,"workHomeCommuteMedian":-1},"geometry":{"type":"Polygon","coordinates":[[[16.596413021774982,51.101112185451036],[16.596413021774982,51.11010538908828],[16.605406225412228,51.11010538908828],[16.605406225412228,51.101112185451036],[16.596413021774982,51.101112185451036]]]}},{"type":"Feature","properties":{"jobs":30,"pop":227,"pointCount":3,"homeWorkCommuteMedian":5877,"workHomeCommuteMedian":6471},"geometry":{"type":"Polygon","coordinates":[[[16.596413021774982,51.13708500000002],[16.596413021774982,51.146078203637266],[16.605406225412228,51.146078203637266],[16.605406225412228,51.13708500000002],[16.596413021774982,51.13708500000002]]]}},{"type":"Feature","properties":{"jobs":1300,"pop":663,"pointCount":7,"homeWorkCommuteMedian":3792,"workHomeCommuteMedian":5280},"geometry":{"type":"Polygon","coordinates":[[[16.596413021774982,51.15507140727451],[16.596413021774982,51.16406461091176],[16.605406225412228,51.16406461091176],[16.605406225412228,51.15507140727451],[16.596413021774982,51.15507140727451]]]}},{"type":"Feature","properties":{"jobs":285,"pop":46,"pointCount":4,"homeWorkCommuteMedian":1025,"workHomeCommuteMedian":2252},"geometry":{"type":"Polygon","coordinates":[[[16.596413021774982,51.16406461091176],[16.596413021774982,51.173057814549004],[16.605406225412228,51.173057814549004],[16.605406225412228,51.16406461091176],[16.596413021774982,51.16406461091176]]]}},{"type":"Feature","properties":{"jobs":0,"pop":117,"pointCount":4,"homeWorkCommuteMedian":9687,"workHomeCommuteMedian":-1},"geometry":{"type":"Polygon","coordinates":[[[16.596413021774982,51.173057814549004],[16.596413021774982,51.18205101818625],[16.605406225412228,51.18205101818625],[16.605406225412228,51.173057814549004],[16.596413021774982,51.173057814549004]]]}},{"type":"Feature","properties":{"jobs":165,"pop":0,"pointCount":1,"homeWorkCommuteMedian":-1,"workHomeCommuteMedian":8569},"geometry":{"type":"Polygon","coordinates":[[[16.596413021774982,51.18205101818625],[16.596413021774982,51.191044221823496],[16.605406225412228,51.191044221823496],[16.605406225412228,51.18205101818625],[16.596413021774982,51.18205101818625]]]}},{"type":"Feature","properties":{"jobs":0,"pop":46,"pointCount":1,"homeWorkCommuteMedian":6881,"workHomeCommuteMedian":-1},"geometry":{"type":"Polygon","coordinates":[[[16.596413021774982,51.191044221823496],[16.596413021774982,51.20003742546074],[16.605406225412228,51.20003742546074],[16.605406225412228,51.191044221823496],[16.596413021774982,51.191044221823496]]]}},{"type":"Feature","properties":{"jobs":0,"pop":103,"pointCount":4,"homeWorkCommuteMedian":9664,"workHomeCommuteMedian":-1},"geometry":{"type":"Polygon","coordinates":[[[16.596413021774982,51.20003742546074],[16.596413021774982,51.20903062909799],[16.605406225412228,51.20903062909799],[16.605406225412228,51.20003742546074],[16.596413021774982,51.20003742546074]]]}},{"type":"Feature","properties":{"jobs":0,"pop":42,"pointCount":1,"homeWorkCommuteMedian":1481,"workHomeCommuteMedian":-1},"geometry":{"type":"Polygon","coordinates":[[[16.596413021774982,51.24500344364697],[16.596413021774982,51.25399664728422],[16.605406225412228,51.25399664728422],[16.605406225412228,51.24500344364697],[16.596413021774982,51.24500344364697]]]}},{"type":"Feature","properties":{"jobs":360,"pop":166,"pointCount":8,"homeWorkCommuteMedian":2076,"workHomeCommuteMedian":7734},"geometry":{"type":"Polygon","coordinates":[[[16.605406225412228,51.038159759990315],[16.605406225412228,51.04715296362756],[16.614399429049474,51.04715296362756],[16.614399429049474,51.038159759990315],[16.605406225412228,51.038159759990315]]]}},{"type":"Feature","properties":{"jobs":127,"pop":0,"pointCount":3,"homeWorkCommuteMedian":-1,"workHomeCommuteMedian":43319},"geometry":{"type":"Polygon","coordinates":[[[16.605406225412228,51.04715296362756],[16.605406225412228,51.05614616726481],[16.614399429049474,51.05614616726481],[16.614399429049474,51.04715296362756],[16.605406225412228,51.04715296362756]]]}},{"type":"Feature","properties":{"jobs":96,"pop":76,"pointCount":4,"homeWorkCommuteMedian":8512,"workHomeCommuteMedian":20651},"geometry":{"type":"Polygon","coordinates":[[[16.605406225412228,51.05614616726481],[16.605406225412228,51.06513937090205],[16.614399429049474,51.06513937090205],[16.614399429049474,51.05614616726481],[16.605406225412228,51.05614616726481]]]}},{"type":"Feature","properties":{"jobs":36,"pop":104,"pointCount":3,"homeWorkCommuteMedian":3288,"workHomeCommuteMedian":39192},"geometry":{"type":"Polygon","coordinates":[[[16.605406225412228,51.101112185451036],[16.605406225412228,51.11010538908828],[16.614399429049474,51.11010538908828],[16.614399429049474,51.101112185451036],[16.605406225412228,51.101112185451036]]]}},{"type":"Feature","properties":{"jobs":28,"pop":0,"pointCount":1,"homeWorkCommuteMedian":-1,"workHomeCommuteMedian":6379},"geometry":{"type":"Polygon","coordinates":[[[16.605406225412228,51.13708500000002],[16.605406225412228,51.146078203637266],[16.614399429049474,51.146078203637266],[16.614399429049474,51.13708500000002],[16.605406225412228,51.13708500000002]]]}},{"type":"Feature","properties":{"jobs":101,"pop":249,"pointCount":3,"homeWorkCommuteMedian":6287,"workHomeCommuteMedian":6881},"geometry":{"type":"Polygon","coordinates":[[[16.605406225412228,51.15507140727451],[16.605406225412228,51.16406461091176],[16.614399429049474,51.16406461091176],[16.614399429049474,51.15507140727451],[16.605406225412228,51.15507140727451]]]}},{"type":"Feature","properties":{"jobs":237,"pop":143,"pointCount":5,"homeWorkCommuteMedian":3933,"workHomeCommuteMedian":5499},"geometry":{"type":"Polygon","coordinates":[[[16.605406225412228,51.16406461091176],[16.605406225412228,51.173057814549004],[16.614399429049474,51.173057814549004],[16.614399429049474,51.16406461091176],[16.605406225412228,51.16406461091176]]]}},{"type":"Feature","properties":{"jobs":168,"pop":156,"pointCount":6,"homeWorkCommuteMedian":6423,"workHomeCommuteMedian":4778},"geometry":{"type":"Polygon","coordinates":[[[16.605406225412228,51.191044221823496],[16.605406225412228,51.20003742546074],[16.614399429049474,51.20003742546074],[16.614399429049474,51.191044221823496],[16.605406225412228,51.191044221823496]]]}},{"type":"Feature","properties":{"jobs":49,"pop":85,"pointCount":3,"homeWorkCommuteMedian":7984,"workHomeCommuteMedian":6160},"geometry":{"type":"Polygon","coordinates":[[[16.605406225412228,51.20003742546074],[16.605406225412228,51.20903062909799],[16.614399429049474,51.20903062909799],[16.614399429049474,51.20003742546074],[16.605406225412228,51.20003742546074]]]}},{"type":"Feature","properties":{"jobs":0,"pop":23,"pointCount":1,"homeWorkCommuteMedian":4650,"workHomeCommuteMedian":-1},"geometry":{"type":"Polygon","coordinates":[[[16.605406225412228,51.236010240009726],[16.605406225412228,51.24500344364697],[16.614399429049474,51.24500344364697],[16.614399429049474,51.236010240009726],[16.605406225412228,51.236010240009726]]]}},{"type":"Feature","properties":{"jobs":42,"pop":61,"pointCount":2,"homeWorkCommuteMedian":6102,"workHomeCommuteMedian":31148},"geometry":{"type":"Polygon","coordinates":[[[16.614399429049474,50.93024131634336],[16.614399429049474,50.93923451998061],[16.62339263268672,50.93923451998061],[16.62339263268672,50.93024131634336],[16.614399429049474,50.93024131634336]]]}},{"type":"Feature","properties":{"jobs":0,"pop":116,"pointCount":3,"homeWorkCommuteMedian":5746,"workHomeCommuteMedian":-1},"geometry":{"type":"Polygon","coordinates":[[[16.614399429049474,50.96621413089235],[16.614399429049474,50.97520733452959],[16.62339263268672,50.97520733452959],[16.62339263268672,50.96621413089235],[16.614399429049474,50.96621413089235]]]}},{"type":"Feature","properties":{"jobs":23,"pop":48,"pointCount":2,"homeWorkCommuteMedian":7080,"workHomeCommuteMedian":116},"geometry":{"type":"Polygon","coordinates":[[[16.614399429049474,50.993193741804085],[16.614399429049474,51.00218694544133],[16.62339263268672,51.00218694544133],[16.62339263268672,50.993193741804085],[16.614399429049474,50.993193741804085]]]}},{"type":"Feature","properties":{"jobs":129,"pop":133,"pointCount":5,"homeWorkCommuteMedian":39981,"workHomeCommuteMedian":6347},"geometry":{"type":"Polygon","coordinates":[[[16.614399429049474,51.038159759990315],[16.614399429049474,51.04715296362756],[16.62339263268672,51.04715296362756],[16.62339263268672,51.038159759990315],[16.614399429049474,51.038159759990315]]]}},{"type":"Feature","properties":{"jobs":865,"pop":0,"pointCount":5,"homeWorkCommuteMedian":-1,"workHomeCommuteMedian":3863},"geometry":{"type":"Polygon","coordinates":[[[16.614399429049474,51.16406461091176],[16.614399429049474,51.173057814549004],[16.62339263268672,51.173057814549004],[16.62339263268672,51.16406461091176],[16.614399429049474,51.16406461091176]]]}},{"type":"Feature","properties":{"jobs":0,"pop":150,"pointCount":5,"homeWorkCommuteMedian":6174,"workHomeCommuteMedian":-1},"geometry":{"type":"Polygon","coordinates":[[[16.614399429049474,51.191044221823496],[16.614399429049474,51.20003742546074],[16.62339263268672,51.20003742546074],[16.62339263268672,51.191044221823496],[16.614399429049474,51.191044221823496]]]}},{"type":"Feature","properties":{"jobs":0,"pop":55,"pointCount":1,"homeWorkCommuteMedian":12028,"workHomeCommuteMedian":-1},"geometry":{"type":"Polygon","coordinates":[[[16.614399429049474,51.236010240009726],[16.614399429049474,51.24500344364697],[16.62339263268672,51.24500344364697],[16.62339263268672,51.236010240009726],[16.614399429049474,51.236010240009726]]]}},{"type":"Feature","properties":{"jobs":0,"pop":83,"pointCount":3,"homeWorkCommuteMedian":8668,"workHomeCommuteMedian":-1},"geometry":{"type":"Polygon","coordinates":[[[16.614399429049474,51.24500344364697],[16.614399429049474,51.25399664728422],[16.62339263268672,51.25399664728422],[16.62339263268672,51.24500344364697],[16.614399429049474,51.24500344364697]]]}},{"type":"Feature","properties":{"jobs":287,"pop":0,"pointCount":2,"homeWorkCommuteMedian":-1,"workHomeCommuteMedian":9497},"geometry":{"type":"Polygon","coordinates":[[[16.614399429049474,51.25399664728422],[16.614399429049474,51.262989850921464],[16.62339263268672,51.262989850921464],[16.62339263268672,51.25399664728422],[16.614399429049474,51.25399664728422]]]}},{"type":"Feature","properties":{"jobs":74,"pop":92,"pointCount":3,"homeWorkCommuteMedian":1675,"workHomeCommuteMedian":8696},"geometry":{"type":"Polygon","coordinates":[[[16.62339263268672,50.96621413089235],[16.62339263268672,50.97520733452959],[16.632385836323966,50.97520733452959],[16.632385836323966,50.96621413089235],[16.62339263268672,50.96621413089235]]]}},{"type":"Feature","properties":{"jobs":0,"pop":40,"pointCount":1,"homeWorkCommuteMedian":40569,"workHomeCommuteMedian":-1},"geometry":{"type":"Polygon","coordinates":[[[16.62339263268672,50.993193741804085],[16.62339263268672,51.00218694544133],[16.632385836323966,51.00218694544133],[16.632385836323966,50.993193741804085],[16.62339263268672,50.993193741804085]]]}},{"type":"Feature","properties":{"jobs":53,"pop":52,"pointCount":1,"homeWorkCommuteMedian":3716,"workHomeCommuteMedian":3798},"geometry":{"type":"Polygon","coordinates":[[[16.62339263268672,51.01118014907858],[16.62339263268672,51.02017335271582],[16.632385836323966,51.02017335271582],[16.632385836323966,51.01118014907858],[16.62339263268672,51.01118014907858]]]}},{"type":"Feature","properties":{"jobs":46,"pop":0,"pointCount":1,"homeWorkCommuteMedian":-1,"workHomeCommuteMedian":8874},"geometry":{"type":"Polygon","coordinates":[[[16.62339263268672,51.15507140727451],[16.62339263268672,51.16406461091176],[16.632385836323966,51.16406461091176],[16.632385836323966,51.15507140727451],[16.62339263268672,51.15507140727451]]]}},{"type":"Feature","properties":{"jobs":721,"pop":94,"pointCount":7,"homeWorkCommuteMedian":7887,"workHomeCommuteMedian":6174},"geometry":{"type":"Polygon","coordinates":[[[16.62339263268672,51.16406461091176],[16.62339263268672,51.173057814549004],[16.632385836323966,51.173057814549004],[16.632385836323966,51.16406461091176],[16.62339263268672,51.16406461091176]]]}},{"type":"Feature","properties":{"jobs":0,"pop":37,"pointCount":1,"homeWorkCommuteMedian":5030,"workHomeCommuteMedian":-1},"geometry":{"type":"Polygon","coordinates":[[[16.62339263268672,51.18205101818625],[16.62339263268672,51.191044221823496],[16.632385836323966,51.191044221823496],[16.632385836323966,51.18205101818625],[16.62339263268672,51.18205101818625]]]}},{"type":"Feature","properties":{"jobs":0,"pop":82,"pointCount":2,"homeWorkCommuteMedian":6376,"workHomeCommuteMedian":-1},"geometry":{"type":"Polygon","coordinates":[[[16.62339263268672,51.191044221823496],[16.62339263268672,51.20003742546074],[16.632385836323966,51.20003742546074],[16.632385836323966,51.191044221823496],[16.62339263268672,51.191044221823496]]]}},{"type":"Feature","properties":{"jobs":33,"pop":0,"pointCount":1,"homeWorkCommuteMedian":-1,"workHomeCommuteMedian":9932},"geometry":{"type":"Polygon","coordinates":[[[16.62339263268672,51.25399664728422],[16.62339263268672,51.262989850921464],[16.632385836323966,51.262989850921464],[16.632385836323966,51.25399664728422],[16.62339263268672,51.25399664728422]]]}},{"type":"Feature","properties":{"jobs":21,"pop":0,"pointCount":1,"homeWorkCommuteMedian":-1,"workHomeCommuteMedian":5746},"geometry":{"type":"Polygon","coordinates":[[[16.632385836323966,50.93923451998061],[16.632385836323966,50.948227723617855],[16.641379039961212,50.948227723617855],[16.641379039961212,50.93923451998061],[16.632385836323966,50.93923451998061]]]}},{"type":"Feature","properties":{"jobs":196,"pop":0,"pointCount":4,"homeWorkCommuteMedian":-1,"workHomeCommuteMedian":9240},"geometry":{"type":"Polygon","coordinates":[[[16.632385836323966,50.96621413089235],[16.632385836323966,50.97520733452959],[16.641379039961212,50.97520733452959],[16.641379039961212,50.96621413089235],[16.632385836323966,50.96621413089235]]]}},{"type":"Feature","properties":{"jobs":0,"pop":26,"pointCount":1,"homeWorkCommuteMedian":2718,"workHomeCommuteMedian":-1},"geometry":{"type":"Polygon","coordinates":[[[16.632385836323966,50.993193741804085],[16.632385836323966,51.00218694544133],[16.641379039961212,51.00218694544133],[16.641379039961212,50.993193741804085],[16.632385836323966,50.993193741804085]]]}},{"type":"Feature","properties":{"jobs":40,"pop":0,"pointCount":1,"homeWorkCommuteMedian":-1,"workHomeCommuteMedian":32507},"geometry":{"type":"Polygon","coordinates":[[[16.632385836323966,51.128091796362774],[16.632385836323966,51.13708500000002],[16.641379039961212,51.13708500000002],[16.641379039961212,51.128091796362774],[16.632385836323966,51.128091796362774]]]}},{"type":"Feature","properties":{"jobs":42,"pop":50,"pointCount":3,"homeWorkCommuteMedian":2726,"workHomeCommuteMedian":12724},"geometry":{"type":"Polygon","coordinates":[[[16.632385836323966,51.16406461091176],[16.632385836323966,51.173057814549004],[16.641379039961212,51.173057814549004],[16.641379039961212,51.16406461091176],[16.632385836323966,51.16406461091176]]]}},{"type":"Feature","properties":{"jobs":27,"pop":92,"pointCount":3,"homeWorkCommuteMedian":48778,"workHomeCommuteMedian":61260},"geometry":{"type":"Polygon","coordinates":[[[16.632385836323966,51.24500344364697],[16.632385836323966,51.25399664728422],[16.641379039961212,51.25399664728422],[16.641379039961212,51.24500344364697],[16.632385836323966,51.24500344364697]]]}},{"type":"Feature","properties":{"jobs":0,"pop":78,"pointCount":1,"homeWorkCommuteMedian":10859,"workHomeCommuteMedian":-1},"geometry":{"type":"Polygon","coordinates":[[[16.632385836323966,51.25399664728422],[16.632385836323966,51.262989850921464],[16.641379039961212,51.262989850921464],[16.641379039961212,51.25399664728422],[16.632385836323966,51.25399664728422]]]}},{"type":"Feature","properties":{"jobs":99,"pop":48,"pointCount":5,"homeWorkCommuteMedian":58882,"workHomeCommuteMedian":6102},"geometry":{"type":"Polygon","coordinates":[[[16.641379039961212,50.96621413089235],[16.641379039961212,50.97520733452959],[16.650372243598458,50.97520733452959],[16.650372243598458,50.96621413089235],[16.641379039961212,50.96621413089235]]]}},{"type":"Feature","properties":{"jobs":247,"pop":0,"pointCount":2,"homeWorkCommuteMedian":-1,"workHomeCommuteMedian":4654},"geometry":{"type":"Polygon","coordinates":[[[16.641379039961212,50.97520733452959],[16.641379039961212,50.98420053816684],[16.650372243598458,50.98420053816684],[16.650372243598458,50.97520733452959],[16.641379039961212,50.97520733452959]]]}},{"type":"Feature","properties":{"jobs":38,"pop":47,"pointCount":2,"homeWorkCommuteMedian":2112,"workHomeCommuteMedian":40326},"geometry":{"type":"Polygon","coordinates":[[[16.641379039961212,50.993193741804085],[16.641379039961212,51.00218694544133],[16.650372243598458,51.00218694544133],[16.650372243598458,50.993193741804085],[16.641379039961212,50.993193741804085]]]}},{"type":"Feature","properties":{"jobs":49,"pop":55,"pointCount":2,"homeWorkCommuteMedian":5106,"workHomeCommuteMedian":27008},"geometry":{"type":"Polygon","coordinates":[[[16.641379039961212,51.05614616726481],[16.641379039961212,51.06513937090205],[16.650372243598458,51.06513937090205],[16.650372243598458,51.05614616726481],[16.641379039961212,51.05614616726481]]]}},{"type":"Feature","properties":{"jobs":0,"pop":27,"pointCount":1,"homeWorkCommuteMedian":12840,"workHomeCommuteMedian":-1},"geometry":{"type":"Polygon","coordinates":[[[16.641379039961212,51.083125778176544],[16.641379039961212,51.09211898181379],[16.650372243598458,51.09211898181379],[16.650372243598458,51.083125778176544],[16.641379039961212,51.083125778176544]]]}},{"type":"Feature","properties":{"jobs":37,"pop":79,"pointCount":3,"homeWorkCommuteMedian":14978,"workHomeCommuteMedian":52248},"geometry":{"type":"Polygon","coordinates":[[[16.641379039961212,51.09211898181379],[16.641379039961212,51.101112185451036],[16.650372243598458,51.101112185451036],[16.650372243598458,51.09211898181379],[16.641379039961212,51.09211898181379]]]}},{"type":"Feature","properties":{"jobs":0,"pop":88,"pointCount":1,"homeWorkCommuteMedian":4892,"workHomeCommuteMedian":-1},"geometry":{"type":"Polygon","coordinates":[[[16.641379039961212,51.128091796362774],[16.641379039961212,51.13708500000002],[16.650372243598458,51.13708500000002],[16.650372243598458,51.128091796362774],[16.641379039961212,51.128091796362774]]]}},{"type":"Feature","properties":{"jobs":0,"pop":109,"pointCount":1,"homeWorkCommuteMedian":8607,"workHomeCommuteMedian":-1},"geometry":{"type":"Polygon","coordinates":[[[16.641379039961212,51.13708500000002],[16.641379039961212,51.146078203637266],[16.650372243598458,51.146078203637266],[16.650372243598458,51.13708500000002],[16.641379039961212,51.13708500000002]]]}},{"type":"Feature","properties":{"jobs":0,"pop":31,"pointCount":1,"homeWorkCommuteMedian":10758,"workHomeCommuteMedian":-1},"geometry":{"type":"Polygon","coordinates":[[[16.641379039961212,51.22701703637248],[16.641379039961212,51.236010240009726],[16.650372243598458,51.236010240009726],[16.650372243598458,51.22701703637248],[16.641379039961212,51.22701703637248]]]}},{"type":"Feature","properties":{"jobs":0,"pop":35,"pointCount":1,"homeWorkCommuteMedian":14808,"workHomeCommuteMedian":-1},"geometry":{"type":"Polygon","coordinates":[[[16.641379039961212,51.236010240009726],[16.641379039961212,51.24500344364697],[16.650372243598458,51.24500344364697],[16.650372243598458,51.236010240009726],[16.641379039961212,51.236010240009726]]]}},{"type":"Feature","properties":{"jobs":0,"pop":74,"pointCount":1,"homeWorkCommuteMedian":34215,"workHomeCommuteMedian":-1},"geometry":{"type":"Polygon","coordinates":[[[16.650372243598458,50.93923451998061],[16.650372243598458,50.948227723617855],[16.659365447235704,50.948227723617855],[16.659365447235704,50.93923451998061],[16.650372243598458,50.93923451998061]]]}},{"type":"Feature","properties":{"jobs":60,"pop":0,"pointCount":1,"homeWorkCommuteMedian":-1,"workHomeCommuteMedian":6874},"geometry":{"type":"Polygon","coordinates":[[[16.650372243598458,50.948227723617855],[16.650372243598458,50.9572209272551],[16.659365447235704,50.9572209272551],[16.659365447235704,50.948227723617855],[16.650372243598458,50.948227723617855]]]}},{"type":"Feature","properties":{"jobs":0,"pop":71,"pointCount":1,"homeWorkCommuteMedian":8194,"workHomeCommuteMedian":-1},"geometry":{"type":"Polygon","coordinates":[[[16.650372243598458,50.96621413089235],[16.650372243598458,50.97520733452959],[16.659365447235704,50.97520733452959],[16.659365447235704,50.96621413089235],[16.650372243598458,50.96621413089235]]]}},{"type":"Feature","properties":{"jobs":210,"pop":77,"pointCount":4,"homeWorkCommuteMedian":2266,"workHomeCommuteMedian":2818},"geometry":{"type":"Polygon","coordinates":[[[16.650372243598458,50.97520733452959],[16.650372243598458,50.98420053816684],[16.659365447235704,50.98420053816684],[16.659365447235704,50.97520733452959],[16.650372243598458,50.97520733452959]]]}},{"type":"Feature","properties":{"jobs":0,"pop":25,"pointCount":1,"homeWorkCommuteMedian":1483,"workHomeCommuteMedian":-1},"geometry":{"type":"Polygon","coordinates":[[[16.650372243598458,50.98420053816684],[16.650372243598458,50.993193741804085],[16.659365447235704,50.993193741804085],[16.659365447235704,50.98420053816684],[16.650372243598458,50.98420053816684]]]}},{"type":"Feature","properties":{"jobs":38,"pop":0,"pointCount":1,"homeWorkCommuteMedian":-1,"workHomeCommuteMedian":15612},"geometry":{"type":"Polygon","coordinates":[[[16.650372243598458,51.04715296362756],[16.650372243598458,51.05614616726481],[16.659365447235704,51.05614616726481],[16.659365447235704,51.04715296362756],[16.650372243598458,51.04715296362756]]]}},{"type":"Feature","properties":{"jobs":37,"pop":26,"pointCount":2,"homeWorkCommuteMedian":36065,"workHomeCommuteMedian":10696},"geometry":{"type":"Polygon","coordinates":[[[16.650372243598458,51.0741325745393],[16.650372243598458,51.083125778176544],[16.659365447235704,51.083125778176544],[16.659365447235704,51.0741325745393],[16.650372243598458,51.0741325745393]]]}},{"type":"Feature","properties":{"jobs":0,"pop":62,"pointCount":2,"homeWorkCommuteMedian":14701,"workHomeCommuteMedian":-1},"geometry":{"type":"Polygon","coordinates":[[[16.650372243598458,51.083125778176544],[16.650372243598458,51.09211898181379],[16.659365447235704,51.09211898181379],[16.659365447235704,51.083125778176544],[16.650372243598458,51.083125778176544]]]}},{"type":"Feature","properties":{"jobs":199,"pop":186,"pointCount":6,"homeWorkCommuteMedian":15050,"workHomeCommuteMedian":12686},"geometry":{"type":"Polygon","coordinates":[[[16.650372243598458,51.09211898181379],[16.650372243598458,51.101112185451036],[16.659365447235704,51.101112185451036],[16.659365447235704,51.09211898181379],[16.650372243598458,51.09211898181379]]]}},{"type":"Feature","properties":{"jobs":251,"pop":0,"pointCount":1,"homeWorkCommuteMedian":-1,"workHomeCommuteMedian":5024},"geometry":{"type":"Polygon","coordinates":[[[16.650372243598458,51.16406461091176],[16.650372243598458,51.173057814549004],[16.659365447235704,51.173057814549004],[16.659365447235704,51.16406461091176],[16.650372243598458,51.16406461091176]]]}},{"type":"Feature","properties":{"jobs":56,"pop":0,"pointCount":1,"homeWorkCommuteMedian":-1,"workHomeCommuteMedian":11078},"geometry":{"type":"Polygon","coordinates":[[[16.650372243598458,51.173057814549004],[16.650372243598458,51.18205101818625],[16.659365447235704,51.18205101818625],[16.659365447235704,51.173057814549004],[16.650372243598458,51.173057814549004]]]}},{"type":"Feature","properties":{"jobs":0,"pop":95,"pointCount":2,"homeWorkCommuteMedian":3955,"workHomeCommuteMedian":-1},"geometry":{"type":"Polygon","coordinates":[[[16.650372243598458,51.18205101818625],[16.650372243598458,51.191044221823496],[16.659365447235704,51.191044221823496],[16.659365447235704,51.18205101818625],[16.650372243598458,51.18205101818625]]]}},{"type":"Feature","properties":{"jobs":22,"pop":0,"pointCount":1,"homeWorkCommuteMedian":-1,"workHomeCommuteMedian":13349},"geometry":{"type":"Polygon","coordinates":[[[16.650372243598458,51.236010240009726],[16.650372243598458,51.24500344364697],[16.659365447235704,51.24500344364697],[16.659365447235704,51.236010240009726],[16.650372243598458,51.236010240009726]]]}},{"type":"Feature","properties":{"jobs":104,"pop":0,"pointCount":1,"homeWorkCommuteMedian":-1,"workHomeCommuteMedian":7427},"geometry":{"type":"Polygon","coordinates":[[[16.650372243598458,51.24500344364697],[16.650372243598458,51.25399664728422],[16.659365447235704,51.25399664728422],[16.659365447235704,51.24500344364697],[16.650372243598458,51.24500344364697]]]}},{"type":"Feature","properties":{"jobs":0,"pop":141,"pointCount":3,"homeWorkCommuteMedian":4105,"workHomeCommuteMedian":-1},"geometry":{"type":"Polygon","coordinates":[[[16.650372243598458,51.27198305455871],[16.650372243598458,51.280976258195956],[16.659365447235704,51.280976258195956],[16.659365447235704,51.27198305455871],[16.650372243598458,51.27198305455871]]]}},{"type":"Feature","properties":{"jobs":0,"pop":86,"pointCount":3,"homeWorkCommuteMedian":3282,"workHomeCommuteMedian":-1},"geometry":{"type":"Polygon","coordinates":[[[16.659365447235704,50.948227723617855],[16.659365447235704,50.9572209272551],[16.66835865087295,50.9572209272551],[16.66835865087295,50.948227723617855],[16.659365447235704,50.948227723617855]]]}},{"type":"Feature","properties":{"jobs":61,"pop":67,"pointCount":2,"homeWorkCommuteMedian":2524,"workHomeCommuteMedian":7080},"geometry":{"type":"Polygon","coordinates":[[[16.659365447235704,50.9572209272551],[16.659365447235704,50.96621413089235],[16.66835865087295,50.96621413089235],[16.66835865087295,50.9572209272551],[16.659365447235704,50.9572209272551]]]}},{"type":"Feature","properties":{"jobs":23,"pop":33,"pointCount":1,"homeWorkCommuteMedian":7463,"workHomeCommuteMedian":41440},"geometry":{"type":"Polygon","coordinates":[[[16.659365447235704,51.02916655635307],[16.659365447235704,51.038159759990315],[16.66835865087295,51.038159759990315],[16.66835865087295,51.02916655635307],[16.659365447235704,51.02916655635307]]]}},{"type":"Feature","properties":{"jobs":112,"pop":28,"pointCount":3,"homeWorkCommuteMedian":7622,"workHomeCommuteMedian":30132},"geometry":{"type":"Polygon","coordinates":[[[16.659365447235704,51.04715296362756],[16.659365447235704,51.05614616726481],[16.66835865087295,51.05614616726481],[16.66835865087295,51.04715296362756],[16.659365447235704,51.04715296362756]]]}},{"type":"Feature","properties":{"jobs":0,"pop":34,"pointCount":1,"homeWorkCommuteMedian":7180,"workHomeCommuteMedian":-1},"geometry":{"type":"Polygon","coordinates":[[[16.659365447235704,51.11909859272553],[16.659365447235704,51.128091796362774],[16.66835865087295,51.128091796362774],[16.66835865087295,51.11909859272553],[16.659365447235704,51.11909859272553]]]}},{"type":"Feature","properties":{"jobs":0,"pop":23,"pointCount":1,"homeWorkCommuteMedian":9126,"workHomeCommuteMedian":-1},"geometry":{"type":"Polygon","coordinates":[[[16.659365447235704,51.128091796362774],[16.659365447235704,51.13708500000002],[16.66835865087295,51.13708500000002],[16.66835865087295,51.128091796362774],[16.659365447235704,51.128091796362774]]]}},{"type":"Feature","properties":{"jobs":1505,"pop":0,"pointCount":4,"homeWorkCommuteMedian":-1,"workHomeCommuteMedian":8286},"geometry":{"type":"Polygon","coordinates":[[[16.659365447235704,51.16406461091176],[16.659365447235704,51.173057814549004],[16.66835865087295,51.173057814549004],[16.66835865087295,51.16406461091176],[16.659365447235704,51.16406461091176]]]}},{"type":"Feature","properties":{"jobs":0,"pop":92,"pointCount":2,"homeWorkCommuteMedian":6668,"workHomeCommuteMedian":-1},"geometry":{"type":"Polygon","coordinates":[[[16.659365447235704,51.173057814549004],[16.659365447235704,51.18205101818625],[16.66835865087295,51.18205101818625],[16.66835865087295,51.173057814549004],[16.659365447235704,51.173057814549004]]]}},{"type":"Feature","properties":{"jobs":0,"pop":129,"pointCount":4,"homeWorkCommuteMedian":10235,"workHomeCommuteMedian":-1},"geometry":{"type":"Polygon","coordinates":[[[16.659365447235704,51.18205101818625],[16.659365447235704,51.191044221823496],[16.66835865087295,51.191044221823496],[16.66835865087295,51.18205101818625],[16.659365447235704,51.18205101818625]]]}},{"type":"Feature","properties":{"jobs":0,"pop":42,"pointCount":1,"homeWorkCommuteMedian":12096,"workHomeCommuteMedian":-1},"geometry":{"type":"Polygon","coordinates":[[[16.659365447235704,51.25399664728422],[16.659365447235704,51.262989850921464],[16.66835865087295,51.262989850921464],[16.66835865087295,51.25399664728422],[16.659365447235704,51.25399664728422]]]}},{"type":"Feature","properties":{"jobs":44,"pop":21,"pointCount":2,"homeWorkCommuteMedian":4994,"workHomeCommuteMedian":10664},"geometry":{"type":"Polygon","coordinates":[[[16.659365447235704,51.27198305455871],[16.659365447235704,51.280976258195956],[16.66835865087295,51.280976258195956],[16.66835865087295,51.27198305455871],[16.659365447235704,51.27198305455871]]]}},{"type":"Feature","properties":{"jobs":36,"pop":31,"pointCount":2,"homeWorkCommuteMedian":53552,"workHomeCommuteMedian":6244},"geometry":{"type":"Polygon","coordinates":[[[16.66835865087295,50.993193741804085],[16.66835865087295,51.00218694544133],[16.677351854510196,51.00218694544133],[16.677351854510196,50.993193741804085],[16.66835865087295,50.993193741804085]]]}},{"type":"Feature","properties":{"jobs":32,"pop":33,"pointCount":2,"homeWorkCommuteMedian":9315,"workHomeCommuteMedian":9760},"geometry":{"type":"Polygon","coordinates":[[[16.66835865087295,51.00218694544133],[16.66835865087295,51.01118014907858],[16.677351854510196,51.01118014907858],[16.677351854510196,51.00218694544133],[16.66835865087295,51.00218694544133]]]}},{"type":"Feature","properties":{"jobs":90,"pop":100,"pointCount":2,"homeWorkCommuteMedian":7671,"workHomeCommuteMedian":8512},"geometry":{"type":"Polygon","coordinates":[[[16.66835865087295,51.02916655635307],[16.66835865087295,51.038159759990315],[16.677351854510196,51.038159759990315],[16.677351854510196,51.02916655635307],[16.66835865087295,51.02916655635307]]]}},{"type":"Feature","properties":{"jobs":32,"pop":36,"pointCount":1,"homeWorkCommuteMedian":10403,"workHomeCommuteMedian":3374},"geometry":{"type":"Polygon","coordinates":[[[16.66835865087295,51.06513937090205],[16.66835865087295,51.0741325745393],[16.677351854510196,51.0741325745393],[16.677351854510196,51.06513937090205],[16.66835865087295,51.06513937090205]]]}},{"type":"Feature","properties":{"jobs":95,"pop":143,"pointCount":3,"homeWorkCommuteMedian":8092,"workHomeCommuteMedian":11207},"geometry":{"type":"Polygon","coordinates":[[[16.66835865087295,51.128091796362774],[16.66835865087295,51.13708500000002],[16.677351854510196,51.13708500000002],[16.677351854510196,51.128091796362774],[16.66835865087295,51.128091796362774]]]}},{"type":"Feature","properties":{"jobs":0,"pop":46,"pointCount":1,"homeWorkCommuteMedian":4910,"workHomeCommuteMedian":-1},"geometry":{"type":"Polygon","coordinates":[[[16.66835865087295,51.146078203637266],[16.66835865087295,51.15507140727451],[16.677351854510196,51.15507140727451],[16.677351854510196,51.146078203637266],[16.66835865087295,51.146078203637266]]]}},{"type":"Feature","properties":{"jobs":0,"pop":35,"pointCount":1,"homeWorkCommuteMedian":3848,"workHomeCommuteMedian":-1},"geometry":{"type":"Polygon","coordinates":[[[16.66835865087295,51.15507140727451],[16.66835865087295,51.16406461091176],[16.677351854510196,51.16406461091176],[16.677351854510196,51.15507140727451],[16.66835865087295,51.15507140727451]]]}},{"type":"Feature","properties":{"jobs":0,"pop":36,"pointCount":1,"homeWorkCommuteMedian":4178,"workHomeCommuteMedian":-1},"geometry":{"type":"Polygon","coordinates":[[[16.66835865087295,51.18205101818625],[16.66835865087295,51.191044221823496],[16.677351854510196,51.191044221823496],[16.677351854510196,51.18205101818625],[16.66835865087295,51.18205101818625]]]}},{"type":"Feature","properties":{"jobs":0,"pop":28,"pointCount":1,"homeWorkCommuteMedian":11037,"workHomeCommuteMedian":-1},"geometry":{"type":"Polygon","coordinates":[[[16.66835865087295,51.22701703637248],[16.66835865087295,51.236010240009726],[16.677351854510196,51.236010240009726],[16.677351854510196,51.22701703637248],[16.66835865087295,51.22701703637248]]]}},{"type":"Feature","properties":{"jobs":0,"pop":22,"pointCount":1,"homeWorkCommuteMedian":2911,"workHomeCommuteMedian":-1},"geometry":{"type":"Polygon","coordinates":[[[16.66835865087295,51.27198305455871],[16.66835865087295,51.280976258195956],[16.677351854510196,51.280976258195956],[16.677351854510196,51.27198305455871],[16.66835865087295,51.27198305455871]]]}},{"type":"Feature","properties":{"jobs":33,"pop":64,"pointCount":3,"homeWorkCommuteMedian":4352,"workHomeCommuteMedian":2498},"geometry":{"type":"Polygon","coordinates":[[[16.677351854510196,50.948227723617855],[16.677351854510196,50.9572209272551],[16.68634505814744,50.9572209272551],[16.68634505814744,50.948227723617855],[16.677351854510196,50.948227723617855]]]}},{"type":"Feature","properties":{"jobs":0,"pop":91,"pointCount":1,"homeWorkCommuteMedian":54958,"workHomeCommuteMedian":-1},"geometry":{"type":"Polygon","coordinates":[[[16.677351854510196,50.9572209272551],[16.677351854510196,50.96621413089235],[16.68634505814744,50.96621413089235],[16.68634505814744,50.9572209272551],[16.677351854510196,50.9572209272551]]]}},{"type":"Feature","properties":{"jobs":21,"pop":35,"pointCount":2,"homeWorkCommuteMedian":3046,"workHomeCommuteMedian":6622},"geometry":{"type":"Polygon","coordinates":[[[16.677351854510196,51.00218694544133],[16.677351854510196,51.01118014907858],[16.68634505814744,51.01118014907858],[16.68634505814744,51.00218694544133],[16.677351854510196,51.00218694544133]]]}},{"type":"Feature","properties":{"jobs":162,"pop":157,"pointCount":6,"homeWorkCommuteMedian":8954,"workHomeCommuteMedian":29650},"geometry":{"type":"Polygon","coordinates":[[[16.677351854510196,51.02916655635307],[16.677351854510196,51.038159759990315],[16.68634505814744,51.038159759990315],[16.68634505814744,51.02916655635307],[16.677351854510196,51.02916655635307]]]}},{"type":"Feature","properties":{"jobs":0,"pop":30,"pointCount":1,"homeWorkCommuteMedian":1534,"workHomeCommuteMedian":-1},"geometry":{"type":"Polygon","coordinates":[[[16.677351854510196,51.04715296362756],[16.677351854510196,51.05614616726481],[16.68634505814744,51.05614616726481],[16.68634505814744,51.04715296362756],[16.677351854510196,51.04715296362756]]]}},{"type":"Feature","properties":{"jobs":0,"pop":23,"pointCount":1,"homeWorkCommuteMedian":37508,"workHomeCommuteMedian":-1},"geometry":{"type":"Polygon","coordinates":[[[16.677351854510196,51.06513937090205],[16.677351854510196,51.0741325745393],[16.68634505814744,51.0741325745393],[16.68634505814744,51.06513937090205],[16.677351854510196,51.06513937090205]]]}},{"type":"Feature","properties":{"jobs":0,"pop":205,"pointCount":1,"homeWorkCommuteMedian":9679,"workHomeCommuteMedian":-1},"geometry":{"type":"Polygon","coordinates":[[[16.677351854510196,51.0741325745393],[16.677351854510196,51.083125778176544],[16.68634505814744,51.083125778176544],[16.68634505814744,51.0741325745393],[16.677351854510196,51.0741325745393]]]}},{"type":"Feature","properties":{"jobs":0,"pop":73,"pointCount":1,"homeWorkCommuteMedian":9131,"workHomeCommuteMedian":-1},"geometry":{"type":"Polygon","coordinates":[[[16.677351854510196,51.13708500000002],[16.677351854510196,51.146078203637266],[16.68634505814744,51.146078203637266],[16.68634505814744,51.13708500000002],[16.677351854510196,51.13708500000002]]]}},{"type":"Feature","properties":{"jobs":0,"pop":39,"pointCount":1,"homeWorkCommuteMedian":11997,"workHomeCommuteMedian":-1},"geometry":{"type":"Polygon","coordinates":[[[16.677351854510196,51.146078203637266],[16.677351854510196,51.15507140727451],[16.68634505814744,51.15507140727451],[16.68634505814744,51.146078203637266],[16.677351854510196,51.146078203637266]]]}},{"type":"Feature","properties":{"jobs":29,"pop":0,"pointCount":1,"homeWorkCommuteMedian":-1,"workHomeCommuteMedian":6326},"geometry":{"type":"Polygon","coordinates":[[[16.677351854510196,51.15507140727451],[16.677351854510196,51.16406461091176],[16.68634505814744,51.16406461091176],[16.68634505814744,51.15507140727451],[16.677351854510196,51.15507140727451]]]}},{"type":"Feature","properties":{"jobs":0,"pop":24,"pointCount":1,"homeWorkCommuteMedian":14828,"workHomeCommuteMedian":-1},"geometry":{"type":"Polygon","coordinates":[[[16.677351854510196,51.18205101818625],[16.677351854510196,51.191044221823496],[16.68634505814744,51.191044221823496],[16.68634505814744,51.18205101818625],[16.677351854510196,51.18205101818625]]]}},{"type":"Feature","properties":{"jobs":0,"pop":49,"pointCount":2,"homeWorkCommuteMedian":3733,"workHomeCommuteMedian":-1},"geometry":{"type":"Polygon","coordinates":[[[16.677351854510196,51.25399664728422],[16.677351854510196,51.262989850921464],[16.68634505814744,51.262989850921464],[16.68634505814744,51.25399664728422],[16.677351854510196,51.25399664728422]]]}},{"type":"Feature","properties":{"jobs":0,"pop":20,"pointCount":1,"homeWorkCommuteMedian":18277,"workHomeCommuteMedian":-1},"geometry":{"type":"Polygon","coordinates":[[[16.68634505814744,50.948227723617855],[16.68634505814744,50.9572209272551],[16.695338261784688,50.9572209272551],[16.695338261784688,50.948227723617855],[16.68634505814744,50.948227723617855]]]}},{"type":"Feature","properties":{"jobs":48,"pop":0,"pointCount":1,"homeWorkCommuteMedian":-1,"workHomeCommuteMedian":9315},"geometry":{"type":"Polygon","coordinates":[[[16.68634505814744,50.97520733452959],[16.68634505814744,50.98420053816684],[16.695338261784688,50.98420053816684],[16.695338261784688,50.97520733452959],[16.68634505814744,50.97520733452959]]]}},{"type":"Feature","properties":{"jobs":0,"pop":31,"pointCount":1,"homeWorkCommuteMedian":6390,"workHomeCommuteMedian":-1},"geometry":{"type":"Polygon","coordinates":[[[16.68634505814744,51.02916655635307],[16.68634505814744,51.038159759990315],[16.695338261784688,51.038159759990315],[16.695338261784688,51.02916655635307],[16.68634505814744,51.02916655635307]]]}},{"type":"Feature","properties":{"jobs":66,"pop":0,"pointCount":1,"homeWorkCommuteMedian":-1,"workHomeCommuteMedian":25361},"geometry":{"type":"Polygon","coordinates":[[[16.68634505814744,51.09211898181379],[16.68634505814744,51.101112185451036],[16.695338261784688,51.101112185451036],[16.695338261784688,51.09211898181379],[16.68634505814744,51.09211898181379]]]}},{"type":"Feature","properties":{"jobs":0,"pop":33,"pointCount":1,"homeWorkCommuteMedian":12580,"workHomeCommuteMedian":-1},"geometry":{"type":"Polygon","coordinates":[[[16.68634505814744,51.101112185451036],[16.68634505814744,51.11010538908828],[16.695338261784688,51.11010538908828],[16.695338261784688,51.101112185451036],[16.68634505814744,51.101112185451036]]]}},{"type":"Feature","properties":{"jobs":23,"pop":0,"pointCount":1,"homeWorkCommuteMedian":-1,"workHomeCommuteMedian":3690},"geometry":{"type":"Polygon","coordinates":[[[16.68634505814744,51.16406461091176],[16.68634505814744,51.173057814549004],[16.695338261784688,51.173057814549004],[16.695338261784688,51.16406461091176],[16.68634505814744,51.16406461091176]]]}},{"type":"Feature","properties":{"jobs":56,"pop":0,"pointCount":1,"homeWorkCommuteMedian":-1,"workHomeCommuteMedian":16710},"geometry":{"type":"Polygon","coordinates":[[[16.68634505814744,51.218023832735234],[16.68634505814744,51.22701703637248],[16.695338261784688,51.22701703637248],[16.695338261784688,51.218023832735234],[16.68634505814744,51.218023832735234]]]}},{"type":"Feature","properties":{"jobs":0,"pop":27,"pointCount":1,"homeWorkCommuteMedian":16632,"workHomeCommuteMedian":-1},"geometry":{"type":"Polygon","coordinates":[[[16.68634505814744,51.22701703637248],[16.68634505814744,51.236010240009726],[16.695338261784688,51.236010240009726],[16.695338261784688,51.22701703637248],[16.68634505814744,51.22701703637248]]]}},{"type":"Feature","properties":{"jobs":0,"pop":124,"pointCount":1,"homeWorkCommuteMedian":2192,"workHomeCommuteMedian":-1},"geometry":{"type":"Polygon","coordinates":[[[16.68634505814744,51.25399664728422],[16.68634505814744,51.262989850921464],[16.695338261784688,51.262989850921464],[16.695338261784688,51.25399664728422],[16.68634505814744,51.25399664728422]]]}},{"type":"Feature","properties":{"jobs":0,"pop":44,"pointCount":1,"homeWorkCommuteMedian":3283,"workHomeCommuteMedian":-1},"geometry":{"type":"Polygon","coordinates":[[[16.68634505814744,51.27198305455871],[16.68634505814744,51.280976258195956],[16.695338261784688,51.280976258195956],[16.695338261784688,51.27198305455871],[16.68634505814744,51.27198305455871]]]}},{"type":"Feature","properties":{"jobs":37,"pop":0,"pointCount":1,"homeWorkCommuteMedian":-1,"workHomeCommuteMedian":4321},"geometry":{"type":"Polygon","coordinates":[[[16.695338261784688,50.8403092799709],[16.695338261784688,50.84930248360815],[16.704331465421934,50.84930248360815],[16.704331465421934,50.8403092799709],[16.695338261784688,50.8403092799709]]]}},{"type":"Feature","properties":{"jobs":92,"pop":22,"pointCount":2,"homeWorkCommuteMedian":8714,"workHomeCommuteMedian":2050},"geometry":{"type":"Polygon","coordinates":[[[16.695338261784688,50.89426850179438],[16.695338261784688,50.903261705431625],[16.704331465421934,50.903261705431625],[16.704331465421934,50.89426850179438],[16.695338261784688,50.89426850179438]]]}},{"type":"Feature","properties":{"jobs":255,"pop":24,"pointCount":3,"homeWorkCommuteMedian":69203,"workHomeCommuteMedian":5187},"geometry":{"type":"Polygon","coordinates":[[[16.695338261784688,50.903261705431625],[16.695338261784688,50.91225490906887],[16.704331465421934,50.91225490906887],[16.704331465421934,50.903261705431625],[16.695338261784688,50.903261705431625]]]}},{"type":"Feature","properties":{"jobs":64,"pop":134,"pointCount":3,"homeWorkCommuteMedian":9383,"workHomeCommuteMedian":9484},"geometry":{"type":"Polygon","coordinates":[[[16.695338261784688,50.91225490906887],[16.695338261784688,50.92124811270612],[16.704331465421934,50.92124811270612],[16.704331465421934,50.91225490906887],[16.695338261784688,50.91225490906887]]]}},{"type":"Feature","properties":{"jobs":57,"pop":54,"pointCount":2,"homeWorkCommuteMedian":18923,"workHomeCommuteMedian":31018},"geometry":{"type":"Polygon","coordinates":[[[16.695338261784688,50.948227723617855],[16.695338261784688,50.9572209272551],[16.704331465421934,50.9572209272551],[16.704331465421934,50.948227723617855],[16.695338261784688,50.948227723617855]]]}},{"type":"Feature","properties":{"jobs":41,"pop":166,"pointCount":4,"homeWorkCommuteMedian":9760,"workHomeCommuteMedian":34447},"geometry":{"type":"Polygon","coordinates":[[[16.695338261784688,50.97520733452959],[16.695338261784688,50.98420053816684],[16.704331465421934,50.98420053816684],[16.704331465421934,50.97520733452959],[16.695338261784688,50.97520733452959]]]}},{"type":"Feature","properties":{"jobs":258,"pop":40,"pointCount":3,"homeWorkCommuteMedian":8161,"workHomeCommuteMedian":6612},"geometry":{"type":"Polygon","coordinates":[[[16.695338261784688,51.02916655635307],[16.695338261784688,51.038159759990315],[16.704331465421934,51.038159759990315],[16.704331465421934,51.02916655635307],[16.695338261784688,51.02916655635307]]]}},{"type":"Feature","properties":{"jobs":0,"pop":46,"pointCount":1,"homeWorkCommuteMedian":13008,"workHomeCommuteMedian":-1},"geometry":{"type":"Polygon","coordinates":[[[16.695338261784688,51.05614616726481],[16.695338261784688,51.06513937090205],[16.704331465421934,51.06513937090205],[16.704331465421934,51.05614616726481],[16.695338261784688,51.05614616726481]]]}},{"type":"Feature","properties":{"jobs":40,"pop":28,"pointCount":2,"homeWorkCommuteMedian":6612,"workHomeCommuteMedian":7567},"geometry":{"type":"Polygon","coordinates":[[[16.695338261784688,51.06513937090205],[16.695338261784688,51.0741325745393],[16.704331465421934,51.0741325745393],[16.704331465421934,51.06513937090205],[16.695338261784688,51.06513937090205]]]}},{"type":"Feature","properties":{"jobs":0,"pop":41,"pointCount":1,"homeWorkCommuteMedian":8593,"workHomeCommuteMedian":-1},"geometry":{"type":"Polygon","coordinates":[[[16.695338261784688,51.083125778176544],[16.695338261784688,51.09211898181379],[16.704331465421934,51.09211898181379],[16.704331465421934,51.083125778176544],[16.695338261784688,51.083125778176544]]]}},{"type":"Feature","properties":{"jobs":0,"pop":32,"pointCount":1,"homeWorkCommuteMedian":5203,"workHomeCommuteMedian":-1},"geometry":{"type":"Polygon","coordinates":[[[16.695338261784688,51.101112185451036],[16.695338261784688,51.11010538908828],[16.704331465421934,51.11010538908828],[16.704331465421934,51.101112185451036],[16.695338261784688,51.101112185451036]]]}},{"type":"Feature","properties":{"jobs":60,"pop":0,"pointCount":1,"homeWorkCommuteMedian":-1,"workHomeCommuteMedian":9964},"geometry":{"type":"Polygon","coordinates":[[[16.695338261784688,51.11909859272553],[16.695338261784688,51.128091796362774],[16.704331465421934,51.128091796362774],[16.704331465421934,51.11909859272553],[16.695338261784688,51.11909859272553]]]}},{"type":"Feature","properties":{"jobs":0,"pop":48,"pointCount":1,"homeWorkCommuteMedian":3395,"workHomeCommuteMedian":-1},"geometry":{"type":"Polygon","coordinates":[[[16.695338261784688,51.16406461091176],[16.695338261784688,51.173057814549004],[16.704331465421934,51.173057814549004],[16.704331465421934,51.16406461091176],[16.695338261784688,51.16406461091176]]]}},{"type":"Feature","properties":{"jobs":0,"pop":47,"pointCount":2,"homeWorkCommuteMedian":5172,"workHomeCommuteMedian":-1},"geometry":{"type":"Polygon","coordinates":[[[16.695338261784688,51.173057814549004],[16.695338261784688,51.18205101818625],[16.704331465421934,51.18205101818625],[16.704331465421934,51.173057814549004],[16.695338261784688,51.173057814549004]]]}},{"type":"Feature","properties":{"jobs":0,"pop":41,"pointCount":1,"homeWorkCommuteMedian":3016,"workHomeCommuteMedian":-1},"geometry":{"type":"Polygon","coordinates":[[[16.695338261784688,51.218023832735234],[16.695338261784688,51.22701703637248],[16.704331465421934,51.22701703637248],[16.704331465421934,51.218023832735234],[16.695338261784688,51.218023832735234]]]}},{"type":"Feature","properties":{"jobs":440,"pop":1470,"pointCount":10,"homeWorkCommuteMedian":3036,"workHomeCommuteMedian":1765},"geometry":{"type":"Polygon","coordinates":[[[16.695338261784688,51.262989850921464],[16.695338261784688,51.27198305455871],[16.704331465421934,51.27198305455871],[16.704331465421934,51.262989850921464],[16.695338261784688,51.262989850921464]]]}},{"type":"Feature","properties":{"jobs":301,"pop":306,"pointCount":6,"homeWorkCommuteMedian":3615,"workHomeCommuteMedian":1826},"geometry":{"type":"Polygon","coordinates":[[[16.695338261784688,51.27198305455871],[16.695338261784688,51.280976258195956],[16.704331465421934,51.280976258195956],[16.704331465421934,51.27198305455871],[16.695338261784688,51.27198305455871]]]}},{"type":"Feature","properties":{"jobs":0,"pop":82,"pointCount":3,"homeWorkCommuteMedian":7278,"workHomeCommuteMedian":-1},"geometry":{"type":"Polygon","coordinates":[[[16.695338261784688,51.280976258195956],[16.695338261784688,51.2899694618332],[16.704331465421934,51.2899694618332],[16.704331465421934,51.280976258195956],[16.695338261784688,51.280976258195956]]]}},{"type":"Feature","properties":{"jobs":46,"pop":28,"pointCount":2,"homeWorkCommuteMedian":6689,"workHomeCommuteMedian":3511},"geometry":{"type":"Polygon","coordinates":[[[16.695338261784688,51.2899694618332],[16.695338261784688,51.29896266547045],[16.704331465421934,51.29896266547045],[16.704331465421934,51.2899694618332],[16.695338261784688,51.2899694618332]]]}},{"type":"Feature","properties":{"jobs":62,"pop":0,"pointCount":1,"homeWorkCommuteMedian":-1,"workHomeCommuteMedian":11097},"geometry":{"type":"Polygon","coordinates":[[[16.704331465421934,50.858295687245395],[16.704331465421934,50.86728889088264],[16.71332466905918,50.86728889088264],[16.71332466905918,50.858295687245395],[16.704331465421934,50.858295687245395]]]}},{"type":"Feature","properties":{"jobs":269,"pop":301,"pointCount":6,"homeWorkCommuteMedian":4588,"workHomeCommuteMedian":5467},"geometry":{"type":"Polygon","coordinates":[[[16.704331465421934,50.88527529815713],[16.704331465421934,50.89426850179438],[16.71332466905918,50.89426850179438],[16.71332466905918,50.88527529815713],[16.704331465421934,50.88527529815713]]]}},{"type":"Feature","properties":{"jobs":96,"pop":206,"pointCount":5,"homeWorkCommuteMedian":2172,"workHomeCommuteMedian":4131},"geometry":{"type":"Polygon","coordinates":[[[16.704331465421934,50.89426850179438],[16.704331465421934,50.903261705431625],[16.71332466905918,50.903261705431625],[16.71332466905918,50.89426850179438],[16.704331465421934,50.89426850179438]]]}},{"type":"Feature","properties":{"jobs":0,"pop":92,"pointCount":3,"homeWorkCommuteMedian":7016,"workHomeCommuteMedian":-1},"geometry":{"type":"Polygon","coordinates":[[[16.704331465421934,50.903261705431625],[16.704331465421934,50.91225490906887],[16.71332466905918,50.91225490906887],[16.71332466905918,50.903261705431625],[16.704331465421934,50.903261705431625]]]}},{"type":"Feature","properties":{"jobs":0,"pop":47,"pointCount":1,"homeWorkCommuteMedian":14162,"workHomeCommuteMedian":-1},"geometry":{"type":"Polygon","coordinates":[[[16.704331465421934,51.02017335271582],[16.704331465421934,51.02916655635307],[16.71332466905918,51.02916655635307],[16.71332466905918,51.02017335271582],[16.704331465421934,51.02017335271582]]]}},{"type":"Feature","properties":{"jobs":0,"pop":20,"pointCount":1,"homeWorkCommuteMedian":6173,"workHomeCommuteMedian":-1},"geometry":{"type":"Polygon","coordinates":[[[16.704331465421934,51.02916655635307],[16.704331465421934,51.038159759990315],[16.71332466905918,51.038159759990315],[16.71332466905918,51.02916655635307],[16.704331465421934,51.02916655635307]]]}},{"type":"Feature","properties":{"jobs":0,"pop":59,"pointCount":1,"homeWorkCommuteMedian":20132,"workHomeCommuteMedian":-1},"geometry":{"type":"Polygon","coordinates":[[[16.704331465421934,51.05614616726481],[16.704331465421934,51.06513937090205],[16.71332466905918,51.06513937090205],[16.71332466905918,51.05614616726481],[16.704331465421934,51.05614616726481]]]}},{"type":"Feature","properties":{"jobs":22,"pop":77,"pointCount":2,"homeWorkCommuteMedian":12360,"workHomeCommuteMedian":6390},"geometry":{"type":"Polygon","coordinates":[[[16.704331465421934,51.06513937090205],[16.704331465421934,51.0741325745393],[16.71332466905918,51.0741325745393],[16.71332466905918,51.06513937090205],[16.704331465421934,51.06513937090205]]]}},{"type":"Feature","properties":{"jobs":149,"pop":0,"pointCount":1,"homeWorkCommuteMedian":-1,"workHomeCommuteMedian":11888},"geometry":{"type":"Polygon","coordinates":[[[16.704331465421934,51.15507140727451],[16.704331465421934,51.16406461091176],[16.71332466905918,51.16406461091176],[16.71332466905918,51.15507140727451],[16.704331465421934,51.15507140727451]]]}},{"type":"Feature","properties":{"jobs":0,"pop":26,"pointCount":1,"homeWorkCommuteMedian":4568,"workHomeCommuteMedian":-1},"geometry":{"type":"Polygon","coordinates":[[[16.704331465421934,51.173057814549004],[16.704331465421934,51.18205101818625],[16.71332466905918,51.18205101818625],[16.71332466905918,51.173057814549004],[16.704331465421934,51.173057814549004]]]}},{"type":"Feature","properties":{"jobs":207,"pop":293,"pointCount":7,"homeWorkCommuteMedian":2759,"workHomeCommuteMedian":1996},"geometry":{"type":"Polygon","coordinates":[[[16.704331465421934,51.25399664728422],[16.704331465421934,51.262989850921464],[16.71332466905918,51.262989850921464],[16.71332466905918,51.25399664728422],[16.704331465421934,51.25399664728422]]]}},{"type":"Feature","properties":{"jobs":480,"pop":499,"pointCount":7,"homeWorkCommuteMedian":3430,"workHomeCommuteMedian":1849},"geometry":{"type":"Polygon","coordinates":[[[16.704331465421934,51.262989850921464],[16.704331465421934,51.27198305455871],[16.71332466905918,51.27198305455871],[16.71332466905918,51.262989850921464],[16.704331465421934,51.262989850921464]]]}},{"type":"Feature","properties":{"jobs":138,"pop":381,"pointCount":7,"homeWorkCommuteMedian":2780,"workHomeCommuteMedian":1368},"geometry":{"type":"Polygon","coordinates":[[[16.704331465421934,51.27198305455871],[16.704331465421934,51.280976258195956],[16.71332466905918,51.280976258195956],[16.71332466905918,51.27198305455871],[16.704331465421934,51.27198305455871]]]}},{"type":"Feature","properties":{"jobs":0,"pop":30,"pointCount":1,"homeWorkCommuteMedian":5910,"workHomeCommuteMedian":-1},"geometry":{"type":"Polygon","coordinates":[[[16.704331465421934,51.2899694618332],[16.704331465421934,51.29896266547045],[16.71332466905918,51.29896266547045],[16.71332466905918,51.2899694618332],[16.704331465421934,51.2899694618332]]]}},{"type":"Feature","properties":{"jobs":0,"pop":112,"pointCount":1,"homeWorkCommuteMedian":41921,"workHomeCommuteMedian":-1},"geometry":{"type":"Polygon","coordinates":[[[16.71332466905918,50.87628209451989],[16.71332466905918,50.88527529815713],[16.722317872696426,50.88527529815713],[16.722317872696426,50.87628209451989],[16.71332466905918,50.87628209451989]]]}},{"type":"Feature","properties":{"jobs":0,"pop":40,"pointCount":1,"homeWorkCommuteMedian":11097,"workHomeCommuteMedian":-1},"geometry":{"type":"Polygon","coordinates":[[[16.71332466905918,50.88527529815713],[16.71332466905918,50.89426850179438],[16.722317872696426,50.89426850179438],[16.722317872696426,50.88527529815713],[16.71332466905918,50.88527529815713]]]}},{"type":"Feature","properties":{"jobs":0,"pop":226,"pointCount":3,"homeWorkCommuteMedian":3929,"workHomeCommuteMedian":-1},"geometry":{"type":"Polygon","coordinates":[[[16.71332466905918,50.89426850179438],[16.71332466905918,50.903261705431625],[16.722317872696426,50.903261705431625],[16.722317872696426,50.89426850179438],[16.71332466905918,50.89426850179438]]]}},{"type":"Feature","properties":{"jobs":0,"pop":38,"pointCount":1,"homeWorkCommuteMedian":1881,"workHomeCommuteMedian":-1},"geometry":{"type":"Polygon","coordinates":[[[16.71332466905918,50.993193741804085],[16.71332466905918,51.00218694544133],[16.722317872696426,51.00218694544133],[16.722317872696426,50.993193741804085],[16.71332466905918,50.993193741804085]]]}},{"type":"Feature","properties":{"jobs":0,"pop":73,"pointCount":1,"homeWorkCommuteMedian":36017,"workHomeCommuteMedian":-1},"geometry":{"type":"Polygon","coordinates":[[[16.71332466905918,51.09211898181379],[16.71332466905918,51.101112185451036],[16.722317872696426,51.101112185451036],[16.722317872696426,51.09211898181379],[16.71332466905918,51.09211898181379]]]}},{"type":"Feature","properties":{"jobs":0,"pop":60,"pointCount":1,"homeWorkCommuteMedian":9072,"workHomeCommuteMedian":-1},"geometry":{"type":"Polygon","coordinates":[[[16.71332466905918,51.146078203637266],[16.71332466905918,51.15507140727451],[16.722317872696426,51.15507140727451],[16.722317872696426,51.146078203637266],[16.71332466905918,51.146078203637266]]]}},{"type":"Feature","properties":{"jobs":0,"pop":23,"pointCount":1,"homeWorkCommuteMedian":1966,"workHomeCommuteMedian":-1},"geometry":{"type":"Polygon","coordinates":[[[16.71332466905918,51.15507140727451],[16.71332466905918,51.16406461091176],[16.722317872696426,51.16406461091176],[16.722317872696426,51.15507140727451],[16.71332466905918,51.15507140727451]]]}},{"type":"Feature","properties":{"jobs":0,"pop":21,"pointCount":1,"homeWorkCommuteMedian":12960,"workHomeCommuteMedian":-1},"geometry":{"type":"Polygon","coordinates":[[[16.71332466905918,51.20903062909799],[16.71332466905918,51.218023832735234],[16.722317872696426,51.218023832735234],[16.722317872696426,51.20903062909799],[16.71332466905918,51.20903062909799]]]}},{"type":"Feature","properties":{"jobs":73,"pop":88,"pointCount":4,"homeWorkCommuteMedian":9262,"workHomeCommuteMedian":5300},"geometry":{"type":"Polygon","coordinates":[[[16.71332466905918,51.236010240009726],[16.71332466905918,51.24500344364697],[16.722317872696426,51.24500344364697],[16.722317872696426,51.236010240009726],[16.71332466905918,51.236010240009726]]]}},{"type":"Feature","properties":{"jobs":127,"pop":523,"pointCount":3,"homeWorkCommuteMedian":2160,"workHomeCommuteMedian":3031},"geometry":{"type":"Polygon","coordinates":[[[16.71332466905918,51.25399664728422],[16.71332466905918,51.262989850921464],[16.722317872696426,51.262989850921464],[16.722317872696426,51.25399664728422],[16.71332466905918,51.25399664728422]]]}},{"type":"Feature","properties":{"jobs":61,"pop":0,"pointCount":1,"homeWorkCommuteMedian":-1,"workHomeCommuteMedian":1659},"geometry":{"type":"Polygon","coordinates":[[[16.71332466905918,51.262989850921464],[16.71332466905918,51.27198305455871],[16.722317872696426,51.27198305455871],[16.722317872696426,51.262989850921464],[16.71332466905918,51.262989850921464]]]}},{"type":"Feature","properties":{"jobs":412,"pop":1378,"pointCount":14,"homeWorkCommuteMedian":2557,"workHomeCommuteMedian":2355},"geometry":{"type":"Polygon","coordinates":[[[16.71332466905918,51.27198305455871],[16.71332466905918,51.280976258195956],[16.722317872696426,51.280976258195956],[16.722317872696426,51.27198305455871],[16.71332466905918,51.27198305455871]]]}},{"type":"Feature","properties":{"jobs":67,"pop":0,"pointCount":1,"homeWorkCommuteMedian":-1,"workHomeCommuteMedian":7273},"geometry":{"type":"Polygon","coordinates":[[[16.722317872696426,50.8403092799709],[16.722317872696426,50.84930248360815],[16.73131107633367,50.84930248360815],[16.73131107633367,50.8403092799709],[16.722317872696426,50.8403092799709]]]}},{"type":"Feature","properties":{"jobs":24,"pop":23,"pointCount":2,"homeWorkCommuteMedian":6254,"workHomeCommuteMedian":6966},"geometry":{"type":"Polygon","coordinates":[[[16.722317872696426,50.88527529815713],[16.722317872696426,50.89426850179438],[16.73131107633367,50.89426850179438],[16.73131107633367,50.88527529815713],[16.722317872696426,50.88527529815713]]]}},{"type":"Feature","properties":{"jobs":30,"pop":23,"pointCount":2,"homeWorkCommuteMedian":42150,"workHomeCommuteMedian":1095},"geometry":{"type":"Polygon","coordinates":[[[16.722317872696426,50.89426850179438],[16.722317872696426,50.903261705431625],[16.73131107633367,50.903261705431625],[16.73131107633367,50.89426850179438],[16.722317872696426,50.89426850179438]]]}},{"type":"Feature","properties":{"jobs":44,"pop":25,"pointCount":2,"homeWorkCommuteMedian":9081,"workHomeCommuteMedian":32669},"geometry":{"type":"Polygon","coordinates":[[[16.722317872696426,50.93923451998061],[16.722317872696426,50.948227723617855],[16.73131107633367,50.948227723617855],[16.73131107633367,50.93923451998061],[16.722317872696426,50.93923451998061]]]}},{"type":"Feature","properties":{"jobs":23,"pop":50,"pointCount":2,"homeWorkCommuteMedian":9232,"workHomeCommuteMedian":7110},"geometry":{"type":"Polygon","coordinates":[[[16.722317872696426,50.96621413089235],[16.722317872696426,50.97520733452959],[16.73131107633367,50.97520733452959],[16.73131107633367,50.96621413089235],[16.722317872696426,50.96621413089235]]]}},{"type":"Feature","properties":{"jobs":83,"pop":133,"pointCount":3,"homeWorkCommuteMedian":27188,"workHomeCommuteMedian":20736},"geometry":{"type":"Polygon","coordinates":[[[16.722317872696426,51.02017335271582],[16.722317872696426,51.02916655635307],[16.73131107633367,51.02916655635307],[16.73131107633367,51.02017335271582],[16.722317872696426,51.02017335271582]]]}},{"type":"Feature","properties":{"jobs":0,"pop":41,"pointCount":1,"homeWorkCommuteMedian":4798,"workHomeCommuteMedian":-1},"geometry":{"type":"Polygon","coordinates":[[[16.722317872696426,51.02916655635307],[16.722317872696426,51.038159759990315],[16.73131107633367,51.038159759990315],[16.73131107633367,51.02916655635307],[16.722317872696426,51.02916655635307]]]}},{"type":"Feature","properties":{"jobs":39,"pop":126,"pointCount":2,"homeWorkCommuteMedian":15899,"workHomeCommuteMedian":52086},"geometry":{"type":"Polygon","coordinates":[[[16.722317872696426,51.09211898181379],[16.722317872696426,51.101112185451036],[16.73131107633367,51.101112185451036],[16.73131107633367,51.09211898181379],[16.722317872696426,51.09211898181379]]]}},{"type":"Feature","properties":{"jobs":299,"pop":212,"pointCount":9,"homeWorkCommuteMedian":4489,"workHomeCommuteMedian":7196},"geometry":{"type":"Polygon","coordinates":[[[16.722317872696426,51.15507140727451],[16.722317872696426,51.16406461091176],[16.73131107633367,51.16406461091176],[16.73131107633367,51.15507140727451],[16.722317872696426,51.15507140727451]]]}},{"type":"Feature","properties":{"jobs":0,"pop":174,"pointCount":3,"homeWorkCommuteMedian":3130,"workHomeCommuteMedian":-1},"geometry":{"type":"Polygon","coordinates":[[[16.722317872696426,51.18205101818625],[16.722317872696426,51.191044221823496],[16.73131107633367,51.191044221823496],[16.73131107633367,51.18205101818625],[16.722317872696426,51.18205101818625]]]}},{"type":"Feature","properties":{"jobs":0,"pop":69,"pointCount":2,"homeWorkCommuteMedian":25767,"workHomeCommuteMedian":-1},"geometry":{"type":"Polygon","coordinates":[[[16.722317872696426,51.20903062909799],[16.722317872696426,51.218023832735234],[16.73131107633367,51.218023832735234],[16.73131107633367,51.20903062909799],[16.722317872696426,51.20903062909799]]]}},{"type":"Feature","properties":{"jobs":0,"pop":21,"pointCount":1,"homeWorkCommuteMedian":7641,"workHomeCommuteMedian":-1},"geometry":{"type":"Polygon","coordinates":[[[16.722317872696426,51.236010240009726],[16.722317872696426,51.24500344364697],[16.73131107633367,51.24500344364697],[16.73131107633367,51.236010240009726],[16.722317872696426,51.236010240009726]]]}},{"type":"Feature","properties":{"jobs":0,"pop":22,"pointCount":1,"homeWorkCommuteMedian":10528,"workHomeCommuteMedian":-1},"geometry":{"type":"Polygon","coordinates":[[[16.722317872696426,51.24500344364697],[16.722317872696426,51.25399664728422],[16.73131107633367,51.25399664728422],[16.73131107633367,51.24500344364697],[16.722317872696426,51.24500344364697]]]}},{"type":"Feature","properties":{"jobs":253,"pop":66,"pointCount":3,"homeWorkCommuteMedian":2332,"workHomeCommuteMedian":2785},"geometry":{"type":"Polygon","coordinates":[[[16.722317872696426,51.25399664728422],[16.722317872696426,51.262989850921464],[16.73131107633367,51.262989850921464],[16.73131107633367,51.25399664728422],[16.722317872696426,51.25399664728422]]]}},{"type":"Feature","properties":{"jobs":261,"pop":45,"pointCount":4,"homeWorkCommuteMedian":2324,"workHomeCommuteMedian":2761},"geometry":{"type":"Polygon","coordinates":[[[16.722317872696426,51.262989850921464],[16.722317872696426,51.27198305455871],[16.73131107633367,51.27198305455871],[16.73131107633367,51.262989850921464],[16.722317872696426,51.262989850921464]]]}},{"type":"Feature","properties":{"jobs":489,"pop":0,"pointCount":3,"homeWorkCommuteMedian":-1,"workHomeCommuteMedian":3624},"geometry":{"type":"Polygon","coordinates":[[[16.722317872696426,51.27198305455871],[16.722317872696426,51.280976258195956],[16.73131107633367,51.280976258195956],[16.73131107633367,51.27198305455871],[16.722317872696426,51.27198305455871]]]}},{"type":"Feature","properties":{"jobs":0,"pop":37,"pointCount":1,"homeWorkCommuteMedian":7960,"workHomeCommuteMedian":-1},"geometry":{"type":"Polygon","coordinates":[[[16.722317872696426,51.2899694618332],[16.722317872696426,51.29896266547045],[16.73131107633367,51.29896266547045],[16.73131107633367,51.2899694618332],[16.722317872696426,51.2899694618332]]]}},{"type":"Feature","properties":{"jobs":24,"pop":49,"pointCount":1,"homeWorkCommuteMedian":8045,"workHomeCommuteMedian":18766},"geometry":{"type":"Polygon","coordinates":[[[16.73131107633367,50.8403092799709],[16.73131107633367,50.84930248360815],[16.740304279970918,50.84930248360815],[16.740304279970918,50.8403092799709],[16.73131107633367,50.8403092799709]]]}},{"type":"Feature","properties":{"jobs":50,"pop":79,"pointCount":2,"homeWorkCommuteMedian":4250,"workHomeCommuteMedian":4191},"geometry":{"type":"Polygon","coordinates":[[[16.73131107633367,50.88527529815713],[16.73131107633367,50.89426850179438],[16.740304279970918,50.89426850179438],[16.740304279970918,50.88527529815713],[16.73131107633367,50.88527529815713]]]}},{"type":"Feature","properties":{"jobs":449,"pop":43,"pointCount":6,"homeWorkCommuteMedian":2544,"workHomeCommuteMedian":3332},"geometry":{"type":"Polygon","coordinates":[[[16.73131107633367,50.89426850179438],[16.73131107633367,50.903261705431625],[16.740304279970918,50.903261705431625],[16.740304279970918,50.89426850179438],[16.73131107633367,50.89426850179438]]]}},{"type":"Feature","properties":{"jobs":0,"pop":61,"pointCount":2,"homeWorkCommuteMedian":2733,"workHomeCommuteMedian":-1},"geometry":{"type":"Polygon","coordinates":[[[16.73131107633367,50.903261705431625],[16.73131107633367,50.91225490906887],[16.740304279970918,50.91225490906887],[16.740304279970918,50.903261705431625],[16.73131107633367,50.903261705431625]]]}},{"type":"Feature","properties":{"jobs":0,"pop":33,"pointCount":1,"homeWorkCommuteMedian":7077,"workHomeCommuteMedian":-1},"geometry":{"type":"Polygon","coordinates":[[[16.73131107633367,50.93923451998061],[16.73131107633367,50.948227723617855],[16.740304279970918,50.948227723617855],[16.740304279970918,50.93923451998061],[16.73131107633367,50.93923451998061]]]}},{"type":"Feature","properties":{"jobs":0,"pop":42,"pointCount":1,"homeWorkCommuteMedian":6429,"workHomeCommuteMedian":-1},"geometry":{"type":"Polygon","coordinates":[[[16.73131107633367,50.9572209272551],[16.73131107633367,50.96621413089235],[16.740304279970918,50.96621413089235],[16.740304279970918,50.9572209272551],[16.73131107633367,50.9572209272551]]]}},{"type":"Feature","properties":{"jobs":0,"pop":42,"pointCount":1,"homeWorkCommuteMedian":8696,"workHomeCommuteMedian":-1},"geometry":{"type":"Polygon","coordinates":[[[16.73131107633367,50.97520733452959],[16.73131107633367,50.98420053816684],[16.740304279970918,50.98420053816684],[16.740304279970918,50.97520733452959],[16.73131107633367,50.97520733452959]]]}},{"type":"Feature","properties":{"jobs":37,"pop":36,"pointCount":2,"homeWorkCommuteMedian":27730,"workHomeCommuteMedian":30092},"geometry":{"type":"Polygon","coordinates":[[[16.73131107633367,50.98420053816684],[16.73131107633367,50.993193741804085],[16.740304279970918,50.993193741804085],[16.740304279970918,50.98420053816684],[16.73131107633367,50.98420053816684]]]}},{"type":"Feature","properties":{"jobs":0,"pop":76,"pointCount":2,"homeWorkCommuteMedian":19977,"workHomeCommuteMedian":-1},"geometry":{"type":"Polygon","coordinates":[[[16.73131107633367,51.02017335271582],[16.73131107633367,51.02916655635307],[16.740304279970918,51.02916655635307],[16.740304279970918,51.02017335271582],[16.73131107633367,51.02017335271582]]]}},{"type":"Feature","properties":{"jobs":60,"pop":95,"pointCount":3,"homeWorkCommuteMedian":3254,"workHomeCommuteMedian":3199},"geometry":{"type":"Polygon","coordinates":[[[16.73131107633367,51.038159759990315],[16.73131107633367,51.04715296362756],[16.740304279970918,51.04715296362756],[16.740304279970918,51.038159759990315],[16.73131107633367,51.038159759990315]]]}},{"type":"Feature","properties":{"jobs":38,"pop":0,"pointCount":1,"homeWorkCommuteMedian":-1,"workHomeCommuteMedian":46246},"geometry":{"type":"Polygon","coordinates":[[[16.73131107633367,51.06513937090205],[16.73131107633367,51.0741325745393],[16.740304279970918,51.0741325745393],[16.740304279970918,51.06513937090205],[16.73131107633367,51.06513937090205]]]}},{"type":"Feature","properties":{"jobs":26,"pop":0,"pointCount":1,"homeWorkCommuteMedian":-1,"workHomeCommuteMedian":2160},"geometry":{"type":"Polygon","coordinates":[[[16.73131107633367,51.083125778176544],[16.73131107633367,51.09211898181379],[16.740304279970918,51.09211898181379],[16.740304279970918,51.083125778176544],[16.73131107633367,51.083125778176544]]]}},{"type":"Feature","properties":{"jobs":0,"pop":34,"pointCount":1,"homeWorkCommuteMedian":16512,"workHomeCommuteMedian":-1},"geometry":{"type":"Polygon","coordinates":[[[16.73131107633367,51.11909859272553],[16.73131107633367,51.128091796362774],[16.740304279970918,51.128091796362774],[16.740304279970918,51.11909859272553],[16.73131107633367,51.11909859272553]]]}},{"type":"Feature","properties":{"jobs":333,"pop":0,"pointCount":5,"homeWorkCommuteMedian":-1,"workHomeCommuteMedian":9074},"geometry":{"type":"Polygon","coordinates":[[[16.73131107633367,51.15507140727451],[16.73131107633367,51.16406461091176],[16.740304279970918,51.16406461091176],[16.740304279970918,51.15507140727451],[16.73131107633367,51.15507140727451]]]}},{"type":"Feature","properties":{"jobs":574,"pop":0,"pointCount":5,"homeWorkCommuteMedian":-1,"workHomeCommuteMedian":6942},"geometry":{"type":"Polygon","coordinates":[[[16.73131107633367,51.16406461091176],[16.73131107633367,51.173057814549004],[16.740304279970918,51.173057814549004],[16.740304279970918,51.16406461091176],[16.73131107633367,51.16406461091176]]]}},{"type":"Feature","properties":{"jobs":0,"pop":84,"pointCount":1,"homeWorkCommuteMedian":24810,"workHomeCommuteMedian":-1},"geometry":{"type":"Polygon","coordinates":[[[16.73131107633367,51.173057814549004],[16.73131107633367,51.18205101818625],[16.740304279970918,51.18205101818625],[16.740304279970918,51.173057814549004],[16.73131107633367,51.173057814549004]]]}},{"type":"Feature","properties":{"jobs":320,"pop":425,"pointCount":11,"homeWorkCommuteMedian":3690,"workHomeCommuteMedian":10167},"geometry":{"type":"Polygon","coordinates":[[[16.73131107633367,51.18205101818625],[16.73131107633367,51.191044221823496],[16.740304279970918,51.191044221823496],[16.740304279970918,51.18205101818625],[16.73131107633367,51.18205101818625]]]}},{"type":"Feature","properties":{"jobs":251,"pop":90,"pointCount":4,"homeWorkCommuteMedian":10011,"workHomeCommuteMedian":7497},"geometry":{"type":"Polygon","coordinates":[[[16.73131107633367,51.191044221823496],[16.73131107633367,51.20003742546074],[16.740304279970918,51.20003742546074],[16.740304279970918,51.191044221823496],[16.73131107633367,51.191044221823496]]]}},{"type":"Feature","properties":{"jobs":0,"pop":28,"pointCount":1,"homeWorkCommuteMedian":12893,"workHomeCommuteMedian":-1},"geometry":{"type":"Polygon","coordinates":[[[16.73131107633367,51.236010240009726],[16.73131107633367,51.24500344364697],[16.740304279970918,51.24500344364697],[16.740304279970918,51.236010240009726],[16.73131107633367,51.236010240009726]]]}},{"type":"Feature","properties":{"jobs":1107,"pop":0,"pointCount":4,"homeWorkCommuteMedian":-1,"workHomeCommuteMedian":3423},"geometry":{"type":"Polygon","coordinates":[[[16.73131107633367,51.262989850921464],[16.73131107633367,51.27198305455871],[16.740304279970918,51.27198305455871],[16.740304279970918,51.262989850921464],[16.73131107633367,51.262989850921464]]]}},{"type":"Feature","properties":{"jobs":1034,"pop":0,"pointCount":4,"homeWorkCommuteMedian":-1,"workHomeCommuteMedian":3442},"geometry":{"type":"Polygon","coordinates":[[[16.73131107633367,51.27198305455871],[16.73131107633367,51.280976258195956],[16.740304279970918,51.280976258195956],[16.740304279970918,51.27198305455871],[16.73131107633367,51.27198305455871]]]}},{"type":"Feature","properties":{"jobs":83,"pop":66,"pointCount":4,"homeWorkCommuteMedian":4042,"workHomeCommuteMedian":22563},"geometry":{"type":"Polygon","coordinates":[[[16.73131107633367,51.2899694618332],[16.73131107633367,51.29896266547045],[16.740304279970918,51.29896266547045],[16.740304279970918,51.2899694618332],[16.73131107633367,51.2899694618332]]]}},{"type":"Feature","properties":{"jobs":0,"pop":40,"pointCount":1,"homeWorkCommuteMedian":9227,"workHomeCommuteMedian":-1},"geometry":{"type":"Polygon","coordinates":[[[16.740304279970918,50.8403092799709],[16.740304279970918,50.84930248360815],[16.749297483608164,50.84930248360815],[16.749297483608164,50.8403092799709],[16.740304279970918,50.8403092799709]]]}},{"type":"Feature","properties":{"jobs":37,"pop":0,"pointCount":1,"homeWorkCommuteMedian":-1,"workHomeCommuteMedian":10006},"geometry":{"type":"Polygon","coordinates":[[[16.740304279970918,50.84930248360815],[16.740304279970918,50.858295687245395],[16.749297483608164,50.858295687245395],[16.749297483608164,50.84930248360815],[16.740304279970918,50.84930248360815]]]}},{"type":"Feature","properties":{"jobs":23,"pop":124,"pointCount":5,"homeWorkCommuteMedian":3512,"workHomeCommuteMedian":4667},"geometry":{"type":"Polygon","coordinates":[[[16.740304279970918,50.87628209451989],[16.740304279970918,50.88527529815713],[16.749297483608164,50.88527529815713],[16.749297483608164,50.87628209451989],[16.740304279970918,50.87628209451989]]]}},{"type":"Feature","properties":{"jobs":137,"pop":300,"pointCount":5,"homeWorkCommuteMedian":4158,"workHomeCommuteMedian":3529},"geometry":{"type":"Polygon","coordinates":[[[16.740304279970918,50.88527529815713],[16.740304279970918,50.89426850179438],[16.749297483608164,50.89426850179438],[16.749297483608164,50.88527529815713],[16.740304279970918,50.88527529815713]]]}},{"type":"Feature","properties":{"jobs":969,"pop":739,"pointCount":12,"homeWorkCommuteMedian":4330,"workHomeCommuteMedian":3558},"geometry":{"type":"Polygon","coordinates":[[[16.740304279970918,50.89426850179438],[16.740304279970918,50.903261705431625],[16.749297483608164,50.903261705431625],[16.749297483608164,50.89426850179438],[16.740304279970918,50.89426850179438]]]}},{"type":"Feature","properties":{"jobs":275,"pop":141,"pointCount":4,"homeWorkCommuteMedian":2054,"workHomeCommuteMedian":3929},"geometry":{"type":"Polygon","coordinates":[[[16.740304279970918,50.903261705431625],[16.740304279970918,50.91225490906887],[16.749297483608164,50.91225490906887],[16.749297483608164,50.903261705431625],[16.740304279970918,50.903261705431625]]]}},{"type":"Feature","properties":{"jobs":0,"pop":21,"pointCount":1,"homeWorkCommuteMedian":3558,"workHomeCommuteMedian":-1},"geometry":{"type":"Polygon","coordinates":[[[16.740304279970918,50.91225490906887],[16.740304279970918,50.92124811270612],[16.749297483608164,50.92124811270612],[16.749297483608164,50.91225490906887],[16.740304279970918,50.91225490906887]]]}},{"type":"Feature","properties":{"jobs":0,"pop":69,"pointCount":2,"homeWorkCommuteMedian":6274,"workHomeCommuteMedian":-1},"geometry":{"type":"Polygon","coordinates":[[[16.740304279970918,50.97520733452959],[16.740304279970918,50.98420053816684],[16.749297483608164,50.98420053816684],[16.749297483608164,50.97520733452959],[16.740304279970918,50.97520733452959]]]}},{"type":"Feature","properties":{"jobs":43,"pop":50,"pointCount":3,"homeWorkCommuteMedian":14401,"workHomeCommuteMedian":23041},"geometry":{"type":"Polygon","coordinates":[[[16.740304279970918,51.00218694544133],[16.740304279970918,51.01118014907858],[16.749297483608164,51.01118014907858],[16.749297483608164,51.00218694544133],[16.740304279970918,51.00218694544133]]]}},{"type":"Feature","properties":{"jobs":0,"pop":355,"pointCount":3,"homeWorkCommuteMedian":2192,"workHomeCommuteMedian":-1},"geometry":{"type":"Polygon","coordinates":[[[16.740304279970918,51.02916655635307],[16.740304279970918,51.038159759990315],[16.749297483608164,51.038159759990315],[16.749297483608164,51.02916655635307],[16.740304279970918,51.02916655635307]]]}},{"type":"Feature","properties":{"jobs":0,"pop":67,"pointCount":2,"homeWorkCommuteMedian":2641,"workHomeCommuteMedian":-1},"geometry":{"type":"Polygon","coordinates":[[[16.740304279970918,51.038159759990315],[16.740304279970918,51.04715296362756],[16.749297483608164,51.04715296362756],[16.749297483608164,51.038159759990315],[16.740304279970918,51.038159759990315]]]}},{"type":"Feature","properties":{"jobs":23,"pop":65,"pointCount":3,"homeWorkCommuteMedian":20082,"workHomeCommuteMedian":14787},"geometry":{"type":"Polygon","coordinates":[[[16.740304279970918,51.06513937090205],[16.740304279970918,51.0741325745393],[16.749297483608164,51.0741325745393],[16.749297483608164,51.06513937090205],[16.740304279970918,51.06513937090205]]]}},{"type":"Feature","properties":{"jobs":0,"pop":42,"pointCount":1,"homeWorkCommuteMedian":43500,"workHomeCommuteMedian":-1},"geometry":{"type":"Polygon","coordinates":[[[16.740304279970918,51.083125778176544],[16.740304279970918,51.09211898181379],[16.749297483608164,51.09211898181379],[16.749297483608164,51.083125778176544],[16.740304279970918,51.083125778176544]]]}},{"type":"Feature","properties":{"jobs":146,"pop":63,"pointCount":2,"homeWorkCommuteMedian":10696,"workHomeCommuteMedian":18420},"geometry":{"type":"Polygon","coordinates":[[[16.740304279970918,51.101112185451036],[16.740304279970918,51.11010538908828],[16.749297483608164,51.11010538908828],[16.749297483608164,51.101112185451036],[16.740304279970918,51.101112185451036]]]}},{"type":"Feature","properties":{"jobs":0,"pop":43,"pointCount":1,"homeWorkCommuteMedian":11395,"workHomeCommuteMedian":-1},"geometry":{"type":"Polygon","coordinates":[[[16.740304279970918,51.11010538908828],[16.740304279970918,51.11909859272553],[16.749297483608164,51.11909859272553],[16.749297483608164,51.11010538908828],[16.740304279970918,51.11010538908828]]]}},{"type":"Feature","properties":{"jobs":0,"pop":130,"pointCount":2,"homeWorkCommuteMedian":7435,"workHomeCommuteMedian":-1},"geometry":{"type":"Polygon","coordinates":[[[16.740304279970918,51.11909859272553],[16.740304279970918,51.128091796362774],[16.749297483608164,51.128091796362774],[16.749297483608164,51.11909859272553],[16.740304279970918,51.11909859272553]]]}},{"type":"Feature","properties":{"jobs":74,"pop":94,"pointCount":3,"homeWorkCommuteMedian":10490,"workHomeCommuteMedian":15069},"geometry":{"type":"Polygon","coordinates":[[[16.740304279970918,51.128091796362774],[16.740304279970918,51.13708500000002],[16.749297483608164,51.13708500000002],[16.749297483608164,51.128091796362774],[16.740304279970918,51.128091796362774]]]}},{"type":"Feature","properties":{"jobs":179,"pop":68,"pointCount":3,"homeWorkCommuteMedian":5877,"workHomeCommuteMedian":6884},"geometry":{"type":"Polygon","coordinates":[[[16.740304279970918,51.15507140727451],[16.740304279970918,51.16406461091176],[16.749297483608164,51.16406461091176],[16.749297483608164,51.15507140727451],[16.740304279970918,51.15507140727451]]]}},{"type":"Feature","properties":{"jobs":524,"pop":0,"pointCount":5,"homeWorkCommuteMedian":-1,"workHomeCommuteMedian":6868},"geometry":{"type":"Polygon","coordinates":[[[16.740304279970918,51.16406461091176],[16.740304279970918,51.173057814549004],[16.749297483608164,51.173057814549004],[16.749297483608164,51.16406461091176],[16.740304279970918,51.16406461091176]]]}},{"type":"Feature","properties":{"jobs":310,"pop":300,"pointCount":6,"homeWorkCommuteMedian":6339,"workHomeCommuteMedian":6042},"geometry":{"type":"Polygon","coordinates":[[[16.740304279970918,51.191044221823496],[16.740304279970918,51.20003742546074],[16.749297483608164,51.20003742546074],[16.749297483608164,51.191044221823496],[16.740304279970918,51.191044221823496]]]}},{"type":"Feature","properties":{"jobs":0,"pop":30,"pointCount":1,"homeWorkCommuteMedian":5264,"workHomeCommuteMedian":-1},"geometry":{"type":"Polygon","coordinates":[[[16.740304279970918,51.236010240009726],[16.740304279970918,51.24500344364697],[16.749297483608164,51.24500344364697],[16.749297483608164,51.236010240009726],[16.740304279970918,51.236010240009726]]]}},{"type":"Feature","properties":{"jobs":0,"pop":36,"pointCount":1,"homeWorkCommuteMedian":5273,"workHomeCommuteMedian":-1},"geometry":{"type":"Polygon","coordinates":[[[16.740304279970918,51.2899694618332],[16.740304279970918,51.29896266547045],[16.749297483608164,51.29896266547045],[16.749297483608164,51.2899694618332],[16.740304279970918,51.2899694618332]]]}},{"type":"Feature","properties":{"jobs":0,"pop":35,"pointCount":1,"homeWorkCommuteMedian":15179,"workHomeCommuteMedian":-1},"geometry":{"type":"Polygon","coordinates":[[[16.749297483608164,50.8403092799709],[16.749297483608164,50.84930248360815],[16.75829068724541,50.84930248360815],[16.75829068724541,50.8403092799709],[16.749297483608164,50.8403092799709]]]}},{"type":"Feature","properties":{"jobs":27,"pop":32,"pointCount":2,"homeWorkCommuteMedian":8095,"workHomeCommuteMedian":7050},"geometry":{"type":"Polygon","coordinates":[[[16.749297483608164,50.84930248360815],[16.749297483608164,50.858295687245395],[16.75829068724541,50.858295687245395],[16.75829068724541,50.84930248360815],[16.749297483608164,50.84930248360815]]]}},{"type":"Feature","properties":{"jobs":58,"pop":60,"pointCount":3,"homeWorkCommuteMedian":12270,"workHomeCommuteMedian":2211},"geometry":{"type":"Polygon","coordinates":[[[16.749297483608164,50.858295687245395],[16.749297483608164,50.86728889088264],[16.75829068724541,50.86728889088264],[16.75829068724541,50.858295687245395],[16.749297483608164,50.858295687245395]]]}},{"type":"Feature","properties":{"jobs":0,"pop":40,"pointCount":1,"homeWorkCommuteMedian":10374,"workHomeCommuteMedian":-1},"geometry":{"type":"Polygon","coordinates":[[[16.749297483608164,50.87628209451989],[16.749297483608164,50.88527529815713],[16.75829068724541,50.88527529815713],[16.75829068724541,50.87628209451989],[16.749297483608164,50.87628209451989]]]}},{"type":"Feature","properties":{"jobs":0,"pop":116,"pointCount":2,"homeWorkCommuteMedian":5467,"workHomeCommuteMedian":-1},"geometry":{"type":"Polygon","coordinates":[[[16.749297483608164,50.88527529815713],[16.749297483608164,50.89426850179438],[16.75829068724541,50.89426850179438],[16.75829068724541,50.88527529815713],[16.749297483608164,50.88527529815713]]]}},{"type":"Feature","properties":{"jobs":373,"pop":353,"pointCount":6,"homeWorkCommuteMedian":5679,"workHomeCommuteMedian":3276},"geometry":{"type":"Polygon","coordinates":[[[16.749297483608164,50.89426850179438],[16.749297483608164,50.903261705431625],[16.75829068724541,50.903261705431625],[16.75829068724541,50.89426850179438],[16.749297483608164,50.89426850179438]]]}},{"type":"Feature","properties":{"jobs":0,"pop":22,"pointCount":1,"homeWorkCommuteMedian":1738,"workHomeCommuteMedian":-1},"geometry":{"type":"Polygon","coordinates":[[[16.749297483608164,50.903261705431625],[16.749297483608164,50.91225490906887],[16.75829068724541,50.91225490906887],[16.75829068724541,50.903261705431625],[16.749297483608164,50.903261705431625]]]}},{"type":"Feature","properties":{"jobs":46,"pop":163,"pointCount":3,"homeWorkCommuteMedian":3811,"workHomeCommuteMedian":31151},"geometry":{"type":"Polygon","coordinates":[[[16.749297483608164,50.91225490906887],[16.749297483608164,50.92124811270612],[16.75829068724541,50.92124811270612],[16.75829068724541,50.91225490906887],[16.749297483608164,50.91225490906887]]]}},{"type":"Feature","properties":{"jobs":104,"pop":50,"pointCount":4,"homeWorkCommuteMedian":4191,"workHomeCommuteMedian":7087},"geometry":{"type":"Polygon","coordinates":[[[16.749297483608164,50.92124811270612],[16.749297483608164,50.93024131634336],[16.75829068724541,50.93024131634336],[16.75829068724541,50.92124811270612],[16.749297483608164,50.92124811270612]]]}},{"type":"Feature","properties":{"jobs":74,"pop":91,"pointCount":3,"homeWorkCommuteMedian":9272,"workHomeCommuteMedian":10743},"geometry":{"type":"Polygon","coordinates":[[[16.749297483608164,50.96621413089235],[16.749297483608164,50.97520733452959],[16.75829068724541,50.97520733452959],[16.75829068724541,50.96621413089235],[16.749297483608164,50.96621413089235]]]}},{"type":"Feature","properties":{"jobs":0,"pop":29,"pointCount":1,"homeWorkCommuteMedian":2445,"workHomeCommuteMedian":-1},"geometry":{"type":"Polygon","coordinates":[[[16.749297483608164,51.00218694544133],[16.749297483608164,51.01118014907858],[16.75829068724541,51.01118014907858],[16.75829068724541,51.00218694544133],[16.749297483608164,51.00218694544133]]]}},{"type":"Feature","properties":{"jobs":144,"pop":0,"pointCount":1,"homeWorkCommuteMedian":-1,"workHomeCommuteMedian":7591},"geometry":{"type":"Polygon","coordinates":[[[16.749297483608164,51.01118014907858],[16.749297483608164,51.02017335271582],[16.75829068724541,51.02017335271582],[16.75829068724541,51.01118014907858],[16.749297483608164,51.01118014907858]]]}},{"type":"Feature","properties":{"jobs":166,"pop":183,"pointCount":2,"homeWorkCommuteMedian":1995,"workHomeCommuteMedian":15626},"geometry":{"type":"Polygon","coordinates":[[[16.749297483608164,51.02017335271582],[16.749297483608164,51.02916655635307],[16.75829068724541,51.02916655635307],[16.75829068724541,51.02017335271582],[16.749297483608164,51.02017335271582]]]}},{"type":"Feature","properties":{"jobs":1290,"pop":493,"pointCount":7,"homeWorkCommuteMedian":14044,"workHomeCommuteMedian":3212},"geometry":{"type":"Polygon","coordinates":[[[16.749297483608164,51.02916655635307],[16.749297483608164,51.038159759990315],[16.75829068724541,51.038159759990315],[16.75829068724541,51.02916655635307],[16.749297483608164,51.02916655635307]]]}},{"type":"Feature","properties":{"jobs":0,"pop":37,"pointCount":1,"homeWorkCommuteMedian":19022,"workHomeCommuteMedian":-1},"geometry":{"type":"Polygon","coordinates":[[[16.749297483608164,51.083125778176544],[16.749297483608164,51.09211898181379],[16.75829068724541,51.09211898181379],[16.75829068724541,51.083125778176544],[16.749297483608164,51.083125778176544]]]}},{"type":"Feature","properties":{"jobs":0,"pop":29,"pointCount":1,"homeWorkCommuteMedian":2170,"workHomeCommuteMedian":-1},"geometry":{"type":"Polygon","coordinates":[[[16.749297483608164,51.128091796362774],[16.749297483608164,51.13708500000002],[16.75829068724541,51.13708500000002],[16.75829068724541,51.128091796362774],[16.749297483608164,51.128091796362774]]]}},{"type":"Feature","properties":{"jobs":472,"pop":62,"pointCount":5,"homeWorkCommuteMedian":9076,"workHomeCommuteMedian":11666},"geometry":{"type":"Polygon","coordinates":[[[16.749297483608164,51.15507140727451],[16.749297483608164,51.16406461091176],[16.75829068724541,51.16406461091176],[16.75829068724541,51.15507140727451],[16.749297483608164,51.15507140727451]]]}},{"type":"Feature","properties":{"jobs":167,"pop":0,"pointCount":1,"homeWorkCommuteMedian":-1,"workHomeCommuteMedian":11132},"geometry":{"type":"Polygon","coordinates":[[[16.749297483608164,51.16406461091176],[16.749297483608164,51.173057814549004],[16.75829068724541,51.173057814549004],[16.75829068724541,51.16406461091176],[16.749297483608164,51.16406461091176]]]}},{"type":"Feature","properties":{"jobs":0,"pop":54,"pointCount":1,"homeWorkCommuteMedian":2298,"workHomeCommuteMedian":-1},"geometry":{"type":"Polygon","coordinates":[[[16.749297483608164,51.20003742546074],[16.749297483608164,51.20903062909799],[16.75829068724541,51.20903062909799],[16.75829068724541,51.20003742546074],[16.749297483608164,51.20003742546074]]]}},{"type":"Feature","properties":{"jobs":0,"pop":49,"pointCount":1,"homeWorkCommuteMedian":2208,"workHomeCommuteMedian":-1},"geometry":{"type":"Polygon","coordinates":[[[16.749297483608164,51.25399664728422],[16.749297483608164,51.262989850921464],[16.75829068724541,51.262989850921464],[16.75829068724541,51.25399664728422],[16.749297483608164,51.25399664728422]]]}},{"type":"Feature","properties":{"jobs":37,"pop":0,"pointCount":1,"homeWorkCommuteMedian":-1,"workHomeCommuteMedian":7746},"geometry":{"type":"Polygon","coordinates":[[[16.749297483608164,51.307955869107694],[16.749297483608164,51.31694907274494],[16.75829068724541,51.31694907274494],[16.75829068724541,51.307955869107694],[16.749297483608164,51.307955869107694]]]}},{"type":"Feature","properties":{"jobs":0,"pop":109,"pointCount":1,"homeWorkCommuteMedian":6966,"workHomeCommuteMedian":-1},"geometry":{"type":"Polygon","coordinates":[[[16.75829068724541,50.8403092799709],[16.75829068724541,50.84930248360815],[16.767283890882656,50.84930248360815],[16.767283890882656,50.8403092799709],[16.75829068724541,50.8403092799709]]]}},{"type":"Feature","properties":{"jobs":0,"pop":41,"pointCount":1,"homeWorkCommuteMedian":42043,"workHomeCommuteMedian":-1},"geometry":{"type":"Polygon","coordinates":[[[16.75829068724541,50.84930248360815],[16.75829068724541,50.858295687245395],[16.767283890882656,50.858295687245395],[16.767283890882656,50.84930248360815],[16.75829068724541,50.84930248360815]]]}},{"type":"Feature","properties":{"jobs":27,"pop":53,"pointCount":2,"homeWorkCommuteMedian":5695,"workHomeCommuteMedian":4250},"geometry":{"type":"Polygon","coordinates":[[[16.75829068724541,50.858295687245395],[16.75829068724541,50.86728889088264],[16.767283890882656,50.86728889088264],[16.767283890882656,50.858295687245395],[16.75829068724541,50.858295687245395]]]}},{"type":"Feature","properties":{"jobs":23,"pop":0,"pointCount":1,"homeWorkCommuteMedian":-1,"workHomeCommuteMedian":34702},"geometry":{"type":"Polygon","coordinates":[[[16.75829068724541,50.88527529815713],[16.75829068724541,50.89426850179438],[16.767283890882656,50.89426850179438],[16.767283890882656,50.88527529815713],[16.75829068724541,50.88527529815713]]]}},{"type":"Feature","properties":{"jobs":196,"pop":144,"pointCount":4,"homeWorkCommuteMedian":8411,"workHomeCommuteMedian":4941},"geometry":{"type":"Polygon","coordinates":[[[16.75829068724541,50.92124811270612],[16.75829068724541,50.93024131634336],[16.767283890882656,50.93024131634336],[16.767283890882656,50.92124811270612],[16.75829068724541,50.92124811270612]]]}},{"type":"Feature","properties":{"jobs":32,"pop":75,"pointCount":4,"homeWorkCommuteMedian":3608,"workHomeCommuteMedian":2871},"geometry":{"type":"Polygon","coordinates":[[[16.75829068724541,50.93024131634336],[16.75829068724541,50.93923451998061],[16.767283890882656,50.93923451998061],[16.767283890882656,50.93024131634336],[16.75829068724541,50.93024131634336]]]}},{"type":"Feature","properties":{"jobs":395,"pop":0,"pointCount":2,"homeWorkCommuteMedian":-1,"workHomeCommuteMedian":8305},"geometry":{"type":"Polygon","coordinates":[[[16.75829068724541,50.948227723617855],[16.75829068724541,50.9572209272551],[16.767283890882656,50.9572209272551],[16.767283890882656,50.948227723617855],[16.75829068724541,50.948227723617855]]]}},{"type":"Feature","properties":{"jobs":0,"pop":34,"pointCount":1,"homeWorkCommuteMedian":12148,"workHomeCommuteMedian":-1},"geometry":{"type":"Polygon","coordinates":[[[16.75829068724541,50.96621413089235],[16.75829068724541,50.97520733452959],[16.767283890882656,50.97520733452959],[16.767283890882656,50.96621413089235],[16.75829068724541,50.96621413089235]]]}},{"type":"Feature","properties":{"jobs":1194,"pop":0,"pointCount":2,"homeWorkCommuteMedian":-1,"workHomeCommuteMedian":7712},"geometry":{"type":"Polygon","coordinates":[[[16.75829068724541,51.01118014907858],[16.75829068724541,51.02017335271582],[16.767283890882656,51.02017335271582],[16.767283890882656,51.01118014907858],[16.75829068724541,51.01118014907858]]]}},{"type":"Feature","properties":{"jobs":49,"pop":122,"pointCount":2,"homeWorkCommuteMedian":18138,"workHomeCommuteMedian":15874},"geometry":{"type":"Polygon","coordinates":[[[16.75829068724541,51.02017335271582],[16.75829068724541,51.02916655635307],[16.767283890882656,51.02916655635307],[16.767283890882656,51.02017335271582],[16.75829068724541,51.02017335271582]]]}},{"type":"Feature","properties":{"jobs":488,"pop":998,"pointCount":10,"homeWorkCommuteMedian":3417,"workHomeCommuteMedian":1791},"geometry":{"type":"Polygon","coordinates":[[[16.75829068724541,51.02916655635307],[16.75829068724541,51.038159759990315],[16.767283890882656,51.038159759990315],[16.767283890882656,51.02916655635307],[16.75829068724541,51.02916655635307]]]}},{"type":"Feature","properties":{"jobs":0,"pop":107,"pointCount":2,"homeWorkCommuteMedian":11250,"workHomeCommuteMedian":-1},"geometry":{"type":"Polygon","coordinates":[[[16.75829068724541,51.0741325745393],[16.75829068724541,51.083125778176544],[16.767283890882656,51.083125778176544],[16.767283890882656,51.0741325745393],[16.75829068724541,51.0741325745393]]]}},{"type":"Feature","properties":{"jobs":0,"pop":29,"pointCount":1,"homeWorkCommuteMedian":15534,"workHomeCommuteMedian":-1},"geometry":{"type":"Polygon","coordinates":[[[16.75829068724541,51.083125778176544],[16.75829068724541,51.09211898181379],[16.767283890882656,51.09211898181379],[16.767283890882656,51.083125778176544],[16.75829068724541,51.083125778176544]]]}},{"type":"Feature","properties":{"jobs":43,"pop":52,"pointCount":2,"homeWorkCommuteMedian":13224,"workHomeCommuteMedian":8593},"geometry":{"type":"Polygon","coordinates":[[[16.75829068724541,51.101112185451036],[16.75829068724541,51.11010538908828],[16.767283890882656,51.11010538908828],[16.767283890882656,51.101112185451036],[16.75829068724541,51.101112185451036]]]}},{"type":"Feature","properties":{"jobs":0,"pop":29,"pointCount":1,"homeWorkCommuteMedian":1885,"workHomeCommuteMedian":-1},"geometry":{"type":"Polygon","coordinates":[[[16.75829068724541,51.128091796362774],[16.75829068724541,51.13708500000002],[16.767283890882656,51.13708500000002],[16.767283890882656,51.128091796362774],[16.75829068724541,51.128091796362774]]]}},{"type":"Feature","properties":{"jobs":45,"pop":0,"pointCount":1,"homeWorkCommuteMedian":-1,"workHomeCommuteMedian":7983},"geometry":{"type":"Polygon","coordinates":[[[16.75829068724541,51.13708500000002],[16.75829068724541,51.146078203637266],[16.767283890882656,51.146078203637266],[16.767283890882656,51.13708500000002],[16.75829068724541,51.13708500000002]]]}},{"type":"Feature","properties":{"jobs":0,"pop":33,"pointCount":1,"homeWorkCommuteMedian":7573,"workHomeCommuteMedian":-1},"geometry":{"type":"Polygon","coordinates":[[[16.75829068724541,51.18205101818625],[16.75829068724541,51.191044221823496],[16.767283890882656,51.191044221823496],[16.767283890882656,51.18205101818625],[16.75829068724541,51.18205101818625]]]}},{"type":"Feature","properties":{"jobs":0,"pop":32,"pointCount":1,"homeWorkCommuteMedian":8540,"workHomeCommuteMedian":-1},"geometry":{"type":"Polygon","coordinates":[[[16.75829068724541,51.20003742546074],[16.75829068724541,51.20903062909799],[16.767283890882656,51.20903062909799],[16.767283890882656,51.20003742546074],[16.75829068724541,51.20003742546074]]]}},{"type":"Feature","properties":{"jobs":349,"pop":74,"pointCount":4,"homeWorkCommuteMedian":5929,"workHomeCommuteMedian":9929},"geometry":{"type":"Polygon","coordinates":[[[16.75829068724541,51.20903062909799],[16.75829068724541,51.218023832735234],[16.767283890882656,51.218023832735234],[16.767283890882656,51.20903062909799],[16.75829068724541,51.20903062909799]]]}},{"type":"Feature","properties":{"jobs":0,"pop":143,"pointCount":3,"homeWorkCommuteMedian":11604,"workHomeCommuteMedian":-1},"geometry":{"type":"Polygon","coordinates":[[[16.75829068724541,51.236010240009726],[16.75829068724541,51.24500344364697],[16.767283890882656,51.24500344364697],[16.767283890882656,51.236010240009726],[16.75829068724541,51.236010240009726]]]}},{"type":"Feature","properties":{"jobs":0,"pop":47,"pointCount":1,"homeWorkCommuteMedian":16786,"workHomeCommuteMedian":-1},"geometry":{"type":"Polygon","coordinates":[[[16.75829068724541,51.24500344364697],[16.75829068724541,51.25399664728422],[16.767283890882656,51.25399664728422],[16.767283890882656,51.24500344364697],[16.75829068724541,51.24500344364697]]]}},{"type":"Feature","properties":{"jobs":78,"pop":0,"pointCount":1,"homeWorkCommuteMedian":-1,"workHomeCommuteMedian":7278},"geometry":{"type":"Polygon","coordinates":[[[16.75829068724541,51.25399664728422],[16.75829068724541,51.262989850921464],[16.767283890882656,51.262989850921464],[16.767283890882656,51.25399664728422],[16.75829068724541,51.25399664728422]]]}},{"type":"Feature","properties":{"jobs":271,"pop":0,"pointCount":1,"homeWorkCommuteMedian":-1,"workHomeCommuteMedian":6638},"geometry":{"type":"Polygon","coordinates":[[[16.75829068724541,51.29896266547045],[16.75829068724541,51.307955869107694],[16.767283890882656,51.307955869107694],[16.767283890882656,51.29896266547045],[16.75829068724541,51.29896266547045]]]}},{"type":"Feature","properties":{"jobs":50,"pop":33,"pointCount":2,"homeWorkCommuteMedian":13137,"workHomeCommuteMedian":9383},"geometry":{"type":"Polygon","coordinates":[[[16.767283890882656,50.858295687245395],[16.767283890882656,50.86728889088264],[16.7762770945199,50.86728889088264],[16.7762770945199,50.858295687245395],[16.767283890882656,50.858295687245395]]]}},{"type":"Feature","properties":{"jobs":22,"pop":0,"pointCount":1,"homeWorkCommuteMedian":-1,"workHomeCommuteMedian":7347},"geometry":{"type":"Polygon","coordinates":[[[16.767283890882656,50.88527529815713],[16.767283890882656,50.89426850179438],[16.7762770945199,50.89426850179438],[16.7762770945199,50.88527529815713],[16.767283890882656,50.88527529815713]]]}},{"type":"Feature","properties":{"jobs":28,"pop":22,"pointCount":2,"homeWorkCommuteMedian":7347,"workHomeCommuteMedian":5872},"geometry":{"type":"Polygon","coordinates":[[[16.767283890882656,50.91225490906887],[16.767283890882656,50.92124811270612],[16.7762770945199,50.92124811270612],[16.7762770945199,50.91225490906887],[16.767283890882656,50.91225490906887]]]}},{"type":"Feature","properties":{"jobs":144,"pop":0,"pointCount":2,"homeWorkCommuteMedian":-1,"workHomeCommuteMedian":7992},"geometry":{"type":"Polygon","coordinates":[[[16.767283890882656,50.948227723617855],[16.767283890882656,50.9572209272551],[16.7762770945199,50.9572209272551],[16.7762770945199,50.948227723617855],[16.767283890882656,50.948227723617855]]]}},{"type":"Feature","properties":{"jobs":0,"pop":92,"pointCount":2,"homeWorkCommuteMedian":14205,"workHomeCommuteMedian":-1},"geometry":{"type":"Polygon","coordinates":[[[16.767283890882656,50.98420053816684],[16.767283890882656,50.993193741804085],[16.7762770945199,50.993193741804085],[16.7762770945199,50.98420053816684],[16.767283890882656,50.98420053816684]]]}},{"type":"Feature","properties":{"jobs":100,"pop":245,"pointCount":4,"homeWorkCommuteMedian":3504,"workHomeCommuteMedian":12503},"geometry":{"type":"Polygon","coordinates":[[[16.767283890882656,51.02017335271582],[16.767283890882656,51.02916655635307],[16.7762770945199,51.02916655635307],[16.7762770945199,51.02017335271582],[16.767283890882656,51.02017335271582]]]}},{"type":"Feature","properties":{"jobs":376,"pop":1089,"pointCount":9,"homeWorkCommuteMedian":3199,"workHomeCommuteMedian":3254},"geometry":{"type":"Polygon","coordinates":[[[16.767283890882656,51.02916655635307],[16.767283890882656,51.038159759990315],[16.7762770945199,51.038159759990315],[16.7762770945199,51.02916655635307],[16.767283890882656,51.02916655635307]]]}},{"type":"Feature","properties":{"jobs":152,"pop":166,"pointCount":4,"homeWorkCommuteMedian":2724,"workHomeCommuteMedian":4798},"geometry":{"type":"Polygon","coordinates":[[[16.767283890882656,51.038159759990315],[16.767283890882656,51.04715296362756],[16.7762770945199,51.04715296362756],[16.7762770945199,51.038159759990315],[16.767283890882656,51.038159759990315]]]}},{"type":"Feature","properties":{"jobs":0,"pop":46,"pointCount":2,"homeWorkCommuteMedian":13965,"workHomeCommuteMedian":-1},"geometry":{"type":"Polygon","coordinates":[[[16.767283890882656,51.083125778176544],[16.767283890882656,51.09211898181379],[16.7762770945199,51.09211898181379],[16.7762770945199,51.083125778176544],[16.767283890882656,51.083125778176544]]]}},{"type":"Feature","properties":{"jobs":37,"pop":78,"pointCount":3,"homeWorkCommuteMedian":6884,"workHomeCommuteMedian":2116},"geometry":{"type":"Polygon","coordinates":[[[16.767283890882656,51.128091796362774],[16.767283890882656,51.13708500000002],[16.7762770945199,51.13708500000002],[16.7762770945199,51.128091796362774],[16.767283890882656,51.128091796362774]]]}},{"type":"Feature","properties":{"jobs":51,"pop":29,"pointCount":2,"homeWorkCommuteMedian":7269,"workHomeCommuteMedian":5196},"geometry":{"type":"Polygon","coordinates":[[[16.767283890882656,51.20903062909799],[16.767283890882656,51.218023832735234],[16.7762770945199,51.218023832735234],[16.7762770945199,51.20903062909799],[16.767283890882656,51.20903062909799]]]}},{"type":"Feature","properties":{"jobs":0,"pop":62,"pointCount":2,"homeWorkCommuteMedian":5747,"workHomeCommuteMedian":-1},"geometry":{"type":"Polygon","coordinates":[[[16.767283890882656,51.25399664728422],[16.767283890882656,51.262989850921464],[16.7762770945199,51.262989850921464],[16.7762770945199,51.25399664728422],[16.767283890882656,51.25399664728422]]]}},{"type":"Feature","properties":{"jobs":0,"pop":33,"pointCount":1,"homeWorkCommuteMedian":7472,"workHomeCommuteMedian":-1},"geometry":{"type":"Polygon","coordinates":[[[16.767283890882656,51.262989850921464],[16.767283890882656,51.27198305455871],[16.7762770945199,51.27198305455871],[16.7762770945199,51.262989850921464],[16.767283890882656,51.262989850921464]]]}},{"type":"Feature","properties":{"jobs":0,"pop":64,"pointCount":1,"homeWorkCommuteMedian":9225,"workHomeCommuteMedian":-1},"geometry":{"type":"Polygon","coordinates":[[[16.767283890882656,51.29896266547045],[16.767283890882656,51.307955869107694],[16.7762770945199,51.307955869107694],[16.7762770945199,51.29896266547045],[16.767283890882656,51.29896266547045]]]}},{"type":"Feature","properties":{"jobs":0,"pop":88,"pointCount":2,"homeWorkCommuteMedian":10664,"workHomeCommuteMedian":-1},"geometry":{"type":"Polygon","coordinates":[[[16.767283890882656,51.31694907274494],[16.767283890882656,51.325942276382186],[16.7762770945199,51.325942276382186],[16.7762770945199,51.31694907274494],[16.767283890882656,51.31694907274494]]]}},{"type":"Feature","properties":{"jobs":76,"pop":74,"pointCount":3,"homeWorkCommuteMedian":4084,"workHomeCommuteMedian":5041},"geometry":{"type":"Polygon","coordinates":[[[16.767283890882656,51.325942276382186],[16.767283890882656,51.33493548001943],[16.7762770945199,51.33493548001943],[16.7762770945199,51.325942276382186],[16.767283890882656,51.325942276382186]]]}},{"type":"Feature","properties":{"jobs":0,"pop":45,"pointCount":1,"homeWorkCommuteMedian":9060,"workHomeCommuteMedian":-1},"geometry":{"type":"Polygon","coordinates":[[[16.767283890882656,51.33493548001943],[16.767283890882656,51.34392868365668],[16.7762770945199,51.34392868365668],[16.7762770945199,51.33493548001943],[16.767283890882656,51.33493548001943]]]}},{"type":"Feature","properties":{"jobs":0,"pop":20,"pointCount":1,"homeWorkCommuteMedian":1985,"workHomeCommuteMedian":-1},"geometry":{"type":"Polygon","coordinates":[[[16.767283890882656,51.46983353457812],[16.767283890882656,51.47882673821537],[16.7762770945199,51.47882673821537],[16.7762770945199,51.46983353457812],[16.767283890882656,51.46983353457812]]]}},{"type":"Feature","properties":{"jobs":0,"pop":29,"pointCount":1,"homeWorkCommuteMedian":6648,"workHomeCommuteMedian":-1},"geometry":{"type":"Polygon","coordinates":[[[16.7762770945199,50.84930248360815],[16.7762770945199,50.858295687245395],[16.785270298157148,50.858295687245395],[16.785270298157148,50.84930248360815],[16.7762770945199,50.84930248360815]]]}},{"type":"Feature","properties":{"jobs":0,"pop":51,"pointCount":1,"homeWorkCommuteMedian":10952,"workHomeCommuteMedian":-1},"geometry":{"type":"Polygon","coordinates":[[[16.7762770945199,50.858295687245395],[16.7762770945199,50.86728889088264],[16.785270298157148,50.86728889088264],[16.785270298157148,50.858295687245395],[16.7762770945199,50.858295687245395]]]}},{"type":"Feature","properties":{"jobs":0,"pop":41,"pointCount":1,"homeWorkCommuteMedian":3529,"workHomeCommuteMedian":-1},"geometry":{"type":"Polygon","coordinates":[[[16.7762770945199,50.87628209451989],[16.7762770945199,50.88527529815713],[16.785270298157148,50.88527529815713],[16.785270298157148,50.87628209451989],[16.7762770945199,50.87628209451989]]]}},{"type":"Feature","properties":{"jobs":22,"pop":24,"pointCount":2,"homeWorkCommuteMedian":7993,"workHomeCommuteMedian":4214},"geometry":{"type":"Polygon","coordinates":[[[16.7762770945199,50.88527529815713],[16.7762770945199,50.89426850179438],[16.785270298157148,50.89426850179438],[16.785270298157148,50.88527529815713],[16.7762770945199,50.88527529815713]]]}},{"type":"Feature","properties":{"jobs":0,"pop":23,"pointCount":1,"homeWorkCommuteMedian":6054,"workHomeCommuteMedian":-1},"geometry":{"type":"Polygon","coordinates":[[[16.7762770945199,50.903261705431625],[16.7762770945199,50.91225490906887],[16.785270298157148,50.91225490906887],[16.785270298157148,50.903261705431625],[16.7762770945199,50.903261705431625]]]}},{"type":"Feature","properties":{"jobs":0,"pop":26,"pointCount":1,"homeWorkCommuteMedian":5645,"workHomeCommuteMedian":-1},"geometry":{"type":"Polygon","coordinates":[[[16.7762770945199,50.91225490906887],[16.7762770945199,50.92124811270612],[16.785270298157148,50.92124811270612],[16.785270298157148,50.91225490906887],[16.7762770945199,50.91225490906887]]]}},{"type":"Feature","properties":{"jobs":30,"pop":120,"pointCount":2,"homeWorkCommuteMedian":9976,"workHomeCommuteMedian":41972},"geometry":{"type":"Polygon","coordinates":[[[16.7762770945199,50.93024131634336],[16.7762770945199,50.93923451998061],[16.785270298157148,50.93923451998061],[16.785270298157148,50.93024131634336],[16.7762770945199,50.93024131634336]]]}},{"type":"Feature","properties":{"jobs":0,"pop":30,"pointCount":1,"homeWorkCommuteMedian":4138,"workHomeCommuteMedian":-1},"geometry":{"type":"Polygon","coordinates":[[[16.7762770945199,50.93923451998061],[16.7762770945199,50.948227723617855],[16.785270298157148,50.948227723617855],[16.785270298157148,50.93923451998061],[16.7762770945199,50.93923451998061]]]}},{"type":"Feature","properties":{"jobs":76,"pop":125,"pointCount":5,"homeWorkCommuteMedian":7110,"workHomeCommuteMedian":10027},"geometry":{"type":"Polygon","coordinates":[[[16.7762770945199,50.948227723617855],[16.7762770945199,50.9572209272551],[16.785270298157148,50.9572209272551],[16.785270298157148,50.948227723617855],[16.7762770945199,50.948227723617855]]]}},{"type":"Feature","properties":{"jobs":0,"pop":62,"pointCount":1,"homeWorkCommuteMedian":13382,"workHomeCommuteMedian":-1},"geometry":{"type":"Polygon","coordinates":[[[16.7762770945199,50.97520733452959],[16.7762770945199,50.98420053816684],[16.785270298157148,50.98420053816684],[16.785270298157148,50.97520733452959],[16.7762770945199,50.97520733452959]]]}},{"type":"Feature","properties":{"jobs":0,"pop":62,"pointCount":2,"homeWorkCommuteMedian":8209,"workHomeCommuteMedian":-1},"geometry":{"type":"Polygon","coordinates":[[[16.7762770945199,50.98420053816684],[16.7762770945199,50.993193741804085],[16.785270298157148,50.993193741804085],[16.785270298157148,50.98420053816684],[16.7762770945199,50.98420053816684]]]}},{"type":"Feature","properties":{"jobs":43,"pop":153,"pointCount":4,"homeWorkCommuteMedian":9711,"workHomeCommuteMedian":2878},"geometry":{"type":"Polygon","coordinates":[[[16.7762770945199,51.02916655635307],[16.7762770945199,51.038159759990315],[16.785270298157148,51.038159759990315],[16.785270298157148,51.02916655635307],[16.7762770945199,51.02916655635307]]]}},{"type":"Feature","properties":{"jobs":0,"pop":34,"pointCount":1,"homeWorkCommuteMedian":3212,"workHomeCommuteMedian":-1},"geometry":{"type":"Polygon","coordinates":[[[16.7762770945199,51.038159759990315],[16.7762770945199,51.04715296362756],[16.785270298157148,51.04715296362756],[16.785270298157148,51.038159759990315],[16.7762770945199,51.038159759990315]]]}},{"type":"Feature","properties":{"jobs":0,"pop":62,"pointCount":1,"homeWorkCommuteMedian":30873,"workHomeCommuteMedian":-1},"geometry":{"type":"Polygon","coordinates":[[[16.7762770945199,51.06513937090205],[16.7762770945199,51.0741325745393],[16.785270298157148,51.0741325745393],[16.785270298157148,51.06513937090205],[16.7762770945199,51.06513937090205]]]}},{"type":"Feature","properties":{"jobs":0,"pop":33,"pointCount":1,"homeWorkCommuteMedian":9907,"workHomeCommuteMedian":-1},"geometry":{"type":"Polygon","coordinates":[[[16.7762770945199,51.0741325745393],[16.7762770945199,51.083125778176544],[16.785270298157148,51.083125778176544],[16.785270298157148,51.0741325745393],[16.7762770945199,51.0741325745393]]]}},{"type":"Feature","properties":{"jobs":0,"pop":77,"pointCount":2,"homeWorkCommuteMedian":9320,"workHomeCommuteMedian":-1},"geometry":{"type":"Polygon","coordinates":[[[16.7762770945199,51.083125778176544],[16.7762770945199,51.09211898181379],[16.785270298157148,51.09211898181379],[16.785270298157148,51.083125778176544],[16.7762770945199,51.083125778176544]]]}},{"type":"Feature","properties":{"jobs":20,"pop":24,"pointCount":1,"homeWorkCommuteMedian":6251,"workHomeCommuteMedian":7965},"geometry":{"type":"Polygon","coordinates":[[[16.7762770945199,51.11010538908828],[16.7762770945199,51.11909859272553],[16.785270298157148,51.11909859272553],[16.785270298157148,51.11010538908828],[16.7762770945199,51.11010538908828]]]}},{"type":"Feature","properties":{"jobs":0,"pop":30,"pointCount":1,"homeWorkCommuteMedian":1377,"workHomeCommuteMedian":-1},"geometry":{"type":"Polygon","coordinates":[[[16.7762770945199,51.11909859272553],[16.7762770945199,51.128091796362774],[16.785270298157148,51.128091796362774],[16.785270298157148,51.11909859272553],[16.7762770945199,51.11909859272553]]]}},{"type":"Feature","properties":{"jobs":296,"pop":344,"pointCount":12,"homeWorkCommuteMedian":8023,"workHomeCommuteMedian":6783},"geometry":{"type":"Polygon","coordinates":[[[16.7762770945199,51.128091796362774],[16.7762770945199,51.13708500000002],[16.785270298157148,51.13708500000002],[16.785270298157148,51.128091796362774],[16.7762770945199,51.128091796362774]]]}},{"type":"Feature","properties":{"jobs":30,"pop":36,"pointCount":2,"homeWorkCommuteMedian":15212,"workHomeCommuteMedian":1926},"geometry":{"type":"Polygon","coordinates":[[[16.7762770945199,51.13708500000002],[16.7762770945199,51.146078203637266],[16.785270298157148,51.146078203637266],[16.785270298157148,51.13708500000002],[16.7762770945199,51.13708500000002]]]}},{"type":"Feature","properties":{"jobs":29,"pop":186,"pointCount":2,"homeWorkCommuteMedian":3936,"workHomeCommuteMedian":4049},"geometry":{"type":"Polygon","coordinates":[[[16.7762770945199,51.146078203637266],[16.7762770945199,51.15507140727451],[16.785270298157148,51.15507140727451],[16.785270298157148,51.146078203637266],[16.7762770945199,51.146078203637266]]]}},{"type":"Feature","properties":{"jobs":98,"pop":165,"pointCount":4,"homeWorkCommuteMedian":3719,"workHomeCommuteMedian":14301},"geometry":{"type":"Polygon","coordinates":[[[16.7762770945199,51.15507140727451],[16.7762770945199,51.16406461091176],[16.785270298157148,51.16406461091176],[16.785270298157148,51.15507140727451],[16.7762770945199,51.15507140727451]]]}},{"type":"Feature","properties":{"jobs":32,"pop":74,"pointCount":2,"homeWorkCommuteMedian":6585,"workHomeCommuteMedian":5901},"geometry":{"type":"Polygon","coordinates":[[[16.7762770945199,51.18205101818625],[16.7762770945199,51.191044221823496],[16.785270298157148,51.191044221823496],[16.785270298157148,51.18205101818625],[16.7762770945199,51.18205101818625]]]}},{"type":"Feature","properties":{"jobs":0,"pop":58,"pointCount":1,"homeWorkCommuteMedian":7787,"workHomeCommuteMedian":-1},"geometry":{"type":"Polygon","coordinates":[[[16.7762770945199,51.25399664728422],[16.7762770945199,51.262989850921464],[16.785270298157148,51.262989850921464],[16.785270298157148,51.25399664728422],[16.7762770945199,51.25399664728422]]]}},{"type":"Feature","properties":{"jobs":35,"pop":33,"pointCount":2,"homeWorkCommuteMedian":28885,"workHomeCommuteMedian":4042},"geometry":{"type":"Polygon","coordinates":[[[16.7762770945199,51.29896266547045],[16.7762770945199,51.307955869107694],[16.785270298157148,51.307955869107694],[16.785270298157148,51.29896266547045],[16.7762770945199,51.29896266547045]]]}},{"type":"Feature","properties":{"jobs":27,"pop":0,"pointCount":1,"homeWorkCommuteMedian":-1,"workHomeCommuteMedian":64418},"geometry":{"type":"Polygon","coordinates":[[[16.7762770945199,51.47882673821537],[16.7762770945199,51.487819941852614],[16.785270298157148,51.487819941852614],[16.785270298157148,51.47882673821537],[16.7762770945199,51.47882673821537]]]}},{"type":"Feature","properties":{"jobs":30,"pop":0,"pointCount":1,"homeWorkCommuteMedian":-1,"workHomeCommuteMedian":8714},"geometry":{"type":"Polygon","coordinates":[[[16.785270298157148,50.89426850179438],[16.785270298157148,50.903261705431625],[16.794263501794394,50.903261705431625],[16.794263501794394,50.89426850179438],[16.785270298157148,50.89426850179438]]]}},{"type":"Feature","properties":{"jobs":73,"pop":42,"pointCount":2,"homeWorkCommuteMedian":18766,"workHomeCommuteMedian":13870},"geometry":{"type":"Polygon","coordinates":[[[16.785270298157148,50.948227723617855],[16.785270298157148,50.9572209272551],[16.794263501794394,50.9572209272551],[16.794263501794394,50.948227723617855],[16.785270298157148,50.948227723617855]]]}},{"type":"Feature","properties":{"jobs":20,"pop":30,"pointCount":2,"homeWorkCommuteMedian":12449,"workHomeCommuteMedian":25526},"geometry":{"type":"Polygon","coordinates":[[[16.785270298157148,50.9572209272551],[16.785270298157148,50.96621413089235],[16.794263501794394,50.96621413089235],[16.794263501794394,50.9572209272551],[16.785270298157148,50.9572209272551]]]}},{"type":"Feature","properties":{"jobs":43,"pop":39,"pointCount":2,"homeWorkCommuteMedian":13521,"workHomeCommuteMedian":13190},"geometry":{"type":"Polygon","coordinates":[[[16.785270298157148,50.97520733452959],[16.785270298157148,50.98420053816684],[16.794263501794394,50.98420053816684],[16.794263501794394,50.97520733452959],[16.785270298157148,50.97520733452959]]]}},{"type":"Feature","properties":{"jobs":23,"pop":165,"pointCount":4,"homeWorkCommuteMedian":8507,"workHomeCommuteMedian":9949},"geometry":{"type":"Polygon","coordinates":[[[16.785270298157148,50.98420053816684],[16.785270298157148,50.993193741804085],[16.794263501794394,50.993193741804085],[16.794263501794394,50.98420053816684],[16.785270298157148,50.98420053816684]]]}},{"type":"Feature","properties":{"jobs":0,"pop":41,"pointCount":1,"homeWorkCommuteMedian":13139,"workHomeCommuteMedian":-1},"geometry":{"type":"Polygon","coordinates":[[[16.785270298157148,51.02916655635307],[16.785270298157148,51.038159759990315],[16.794263501794394,51.038159759990315],[16.794263501794394,51.02916655635307],[16.785270298157148,51.02916655635307]]]}},{"type":"Feature","properties":{"jobs":0,"pop":32,"pointCount":1,"homeWorkCommuteMedian":13075,"workHomeCommuteMedian":-1},"geometry":{"type":"Polygon","coordinates":[[[16.785270298157148,51.038159759990315],[16.785270298157148,51.04715296362756],[16.794263501794394,51.04715296362756],[16.794263501794394,51.038159759990315],[16.785270298157148,51.038159759990315]]]}},{"type":"Feature","properties":{"jobs":51,"pop":37,"pointCount":2,"homeWorkCommuteMedian":7385,"workHomeCommuteMedian":11173},"geometry":{"type":"Polygon","coordinates":[[[16.785270298157148,51.083125778176544],[16.785270298157148,51.09211898181379],[16.794263501794394,51.09211898181379],[16.794263501794394,51.083125778176544],[16.785270298157148,51.083125778176544]]]}},{"type":"Feature","properties":{"jobs":0,"pop":52,"pointCount":1,"homeWorkCommuteMedian":5811,"workHomeCommuteMedian":-1},"geometry":{"type":"Polygon","coordinates":[[[16.785270298157148,51.11010538908828],[16.785270298157148,51.11909859272553],[16.794263501794394,51.11909859272553],[16.794263501794394,51.11010538908828],[16.785270298157148,51.11010538908828]]]}},{"type":"Feature","properties":{"jobs":0,"pop":75,"pointCount":2,"homeWorkCommuteMedian":5434,"workHomeCommuteMedian":-1},"geometry":{"type":"Polygon","coordinates":[[[16.785270298157148,51.11909859272553],[16.785270298157148,51.128091796362774],[16.794263501794394,51.128091796362774],[16.794263501794394,51.11909859272553],[16.785270298157148,51.11909859272553]]]}},{"type":"Feature","properties":{"jobs":36,"pop":150,"pointCount":4,"homeWorkCommuteMedian":7154,"workHomeCommuteMedian":3576},"geometry":{"type":"Polygon","coordinates":[[[16.785270298157148,51.128091796362774],[16.785270298157148,51.13708500000002],[16.794263501794394,51.13708500000002],[16.794263501794394,51.128091796362774],[16.785270298157148,51.128091796362774]]]}},{"type":"Feature","properties":{"jobs":65,"pop":405,"pointCount":5,"homeWorkCommuteMedian":3900,"workHomeCommuteMedian":21196},"geometry":{"type":"Polygon","coordinates":[[[16.785270298157148,51.13708500000002],[16.785270298157148,51.146078203637266],[16.794263501794394,51.146078203637266],[16.794263501794394,51.13708500000002],[16.785270298157148,51.13708500000002]]]}},{"type":"Feature","properties":{"jobs":45,"pop":0,"pointCount":1,"homeWorkCommuteMedian":-1,"workHomeCommuteMedian":9028},"geometry":{"type":"Polygon","coordinates":[[[16.785270298157148,51.146078203637266],[16.785270298157148,51.15507140727451],[16.794263501794394,51.15507140727451],[16.794263501794394,51.146078203637266],[16.785270298157148,51.146078203637266]]]}},{"type":"Feature","properties":{"jobs":40,"pop":56,"pointCount":3,"homeWorkCommuteMedian":8295,"workHomeCommuteMedian":14691},"geometry":{"type":"Polygon","coordinates":[[[16.785270298157148,51.15507140727451],[16.785270298157148,51.16406461091176],[16.794263501794394,51.16406461091176],[16.794263501794394,51.15507140727451],[16.785270298157148,51.15507140727451]]]}},{"type":"Feature","properties":{"jobs":0,"pop":27,"pointCount":1,"homeWorkCommuteMedian":3245,"workHomeCommuteMedian":-1},"geometry":{"type":"Polygon","coordinates":[[[16.785270298157148,51.16406461091176],[16.785270298157148,51.173057814549004],[16.794263501794394,51.173057814549004],[16.794263501794394,51.16406461091176],[16.785270298157148,51.16406461091176]]]}},{"type":"Feature","properties":{"jobs":0,"pop":36,"pointCount":1,"homeWorkCommuteMedian":8067,"workHomeCommuteMedian":-1},"geometry":{"type":"Polygon","coordinates":[[[16.785270298157148,51.173057814549004],[16.785270298157148,51.18205101818625],[16.794263501794394,51.18205101818625],[16.794263501794394,51.173057814549004],[16.785270298157148,51.173057814549004]]]}},{"type":"Feature","properties":{"jobs":105,"pop":206,"pointCount":8,"homeWorkCommuteMedian":7102,"workHomeCommuteMedian":5929},"geometry":{"type":"Polygon","coordinates":[[[16.785270298157148,51.18205101818625],[16.785270298157148,51.191044221823496],[16.794263501794394,51.191044221823496],[16.794263501794394,51.18205101818625],[16.785270298157148,51.18205101818625]]]}},{"type":"Feature","properties":{"jobs":0,"pop":78,"pointCount":3,"homeWorkCommuteMedian":12488,"workHomeCommuteMedian":-1},"geometry":{"type":"Polygon","coordinates":[[[16.785270298157148,51.191044221823496],[16.785270298157148,51.20003742546074],[16.794263501794394,51.20003742546074],[16.794263501794394,51.191044221823496],[16.785270298157148,51.191044221823496]]]}},{"type":"Feature","properties":{"jobs":0,"pop":99,"pointCount":2,"homeWorkCommuteMedian":5451,"workHomeCommuteMedian":-1},"geometry":{"type":"Polygon","coordinates":[[[16.785270298157148,51.262989850921464],[16.785270298157148,51.27198305455871],[16.794263501794394,51.27198305455871],[16.794263501794394,51.262989850921464],[16.785270298157148,51.262989850921464]]]}},{"type":"Feature","properties":{"jobs":0,"pop":28,"pointCount":1,"homeWorkCommuteMedian":21970,"workHomeCommuteMedian":-1},"geometry":{"type":"Polygon","coordinates":[[[16.785270298157148,51.27198305455871],[16.785270298157148,51.280976258195956],[16.794263501794394,51.280976258195956],[16.794263501794394,51.27198305455871],[16.785270298157148,51.27198305455871]]]}},{"type":"Feature","properties":{"jobs":58,"pop":0,"pointCount":1,"homeWorkCommuteMedian":-1,"workHomeCommuteMedian":3862},"geometry":{"type":"Polygon","coordinates":[[[16.785270298157148,51.46983353457812],[16.785270298157148,51.47882673821537],[16.794263501794394,51.47882673821537],[16.794263501794394,51.46983353457812],[16.785270298157148,51.46983353457812]]]}},{"type":"Feature","properties":{"jobs":34,"pop":22,"pointCount":2,"homeWorkCommuteMedian":29660,"workHomeCommuteMedian":56586},"geometry":{"type":"Polygon","coordinates":[[[16.794263501794394,50.83131607633366],[16.794263501794394,50.8403092799709],[16.80325670543164,50.8403092799709],[16.80325670543164,50.83131607633366],[16.794263501794394,50.83131607633366]]]}},{"type":"Feature","properties":{"jobs":100,"pop":77,"pointCount":2,"homeWorkCommuteMedian":4872,"workHomeCommuteMedian":35325},"geometry":{"type":"Polygon","coordinates":[[[16.794263501794394,50.86728889088264],[16.794263501794394,50.87628209451989],[16.80325670543164,50.87628209451989],[16.80325670543164,50.86728889088264],[16.794263501794394,50.86728889088264]]]}},{"type":"Feature","properties":{"jobs":0,"pop":75,"pointCount":2,"homeWorkCommuteMedian":9566,"workHomeCommuteMedian":-1},"geometry":{"type":"Polygon","coordinates":[[[16.794263501794394,50.89426850179438],[16.794263501794394,50.903261705431625],[16.80325670543164,50.903261705431625],[16.80325670543164,50.89426850179438],[16.794263501794394,50.89426850179438]]]}},{"type":"Feature","properties":{"jobs":65,"pop":59,"pointCount":4,"homeWorkCommuteMedian":9438,"workHomeCommuteMedian":5822},"geometry":{"type":"Polygon","coordinates":[[[16.794263501794394,50.93024131634336],[16.794263501794394,50.93923451998061],[16.80325670543164,50.93923451998061],[16.80325670543164,50.93024131634336],[16.794263501794394,50.93024131634336]]]}},{"type":"Feature","properties":{"jobs":55,"pop":28,"pointCount":2,"homeWorkCommuteMedian":5716,"workHomeCommuteMedian":9167},"geometry":{"type":"Polygon","coordinates":[[[16.794263501794394,50.9572209272551],[16.794263501794394,50.96621413089235],[16.80325670543164,50.96621413089235],[16.80325670543164,50.9572209272551],[16.794263501794394,50.9572209272551]]]}},{"type":"Feature","properties":{"jobs":0,"pop":65,"pointCount":1,"homeWorkCommuteMedian":9239,"workHomeCommuteMedian":-1},"geometry":{"type":"Polygon","coordinates":[[[16.794263501794394,50.96621413089235],[16.794263501794394,50.97520733452959],[16.80325670543164,50.97520733452959],[16.80325670543164,50.96621413089235],[16.794263501794394,50.96621413089235]]]}},{"type":"Feature","properties":{"jobs":117,"pop":29,"pointCount":3,"homeWorkCommuteMedian":4119,"workHomeCommuteMedian":8209},"geometry":{"type":"Polygon","coordinates":[[[16.794263501794394,51.00218694544133],[16.794263501794394,51.01118014907858],[16.80325670543164,51.01118014907858],[16.80325670543164,51.00218694544133],[16.794263501794394,51.00218694544133]]]}},{"type":"Feature","properties":{"jobs":0,"pop":65,"pointCount":2,"homeWorkCommuteMedian":20651,"workHomeCommuteMedian":-1},"geometry":{"type":"Polygon","coordinates":[[[16.794263501794394,51.01118014907858],[16.794263501794394,51.02017335271582],[16.80325670543164,51.02017335271582],[16.80325670543164,51.01118014907858],[16.794263501794394,51.01118014907858]]]}},{"type":"Feature","properties":{"jobs":49,"pop":0,"pointCount":1,"homeWorkCommuteMedian":-1,"workHomeCommuteMedian":8086},"geometry":{"type":"Polygon","coordinates":[[[16.794263501794394,51.02916655635307],[16.794263501794394,51.038159759990315],[16.80325670543164,51.038159759990315],[16.80325670543164,51.02916655635307],[16.794263501794394,51.02916655635307]]]}},{"type":"Feature","properties":{"jobs":27,"pop":24,"pointCount":2,"homeWorkCommuteMedian":7725,"workHomeCommuteMedian":4700},"geometry":{"type":"Polygon","coordinates":[[[16.794263501794394,51.038159759990315],[16.794263501794394,51.04715296362756],[16.80325670543164,51.04715296362756],[16.80325670543164,51.038159759990315],[16.794263501794394,51.038159759990315]]]}},{"type":"Feature","properties":{"jobs":0,"pop":134,"pointCount":4,"homeWorkCommuteMedian":9613,"workHomeCommuteMedian":-1},"geometry":{"type":"Polygon","coordinates":[[[16.794263501794394,51.04715296362756],[16.794263501794394,51.05614616726481],[16.80325670543164,51.05614616726481],[16.80325670543164,51.04715296362756],[16.794263501794394,51.04715296362756]]]}},{"type":"Feature","properties":{"jobs":78,"pop":79,"pointCount":2,"homeWorkCommuteMedian":15048,"workHomeCommuteMedian":15519},"geometry":{"type":"Polygon","coordinates":[[[16.794263501794394,51.05614616726481],[16.794263501794394,51.06513937090205],[16.80325670543164,51.06513937090205],[16.80325670543164,51.05614616726481],[16.794263501794394,51.05614616726481]]]}},{"type":"Feature","properties":{"jobs":0,"pop":38,"pointCount":1,"homeWorkCommuteMedian":8641,"workHomeCommuteMedian":-1},"geometry":{"type":"Polygon","coordinates":[[[16.794263501794394,51.0741325745393],[16.794263501794394,51.083125778176544],[16.80325670543164,51.083125778176544],[16.80325670543164,51.0741325745393],[16.794263501794394,51.0741325745393]]]}},{"type":"Feature","properties":{"jobs":0,"pop":55,"pointCount":1,"homeWorkCommuteMedian":8733,"workHomeCommuteMedian":-1},"geometry":{"type":"Polygon","coordinates":[[[16.794263501794394,51.11010538908828],[16.794263501794394,51.11909859272553],[16.80325670543164,51.11909859272553],[16.80325670543164,51.11010538908828],[16.794263501794394,51.11010538908828]]]}},{"type":"Feature","properties":{"jobs":20,"pop":231,"pointCount":5,"homeWorkCommuteMedian":3934,"workHomeCommuteMedian":13263},"geometry":{"type":"Polygon","coordinates":[[[16.794263501794394,51.128091796362774],[16.794263501794394,51.13708500000002],[16.80325670543164,51.13708500000002],[16.80325670543164,51.128091796362774],[16.794263501794394,51.128091796362774]]]}},{"type":"Feature","properties":{"jobs":0,"pop":199,"pointCount":3,"homeWorkCommuteMedian":2719,"workHomeCommuteMedian":-1},"geometry":{"type":"Polygon","coordinates":[[[16.794263501794394,51.13708500000002],[16.794263501794394,51.146078203637266],[16.80325670543164,51.146078203637266],[16.80325670543164,51.13708500000002],[16.794263501794394,51.13708500000002]]]}},{"type":"Feature","properties":{"jobs":783,"pop":0,"pointCount":2,"homeWorkCommuteMedian":-1,"workHomeCommuteMedian":8336},"geometry":{"type":"Polygon","coordinates":[[[16.794263501794394,51.146078203637266],[16.794263501794394,51.15507140727451],[16.80325670543164,51.15507140727451],[16.80325670543164,51.146078203637266],[16.794263501794394,51.146078203637266]]]}},{"type":"Feature","properties":{"jobs":138,"pop":35,"pointCount":1,"homeWorkCommuteMedian":2852,"workHomeCommuteMedian":3707},"geometry":{"type":"Polygon","coordinates":[[[16.794263501794394,51.15507140727451],[16.794263501794394,51.16406461091176],[16.80325670543164,51.16406461091176],[16.80325670543164,51.15507140727451],[16.794263501794394,51.15507140727451]]]}},{"type":"Feature","properties":{"jobs":0,"pop":40,"pointCount":1,"homeWorkCommuteMedian":6622,"workHomeCommuteMedian":-1},"geometry":{"type":"Polygon","coordinates":[[[16.794263501794394,51.16406461091176],[16.794263501794394,51.173057814549004],[16.80325670543164,51.173057814549004],[16.80325670543164,51.16406461091176],[16.794263501794394,51.16406461091176]]]}},{"type":"Feature","properties":{"jobs":0,"pop":32,"pointCount":1,"homeWorkCommuteMedian":4803,"workHomeCommuteMedian":-1},"geometry":{"type":"Polygon","coordinates":[[[16.794263501794394,51.173057814549004],[16.794263501794394,51.18205101818625],[16.80325670543164,51.18205101818625],[16.80325670543164,51.173057814549004],[16.794263501794394,51.173057814549004]]]}},{"type":"Feature","properties":{"jobs":0,"pop":107,"pointCount":2,"homeWorkCommuteMedian":9246,"workHomeCommuteMedian":-1},"geometry":{"type":"Polygon","coordinates":[[[16.794263501794394,51.18205101818625],[16.794263501794394,51.191044221823496],[16.80325670543164,51.191044221823496],[16.80325670543164,51.18205101818625],[16.794263501794394,51.18205101818625]]]}},{"type":"Feature","properties":{"jobs":53,"pop":27,"pointCount":2,"homeWorkCommuteMedian":37221,"workHomeCommuteMedian":9076},"geometry":{"type":"Polygon","coordinates":[[[16.794263501794394,51.191044221823496],[16.794263501794394,51.20003742546074],[16.80325670543164,51.20003742546074],[16.80325670543164,51.191044221823496],[16.794263501794394,51.191044221823496]]]}},{"type":"Feature","properties":{"jobs":0,"pop":79,"pointCount":2,"homeWorkCommuteMedian":11888,"workHomeCommuteMedian":-1},"geometry":{"type":"Polygon","coordinates":[[[16.794263501794394,51.20003742546074],[16.794263501794394,51.20903062909799],[16.80325670543164,51.20903062909799],[16.80325670543164,51.20003742546074],[16.794263501794394,51.20003742546074]]]}},{"type":"Feature","properties":{"jobs":21,"pop":53,"pointCount":2,"homeWorkCommuteMedian":9568,"workHomeCommuteMedian":6038},"geometry":{"type":"Polygon","coordinates":[[[16.794263501794394,51.218023832735234],[16.794263501794394,51.22701703637248],[16.80325670543164,51.22701703637248],[16.80325670543164,51.218023832735234],[16.794263501794394,51.218023832735234]]]}},{"type":"Feature","properties":{"jobs":33,"pop":60,"pointCount":3,"homeWorkCommuteMedian":21878,"workHomeCommuteMedian":19019},"geometry":{"type":"Polygon","coordinates":[[[16.794263501794394,51.236010240009726],[16.794263501794394,51.24500344364697],[16.80325670543164,51.24500344364697],[16.80325670543164,51.236010240009726],[16.794263501794394,51.236010240009726]]]}},{"type":"Feature","properties":{"jobs":0,"pop":92,"pointCount":2,"homeWorkCommuteMedian":14174,"workHomeCommuteMedian":-1},"geometry":{"type":"Polygon","coordinates":[[[16.794263501794394,51.24500344364697],[16.794263501794394,51.25399664728422],[16.80325670543164,51.25399664728422],[16.80325670543164,51.24500344364697],[16.794263501794394,51.24500344364697]]]}},{"type":"Feature","properties":{"jobs":37,"pop":0,"pointCount":1,"homeWorkCommuteMedian":-1,"workHomeCommuteMedian":7658},"geometry":{"type":"Polygon","coordinates":[[[16.794263501794394,51.262989850921464],[16.794263501794394,51.27198305455871],[16.80325670543164,51.27198305455871],[16.80325670543164,51.262989850921464],[16.794263501794394,51.262989850921464]]]}},{"type":"Feature","properties":{"jobs":0,"pop":21,"pointCount":1,"homeWorkCommuteMedian":8454,"workHomeCommuteMedian":-1},"geometry":{"type":"Polygon","coordinates":[[[16.794263501794394,51.27198305455871],[16.794263501794394,51.280976258195956],[16.80325670543164,51.280976258195956],[16.80325670543164,51.27198305455871],[16.794263501794394,51.27198305455871]]]}},{"type":"Feature","properties":{"jobs":0,"pop":32,"pointCount":1,"homeWorkCommuteMedian":7920,"workHomeCommuteMedian":-1},"geometry":{"type":"Polygon","coordinates":[[[16.794263501794394,51.280976258195956],[16.794263501794394,51.2899694618332],[16.80325670543164,51.2899694618332],[16.80325670543164,51.280976258195956],[16.794263501794394,51.280976258195956]]]}},{"type":"Feature","properties":{"jobs":0,"pop":64,"pointCount":1,"homeWorkCommuteMedian":9527,"workHomeCommuteMedian":-1},"geometry":{"type":"Polygon","coordinates":[[[16.794263501794394,51.36191509093117],[16.794263501794394,51.370908294568416],[16.80325670543164,51.370908294568416],[16.80325670543164,51.36191509093117],[16.794263501794394,51.36191509093117]]]}},{"type":"Feature","properties":{"jobs":54,"pop":223,"pointCount":3,"homeWorkCommuteMedian":16522,"workHomeCommuteMedian":8978},"geometry":{"type":"Polygon","coordinates":[[[16.794263501794394,51.46983353457812],[16.794263501794394,51.47882673821537],[16.80325670543164,51.47882673821537],[16.80325670543164,51.46983353457812],[16.794263501794394,51.46983353457812]]]}},{"type":"Feature","properties":{"jobs":0,"pop":25,"pointCount":1,"homeWorkCommuteMedian":32133,"workHomeCommuteMedian":-1},"geometry":{"type":"Polygon","coordinates":[[[16.80325670543164,50.84930248360815],[16.80325670543164,50.858295687245395],[16.812249909068886,50.858295687245395],[16.812249909068886,50.84930248360815],[16.80325670543164,50.84930248360815]]]}},{"type":"Feature","properties":{"jobs":65,"pop":33,"pointCount":2,"homeWorkCommuteMedian":16316,"workHomeCommuteMedian":5716},"geometry":{"type":"Polygon","coordinates":[[[16.80325670543164,50.88527529815713],[16.80325670543164,50.89426850179438],[16.812249909068886,50.89426850179438],[16.812249909068886,50.88527529815713],[16.80325670543164,50.88527529815713]]]}},{"type":"Feature","properties":{"jobs":25,"pop":0,"pointCount":1,"homeWorkCommuteMedian":-1,"workHomeCommuteMedian":2158},"geometry":{"type":"Polygon","coordinates":[[[16.80325670543164,50.92124811270612],[16.80325670543164,50.93024131634336],[16.812249909068886,50.93024131634336],[16.812249909068886,50.92124811270612],[16.80325670543164,50.92124811270612]]]}},{"type":"Feature","properties":{"jobs":0,"pop":117,"pointCount":2,"homeWorkCommuteMedian":8801,"workHomeCommuteMedian":-1},"geometry":{"type":"Polygon","coordinates":[[[16.80325670543164,50.93024131634336],[16.80325670543164,50.93923451998061],[16.812249909068886,50.93923451998061],[16.812249909068886,50.93024131634336],[16.80325670543164,50.93024131634336]]]}},{"type":"Feature","properties":{"jobs":23,"pop":54,"pointCount":2,"homeWorkCommuteMedian":10418,"workHomeCommuteMedian":39791},"geometry":{"type":"Polygon","coordinates":[[[16.80325670543164,50.948227723617855],[16.80325670543164,50.9572209272551],[16.812249909068886,50.9572209272551],[16.812249909068886,50.948227723617855],[16.80325670543164,50.948227723617855]]]}},{"type":"Feature","properties":{"jobs":0,"pop":27,"pointCount":1,"homeWorkCommuteMedian":14128,"workHomeCommuteMedian":-1},"geometry":{"type":"Polygon","coordinates":[[[16.80325670543164,51.01118014907858],[16.80325670543164,51.02017335271582],[16.812249909068886,51.02017335271582],[16.812249909068886,51.01118014907858],[16.80325670543164,51.01118014907858]]]}},{"type":"Feature","properties":{"jobs":0,"pop":46,"pointCount":2,"homeWorkCommuteMedian":14246,"workHomeCommuteMedian":-1},"geometry":{"type":"Polygon","coordinates":[[[16.80325670543164,51.05614616726481],[16.80325670543164,51.06513937090205],[16.812249909068886,51.06513937090205],[16.812249909068886,51.05614616726481],[16.80325670543164,51.05614616726481]]]}},{"type":"Feature","properties":{"jobs":0,"pop":61,"pointCount":2,"homeWorkCommuteMedian":8567,"workHomeCommuteMedian":-1},"geometry":{"type":"Polygon","coordinates":[[[16.80325670543164,51.0741325745393],[16.80325670543164,51.083125778176544],[16.812249909068886,51.083125778176544],[16.812249909068886,51.0741325745393],[16.80325670543164,51.0741325745393]]]}},{"type":"Feature","properties":{"jobs":0,"pop":24,"pointCount":1,"homeWorkCommuteMedian":8100,"workHomeCommuteMedian":-1},"geometry":{"type":"Polygon","coordinates":[[[16.80325670543164,51.101112185451036],[16.80325670543164,51.11010538908828],[16.812249909068886,51.11010538908828],[16.812249909068886,51.101112185451036],[16.80325670543164,51.101112185451036]]]}},{"type":"Feature","properties":{"jobs":31,"pop":102,"pointCount":3,"homeWorkCommuteMedian":8529,"workHomeCommuteMedian":13636},"geometry":{"type":"Polygon","coordinates":[[[16.80325670543164,51.11010538908828],[16.80325670543164,51.11909859272553],[16.812249909068886,51.11909859272553],[16.812249909068886,51.11010538908828],[16.80325670543164,51.11010538908828]]]}},{"type":"Feature","properties":{"jobs":920,"pop":0,"pointCount":2,"homeWorkCommuteMedian":-1,"workHomeCommuteMedian":8376},"geometry":{"type":"Polygon","coordinates":[[[16.80325670543164,51.146078203637266],[16.80325670543164,51.15507140727451],[16.812249909068886,51.15507140727451],[16.812249909068886,51.146078203637266],[16.80325670543164,51.146078203637266]]]}},{"type":"Feature","properties":{"jobs":72,"pop":138,"pointCount":4,"homeWorkCommuteMedian":5723,"workHomeCommuteMedian":7644},"geometry":{"type":"Polygon","coordinates":[[[16.80325670543164,51.15507140727451],[16.80325670543164,51.16406461091176],[16.812249909068886,51.16406461091176],[16.812249909068886,51.15507140727451],[16.80325670543164,51.15507140727451]]]}},{"type":"Feature","properties":{"jobs":0,"pop":49,"pointCount":2,"homeWorkCommuteMedian":5889,"workHomeCommuteMedian":-1},"geometry":{"type":"Polygon","coordinates":[[[16.80325670543164,51.16406461091176],[16.80325670543164,51.173057814549004],[16.812249909068886,51.173057814549004],[16.812249909068886,51.16406461091176],[16.80325670543164,51.16406461091176]]]}},{"type":"Feature","properties":{"jobs":0,"pop":35,"pointCount":1,"homeWorkCommuteMedian":3414,"workHomeCommuteMedian":-1},"geometry":{"type":"Polygon","coordinates":[[[16.80325670543164,51.173057814549004],[16.80325670543164,51.18205101818625],[16.812249909068886,51.18205101818625],[16.812249909068886,51.173057814549004],[16.80325670543164,51.173057814549004]]]}},{"type":"Feature","properties":{"jobs":0,"pop":76,"pointCount":2,"homeWorkCommuteMedian":9919,"workHomeCommuteMedian":-1},"geometry":{"type":"Polygon","coordinates":[[[16.80325670543164,51.20903062909799],[16.80325670543164,51.218023832735234],[16.812249909068886,51.218023832735234],[16.812249909068886,51.20903062909799],[16.80325670543164,51.20903062909799]]]}},{"type":"Feature","properties":{"jobs":0,"pop":20,"pointCount":1,"homeWorkCommuteMedian":5440,"workHomeCommuteMedian":-1},"geometry":{"type":"Polygon","coordinates":[[[16.80325670543164,51.22701703637248],[16.80325670543164,51.236010240009726],[16.812249909068886,51.236010240009726],[16.812249909068886,51.22701703637248],[16.80325670543164,51.22701703637248]]]}},{"type":"Feature","properties":{"jobs":39,"pop":62,"pointCount":3,"homeWorkCommuteMedian":6109,"workHomeCommuteMedian":13353},"geometry":{"type":"Polygon","coordinates":[[[16.80325670543164,51.36191509093117],[16.80325670543164,51.370908294568416],[16.812249909068886,51.370908294568416],[16.812249909068886,51.36191509093117],[16.80325670543164,51.36191509093117]]]}},{"type":"Feature","properties":{"jobs":0,"pop":34,"pointCount":1,"homeWorkCommuteMedian":5426,"workHomeCommuteMedian":-1},"geometry":{"type":"Polygon","coordinates":[[[16.80325670543164,51.370908294568416],[16.80325670543164,51.37990149820566],[16.812249909068886,51.37990149820566],[16.812249909068886,51.370908294568416],[16.80325670543164,51.370908294568416]]]}},{"type":"Feature","properties":{"jobs":60,"pop":96,"pointCount":3,"homeWorkCommuteMedian":15497,"workHomeCommuteMedian":3506},"geometry":{"type":"Polygon","coordinates":[[[16.80325670543164,51.37990149820566],[16.80325670543164,51.38889470184291],[16.812249909068886,51.38889470184291],[16.812249909068886,51.37990149820566],[16.80325670543164,51.37990149820566]]]}},{"type":"Feature","properties":{"jobs":0,"pop":21,"pointCount":1,"homeWorkCommuteMedian":3467,"workHomeCommuteMedian":-1},"geometry":{"type":"Polygon","coordinates":[[[16.80325670543164,51.38889470184291],[16.80325670543164,51.397887905480154],[16.812249909068886,51.397887905480154],[16.812249909068886,51.38889470184291],[16.80325670543164,51.38889470184291]]]}},{"type":"Feature","properties":{"jobs":23,"pop":20,"pointCount":1,"homeWorkCommuteMedian":4200,"workHomeCommuteMedian":12655},"geometry":{"type":"Polygon","coordinates":[[[16.80325670543164,51.397887905480154],[16.80325670543164,51.4068811091174],[16.812249909068886,51.4068811091174],[16.812249909068886,51.397887905480154],[16.80325670543164,51.397887905480154]]]}},{"type":"Feature","properties":{"jobs":48,"pop":31,"pointCount":1,"homeWorkCommuteMedian":22246,"workHomeCommuteMedian":1239},"geometry":{"type":"Polygon","coordinates":[[[16.80325670543164,51.42486751639189],[16.80325670543164,51.43386072002914],[16.812249909068886,51.43386072002914],[16.812249909068886,51.42486751639189],[16.80325670543164,51.42486751639189]]]}},{"type":"Feature","properties":{"jobs":0,"pop":40,"pointCount":1,"homeWorkCommuteMedian":52086,"workHomeCommuteMedian":-1},"geometry":{"type":"Polygon","coordinates":[[[16.80325670543164,51.43386072002914],[16.80325670543164,51.442853923666384],[16.812249909068886,51.442853923666384],[16.812249909068886,51.43386072002914],[16.80325670543164,51.43386072002914]]]}},{"type":"Feature","properties":{"jobs":63,"pop":0,"pointCount":1,"homeWorkCommuteMedian":-1,"workHomeCommuteMedian":20501},"geometry":{"type":"Polygon","coordinates":[[[16.80325670543164,51.46983353457812],[16.80325670543164,51.47882673821537],[16.812249909068886,51.47882673821537],[16.812249909068886,51.46983353457812],[16.80325670543164,51.46983353457812]]]}},{"type":"Feature","properties":{"jobs":33,"pop":33,"pointCount":1,"homeWorkCommuteMedian":6619,"workHomeCommuteMedian":41125},"geometry":{"type":"Polygon","coordinates":[[[16.812249909068886,50.83131607633366],[16.812249909068886,50.8403092799709],[16.82124311270613,50.8403092799709],[16.82124311270613,50.83131607633366],[16.812249909068886,50.83131607633366]]]}},{"type":"Feature","properties":{"jobs":38,"pop":32,"pointCount":1,"homeWorkCommuteMedian":57559,"workHomeCommuteMedian":36439},"geometry":{"type":"Polygon","coordinates":[[[16.812249909068886,50.8403092799709],[16.812249909068886,50.84930248360815],[16.82124311270613,50.84930248360815],[16.82124311270613,50.8403092799709],[16.812249909068886,50.8403092799709]]]}},{"type":"Feature","properties":{"jobs":66,"pop":29,"pointCount":2,"homeWorkCommuteMedian":5795,"workHomeCommuteMedian":8286},"geometry":{"type":"Polygon","coordinates":[[[16.812249909068886,50.88527529815713],[16.812249909068886,50.89426850179438],[16.82124311270613,50.89426850179438],[16.82124311270613,50.88527529815713],[16.812249909068886,50.88527529815713]]]}},{"type":"Feature","properties":{"jobs":0,"pop":35,"pointCount":1,"homeWorkCommuteMedian":13406,"workHomeCommuteMedian":-1},"geometry":{"type":"Polygon","coordinates":[[[16.812249909068886,51.01118014907858],[16.812249909068886,51.02017335271582],[16.82124311270613,51.02017335271582],[16.82124311270613,51.01118014907858],[16.812249909068886,51.01118014907858]]]}},{"type":"Feature","properties":{"jobs":0,"pop":20,"pointCount":1,"homeWorkCommuteMedian":10721,"workHomeCommuteMedian":-1},"geometry":{"type":"Polygon","coordinates":[[[16.812249909068886,51.02916655635307],[16.812249909068886,51.038159759990315],[16.82124311270613,51.038159759990315],[16.82124311270613,51.02916655635307],[16.812249909068886,51.02916655635307]]]}},{"type":"Feature","properties":{"jobs":0,"pop":39,"pointCount":1,"homeWorkCommuteMedian":14410,"workHomeCommuteMedian":-1},"geometry":{"type":"Polygon","coordinates":[[[16.812249909068886,51.06513937090205],[16.812249909068886,51.0741325745393],[16.82124311270613,51.0741325745393],[16.82124311270613,51.06513937090205],[16.812249909068886,51.06513937090205]]]}},{"type":"Feature","properties":{"jobs":23,"pop":0,"pointCount":1,"homeWorkCommuteMedian":-1,"workHomeCommuteMedian":8092},"geometry":{"type":"Polygon","coordinates":[[[16.812249909068886,51.0741325745393],[16.812249909068886,51.083125778176544],[16.82124311270613,51.083125778176544],[16.82124311270613,51.0741325745393],[16.812249909068886,51.0741325745393]]]}},{"type":"Feature","properties":{"jobs":0,"pop":24,"pointCount":1,"homeWorkCommuteMedian":9497,"workHomeCommuteMedian":-1},"geometry":{"type":"Polygon","coordinates":[[[16.812249909068886,51.09211898181379],[16.812249909068886,51.101112185451036],[16.82124311270613,51.101112185451036],[16.82124311270613,51.09211898181379],[16.812249909068886,51.09211898181379]]]}},{"type":"Feature","properties":{"jobs":0,"pop":26,"pointCount":1,"homeWorkCommuteMedian":32394,"workHomeCommuteMedian":-1},"geometry":{"type":"Polygon","coordinates":[[[16.812249909068886,51.101112185451036],[16.812249909068886,51.11010538908828],[16.82124311270613,51.11010538908828],[16.82124311270613,51.101112185451036],[16.812249909068886,51.101112185451036]]]}},{"type":"Feature","properties":{"jobs":63,"pop":93,"pointCount":5,"homeWorkCommuteMedian":15065,"workHomeCommuteMedian":12732},"geometry":{"type":"Polygon","coordinates":[[[16.812249909068886,51.11010538908828],[16.812249909068886,51.11909859272553],[16.82124311270613,51.11909859272553],[16.82124311270613,51.11010538908828],[16.812249909068886,51.11010538908828]]]}},{"type":"Feature","properties":{"jobs":723,"pop":0,"pointCount":2,"homeWorkCommuteMedian":-1,"workHomeCommuteMedian":8100},"geometry":{"type":"Polygon","coordinates":[[[16.812249909068886,51.146078203637266],[16.812249909068886,51.15507140727451],[16.82124311270613,51.15507140727451],[16.82124311270613,51.146078203637266],[16.812249909068886,51.146078203637266]]]}},{"type":"Feature","properties":{"jobs":0,"pop":102,"pointCount":4,"homeWorkCommuteMedian":2007,"workHomeCommuteMedian":-1},"geometry":{"type":"Polygon","coordinates":[[[16.812249909068886,51.15507140727451],[16.812249909068886,51.16406461091176],[16.82124311270613,51.16406461091176],[16.82124311270613,51.15507140727451],[16.812249909068886,51.15507140727451]]]}},{"type":"Feature","properties":{"jobs":20,"pop":86,"pointCount":4,"homeWorkCommuteMedian":10038,"workHomeCommuteMedian":5428},"geometry":{"type":"Polygon","coordinates":[[[16.812249909068886,51.16406461091176],[16.812249909068886,51.173057814549004],[16.82124311270613,51.173057814549004],[16.82124311270613,51.16406461091176],[16.812249909068886,51.16406461091176]]]}},{"type":"Feature","properties":{"jobs":0,"pop":160,"pointCount":3,"homeWorkCommuteMedian":3921,"workHomeCommuteMedian":-1},"geometry":{"type":"Polygon","coordinates":[[[16.812249909068886,51.173057814549004],[16.812249909068886,51.18205101818625],[16.82124311270613,51.18205101818625],[16.82124311270613,51.173057814549004],[16.812249909068886,51.173057814549004]]]}},{"type":"Feature","properties":{"jobs":0,"pop":148,"pointCount":2,"homeWorkCommuteMedian":12907,"workHomeCommuteMedian":-1},"geometry":{"type":"Polygon","coordinates":[[[16.812249909068886,51.20003742546074],[16.812249909068886,51.20903062909799],[16.82124311270613,51.20903062909799],[16.82124311270613,51.20003742546074],[16.812249909068886,51.20003742546074]]]}},{"type":"Feature","properties":{"jobs":0,"pop":119,"pointCount":2,"homeWorkCommuteMedian":9485,"workHomeCommuteMedian":-1},"geometry":{"type":"Polygon","coordinates":[[[16.812249909068886,51.20903062909799],[16.812249909068886,51.218023832735234],[16.82124311270613,51.218023832735234],[16.82124311270613,51.20903062909799],[16.812249909068886,51.20903062909799]]]}},{"type":"Feature","properties":{"jobs":53,"pop":96,"pointCount":3,"homeWorkCommuteMedian":6929,"workHomeCommuteMedian":10254},"geometry":{"type":"Polygon","coordinates":[[[16.812249909068886,51.236010240009726],[16.812249909068886,51.24500344364697],[16.82124311270613,51.24500344364697],[16.82124311270613,51.236010240009726],[16.812249909068886,51.236010240009726]]]}},{"type":"Feature","properties":{"jobs":134,"pop":92,"pointCount":3,"homeWorkCommuteMedian":13181,"workHomeCommuteMedian":17484},"geometry":{"type":"Polygon","coordinates":[[[16.812249909068886,51.33493548001943],[16.812249909068886,51.34392868365668],[16.82124311270613,51.34392868365668],[16.82124311270613,51.33493548001943],[16.812249909068886,51.33493548001943]]]}},{"type":"Feature","properties":{"jobs":0,"pop":133,"pointCount":2,"homeWorkCommuteMedian":13306,"workHomeCommuteMedian":-1},"geometry":{"type":"Polygon","coordinates":[[[16.812249909068886,51.37990149820566],[16.812249909068886,51.38889470184291],[16.82124311270613,51.38889470184291],[16.82124311270613,51.37990149820566],[16.812249909068886,51.37990149820566]]]}},{"type":"Feature","properties":{"jobs":0,"pop":81,"pointCount":2,"homeWorkCommuteMedian":20646,"workHomeCommuteMedian":-1},"geometry":{"type":"Polygon","coordinates":[[[16.812249909068886,51.42486751639189],[16.812249909068886,51.43386072002914],[16.82124311270613,51.43386072002914],[16.82124311270613,51.42486751639189],[16.812249909068886,51.42486751639189]]]}},{"type":"Feature","properties":{"jobs":0,"pop":43,"pointCount":1,"homeWorkCommuteMedian":7530,"workHomeCommuteMedian":-1},"geometry":{"type":"Polygon","coordinates":[[[16.812249909068886,51.46983353457812],[16.812249909068886,51.47882673821537],[16.82124311270613,51.47882673821537],[16.82124311270613,51.46983353457812],[16.812249909068886,51.46983353457812]]]}},{"type":"Feature","properties":{"jobs":32,"pop":39,"pointCount":1,"homeWorkCommuteMedian":10880,"workHomeCommuteMedian":60148},"geometry":{"type":"Polygon","coordinates":[[[16.812249909068886,51.49681314548986],[16.812249909068886,51.505806349127106],[16.82124311270613,51.505806349127106],[16.82124311270613,51.49681314548986],[16.812249909068886,51.49681314548986]]]}},{"type":"Feature","properties":{"jobs":34,"pop":0,"pointCount":1,"homeWorkCommuteMedian":-1,"workHomeCommuteMedian":28029},"geometry":{"type":"Polygon","coordinates":[[[16.82124311270613,50.93923451998061],[16.82124311270613,50.948227723617855],[16.830236316343377,50.948227723617855],[16.830236316343377,50.93923451998061],[16.82124311270613,50.93923451998061]]]}},{"type":"Feature","properties":{"jobs":28,"pop":0,"pointCount":1,"homeWorkCommuteMedian":-1,"workHomeCommuteMedian":8959},"geometry":{"type":"Polygon","coordinates":[[[16.82124311270613,50.948227723617855],[16.82124311270613,50.9572209272551],[16.830236316343377,50.9572209272551],[16.830236316343377,50.948227723617855],[16.82124311270613,50.948227723617855]]]}},{"type":"Feature","properties":{"jobs":34,"pop":0,"pointCount":1,"homeWorkCommuteMedian":-1,"workHomeCommuteMedian":6360},"geometry":{"type":"Polygon","coordinates":[[[16.82124311270613,50.97520733452959],[16.82124311270613,50.98420053816684],[16.830236316343377,50.98420053816684],[16.830236316343377,50.97520733452959],[16.82124311270613,50.97520733452959]]]}},{"type":"Feature","properties":{"jobs":0,"pop":140,"pointCount":3,"homeWorkCommuteMedian":9069,"workHomeCommuteMedian":-1},"geometry":{"type":"Polygon","coordinates":[[[16.82124311270613,50.98420053816684],[16.82124311270613,50.993193741804085],[16.830236316343377,50.993193741804085],[16.830236316343377,50.98420053816684],[16.82124311270613,50.98420053816684]]]}},{"type":"Feature","properties":{"jobs":21,"pop":42,"pointCount":2,"homeWorkCommuteMedian":9715,"workHomeCommuteMedian":7232},"geometry":{"type":"Polygon","coordinates":[[[16.82124311270613,50.993193741804085],[16.82124311270613,51.00218694544133],[16.830236316343377,51.00218694544133],[16.830236316343377,50.993193741804085],[16.82124311270613,50.993193741804085]]]}},{"type":"Feature","properties":{"jobs":31,"pop":213,"pointCount":3,"homeWorkCommuteMedian":18534,"workHomeCommuteMedian":5432},"geometry":{"type":"Polygon","coordinates":[[[16.82124311270613,51.04715296362756],[16.82124311270613,51.05614616726481],[16.830236316343377,51.05614616726481],[16.830236316343377,51.04715296362756],[16.82124311270613,51.04715296362756]]]}},{"type":"Feature","properties":{"jobs":0,"pop":54,"pointCount":1,"homeWorkCommuteMedian":14851,"workHomeCommuteMedian":-1},"geometry":{"type":"Polygon","coordinates":[[[16.82124311270613,51.06513937090205],[16.82124311270613,51.0741325745393],[16.830236316343377,51.0741325745393],[16.830236316343377,51.06513937090205],[16.82124311270613,51.06513937090205]]]}},{"type":"Feature","properties":{"jobs":142,"pop":247,"pointCount":5,"homeWorkCommuteMedian":8086,"workHomeCommuteMedian":14162},"geometry":{"type":"Polygon","coordinates":[[[16.82124311270613,51.0741325745393],[16.82124311270613,51.083125778176544],[16.830236316343377,51.083125778176544],[16.830236316343377,51.0741325745393],[16.82124311270613,51.0741325745393]]]}},{"type":"Feature","properties":{"jobs":0,"pop":29,"pointCount":1,"homeWorkCommuteMedian":11952,"workHomeCommuteMedian":-1},"geometry":{"type":"Polygon","coordinates":[[[16.82124311270613,51.083125778176544],[16.82124311270613,51.09211898181379],[16.830236316343377,51.09211898181379],[16.830236316343377,51.083125778176544],[16.82124311270613,51.083125778176544]]]}},{"type":"Feature","properties":{"jobs":23,"pop":59,"pointCount":3,"homeWorkCommuteMedian":17374,"workHomeCommuteMedian":10062},"geometry":{"type":"Polygon","coordinates":[[[16.82124311270613,51.09211898181379],[16.82124311270613,51.101112185451036],[16.830236316343377,51.101112185451036],[16.830236316343377,51.09211898181379],[16.82124311270613,51.09211898181379]]]}},{"type":"Feature","properties":{"jobs":345,"pop":20,"pointCount":2,"homeWorkCommuteMedian":29276,"workHomeCommuteMedian":7980},"geometry":{"type":"Polygon","coordinates":[[[16.82124311270613,51.146078203637266],[16.82124311270613,51.15507140727451],[16.830236316343377,51.15507140727451],[16.830236316343377,51.146078203637266],[16.82124311270613,51.146078203637266]]]}},{"type":"Feature","properties":{"jobs":403,"pop":0,"pointCount":1,"homeWorkCommuteMedian":-1,"workHomeCommuteMedian":7977},"geometry":{"type":"Polygon","coordinates":[[[16.82124311270613,51.15507140727451],[16.82124311270613,51.16406461091176],[16.830236316343377,51.16406461091176],[16.830236316343377,51.15507140727451],[16.82124311270613,51.15507140727451]]]}},{"type":"Feature","properties":{"jobs":0,"pop":24,"pointCount":1,"homeWorkCommuteMedian":15793,"workHomeCommuteMedian":-1},"geometry":{"type":"Polygon","coordinates":[[[16.82124311270613,51.16406461091176],[16.82124311270613,51.173057814549004],[16.830236316343377,51.173057814549004],[16.830236316343377,51.16406461091176],[16.82124311270613,51.16406461091176]]]}},{"type":"Feature","properties":{"jobs":0,"pop":34,"pointCount":1,"homeWorkCommuteMedian":9070,"workHomeCommuteMedian":-1},"geometry":{"type":"Polygon","coordinates":[[[16.82124311270613,51.173057814549004],[16.82124311270613,51.18205101818625],[16.830236316343377,51.18205101818625],[16.830236316343377,51.173057814549004],[16.82124311270613,51.173057814549004]]]}},{"type":"Feature","properties":{"jobs":0,"pop":55,"pointCount":1,"homeWorkCommuteMedian":22332,"workHomeCommuteMedian":-1},"geometry":{"type":"Polygon","coordinates":[[[16.82124311270613,51.191044221823496],[16.82124311270613,51.20003742546074],[16.830236316343377,51.20003742546074],[16.830236316343377,51.191044221823496],[16.82124311270613,51.191044221823496]]]}},{"type":"Feature","properties":{"jobs":32,"pop":263,"pointCount":5,"homeWorkCommuteMedian":14660,"workHomeCommuteMedian":6686},"geometry":{"type":"Polygon","coordinates":[[[16.82124311270613,51.20003742546074],[16.82124311270613,51.20903062909799],[16.830236316343377,51.20903062909799],[16.830236316343377,51.20003742546074],[16.82124311270613,51.20003742546074]]]}},{"type":"Feature","properties":{"jobs":36,"pop":67,"pointCount":3,"homeWorkCommuteMedian":14301,"workHomeCommuteMedian":4156},"geometry":{"type":"Polygon","coordinates":[[[16.82124311270613,51.20903062909799],[16.82124311270613,51.218023832735234],[16.830236316343377,51.218023832735234],[16.830236316343377,51.20903062909799],[16.82124311270613,51.20903062909799]]]}},{"type":"Feature","properties":{"jobs":51,"pop":126,"pointCount":3,"homeWorkCommuteMedian":8556,"workHomeCommuteMedian":24496},"geometry":{"type":"Polygon","coordinates":[[[16.82124311270613,51.218023832735234],[16.82124311270613,51.22701703637248],[16.830236316343377,51.22701703637248],[16.830236316343377,51.218023832735234],[16.82124311270613,51.218023832735234]]]}},{"type":"Feature","properties":{"jobs":0,"pop":21,"pointCount":1,"homeWorkCommuteMedian":15140,"workHomeCommuteMedian":-1},"geometry":{"type":"Polygon","coordinates":[[[16.82124311270613,51.22701703637248],[16.82124311270613,51.236010240009726],[16.830236316343377,51.236010240009726],[16.830236316343377,51.22701703637248],[16.82124311270613,51.22701703637248]]]}},{"type":"Feature","properties":{"jobs":0,"pop":45,"pointCount":1,"homeWorkCommuteMedian":12794,"workHomeCommuteMedian":-1},"geometry":{"type":"Polygon","coordinates":[[[16.82124311270613,51.33493548001943],[16.82124311270613,51.34392868365668],[16.830236316343377,51.34392868365668],[16.830236316343377,51.33493548001943],[16.82124311270613,51.33493548001943]]]}},{"type":"Feature","properties":{"jobs":0,"pop":21,"pointCount":1,"homeWorkCommuteMedian":4813,"workHomeCommuteMedian":-1},"geometry":{"type":"Polygon","coordinates":[[[16.82124311270613,51.38889470184291],[16.82124311270613,51.397887905480154],[16.830236316343377,51.397887905480154],[16.830236316343377,51.38889470184291],[16.82124311270613,51.38889470184291]]]}},{"type":"Feature","properties":{"jobs":46,"pop":0,"pointCount":1,"homeWorkCommuteMedian":-1,"workHomeCommuteMedian":17661},"geometry":{"type":"Polygon","coordinates":[[[16.82124311270613,51.46983353457812],[16.82124311270613,51.47882673821537],[16.830236316343377,51.47882673821537],[16.830236316343377,51.46983353457812],[16.82124311270613,51.46983353457812]]]}},{"type":"Feature","properties":{"jobs":0,"pop":25,"pointCount":1,"homeWorkCommuteMedian":4902,"workHomeCommuteMedian":-1},"geometry":{"type":"Polygon","coordinates":[[[16.82124311270613,51.550772367313336],[16.82124311270613,51.55976557095058],[16.830236316343377,51.55976557095058],[16.830236316343377,51.550772367313336],[16.82124311270613,51.550772367313336]]]}},{"type":"Feature","properties":{"jobs":46,"pop":71,"pointCount":2,"homeWorkCommuteMedian":27982,"workHomeCommuteMedian":40694},"geometry":{"type":"Polygon","coordinates":[[[16.830236316343377,50.84930248360815],[16.830236316343377,50.858295687245395],[16.839229519980623,50.858295687245395],[16.839229519980623,50.84930248360815],[16.830236316343377,50.84930248360815]]]}},{"type":"Feature","properties":{"jobs":80,"pop":99,"pointCount":2,"homeWorkCommuteMedian":37154,"workHomeCommuteMedian":24786},"geometry":{"type":"Polygon","coordinates":[[[16.830236316343377,50.858295687245395],[16.830236316343377,50.86728889088264],[16.839229519980623,50.86728889088264],[16.839229519980623,50.858295687245395],[16.830236316343377,50.858295687245395]]]}},{"type":"Feature","properties":{"jobs":70,"pop":90,"pointCount":3,"homeWorkCommuteMedian":10624,"workHomeCommuteMedian":15826},"geometry":{"type":"Polygon","coordinates":[[[16.830236316343377,50.92124811270612],[16.830236316343377,50.93024131634336],[16.839229519980623,50.93024131634336],[16.839229519980623,50.92124811270612],[16.830236316343377,50.92124811270612]]]}},{"type":"Feature","properties":{"jobs":0,"pop":37,"pointCount":1,"homeWorkCommuteMedian":8318,"workHomeCommuteMedian":-1},"geometry":{"type":"Polygon","coordinates":[[[16.830236316343377,50.93024131634336],[16.830236316343377,50.93923451998061],[16.839229519980623,50.93923451998061],[16.839229519980623,50.93024131634336],[16.830236316343377,50.93024131634336]]]}},{"type":"Feature","properties":{"jobs":0,"pop":67,"pointCount":1,"homeWorkCommuteMedian":6886,"workHomeCommuteMedian":-1},"geometry":{"type":"Polygon","coordinates":[[[16.830236316343377,50.93923451998061],[16.830236316343377,50.948227723617855],[16.839229519980623,50.948227723617855],[16.839229519980623,50.93923451998061],[16.830236316343377,50.93923451998061]]]}},{"type":"Feature","properties":{"jobs":42,"pop":90,"pointCount":3,"homeWorkCommuteMedian":13673,"workHomeCommuteMedian":18269},"geometry":{"type":"Polygon","coordinates":[[[16.830236316343377,50.9572209272551],[16.830236316343377,50.96621413089235],[16.839229519980623,50.96621413089235],[16.839229519980623,50.9572209272551],[16.830236316343377,50.9572209272551]]]}},{"type":"Feature","properties":{"jobs":152,"pop":374,"pointCount":9,"homeWorkCommuteMedian":10231,"workHomeCommuteMedian":11925},"geometry":{"type":"Polygon","coordinates":[[[16.830236316343377,50.98420053816684],[16.830236316343377,50.993193741804085],[16.839229519980623,50.993193741804085],[16.839229519980623,50.98420053816684],[16.830236316343377,50.98420053816684]]]}},{"type":"Feature","properties":{"jobs":95,"pop":0,"pointCount":1,"homeWorkCommuteMedian":-1,"workHomeCommuteMedian":5050},"geometry":{"type":"Polygon","coordinates":[[[16.830236316343377,51.038159759990315],[16.830236316343377,51.04715296362756],[16.839229519980623,51.04715296362756],[16.839229519980623,51.038159759990315],[16.830236316343377,51.038159759990315]]]}},{"type":"Feature","properties":{"jobs":171,"pop":107,"pointCount":6,"homeWorkCommuteMedian":7176,"workHomeCommuteMedian":6503},"geometry":{"type":"Polygon","coordinates":[[[16.830236316343377,51.04715296362756],[16.830236316343377,51.05614616726481],[16.839229519980623,51.05614616726481],[16.839229519980623,51.04715296362756],[16.830236316343377,51.04715296362756]]]}},{"type":"Feature","properties":{"jobs":32,"pop":0,"pointCount":1,"homeWorkCommuteMedian":-1,"workHomeCommuteMedian":8366},"geometry":{"type":"Polygon","coordinates":[[[16.830236316343377,51.05614616726481],[16.830236316343377,51.06513937090205],[16.839229519980623,51.06513937090205],[16.839229519980623,51.05614616726481],[16.830236316343377,51.05614616726481]]]}},{"type":"Feature","properties":{"jobs":34,"pop":95,"pointCount":2,"homeWorkCommuteMedian":21216,"workHomeCommuteMedian":11277},"geometry":{"type":"Polygon","coordinates":[[[16.830236316343377,51.101112185451036],[16.830236316343377,51.11010538908828],[16.839229519980623,51.11010538908828],[16.839229519980623,51.101112185451036],[16.830236316343377,51.101112185451036]]]}},{"type":"Feature","properties":{"jobs":0,"pop":162,"pointCount":3,"homeWorkCommuteMedian":18796,"workHomeCommuteMedian":-1},"geometry":{"type":"Polygon","coordinates":[[[16.830236316343377,51.128091796362774],[16.830236316343377,51.13708500000002],[16.839229519980623,51.13708500000002],[16.839229519980623,51.128091796362774],[16.830236316343377,51.128091796362774]]]}},{"type":"Feature","properties":{"jobs":48,"pop":71,"pointCount":3,"homeWorkCommuteMedian":24368,"workHomeCommuteMedian":16871},"geometry":{"type":"Polygon","coordinates":[[[16.830236316343377,51.146078203637266],[16.830236316343377,51.15507140727451],[16.839229519980623,51.15507140727451],[16.839229519980623,51.146078203637266],[16.830236316343377,51.146078203637266]]]}},{"type":"Feature","properties":{"jobs":0,"pop":62,"pointCount":1,"homeWorkCommuteMedian":11716,"workHomeCommuteMedian":-1},"geometry":{"type":"Polygon","coordinates":[[[16.830236316343377,51.16406461091176],[16.830236316343377,51.173057814549004],[16.839229519980623,51.173057814549004],[16.839229519980623,51.16406461091176],[16.830236316343377,51.16406461091176]]]}},{"type":"Feature","properties":{"jobs":0,"pop":73,"pointCount":2,"homeWorkCommuteMedian":6784,"workHomeCommuteMedian":-1},"geometry":{"type":"Polygon","coordinates":[[[16.830236316343377,51.18205101818625],[16.830236316343377,51.191044221823496],[16.839229519980623,51.191044221823496],[16.839229519980623,51.18205101818625],[16.830236316343377,51.18205101818625]]]}},{"type":"Feature","properties":{"jobs":0,"pop":96,"pointCount":3,"homeWorkCommuteMedian":9158,"workHomeCommuteMedian":-1},"geometry":{"type":"Polygon","coordinates":[[[16.830236316343377,51.191044221823496],[16.830236316343377,51.20003742546074],[16.839229519980623,51.20003742546074],[16.839229519980623,51.191044221823496],[16.830236316343377,51.191044221823496]]]}},{"type":"Feature","properties":{"jobs":124,"pop":112,"pointCount":6,"homeWorkCommuteMedian":7990,"workHomeCommuteMedian":7269},"geometry":{"type":"Polygon","coordinates":[[[16.830236316343377,51.20003742546074],[16.830236316343377,51.20903062909799],[16.839229519980623,51.20903062909799],[16.839229519980623,51.20003742546074],[16.830236316343377,51.20003742546074]]]}},{"type":"Feature","properties":{"jobs":0,"pop":25,"pointCount":1,"homeWorkCommuteMedian":9800,"workHomeCommuteMedian":-1},"geometry":{"type":"Polygon","coordinates":[[[16.830236316343377,51.20903062909799],[16.830236316343377,51.218023832735234],[16.839229519980623,51.218023832735234],[16.839229519980623,51.20903062909799],[16.830236316343377,51.20903062909799]]]}},{"type":"Feature","properties":{"jobs":76,"pop":147,"pointCount":4,"homeWorkCommuteMedian":22584,"workHomeCommuteMedian":4731},"geometry":{"type":"Polygon","coordinates":[[[16.830236316343377,51.218023832735234],[16.830236316343377,51.22701703637248],[16.839229519980623,51.22701703637248],[16.839229519980623,51.218023832735234],[16.830236316343377,51.218023832735234]]]}},{"type":"Feature","properties":{"jobs":0,"pop":59,"pointCount":1,"homeWorkCommuteMedian":6370,"workHomeCommuteMedian":-1},"geometry":{"type":"Polygon","coordinates":[[[16.830236316343377,51.2899694618332],[16.830236316343377,51.29896266547045],[16.839229519980623,51.29896266547045],[16.839229519980623,51.2899694618332],[16.830236316343377,51.2899694618332]]]}},{"type":"Feature","properties":{"jobs":54,"pop":155,"pointCount":3,"homeWorkCommuteMedian":7217,"workHomeCommuteMedian":14429},"geometry":{"type":"Polygon","coordinates":[[[16.830236316343377,51.29896266547045],[16.830236316343377,51.307955869107694],[16.839229519980623,51.307955869107694],[16.839229519980623,51.29896266547045],[16.830236316343377,51.29896266547045]]]}},{"type":"Feature","properties":{"jobs":0,"pop":39,"pointCount":1,"homeWorkCommuteMedian":9982,"workHomeCommuteMedian":-1},"geometry":{"type":"Polygon","coordinates":[[[16.830236316343377,51.34392868365668],[16.830236316343377,51.352921887293924],[16.839229519980623,51.352921887293924],[16.839229519980623,51.34392868365668],[16.830236316343377,51.34392868365668]]]}},{"type":"Feature","properties":{"jobs":0,"pop":33,"pointCount":1,"homeWorkCommuteMedian":11320,"workHomeCommuteMedian":-1},"geometry":{"type":"Polygon","coordinates":[[[16.830236316343377,51.38889470184291],[16.830236316343377,51.397887905480154],[16.839229519980623,51.397887905480154],[16.839229519980623,51.38889470184291],[16.830236316343377,51.38889470184291]]]}},{"type":"Feature","properties":{"jobs":171,"pop":134,"pointCount":5,"homeWorkCommuteMedian":5714,"workHomeCommuteMedian":6109},"geometry":{"type":"Polygon","coordinates":[[[16.830236316343377,51.4068811091174],[16.830236316343377,51.415874312754646],[16.839229519980623,51.415874312754646],[16.839229519980623,51.4068811091174],[16.830236316343377,51.4068811091174]]]}},{"type":"Feature","properties":{"jobs":68,"pop":58,"pointCount":3,"homeWorkCommuteMedian":5566,"workHomeCommuteMedian":7451},"geometry":{"type":"Polygon","coordinates":[[[16.830236316343377,51.442853923666384],[16.830236316343377,51.45184712730363],[16.839229519980623,51.45184712730363],[16.839229519980623,51.442853923666384],[16.830236316343377,51.442853923666384]]]}},{"type":"Feature","properties":{"jobs":0,"pop":59,"pointCount":2,"homeWorkCommuteMedian":51576,"workHomeCommuteMedian":-1},"geometry":{"type":"Polygon","coordinates":[[[16.830236316343377,51.45184712730363],[16.830236316343377,51.460840330940876],[16.839229519980623,51.460840330940876],[16.839229519980623,51.45184712730363],[16.830236316343377,51.45184712730363]]]}},{"type":"Feature","properties":{"jobs":25,"pop":33,"pointCount":2,"homeWorkCommuteMedian":16306,"workHomeCommuteMedian":16112},"geometry":{"type":"Polygon","coordinates":[[[16.830236316343377,51.550772367313336],[16.830236316343377,51.55976557095058],[16.839229519980623,51.55976557095058],[16.839229519980623,51.550772367313336],[16.830236316343377,51.550772367313336]]]}},{"type":"Feature","properties":{"jobs":0,"pop":28,"pointCount":1,"homeWorkCommuteMedian":1706,"workHomeCommuteMedian":-1},"geometry":{"type":"Polygon","coordinates":[[[16.839229519980623,50.84930248360815],[16.839229519980623,50.858295687245395],[16.84822272361787,50.858295687245395],[16.84822272361787,50.84930248360815],[16.839229519980623,50.84930248360815]]]}},{"type":"Feature","properties":{"jobs":0,"pop":28,"pointCount":1,"homeWorkCommuteMedian":10795,"workHomeCommuteMedian":-1},"geometry":{"type":"Polygon","coordinates":[[[16.839229519980623,50.97520733452959],[16.839229519980623,50.98420053816684],[16.84822272361787,50.98420053816684],[16.84822272361787,50.97520733452959],[16.839229519980623,50.97520733452959]]]}},{"type":"Feature","properties":{"jobs":0,"pop":205,"pointCount":2,"homeWorkCommuteMedian":10388,"workHomeCommuteMedian":-1},"geometry":{"type":"Polygon","coordinates":[[[16.839229519980623,50.98420053816684],[16.839229519980623,50.993193741804085],[16.84822272361787,50.993193741804085],[16.84822272361787,50.98420053816684],[16.839229519980623,50.98420053816684]]]}},{"type":"Feature","properties":{"jobs":0,"pop":43,"pointCount":2,"homeWorkCommuteMedian":7060,"workHomeCommuteMedian":-1},"geometry":{"type":"Polygon","coordinates":[[[16.839229519980623,51.00218694544133],[16.839229519980623,51.01118014907858],[16.84822272361787,51.01118014907858],[16.84822272361787,51.00218694544133],[16.839229519980623,51.00218694544133]]]}},{"type":"Feature","properties":{"jobs":0,"pop":41,"pointCount":1,"homeWorkCommuteMedian":7190,"workHomeCommuteMedian":-1},"geometry":{"type":"Polygon","coordinates":[[[16.839229519980623,51.02017335271582],[16.839229519980623,51.02916655635307],[16.84822272361787,51.02916655635307],[16.84822272361787,51.02017335271582],[16.839229519980623,51.02017335271582]]]}},{"type":"Feature","properties":{"jobs":0,"pop":242,"pointCount":4,"homeWorkCommuteMedian":6958,"workHomeCommuteMedian":-1},"geometry":{"type":"Polygon","coordinates":[[[16.839229519980623,51.04715296362756],[16.839229519980623,51.05614616726481],[16.84822272361787,51.05614616726481],[16.84822272361787,51.04715296362756],[16.839229519980623,51.04715296362756]]]}},{"type":"Feature","properties":{"jobs":62,"pop":0,"pointCount":2,"homeWorkCommuteMedian":-1,"workHomeCommuteMedian":14673},"geometry":{"type":"Polygon","coordinates":[[[16.839229519980623,51.11909859272553],[16.839229519980623,51.128091796362774],[16.84822272361787,51.128091796362774],[16.84822272361787,51.11909859272553],[16.839229519980623,51.11909859272553]]]}},{"type":"Feature","properties":{"jobs":0,"pop":124,"pointCount":1,"homeWorkCommuteMedian":23405,"workHomeCommuteMedian":-1},"geometry":{"type":"Polygon","coordinates":[[[16.839229519980623,51.128091796362774],[16.839229519980623,51.13708500000002],[16.84822272361787,51.13708500000002],[16.84822272361787,51.128091796362774],[16.839229519980623,51.128091796362774]]]}},{"type":"Feature","properties":{"jobs":0,"pop":212,"pointCount":4,"homeWorkCommuteMedian":11132,"workHomeCommuteMedian":-1},"geometry":{"type":"Polygon","coordinates":[[[16.839229519980623,51.18205101818625],[16.839229519980623,51.191044221823496],[16.84822272361787,51.191044221823496],[16.84822272361787,51.18205101818625],[16.839229519980623,51.18205101818625]]]}},{"type":"Feature","properties":{"jobs":0,"pop":21,"pointCount":1,"homeWorkCommuteMedian":15069,"workHomeCommuteMedian":-1},"geometry":{"type":"Polygon","coordinates":[[[16.839229519980623,51.191044221823496],[16.839229519980623,51.20003742546074],[16.84822272361787,51.20003742546074],[16.84822272361787,51.191044221823496],[16.839229519980623,51.191044221823496]]]}},{"type":"Feature","properties":{"jobs":0,"pop":86,"pointCount":2,"homeWorkCommuteMedian":13543,"workHomeCommuteMedian":-1},"geometry":{"type":"Polygon","coordinates":[[[16.839229519980623,51.20003742546074],[16.839229519980623,51.20903062909799],[16.84822272361787,51.20903062909799],[16.84822272361787,51.20003742546074],[16.839229519980623,51.20003742546074]]]}},{"type":"Feature","properties":{"jobs":0,"pop":51,"pointCount":2,"homeWorkCommuteMedian":13357,"workHomeCommuteMedian":-1},"geometry":{"type":"Polygon","coordinates":[[[16.839229519980623,51.20903062909799],[16.839229519980623,51.218023832735234],[16.84822272361787,51.218023832735234],[16.84822272361787,51.20903062909799],[16.839229519980623,51.20903062909799]]]}},{"type":"Feature","properties":{"jobs":31,"pop":69,"pointCount":3,"homeWorkCommuteMedian":11308,"workHomeCommuteMedian":12465},"geometry":{"type":"Polygon","coordinates":[[[16.839229519980623,51.24500344364697],[16.839229519980623,51.25399664728422],[16.84822272361787,51.25399664728422],[16.84822272361787,51.24500344364697],[16.839229519980623,51.24500344364697]]]}},{"type":"Feature","properties":{"jobs":87,"pop":118,"pointCount":3,"homeWorkCommuteMedian":7160,"workHomeCommuteMedian":7296},"geometry":{"type":"Polygon","coordinates":[[[16.839229519980623,51.2899694618332],[16.839229519980623,51.29896266547045],[16.84822272361787,51.29896266547045],[16.84822272361787,51.2899694618332],[16.839229519980623,51.2899694618332]]]}},{"type":"Feature","properties":{"jobs":83,"pop":72,"pointCount":3,"homeWorkCommuteMedian":10347,"workHomeCommuteMedian":15143},"geometry":{"type":"Polygon","coordinates":[[[16.839229519980623,51.33493548001943],[16.839229519980623,51.34392868365668],[16.84822272361787,51.34392868365668],[16.84822272361787,51.33493548001943],[16.839229519980623,51.33493548001943]]]}},{"type":"Feature","properties":{"jobs":195,"pop":34,"pointCount":4,"homeWorkCommuteMedian":10062,"workHomeCommuteMedian":4200},"geometry":{"type":"Polygon","coordinates":[[[16.839229519980623,51.37990149820566],[16.839229519980623,51.38889470184291],[16.84822272361787,51.38889470184291],[16.84822272361787,51.37990149820566],[16.839229519980623,51.37990149820566]]]}},{"type":"Feature","properties":{"jobs":42,"pop":202,"pointCount":4,"homeWorkCommuteMedian":13263,"workHomeCommuteMedian":11999},"geometry":{"type":"Polygon","coordinates":[[[16.839229519980623,51.38889470184291],[16.839229519980623,51.397887905480154],[16.84822272361787,51.397887905480154],[16.84822272361787,51.38889470184291],[16.839229519980623,51.38889470184291]]]}},{"type":"Feature","properties":{"jobs":0,"pop":37,"pointCount":1,"homeWorkCommuteMedian":4885,"workHomeCommuteMedian":-1},"geometry":{"type":"Polygon","coordinates":[[[16.839229519980623,51.4068811091174],[16.839229519980623,51.415874312754646],[16.84822272361787,51.415874312754646],[16.84822272361787,51.4068811091174],[16.839229519980623,51.4068811091174]]]}},{"type":"Feature","properties":{"jobs":102,"pop":47,"pointCount":1,"homeWorkCommuteMedian":18074,"workHomeCommuteMedian":20254},"geometry":{"type":"Polygon","coordinates":[[[16.839229519980623,51.47882673821537],[16.839229519980623,51.487819941852614],[16.84822272361787,51.487819941852614],[16.84822272361787,51.47882673821537],[16.839229519980623,51.47882673821537]]]}},{"type":"Feature","properties":{"jobs":0,"pop":21,"pointCount":1,"homeWorkCommuteMedian":10002,"workHomeCommuteMedian":-1},"geometry":{"type":"Polygon","coordinates":[[[16.839229519980623,51.5237927564016],[16.839229519980623,51.532785960038844],[16.84822272361787,51.532785960038844],[16.84822272361787,51.5237927564016],[16.839229519980623,51.5237927564016]]]}},{"type":"Feature","properties":{"jobs":134,"pop":0,"pointCount":1,"homeWorkCommuteMedian":-1,"workHomeCommuteMedian":5595},"geometry":{"type":"Polygon","coordinates":[[[16.84822272361787,50.86728889088264],[16.84822272361787,50.87628209451989],[16.857215927255115,50.87628209451989],[16.857215927255115,50.86728889088264],[16.84822272361787,50.86728889088264]]]}},{"type":"Feature","properties":{"jobs":94,"pop":76,"pointCount":3,"homeWorkCommuteMedian":4989,"workHomeCommuteMedian":31548},"geometry":{"type":"Polygon","coordinates":[[[16.84822272361787,50.88527529815713],[16.84822272361787,50.89426850179438],[16.857215927255115,50.89426850179438],[16.857215927255115,50.88527529815713],[16.84822272361787,50.88527529815713]]]}},{"type":"Feature","properties":{"jobs":0,"pop":50,"pointCount":2,"homeWorkCommuteMedian":39499,"workHomeCommuteMedian":-1},"geometry":{"type":"Polygon","coordinates":[[[16.84822272361787,50.91225490906887],[16.84822272361787,50.92124811270612],[16.857215927255115,50.92124811270612],[16.857215927255115,50.91225490906887],[16.84822272361787,50.91225490906887]]]}},{"type":"Feature","properties":{"jobs":0,"pop":60,"pointCount":1,"homeWorkCommuteMedian":29918,"workHomeCommuteMedian":-1},"geometry":{"type":"Polygon","coordinates":[[[16.84822272361787,50.93923451998061],[16.84822272361787,50.948227723617855],[16.857215927255115,50.948227723617855],[16.857215927255115,50.93923451998061],[16.84822272361787,50.93923451998061]]]}},{"type":"Feature","properties":{"jobs":0,"pop":44,"pointCount":1,"homeWorkCommuteMedian":25567,"workHomeCommuteMedian":-1},"geometry":{"type":"Polygon","coordinates":[[[16.84822272361787,50.9572209272551],[16.84822272361787,50.96621413089235],[16.857215927255115,50.96621413089235],[16.857215927255115,50.9572209272551],[16.84822272361787,50.9572209272551]]]}},{"type":"Feature","properties":{"jobs":0,"pop":32,"pointCount":1,"homeWorkCommuteMedian":22564,"workHomeCommuteMedian":-1},"geometry":{"type":"Polygon","coordinates":[[[16.84822272361787,50.96621413089235],[16.84822272361787,50.97520733452959],[16.857215927255115,50.97520733452959],[16.857215927255115,50.96621413089235],[16.84822272361787,50.96621413089235]]]}},{"type":"Feature","properties":{"jobs":0,"pop":25,"pointCount":1,"homeWorkCommuteMedian":10126,"workHomeCommuteMedian":-1},"geometry":{"type":"Polygon","coordinates":[[[16.84822272361787,50.98420053816684],[16.84822272361787,50.993193741804085],[16.857215927255115,50.993193741804085],[16.857215927255115,50.98420053816684],[16.84822272361787,50.98420053816684]]]}},{"type":"Feature","properties":{"jobs":55,"pop":48,"pointCount":2,"homeWorkCommuteMedian":8390,"workHomeCommuteMedian":5770},"geometry":{"type":"Polygon","coordinates":[[[16.84822272361787,51.02017335271582],[16.84822272361787,51.02916655635307],[16.857215927255115,51.02916655635307],[16.857215927255115,51.02017335271582],[16.84822272361787,51.02017335271582]]]}},{"type":"Feature","properties":{"jobs":0,"pop":49,"pointCount":1,"homeWorkCommuteMedian":10893,"workHomeCommuteMedian":-1},"geometry":{"type":"Polygon","coordinates":[[[16.84822272361787,51.04715296362756],[16.84822272361787,51.05614616726481],[16.857215927255115,51.05614616726481],[16.857215927255115,51.04715296362756],[16.84822272361787,51.04715296362756]]]}},{"type":"Feature","properties":{"jobs":0,"pop":138,"pointCount":3,"homeWorkCommuteMedian":15401,"workHomeCommuteMedian":-1},"geometry":{"type":"Polygon","coordinates":[[[16.84822272361787,51.083125778176544],[16.84822272361787,51.09211898181379],[16.857215927255115,51.09211898181379],[16.857215927255115,51.083125778176544],[16.84822272361787,51.083125778176544]]]}},{"type":"Feature","properties":{"jobs":29,"pop":0,"pointCount":1,"homeWorkCommuteMedian":-1,"workHomeCommuteMedian":7656},"geometry":{"type":"Polygon","coordinates":[[[16.84822272361787,51.09211898181379],[16.84822272361787,51.101112185451036],[16.857215927255115,51.101112185451036],[16.857215927255115,51.09211898181379],[16.84822272361787,51.09211898181379]]]}},{"type":"Feature","properties":{"jobs":0,"pop":152,"pointCount":2,"homeWorkCommuteMedian":15580,"workHomeCommuteMedian":-1},"geometry":{"type":"Polygon","coordinates":[[[16.84822272361787,51.11909859272553],[16.84822272361787,51.128091796362774],[16.857215927255115,51.128091796362774],[16.857215927255115,51.11909859272553],[16.84822272361787,51.11909859272553]]]}},{"type":"Feature","properties":{"jobs":0,"pop":105,"pointCount":3,"homeWorkCommuteMedian":18674,"workHomeCommuteMedian":-1},"geometry":{"type":"Polygon","coordinates":[[[16.84822272361787,51.128091796362774],[16.84822272361787,51.13708500000002],[16.857215927255115,51.13708500000002],[16.857215927255115,51.128091796362774],[16.84822272361787,51.128091796362774]]]}},{"type":"Feature","properties":{"jobs":0,"pop":706,"pointCount":10,"homeWorkCommuteMedian":12446,"workHomeCommuteMedian":-1},"geometry":{"type":"Polygon","coordinates":[[[16.84822272361787,51.13708500000002],[16.84822272361787,51.146078203637266],[16.857215927255115,51.146078203637266],[16.857215927255115,51.13708500000002],[16.84822272361787,51.13708500000002]]]}},{"type":"Feature","properties":{"jobs":60,"pop":406,"pointCount":8,"homeWorkCommuteMedian":10468,"workHomeCommuteMedian":15802},"geometry":{"type":"Polygon","coordinates":[[[16.84822272361787,51.146078203637266],[16.84822272361787,51.15507140727451],[16.857215927255115,51.15507140727451],[16.857215927255115,51.146078203637266],[16.84822272361787,51.146078203637266]]]}},{"type":"Feature","properties":{"jobs":0,"pop":119,"pointCount":2,"homeWorkCommuteMedian":23752,"workHomeCommuteMedian":-1},"geometry":{"type":"Polygon","coordinates":[[[16.84822272361787,51.15507140727451],[16.84822272361787,51.16406461091176],[16.857215927255115,51.16406461091176],[16.857215927255115,51.15507140727451],[16.84822272361787,51.15507140727451]]]}},{"type":"Feature","properties":{"jobs":0,"pop":341,"pointCount":6,"homeWorkCommuteMedian":7936,"workHomeCommuteMedian":-1},"geometry":{"type":"Polygon","coordinates":[[[16.84822272361787,51.18205101818625],[16.84822272361787,51.191044221823496],[16.857215927255115,51.191044221823496],[16.857215927255115,51.18205101818625],[16.84822272361787,51.18205101818625]]]}},{"type":"Feature","properties":{"jobs":0,"pop":94,"pointCount":3,"homeWorkCommuteMedian":16095,"workHomeCommuteMedian":-1},"geometry":{"type":"Polygon","coordinates":[[[16.84822272361787,51.191044221823496],[16.84822272361787,51.20003742546074],[16.857215927255115,51.20003742546074],[16.857215927255115,51.191044221823496],[16.84822272361787,51.191044221823496]]]}},{"type":"Feature","properties":{"jobs":45,"pop":272,"pointCount":7,"homeWorkCommuteMedian":11298,"workHomeCommuteMedian":15620},"geometry":{"type":"Polygon","coordinates":[[[16.84822272361787,51.20003742546074],[16.84822272361787,51.20903062909799],[16.857215927255115,51.20903062909799],[16.857215927255115,51.20003742546074],[16.84822272361787,51.20003742546074]]]}},{"type":"Feature","properties":{"jobs":159,"pop":91,"pointCount":4,"homeWorkCommuteMedian":1139,"workHomeCommuteMedian":607},"geometry":{"type":"Polygon","coordinates":[[[16.84822272361787,51.20903062909799],[16.84822272361787,51.218023832735234],[16.857215927255115,51.218023832735234],[16.857215927255115,51.20903062909799],[16.84822272361787,51.20903062909799]]]}},{"type":"Feature","properties":{"jobs":111,"pop":112,"pointCount":3,"homeWorkCommuteMedian":10737,"workHomeCommuteMedian":5181},"geometry":{"type":"Polygon","coordinates":[[[16.84822272361787,51.236010240009726],[16.84822272361787,51.24500344364697],[16.857215927255115,51.24500344364697],[16.857215927255115,51.236010240009726],[16.84822272361787,51.236010240009726]]]}},{"type":"Feature","properties":{"jobs":206,"pop":131,"pointCount":5,"homeWorkCommuteMedian":10775,"workHomeCommuteMedian":9871},"geometry":{"type":"Polygon","coordinates":[[[16.84822272361787,51.24500344364697],[16.84822272361787,51.25399664728422],[16.857215927255115,51.25399664728422],[16.857215927255115,51.24500344364697],[16.84822272361787,51.24500344364697]]]}},{"type":"Feature","properties":{"jobs":0,"pop":24,"pointCount":1,"homeWorkCommuteMedian":2091,"workHomeCommuteMedian":-1},"geometry":{"type":"Polygon","coordinates":[[[16.84822272361787,51.25399664728422],[16.84822272361787,51.262989850921464],[16.857215927255115,51.262989850921464],[16.857215927255115,51.25399664728422],[16.84822272361787,51.25399664728422]]]}},{"type":"Feature","properties":{"jobs":0,"pop":24,"pointCount":1,"homeWorkCommuteMedian":6650,"workHomeCommuteMedian":-1},"geometry":{"type":"Polygon","coordinates":[[[16.84822272361787,51.2899694618332],[16.84822272361787,51.29896266547045],[16.857215927255115,51.29896266547045],[16.857215927255115,51.2899694618332],[16.84822272361787,51.2899694618332]]]}},{"type":"Feature","properties":{"jobs":150,"pop":81,"pointCount":3,"homeWorkCommuteMedian":7280,"workHomeCommuteMedian":39499},"geometry":{"type":"Polygon","coordinates":[[[16.84822272361787,51.31694907274494],[16.84822272361787,51.325942276382186],[16.857215927255115,51.325942276382186],[16.857215927255115,51.31694907274494],[16.84822272361787,51.31694907274494]]]}},{"type":"Feature","properties":{"jobs":0,"pop":40,"pointCount":1,"homeWorkCommuteMedian":6099,"workHomeCommuteMedian":-1},"geometry":{"type":"Polygon","coordinates":[[[16.84822272361787,51.325942276382186],[16.84822272361787,51.33493548001943],[16.857215927255115,51.33493548001943],[16.857215927255115,51.325942276382186],[16.84822272361787,51.325942276382186]]]}},{"type":"Feature","properties":{"jobs":0,"pop":77,"pointCount":1,"homeWorkCommuteMedian":9242,"workHomeCommuteMedian":-1},"geometry":{"type":"Polygon","coordinates":[[[16.84822272361787,51.33493548001943],[16.84822272361787,51.34392868365668],[16.857215927255115,51.34392868365668],[16.857215927255115,51.33493548001943],[16.84822272361787,51.33493548001943]]]}},{"type":"Feature","properties":{"jobs":0,"pop":214,"pointCount":3,"homeWorkCommuteMedian":13838,"workHomeCommuteMedian":-1},"geometry":{"type":"Polygon","coordinates":[[[16.84822272361787,51.34392868365668],[16.84822272361787,51.352921887293924],[16.857215927255115,51.352921887293924],[16.857215927255115,51.34392868365668],[16.84822272361787,51.34392868365668]]]}},{"type":"Feature","properties":{"jobs":27,"pop":63,"pointCount":1,"homeWorkCommuteMedian":4438,"workHomeCommuteMedian":48744},"geometry":{"type":"Polygon","coordinates":[[[16.84822272361787,51.36191509093117],[16.84822272361787,51.370908294568416],[16.857215927255115,51.370908294568416],[16.857215927255115,51.36191509093117],[16.84822272361787,51.36191509093117]]]}},{"type":"Feature","properties":{"jobs":89,"pop":107,"pointCount":3,"homeWorkCommuteMedian":6456,"workHomeCommuteMedian":809},"geometry":{"type":"Polygon","coordinates":[[[16.84822272361787,51.37990149820566],[16.84822272361787,51.38889470184291],[16.857215927255115,51.38889470184291],[16.857215927255115,51.37990149820566],[16.84822272361787,51.37990149820566]]]}},{"type":"Feature","properties":{"jobs":26,"pop":61,"pointCount":1,"homeWorkCommuteMedian":49203,"workHomeCommuteMedian":1308},"geometry":{"type":"Polygon","coordinates":[[[16.84822272361787,51.38889470184291],[16.84822272361787,51.397887905480154],[16.857215927255115,51.397887905480154],[16.857215927255115,51.38889470184291],[16.84822272361787,51.38889470184291]]]}},{"type":"Feature","properties":{"jobs":29,"pop":0,"pointCount":1,"homeWorkCommuteMedian":-1,"workHomeCommuteMedian":13982},"geometry":{"type":"Polygon","coordinates":[[[16.84822272361787,51.45184712730363],[16.84822272361787,51.460840330940876],[16.857215927255115,51.460840330940876],[16.857215927255115,51.45184712730363],[16.84822272361787,51.45184712730363]]]}},{"type":"Feature","properties":{"jobs":22,"pop":0,"pointCount":1,"homeWorkCommuteMedian":-1,"workHomeCommuteMedian":66752},"geometry":{"type":"Polygon","coordinates":[[[16.84822272361787,51.460840330940876],[16.84822272361787,51.46983353457812],[16.857215927255115,51.46983353457812],[16.857215927255115,51.460840330940876],[16.84822272361787,51.460840330940876]]]}},{"type":"Feature","properties":{"jobs":126,"pop":199,"pointCount":4,"homeWorkCommuteMedian":12958,"workHomeCommuteMedian":12963},"geometry":{"type":"Polygon","coordinates":[[[16.84822272361787,51.47882673821537],[16.84822272361787,51.487819941852614],[16.857215927255115,51.487819941852614],[16.857215927255115,51.47882673821537],[16.84822272361787,51.47882673821537]]]}},{"type":"Feature","properties":{"jobs":45,"pop":65,"pointCount":3,"homeWorkCommuteMedian":5784,"workHomeCommuteMedian":7344},"geometry":{"type":"Polygon","coordinates":[[[16.84822272361787,51.5237927564016],[16.84822272361787,51.532785960038844],[16.857215927255115,51.532785960038844],[16.857215927255115,51.5237927564016],[16.84822272361787,51.5237927564016]]]}},{"type":"Feature","properties":{"jobs":0,"pop":39,"pointCount":1,"homeWorkCommuteMedian":4197,"workHomeCommuteMedian":-1},"geometry":{"type":"Polygon","coordinates":[[[16.857215927255115,50.83131607633366],[16.857215927255115,50.8403092799709],[16.86620913089236,50.8403092799709],[16.86620913089236,50.83131607633366],[16.857215927255115,50.83131607633366]]]}},{"type":"Feature","properties":{"jobs":154,"pop":70,"pointCount":4,"homeWorkCommuteMedian":24325,"workHomeCommuteMedian":34068},"geometry":{"type":"Polygon","coordinates":[[[16.857215927255115,50.84930248360815],[16.857215927255115,50.858295687245395],[16.86620913089236,50.858295687245395],[16.86620913089236,50.84930248360815],[16.857215927255115,50.84930248360815]]]}},{"type":"Feature","properties":{"jobs":364,"pop":94,"pointCount":6,"homeWorkCommuteMedian":25773,"workHomeCommuteMedian":4282},"geometry":{"type":"Polygon","coordinates":[[[16.857215927255115,50.858295687245395],[16.857215927255115,50.86728889088264],[16.86620913089236,50.86728889088264],[16.86620913089236,50.858295687245395],[16.857215927255115,50.858295687245395]]]}},{"type":"Feature","properties":{"jobs":38,"pop":41,"pointCount":2,"homeWorkCommuteMedian":55676,"workHomeCommuteMedian":4536},"geometry":{"type":"Polygon","coordinates":[[[16.857215927255115,50.88527529815713],[16.857215927255115,50.89426850179438],[16.86620913089236,50.89426850179438],[16.86620913089236,50.88527529815713],[16.857215927255115,50.88527529815713]]]}},{"type":"Feature","properties":{"jobs":0,"pop":56,"pointCount":1,"homeWorkCommuteMedian":25252,"workHomeCommuteMedian":-1},"geometry":{"type":"Polygon","coordinates":[[[16.857215927255115,50.93923451998061],[16.857215927255115,50.948227723617855],[16.86620913089236,50.948227723617855],[16.86620913089236,50.93923451998061],[16.857215927255115,50.93923451998061]]]}},{"type":"Feature","properties":{"jobs":21,"pop":55,"pointCount":2,"homeWorkCommuteMedian":35146,"workHomeCommuteMedian":47128},"geometry":{"type":"Polygon","coordinates":[[[16.857215927255115,50.948227723617855],[16.857215927255115,50.9572209272551],[16.86620913089236,50.9572209272551],[16.86620913089236,50.948227723617855],[16.857215927255115,50.948227723617855]]]}},{"type":"Feature","properties":{"jobs":23,"pop":368,"pointCount":5,"homeWorkCommuteMedian":26338,"workHomeCommuteMedian":24950},"geometry":{"type":"Polygon","coordinates":[[[16.857215927255115,50.9572209272551],[16.857215927255115,50.96621413089235],[16.86620913089236,50.96621413089235],[16.86620913089236,50.9572209272551],[16.857215927255115,50.9572209272551]]]}},{"type":"Feature","properties":{"jobs":0,"pop":74,"pointCount":2,"homeWorkCommuteMedian":5432,"workHomeCommuteMedian":-1},"geometry":{"type":"Polygon","coordinates":[[[16.857215927255115,51.05614616726481],[16.857215927255115,51.06513937090205],[16.86620913089236,51.06513937090205],[16.86620913089236,51.05614616726481],[16.857215927255115,51.05614616726481]]]}},{"type":"Feature","properties":{"jobs":0,"pop":54,"pointCount":1,"homeWorkCommuteMedian":16504,"workHomeCommuteMedian":-1},"geometry":{"type":"Polygon","coordinates":[[[16.857215927255115,51.11010538908828],[16.857215927255115,51.11909859272553],[16.86620913089236,51.11909859272553],[16.86620913089236,51.11010538908828],[16.857215927255115,51.11010538908828]]]}},{"type":"Feature","properties":{"jobs":80,"pop":191,"pointCount":4,"homeWorkCommuteMedian":13710,"workHomeCommuteMedian":16869},"geometry":{"type":"Polygon","coordinates":[[[16.857215927255115,51.11909859272553],[16.857215927255115,51.128091796362774],[16.86620913089236,51.128091796362774],[16.86620913089236,51.11909859272553],[16.857215927255115,51.11909859272553]]]}},{"type":"Feature","properties":{"jobs":125,"pop":0,"pointCount":1,"homeWorkCommuteMedian":-1,"workHomeCommuteMedian":15524},"geometry":{"type":"Polygon","coordinates":[[[16.857215927255115,51.128091796362774],[16.857215927255115,51.13708500000002],[16.86620913089236,51.13708500000002],[16.86620913089236,51.128091796362774],[16.857215927255115,51.128091796362774]]]}},{"type":"Feature","properties":{"jobs":38,"pop":53,"pointCount":3,"homeWorkCommuteMedian":21450,"workHomeCommuteMedian":8934},"geometry":{"type":"Polygon","coordinates":[[[16.857215927255115,51.13708500000002],[16.857215927255115,51.146078203637266],[16.86620913089236,51.146078203637266],[16.86620913089236,51.13708500000002],[16.857215927255115,51.13708500000002]]]}},{"type":"Feature","properties":{"jobs":368,"pop":1859,"pointCount":10,"homeWorkCommuteMedian":12490,"workHomeCommuteMedian":14656},"geometry":{"type":"Polygon","coordinates":[[[16.857215927255115,51.146078203637266],[16.857215927255115,51.15507140727451],[16.86620913089236,51.15507140727451],[16.86620913089236,51.146078203637266],[16.857215927255115,51.146078203637266]]]}},{"type":"Feature","properties":{"jobs":28,"pop":227,"pointCount":3,"homeWorkCommuteMedian":13042,"workHomeCommuteMedian":21347},"geometry":{"type":"Polygon","coordinates":[[[16.857215927255115,51.15507140727451],[16.857215927255115,51.16406461091176],[16.86620913089236,51.16406461091176],[16.86620913089236,51.15507140727451],[16.857215927255115,51.15507140727451]]]}},{"type":"Feature","properties":{"jobs":0,"pop":327,"pointCount":5,"homeWorkCommuteMedian":8978,"workHomeCommuteMedian":-1},"geometry":{"type":"Polygon","coordinates":[[[16.857215927255115,51.18205101818625],[16.857215927255115,51.191044221823496],[16.86620913089236,51.191044221823496],[16.86620913089236,51.18205101818625],[16.857215927255115,51.18205101818625]]]}},{"type":"Feature","properties":{"jobs":45,"pop":100,"pointCount":3,"homeWorkCommuteMedian":38013,"workHomeCommuteMedian":2397},"geometry":{"type":"Polygon","coordinates":[[[16.857215927255115,51.191044221823496],[16.857215927255115,51.20003742546074],[16.86620913089236,51.20003742546074],[16.86620913089236,51.191044221823496],[16.857215927255115,51.191044221823496]]]}},{"type":"Feature","properties":{"jobs":29,"pop":71,"pointCount":2,"homeWorkCommuteMedian":7990,"workHomeCommuteMedian":24631},"geometry":{"type":"Polygon","coordinates":[[[16.857215927255115,51.24500344364697],[16.857215927255115,51.25399664728422],[16.86620913089236,51.25399664728422],[16.86620913089236,51.24500344364697],[16.857215927255115,51.24500344364697]]]}},{"type":"Feature","properties":{"jobs":0,"pop":30,"pointCount":1,"homeWorkCommuteMedian":6891,"workHomeCommuteMedian":-1},"geometry":{"type":"Polygon","coordinates":[[[16.857215927255115,51.280976258195956],[16.857215927255115,51.2899694618332],[16.86620913089236,51.2899694618332],[16.86620913089236,51.280976258195956],[16.857215927255115,51.280976258195956]]]}},{"type":"Feature","properties":{"jobs":51,"pop":98,"pointCount":3,"homeWorkCommuteMedian":9754,"workHomeCommuteMedian":41885},"geometry":{"type":"Polygon","coordinates":[[[16.857215927255115,51.325942276382186],[16.857215927255115,51.33493548001943],[16.86620913089236,51.33493548001943],[16.86620913089236,51.325942276382186],[16.857215927255115,51.325942276382186]]]}},{"type":"Feature","properties":{"jobs":0,"pop":125,"pointCount":3,"homeWorkCommuteMedian":5432,"workHomeCommuteMedian":-1},"geometry":{"type":"Polygon","coordinates":[[[16.857215927255115,51.33493548001943],[16.857215927255115,51.34392868365668],[16.86620913089236,51.34392868365668],[16.86620913089236,51.33493548001943],[16.857215927255115,51.33493548001943]]]}},{"type":"Feature","properties":{"jobs":136,"pop":0,"pointCount":1,"homeWorkCommuteMedian":-1,"workHomeCommuteMedian":5714},"geometry":{"type":"Polygon","coordinates":[[[16.857215927255115,51.37990149820566],[16.857215927255115,51.38889470184291],[16.86620913089236,51.38889470184291],[16.86620913089236,51.37990149820566],[16.857215927255115,51.37990149820566]]]}},{"type":"Feature","properties":{"jobs":40,"pop":61,"pointCount":3,"homeWorkCommuteMedian":6031,"workHomeCommuteMedian":11070},"geometry":{"type":"Polygon","coordinates":[[[16.857215927255115,51.43386072002914],[16.857215927255115,51.442853923666384],[16.86620913089236,51.442853923666384],[16.86620913089236,51.43386072002914],[16.857215927255115,51.43386072002914]]]}},{"type":"Feature","properties":{"jobs":44,"pop":0,"pointCount":1,"homeWorkCommuteMedian":-1,"workHomeCommuteMedian":4261},"geometry":{"type":"Polygon","coordinates":[[[16.857215927255115,51.460840330940876],[16.857215927255115,51.46983353457812],[16.86620913089236,51.46983353457812],[16.86620913089236,51.460840330940876],[16.857215927255115,51.460840330940876]]]}},{"type":"Feature","properties":{"jobs":35,"pop":34,"pointCount":2,"homeWorkCommuteMedian":17017,"workHomeCommuteMedian":62088},"geometry":{"type":"Polygon","coordinates":[[[16.857215927255115,51.54177916367609],[16.857215927255115,51.550772367313336],[16.86620913089236,51.550772367313336],[16.86620913089236,51.54177916367609],[16.857215927255115,51.54177916367609]]]}},{"type":"Feature","properties":{"jobs":43,"pop":20,"pointCount":2,"homeWorkCommuteMedian":4856,"workHomeCommuteMedian":35947},"geometry":{"type":"Polygon","coordinates":[[[16.86620913089236,50.83131607633366],[16.86620913089236,50.8403092799709],[16.875202334529607,50.8403092799709],[16.875202334529607,50.83131607633366],[16.86620913089236,50.83131607633366]]]}},{"type":"Feature","properties":{"jobs":29,"pop":53,"pointCount":2,"homeWorkCommuteMedian":38803,"workHomeCommuteMedian":36407},"geometry":{"type":"Polygon","coordinates":[[[16.86620913089236,50.84930248360815],[16.86620913089236,50.858295687245395],[16.875202334529607,50.858295687245395],[16.875202334529607,50.84930248360815],[16.86620913089236,50.84930248360815]]]}},{"type":"Feature","properties":{"jobs":222,"pop":265,"pointCount":7,"homeWorkCommuteMedian":3642,"workHomeCommuteMedian":4109},"geometry":{"type":"Polygon","coordinates":[[[16.86620913089236,50.858295687245395],[16.86620913089236,50.86728889088264],[16.875202334529607,50.86728889088264],[16.875202334529607,50.858295687245395],[16.86620913089236,50.858295687245395]]]}},{"type":"Feature","properties":{"jobs":0,"pop":35,"pointCount":1,"homeWorkCommuteMedian":28386,"workHomeCommuteMedian":-1},"geometry":{"type":"Polygon","coordinates":[[[16.86620913089236,50.92124811270612],[16.86620913089236,50.93024131634336],[16.875202334529607,50.93024131634336],[16.875202334529607,50.92124811270612],[16.86620913089236,50.92124811270612]]]}},{"type":"Feature","properties":{"jobs":20,"pop":62,"pointCount":1,"homeWorkCommuteMedian":40924,"workHomeCommuteMedian":32121},"geometry":{"type":"Polygon","coordinates":[[[16.86620913089236,50.9572209272551],[16.86620913089236,50.96621413089235],[16.875202334529607,50.96621413089235],[16.875202334529607,50.9572209272551],[16.86620913089236,50.9572209272551]]]}},{"type":"Feature","properties":{"jobs":0,"pop":44,"pointCount":1,"homeWorkCommuteMedian":44762,"workHomeCommuteMedian":-1},"geometry":{"type":"Polygon","coordinates":[[[16.86620913089236,50.96621413089235],[16.86620913089236,50.97520733452959],[16.875202334529607,50.97520733452959],[16.875202334529607,50.96621413089235],[16.86620913089236,50.96621413089235]]]}},{"type":"Feature","properties":{"jobs":0,"pop":33,"pointCount":1,"homeWorkCommuteMedian":38758,"workHomeCommuteMedian":-1},"geometry":{"type":"Polygon","coordinates":[[[16.86620913089236,50.97520733452959],[16.86620913089236,50.98420053816684],[16.875202334529607,50.98420053816684],[16.875202334529607,50.97520733452959],[16.86620913089236,50.97520733452959]]]}},{"type":"Feature","properties":{"jobs":0,"pop":23,"pointCount":1,"homeWorkCommuteMedian":22786,"workHomeCommuteMedian":-1},"geometry":{"type":"Polygon","coordinates":[[[16.86620913089236,50.993193741804085],[16.86620913089236,51.00218694544133],[16.875202334529607,51.00218694544133],[16.875202334529607,50.993193741804085],[16.86620913089236,50.993193741804085]]]}},{"type":"Feature","properties":{"jobs":21,"pop":64,"pointCount":2,"homeWorkCommuteMedian":20738,"workHomeCommuteMedian":14885},"geometry":{"type":"Polygon","coordinates":[[[16.86620913089236,51.01118014907858],[16.86620913089236,51.02017335271582],[16.875202334529607,51.02017335271582],[16.875202334529607,51.01118014907858],[16.86620913089236,51.01118014907858]]]}},{"type":"Feature","properties":{"jobs":0,"pop":85,"pointCount":2,"homeWorkCommuteMedian":33280,"workHomeCommuteMedian":-1},"geometry":{"type":"Polygon","coordinates":[[[16.86620913089236,51.038159759990315],[16.86620913089236,51.04715296362756],[16.875202334529607,51.04715296362756],[16.875202334529607,51.038159759990315],[16.86620913089236,51.038159759990315]]]}},{"type":"Feature","properties":{"jobs":29,"pop":182,"pointCount":2,"homeWorkCommuteMedian":10881,"workHomeCommuteMedian":12807},"geometry":{"type":"Polygon","coordinates":[[[16.86620913089236,51.06513937090205],[16.86620913089236,51.0741325745393],[16.875202334529607,51.0741325745393],[16.875202334529607,51.06513937090205],[16.86620913089236,51.06513937090205]]]}},{"type":"Feature","properties":{"jobs":0,"pop":151,"pointCount":2,"homeWorkCommuteMedian":6503,"workHomeCommuteMedian":-1},"geometry":{"type":"Polygon","coordinates":[[[16.86620913089236,51.0741325745393],[16.86620913089236,51.083125778176544],[16.875202334529607,51.083125778176544],[16.875202334529607,51.0741325745393],[16.86620913089236,51.0741325745393]]]}},{"type":"Feature","properties":{"jobs":40,"pop":93,"pointCount":4,"homeWorkCommuteMedian":13110,"workHomeCommuteMedian":21361},"geometry":{"type":"Polygon","coordinates":[[[16.86620913089236,51.11909859272553],[16.86620913089236,51.128091796362774],[16.875202334529607,51.128091796362774],[16.875202334529607,51.11909859272553],[16.86620913089236,51.11909859272553]]]}},{"type":"Feature","properties":{"jobs":273,"pop":76,"pointCount":2,"homeWorkCommuteMedian":13364,"workHomeCommuteMedian":9802},"geometry":{"type":"Polygon","coordinates":[[[16.86620913089236,51.128091796362774],[16.86620913089236,51.13708500000002],[16.875202334529607,51.13708500000002],[16.875202334529607,51.128091796362774],[16.86620913089236,51.128091796362774]]]}},{"type":"Feature","properties":{"jobs":530,"pop":1027,"pointCount":9,"homeWorkCommuteMedian":14048,"workHomeCommuteMedian":14280},"geometry":{"type":"Polygon","coordinates":[[[16.86620913089236,51.13708500000002],[16.86620913089236,51.146078203637266],[16.875202334529607,51.146078203637266],[16.875202334529607,51.13708500000002],[16.86620913089236,51.13708500000002]]]}},{"type":"Feature","properties":{"jobs":164,"pop":490,"pointCount":4,"homeWorkCommuteMedian":14935,"workHomeCommuteMedian":7386},"geometry":{"type":"Polygon","coordinates":[[[16.86620913089236,51.146078203637266],[16.86620913089236,51.15507140727451],[16.875202334529607,51.15507140727451],[16.875202334529607,51.146078203637266],[16.86620913089236,51.146078203637266]]]}},{"type":"Feature","properties":{"jobs":0,"pop":362,"pointCount":7,"homeWorkCommuteMedian":15751,"workHomeCommuteMedian":-1},"geometry":{"type":"Polygon","coordinates":[[[16.86620913089236,51.15507140727451],[16.86620913089236,51.16406461091176],[16.875202334529607,51.16406461091176],[16.875202334529607,51.15507140727451],[16.86620913089236,51.15507140727451]]]}},{"type":"Feature","properties":{"jobs":0,"pop":71,"pointCount":1,"homeWorkCommuteMedian":12786,"workHomeCommuteMedian":-1},"geometry":{"type":"Polygon","coordinates":[[[16.86620913089236,51.16406461091176],[16.86620913089236,51.173057814549004],[16.875202334529607,51.173057814549004],[16.875202334529607,51.16406461091176],[16.86620913089236,51.16406461091176]]]}},{"type":"Feature","properties":{"jobs":22,"pop":0,"pointCount":1,"homeWorkCommuteMedian":-1,"workHomeCommuteMedian":3688},"geometry":{"type":"Polygon","coordinates":[[[16.86620913089236,51.173057814549004],[16.86620913089236,51.18205101818625],[16.875202334529607,51.18205101818625],[16.875202334529607,51.173057814549004],[16.86620913089236,51.173057814549004]]]}},{"type":"Feature","properties":{"jobs":110,"pop":302,"pointCount":9,"homeWorkCommuteMedian":13534,"workHomeCommuteMedian":4411},"geometry":{"type":"Polygon","coordinates":[[[16.86620913089236,51.18205101818625],[16.86620913089236,51.191044221823496],[16.875202334529607,51.191044221823496],[16.875202334529607,51.18205101818625],[16.86620913089236,51.18205101818625]]]}},{"type":"Feature","properties":{"jobs":26,"pop":198,"pointCount":4,"homeWorkCommuteMedian":14040,"workHomeCommuteMedian":836},"geometry":{"type":"Polygon","coordinates":[[[16.86620913089236,51.191044221823496],[16.86620913089236,51.20003742546074],[16.875202334529607,51.20003742546074],[16.875202334529607,51.191044221823496],[16.86620913089236,51.191044221823496]]]}},{"type":"Feature","properties":{"jobs":39,"pop":33,"pointCount":1,"homeWorkCommuteMedian":9037,"workHomeCommuteMedian":23074},"geometry":{"type":"Polygon","coordinates":[[[16.86620913089236,51.236010240009726],[16.86620913089236,51.24500344364697],[16.875202334529607,51.24500344364697],[16.875202334529607,51.236010240009726],[16.86620913089236,51.236010240009726]]]}},{"type":"Feature","properties":{"jobs":0,"pop":49,"pointCount":2,"homeWorkCommuteMedian":5467,"workHomeCommuteMedian":-1},"geometry":{"type":"Polygon","coordinates":[[[16.86620913089236,51.280976258195956],[16.86620913089236,51.2899694618332],[16.875202334529607,51.2899694618332],[16.875202334529607,51.280976258195956],[16.86620913089236,51.280976258195956]]]}},{"type":"Feature","properties":{"jobs":0,"pop":24,"pointCount":1,"homeWorkCommuteMedian":7296,"workHomeCommuteMedian":-1},"geometry":{"type":"Polygon","coordinates":[[[16.86620913089236,51.33493548001943],[16.86620913089236,51.34392868365668],[16.875202334529607,51.34392868365668],[16.875202334529607,51.33493548001943],[16.86620913089236,51.33493548001943]]]}},{"type":"Feature","properties":{"jobs":0,"pop":20,"pointCount":1,"homeWorkCommuteMedian":9246,"workHomeCommuteMedian":-1},"geometry":{"type":"Polygon","coordinates":[[[16.86620913089236,51.352921887293924],[16.86620913089236,51.36191509093117],[16.875202334529607,51.36191509093117],[16.875202334529607,51.352921887293924],[16.86620913089236,51.352921887293924]]]}},{"type":"Feature","properties":{"jobs":83,"pop":61,"pointCount":4,"homeWorkCommuteMedian":22415,"workHomeCommuteMedian":38142},"geometry":{"type":"Polygon","coordinates":[[[16.86620913089236,51.36191509093117],[16.86620913089236,51.370908294568416],[16.875202334529607,51.370908294568416],[16.875202334529607,51.36191509093117],[16.86620913089236,51.36191509093117]]]}},{"type":"Feature","properties":{"jobs":99,"pop":29,"pointCount":2,"homeWorkCommuteMedian":11167,"workHomeCommuteMedian":8412},"geometry":{"type":"Polygon","coordinates":[[[16.86620913089236,51.397887905480154],[16.86620913089236,51.4068811091174],[16.875202334529607,51.4068811091174],[16.875202334529607,51.397887905480154],[16.86620913089236,51.397887905480154]]]}},{"type":"Feature","properties":{"jobs":0,"pop":29,"pointCount":1,"homeWorkCommuteMedian":13137,"workHomeCommuteMedian":-1},"geometry":{"type":"Polygon","coordinates":[[[16.86620913089236,51.4068811091174],[16.86620913089236,51.415874312754646],[16.875202334529607,51.415874312754646],[16.875202334529607,51.4068811091174],[16.86620913089236,51.4068811091174]]]}},{"type":"Feature","properties":{"jobs":23,"pop":40,"pointCount":1,"homeWorkCommuteMedian":4861,"workHomeCommuteMedian":4051},"geometry":{"type":"Polygon","coordinates":[[[16.86620913089236,51.442853923666384],[16.86620913089236,51.45184712730363],[16.875202334529607,51.45184712730363],[16.875202334529607,51.442853923666384],[16.86620913089236,51.442853923666384]]]}},{"type":"Feature","properties":{"jobs":37,"pop":25,"pointCount":1,"homeWorkCommuteMedian":2916,"workHomeCommuteMedian":16476},"geometry":{"type":"Polygon","coordinates":[[[16.86620913089236,51.460840330940876],[16.86620913089236,51.46983353457812],[16.875202334529607,51.46983353457812],[16.875202334529607,51.460840330940876],[16.86620913089236,51.460840330940876]]]}},{"type":"Feature","properties":{"jobs":59,"pop":101,"pointCount":3,"homeWorkCommuteMedian":46493,"workHomeCommuteMedian":17946},"geometry":{"type":"Polygon","coordinates":[[[16.86620913089236,51.532785960038844],[16.86620913089236,51.54177916367609],[16.875202334529607,51.54177916367609],[16.875202334529607,51.532785960038844],[16.86620913089236,51.532785960038844]]]}},{"type":"Feature","properties":{"jobs":209,"pop":160,"pointCount":5,"homeWorkCommuteMedian":20501,"workHomeCommuteMedian":10922},"geometry":{"type":"Polygon","coordinates":[[[16.86620913089236,51.54177916367609],[16.86620913089236,51.550772367313336],[16.875202334529607,51.550772367313336],[16.875202334529607,51.54177916367609],[16.86620913089236,51.54177916367609]]]}},{"type":"Feature","properties":{"jobs":0,"pop":49,"pointCount":1,"homeWorkCommuteMedian":24443,"workHomeCommuteMedian":-1},"geometry":{"type":"Polygon","coordinates":[[[16.875202334529607,50.84930248360815],[16.875202334529607,50.858295687245395],[16.884195538166853,50.858295687245395],[16.884195538166853,50.84930248360815],[16.875202334529607,50.84930248360815]]]}},{"type":"Feature","properties":{"jobs":0,"pop":143,"pointCount":5,"homeWorkCommuteMedian":1831,"workHomeCommuteMedian":-1},"geometry":{"type":"Polygon","coordinates":[[[16.875202334529607,50.858295687245395],[16.875202334529607,50.86728889088264],[16.884195538166853,50.86728889088264],[16.884195538166853,50.858295687245395],[16.875202334529607,50.858295687245395]]]}},{"type":"Feature","properties":{"jobs":0,"pop":29,"pointCount":1,"homeWorkCommuteMedian":24606,"workHomeCommuteMedian":-1},"geometry":{"type":"Polygon","coordinates":[[[16.875202334529607,50.86728889088264],[16.875202334529607,50.87628209451989],[16.884195538166853,50.87628209451989],[16.884195538166853,50.86728889088264],[16.875202334529607,50.86728889088264]]]}},{"type":"Feature","properties":{"jobs":0,"pop":20,"pointCount":1,"homeWorkCommuteMedian":18023,"workHomeCommuteMedian":-1},"geometry":{"type":"Polygon","coordinates":[[[16.875202334529607,50.89426850179438],[16.875202334529607,50.903261705431625],[16.884195538166853,50.903261705431625],[16.884195538166853,50.89426850179438],[16.875202334529607,50.89426850179438]]]}},{"type":"Feature","properties":{"jobs":44,"pop":32,"pointCount":2,"homeWorkCommuteMedian":37653,"workHomeCommuteMedian":33715},"geometry":{"type":"Polygon","coordinates":[[[16.875202334529607,50.903261705431625],[16.875202334529607,50.91225490906887],[16.884195538166853,50.91225490906887],[16.884195538166853,50.903261705431625],[16.875202334529607,50.903261705431625]]]}},{"type":"Feature","properties":{"jobs":0,"pop":141,"pointCount":2,"homeWorkCommuteMedian":21072,"workHomeCommuteMedian":-1},"geometry":{"type":"Polygon","coordinates":[[[16.875202334529607,50.98420053816684],[16.875202334529607,50.993193741804085],[16.884195538166853,50.993193741804085],[16.884195538166853,50.98420053816684],[16.875202334529607,50.98420053816684]]]}},{"type":"Feature","properties":{"jobs":35,"pop":119,"pointCount":3,"homeWorkCommuteMedian":46672,"workHomeCommuteMedian":18343},"geometry":{"type":"Polygon","coordinates":[[[16.875202334529607,50.993193741804085],[16.875202334529607,51.00218694544133],[16.884195538166853,51.00218694544133],[16.884195538166853,50.993193741804085],[16.875202334529607,50.993193741804085]]]}},{"type":"Feature","properties":{"jobs":355,"pop":0,"pointCount":1,"homeWorkCommuteMedian":-1,"workHomeCommuteMedian":17501},"geometry":{"type":"Polygon","coordinates":[[[16.875202334529607,51.01118014907858],[16.875202334529607,51.02017335271582],[16.884195538166853,51.02017335271582],[16.884195538166853,51.01118014907858],[16.875202334529607,51.01118014907858]]]}},{"type":"Feature","properties":{"jobs":759,"pop":0,"pointCount":1,"homeWorkCommuteMedian":-1,"workHomeCommuteMedian":20080},"geometry":{"type":"Polygon","coordinates":[[[16.875202334529607,51.02017335271582],[16.875202334529607,51.02916655635307],[16.884195538166853,51.02916655635307],[16.884195538166853,51.02017335271582],[16.875202334529607,51.02017335271582]]]}},{"type":"Feature","properties":{"jobs":40,"pop":56,"pointCount":3,"homeWorkCommuteMedian":25976,"workHomeCommuteMedian":15463},"geometry":{"type":"Polygon","coordinates":[[[16.875202334529607,51.02916655635307],[16.875202334529607,51.038159759990315],[16.884195538166853,51.038159759990315],[16.884195538166853,51.02916655635307],[16.875202334529607,51.02916655635307]]]}},{"type":"Feature","properties":{"jobs":338,"pop":0,"pointCount":2,"homeWorkCommuteMedian":-1,"workHomeCommuteMedian":6000},"geometry":{"type":"Polygon","coordinates":[[[16.875202334529607,51.038159759990315],[16.875202334529607,51.04715296362756],[16.884195538166853,51.04715296362756],[16.884195538166853,51.038159759990315],[16.875202334529607,51.038159759990315]]]}},{"type":"Feature","properties":{"jobs":251,"pop":168,"pointCount":4,"homeWorkCommuteMedian":10901,"workHomeCommuteMedian":6974},"geometry":{"type":"Polygon","coordinates":[[[16.875202334529607,51.04715296362756],[16.875202334529607,51.05614616726481],[16.884195538166853,51.05614616726481],[16.884195538166853,51.04715296362756],[16.875202334529607,51.04715296362756]]]}},{"type":"Feature","properties":{"jobs":0,"pop":41,"pointCount":1,"homeWorkCommuteMedian":2435,"workHomeCommuteMedian":-1},"geometry":{"type":"Polygon","coordinates":[[[16.875202334529607,51.05614616726481],[16.875202334529607,51.06513937090205],[16.884195538166853,51.06513937090205],[16.884195538166853,51.05614616726481],[16.875202334529607,51.05614616726481]]]}},{"type":"Feature","properties":{"jobs":238,"pop":476,"pointCount":9,"homeWorkCommuteMedian":9477,"workHomeCommuteMedian":6979},"geometry":{"type":"Polygon","coordinates":[[[16.875202334529607,51.06513937090205],[16.875202334529607,51.0741325745393],[16.884195538166853,51.0741325745393],[16.884195538166853,51.06513937090205],[16.875202334529607,51.06513937090205]]]}},{"type":"Feature","properties":{"jobs":56,"pop":281,"pointCount":2,"homeWorkCommuteMedian":4999,"workHomeCommuteMedian":19676},"geometry":{"type":"Polygon","coordinates":[[[16.875202334529607,51.0741325745393],[16.875202334529607,51.083125778176544],[16.884195538166853,51.083125778176544],[16.884195538166853,51.0741325745393],[16.875202334529607,51.0741325745393]]]}},{"type":"Feature","properties":{"jobs":0,"pop":119,"pointCount":4,"homeWorkCommuteMedian":13846,"workHomeCommuteMedian":-1},"geometry":{"type":"Polygon","coordinates":[[[16.875202334529607,51.083125778176544],[16.875202334529607,51.09211898181379],[16.884195538166853,51.09211898181379],[16.884195538166853,51.083125778176544],[16.875202334529607,51.083125778176544]]]}},{"type":"Feature","properties":{"jobs":8327,"pop":0,"pointCount":2,"homeWorkCommuteMedian":-1,"workHomeCommuteMedian":15303},"geometry":{"type":"Polygon","coordinates":[[[16.875202334529607,51.101112185451036],[16.875202334529607,51.11010538908828],[16.884195538166853,51.11010538908828],[16.884195538166853,51.101112185451036],[16.875202334529607,51.101112185451036]]]}},{"type":"Feature","properties":{"jobs":123,"pop":115,"pointCount":2,"homeWorkCommuteMedian":41125,"workHomeCommuteMedian":19281},"geometry":{"type":"Polygon","coordinates":[[[16.875202334529607,51.11010538908828],[16.875202334529607,51.11909859272553],[16.884195538166853,51.11909859272553],[16.884195538166853,51.11010538908828],[16.875202334529607,51.11010538908828]]]}},{"type":"Feature","properties":{"jobs":234,"pop":151,"pointCount":5,"homeWorkCommuteMedian":43189,"workHomeCommuteMedian":15501},"geometry":{"type":"Polygon","coordinates":[[[16.875202334529607,51.11909859272553],[16.875202334529607,51.128091796362774],[16.884195538166853,51.128091796362774],[16.884195538166853,51.11909859272553],[16.875202334529607,51.11909859272553]]]}},{"type":"Feature","properties":{"jobs":247,"pop":210,"pointCount":3,"homeWorkCommuteMedian":17784,"workHomeCommuteMedian":12886},"geometry":{"type":"Polygon","coordinates":[[[16.875202334529607,51.128091796362774],[16.875202334529607,51.13708500000002],[16.884195538166853,51.13708500000002],[16.884195538166853,51.128091796362774],[16.875202334529607,51.128091796362774]]]}},{"type":"Feature","properties":{"jobs":458,"pop":445,"pointCount":6,"homeWorkCommuteMedian":7865,"workHomeCommuteMedian":11842},"geometry":{"type":"Polygon","coordinates":[[[16.875202334529607,51.13708500000002],[16.875202334529607,51.146078203637266],[16.884195538166853,51.146078203637266],[16.884195538166853,51.13708500000002],[16.875202334529607,51.13708500000002]]]}},{"type":"Feature","properties":{"jobs":68,"pop":543,"pointCount":4,"homeWorkCommuteMedian":10578,"workHomeCommuteMedian":12256},"geometry":{"type":"Polygon","coordinates":[[[16.875202334529607,51.146078203637266],[16.875202334529607,51.15507140727451],[16.884195538166853,51.15507140727451],[16.884195538166853,51.146078203637266],[16.875202334529607,51.146078203637266]]]}},{"type":"Feature","properties":{"jobs":23,"pop":470,"pointCount":5,"homeWorkCommuteMedian":15324,"workHomeCommuteMedian":3012},"geometry":{"type":"Polygon","coordinates":[[[16.875202334529607,51.15507140727451],[16.875202334529607,51.16406461091176],[16.884195538166853,51.16406461091176],[16.884195538166853,51.15507140727451],[16.875202334529607,51.15507140727451]]]}},{"type":"Feature","properties":{"jobs":24,"pop":35,"pointCount":2,"homeWorkCommuteMedian":15284,"workHomeCommuteMedian":15734},"geometry":{"type":"Polygon","coordinates":[[[16.875202334529607,51.16406461091176],[16.875202334529607,51.173057814549004],[16.884195538166853,51.173057814549004],[16.884195538166853,51.16406461091176],[16.875202334529607,51.16406461091176]]]}},{"type":"Feature","properties":{"jobs":0,"pop":35,"pointCount":1,"homeWorkCommuteMedian":30021,"workHomeCommuteMedian":-1},"geometry":{"type":"Polygon","coordinates":[[[16.875202334529607,51.173057814549004],[16.875202334529607,51.18205101818625],[16.884195538166853,51.18205101818625],[16.884195538166853,51.173057814549004],[16.875202334529607,51.173057814549004]]]}},{"type":"Feature","properties":{"jobs":0,"pop":40,"pointCount":1,"homeWorkCommuteMedian":11164,"workHomeCommuteMedian":-1},"geometry":{"type":"Polygon","coordinates":[[[16.875202334529607,51.191044221823496],[16.875202334529607,51.20003742546074],[16.884195538166853,51.20003742546074],[16.884195538166853,51.191044221823496],[16.875202334529607,51.191044221823496]]]}},{"type":"Feature","properties":{"jobs":0,"pop":45,"pointCount":2,"homeWorkCommuteMedian":8787,"workHomeCommuteMedian":-1},"geometry":{"type":"Polygon","coordinates":[[[16.875202334529607,51.22701703637248],[16.875202334529607,51.236010240009726],[16.884195538166853,51.236010240009726],[16.884195538166853,51.22701703637248],[16.875202334529607,51.22701703637248]]]}},{"type":"Feature","properties":{"jobs":0,"pop":20,"pointCount":1,"homeWorkCommuteMedian":8109,"workHomeCommuteMedian":-1},"geometry":{"type":"Polygon","coordinates":[[[16.875202334529607,51.24500344364697],[16.875202334529607,51.25399664728422],[16.884195538166853,51.25399664728422],[16.884195538166853,51.24500344364697],[16.875202334529607,51.24500344364697]]]}},{"type":"Feature","properties":{"jobs":0,"pop":48,"pointCount":2,"homeWorkCommuteMedian":6237,"workHomeCommuteMedian":-1},"geometry":{"type":"Polygon","coordinates":[[[16.875202334529607,51.25399664728422],[16.875202334529607,51.262989850921464],[16.884195538166853,51.262989850921464],[16.884195538166853,51.25399664728422],[16.875202334529607,51.25399664728422]]]}},{"type":"Feature","properties":{"jobs":0,"pop":32,"pointCount":1,"homeWorkCommuteMedian":5469,"workHomeCommuteMedian":-1},"geometry":{"type":"Polygon","coordinates":[[[16.875202334529607,51.33493548001943],[16.875202334529607,51.34392868365668],[16.884195538166853,51.34392868365668],[16.884195538166853,51.33493548001943],[16.875202334529607,51.33493548001943]]]}},{"type":"Feature","properties":{"jobs":0,"pop":77,"pointCount":2,"homeWorkCommuteMedian":6216,"workHomeCommuteMedian":-1},"geometry":{"type":"Polygon","coordinates":[[[16.875202334529607,51.370908294568416],[16.875202334529607,51.37990149820566],[16.884195538166853,51.37990149820566],[16.884195538166853,51.370908294568416],[16.875202334529607,51.370908294568416]]]}},{"type":"Feature","properties":{"jobs":0,"pop":24,"pointCount":1,"homeWorkCommuteMedian":488,"workHomeCommuteMedian":-1},"geometry":{"type":"Polygon","coordinates":[[[16.875202334529607,51.505806349127106],[16.875202334529607,51.51479955276435],[16.884195538166853,51.51479955276435],[16.884195538166853,51.505806349127106],[16.875202334529607,51.505806349127106]]]}},{"type":"Feature","properties":{"jobs":69,"pop":0,"pointCount":1,"homeWorkCommuteMedian":-1,"workHomeCommuteMedian":15245},"geometry":{"type":"Polygon","coordinates":[[[16.875202334529607,51.54177916367609],[16.875202334529607,51.550772367313336],[16.884195538166853,51.550772367313336],[16.884195538166853,51.54177916367609],[16.875202334529607,51.54177916367609]]]}},{"type":"Feature","properties":{"jobs":32,"pop":0,"pointCount":1,"homeWorkCommuteMedian":-1,"workHomeCommuteMedian":58880},"geometry":{"type":"Polygon","coordinates":[[[16.875202334529607,51.55976557095058],[16.875202334529607,51.56875877458783],[16.884195538166853,51.56875877458783],[16.884195538166853,51.55976557095058],[16.875202334529607,51.55976557095058]]]}},{"type":"Feature","properties":{"jobs":28,"pop":0,"pointCount":1,"homeWorkCommuteMedian":-1,"workHomeCommuteMedian":63581},"geometry":{"type":"Polygon","coordinates":[[[16.875202334529607,51.56875877458783],[16.875202334529607,51.57775197822507],[16.884195538166853,51.57775197822507],[16.884195538166853,51.56875877458783],[16.875202334529607,51.56875877458783]]]}},{"type":"Feature","properties":{"jobs":0,"pop":29,"pointCount":1,"homeWorkCommuteMedian":36474,"workHomeCommuteMedian":-1},"geometry":{"type":"Polygon","coordinates":[[[16.884195538166853,50.82232287269641],[16.884195538166853,50.83131607633366],[16.8931887418041,50.83131607633366],[16.8931887418041,50.82232287269641],[16.884195538166853,50.82232287269641]]]}},{"type":"Feature","properties":{"jobs":0,"pop":23,"pointCount":1,"homeWorkCommuteMedian":36960,"workHomeCommuteMedian":-1},"geometry":{"type":"Polygon","coordinates":[[[16.884195538166853,50.83131607633366],[16.884195538166853,50.8403092799709],[16.8931887418041,50.8403092799709],[16.8931887418041,50.83131607633366],[16.884195538166853,50.83131607633366]]]}},{"type":"Feature","properties":{"jobs":0,"pop":62,"pointCount":1,"homeWorkCommuteMedian":2620,"workHomeCommuteMedian":-1},"geometry":{"type":"Polygon","coordinates":[[[16.884195538166853,50.86728889088264],[16.884195538166853,50.87628209451989],[16.8931887418041,50.87628209451989],[16.8931887418041,50.86728889088264],[16.884195538166853,50.86728889088264]]]}},{"type":"Feature","properties":{"jobs":23,"pop":36,"pointCount":2,"homeWorkCommuteMedian":2520,"workHomeCommuteMedian":27330},"geometry":{"type":"Polygon","coordinates":[[[16.884195538166853,50.88527529815713],[16.884195538166853,50.89426850179438],[16.8931887418041,50.89426850179438],[16.8931887418041,50.88527529815713],[16.884195538166853,50.88527529815713]]]}},{"type":"Feature","properties":{"jobs":0,"pop":218,"pointCount":3,"homeWorkCommuteMedian":34729,"workHomeCommuteMedian":-1},"geometry":{"type":"Polygon","coordinates":[[[16.884195538166853,50.89426850179438],[16.884195538166853,50.903261705431625],[16.8931887418041,50.903261705431625],[16.8931887418041,50.89426850179438],[16.884195538166853,50.89426850179438]]]}},{"type":"Feature","properties":{"jobs":0,"pop":61,"pointCount":2,"homeWorkCommuteMedian":32800,"workHomeCommuteMedian":-1},"geometry":{"type":"Polygon","coordinates":[[[16.884195538166853,50.91225490906887],[16.884195538166853,50.92124811270612],[16.8931887418041,50.92124811270612],[16.8931887418041,50.91225490906887],[16.884195538166853,50.91225490906887]]]}},{"type":"Feature","properties":{"jobs":0,"pop":51,"pointCount":1,"homeWorkCommuteMedian":24715,"workHomeCommuteMedian":-1},"geometry":{"type":"Polygon","coordinates":[[[16.884195538166853,50.93024131634336],[16.884195538166853,50.93923451998061],[16.8931887418041,50.93923451998061],[16.8931887418041,50.93024131634336],[16.884195538166853,50.93024131634336]]]}},{"type":"Feature","properties":{"jobs":0,"pop":156,"pointCount":2,"homeWorkCommuteMedian":25889,"workHomeCommuteMedian":-1},"geometry":{"type":"Polygon","coordinates":[[[16.884195538166853,50.93923451998061],[16.884195538166853,50.948227723617855],[16.8931887418041,50.948227723617855],[16.8931887418041,50.93923451998061],[16.884195538166853,50.93923451998061]]]}},{"type":"Feature","properties":{"jobs":32,"pop":182,"pointCount":4,"homeWorkCommuteMedian":25686,"workHomeCommuteMedian":54881},"geometry":{"type":"Polygon","coordinates":[[[16.884195538166853,50.948227723617855],[16.884195538166853,50.9572209272551],[16.8931887418041,50.9572209272551],[16.8931887418041,50.948227723617855],[16.884195538166853,50.948227723617855]]]}},{"type":"Feature","properties":{"jobs":0,"pop":27,"pointCount":1,"homeWorkCommuteMedian":22744,"workHomeCommuteMedian":-1},"geometry":{"type":"Polygon","coordinates":[[[16.884195538166853,50.97520733452959],[16.884195538166853,50.98420053816684],[16.8931887418041,50.98420053816684],[16.8931887418041,50.97520733452959],[16.884195538166853,50.97520733452959]]]}},{"type":"Feature","properties":{"jobs":327,"pop":0,"pointCount":5,"homeWorkCommuteMedian":-1,"workHomeCommuteMedian":22913},"geometry":{"type":"Polygon","coordinates":[[[16.884195538166853,51.00218694544133],[16.884195538166853,51.01118014907858],[16.8931887418041,51.01118014907858],[16.8931887418041,51.00218694544133],[16.884195538166853,51.00218694544133]]]}},{"type":"Feature","properties":{"jobs":2138,"pop":0,"pointCount":5,"homeWorkCommuteMedian":-1,"workHomeCommuteMedian":21488},"geometry":{"type":"Polygon","coordinates":[[[16.884195538166853,51.01118014907858],[16.884195538166853,51.02017335271582],[16.8931887418041,51.02017335271582],[16.8931887418041,51.01118014907858],[16.884195538166853,51.01118014907858]]]}},{"type":"Feature","properties":{"jobs":1748,"pop":0,"pointCount":2,"homeWorkCommuteMedian":-1,"workHomeCommuteMedian":18736},"geometry":{"type":"Polygon","coordinates":[[[16.884195538166853,51.02017335271582],[16.884195538166853,51.02916655635307],[16.8931887418041,51.02916655635307],[16.8931887418041,51.02017335271582],[16.884195538166853,51.02017335271582]]]}},{"type":"Feature","properties":{"jobs":101,"pop":32,"pointCount":2,"homeWorkCommuteMedian":11399,"workHomeCommuteMedian":15631},"geometry":{"type":"Polygon","coordinates":[[[16.884195538166853,51.02916655635307],[16.884195538166853,51.038159759990315],[16.8931887418041,51.038159759990315],[16.8931887418041,51.02916655635307],[16.884195538166853,51.02916655635307]]]}},{"type":"Feature","properties":{"jobs":1051,"pop":0,"pointCount":4,"homeWorkCommuteMedian":-1,"workHomeCommuteMedian":7286},"geometry":{"type":"Polygon","coordinates":[[[16.884195538166853,51.038159759990315],[16.884195538166853,51.04715296362756],[16.8931887418041,51.04715296362756],[16.8931887418041,51.038159759990315],[16.884195538166853,51.038159759990315]]]}},{"type":"Feature","properties":{"jobs":48,"pop":122,"pointCount":3,"homeWorkCommuteMedian":4922,"workHomeCommuteMedian":10721},"geometry":{"type":"Polygon","coordinates":[[[16.884195538166853,51.04715296362756],[16.884195538166853,51.05614616726481],[16.8931887418041,51.05614616726481],[16.8931887418041,51.04715296362756],[16.884195538166853,51.04715296362756]]]}},{"type":"Feature","properties":{"jobs":0,"pop":79,"pointCount":2,"homeWorkCommuteMedian":4102,"workHomeCommuteMedian":-1},"geometry":{"type":"Polygon","coordinates":[[[16.884195538166853,51.05614616726481],[16.884195538166853,51.06513937090205],[16.8931887418041,51.06513937090205],[16.8931887418041,51.05614616726481],[16.884195538166853,51.05614616726481]]]}},{"type":"Feature","properties":{"jobs":35,"pop":196,"pointCount":3,"homeWorkCommuteMedian":10240,"workHomeCommuteMedian":7285},"geometry":{"type":"Polygon","coordinates":[[[16.884195538166853,51.06513937090205],[16.884195538166853,51.0741325745393],[16.8931887418041,51.0741325745393],[16.8931887418041,51.06513937090205],[16.884195538166853,51.06513937090205]]]}},{"type":"Feature","properties":{"jobs":98,"pop":276,"pointCount":4,"homeWorkCommuteMedian":8366,"workHomeCommuteMedian":4922},"geometry":{"type":"Polygon","coordinates":[[[16.884195538166853,51.0741325745393],[16.884195538166853,51.083125778176544],[16.8931887418041,51.083125778176544],[16.8931887418041,51.0741325745393],[16.884195538166853,51.0741325745393]]]}},{"type":"Feature","properties":{"jobs":0,"pop":216,"pointCount":4,"homeWorkCommuteMedian":12266,"workHomeCommuteMedian":-1},"geometry":{"type":"Polygon","coordinates":[[[16.884195538166853,51.083125778176544],[16.884195538166853,51.09211898181379],[16.8931887418041,51.09211898181379],[16.8931887418041,51.083125778176544],[16.884195538166853,51.083125778176544]]]}},{"type":"Feature","properties":{"jobs":902,"pop":50,"pointCount":3,"homeWorkCommuteMedian":14641,"workHomeCommuteMedian":9944},"geometry":{"type":"Polygon","coordinates":[[[16.884195538166853,51.101112185451036],[16.884195538166853,51.11010538908828],[16.8931887418041,51.11010538908828],[16.8931887418041,51.101112185451036],[16.884195538166853,51.101112185451036]]]}},{"type":"Feature","properties":{"jobs":493,"pop":0,"pointCount":4,"homeWorkCommuteMedian":-1,"workHomeCommuteMedian":6869},"geometry":{"type":"Polygon","coordinates":[[[16.884195538166853,51.11010538908828],[16.884195538166853,51.11909859272553],[16.8931887418041,51.11909859272553],[16.8931887418041,51.11010538908828],[16.884195538166853,51.11010538908828]]]}},{"type":"Feature","properties":{"jobs":54,"pop":26,"pointCount":2,"homeWorkCommuteMedian":12242,"workHomeCommuteMedian":8805},"geometry":{"type":"Polygon","coordinates":[[[16.884195538166853,51.11909859272553],[16.884195538166853,51.128091796362774],[16.8931887418041,51.128091796362774],[16.8931887418041,51.11909859272553],[16.884195538166853,51.11909859272553]]]}},{"type":"Feature","properties":{"jobs":134,"pop":656,"pointCount":4,"homeWorkCommuteMedian":8042,"workHomeCommuteMedian":22693},"geometry":{"type":"Polygon","coordinates":[[[16.884195538166853,51.128091796362774],[16.884195538166853,51.13708500000002],[16.8931887418041,51.13708500000002],[16.8931887418041,51.128091796362774],[16.884195538166853,51.128091796362774]]]}},{"type":"Feature","properties":{"jobs":40,"pop":1565,"pointCount":7,"homeWorkCommuteMedian":11636,"workHomeCommuteMedian":6840},"geometry":{"type":"Polygon","coordinates":[[[16.884195538166853,51.13708500000002],[16.884195538166853,51.146078203637266],[16.8931887418041,51.146078203637266],[16.8931887418041,51.13708500000002],[16.884195538166853,51.13708500000002]]]}},{"type":"Feature","properties":{"jobs":56,"pop":250,"pointCount":2,"homeWorkCommuteMedian":14013,"workHomeCommuteMedian":14441},"geometry":{"type":"Polygon","coordinates":[[[16.884195538166853,51.146078203637266],[16.884195538166853,51.15507140727451],[16.8931887418041,51.15507140727451],[16.8931887418041,51.146078203637266],[16.884195538166853,51.146078203637266]]]}},{"type":"Feature","properties":{"jobs":32,"pop":211,"pointCount":2,"homeWorkCommuteMedian":11054,"workHomeCommuteMedian":26973},"geometry":{"type":"Polygon","coordinates":[[[16.884195538166853,51.15507140727451],[16.884195538166853,51.16406461091176],[16.8931887418041,51.16406461091176],[16.8931887418041,51.15507140727451],[16.884195538166853,51.15507140727451]]]}},{"type":"Feature","properties":{"jobs":0,"pop":131,"pointCount":4,"homeWorkCommuteMedian":15808,"workHomeCommuteMedian":-1},"geometry":{"type":"Polygon","coordinates":[[[16.884195538166853,51.16406461091176],[16.884195538166853,51.173057814549004],[16.8931887418041,51.173057814549004],[16.8931887418041,51.16406461091176],[16.884195538166853,51.16406461091176]]]}},{"type":"Feature","properties":{"jobs":47,"pop":52,"pointCount":2,"homeWorkCommuteMedian":15565,"workHomeCommuteMedian":4317},"geometry":{"type":"Polygon","coordinates":[[[16.884195538166853,51.173057814549004],[16.884195538166853,51.18205101818625],[16.8931887418041,51.18205101818625],[16.8931887418041,51.173057814549004],[16.884195538166853,51.173057814549004]]]}},{"type":"Feature","properties":{"jobs":0,"pop":20,"pointCount":1,"homeWorkCommuteMedian":45047,"workHomeCommuteMedian":-1},"geometry":{"type":"Polygon","coordinates":[[[16.884195538166853,51.22701703637248],[16.884195538166853,51.236010240009726],[16.8931887418041,51.236010240009726],[16.8931887418041,51.22701703637248],[16.884195538166853,51.22701703637248]]]}},{"type":"Feature","properties":{"jobs":60,"pop":82,"pointCount":2,"homeWorkCommuteMedian":23648,"workHomeCommuteMedian":6949},"geometry":{"type":"Polygon","coordinates":[[[16.884195538166853,51.25399664728422],[16.884195538166853,51.262989850921464],[16.8931887418041,51.262989850921464],[16.8931887418041,51.25399664728422],[16.884195538166853,51.25399664728422]]]}},{"type":"Feature","properties":{"jobs":0,"pop":54,"pointCount":2,"homeWorkCommuteMedian":14329,"workHomeCommuteMedian":-1},"geometry":{"type":"Polygon","coordinates":[[[16.884195538166853,51.262989850921464],[16.884195538166853,51.27198305455871],[16.8931887418041,51.27198305455871],[16.8931887418041,51.262989850921464],[16.884195538166853,51.262989850921464]]]}},{"type":"Feature","properties":{"jobs":0,"pop":34,"pointCount":1,"homeWorkCommuteMedian":6995,"workHomeCommuteMedian":-1},"geometry":{"type":"Polygon","coordinates":[[[16.884195538166853,51.27198305455871],[16.884195538166853,51.280976258195956],[16.8931887418041,51.280976258195956],[16.8931887418041,51.27198305455871],[16.884195538166853,51.27198305455871]]]}},{"type":"Feature","properties":{"jobs":182,"pop":0,"pointCount":1,"homeWorkCommuteMedian":-1,"workHomeCommuteMedian":3453},"geometry":{"type":"Polygon","coordinates":[[[16.884195538166853,51.29896266547045],[16.884195538166853,51.307955869107694],[16.8931887418041,51.307955869107694],[16.8931887418041,51.29896266547045],[16.884195538166853,51.29896266547045]]]}},{"type":"Feature","properties":{"jobs":24,"pop":0,"pointCount":1,"homeWorkCommuteMedian":-1,"workHomeCommuteMedian":3998},"geometry":{"type":"Polygon","coordinates":[[[16.884195538166853,51.307955869107694],[16.884195538166853,51.31694907274494],[16.8931887418041,51.31694907274494],[16.8931887418041,51.307955869107694],[16.884195538166853,51.307955869107694]]]}},{"type":"Feature","properties":{"jobs":219,"pop":0,"pointCount":1,"homeWorkCommuteMedian":-1,"workHomeCommuteMedian":5413},"geometry":{"type":"Polygon","coordinates":[[[16.884195538166853,51.460840330940876],[16.884195538166853,51.46983353457812],[16.8931887418041,51.46983353457812],[16.8931887418041,51.460840330940876],[16.884195538166853,51.460840330940876]]]}},{"type":"Feature","properties":{"jobs":122,"pop":73,"pointCount":3,"homeWorkCommuteMedian":7504,"workHomeCommuteMedian":12958},"geometry":{"type":"Polygon","coordinates":[[[16.884195538166853,51.505806349127106],[16.884195538166853,51.51479955276435],[16.8931887418041,51.51479955276435],[16.8931887418041,51.505806349127106],[16.884195538166853,51.505806349127106]]]}},{"type":"Feature","properties":{"jobs":0,"pop":48,"pointCount":2,"homeWorkCommuteMedian":16476,"workHomeCommuteMedian":-1},"geometry":{"type":"Polygon","coordinates":[[[16.884195538166853,51.550772367313336],[16.884195538166853,51.55976557095058],[16.8931887418041,51.55976557095058],[16.8931887418041,51.550772367313336],[16.884195538166853,51.550772367313336]]]}},{"type":"Feature","properties":{"jobs":65,"pop":58,"pointCount":3,"homeWorkCommuteMedian":37411,"workHomeCommuteMedian":40860},"geometry":{"type":"Polygon","coordinates":[[[16.8931887418041,50.83131607633366],[16.8931887418041,50.8403092799709],[16.902181945441345,50.8403092799709],[16.902181945441345,50.83131607633366],[16.8931887418041,50.83131607633366]]]}},{"type":"Feature","properties":{"jobs":0,"pop":21,"pointCount":1,"homeWorkCommuteMedian":14168,"workHomeCommuteMedian":-1},"geometry":{"type":"Polygon","coordinates":[[[16.8931887418041,50.91225490906887],[16.8931887418041,50.92124811270612],[16.902181945441345,50.92124811270612],[16.902181945441345,50.91225490906887],[16.8931887418041,50.91225490906887]]]}},{"type":"Feature","properties":{"jobs":26,"pop":46,"pointCount":2,"homeWorkCommuteMedian":37093,"workHomeCommuteMedian":25537},"geometry":{"type":"Polygon","coordinates":[[[16.8931887418041,50.92124811270612],[16.8931887418041,50.93024131634336],[16.902181945441345,50.93024131634336],[16.902181945441345,50.92124811270612],[16.8931887418041,50.92124811270612]]]}},{"type":"Feature","properties":{"jobs":25,"pop":39,"pointCount":2,"homeWorkCommuteMedian":26280,"workHomeCommuteMedian":24148},"geometry":{"type":"Polygon","coordinates":[[[16.8931887418041,50.93923451998061],[16.8931887418041,50.948227723617855],[16.902181945441345,50.948227723617855],[16.902181945441345,50.93923451998061],[16.8931887418041,50.93923451998061]]]}},{"type":"Feature","properties":{"jobs":0,"pop":22,"pointCount":1,"homeWorkCommuteMedian":25440,"workHomeCommuteMedian":-1},"geometry":{"type":"Polygon","coordinates":[[[16.8931887418041,50.948227723617855],[16.8931887418041,50.9572209272551],[16.902181945441345,50.9572209272551],[16.902181945441345,50.948227723617855],[16.8931887418041,50.948227723617855]]]}},{"type":"Feature","properties":{"jobs":0,"pop":82,"pointCount":2,"homeWorkCommuteMedian":42728,"workHomeCommuteMedian":-1},"geometry":{"type":"Polygon","coordinates":[[[16.8931887418041,50.9572209272551],[16.8931887418041,50.96621413089235],[16.902181945441345,50.96621413089235],[16.902181945441345,50.9572209272551],[16.8931887418041,50.9572209272551]]]}},{"type":"Feature","properties":{"jobs":0,"pop":42,"pointCount":1,"homeWorkCommuteMedian":23229,"workHomeCommuteMedian":-1},"geometry":{"type":"Polygon","coordinates":[[[16.8931887418041,50.96621413089235],[16.8931887418041,50.97520733452959],[16.902181945441345,50.97520733452959],[16.902181945441345,50.96621413089235],[16.8931887418041,50.96621413089235]]]}},{"type":"Feature","properties":{"jobs":0,"pop":27,"pointCount":1,"homeWorkCommuteMedian":20872,"workHomeCommuteMedian":-1},"geometry":{"type":"Polygon","coordinates":[[[16.8931887418041,50.98420053816684],[16.8931887418041,50.993193741804085],[16.902181945441345,50.993193741804085],[16.902181945441345,50.98420053816684],[16.8931887418041,50.98420053816684]]]}},{"type":"Feature","properties":{"jobs":418,"pop":0,"pointCount":1,"homeWorkCommuteMedian":-1,"workHomeCommuteMedian":19177},"geometry":{"type":"Polygon","coordinates":[[[16.8931887418041,51.02017335271582],[16.8931887418041,51.02916655635307],[16.902181945441345,51.02916655635307],[16.902181945441345,51.02017335271582],[16.8931887418041,51.02017335271582]]]}},{"type":"Feature","properties":{"jobs":771,"pop":0,"pointCount":1,"homeWorkCommuteMedian":-1,"workHomeCommuteMedian":8508},"geometry":{"type":"Polygon","coordinates":[[[16.8931887418041,51.038159759990315],[16.8931887418041,51.04715296362756],[16.902181945441345,51.04715296362756],[16.902181945441345,51.038159759990315],[16.8931887418041,51.038159759990315]]]}},{"type":"Feature","properties":{"jobs":36,"pop":0,"pointCount":1,"homeWorkCommuteMedian":-1,"workHomeCommuteMedian":4010},"geometry":{"type":"Polygon","coordinates":[[[16.8931887418041,51.05614616726481],[16.8931887418041,51.06513937090205],[16.902181945441345,51.06513937090205],[16.902181945441345,51.05614616726481],[16.8931887418041,51.05614616726481]]]}},{"type":"Feature","properties":{"jobs":0,"pop":69,"pointCount":1,"homeWorkCommuteMedian":8025,"workHomeCommuteMedian":-1},"geometry":{"type":"Polygon","coordinates":[[[16.8931887418041,51.06513937090205],[16.8931887418041,51.0741325745393],[16.902181945441345,51.0741325745393],[16.902181945441345,51.06513937090205],[16.8931887418041,51.06513937090205]]]}},{"type":"Feature","properties":{"jobs":52,"pop":572,"pointCount":6,"homeWorkCommuteMedian":7193,"workHomeCommuteMedian":1530},"geometry":{"type":"Polygon","coordinates":[[[16.8931887418041,51.0741325745393],[16.8931887418041,51.083125778176544],[16.902181945441345,51.083125778176544],[16.902181945441345,51.0741325745393],[16.8931887418041,51.0741325745393]]]}},{"type":"Feature","properties":{"jobs":190,"pop":213,"pointCount":4,"homeWorkCommuteMedian":11516,"workHomeCommuteMedian":2073},"geometry":{"type":"Polygon","coordinates":[[[16.8931887418041,51.083125778176544],[16.8931887418041,51.09211898181379],[16.902181945441345,51.09211898181379],[16.902181945441345,51.083125778176544],[16.8931887418041,51.083125778176544]]]}},{"type":"Feature","properties":{"jobs":422,"pop":160,"pointCount":6,"homeWorkCommuteMedian":14428,"workHomeCommuteMedian":11146},"geometry":{"type":"Polygon","coordinates":[[[16.8931887418041,51.101112185451036],[16.8931887418041,51.11010538908828],[16.902181945441345,51.11010538908828],[16.902181945441345,51.101112185451036],[16.8931887418041,51.101112185451036]]]}},{"type":"Feature","properties":{"jobs":41,"pop":74,"pointCount":3,"homeWorkCommuteMedian":15634,"workHomeCommuteMedian":6231},"geometry":{"type":"Polygon","coordinates":[[[16.8931887418041,51.11909859272553],[16.8931887418041,51.128091796362774],[16.902181945441345,51.128091796362774],[16.902181945441345,51.11909859272553],[16.8931887418041,51.11909859272553]]]}},{"type":"Feature","properties":{"jobs":0,"pop":657,"pointCount":5,"homeWorkCommuteMedian":13523,"workHomeCommuteMedian":-1},"geometry":{"type":"Polygon","coordinates":[[[16.8931887418041,51.128091796362774],[16.8931887418041,51.13708500000002],[16.902181945441345,51.13708500000002],[16.902181945441345,51.128091796362774],[16.8931887418041,51.128091796362774]]]}},{"type":"Feature","properties":{"jobs":728,"pop":1736,"pointCount":9,"homeWorkCommuteMedian":10232,"workHomeCommuteMedian":13005},"geometry":{"type":"Polygon","coordinates":[[[16.8931887418041,51.13708500000002],[16.8931887418041,51.146078203637266],[16.902181945441345,51.146078203637266],[16.902181945441345,51.13708500000002],[16.8931887418041,51.13708500000002]]]}},{"type":"Feature","properties":{"jobs":297,"pop":1432,"pointCount":7,"homeWorkCommuteMedian":12335,"workHomeCommuteMedian":11532},"geometry":{"type":"Polygon","coordinates":[[[16.8931887418041,51.146078203637266],[16.8931887418041,51.15507140727451],[16.902181945441345,51.15507140727451],[16.902181945441345,51.146078203637266],[16.8931887418041,51.146078203637266]]]}},{"type":"Feature","properties":{"jobs":191,"pop":2410,"pointCount":16,"homeWorkCommuteMedian":13989,"workHomeCommuteMedian":13018},"geometry":{"type":"Polygon","coordinates":[[[16.8931887418041,51.15507140727451],[16.8931887418041,51.16406461091176],[16.902181945441345,51.16406461091176],[16.902181945441345,51.15507140727451],[16.8931887418041,51.15507140727451]]]}},{"type":"Feature","properties":{"jobs":360,"pop":1221,"pointCount":8,"homeWorkCommuteMedian":15630,"workHomeCommuteMedian":11929},"geometry":{"type":"Polygon","coordinates":[[[16.8931887418041,51.16406461091176],[16.8931887418041,51.173057814549004],[16.902181945441345,51.173057814549004],[16.902181945441345,51.16406461091176],[16.8931887418041,51.16406461091176]]]}},{"type":"Feature","properties":{"jobs":0,"pop":25,"pointCount":1,"homeWorkCommuteMedian":5643,"workHomeCommuteMedian":-1},"geometry":{"type":"Polygon","coordinates":[[[16.8931887418041,51.262989850921464],[16.8931887418041,51.27198305455871],[16.902181945441345,51.27198305455871],[16.902181945441345,51.262989850921464],[16.8931887418041,51.262989850921464]]]}},{"type":"Feature","properties":{"jobs":0,"pop":27,"pointCount":1,"homeWorkCommuteMedian":18598,"workHomeCommuteMedian":-1},"geometry":{"type":"Polygon","coordinates":[[[16.8931887418041,51.27198305455871],[16.8931887418041,51.280976258195956],[16.902181945441345,51.280976258195956],[16.902181945441345,51.27198305455871],[16.8931887418041,51.27198305455871]]]}},{"type":"Feature","properties":{"jobs":56,"pop":138,"pointCount":3,"homeWorkCommuteMedian":10798,"workHomeCommuteMedian":3164},"geometry":{"type":"Polygon","coordinates":[[[16.8931887418041,51.2899694618332],[16.8931887418041,51.29896266547045],[16.902181945441345,51.29896266547045],[16.902181945441345,51.2899694618332],[16.8931887418041,51.2899694618332]]]}},{"type":"Feature","properties":{"jobs":0,"pop":29,"pointCount":1,"homeWorkCommuteMedian":4275,"workHomeCommuteMedian":-1},"geometry":{"type":"Polygon","coordinates":[[[16.8931887418041,51.31694907274494],[16.8931887418041,51.325942276382186],[16.902181945441345,51.325942276382186],[16.902181945441345,51.31694907274494],[16.8931887418041,51.31694907274494]]]}},{"type":"Feature","properties":{"jobs":30,"pop":43,"pointCount":2,"homeWorkCommuteMedian":3553,"workHomeCommuteMedian":4880},"geometry":{"type":"Polygon","coordinates":[[[16.8931887418041,51.325942276382186],[16.8931887418041,51.33493548001943],[16.902181945441345,51.33493548001943],[16.902181945441345,51.325942276382186],[16.8931887418041,51.325942276382186]]]}},{"type":"Feature","properties":{"jobs":0,"pop":72,"pointCount":2,"homeWorkCommuteMedian":10285,"workHomeCommuteMedian":-1},"geometry":{"type":"Polygon","coordinates":[[[16.8931887418041,51.33493548001943],[16.8931887418041,51.34392868365668],[16.902181945441345,51.34392868365668],[16.902181945441345,51.33493548001943],[16.8931887418041,51.33493548001943]]]}},{"type":"Feature","properties":{"jobs":22,"pop":0,"pointCount":1,"homeWorkCommuteMedian":-1,"workHomeCommuteMedian":1203},"geometry":{"type":"Polygon","coordinates":[[[16.8931887418041,51.370908294568416],[16.8931887418041,51.37990149820566],[16.902181945441345,51.37990149820566],[16.902181945441345,51.370908294568416],[16.8931887418041,51.370908294568416]]]}},{"type":"Feature","properties":{"jobs":60,"pop":0,"pointCount":1,"homeWorkCommuteMedian":-1,"workHomeCommuteMedian":19075},"geometry":{"type":"Polygon","coordinates":[[[16.8931887418041,51.43386072002914],[16.8931887418041,51.442853923666384],[16.902181945441345,51.442853923666384],[16.902181945441345,51.43386072002914],[16.8931887418041,51.43386072002914]]]}},{"type":"Feature","properties":{"jobs":0,"pop":113,"pointCount":1,"homeWorkCommuteMedian":1771,"workHomeCommuteMedian":-1},"geometry":{"type":"Polygon","coordinates":[[[16.8931887418041,51.45184712730363],[16.8931887418041,51.460840330940876],[16.902181945441345,51.460840330940876],[16.902181945441345,51.45184712730363],[16.8931887418041,51.45184712730363]]]}},{"type":"Feature","properties":{"jobs":53,"pop":227,"pointCount":5,"homeWorkCommuteMedian":4051,"workHomeCommuteMedian":7849},"geometry":{"type":"Polygon","coordinates":[[[16.8931887418041,51.460840330940876],[16.8931887418041,51.46983353457812],[16.902181945441345,51.46983353457812],[16.902181945441345,51.460840330940876],[16.8931887418041,51.460840330940876]]]}},{"type":"Feature","properties":{"jobs":43,"pop":0,"pointCount":1,"homeWorkCommuteMedian":-1,"workHomeCommuteMedian":750},"geometry":{"type":"Polygon","coordinates":[[[16.8931887418041,51.46983353457812],[16.8931887418041,51.47882673821537],[16.902181945441345,51.47882673821537],[16.902181945441345,51.46983353457812],[16.8931887418041,51.46983353457812]]]}},{"type":"Feature","properties":{"jobs":0,"pop":35,"pointCount":1,"homeWorkCommuteMedian":12963,"workHomeCommuteMedian":-1},"geometry":{"type":"Polygon","coordinates":[[[16.8931887418041,51.505806349127106],[16.8931887418041,51.51479955276435],[16.902181945441345,51.51479955276435],[16.902181945441345,51.505806349127106],[16.8931887418041,51.505806349127106]]]}},{"type":"Feature","properties":{"jobs":27,"pop":34,"pointCount":1,"homeWorkCommuteMedian":20254,"workHomeCommuteMedian":22280},"geometry":{"type":"Polygon","coordinates":[[[16.8931887418041,51.550772367313336],[16.8931887418041,51.55976557095058],[16.902181945441345,51.55976557095058],[16.902181945441345,51.550772367313336],[16.8931887418041,51.550772367313336]]]}},{"type":"Feature","properties":{"jobs":0,"pop":22,"pointCount":1,"homeWorkCommuteMedian":51198,"workHomeCommuteMedian":-1},"geometry":{"type":"Polygon","coordinates":[[[16.902181945441345,50.93024131634336],[16.902181945441345,50.93923451998061],[16.91117514907859,50.93923451998061],[16.91117514907859,50.93024131634336],[16.902181945441345,50.93024131634336]]]}},{"type":"Feature","properties":{"jobs":0,"pop":103,"pointCount":2,"homeWorkCommuteMedian":24450,"workHomeCommuteMedian":-1},"geometry":{"type":"Polygon","coordinates":[[[16.902181945441345,50.96621413089235],[16.902181945441345,50.97520733452959],[16.91117514907859,50.97520733452959],[16.91117514907859,50.96621413089235],[16.902181945441345,50.96621413089235]]]}},{"type":"Feature","properties":{"jobs":0,"pop":63,"pointCount":1,"homeWorkCommuteMedian":23094,"workHomeCommuteMedian":-1},"geometry":{"type":"Polygon","coordinates":[[[16.902181945441345,50.97520733452959],[16.902181945441345,50.98420053816684],[16.91117514907859,50.98420053816684],[16.91117514907859,50.97520733452959],[16.902181945441345,50.97520733452959]]]}},{"type":"Feature","properties":{"jobs":0,"pop":39,"pointCount":1,"homeWorkCommuteMedian":21067,"workHomeCommuteMedian":-1},"geometry":{"type":"Polygon","coordinates":[[[16.902181945441345,50.993193741804085],[16.902181945441345,51.00218694544133],[16.91117514907859,51.00218694544133],[16.91117514907859,50.993193741804085],[16.902181945441345,50.993193741804085]]]}},{"type":"Feature","properties":{"jobs":0,"pop":88,"pointCount":2,"homeWorkCommuteMedian":38224,"workHomeCommuteMedian":-1},"geometry":{"type":"Polygon","coordinates":[[[16.902181945441345,51.00218694544133],[16.902181945441345,51.01118014907858],[16.91117514907859,51.01118014907858],[16.91117514907859,51.00218694544133],[16.902181945441345,51.00218694544133]]]}},{"type":"Feature","properties":{"jobs":899,"pop":0,"pointCount":2,"homeWorkCommuteMedian":-1,"workHomeCommuteMedian":7751},"geometry":{"type":"Polygon","coordinates":[[[16.902181945441345,51.038159759990315],[16.902181945441345,51.04715296362756],[16.91117514907859,51.04715296362756],[16.91117514907859,51.038159759990315],[16.902181945441345,51.038159759990315]]]}},{"type":"Feature","properties":{"jobs":0,"pop":86,"pointCount":1,"homeWorkCommuteMedian":9738,"workHomeCommuteMedian":-1},"geometry":{"type":"Polygon","coordinates":[[[16.902181945441345,51.04715296362756],[16.902181945441345,51.05614616726481],[16.91117514907859,51.05614616726481],[16.91117514907859,51.04715296362756],[16.902181945441345,51.04715296362756]]]}},{"type":"Feature","properties":{"jobs":73,"pop":133,"pointCount":3,"homeWorkCommuteMedian":18394,"workHomeCommuteMedian":46556},"geometry":{"type":"Polygon","coordinates":[[[16.902181945441345,51.05614616726481],[16.902181945441345,51.06513937090205],[16.91117514907859,51.06513937090205],[16.91117514907859,51.05614616726481],[16.902181945441345,51.05614616726481]]]}},{"type":"Feature","properties":{"jobs":0,"pop":20,"pointCount":1,"homeWorkCommuteMedian":5391,"workHomeCommuteMedian":-1},"geometry":{"type":"Polygon","coordinates":[[[16.902181945441345,51.06513937090205],[16.902181945441345,51.0741325745393],[16.91117514907859,51.0741325745393],[16.91117514907859,51.06513937090205],[16.902181945441345,51.06513937090205]]]}},{"type":"Feature","properties":{"jobs":0,"pop":303,"pointCount":3,"homeWorkCommuteMedian":10233,"workHomeCommuteMedian":-1},"geometry":{"type":"Polygon","coordinates":[[[16.902181945441345,51.0741325745393],[16.902181945441345,51.083125778176544],[16.91117514907859,51.083125778176544],[16.91117514907859,51.0741325745393],[16.902181945441345,51.0741325745393]]]}},{"type":"Feature","properties":{"jobs":81,"pop":1861,"pointCount":14,"homeWorkCommuteMedian":7532,"workHomeCommuteMedian":6417},"geometry":{"type":"Polygon","coordinates":[[[16.902181945441345,51.083125778176544],[16.902181945441345,51.09211898181379],[16.91117514907859,51.09211898181379],[16.91117514907859,51.083125778176544],[16.902181945441345,51.083125778176544]]]}},{"type":"Feature","properties":{"jobs":231,"pop":0,"pointCount":3,"homeWorkCommuteMedian":-1,"workHomeCommuteMedian":14062},"geometry":{"type":"Polygon","coordinates":[[[16.902181945441345,51.101112185451036],[16.902181945441345,51.11010538908828],[16.91117514907859,51.11010538908828],[16.91117514907859,51.101112185451036],[16.902181945441345,51.101112185451036]]]}},{"type":"Feature","properties":{"jobs":0,"pop":31,"pointCount":1,"homeWorkCommuteMedian":4028,"workHomeCommuteMedian":-1},"geometry":{"type":"Polygon","coordinates":[[[16.902181945441345,51.11010538908828],[16.902181945441345,51.11909859272553],[16.91117514907859,51.11909859272553],[16.91117514907859,51.11010538908828],[16.902181945441345,51.11010538908828]]]}},{"type":"Feature","properties":{"jobs":1153,"pop":0,"pointCount":2,"homeWorkCommuteMedian":-1,"workHomeCommuteMedian":13674},"geometry":{"type":"Polygon","coordinates":[[[16.902181945441345,51.11909859272553],[16.902181945441345,51.128091796362774],[16.91117514907859,51.128091796362774],[16.91117514907859,51.11909859272553],[16.902181945441345,51.11909859272553]]]}},{"type":"Feature","properties":{"jobs":4543,"pop":0,"pointCount":2,"homeWorkCommuteMedian":-1,"workHomeCommuteMedian":5855},"geometry":{"type":"Polygon","coordinates":[[[16.902181945441345,51.13708500000002],[16.902181945441345,51.146078203637266],[16.91117514907859,51.146078203637266],[16.91117514907859,51.13708500000002],[16.902181945441345,51.13708500000002]]]}},{"type":"Feature","properties":{"jobs":93,"pop":1375,"pointCount":9,"homeWorkCommuteMedian":11066,"workHomeCommuteMedian":2588},"geometry":{"type":"Polygon","coordinates":[[[16.902181945441345,51.146078203637266],[16.902181945441345,51.15507140727451],[16.91117514907859,51.15507140727451],[16.91117514907859,51.146078203637266],[16.902181945441345,51.146078203637266]]]}},{"type":"Feature","properties":{"jobs":264,"pop":1440,"pointCount":8,"homeWorkCommuteMedian":8856,"workHomeCommuteMedian":5898},"geometry":{"type":"Polygon","coordinates":[[[16.902181945441345,51.15507140727451],[16.902181945441345,51.16406461091176],[16.91117514907859,51.16406461091176],[16.91117514907859,51.15507140727451],[16.902181945441345,51.15507140727451]]]}},{"type":"Feature","properties":{"jobs":674,"pop":47,"pointCount":6,"homeWorkCommuteMedian":11913,"workHomeCommuteMedian":11652},"geometry":{"type":"Polygon","coordinates":[[[16.902181945441345,51.16406461091176],[16.902181945441345,51.173057814549004],[16.91117514907859,51.173057814549004],[16.91117514907859,51.16406461091176],[16.902181945441345,51.16406461091176]]]}},{"type":"Feature","properties":{"jobs":51,"pop":138,"pointCount":4,"homeWorkCommuteMedian":14639,"workHomeCommuteMedian":15377},"geometry":{"type":"Polygon","coordinates":[[[16.902181945441345,51.173057814549004],[16.902181945441345,51.18205101818625],[16.91117514907859,51.18205101818625],[16.91117514907859,51.173057814549004],[16.902181945441345,51.173057814549004]]]}},{"type":"Feature","properties":{"jobs":628,"pop":0,"pointCount":1,"homeWorkCommuteMedian":-1,"workHomeCommuteMedian":16756},"geometry":{"type":"Polygon","coordinates":[[[16.902181945441345,51.18205101818625],[16.902181945441345,51.191044221823496],[16.91117514907859,51.191044221823496],[16.91117514907859,51.18205101818625],[16.902181945441345,51.18205101818625]]]}},{"type":"Feature","properties":{"jobs":0,"pop":26,"pointCount":1,"homeWorkCommuteMedian":6108,"workHomeCommuteMedian":-1},"geometry":{"type":"Polygon","coordinates":[[[16.902181945441345,51.27198305455871],[16.902181945441345,51.280976258195956],[16.91117514907859,51.280976258195956],[16.91117514907859,51.27198305455871],[16.902181945441345,51.27198305455871]]]}},{"type":"Feature","properties":{"jobs":141,"pop":84,"pointCount":4,"homeWorkCommuteMedian":2945,"workHomeCommuteMedian":3043},"geometry":{"type":"Polygon","coordinates":[[[16.902181945441345,51.280976258195956],[16.902181945441345,51.2899694618332],[16.91117514907859,51.2899694618332],[16.91117514907859,51.280976258195956],[16.902181945441345,51.280976258195956]]]}},{"type":"Feature","properties":{"jobs":200,"pop":178,"pointCount":5,"homeWorkCommuteMedian":2689,"workHomeCommuteMedian":4445},"geometry":{"type":"Polygon","coordinates":[[[16.902181945441345,51.2899694618332],[16.902181945441345,51.29896266547045],[16.91117514907859,51.29896266547045],[16.91117514907859,51.2899694618332],[16.902181945441345,51.2899694618332]]]}},{"type":"Feature","properties":{"jobs":770,"pop":425,"pointCount":12,"homeWorkCommuteMedian":2019,"workHomeCommuteMedian":3553},"geometry":{"type":"Polygon","coordinates":[[[16.902181945441345,51.29896266547045],[16.902181945441345,51.307955869107694],[16.91117514907859,51.307955869107694],[16.91117514907859,51.29896266547045],[16.902181945441345,51.29896266547045]]]}},{"type":"Feature","properties":{"jobs":0,"pop":173,"pointCount":2,"homeWorkCommuteMedian":2562,"workHomeCommuteMedian":-1},"geometry":{"type":"Polygon","coordinates":[[[16.902181945441345,51.307955869107694],[16.902181945441345,51.31694907274494],[16.91117514907859,51.31694907274494],[16.91117514907859,51.307955869107694],[16.902181945441345,51.307955869107694]]]}},{"type":"Feature","properties":{"jobs":186,"pop":125,"pointCount":4,"homeWorkCommuteMedian":3363,"workHomeCommuteMedian":12188},"geometry":{"type":"Polygon","coordinates":[[[16.902181945441345,51.31694907274494],[16.902181945441345,51.325942276382186],[16.91117514907859,51.325942276382186],[16.91117514907859,51.31694907274494],[16.902181945441345,51.31694907274494]]]}},{"type":"Feature","properties":{"jobs":0,"pop":70,"pointCount":1,"homeWorkCommuteMedian":7722,"workHomeCommuteMedian":-1},"geometry":{"type":"Polygon","coordinates":[[[16.902181945441345,51.34392868365668],[16.902181945441345,51.352921887293924],[16.91117514907859,51.352921887293924],[16.91117514907859,51.34392868365668],[16.902181945441345,51.34392868365668]]]}},{"type":"Feature","properties":{"jobs":0,"pop":22,"pointCount":1,"homeWorkCommuteMedian":56064,"workHomeCommuteMedian":-1},"geometry":{"type":"Polygon","coordinates":[[[16.902181945441345,51.397887905480154],[16.902181945441345,51.4068811091174],[16.91117514907859,51.4068811091174],[16.91117514907859,51.397887905480154],[16.902181945441345,51.397887905480154]]]}},{"type":"Feature","properties":{"jobs":0,"pop":102,"pointCount":2,"homeWorkCommuteMedian":2206,"workHomeCommuteMedian":-1},"geometry":{"type":"Polygon","coordinates":[[[16.902181945441345,51.442853923666384],[16.902181945441345,51.45184712730363],[16.91117514907859,51.45184712730363],[16.91117514907859,51.442853923666384],[16.902181945441345,51.442853923666384]]]}},{"type":"Feature","properties":{"jobs":89,"pop":0,"pointCount":3,"homeWorkCommuteMedian":-1,"workHomeCommuteMedian":1756},"geometry":{"type":"Polygon","coordinates":[[[16.902181945441345,51.45184712730363],[16.902181945441345,51.460840330940876],[16.91117514907859,51.460840330940876],[16.91117514907859,51.45184712730363],[16.902181945441345,51.45184712730363]]]}},{"type":"Feature","properties":{"jobs":930,"pop":559,"pointCount":14,"homeWorkCommuteMedian":1400,"workHomeCommuteMedian":2893},"geometry":{"type":"Polygon","coordinates":[[[16.902181945441345,51.460840330940876],[16.902181945441345,51.46983353457812],[16.91117514907859,51.46983353457812],[16.91117514907859,51.460840330940876],[16.902181945441345,51.460840330940876]]]}},{"type":"Feature","properties":{"jobs":686,"pop":1217,"pointCount":14,"homeWorkCommuteMedian":1799,"workHomeCommuteMedian":6457},"geometry":{"type":"Polygon","coordinates":[[[16.902181945441345,51.46983353457812],[16.902181945441345,51.47882673821537],[16.91117514907859,51.47882673821537],[16.91117514907859,51.46983353457812],[16.902181945441345,51.46983353457812]]]}},{"type":"Feature","properties":{"jobs":42,"pop":81,"pointCount":3,"homeWorkCommuteMedian":3525,"workHomeCommuteMedian":4032},"geometry":{"type":"Polygon","coordinates":[[[16.902181945441345,51.47882673821537],[16.902181945441345,51.487819941852614],[16.91117514907859,51.487819941852614],[16.91117514907859,51.47882673821537],[16.902181945441345,51.47882673821537]]]}},{"type":"Feature","properties":{"jobs":23,"pop":32,"pointCount":1,"homeWorkCommuteMedian":3089,"workHomeCommuteMedian":2729},"geometry":{"type":"Polygon","coordinates":[[[16.902181945441345,51.487819941852614],[16.902181945441345,51.49681314548986],[16.91117514907859,51.49681314548986],[16.91117514907859,51.487819941852614],[16.902181945441345,51.487819941852614]]]}},{"type":"Feature","properties":{"jobs":59,"pop":85,"pointCount":4,"homeWorkCommuteMedian":7635,"workHomeCommuteMedian":68857},"geometry":{"type":"Polygon","coordinates":[[[16.902181945441345,51.505806349127106],[16.902181945441345,51.51479955276435],[16.91117514907859,51.51479955276435],[16.91117514907859,51.505806349127106],[16.902181945441345,51.505806349127106]]]}},{"type":"Feature","properties":{"jobs":0,"pop":33,"pointCount":1,"homeWorkCommuteMedian":23637,"workHomeCommuteMedian":-1},"geometry":{"type":"Polygon","coordinates":[[[16.91117514907859,50.91225490906887],[16.91117514907859,50.92124811270612],[16.920168352715837,50.92124811270612],[16.920168352715837,50.91225490906887],[16.91117514907859,50.91225490906887]]]}},{"type":"Feature","properties":{"jobs":0,"pop":48,"pointCount":1,"homeWorkCommuteMedian":30787,"workHomeCommuteMedian":-1},"geometry":{"type":"Polygon","coordinates":[[[16.91117514907859,50.92124811270612],[16.91117514907859,50.93024131634336],[16.920168352715837,50.93024131634336],[16.920168352715837,50.92124811270612],[16.91117514907859,50.92124811270612]]]}},{"type":"Feature","properties":{"jobs":159,"pop":0,"pointCount":1,"homeWorkCommuteMedian":-1,"workHomeCommuteMedian":26481},"geometry":{"type":"Polygon","coordinates":[[[16.91117514907859,50.948227723617855],[16.91117514907859,50.9572209272551],[16.920168352715837,50.9572209272551],[16.920168352715837,50.948227723617855],[16.91117514907859,50.948227723617855]]]}},{"type":"Feature","properties":{"jobs":0,"pop":28,"pointCount":1,"homeWorkCommuteMedian":17539,"workHomeCommuteMedian":-1},"geometry":{"type":"Polygon","coordinates":[[[16.91117514907859,50.97520733452959],[16.91117514907859,50.98420053816684],[16.920168352715837,50.98420053816684],[16.920168352715837,50.97520733452959],[16.91117514907859,50.97520733452959]]]}},{"type":"Feature","properties":{"jobs":0,"pop":134,"pointCount":2,"homeWorkCommuteMedian":22847,"workHomeCommuteMedian":-1},"geometry":{"type":"Polygon","coordinates":[[[16.91117514907859,50.993193741804085],[16.91117514907859,51.00218694544133],[16.920168352715837,51.00218694544133],[16.920168352715837,50.993193741804085],[16.91117514907859,50.993193741804085]]]}},{"type":"Feature","properties":{"jobs":22,"pop":239,"pointCount":7,"homeWorkCommuteMedian":17360,"workHomeCommuteMedian":23884},"geometry":{"type":"Polygon","coordinates":[[[16.91117514907859,51.01118014907858],[16.91117514907859,51.02017335271582],[16.920168352715837,51.02017335271582],[16.920168352715837,51.01118014907858],[16.91117514907859,51.01118014907858]]]}},{"type":"Feature","properties":{"jobs":52,"pop":150,"pointCount":4,"homeWorkCommuteMedian":13923,"workHomeCommuteMedian":22298},"geometry":{"type":"Polygon","coordinates":[[[16.91117514907859,51.02017335271582],[16.91117514907859,51.02916655635307],[16.920168352715837,51.02916655635307],[16.920168352715837,51.02017335271582],[16.91117514907859,51.02017335271582]]]}},{"type":"Feature","properties":{"jobs":1367,"pop":0,"pointCount":1,"homeWorkCommuteMedian":-1,"workHomeCommuteMedian":12520},"geometry":{"type":"Polygon","coordinates":[[[16.91117514907859,51.02916655635307],[16.91117514907859,51.038159759990315],[16.920168352715837,51.038159759990315],[16.920168352715837,51.02916655635307],[16.91117514907859,51.02916655635307]]]}},{"type":"Feature","properties":{"jobs":475,"pop":117,"pointCount":6,"homeWorkCommuteMedian":2922,"workHomeCommuteMedian":7273},"geometry":{"type":"Polygon","coordinates":[[[16.91117514907859,51.038159759990315],[16.91117514907859,51.04715296362756],[16.920168352715837,51.04715296362756],[16.920168352715837,51.038159759990315],[16.91117514907859,51.038159759990315]]]}},{"type":"Feature","properties":{"jobs":0,"pop":46,"pointCount":1,"homeWorkCommuteMedian":8674,"workHomeCommuteMedian":-1},"geometry":{"type":"Polygon","coordinates":[[[16.91117514907859,51.05614616726481],[16.91117514907859,51.06513937090205],[16.920168352715837,51.06513937090205],[16.920168352715837,51.05614616726481],[16.91117514907859,51.05614616726481]]]}},{"type":"Feature","properties":{"jobs":0,"pop":73,"pointCount":2,"homeWorkCommuteMedian":9502,"workHomeCommuteMedian":-1},"geometry":{"type":"Polygon","coordinates":[[[16.91117514907859,51.06513937090205],[16.91117514907859,51.0741325745393],[16.920168352715837,51.0741325745393],[16.920168352715837,51.06513937090205],[16.91117514907859,51.06513937090205]]]}},{"type":"Feature","properties":{"jobs":47,"pop":123,"pointCount":4,"homeWorkCommuteMedian":6467,"workHomeCommuteMedian":2164},"geometry":{"type":"Polygon","coordinates":[[[16.91117514907859,51.0741325745393],[16.91117514907859,51.083125778176544],[16.920168352715837,51.083125778176544],[16.920168352715837,51.0741325745393],[16.91117514907859,51.0741325745393]]]}},{"type":"Feature","properties":{"jobs":159,"pop":20,"pointCount":2,"homeWorkCommuteMedian":11439,"workHomeCommuteMedian":11905},"geometry":{"type":"Polygon","coordinates":[[[16.91117514907859,51.101112185451036],[16.91117514907859,51.11010538908828],[16.920168352715837,51.11010538908828],[16.920168352715837,51.101112185451036],[16.91117514907859,51.101112185451036]]]}},{"type":"Feature","properties":{"jobs":167,"pop":88,"pointCount":2,"homeWorkCommuteMedian":3376,"workHomeCommuteMedian":13118},"geometry":{"type":"Polygon","coordinates":[[[16.91117514907859,51.11010538908828],[16.91117514907859,51.11909859272553],[16.920168352715837,51.11909859272553],[16.920168352715837,51.11010538908828],[16.91117514907859,51.11010538908828]]]}},{"type":"Feature","properties":{"jobs":332,"pop":472,"pointCount":5,"homeWorkCommuteMedian":8658,"workHomeCommuteMedian":9223},"geometry":{"type":"Polygon","coordinates":[[[16.91117514907859,51.11909859272553],[16.91117514907859,51.128091796362774],[16.920168352715837,51.128091796362774],[16.920168352715837,51.11909859272553],[16.91117514907859,51.11909859272553]]]}},{"type":"Feature","properties":{"jobs":0,"pop":318,"pointCount":3,"homeWorkCommuteMedian":5898,"workHomeCommuteMedian":-1},"geometry":{"type":"Polygon","coordinates":[[[16.91117514907859,51.128091796362774],[16.91117514907859,51.13708500000002],[16.920168352715837,51.13708500000002],[16.920168352715837,51.128091796362774],[16.91117514907859,51.128091796362774]]]}},{"type":"Feature","properties":{"jobs":0,"pop":54,"pointCount":1,"homeWorkCommuteMedian":19489,"workHomeCommuteMedian":-1},"geometry":{"type":"Polygon","coordinates":[[[16.91117514907859,51.13708500000002],[16.91117514907859,51.146078203637266],[16.920168352715837,51.146078203637266],[16.920168352715837,51.13708500000002],[16.91117514907859,51.13708500000002]]]}},{"type":"Feature","properties":{"jobs":51,"pop":185,"pointCount":3,"homeWorkCommuteMedian":16808,"workHomeCommuteMedian":22531},"geometry":{"type":"Polygon","coordinates":[[[16.91117514907859,51.146078203637266],[16.91117514907859,51.15507140727451],[16.920168352715837,51.15507140727451],[16.920168352715837,51.146078203637266],[16.91117514907859,51.146078203637266]]]}},{"type":"Feature","properties":{"jobs":411,"pop":157,"pointCount":3,"homeWorkCommuteMedian":12505,"workHomeCommuteMedian":13159},"geometry":{"type":"Polygon","coordinates":[[[16.91117514907859,51.15507140727451],[16.91117514907859,51.16406461091176],[16.920168352715837,51.16406461091176],[16.920168352715837,51.15507140727451],[16.91117514907859,51.15507140727451]]]}},{"type":"Feature","properties":{"jobs":39,"pop":170,"pointCount":3,"homeWorkCommuteMedian":12777,"workHomeCommuteMedian":7145},"geometry":{"type":"Polygon","coordinates":[[[16.91117514907859,51.16406461091176],[16.91117514907859,51.173057814549004],[16.920168352715837,51.173057814549004],[16.920168352715837,51.16406461091176],[16.91117514907859,51.16406461091176]]]}},{"type":"Feature","properties":{"jobs":0,"pop":246,"pointCount":2,"homeWorkCommuteMedian":12711,"workHomeCommuteMedian":-1},"geometry":{"type":"Polygon","coordinates":[[[16.91117514907859,51.173057814549004],[16.91117514907859,51.18205101818625],[16.920168352715837,51.18205101818625],[16.920168352715837,51.173057814549004],[16.91117514907859,51.173057814549004]]]}},{"type":"Feature","properties":{"jobs":0,"pop":32,"pointCount":1,"homeWorkCommuteMedian":6923,"workHomeCommuteMedian":-1},"geometry":{"type":"Polygon","coordinates":[[[16.91117514907859,51.218023832735234],[16.91117514907859,51.22701703637248],[16.920168352715837,51.22701703637248],[16.920168352715837,51.218023832735234],[16.91117514907859,51.218023832735234]]]}},{"type":"Feature","properties":{"jobs":110,"pop":69,"pointCount":4,"homeWorkCommuteMedian":40031,"workHomeCommuteMedian":2756},"geometry":{"type":"Polygon","coordinates":[[[16.91117514907859,51.24500344364697],[16.91117514907859,51.25399664728422],[16.920168352715837,51.25399664728422],[16.920168352715837,51.24500344364697],[16.91117514907859,51.24500344364697]]]}},{"type":"Feature","properties":{"jobs":108,"pop":44,"pointCount":1,"homeWorkCommuteMedian":3837,"workHomeCommuteMedian":4991},"geometry":{"type":"Polygon","coordinates":[[[16.91117514907859,51.262989850921464],[16.91117514907859,51.27198305455871],[16.920168352715837,51.27198305455871],[16.920168352715837,51.262989850921464],[16.91117514907859,51.262989850921464]]]}},{"type":"Feature","properties":{"jobs":98,"pop":0,"pointCount":1,"homeWorkCommuteMedian":-1,"workHomeCommuteMedian":8449},"geometry":{"type":"Polygon","coordinates":[[[16.91117514907859,51.280976258195956],[16.91117514907859,51.2899694618332],[16.920168352715837,51.2899694618332],[16.920168352715837,51.280976258195956],[16.91117514907859,51.280976258195956]]]}},{"type":"Feature","properties":{"jobs":283,"pop":293,"pointCount":4,"homeWorkCommuteMedian":2746,"workHomeCommuteMedian":6398},"geometry":{"type":"Polygon","coordinates":[[[16.91117514907859,51.2899694618332],[16.91117514907859,51.29896266547045],[16.920168352715837,51.29896266547045],[16.920168352715837,51.2899694618332],[16.91117514907859,51.2899694618332]]]}},{"type":"Feature","properties":{"jobs":1132,"pop":646,"pointCount":9,"homeWorkCommuteMedian":1384,"workHomeCommuteMedian":3675},"geometry":{"type":"Polygon","coordinates":[[[16.91117514907859,51.29896266547045],[16.91117514907859,51.307955869107694],[16.920168352715837,51.307955869107694],[16.920168352715837,51.29896266547045],[16.91117514907859,51.29896266547045]]]}},{"type":"Feature","properties":{"jobs":453,"pop":268,"pointCount":4,"homeWorkCommuteMedian":2439,"workHomeCommuteMedian":5607},"geometry":{"type":"Polygon","coordinates":[[[16.91117514907859,51.307955869107694],[16.91117514907859,51.31694907274494],[16.920168352715837,51.31694907274494],[16.920168352715837,51.307955869107694],[16.91117514907859,51.307955869107694]]]}},{"type":"Feature","properties":{"jobs":976,"pop":103,"pointCount":5,"homeWorkCommuteMedian":3998,"workHomeCommuteMedian":7160},"geometry":{"type":"Polygon","coordinates":[[[16.91117514907859,51.31694907274494],[16.91117514907859,51.325942276382186],[16.920168352715837,51.325942276382186],[16.920168352715837,51.31694907274494],[16.91117514907859,51.31694907274494]]]}},{"type":"Feature","properties":{"jobs":30,"pop":25,"pointCount":2,"homeWorkCommuteMedian":4786,"workHomeCommuteMedian":10286},"geometry":{"type":"Polygon","coordinates":[[[16.91117514907859,51.34392868365668],[16.91117514907859,51.352921887293924],[16.920168352715837,51.352921887293924],[16.920168352715837,51.34392868365668],[16.91117514907859,51.34392868365668]]]}},{"type":"Feature","properties":{"jobs":53,"pop":67,"pointCount":3,"homeWorkCommuteMedian":7375,"workHomeCommuteMedian":4522},"geometry":{"type":"Polygon","coordinates":[[[16.91117514907859,51.36191509093117],[16.91117514907859,51.370908294568416],[16.920168352715837,51.370908294568416],[16.920168352715837,51.36191509093117],[16.91117514907859,51.36191509093117]]]}},{"type":"Feature","properties":{"jobs":0,"pop":53,"pointCount":1,"homeWorkCommuteMedian":5235,"workHomeCommuteMedian":-1},"geometry":{"type":"Polygon","coordinates":[[[16.91117514907859,51.38889470184291],[16.91117514907859,51.397887905480154],[16.920168352715837,51.397887905480154],[16.920168352715837,51.38889470184291],[16.91117514907859,51.38889470184291]]]}},{"type":"Feature","properties":{"jobs":56,"pop":157,"pointCount":3,"homeWorkCommuteMedian":9295,"workHomeCommuteMedian":10439},"geometry":{"type":"Polygon","coordinates":[[[16.91117514907859,51.397887905480154],[16.91117514907859,51.4068811091174],[16.920168352715837,51.4068811091174],[16.920168352715837,51.397887905480154],[16.91117514907859,51.397887905480154]]]}},{"type":"Feature","properties":{"jobs":104,"pop":82,"pointCount":3,"homeWorkCommuteMedian":2407,"workHomeCommuteMedian":3968},"geometry":{"type":"Polygon","coordinates":[[[16.91117514907859,51.442853923666384],[16.91117514907859,51.45184712730363],[16.920168352715837,51.45184712730363],[16.920168352715837,51.442853923666384],[16.91117514907859,51.442853923666384]]]}},{"type":"Feature","properties":{"jobs":195,"pop":0,"pointCount":3,"homeWorkCommuteMedian":-1,"workHomeCommuteMedian":1838},"geometry":{"type":"Polygon","coordinates":[[[16.91117514907859,51.460840330940876],[16.91117514907859,51.46983353457812],[16.920168352715837,51.46983353457812],[16.920168352715837,51.460840330940876],[16.91117514907859,51.460840330940876]]]}},{"type":"Feature","properties":{"jobs":414,"pop":360,"pointCount":7,"homeWorkCommuteMedian":1451,"workHomeCommuteMedian":1345},"geometry":{"type":"Polygon","coordinates":[[[16.91117514907859,51.46983353457812],[16.91117514907859,51.47882673821537],[16.920168352715837,51.47882673821537],[16.920168352715837,51.46983353457812],[16.91117514907859,51.46983353457812]]]}},{"type":"Feature","properties":{"jobs":169,"pop":83,"pointCount":5,"homeWorkCommuteMedian":1431,"workHomeCommuteMedian":3090},"geometry":{"type":"Polygon","coordinates":[[[16.91117514907859,51.47882673821537],[16.91117514907859,51.487819941852614],[16.920168352715837,51.487819941852614],[16.920168352715837,51.47882673821537],[16.91117514907859,51.47882673821537]]]}},{"type":"Feature","properties":{"jobs":0,"pop":32,"pointCount":1,"homeWorkCommuteMedian":10646,"workHomeCommuteMedian":-1},"geometry":{"type":"Polygon","coordinates":[[[16.91117514907859,51.487819941852614],[16.91117514907859,51.49681314548986],[16.920168352715837,51.49681314548986],[16.920168352715837,51.487819941852614],[16.91117514907859,51.487819941852614]]]}},{"type":"Feature","properties":{"jobs":0,"pop":105,"pointCount":2,"homeWorkCommuteMedian":34640,"workHomeCommuteMedian":-1},"geometry":{"type":"Polygon","coordinates":[[[16.920168352715837,50.87628209451989],[16.920168352715837,50.88527529815713],[16.929161556353083,50.88527529815713],[16.929161556353083,50.87628209451989],[16.920168352715837,50.87628209451989]]]}},{"type":"Feature","properties":{"jobs":0,"pop":57,"pointCount":2,"homeWorkCommuteMedian":50994,"workHomeCommuteMedian":-1},"geometry":{"type":"Polygon","coordinates":[[[16.920168352715837,50.88527529815713],[16.920168352715837,50.89426850179438],[16.929161556353083,50.89426850179438],[16.929161556353083,50.88527529815713],[16.920168352715837,50.88527529815713]]]}},{"type":"Feature","properties":{"jobs":0,"pop":25,"pointCount":1,"homeWorkCommuteMedian":24000,"workHomeCommuteMedian":-1},"geometry":{"type":"Polygon","coordinates":[[[16.920168352715837,50.948227723617855],[16.920168352715837,50.9572209272551],[16.929161556353083,50.9572209272551],[16.929161556353083,50.948227723617855],[16.920168352715837,50.948227723617855]]]}},{"type":"Feature","properties":{"jobs":0,"pop":109,"pointCount":2,"homeWorkCommuteMedian":22640,"workHomeCommuteMedian":-1},"geometry":{"type":"Polygon","coordinates":[[[16.920168352715837,50.9572209272551],[16.920168352715837,50.96621413089235],[16.929161556353083,50.96621413089235],[16.929161556353083,50.9572209272551],[16.920168352715837,50.9572209272551]]]}},{"type":"Feature","properties":{"jobs":24,"pop":344,"pointCount":6,"homeWorkCommuteMedian":28383,"workHomeCommuteMedian":20034},"geometry":{"type":"Polygon","coordinates":[[[16.920168352715837,50.96621413089235],[16.920168352715837,50.97520733452959],[16.929161556353083,50.97520733452959],[16.929161556353083,50.96621413089235],[16.920168352715837,50.96621413089235]]]}},{"type":"Feature","properties":{"jobs":25,"pop":421,"pointCount":6,"homeWorkCommuteMedian":19065,"workHomeCommuteMedian":13456},"geometry":{"type":"Polygon","coordinates":[[[16.920168352715837,51.01118014907858],[16.920168352715837,51.02017335271582],[16.929161556353083,51.02017335271582],[16.929161556353083,51.01118014907858],[16.920168352715837,51.01118014907858]]]}},{"type":"Feature","properties":{"jobs":0,"pop":107,"pointCount":3,"homeWorkCommuteMedian":16121,"workHomeCommuteMedian":-1},"geometry":{"type":"Polygon","coordinates":[[[16.920168352715837,51.02017335271582],[16.920168352715837,51.02916655635307],[16.929161556353083,51.02916655635307],[16.929161556353083,51.02017335271582],[16.920168352715837,51.02017335271582]]]}},{"type":"Feature","properties":{"jobs":2021,"pop":96,"pointCount":2,"homeWorkCommuteMedian":5597,"workHomeCommuteMedian":11906},"geometry":{"type":"Polygon","coordinates":[[[16.920168352715837,51.038159759990315],[16.920168352715837,51.04715296362756],[16.929161556353083,51.04715296362756],[16.929161556353083,51.038159759990315],[16.920168352715837,51.038159759990315]]]}},{"type":"Feature","properties":{"jobs":43,"pop":45,"pointCount":1,"homeWorkCommuteMedian":4837,"workHomeCommuteMedian":19521},"geometry":{"type":"Polygon","coordinates":[[[16.920168352715837,51.05614616726481],[16.920168352715837,51.06513937090205],[16.929161556353083,51.06513937090205],[16.929161556353083,51.05614616726481],[16.920168352715837,51.05614616726481]]]}},{"type":"Feature","properties":{"jobs":122,"pop":117,"pointCount":3,"homeWorkCommuteMedian":9424,"workHomeCommuteMedian":10983},"geometry":{"type":"Polygon","coordinates":[[[16.920168352715837,51.06513937090205],[16.920168352715837,51.0741325745393],[16.929161556353083,51.0741325745393],[16.929161556353083,51.06513937090205],[16.920168352715837,51.06513937090205]]]}},{"type":"Feature","properties":{"jobs":0,"pop":37,"pointCount":1,"homeWorkCommuteMedian":8831,"workHomeCommuteMedian":-1},"geometry":{"type":"Polygon","coordinates":[[[16.920168352715837,51.0741325745393],[16.920168352715837,51.083125778176544],[16.929161556353083,51.083125778176544],[16.929161556353083,51.0741325745393],[16.920168352715837,51.0741325745393]]]}},{"type":"Feature","properties":{"jobs":626,"pop":20,"pointCount":2,"homeWorkCommuteMedian":24608,"workHomeCommuteMedian":16801},"geometry":{"type":"Polygon","coordinates":[[[16.920168352715837,51.09211898181379],[16.920168352715837,51.101112185451036],[16.929161556353083,51.101112185451036],[16.929161556353083,51.09211898181379],[16.920168352715837,51.09211898181379]]]}},{"type":"Feature","properties":{"jobs":1805,"pop":23,"pointCount":2,"homeWorkCommuteMedian":8774,"workHomeCommuteMedian":11122},"geometry":{"type":"Polygon","coordinates":[[[16.920168352715837,51.101112185451036],[16.920168352715837,51.11010538908828],[16.929161556353083,51.11010538908828],[16.929161556353083,51.101112185451036],[16.920168352715837,51.101112185451036]]]}},{"type":"Feature","properties":{"jobs":106,"pop":707,"pointCount":6,"homeWorkCommuteMedian":8970,"workHomeCommuteMedian":12102},"geometry":{"type":"Polygon","coordinates":[[[16.920168352715837,51.11010538908828],[16.920168352715837,51.11909859272553],[16.929161556353083,51.11909859272553],[16.929161556353083,51.11010538908828],[16.920168352715837,51.11010538908828]]]}},{"type":"Feature","properties":{"jobs":246,"pop":652,"pointCount":5,"homeWorkCommuteMedian":7561,"workHomeCommuteMedian":5588},"geometry":{"type":"Polygon","coordinates":[[[16.920168352715837,51.11909859272553],[16.920168352715837,51.128091796362774],[16.929161556353083,51.128091796362774],[16.929161556353083,51.11909859272553],[16.920168352715837,51.11909859272553]]]}},{"type":"Feature","properties":{"jobs":221,"pop":852,"pointCount":6,"homeWorkCommuteMedian":12135,"workHomeCommuteMedian":4154},"geometry":{"type":"Polygon","coordinates":[[[16.920168352715837,51.128091796362774],[16.920168352715837,51.13708500000002],[16.929161556353083,51.13708500000002],[16.929161556353083,51.128091796362774],[16.920168352715837,51.128091796362774]]]}},{"type":"Feature","properties":{"jobs":191,"pop":211,"pointCount":6,"homeWorkCommuteMedian":10166,"workHomeCommuteMedian":10220},"geometry":{"type":"Polygon","coordinates":[[[16.920168352715837,51.13708500000002],[16.920168352715837,51.146078203637266],[16.929161556353083,51.146078203637266],[16.929161556353083,51.13708500000002],[16.920168352715837,51.13708500000002]]]}},{"type":"Feature","properties":{"jobs":150,"pop":45,"pointCount":2,"homeWorkCommuteMedian":12106,"workHomeCommuteMedian":3505},"geometry":{"type":"Polygon","coordinates":[[[16.920168352715837,51.146078203637266],[16.920168352715837,51.15507140727451],[16.929161556353083,51.15507140727451],[16.929161556353083,51.146078203637266],[16.920168352715837,51.146078203637266]]]}},{"type":"Feature","properties":{"jobs":572,"pop":1336,"pointCount":11,"homeWorkCommuteMedian":10283,"workHomeCommuteMedian":6431},"geometry":{"type":"Polygon","coordinates":[[[16.920168352715837,51.15507140727451],[16.920168352715837,51.16406461091176],[16.929161556353083,51.16406461091176],[16.929161556353083,51.15507140727451],[16.920168352715837,51.15507140727451]]]}},{"type":"Feature","properties":{"jobs":157,"pop":511,"pointCount":5,"homeWorkCommuteMedian":15596,"workHomeCommuteMedian":15138},"geometry":{"type":"Polygon","coordinates":[[[16.920168352715837,51.16406461091176],[16.920168352715837,51.173057814549004],[16.929161556353083,51.173057814549004],[16.929161556353083,51.16406461091176],[16.920168352715837,51.16406461091176]]]}},{"type":"Feature","properties":{"jobs":37,"pop":0,"pointCount":1,"homeWorkCommuteMedian":-1,"workHomeCommuteMedian":16912},"geometry":{"type":"Polygon","coordinates":[[[16.920168352715837,51.20903062909799],[16.920168352715837,51.218023832735234],[16.929161556353083,51.218023832735234],[16.929161556353083,51.20903062909799],[16.920168352715837,51.20903062909799]]]}},{"type":"Feature","properties":{"jobs":70,"pop":113,"pointCount":5,"homeWorkCommuteMedian":10603,"workHomeCommuteMedian":10617},"geometry":{"type":"Polygon","coordinates":[[[16.920168352715837,51.218023832735234],[16.920168352715837,51.22701703637248],[16.929161556353083,51.22701703637248],[16.929161556353083,51.218023832735234],[16.920168352715837,51.218023832735234]]]}},{"type":"Feature","properties":{"jobs":0,"pop":79,"pointCount":1,"homeWorkCommuteMedian":5326,"workHomeCommuteMedian":-1},"geometry":{"type":"Polygon","coordinates":[[[16.920168352715837,51.236010240009726],[16.920168352715837,51.24500344364697],[16.929161556353083,51.24500344364697],[16.929161556353083,51.236010240009726],[16.920168352715837,51.236010240009726]]]}},{"type":"Feature","properties":{"jobs":154,"pop":343,"pointCount":9,"homeWorkCommuteMedian":5181,"workHomeCommuteMedian":2848},"geometry":{"type":"Polygon","coordinates":[[[16.920168352715837,51.24500344364697],[16.920168352715837,51.25399664728422],[16.929161556353083,51.25399664728422],[16.929161556353083,51.24500344364697],[16.920168352715837,51.24500344364697]]]}},{"type":"Feature","properties":{"jobs":22,"pop":0,"pointCount":1,"homeWorkCommuteMedian":-1,"workHomeCommuteMedian":8805},"geometry":{"type":"Polygon","coordinates":[[[16.920168352715837,51.25399664728422],[16.920168352715837,51.262989850921464],[16.929161556353083,51.262989850921464],[16.929161556353083,51.25399664728422],[16.920168352715837,51.25399664728422]]]}},{"type":"Feature","properties":{"jobs":295,"pop":111,"pointCount":5,"homeWorkCommuteMedian":6949,"workHomeCommuteMedian":6718},"geometry":{"type":"Polygon","coordinates":[[[16.920168352715837,51.262989850921464],[16.920168352715837,51.27198305455871],[16.929161556353083,51.27198305455871],[16.929161556353083,51.262989850921464],[16.920168352715837,51.262989850921464]]]}},{"type":"Feature","properties":{"jobs":476,"pop":904,"pointCount":10,"homeWorkCommuteMedian":2576,"workHomeCommuteMedian":2019},"geometry":{"type":"Polygon","coordinates":[[[16.920168352715837,51.2899694618332],[16.920168352715837,51.29896266547045],[16.929161556353083,51.29896266547045],[16.929161556353083,51.2899694618332],[16.920168352715837,51.2899694618332]]]}},{"type":"Feature","properties":{"jobs":167,"pop":230,"pointCount":6,"homeWorkCommuteMedian":1176,"workHomeCommuteMedian":7378},"geometry":{"type":"Polygon","coordinates":[[[16.920168352715837,51.29896266547045],[16.920168352715837,51.307955869107694],[16.929161556353083,51.307955869107694],[16.929161556353083,51.29896266547045],[16.920168352715837,51.29896266547045]]]}},{"type":"Feature","properties":{"jobs":115,"pop":122,"pointCount":2,"homeWorkCommuteMedian":1482,"workHomeCommuteMedian":8113},"geometry":{"type":"Polygon","coordinates":[[[16.920168352715837,51.307955869107694],[16.920168352715837,51.31694907274494],[16.929161556353083,51.31694907274494],[16.929161556353083,51.307955869107694],[16.920168352715837,51.307955869107694]]]}},{"type":"Feature","properties":{"jobs":83,"pop":35,"pointCount":2,"homeWorkCommuteMedian":5413,"workHomeCommuteMedian":7746},"geometry":{"type":"Polygon","coordinates":[[[16.920168352715837,51.47882673821537],[16.920168352715837,51.487819941852614],[16.929161556353083,51.487819941852614],[16.929161556353083,51.47882673821537],[16.920168352715837,51.47882673821537]]]}},{"type":"Feature","properties":{"jobs":69,"pop":0,"pointCount":1,"homeWorkCommuteMedian":-1,"workHomeCommuteMedian":11291},"geometry":{"type":"Polygon","coordinates":[[[16.920168352715837,51.487819941852614],[16.920168352715837,51.49681314548986],[16.929161556353083,51.49681314548986],[16.929161556353083,51.487819941852614],[16.920168352715837,51.487819941852614]]]}},{"type":"Feature","properties":{"jobs":32,"pop":53,"pointCount":2,"homeWorkCommuteMedian":35493,"workHomeCommuteMedian":8626},"geometry":{"type":"Polygon","coordinates":[[[16.929161556353083,50.8403092799709],[16.929161556353083,50.84930248360815],[16.93815475999033,50.84930248360815],[16.93815475999033,50.8403092799709],[16.929161556353083,50.8403092799709]]]}},{"type":"Feature","properties":{"jobs":23,"pop":39,"pointCount":2,"homeWorkCommuteMedian":49921,"workHomeCommuteMedian":49670},"geometry":{"type":"Polygon","coordinates":[[[16.929161556353083,50.84930248360815],[16.929161556353083,50.858295687245395],[16.93815475999033,50.858295687245395],[16.93815475999033,50.84930248360815],[16.929161556353083,50.84930248360815]]]}},{"type":"Feature","properties":{"jobs":0,"pop":61,"pointCount":1,"homeWorkCommuteMedian":34594,"workHomeCommuteMedian":-1},"geometry":{"type":"Polygon","coordinates":[[[16.929161556353083,50.88527529815713],[16.929161556353083,50.89426850179438],[16.93815475999033,50.89426850179438],[16.93815475999033,50.88527529815713],[16.929161556353083,50.88527529815713]]]}},{"type":"Feature","properties":{"jobs":0,"pop":59,"pointCount":1,"homeWorkCommuteMedian":23316,"workHomeCommuteMedian":-1},"geometry":{"type":"Polygon","coordinates":[[[16.929161556353083,50.93024131634336],[16.929161556353083,50.93923451998061],[16.93815475999033,50.93923451998061],[16.93815475999033,50.93024131634336],[16.929161556353083,50.93024131634336]]]}},{"type":"Feature","properties":{"jobs":158,"pop":556,"pointCount":9,"homeWorkCommuteMedian":21823,"workHomeCommuteMedian":22058},"geometry":{"type":"Polygon","coordinates":[[[16.929161556353083,50.96621413089235],[16.929161556353083,50.97520733452959],[16.93815475999033,50.97520733452959],[16.93815475999033,50.96621413089235],[16.929161556353083,50.96621413089235]]]}},{"type":"Feature","properties":{"jobs":69,"pop":107,"pointCount":4,"homeWorkCommuteMedian":21424,"workHomeCommuteMedian":21876},"geometry":{"type":"Polygon","coordinates":[[[16.929161556353083,50.97520733452959],[16.929161556353083,50.98420053816684],[16.93815475999033,50.98420053816684],[16.93815475999033,50.97520733452959],[16.929161556353083,50.97520733452959]]]}},{"type":"Feature","properties":{"jobs":0,"pop":85,"pointCount":2,"homeWorkCommuteMedian":28697,"workHomeCommuteMedian":-1},"geometry":{"type":"Polygon","coordinates":[[[16.929161556353083,50.98420053816684],[16.929161556353083,50.993193741804085],[16.93815475999033,50.993193741804085],[16.93815475999033,50.98420053816684],[16.929161556353083,50.98420053816684]]]}},{"type":"Feature","properties":{"jobs":0,"pop":23,"pointCount":1,"homeWorkCommuteMedian":20298,"workHomeCommuteMedian":-1},"geometry":{"type":"Polygon","coordinates":[[[16.929161556353083,50.993193741804085],[16.929161556353083,51.00218694544133],[16.93815475999033,51.00218694544133],[16.93815475999033,50.993193741804085],[16.929161556353083,50.993193741804085]]]}},{"type":"Feature","properties":{"jobs":0,"pop":38,"pointCount":1,"homeWorkCommuteMedian":19474,"workHomeCommuteMedian":-1},"geometry":{"type":"Polygon","coordinates":[[[16.929161556353083,51.01118014907858],[16.929161556353083,51.02017335271582],[16.93815475999033,51.02017335271582],[16.93815475999033,51.01118014907858],[16.929161556353083,51.01118014907858]]]}},{"type":"Feature","properties":{"jobs":0,"pop":93,"pointCount":2,"homeWorkCommuteMedian":16427,"workHomeCommuteMedian":-1},"geometry":{"type":"Polygon","coordinates":[[[16.929161556353083,51.02017335271582],[16.929161556353083,51.02916655635307],[16.93815475999033,51.02916655635307],[16.93815475999033,51.02017335271582],[16.929161556353083,51.02017335271582]]]}},{"type":"Feature","properties":{"jobs":123,"pop":0,"pointCount":1,"homeWorkCommuteMedian":-1,"workHomeCommuteMedian":19235},"geometry":{"type":"Polygon","coordinates":[[[16.929161556353083,51.02916655635307],[16.929161556353083,51.038159759990315],[16.93815475999033,51.038159759990315],[16.93815475999033,51.02916655635307],[16.929161556353083,51.02916655635307]]]}},{"type":"Feature","properties":{"jobs":0,"pop":96,"pointCount":2,"homeWorkCommuteMedian":6979,"workHomeCommuteMedian":-1},"geometry":{"type":"Polygon","coordinates":[[[16.929161556353083,51.05614616726481],[16.929161556353083,51.06513937090205],[16.93815475999033,51.06513937090205],[16.93815475999033,51.05614616726481],[16.929161556353083,51.05614616726481]]]}},{"type":"Feature","properties":{"jobs":72,"pop":232,"pointCount":6,"homeWorkCommuteMedian":7698,"workHomeCommuteMedian":9118},"geometry":{"type":"Polygon","coordinates":[[[16.929161556353083,51.06513937090205],[16.929161556353083,51.0741325745393],[16.93815475999033,51.0741325745393],[16.93815475999033,51.06513937090205],[16.929161556353083,51.06513937090205]]]}},{"type":"Feature","properties":{"jobs":0,"pop":64,"pointCount":2,"homeWorkCommuteMedian":8825,"workHomeCommuteMedian":-1},"geometry":{"type":"Polygon","coordinates":[[[16.929161556353083,51.0741325745393],[16.929161556353083,51.083125778176544],[16.93815475999033,51.083125778176544],[16.93815475999033,51.0741325745393],[16.929161556353083,51.0741325745393]]]}},{"type":"Feature","properties":{"jobs":1080,"pop":1133,"pointCount":10,"homeWorkCommuteMedian":7053,"workHomeCommuteMedian":7446},"geometry":{"type":"Polygon","coordinates":[[[16.929161556353083,51.09211898181379],[16.929161556353083,51.101112185451036],[16.93815475999033,51.101112185451036],[16.93815475999033,51.09211898181379],[16.929161556353083,51.09211898181379]]]}},{"type":"Feature","properties":{"jobs":2619,"pop":0,"pointCount":3,"homeWorkCommuteMedian":-1,"workHomeCommuteMedian":10175},"geometry":{"type":"Polygon","coordinates":[[[16.929161556353083,51.101112185451036],[16.929161556353083,51.11010538908828],[16.93815475999033,51.11010538908828],[16.93815475999033,51.101112185451036],[16.929161556353083,51.101112185451036]]]}},{"type":"Feature","properties":{"jobs":0,"pop":244,"pointCount":2,"homeWorkCommuteMedian":10310,"workHomeCommuteMedian":-1},"geometry":{"type":"Polygon","coordinates":[[[16.929161556353083,51.11010538908828],[16.929161556353083,51.11909859272553],[16.93815475999033,51.11909859272553],[16.93815475999033,51.11010538908828],[16.929161556353083,51.11010538908828]]]}},{"type":"Feature","properties":{"jobs":441,"pop":61,"pointCount":2,"homeWorkCommuteMedian":7590,"workHomeCommuteMedian":8561},"geometry":{"type":"Polygon","coordinates":[[[16.929161556353083,51.11909859272553],[16.929161556353083,51.128091796362774],[16.93815475999033,51.128091796362774],[16.93815475999033,51.11909859272553],[16.929161556353083,51.11909859272553]]]}},{"type":"Feature","properties":{"jobs":494,"pop":0,"pointCount":2,"homeWorkCommuteMedian":-1,"workHomeCommuteMedian":9786},"geometry":{"type":"Polygon","coordinates":[[[16.929161556353083,51.128091796362774],[16.929161556353083,51.13708500000002],[16.93815475999033,51.13708500000002],[16.93815475999033,51.128091796362774],[16.929161556353083,51.128091796362774]]]}},{"type":"Feature","properties":{"jobs":0,"pop":51,"pointCount":1,"homeWorkCommuteMedian":25509,"workHomeCommuteMedian":-1},"geometry":{"type":"Polygon","coordinates":[[[16.929161556353083,51.13708500000002],[16.929161556353083,51.146078203637266],[16.93815475999033,51.146078203637266],[16.93815475999033,51.13708500000002],[16.929161556353083,51.13708500000002]]]}},{"type":"Feature","properties":{"jobs":87,"pop":1746,"pointCount":11,"homeWorkCommuteMedian":9821,"workHomeCommuteMedian":5683},"geometry":{"type":"Polygon","coordinates":[[[16.929161556353083,51.146078203637266],[16.929161556353083,51.15507140727451],[16.93815475999033,51.15507140727451],[16.93815475999033,51.146078203637266],[16.929161556353083,51.146078203637266]]]}},{"type":"Feature","properties":{"jobs":170,"pop":1231,"pointCount":7,"homeWorkCommuteMedian":9784,"workHomeCommuteMedian":7173},"geometry":{"type":"Polygon","coordinates":[[[16.929161556353083,51.15507140727451],[16.929161556353083,51.16406461091176],[16.93815475999033,51.16406461091176],[16.93815475999033,51.15507140727451],[16.929161556353083,51.15507140727451]]]}},{"type":"Feature","properties":{"jobs":216,"pop":0,"pointCount":1,"homeWorkCommuteMedian":-1,"workHomeCommuteMedian":10392},"geometry":{"type":"Polygon","coordinates":[[[16.929161556353083,51.16406461091176],[16.929161556353083,51.173057814549004],[16.93815475999033,51.173057814549004],[16.93815475999033,51.16406461091176],[16.929161556353083,51.16406461091176]]]}},{"type":"Feature","properties":{"jobs":0,"pop":74,"pointCount":1,"homeWorkCommuteMedian":18211,"workHomeCommuteMedian":-1},"geometry":{"type":"Polygon","coordinates":[[[16.929161556353083,51.20903062909799],[16.929161556353083,51.218023832735234],[16.93815475999033,51.218023832735234],[16.93815475999033,51.20903062909799],[16.929161556353083,51.20903062909799]]]}},{"type":"Feature","properties":{"jobs":52,"pop":135,"pointCount":4,"homeWorkCommuteMedian":2756,"workHomeCommuteMedian":25363},"geometry":{"type":"Polygon","coordinates":[[[16.929161556353083,51.236010240009726],[16.929161556353083,51.24500344364697],[16.93815475999033,51.24500344364697],[16.93815475999033,51.236010240009726],[16.929161556353083,51.236010240009726]]]}},{"type":"Feature","properties":{"jobs":384,"pop":174,"pointCount":8,"homeWorkCommuteMedian":6748,"workHomeCommuteMedian":6464},"geometry":{"type":"Polygon","coordinates":[[[16.929161556353083,51.24500344364697],[16.929161556353083,51.25399664728422],[16.93815475999033,51.25399664728422],[16.93815475999033,51.24500344364697],[16.929161556353083,51.24500344364697]]]}},{"type":"Feature","properties":{"jobs":23,"pop":159,"pointCount":5,"homeWorkCommuteMedian":7753,"workHomeCommuteMedian":6995},"geometry":{"type":"Polygon","coordinates":[[[16.929161556353083,51.25399664728422],[16.929161556353083,51.262989850921464],[16.93815475999033,51.262989850921464],[16.93815475999033,51.25399664728422],[16.929161556353083,51.25399664728422]]]}},{"type":"Feature","properties":{"jobs":0,"pop":29,"pointCount":1,"homeWorkCommuteMedian":6174,"workHomeCommuteMedian":-1},"geometry":{"type":"Polygon","coordinates":[[[16.929161556353083,51.262989850921464],[16.929161556353083,51.27198305455871],[16.93815475999033,51.27198305455871],[16.93815475999033,51.262989850921464],[16.929161556353083,51.262989850921464]]]}},{"type":"Feature","properties":{"jobs":173,"pop":202,"pointCount":4,"homeWorkCommuteMedian":3453,"workHomeCommuteMedian":6925},"geometry":{"type":"Polygon","coordinates":[[[16.929161556353083,51.2899694618332],[16.929161556353083,51.29896266547045],[16.93815475999033,51.29896266547045],[16.93815475999033,51.2899694618332],[16.929161556353083,51.2899694618332]]]}},{"type":"Feature","properties":{"jobs":176,"pop":0,"pointCount":1,"homeWorkCommuteMedian":-1,"workHomeCommuteMedian":6174},"geometry":{"type":"Polygon","coordinates":[[[16.929161556353083,51.29896266547045],[16.929161556353083,51.307955869107694],[16.93815475999033,51.307955869107694],[16.93815475999033,51.29896266547045],[16.929161556353083,51.29896266547045]]]}},{"type":"Feature","properties":{"jobs":0,"pop":21,"pointCount":1,"homeWorkCommuteMedian":46083,"workHomeCommuteMedian":-1},"geometry":{"type":"Polygon","coordinates":[[[16.929161556353083,51.33493548001943],[16.929161556353083,51.34392868365668],[16.93815475999033,51.34392868365668],[16.93815475999033,51.33493548001943],[16.929161556353083,51.33493548001943]]]}},{"type":"Feature","properties":{"jobs":0,"pop":34,"pointCount":1,"homeWorkCommuteMedian":3821,"workHomeCommuteMedian":-1},"geometry":{"type":"Polygon","coordinates":[[[16.929161556353083,51.34392868365668],[16.929161556353083,51.352921887293924],[16.93815475999033,51.352921887293924],[16.93815475999033,51.34392868365668],[16.929161556353083,51.34392868365668]]]}},{"type":"Feature","properties":{"jobs":0,"pop":43,"pointCount":1,"homeWorkCommuteMedian":677,"workHomeCommuteMedian":-1},"geometry":{"type":"Polygon","coordinates":[[[16.929161556353083,51.37990149820566],[16.929161556353083,51.38889470184291],[16.93815475999033,51.38889470184291],[16.93815475999033,51.37990149820566],[16.929161556353083,51.37990149820566]]]}},{"type":"Feature","properties":{"jobs":55,"pop":69,"pointCount":2,"homeWorkCommuteMedian":6457,"workHomeCommuteMedian":51939},"geometry":{"type":"Polygon","coordinates":[[[16.929161556353083,51.42486751639189],[16.929161556353083,51.43386072002914],[16.93815475999033,51.43386072002914],[16.93815475999033,51.42486751639189],[16.929161556353083,51.42486751639189]]]}},{"type":"Feature","properties":{"jobs":0,"pop":37,"pointCount":1,"homeWorkCommuteMedian":9075,"workHomeCommuteMedian":-1},"geometry":{"type":"Polygon","coordinates":[[[16.929161556353083,51.45184712730363],[16.929161556353083,51.460840330940876],[16.93815475999033,51.460840330940876],[16.93815475999033,51.45184712730363],[16.929161556353083,51.45184712730363]]]}},{"type":"Feature","properties":{"jobs":0,"pop":55,"pointCount":2,"homeWorkCommuteMedian":35713,"workHomeCommuteMedian":-1},"geometry":{"type":"Polygon","coordinates":[[[16.93815475999033,50.93024131634336],[16.93815475999033,50.93923451998061],[16.947147963627575,50.93923451998061],[16.947147963627575,50.93024131634336],[16.93815475999033,50.93024131634336]]]}},{"type":"Feature","properties":{"jobs":0,"pop":103,"pointCount":4,"homeWorkCommuteMedian":24448,"workHomeCommuteMedian":-1},"geometry":{"type":"Polygon","coordinates":[[[16.93815475999033,50.948227723617855],[16.93815475999033,50.9572209272551],[16.947147963627575,50.9572209272551],[16.947147963627575,50.948227723617855],[16.93815475999033,50.948227723617855]]]}},{"type":"Feature","properties":{"jobs":615,"pop":82,"pointCount":4,"homeWorkCommuteMedian":20823,"workHomeCommuteMedian":19985},"geometry":{"type":"Polygon","coordinates":[[[16.93815475999033,50.98420053816684],[16.93815475999033,50.993193741804085],[16.947147963627575,50.993193741804085],[16.947147963627575,50.98420053816684],[16.93815475999033,50.98420053816684]]]}},{"type":"Feature","properties":{"jobs":292,"pop":0,"pointCount":3,"homeWorkCommuteMedian":-1,"workHomeCommuteMedian":18798},"geometry":{"type":"Polygon","coordinates":[[[16.93815475999033,51.02916655635307],[16.93815475999033,51.038159759990315],[16.947147963627575,51.038159759990315],[16.947147963627575,51.02916655635307],[16.93815475999033,51.02916655635307]]]}},{"type":"Feature","properties":{"jobs":155,"pop":0,"pointCount":1,"homeWorkCommuteMedian":-1,"workHomeCommuteMedian":19071},"geometry":{"type":"Polygon","coordinates":[[[16.93815475999033,51.038159759990315],[16.93815475999033,51.04715296362756],[16.947147963627575,51.04715296362756],[16.947147963627575,51.038159759990315],[16.93815475999033,51.038159759990315]]]}},{"type":"Feature","properties":{"jobs":0,"pop":23,"pointCount":1,"homeWorkCommuteMedian":32887,"workHomeCommuteMedian":-1},"geometry":{"type":"Polygon","coordinates":[[[16.93815475999033,51.04715296362756],[16.93815475999033,51.05614616726481],[16.947147963627575,51.05614616726481],[16.947147963627575,51.04715296362756],[16.93815475999033,51.04715296362756]]]}},{"type":"Feature","properties":{"jobs":0,"pop":44,"pointCount":1,"homeWorkCommuteMedian":9580,"workHomeCommuteMedian":-1},"geometry":{"type":"Polygon","coordinates":[[[16.93815475999033,51.05614616726481],[16.93815475999033,51.06513937090205],[16.947147963627575,51.06513937090205],[16.947147963627575,51.05614616726481],[16.93815475999033,51.05614616726481]]]}},{"type":"Feature","properties":{"jobs":55,"pop":0,"pointCount":1,"homeWorkCommuteMedian":-1,"workHomeCommuteMedian":5597},"geometry":{"type":"Polygon","coordinates":[[[16.93815475999033,51.06513937090205],[16.93815475999033,51.0741325745393],[16.947147963627575,51.0741325745393],[16.947147963627575,51.06513937090205],[16.93815475999033,51.06513937090205]]]}},{"type":"Feature","properties":{"jobs":68,"pop":23,"pointCount":2,"homeWorkCommuteMedian":6262,"workHomeCommuteMedian":5013},"geometry":{"type":"Polygon","coordinates":[[[16.93815475999033,51.0741325745393],[16.93815475999033,51.083125778176544],[16.947147963627575,51.083125778176544],[16.947147963627575,51.0741325745393],[16.93815475999033,51.0741325745393]]]}},{"type":"Feature","properties":{"jobs":379,"pop":2169,"pointCount":9,"homeWorkCommuteMedian":9713,"workHomeCommuteMedian":7640},"geometry":{"type":"Polygon","coordinates":[[[16.93815475999033,51.09211898181379],[16.93815475999033,51.101112185451036],[16.947147963627575,51.101112185451036],[16.947147963627575,51.09211898181379],[16.93815475999033,51.09211898181379]]]}},{"type":"Feature","properties":{"jobs":2355,"pop":2102,"pointCount":17,"homeWorkCommuteMedian":9037,"workHomeCommuteMedian":8287},"geometry":{"type":"Polygon","coordinates":[[[16.93815475999033,51.101112185451036],[16.93815475999033,51.11010538908828],[16.947147963627575,51.11010538908828],[16.947147963627575,51.101112185451036],[16.93815475999033,51.101112185451036]]]}},{"type":"Feature","properties":{"jobs":345,"pop":304,"pointCount":3,"homeWorkCommuteMedian":8556,"workHomeCommuteMedian":8794},"geometry":{"type":"Polygon","coordinates":[[[16.93815475999033,51.11010538908828],[16.93815475999033,51.11909859272553],[16.947147963627575,51.11909859272553],[16.947147963627575,51.11010538908828],[16.93815475999033,51.11010538908828]]]}},{"type":"Feature","properties":{"jobs":201,"pop":1348,"pointCount":9,"homeWorkCommuteMedian":9824,"workHomeCommuteMedian":5265},"geometry":{"type":"Polygon","coordinates":[[[16.93815475999033,51.11909859272553],[16.93815475999033,51.128091796362774],[16.947147963627575,51.128091796362774],[16.947147963627575,51.11909859272553],[16.93815475999033,51.11909859272553]]]}},{"type":"Feature","properties":{"jobs":0,"pop":58,"pointCount":1,"homeWorkCommuteMedian":4446,"workHomeCommuteMedian":-1},"geometry":{"type":"Polygon","coordinates":[[[16.93815475999033,51.128091796362774],[16.93815475999033,51.13708500000002],[16.947147963627575,51.13708500000002],[16.947147963627575,51.128091796362774],[16.93815475999033,51.128091796362774]]]}},{"type":"Feature","properties":{"jobs":1404,"pop":22,"pointCount":4,"homeWorkCommuteMedian":1093,"workHomeCommuteMedian":8492},"geometry":{"type":"Polygon","coordinates":[[[16.93815475999033,51.13708500000002],[16.93815475999033,51.146078203637266],[16.947147963627575,51.146078203637266],[16.947147963627575,51.13708500000002],[16.93815475999033,51.13708500000002]]]}},{"type":"Feature","properties":{"jobs":241,"pop":2188,"pointCount":11,"homeWorkCommuteMedian":9486,"workHomeCommuteMedian":10428},"geometry":{"type":"Polygon","coordinates":[[[16.93815475999033,51.146078203637266],[16.93815475999033,51.15507140727451],[16.947147963627575,51.15507140727451],[16.947147963627575,51.146078203637266],[16.93815475999033,51.146078203637266]]]}},{"type":"Feature","properties":{"jobs":65,"pop":390,"pointCount":4,"homeWorkCommuteMedian":9025,"workHomeCommuteMedian":14782},"geometry":{"type":"Polygon","coordinates":[[[16.93815475999033,51.15507140727451],[16.93815475999033,51.16406461091176],[16.947147963627575,51.16406461091176],[16.947147963627575,51.15507140727451],[16.93815475999033,51.15507140727451]]]}},{"type":"Feature","properties":{"jobs":35,"pop":76,"pointCount":2,"homeWorkCommuteMedian":8796,"workHomeCommuteMedian":50494},"geometry":{"type":"Polygon","coordinates":[[[16.93815475999033,51.20903062909799],[16.93815475999033,51.218023832735234],[16.947147963627575,51.218023832735234],[16.947147963627575,51.20903062909799],[16.93815475999033,51.20903062909799]]]}},{"type":"Feature","properties":{"jobs":62,"pop":149,"pointCount":4,"homeWorkCommuteMedian":8617,"workHomeCommuteMedian":2201},"geometry":{"type":"Polygon","coordinates":[[[16.93815475999033,51.22701703637248],[16.93815475999033,51.236010240009726],[16.947147963627575,51.236010240009726],[16.947147963627575,51.22701703637248],[16.93815475999033,51.22701703637248]]]}},{"type":"Feature","properties":{"jobs":59,"pop":102,"pointCount":4,"homeWorkCommuteMedian":15143,"workHomeCommuteMedian":7650},"geometry":{"type":"Polygon","coordinates":[[[16.93815475999033,51.236010240009726],[16.93815475999033,51.24500344364697],[16.947147963627575,51.24500344364697],[16.947147963627575,51.236010240009726],[16.93815475999033,51.236010240009726]]]}},{"type":"Feature","properties":{"jobs":0,"pop":23,"pointCount":1,"homeWorkCommuteMedian":3261,"workHomeCommuteMedian":-1},"geometry":{"type":"Polygon","coordinates":[[[16.93815475999033,51.24500344364697],[16.93815475999033,51.25399664728422],[16.947147963627575,51.25399664728422],[16.947147963627575,51.24500344364697],[16.93815475999033,51.24500344364697]]]}},{"type":"Feature","properties":{"jobs":29,"pop":110,"pointCount":4,"homeWorkCommuteMedian":2656,"workHomeCommuteMedian":2891},"geometry":{"type":"Polygon","coordinates":[[[16.93815475999033,51.307955869107694],[16.93815475999033,51.31694907274494],[16.947147963627575,51.31694907274494],[16.947147963627575,51.307955869107694],[16.93815475999033,51.307955869107694]]]}},{"type":"Feature","properties":{"jobs":101,"pop":83,"pointCount":4,"homeWorkCommuteMedian":4445,"workHomeCommuteMedian":6831},"geometry":{"type":"Polygon","coordinates":[[[16.93815475999033,51.31694907274494],[16.93815475999033,51.325942276382186],[16.947147963627575,51.325942276382186],[16.947147963627575,51.31694907274494],[16.93815475999033,51.31694907274494]]]}},{"type":"Feature","properties":{"jobs":0,"pop":20,"pointCount":1,"homeWorkCommuteMedian":10439,"workHomeCommuteMedian":-1},"geometry":{"type":"Polygon","coordinates":[[[16.93815475999033,51.325942276382186],[16.93815475999033,51.33493548001943],[16.947147963627575,51.33493548001943],[16.947147963627575,51.325942276382186],[16.93815475999033,51.325942276382186]]]}},{"type":"Feature","properties":{"jobs":69,"pop":31,"pointCount":3,"homeWorkCommuteMedian":7541,"workHomeCommuteMedian":13263},"geometry":{"type":"Polygon","coordinates":[[[16.93815475999033,51.33493548001943],[16.93815475999033,51.34392868365668],[16.947147963627575,51.34392868365668],[16.947147963627575,51.33493548001943],[16.93815475999033,51.33493548001943]]]}},{"type":"Feature","properties":{"jobs":62,"pop":89,"pointCount":3,"homeWorkCommuteMedian":5835,"workHomeCommuteMedian":3821},"geometry":{"type":"Polygon","coordinates":[[[16.93815475999033,51.370908294568416],[16.93815475999033,51.37990149820566],[16.947147963627575,51.37990149820566],[16.947147963627575,51.370908294568416],[16.93815475999033,51.370908294568416]]]}},{"type":"Feature","properties":{"jobs":80,"pop":0,"pointCount":2,"homeWorkCommuteMedian":-1,"workHomeCommuteMedian":2356},"geometry":{"type":"Polygon","coordinates":[[[16.93815475999033,51.37990149820566],[16.93815475999033,51.38889470184291],[16.947147963627575,51.38889470184291],[16.947147963627575,51.37990149820566],[16.93815475999033,51.37990149820566]]]}},{"type":"Feature","properties":{"jobs":24,"pop":27,"pointCount":1,"homeWorkCommuteMedian":2536,"workHomeCommuteMedian":46028},"geometry":{"type":"Polygon","coordinates":[[[16.947147963627575,50.86728889088264],[16.947147963627575,50.87628209451989],[16.95614116726482,50.87628209451989],[16.95614116726482,50.86728889088264],[16.947147963627575,50.86728889088264]]]}},{"type":"Feature","properties":{"jobs":0,"pop":31,"pointCount":1,"homeWorkCommuteMedian":15230,"workHomeCommuteMedian":-1},"geometry":{"type":"Polygon","coordinates":[[[16.947147963627575,50.91225490906887],[16.947147963627575,50.92124811270612],[16.95614116726482,50.92124811270612],[16.95614116726482,50.91225490906887],[16.947147963627575,50.91225490906887]]]}},{"type":"Feature","properties":{"jobs":0,"pop":58,"pointCount":1,"homeWorkCommuteMedian":33475,"workHomeCommuteMedian":-1},"geometry":{"type":"Polygon","coordinates":[[[16.947147963627575,50.948227723617855],[16.947147963627575,50.9572209272551],[16.95614116726482,50.9572209272551],[16.95614116726482,50.948227723617855],[16.947147963627575,50.948227723617855]]]}},{"type":"Feature","properties":{"jobs":0,"pop":37,"pointCount":1,"homeWorkCommuteMedian":21825,"workHomeCommuteMedian":-1},"geometry":{"type":"Polygon","coordinates":[[[16.947147963627575,50.96621413089235],[16.947147963627575,50.97520733452959],[16.95614116726482,50.97520733452959],[16.95614116726482,50.96621413089235],[16.947147963627575,50.96621413089235]]]}},{"type":"Feature","properties":{"jobs":0,"pop":40,"pointCount":1,"homeWorkCommuteMedian":16799,"workHomeCommuteMedian":-1},"geometry":{"type":"Polygon","coordinates":[[[16.947147963627575,50.98420053816684],[16.947147963627575,50.993193741804085],[16.95614116726482,50.993193741804085],[16.95614116726482,50.98420053816684],[16.947147963627575,50.98420053816684]]]}},{"type":"Feature","properties":{"jobs":130,"pop":0,"pointCount":2,"homeWorkCommuteMedian":-1,"workHomeCommuteMedian":22813},"geometry":{"type":"Polygon","coordinates":[[[16.947147963627575,50.993193741804085],[16.947147963627575,51.00218694544133],[16.95614116726482,51.00218694544133],[16.95614116726482,50.993193741804085],[16.947147963627575,50.993193741804085]]]}},{"type":"Feature","properties":{"jobs":0,"pop":87,"pointCount":3,"homeWorkCommuteMedian":15913,"workHomeCommuteMedian":-1},"geometry":{"type":"Polygon","coordinates":[[[16.947147963627575,51.00218694544133],[16.947147963627575,51.01118014907858],[16.95614116726482,51.01118014907858],[16.95614116726482,51.00218694544133],[16.947147963627575,51.00218694544133]]]}},{"type":"Feature","properties":{"jobs":0,"pop":50,"pointCount":2,"homeWorkCommuteMedian":29014,"workHomeCommuteMedian":-1},"geometry":{"type":"Polygon","coordinates":[[[16.947147963627575,51.01118014907858],[16.947147963627575,51.02017335271582],[16.95614116726482,51.02017335271582],[16.95614116726482,51.01118014907858],[16.947147963627575,51.01118014907858]]]}},{"type":"Feature","properties":{"jobs":224,"pop":0,"pointCount":1,"homeWorkCommuteMedian":-1,"workHomeCommuteMedian":16412},"geometry":{"type":"Polygon","coordinates":[[[16.947147963627575,51.02916655635307],[16.947147963627575,51.038159759990315],[16.95614116726482,51.038159759990315],[16.95614116726482,51.02916655635307],[16.947147963627575,51.02916655635307]]]}},{"type":"Feature","properties":{"jobs":211,"pop":0,"pointCount":1,"homeWorkCommuteMedian":-1,"workHomeCommuteMedian":12903},"geometry":{"type":"Polygon","coordinates":[[[16.947147963627575,51.038159759990315],[16.947147963627575,51.04715296362756],[16.95614116726482,51.04715296362756],[16.95614116726482,51.038159759990315],[16.947147963627575,51.038159759990315]]]}},{"type":"Feature","properties":{"jobs":827,"pop":0,"pointCount":1,"homeWorkCommuteMedian":-1,"workHomeCommuteMedian":15325},"geometry":{"type":"Polygon","coordinates":[[[16.947147963627575,51.04715296362756],[16.947147963627575,51.05614616726481],[16.95614116726482,51.05614616726481],[16.95614116726482,51.04715296362756],[16.947147963627575,51.04715296362756]]]}},{"type":"Feature","properties":{"jobs":260,"pop":45,"pointCount":3,"homeWorkCommuteMedian":15519,"workHomeCommuteMedian":8684},"geometry":{"type":"Polygon","coordinates":[[[16.947147963627575,51.05614616726481],[16.947147963627575,51.06513937090205],[16.95614116726482,51.06513937090205],[16.95614116726482,51.05614616726481],[16.947147963627575,51.05614616726481]]]}},{"type":"Feature","properties":{"jobs":1053,"pop":0,"pointCount":1,"homeWorkCommuteMedian":-1,"workHomeCommuteMedian":7132},"geometry":{"type":"Polygon","coordinates":[[[16.947147963627575,51.06513937090205],[16.947147963627575,51.0741325745393],[16.95614116726482,51.0741325745393],[16.95614116726482,51.06513937090205],[16.947147963627575,51.06513937090205]]]}},{"type":"Feature","properties":{"jobs":1840,"pop":91,"pointCount":3,"homeWorkCommuteMedian":10167,"workHomeCommuteMedian":9305},"geometry":{"type":"Polygon","coordinates":[[[16.947147963627575,51.0741325745393],[16.947147963627575,51.083125778176544],[16.95614116726482,51.083125778176544],[16.95614116726482,51.0741325745393],[16.947147963627575,51.0741325745393]]]}},{"type":"Feature","properties":{"jobs":419,"pop":0,"pointCount":1,"homeWorkCommuteMedian":-1,"workHomeCommuteMedian":11187},"geometry":{"type":"Polygon","coordinates":[[[16.947147963627575,51.083125778176544],[16.947147963627575,51.09211898181379],[16.95614116726482,51.09211898181379],[16.95614116726482,51.083125778176544],[16.947147963627575,51.083125778176544]]]}},{"type":"Feature","properties":{"jobs":750,"pop":1607,"pointCount":7,"homeWorkCommuteMedian":6898,"workHomeCommuteMedian":9085},"geometry":{"type":"Polygon","coordinates":[[[16.947147963627575,51.09211898181379],[16.947147963627575,51.101112185451036],[16.95614116726482,51.101112185451036],[16.95614116726482,51.09211898181379],[16.947147963627575,51.09211898181379]]]}},{"type":"Feature","properties":{"jobs":61,"pop":1947,"pointCount":8,"homeWorkCommuteMedian":6221,"workHomeCommuteMedian":7352},"geometry":{"type":"Polygon","coordinates":[[[16.947147963627575,51.101112185451036],[16.947147963627575,51.11010538908828],[16.95614116726482,51.11010538908828],[16.95614116726482,51.101112185451036],[16.947147963627575,51.101112185451036]]]}},{"type":"Feature","properties":{"jobs":761,"pop":4780,"pointCount":23,"homeWorkCommuteMedian":7171,"workHomeCommuteMedian":6578},"geometry":{"type":"Polygon","coordinates":[[[16.947147963627575,51.11010538908828],[16.947147963627575,51.11909859272553],[16.95614116726482,51.11909859272553],[16.95614116726482,51.11010538908828],[16.947147963627575,51.11010538908828]]]}},{"type":"Feature","properties":{"jobs":550,"pop":1548,"pointCount":9,"homeWorkCommuteMedian":6418,"workHomeCommuteMedian":4946},"geometry":{"type":"Polygon","coordinates":[[[16.947147963627575,51.11909859272553],[16.947147963627575,51.128091796362774],[16.95614116726482,51.128091796362774],[16.95614116726482,51.11909859272553],[16.947147963627575,51.11909859272553]]]}},{"type":"Feature","properties":{"jobs":1521,"pop":1884,"pointCount":10,"homeWorkCommuteMedian":8761,"workHomeCommuteMedian":8002},"geometry":{"type":"Polygon","coordinates":[[[16.947147963627575,51.128091796362774],[16.947147963627575,51.13708500000002],[16.95614116726482,51.13708500000002],[16.95614116726482,51.128091796362774],[16.947147963627575,51.128091796362774]]]}},{"type":"Feature","properties":{"jobs":365,"pop":600,"pointCount":6,"homeWorkCommuteMedian":34444,"workHomeCommuteMedian":5895},"geometry":{"type":"Polygon","coordinates":[[[16.947147963627575,51.13708500000002],[16.947147963627575,51.146078203637266],[16.95614116726482,51.146078203637266],[16.95614116726482,51.13708500000002],[16.947147963627575,51.13708500000002]]]}},{"type":"Feature","properties":{"jobs":156,"pop":354,"pointCount":5,"homeWorkCommuteMedian":8820,"workHomeCommuteMedian":5398},"geometry":{"type":"Polygon","coordinates":[[[16.947147963627575,51.146078203637266],[16.947147963627575,51.15507140727451],[16.95614116726482,51.15507140727451],[16.95614116726482,51.146078203637266],[16.947147963627575,51.146078203637266]]]}},{"type":"Feature","properties":{"jobs":0,"pop":29,"pointCount":1,"homeWorkCommuteMedian":8866,"workHomeCommuteMedian":-1},"geometry":{"type":"Polygon","coordinates":[[[16.947147963627575,51.15507140727451],[16.947147963627575,51.16406461091176],[16.95614116726482,51.16406461091176],[16.95614116726482,51.15507140727451],[16.947147963627575,51.15507140727451]]]}},{"type":"Feature","properties":{"jobs":0,"pop":45,"pointCount":1,"homeWorkCommuteMedian":13534,"workHomeCommuteMedian":-1},"geometry":{"type":"Polygon","coordinates":[[[16.947147963627575,51.20903062909799],[16.947147963627575,51.218023832735234],[16.95614116726482,51.218023832735234],[16.95614116726482,51.20903062909799],[16.947147963627575,51.20903062909799]]]}},{"type":"Feature","properties":{"jobs":29,"pop":0,"pointCount":1,"homeWorkCommuteMedian":-1,"workHomeCommuteMedian":29526},"geometry":{"type":"Polygon","coordinates":[[[16.947147963627575,51.24500344364697],[16.947147963627575,51.25399664728422],[16.95614116726482,51.25399664728422],[16.95614116726482,51.24500344364697],[16.947147963627575,51.24500344364697]]]}},{"type":"Feature","properties":{"jobs":0,"pop":109,"pointCount":3,"homeWorkCommuteMedian":5360,"workHomeCommuteMedian":-1},"geometry":{"type":"Polygon","coordinates":[[[16.947147963627575,51.280976258195956],[16.947147963627575,51.2899694618332],[16.95614116726482,51.2899694618332],[16.95614116726482,51.280976258195956],[16.947147963627575,51.280976258195956]]]}},{"type":"Feature","properties":{"jobs":35,"pop":55,"pointCount":2,"homeWorkCommuteMedian":7100,"workHomeCommuteMedian":44930},"geometry":{"type":"Polygon","coordinates":[[[16.947147963627575,51.33493548001943],[16.947147963627575,51.34392868365668],[16.95614116726482,51.34392868365668],[16.95614116726482,51.33493548001943],[16.947147963627575,51.33493548001943]]]}},{"type":"Feature","properties":{"jobs":0,"pop":48,"pointCount":1,"homeWorkCommuteMedian":43658,"workHomeCommuteMedian":-1},"geometry":{"type":"Polygon","coordinates":[[[16.947147963627575,51.34392868365668],[16.947147963627575,51.352921887293924],[16.95614116726482,51.352921887293924],[16.95614116726482,51.34392868365668],[16.947147963627575,51.34392868365668]]]}},{"type":"Feature","properties":{"jobs":159,"pop":0,"pointCount":1,"homeWorkCommuteMedian":-1,"workHomeCommuteMedian":3999},"geometry":{"type":"Polygon","coordinates":[[[16.947147963627575,51.370908294568416],[16.947147963627575,51.37990149820566],[16.95614116726482,51.37990149820566],[16.95614116726482,51.370908294568416],[16.947147963627575,51.370908294568416]]]}},{"type":"Feature","properties":{"jobs":44,"pop":0,"pointCount":1,"homeWorkCommuteMedian":-1,"workHomeCommuteMedian":2580},"geometry":{"type":"Polygon","coordinates":[[[16.947147963627575,51.38889470184291],[16.947147963627575,51.397887905480154],[16.95614116726482,51.397887905480154],[16.95614116726482,51.38889470184291],[16.947147963627575,51.38889470184291]]]}},{"type":"Feature","properties":{"jobs":65,"pop":43,"pointCount":2,"homeWorkCommuteMedian":4412,"workHomeCommuteMedian":8743},"geometry":{"type":"Polygon","coordinates":[[[16.947147963627575,51.442853923666384],[16.947147963627575,51.45184712730363],[16.95614116726482,51.45184712730363],[16.95614116726482,51.442853923666384],[16.947147963627575,51.442853923666384]]]}},{"type":"Feature","properties":{"jobs":42,"pop":156,"pointCount":3,"homeWorkCommuteMedian":27274,"workHomeCommuteMedian":25739},"geometry":{"type":"Polygon","coordinates":[[[16.95614116726482,50.91225490906887],[16.95614116726482,50.92124811270612],[16.965134370902067,50.92124811270612],[16.965134370902067,50.91225490906887],[16.95614116726482,50.91225490906887]]]}},{"type":"Feature","properties":{"jobs":75,"pop":125,"pointCount":4,"homeWorkCommuteMedian":17298,"workHomeCommuteMedian":7257},"geometry":{"type":"Polygon","coordinates":[[[16.95614116726482,50.93024131634336],[16.95614116726482,50.93923451998061],[16.965134370902067,50.93923451998061],[16.965134370902067,50.93024131634336],[16.95614116726482,50.93024131634336]]]}},{"type":"Feature","properties":{"jobs":0,"pop":117,"pointCount":2,"homeWorkCommuteMedian":24097,"workHomeCommuteMedian":-1},"geometry":{"type":"Polygon","coordinates":[[[16.95614116726482,50.9572209272551],[16.95614116726482,50.96621413089235],[16.965134370902067,50.96621413089235],[16.965134370902067,50.9572209272551],[16.95614116726482,50.9572209272551]]]}},{"type":"Feature","properties":{"jobs":0,"pop":94,"pointCount":3,"homeWorkCommuteMedian":19099,"workHomeCommuteMedian":-1},"geometry":{"type":"Polygon","coordinates":[[[16.95614116726482,50.98420053816684],[16.95614116726482,50.993193741804085],[16.965134370902067,50.993193741804085],[16.965134370902067,50.98420053816684],[16.95614116726482,50.98420053816684]]]}},{"type":"Feature","properties":{"jobs":296,"pop":0,"pointCount":3,"homeWorkCommuteMedian":-1,"workHomeCommuteMedian":17230},"geometry":{"type":"Polygon","coordinates":[[[16.95614116726482,50.993193741804085],[16.95614116726482,51.00218694544133],[16.965134370902067,51.00218694544133],[16.965134370902067,50.993193741804085],[16.95614116726482,50.993193741804085]]]}},{"type":"Feature","properties":{"jobs":97,"pop":273,"pointCount":6,"homeWorkCommuteMedian":13946,"workHomeCommuteMedian":22270},"geometry":{"type":"Polygon","coordinates":[[[16.95614116726482,51.00218694544133],[16.95614116726482,51.01118014907858],[16.965134370902067,51.01118014907858],[16.965134370902067,51.00218694544133],[16.95614116726482,51.00218694544133]]]}},{"type":"Feature","properties":{"jobs":0,"pop":129,"pointCount":3,"homeWorkCommuteMedian":13225,"workHomeCommuteMedian":-1},"geometry":{"type":"Polygon","coordinates":[[[16.95614116726482,51.01118014907858],[16.95614116726482,51.02017335271582],[16.965134370902067,51.02017335271582],[16.965134370902067,51.01118014907858],[16.95614116726482,51.01118014907858]]]}},{"type":"Feature","properties":{"jobs":0,"pop":102,"pointCount":1,"homeWorkCommuteMedian":11182,"workHomeCommuteMedian":-1},"geometry":{"type":"Polygon","coordinates":[[[16.95614116726482,51.02017335271582],[16.95614116726482,51.02916655635307],[16.965134370902067,51.02916655635307],[16.965134370902067,51.02017335271582],[16.95614116726482,51.02017335271582]]]}},{"type":"Feature","properties":{"jobs":59,"pop":529,"pointCount":5,"homeWorkCommuteMedian":17017,"workHomeCommuteMedian":13768},"geometry":{"type":"Polygon","coordinates":[[[16.95614116726482,51.02916655635307],[16.95614116726482,51.038159759990315],[16.965134370902067,51.038159759990315],[16.965134370902067,51.02916655635307],[16.95614116726482,51.02916655635307]]]}},{"type":"Feature","properties":{"jobs":0,"pop":67,"pointCount":1,"homeWorkCommuteMedian":10289,"workHomeCommuteMedian":-1},"geometry":{"type":"Polygon","coordinates":[[[16.95614116726482,51.038159759990315],[16.95614116726482,51.04715296362756],[16.965134370902067,51.04715296362756],[16.965134370902067,51.038159759990315],[16.95614116726482,51.038159759990315]]]}},{"type":"Feature","properties":{"jobs":614,"pop":0,"pointCount":1,"homeWorkCommuteMedian":-1,"workHomeCommuteMedian":11384},"geometry":{"type":"Polygon","coordinates":[[[16.95614116726482,51.04715296362756],[16.95614116726482,51.05614616726481],[16.965134370902067,51.05614616726481],[16.965134370902067,51.04715296362756],[16.95614116726482,51.04715296362756]]]}},{"type":"Feature","properties":{"jobs":340,"pop":0,"pointCount":1,"homeWorkCommuteMedian":-1,"workHomeCommuteMedian":10443},"geometry":{"type":"Polygon","coordinates":[[[16.95614116726482,51.05614616726481],[16.95614116726482,51.06513937090205],[16.965134370902067,51.06513937090205],[16.965134370902067,51.05614616726481],[16.95614116726482,51.05614616726481]]]}},{"type":"Feature","properties":{"jobs":1673,"pop":594,"pointCount":7,"homeWorkCommuteMedian":6954,"workHomeCommuteMedian":9858},"geometry":{"type":"Polygon","coordinates":[[[16.95614116726482,51.06513937090205],[16.95614116726482,51.0741325745393],[16.965134370902067,51.0741325745393],[16.965134370902067,51.06513937090205],[16.95614116726482,51.06513937090205]]]}},{"type":"Feature","properties":{"jobs":220,"pop":1935,"pointCount":10,"homeWorkCommuteMedian":7848,"workHomeCommuteMedian":7561},"geometry":{"type":"Polygon","coordinates":[[[16.95614116726482,51.0741325745393],[16.95614116726482,51.083125778176544],[16.965134370902067,51.083125778176544],[16.965134370902067,51.0741325745393],[16.95614116726482,51.0741325745393]]]}},{"type":"Feature","properties":{"jobs":22,"pop":94,"pointCount":1,"homeWorkCommuteMedian":6833,"workHomeCommuteMedian":8333},"geometry":{"type":"Polygon","coordinates":[[[16.95614116726482,51.083125778176544],[16.95614116726482,51.09211898181379],[16.965134370902067,51.09211898181379],[16.965134370902067,51.083125778176544],[16.95614116726482,51.083125778176544]]]}},{"type":"Feature","properties":{"jobs":337,"pop":752,"pointCount":6,"homeWorkCommuteMedian":7115,"workHomeCommuteMedian":8590},"geometry":{"type":"Polygon","coordinates":[[[16.95614116726482,51.09211898181379],[16.95614116726482,51.101112185451036],[16.965134370902067,51.101112185451036],[16.965134370902067,51.09211898181379],[16.95614116726482,51.09211898181379]]]}},{"type":"Feature","properties":{"jobs":510,"pop":1459,"pointCount":7,"homeWorkCommuteMedian":8660,"workHomeCommuteMedian":5532},"geometry":{"type":"Polygon","coordinates":[[[16.95614116726482,51.101112185451036],[16.95614116726482,51.11010538908828],[16.965134370902067,51.11010538908828],[16.965134370902067,51.101112185451036],[16.95614116726482,51.101112185451036]]]}},{"type":"Feature","properties":{"jobs":778,"pop":2488,"pointCount":15,"homeWorkCommuteMedian":5578,"workHomeCommuteMedian":7744},"geometry":{"type":"Polygon","coordinates":[[[16.95614116726482,51.11010538908828],[16.95614116726482,51.11909859272553],[16.965134370902067,51.11909859272553],[16.965134370902067,51.11010538908828],[16.95614116726482,51.11010538908828]]]}},{"type":"Feature","properties":{"jobs":168,"pop":4786,"pointCount":20,"homeWorkCommuteMedian":7405,"workHomeCommuteMedian":7409},"geometry":{"type":"Polygon","coordinates":[[[16.95614116726482,51.11909859272553],[16.95614116726482,51.128091796362774],[16.965134370902067,51.128091796362774],[16.965134370902067,51.11909859272553],[16.95614116726482,51.11909859272553]]]}},{"type":"Feature","properties":{"jobs":532,"pop":1966,"pointCount":12,"homeWorkCommuteMedian":8051,"workHomeCommuteMedian":7892},"geometry":{"type":"Polygon","coordinates":[[[16.95614116726482,51.128091796362774],[16.95614116726482,51.13708500000002],[16.965134370902067,51.13708500000002],[16.965134370902067,51.128091796362774],[16.95614116726482,51.128091796362774]]]}},{"type":"Feature","properties":{"jobs":139,"pop":2592,"pointCount":18,"homeWorkCommuteMedian":8776,"workHomeCommuteMedian":8022},"geometry":{"type":"Polygon","coordinates":[[[16.95614116726482,51.13708500000002],[16.95614116726482,51.146078203637266],[16.965134370902067,51.146078203637266],[16.965134370902067,51.13708500000002],[16.95614116726482,51.13708500000002]]]}},{"type":"Feature","properties":{"jobs":0,"pop":47,"pointCount":1,"homeWorkCommuteMedian":12031,"workHomeCommuteMedian":-1},"geometry":{"type":"Polygon","coordinates":[[[16.95614116726482,51.15507140727451],[16.95614116726482,51.16406461091176],[16.965134370902067,51.16406461091176],[16.965134370902067,51.15507140727451],[16.95614116726482,51.15507140727451]]]}},{"type":"Feature","properties":{"jobs":0,"pop":39,"pointCount":1,"homeWorkCommuteMedian":10712,"workHomeCommuteMedian":-1},"geometry":{"type":"Polygon","coordinates":[[[16.95614116726482,51.16406461091176],[16.95614116726482,51.173057814549004],[16.965134370902067,51.173057814549004],[16.965134370902067,51.16406461091176],[16.95614116726482,51.16406461091176]]]}},{"type":"Feature","properties":{"jobs":157,"pop":77,"pointCount":5,"homeWorkCommuteMedian":8156,"workHomeCommuteMedian":10304},"geometry":{"type":"Polygon","coordinates":[[[16.95614116726482,51.20903062909799],[16.95614116726482,51.218023832735234],[16.965134370902067,51.218023832735234],[16.965134370902067,51.20903062909799],[16.95614116726482,51.20903062909799]]]}},{"type":"Feature","properties":{"jobs":0,"pop":59,"pointCount":2,"homeWorkCommuteMedian":7481,"workHomeCommuteMedian":-1},"geometry":{"type":"Polygon","coordinates":[[[16.95614116726482,51.218023832735234],[16.95614116726482,51.22701703637248],[16.965134370902067,51.22701703637248],[16.965134370902067,51.218023832735234],[16.95614116726482,51.218023832735234]]]}},{"type":"Feature","properties":{"jobs":0,"pop":68,"pointCount":2,"homeWorkCommuteMedian":25677,"workHomeCommuteMedian":-1},"geometry":{"type":"Polygon","coordinates":[[[16.95614116726482,51.236010240009726],[16.95614116726482,51.24500344364697],[16.965134370902067,51.24500344364697],[16.965134370902067,51.236010240009726],[16.95614116726482,51.236010240009726]]]}},{"type":"Feature","properties":{"jobs":0,"pop":45,"pointCount":1,"homeWorkCommuteMedian":61181,"workHomeCommuteMedian":-1},"geometry":{"type":"Polygon","coordinates":[[[16.95614116726482,51.27198305455871],[16.95614116726482,51.280976258195956],[16.965134370902067,51.280976258195956],[16.965134370902067,51.27198305455871],[16.95614116726482,51.27198305455871]]]}},{"type":"Feature","properties":{"jobs":201,"pop":56,"pointCount":4,"homeWorkCommuteMedian":32707,"workHomeCommuteMedian":9754},"geometry":{"type":"Polygon","coordinates":[[[16.95614116726482,51.280976258195956],[16.95614116726482,51.2899694618332],[16.965134370902067,51.2899694618332],[16.965134370902067,51.280976258195956],[16.95614116726482,51.280976258195956]]]}},{"type":"Feature","properties":{"jobs":73,"pop":0,"pointCount":1,"homeWorkCommuteMedian":-1,"workHomeCommuteMedian":1874},"geometry":{"type":"Polygon","coordinates":[[[16.95614116726482,51.352921887293924],[16.95614116726482,51.36191509093117],[16.965134370902067,51.36191509093117],[16.965134370902067,51.352921887293924],[16.95614116726482,51.352921887293924]]]}},{"type":"Feature","properties":{"jobs":141,"pop":179,"pointCount":4,"homeWorkCommuteMedian":1678,"workHomeCommuteMedian":6647},"geometry":{"type":"Polygon","coordinates":[[[16.95614116726482,51.36191509093117],[16.95614116726482,51.370908294568416],[16.965134370902067,51.370908294568416],[16.965134370902067,51.36191509093117],[16.95614116726482,51.36191509093117]]]}},{"type":"Feature","properties":{"jobs":370,"pop":635,"pointCount":11,"homeWorkCommuteMedian":3246,"workHomeCommuteMedian":5981},"geometry":{"type":"Polygon","coordinates":[[[16.95614116726482,51.370908294568416],[16.95614116726482,51.37990149820566],[16.965134370902067,51.37990149820566],[16.965134370902067,51.370908294568416],[16.95614116726482,51.370908294568416]]]}},{"type":"Feature","properties":{"jobs":24,"pop":53,"pointCount":1,"homeWorkCommuteMedian":11588,"workHomeCommuteMedian":7530},"geometry":{"type":"Polygon","coordinates":[[[16.95614116726482,51.37990149820566],[16.95614116726482,51.38889470184291],[16.965134370902067,51.38889470184291],[16.965134370902067,51.37990149820566],[16.95614116726482,51.37990149820566]]]}},{"type":"Feature","properties":{"jobs":0,"pop":55,"pointCount":1,"homeWorkCommuteMedian":5956,"workHomeCommuteMedian":-1},"geometry":{"type":"Polygon","coordinates":[[[16.95614116726482,51.38889470184291],[16.95614116726482,51.397887905480154],[16.965134370902067,51.397887905480154],[16.965134370902067,51.38889470184291],[16.95614116726482,51.38889470184291]]]}},{"type":"Feature","properties":{"jobs":0,"pop":41,"pointCount":1,"homeWorkCommuteMedian":22047,"workHomeCommuteMedian":-1},"geometry":{"type":"Polygon","coordinates":[[[16.95614116726482,51.397887905480154],[16.95614116726482,51.4068811091174],[16.965134370902067,51.4068811091174],[16.965134370902067,51.397887905480154],[16.95614116726482,51.397887905480154]]]}},{"type":"Feature","properties":{"jobs":0,"pop":40,"pointCount":1,"homeWorkCommuteMedian":2148,"workHomeCommuteMedian":-1},"geometry":{"type":"Polygon","coordinates":[[[16.95614116726482,51.45184712730363],[16.95614116726482,51.460840330940876],[16.965134370902067,51.460840330940876],[16.965134370902067,51.45184712730363],[16.95614116726482,51.45184712730363]]]}},{"type":"Feature","properties":{"jobs":0,"pop":75,"pointCount":1,"homeWorkCommuteMedian":10756,"workHomeCommuteMedian":-1},"geometry":{"type":"Polygon","coordinates":[[[16.95614116726482,51.505806349127106],[16.95614116726482,51.51479955276435],[16.965134370902067,51.51479955276435],[16.965134370902067,51.505806349127106],[16.95614116726482,51.505806349127106]]]}},{"type":"Feature","properties":{"jobs":42,"pop":45,"pointCount":1,"homeWorkCommuteMedian":3800,"workHomeCommuteMedian":34147},"geometry":{"type":"Polygon","coordinates":[[[16.965134370902067,50.858295687245395],[16.965134370902067,50.86728889088264],[16.974127574539313,50.86728889088264],[16.974127574539313,50.858295687245395],[16.965134370902067,50.858295687245395]]]}},{"type":"Feature","properties":{"jobs":37,"pop":24,"pointCount":2,"homeWorkCommuteMedian":9102,"workHomeCommuteMedian":3868},"geometry":{"type":"Polygon","coordinates":[[[16.965134370902067,50.86728889088264],[16.965134370902067,50.87628209451989],[16.974127574539313,50.87628209451989],[16.974127574539313,50.86728889088264],[16.965134370902067,50.86728889088264]]]}},{"type":"Feature","properties":{"jobs":0,"pop":38,"pointCount":1,"homeWorkCommuteMedian":3325,"workHomeCommuteMedian":-1},"geometry":{"type":"Polygon","coordinates":[[[16.965134370902067,50.87628209451989],[16.965134370902067,50.88527529815713],[16.974127574539313,50.88527529815713],[16.974127574539313,50.87628209451989],[16.965134370902067,50.87628209451989]]]}},{"type":"Feature","properties":{"jobs":28,"pop":0,"pointCount":1,"homeWorkCommuteMedian":-1,"workHomeCommuteMedian":3425},"geometry":{"type":"Polygon","coordinates":[[[16.965134370902067,50.88527529815713],[16.965134370902067,50.89426850179438],[16.974127574539313,50.89426850179438],[16.974127574539313,50.88527529815713],[16.965134370902067,50.88527529815713]]]}},{"type":"Feature","properties":{"jobs":0,"pop":39,"pointCount":1,"homeWorkCommuteMedian":12668,"workHomeCommuteMedian":-1},"geometry":{"type":"Polygon","coordinates":[[[16.965134370902067,50.93024131634336],[16.965134370902067,50.93923451998061],[16.974127574539313,50.93923451998061],[16.974127574539313,50.93024131634336],[16.965134370902067,50.93024131634336]]]}},{"type":"Feature","properties":{"jobs":0,"pop":22,"pointCount":1,"homeWorkCommuteMedian":13500,"workHomeCommuteMedian":-1},"geometry":{"type":"Polygon","coordinates":[[[16.965134370902067,50.93923451998061],[16.965134370902067,50.948227723617855],[16.974127574539313,50.948227723617855],[16.974127574539313,50.93923451998061],[16.965134370902067,50.93923451998061]]]}},{"type":"Feature","properties":{"jobs":0,"pop":67,"pointCount":1,"homeWorkCommuteMedian":21044,"workHomeCommuteMedian":-1},"geometry":{"type":"Polygon","coordinates":[[[16.965134370902067,50.96621413089235],[16.965134370902067,50.97520733452959],[16.974127574539313,50.97520733452959],[16.974127574539313,50.96621413089235],[16.965134370902067,50.96621413089235]]]}},{"type":"Feature","properties":{"jobs":0,"pop":196,"pointCount":2,"homeWorkCommuteMedian":12034,"workHomeCommuteMedian":-1},"geometry":{"type":"Polygon","coordinates":[[[16.965134370902067,51.02017335271582],[16.965134370902067,51.02916655635307],[16.974127574539313,51.02916655635307],[16.974127574539313,51.02017335271582],[16.965134370902067,51.02017335271582]]]}},{"type":"Feature","properties":{"jobs":27,"pop":743,"pointCount":9,"homeWorkCommuteMedian":13298,"workHomeCommuteMedian":10799},"geometry":{"type":"Polygon","coordinates":[[[16.965134370902067,51.02916655635307],[16.965134370902067,51.038159759990315],[16.974127574539313,51.038159759990315],[16.974127574539313,51.02916655635307],[16.965134370902067,51.02916655635307]]]}},{"type":"Feature","properties":{"jobs":455,"pop":495,"pointCount":9,"homeWorkCommuteMedian":16686,"workHomeCommuteMedian":12270},"geometry":{"type":"Polygon","coordinates":[[[16.965134370902067,51.038159759990315],[16.965134370902067,51.04715296362756],[16.974127574539313,51.04715296362756],[16.974127574539313,51.038159759990315],[16.965134370902067,51.038159759990315]]]}},{"type":"Feature","properties":{"jobs":910,"pop":0,"pointCount":5,"homeWorkCommuteMedian":-1,"workHomeCommuteMedian":8472},"geometry":{"type":"Polygon","coordinates":[[[16.965134370902067,51.04715296362756],[16.965134370902067,51.05614616726481],[16.974127574539313,51.05614616726481],[16.974127574539313,51.04715296362756],[16.965134370902067,51.04715296362756]]]}},{"type":"Feature","properties":{"jobs":90,"pop":873,"pointCount":9,"homeWorkCommuteMedian":9250,"workHomeCommuteMedian":7486},"geometry":{"type":"Polygon","coordinates":[[[16.965134370902067,51.05614616726481],[16.965134370902067,51.06513937090205],[16.974127574539313,51.06513937090205],[16.974127574539313,51.05614616726481],[16.965134370902067,51.05614616726481]]]}},{"type":"Feature","properties":{"jobs":858,"pop":483,"pointCount":6,"homeWorkCommuteMedian":6442,"workHomeCommuteMedian":10247},"geometry":{"type":"Polygon","coordinates":[[[16.965134370902067,51.06513937090205],[16.965134370902067,51.0741325745393],[16.974127574539313,51.0741325745393],[16.974127574539313,51.06513937090205],[16.965134370902067,51.06513937090205]]]}},{"type":"Feature","properties":{"jobs":304,"pop":496,"pointCount":7,"homeWorkCommuteMedian":6610,"workHomeCommuteMedian":10558},"geometry":{"type":"Polygon","coordinates":[[[16.965134370902067,51.0741325745393],[16.965134370902067,51.083125778176544],[16.974127574539313,51.083125778176544],[16.974127574539313,51.0741325745393],[16.965134370902067,51.0741325745393]]]}},{"type":"Feature","properties":{"jobs":1187,"pop":177,"pointCount":5,"homeWorkCommuteMedian":4678,"workHomeCommuteMedian":6443},"geometry":{"type":"Polygon","coordinates":[[[16.965134370902067,51.09211898181379],[16.965134370902067,51.101112185451036],[16.974127574539313,51.101112185451036],[16.974127574539313,51.09211898181379],[16.965134370902067,51.09211898181379]]]}},{"type":"Feature","properties":{"jobs":597,"pop":593,"pointCount":6,"homeWorkCommuteMedian":9893,"workHomeCommuteMedian":7541},"geometry":{"type":"Polygon","coordinates":[[[16.965134370902067,51.101112185451036],[16.965134370902067,51.11010538908828],[16.974127574539313,51.11010538908828],[16.974127574539313,51.101112185451036],[16.965134370902067,51.101112185451036]]]}},{"type":"Feature","properties":{"jobs":2906,"pop":259,"pointCount":5,"homeWorkCommuteMedian":7737,"workHomeCommuteMedian":6038},"geometry":{"type":"Polygon","coordinates":[[[16.965134370902067,51.11010538908828],[16.965134370902067,51.11909859272553],[16.974127574539313,51.11909859272553],[16.974127574539313,51.11010538908828],[16.965134370902067,51.11010538908828]]]}},{"type":"Feature","properties":{"jobs":1107,"pop":3155,"pointCount":17,"homeWorkCommuteMedian":7587,"workHomeCommuteMedian":7214},"geometry":{"type":"Polygon","coordinates":[[[16.965134370902067,51.11909859272553],[16.965134370902067,51.128091796362774],[16.974127574539313,51.128091796362774],[16.974127574539313,51.11909859272553],[16.965134370902067,51.11909859272553]]]}},{"type":"Feature","properties":{"jobs":634,"pop":2506,"pointCount":12,"homeWorkCommuteMedian":7386,"workHomeCommuteMedian":5602},"geometry":{"type":"Polygon","coordinates":[[[16.965134370902067,51.128091796362774],[16.965134370902067,51.13708500000002],[16.974127574539313,51.13708500000002],[16.974127574539313,51.128091796362774],[16.965134370902067,51.128091796362774]]]}},{"type":"Feature","properties":{"jobs":1109,"pop":1643,"pointCount":14,"homeWorkCommuteMedian":8590,"workHomeCommuteMedian":7674},"geometry":{"type":"Polygon","coordinates":[[[16.965134370902067,51.13708500000002],[16.965134370902067,51.146078203637266],[16.974127574539313,51.146078203637266],[16.974127574539313,51.13708500000002],[16.965134370902067,51.13708500000002]]]}},{"type":"Feature","properties":{"jobs":47,"pop":57,"pointCount":4,"homeWorkCommuteMedian":20770,"workHomeCommuteMedian":10546},"geometry":{"type":"Polygon","coordinates":[[[16.965134370902067,51.16406461091176],[16.965134370902067,51.173057814549004],[16.974127574539313,51.173057814549004],[16.974127574539313,51.16406461091176],[16.965134370902067,51.16406461091176]]]}},{"type":"Feature","properties":{"jobs":20,"pop":151,"pointCount":3,"homeWorkCommuteMedian":18907,"workHomeCommuteMedian":16331},"geometry":{"type":"Polygon","coordinates":[[[16.965134370902067,51.191044221823496],[16.965134370902067,51.20003742546074],[16.974127574539313,51.20003742546074],[16.974127574539313,51.191044221823496],[16.965134370902067,51.191044221823496]]]}},{"type":"Feature","properties":{"jobs":172,"pop":0,"pointCount":3,"homeWorkCommuteMedian":-1,"workHomeCommuteMedian":15229},"geometry":{"type":"Polygon","coordinates":[[[16.965134370902067,51.20903062909799],[16.965134370902067,51.218023832735234],[16.974127574539313,51.218023832735234],[16.974127574539313,51.20903062909799],[16.965134370902067,51.20903062909799]]]}},{"type":"Feature","properties":{"jobs":213,"pop":134,"pointCount":3,"homeWorkCommuteMedian":17800,"workHomeCommuteMedian":11842},"geometry":{"type":"Polygon","coordinates":[[[16.965134370902067,51.218023832735234],[16.965134370902067,51.22701703637248],[16.974127574539313,51.22701703637248],[16.974127574539313,51.218023832735234],[16.965134370902067,51.218023832735234]]]}},{"type":"Feature","properties":{"jobs":0,"pop":22,"pointCount":1,"homeWorkCommuteMedian":29410,"workHomeCommuteMedian":-1},"geometry":{"type":"Polygon","coordinates":[[[16.965134370902067,51.236010240009726],[16.965134370902067,51.24500344364697],[16.974127574539313,51.24500344364697],[16.974127574539313,51.236010240009726],[16.965134370902067,51.236010240009726]]]}},{"type":"Feature","properties":{"jobs":0,"pop":84,"pointCount":2,"homeWorkCommuteMedian":8113,"workHomeCommuteMedian":-1},"geometry":{"type":"Polygon","coordinates":[[[16.965134370902067,51.2899694618332],[16.965134370902067,51.29896266547045],[16.974127574539313,51.29896266547045],[16.974127574539313,51.2899694618332],[16.965134370902067,51.2899694618332]]]}},{"type":"Feature","properties":{"jobs":71,"pop":66,"pointCount":2,"homeWorkCommuteMedian":9238,"workHomeCommuteMedian":13838},"geometry":{"type":"Polygon","coordinates":[[[16.965134370902067,51.29896266547045],[16.965134370902067,51.307955869107694],[16.974127574539313,51.307955869107694],[16.974127574539313,51.29896266547045],[16.965134370902067,51.29896266547045]]]}},{"type":"Feature","properties":{"jobs":0,"pop":35,"pointCount":1,"homeWorkCommuteMedian":11987,"workHomeCommuteMedian":-1},"geometry":{"type":"Polygon","coordinates":[[[16.965134370902067,51.325942276382186],[16.965134370902067,51.33493548001943],[16.974127574539313,51.33493548001943],[16.974127574539313,51.325942276382186],[16.965134370902067,51.325942276382186]]]}},{"type":"Feature","properties":{"jobs":91,"pop":144,"pointCount":4,"homeWorkCommuteMedian":1828,"workHomeCommuteMedian":11320},"geometry":{"type":"Polygon","coordinates":[[[16.965134370902067,51.36191509093117],[16.965134370902067,51.370908294568416],[16.974127574539313,51.370908294568416],[16.974127574539313,51.36191509093117],[16.965134370902067,51.36191509093117]]]}},{"type":"Feature","properties":{"jobs":24,"pop":31,"pointCount":2,"homeWorkCommuteMedian":3650,"workHomeCommuteMedian":1303},"geometry":{"type":"Polygon","coordinates":[[[16.965134370902067,51.370908294568416],[16.965134370902067,51.37990149820566],[16.974127574539313,51.37990149820566],[16.974127574539313,51.370908294568416],[16.965134370902067,51.370908294568416]]]}},{"type":"Feature","properties":{"jobs":94,"pop":67,"pointCount":3,"homeWorkCommuteMedian":66173,"workHomeCommuteMedian":6355},"geometry":{"type":"Polygon","coordinates":[[[16.965134370902067,51.43386072002914],[16.965134370902067,51.442853923666384],[16.974127574539313,51.442853923666384],[16.974127574539313,51.43386072002914],[16.965134370902067,51.43386072002914]]]}},{"type":"Feature","properties":{"jobs":77,"pop":47,"pointCount":2,"homeWorkCommuteMedian":85939,"workHomeCommuteMedian":5998},"geometry":{"type":"Polygon","coordinates":[[[16.965134370902067,51.442853923666384],[16.965134370902067,51.45184712730363],[16.974127574539313,51.45184712730363],[16.974127574539313,51.442853923666384],[16.965134370902067,51.442853923666384]]]}},{"type":"Feature","properties":{"jobs":80,"pop":32,"pointCount":2,"homeWorkCommuteMedian":7645,"workHomeCommuteMedian":38088},"geometry":{"type":"Polygon","coordinates":[[[16.965134370902067,51.505806349127106],[16.965134370902067,51.51479955276435],[16.974127574539313,51.51479955276435],[16.974127574539313,51.505806349127106],[16.965134370902067,51.505806349127106]]]}},{"type":"Feature","properties":{"jobs":70,"pop":63,"pointCount":2,"homeWorkCommuteMedian":11772,"workHomeCommuteMedian":61994},"geometry":{"type":"Polygon","coordinates":[[[16.974127574539313,50.70541122541221],[16.974127574539313,50.71440442904946],[16.98312077817656,50.71440442904946],[16.98312077817656,50.70541122541221],[16.974127574539313,50.70541122541221]]]}},{"type":"Feature","properties":{"jobs":0,"pop":21,"pointCount":1,"homeWorkCommuteMedian":48904,"workHomeCommuteMedian":-1},"geometry":{"type":"Polygon","coordinates":[[[16.974127574539313,50.84930248360815],[16.974127574539313,50.858295687245395],[16.98312077817656,50.858295687245395],[16.98312077817656,50.84930248360815],[16.974127574539313,50.84930248360815]]]}},{"type":"Feature","properties":{"jobs":134,"pop":46,"pointCount":2,"homeWorkCommuteMedian":10098,"workHomeCommuteMedian":2536},"geometry":{"type":"Polygon","coordinates":[[[16.974127574539313,50.858295687245395],[16.974127574539313,50.86728889088264],[16.98312077817656,50.86728889088264],[16.98312077817656,50.858295687245395],[16.974127574539313,50.858295687245395]]]}},{"type":"Feature","properties":{"jobs":0,"pop":107,"pointCount":3,"homeWorkCommuteMedian":2218,"workHomeCommuteMedian":-1},"geometry":{"type":"Polygon","coordinates":[[[16.974127574539313,50.86728889088264],[16.974127574539313,50.87628209451989],[16.98312077817656,50.87628209451989],[16.98312077817656,50.86728889088264],[16.974127574539313,50.86728889088264]]]}},{"type":"Feature","properties":{"jobs":20,"pop":48,"pointCount":2,"homeWorkCommuteMedian":22386,"workHomeCommuteMedian":14868},"geometry":{"type":"Polygon","coordinates":[[[16.974127574539313,50.96621413089235],[16.974127574539313,50.97520733452959],[16.98312077817656,50.97520733452959],[16.98312077817656,50.96621413089235],[16.974127574539313,50.96621413089235]]]}},{"type":"Feature","properties":{"jobs":0,"pop":29,"pointCount":1,"homeWorkCommuteMedian":13648,"workHomeCommuteMedian":-1},"geometry":{"type":"Polygon","coordinates":[[[16.974127574539313,50.993193741804085],[16.974127574539313,51.00218694544133],[16.98312077817656,51.00218694544133],[16.98312077817656,50.993193741804085],[16.974127574539313,50.993193741804085]]]}},{"type":"Feature","properties":{"jobs":40,"pop":92,"pointCount":2,"homeWorkCommuteMedian":13347,"workHomeCommuteMedian":14357},"geometry":{"type":"Polygon","coordinates":[[[16.974127574539313,51.02916655635307],[16.974127574539313,51.038159759990315],[16.98312077817656,51.038159759990315],[16.98312077817656,51.02916655635307],[16.974127574539313,51.02916655635307]]]}},{"type":"Feature","properties":{"jobs":112,"pop":285,"pointCount":5,"homeWorkCommuteMedian":9081,"workHomeCommuteMedian":10102},"geometry":{"type":"Polygon","coordinates":[[[16.974127574539313,51.038159759990315],[16.974127574539313,51.04715296362756],[16.98312077817656,51.04715296362756],[16.98312077817656,51.038159759990315],[16.974127574539313,51.038159759990315]]]}},{"type":"Feature","properties":{"jobs":689,"pop":0,"pointCount":3,"homeWorkCommuteMedian":-1,"workHomeCommuteMedian":14704},"geometry":{"type":"Polygon","coordinates":[[[16.974127574539313,51.04715296362756],[16.974127574539313,51.05614616726481],[16.98312077817656,51.05614616726481],[16.98312077817656,51.04715296362756],[16.974127574539313,51.04715296362756]]]}},{"type":"Feature","properties":{"jobs":235,"pop":1440,"pointCount":6,"homeWorkCommuteMedian":10307,"workHomeCommuteMedian":3663},"geometry":{"type":"Polygon","coordinates":[[[16.974127574539313,51.05614616726481],[16.974127574539313,51.06513937090205],[16.98312077817656,51.06513937090205],[16.98312077817656,51.05614616726481],[16.974127574539313,51.05614616726481]]]}},{"type":"Feature","properties":{"jobs":59,"pop":1678,"pointCount":7,"homeWorkCommuteMedian":9566,"workHomeCommuteMedian":3877},"geometry":{"type":"Polygon","coordinates":[[[16.974127574539313,51.06513937090205],[16.974127574539313,51.0741325745393],[16.98312077817656,51.0741325745393],[16.98312077817656,51.06513937090205],[16.974127574539313,51.06513937090205]]]}},{"type":"Feature","properties":{"jobs":35,"pop":559,"pointCount":4,"homeWorkCommuteMedian":26792,"workHomeCommuteMedian":4414},"geometry":{"type":"Polygon","coordinates":[[[16.974127574539313,51.0741325745393],[16.974127574539313,51.083125778176544],[16.98312077817656,51.083125778176544],[16.98312077817656,51.0741325745393],[16.974127574539313,51.0741325745393]]]}},{"type":"Feature","properties":{"jobs":376,"pop":485,"pointCount":4,"homeWorkCommuteMedian":6308,"workHomeCommuteMedian":6147},"geometry":{"type":"Polygon","coordinates":[[[16.974127574539313,51.083125778176544],[16.974127574539313,51.09211898181379],[16.98312077817656,51.09211898181379],[16.98312077817656,51.083125778176544],[16.974127574539313,51.083125778176544]]]}},{"type":"Feature","properties":{"jobs":3537,"pop":1162,"pointCount":11,"homeWorkCommuteMedian":6169,"workHomeCommuteMedian":6118},"geometry":{"type":"Polygon","coordinates":[[[16.974127574539313,51.09211898181379],[16.974127574539313,51.101112185451036],[16.98312077817656,51.101112185451036],[16.98312077817656,51.09211898181379],[16.974127574539313,51.09211898181379]]]}},{"type":"Feature","properties":{"jobs":717,"pop":89,"pointCount":1,"homeWorkCommuteMedian":4471,"workHomeCommuteMedian":8149},"geometry":{"type":"Polygon","coordinates":[[[16.974127574539313,51.101112185451036],[16.974127574539313,51.11010538908828],[16.98312077817656,51.11010538908828],[16.98312077817656,51.101112185451036],[16.974127574539313,51.101112185451036]]]}},{"type":"Feature","properties":{"jobs":12758,"pop":97,"pointCount":6,"homeWorkCommuteMedian":4742,"workHomeCommuteMedian":5911},"geometry":{"type":"Polygon","coordinates":[[[16.974127574539313,51.11010538908828],[16.974127574539313,51.11909859272553],[16.98312077817656,51.11909859272553],[16.98312077817656,51.11010538908828],[16.974127574539313,51.11010538908828]]]}},{"type":"Feature","properties":{"jobs":2821,"pop":2474,"pointCount":22,"homeWorkCommuteMedian":6707,"workHomeCommuteMedian":7234},"geometry":{"type":"Polygon","coordinates":[[[16.974127574539313,51.11909859272553],[16.974127574539313,51.128091796362774],[16.98312077817656,51.128091796362774],[16.98312077817656,51.11909859272553],[16.974127574539313,51.11909859272553]]]}},{"type":"Feature","properties":{"jobs":356,"pop":2679,"pointCount":10,"homeWorkCommuteMedian":7018,"workHomeCommuteMedian":12454},"geometry":{"type":"Polygon","coordinates":[[[16.974127574539313,51.128091796362774],[16.974127574539313,51.13708500000002],[16.98312077817656,51.13708500000002],[16.98312077817656,51.128091796362774],[16.974127574539313,51.128091796362774]]]}},{"type":"Feature","properties":{"jobs":23,"pop":0,"pointCount":3,"homeWorkCommuteMedian":-1,"workHomeCommuteMedian":4705},"geometry":{"type":"Polygon","coordinates":[[[16.974127574539313,51.13708500000002],[16.974127574539313,51.146078203637266],[16.98312077817656,51.146078203637266],[16.98312077817656,51.13708500000002],[16.974127574539313,51.13708500000002]]]}},{"type":"Feature","properties":{"jobs":42,"pop":0,"pointCount":1,"homeWorkCommuteMedian":-1,"workHomeCommuteMedian":14431},"geometry":{"type":"Polygon","coordinates":[[[16.974127574539313,51.18205101818625],[16.974127574539313,51.191044221823496],[16.98312077817656,51.191044221823496],[16.98312077817656,51.18205101818625],[16.974127574539313,51.18205101818625]]]}},{"type":"Feature","properties":{"jobs":90,"pop":228,"pointCount":8,"homeWorkCommuteMedian":11993,"workHomeCommuteMedian":10834},"geometry":{"type":"Polygon","coordinates":[[[16.974127574539313,51.191044221823496],[16.974127574539313,51.20003742546074],[16.98312077817656,51.20003742546074],[16.98312077817656,51.191044221823496],[16.974127574539313,51.191044221823496]]]}},{"type":"Feature","properties":{"jobs":31,"pop":0,"pointCount":1,"homeWorkCommuteMedian":-1,"workHomeCommuteMedian":16910},"geometry":{"type":"Polygon","coordinates":[[[16.974127574539313,51.20003742546074],[16.974127574539313,51.20903062909799],[16.98312077817656,51.20903062909799],[16.98312077817656,51.20003742546074],[16.974127574539313,51.20003742546074]]]}},{"type":"Feature","properties":{"jobs":29,"pop":0,"pointCount":1,"homeWorkCommuteMedian":-1,"workHomeCommuteMedian":16244},"geometry":{"type":"Polygon","coordinates":[[[16.974127574539313,51.20903062909799],[16.974127574539313,51.218023832735234],[16.98312077817656,51.218023832735234],[16.98312077817656,51.20903062909799],[16.974127574539313,51.20903062909799]]]}},{"type":"Feature","properties":{"jobs":59,"pop":91,"pointCount":3,"homeWorkCommuteMedian":26575,"workHomeCommuteMedian":8256},"geometry":{"type":"Polygon","coordinates":[[[16.974127574539313,51.218023832735234],[16.974127574539313,51.22701703637248],[16.98312077817656,51.22701703637248],[16.98312077817656,51.218023832735234],[16.974127574539313,51.218023832735234]]]}},{"type":"Feature","properties":{"jobs":41,"pop":137,"pointCount":4,"homeWorkCommuteMedian":21306,"workHomeCommuteMedian":19582},"geometry":{"type":"Polygon","coordinates":[[[16.974127574539313,51.236010240009726],[16.974127574539313,51.24500344364697],[16.98312077817656,51.24500344364697],[16.98312077817656,51.236010240009726],[16.974127574539313,51.236010240009726]]]}},{"type":"Feature","properties":{"jobs":34,"pop":0,"pointCount":1,"homeWorkCommuteMedian":-1,"workHomeCommuteMedian":10527},"geometry":{"type":"Polygon","coordinates":[[[16.974127574539313,51.24500344364697],[16.974127574539313,51.25399664728422],[16.98312077817656,51.25399664728422],[16.98312077817656,51.24500344364697],[16.974127574539313,51.24500344364697]]]}},{"type":"Feature","properties":{"jobs":38,"pop":0,"pointCount":1,"homeWorkCommuteMedian":-1,"workHomeCommuteMedian":32933},"geometry":{"type":"Polygon","coordinates":[[[16.974127574539313,51.31694907274494],[16.974127574539313,51.325942276382186],[16.98312077817656,51.325942276382186],[16.98312077817656,51.31694907274494],[16.974127574539313,51.31694907274494]]]}},{"type":"Feature","properties":{"jobs":0,"pop":28,"pointCount":1,"homeWorkCommuteMedian":1906,"workHomeCommuteMedian":-1},"geometry":{"type":"Polygon","coordinates":[[[16.974127574539313,51.34392868365668],[16.974127574539313,51.352921887293924],[16.98312077817656,51.352921887293924],[16.98312077817656,51.34392868365668],[16.974127574539313,51.34392868365668]]]}},{"type":"Feature","properties":{"jobs":301,"pop":0,"pointCount":1,"homeWorkCommuteMedian":-1,"workHomeCommuteMedian":2762},"geometry":{"type":"Polygon","coordinates":[[[16.974127574539313,51.352921887293924],[16.974127574539313,51.36191509093117],[16.98312077817656,51.36191509093117],[16.98312077817656,51.352921887293924],[16.974127574539313,51.352921887293924]]]}},{"type":"Feature","properties":{"jobs":192,"pop":0,"pointCount":1,"homeWorkCommuteMedian":-1,"workHomeCommuteMedian":13137},"geometry":{"type":"Polygon","coordinates":[[[16.974127574539313,51.36191509093117],[16.974127574539313,51.370908294568416],[16.98312077817656,51.370908294568416],[16.98312077817656,51.36191509093117],[16.974127574539313,51.36191509093117]]]}},{"type":"Feature","properties":{"jobs":0,"pop":30,"pointCount":1,"homeWorkCommuteMedian":1858,"workHomeCommuteMedian":-1},"geometry":{"type":"Polygon","coordinates":[[[16.974127574539313,51.370908294568416],[16.974127574539313,51.37990149820566],[16.98312077817656,51.37990149820566],[16.98312077817656,51.370908294568416],[16.974127574539313,51.370908294568416]]]}},{"type":"Feature","properties":{"jobs":38,"pop":45,"pointCount":1,"homeWorkCommuteMedian":3308,"workHomeCommuteMedian":9070},"geometry":{"type":"Polygon","coordinates":[[[16.974127574539313,51.42486751639189],[16.974127574539313,51.43386072002914],[16.98312077817656,51.43386072002914],[16.98312077817656,51.42486751639189],[16.974127574539313,51.42486751639189]]]}},{"type":"Feature","properties":{"jobs":0,"pop":36,"pointCount":1,"homeWorkCommuteMedian":5912,"workHomeCommuteMedian":-1},"geometry":{"type":"Polygon","coordinates":[[[16.974127574539313,51.43386072002914],[16.974127574539313,51.442853923666384],[16.98312077817656,51.442853923666384],[16.98312077817656,51.43386072002914],[16.974127574539313,51.43386072002914]]]}},{"type":"Feature","properties":{"jobs":74,"pop":46,"pointCount":2,"homeWorkCommuteMedian":16244,"workHomeCommuteMedian":3301},"geometry":{"type":"Polygon","coordinates":[[[16.974127574539313,51.505806349127106],[16.974127574539313,51.51479955276435],[16.98312077817656,51.51479955276435],[16.98312077817656,51.505806349127106],[16.974127574539313,51.505806349127106]]]}},{"type":"Feature","properties":{"jobs":53,"pop":86,"pointCount":2,"homeWorkCommuteMedian":12134,"workHomeCommuteMedian":12599},"geometry":{"type":"Polygon","coordinates":[[[16.974127574539313,51.532785960038844],[16.974127574539313,51.54177916367609],[16.98312077817656,51.54177916367609],[16.98312077817656,51.532785960038844],[16.974127574539313,51.532785960038844]]]}},{"type":"Feature","properties":{"jobs":20,"pop":107,"pointCount":4,"homeWorkCommuteMedian":36447,"workHomeCommuteMedian":56666},"geometry":{"type":"Polygon","coordinates":[[[16.98312077817656,50.75937044723569],[16.98312077817656,50.768363650872935],[16.992113981813805,50.768363650872935],[16.992113981813805,50.75937044723569],[16.98312077817656,50.75937044723569]]]}},{"type":"Feature","properties":{"jobs":34,"pop":0,"pointCount":1,"homeWorkCommuteMedian":-1,"workHomeCommuteMedian":36704},"geometry":{"type":"Polygon","coordinates":[[[16.98312077817656,50.813329669059165],[16.98312077817656,50.82232287269641],[16.992113981813805,50.82232287269641],[16.992113981813805,50.813329669059165],[16.98312077817656,50.813329669059165]]]}},{"type":"Feature","properties":{"jobs":131,"pop":118,"pointCount":6,"homeWorkCommuteMedian":7702,"workHomeCommuteMedian":30817},"geometry":{"type":"Polygon","coordinates":[[[16.98312077817656,50.82232287269641],[16.98312077817656,50.83131607633366],[16.992113981813805,50.83131607633366],[16.992113981813805,50.82232287269641],[16.98312077817656,50.82232287269641]]]}},{"type":"Feature","properties":{"jobs":0,"pop":25,"pointCount":1,"homeWorkCommuteMedian":1498,"workHomeCommuteMedian":-1},"geometry":{"type":"Polygon","coordinates":[[[16.98312077817656,50.84930248360815],[16.98312077817656,50.858295687245395],[16.992113981813805,50.858295687245395],[16.992113981813805,50.84930248360815],[16.98312077817656,50.84930248360815]]]}},{"type":"Feature","properties":{"jobs":191,"pop":189,"pointCount":7,"homeWorkCommuteMedian":6948,"workHomeCommuteMedian":27554},"geometry":{"type":"Polygon","coordinates":[[[16.98312077817656,50.87628209451989],[16.98312077817656,50.88527529815713],[16.992113981813805,50.88527529815713],[16.992113981813805,50.87628209451989],[16.98312077817656,50.87628209451989]]]}},{"type":"Feature","properties":{"jobs":34,"pop":56,"pointCount":2,"homeWorkCommuteMedian":6952,"workHomeCommuteMedian":29353},"geometry":{"type":"Polygon","coordinates":[[[16.98312077817656,50.9572209272551],[16.98312077817656,50.96621413089235],[16.992113981813805,50.96621413089235],[16.992113981813805,50.9572209272551],[16.98312077817656,50.9572209272551]]]}},{"type":"Feature","properties":{"jobs":43,"pop":23,"pointCount":2,"homeWorkCommuteMedian":4944,"workHomeCommuteMedian":12303},"geometry":{"type":"Polygon","coordinates":[[[16.98312077817656,50.96621413089235],[16.98312077817656,50.97520733452959],[16.992113981813805,50.97520733452959],[16.992113981813805,50.96621413089235],[16.98312077817656,50.96621413089235]]]}},{"type":"Feature","properties":{"jobs":0,"pop":79,"pointCount":2,"homeWorkCommuteMedian":34084,"workHomeCommuteMedian":-1},"geometry":{"type":"Polygon","coordinates":[[[16.98312077817656,50.993193741804085],[16.98312077817656,51.00218694544133],[16.992113981813805,51.00218694544133],[16.992113981813805,50.993193741804085],[16.98312077817656,50.993193741804085]]]}},{"type":"Feature","properties":{"jobs":0,"pop":53,"pointCount":1,"homeWorkCommuteMedian":1298,"workHomeCommuteMedian":-1},"geometry":{"type":"Polygon","coordinates":[[[16.98312077817656,51.01118014907858],[16.98312077817656,51.02017335271582],[16.992113981813805,51.02017335271582],[16.992113981813805,51.01118014907858],[16.98312077817656,51.01118014907858]]]}},{"type":"Feature","properties":{"jobs":76,"pop":140,"pointCount":4,"homeWorkCommuteMedian":10641,"workHomeCommuteMedian":18425},"geometry":{"type":"Polygon","coordinates":[[[16.98312077817656,51.02916655635307],[16.98312077817656,51.038159759990315],[16.992113981813805,51.038159759990315],[16.992113981813805,51.02916655635307],[16.98312077817656,51.02916655635307]]]}},{"type":"Feature","properties":{"jobs":33,"pop":31,"pointCount":2,"homeWorkCommuteMedian":4894,"workHomeCommuteMedian":11541},"geometry":{"type":"Polygon","coordinates":[[[16.98312077817656,51.038159759990315],[16.98312077817656,51.04715296362756],[16.992113981813805,51.04715296362756],[16.992113981813805,51.038159759990315],[16.98312077817656,51.038159759990315]]]}},{"type":"Feature","properties":{"jobs":103,"pop":48,"pointCount":2,"homeWorkCommuteMedian":8758,"workHomeCommuteMedian":12845},"geometry":{"type":"Polygon","coordinates":[[[16.98312077817656,51.04715296362756],[16.98312077817656,51.05614616726481],[16.992113981813805,51.05614616726481],[16.992113981813805,51.04715296362756],[16.98312077817656,51.04715296362756]]]}},{"type":"Feature","properties":{"jobs":636,"pop":1451,"pointCount":9,"homeWorkCommuteMedian":7641,"workHomeCommuteMedian":5853},"geometry":{"type":"Polygon","coordinates":[[[16.98312077817656,51.05614616726481],[16.98312077817656,51.06513937090205],[16.992113981813805,51.06513937090205],[16.992113981813805,51.05614616726481],[16.98312077817656,51.05614616726481]]]}},{"type":"Feature","properties":{"jobs":506,"pop":1579,"pointCount":13,"homeWorkCommuteMedian":12954,"workHomeCommuteMedian":7110},"geometry":{"type":"Polygon","coordinates":[[[16.98312077817656,51.06513937090205],[16.98312077817656,51.0741325745393],[16.992113981813805,51.0741325745393],[16.992113981813805,51.06513937090205],[16.98312077817656,51.06513937090205]]]}},{"type":"Feature","properties":{"jobs":424,"pop":1679,"pointCount":10,"homeWorkCommuteMedian":9006,"workHomeCommuteMedian":8836},"geometry":{"type":"Polygon","coordinates":[[[16.98312077817656,51.0741325745393],[16.98312077817656,51.083125778176544],[16.992113981813805,51.083125778176544],[16.992113981813805,51.0741325745393],[16.98312077817656,51.0741325745393]]]}},{"type":"Feature","properties":{"jobs":37,"pop":1274,"pointCount":7,"homeWorkCommuteMedian":5913,"workHomeCommuteMedian":8106},"geometry":{"type":"Polygon","coordinates":[[[16.98312077817656,51.083125778176544],[16.98312077817656,51.09211898181379],[16.992113981813805,51.09211898181379],[16.992113981813805,51.083125778176544],[16.98312077817656,51.083125778176544]]]}},{"type":"Feature","properties":{"jobs":3603,"pop":2871,"pointCount":17,"homeWorkCommuteMedian":5871,"workHomeCommuteMedian":5629},"geometry":{"type":"Polygon","coordinates":[[[16.98312077817656,51.09211898181379],[16.98312077817656,51.101112185451036],[16.992113981813805,51.101112185451036],[16.992113981813805,51.09211898181379],[16.98312077817656,51.09211898181379]]]}},{"type":"Feature","properties":{"jobs":2728,"pop":0,"pointCount":3,"homeWorkCommuteMedian":-1,"workHomeCommuteMedian":9112},"geometry":{"type":"Polygon","coordinates":[[[16.98312077817656,51.101112185451036],[16.98312077817656,51.11010538908828],[16.992113981813805,51.11010538908828],[16.992113981813805,51.101112185451036],[16.98312077817656,51.101112185451036]]]}},{"type":"Feature","properties":{"jobs":4931,"pop":134,"pointCount":5,"homeWorkCommuteMedian":6601,"workHomeCommuteMedian":6388},"geometry":{"type":"Polygon","coordinates":[[[16.98312077817656,51.11010538908828],[16.98312077817656,51.11909859272553],[16.992113981813805,51.11909859272553],[16.992113981813805,51.11010538908828],[16.98312077817656,51.11010538908828]]]}},{"type":"Feature","properties":{"jobs":2084,"pop":4554,"pointCount":18,"homeWorkCommuteMedian":6553,"workHomeCommuteMedian":6161},"geometry":{"type":"Polygon","coordinates":[[[16.98312077817656,51.11909859272553],[16.98312077817656,51.128091796362774],[16.992113981813805,51.128091796362774],[16.992113981813805,51.11909859272553],[16.98312077817656,51.11909859272553]]]}},{"type":"Feature","properties":{"jobs":405,"pop":340,"pointCount":3,"homeWorkCommuteMedian":7405,"workHomeCommuteMedian":8774},"geometry":{"type":"Polygon","coordinates":[[[16.98312077817656,51.128091796362774],[16.98312077817656,51.13708500000002],[16.992113981813805,51.13708500000002],[16.992113981813805,51.128091796362774],[16.98312077817656,51.128091796362774]]]}},{"type":"Feature","properties":{"jobs":344,"pop":414,"pointCount":7,"homeWorkCommuteMedian":9534,"workHomeCommuteMedian":5692},"geometry":{"type":"Polygon","coordinates":[[[16.98312077817656,51.13708500000002],[16.98312077817656,51.146078203637266],[16.992113981813805,51.146078203637266],[16.992113981813805,51.13708500000002],[16.98312077817656,51.13708500000002]]]}},{"type":"Feature","properties":{"jobs":0,"pop":968,"pointCount":6,"homeWorkCommuteMedian":8742,"workHomeCommuteMedian":-1},"geometry":{"type":"Polygon","coordinates":[[[16.98312077817656,51.146078203637266],[16.98312077817656,51.15507140727451],[16.992113981813805,51.15507140727451],[16.992113981813805,51.146078203637266],[16.98312077817656,51.146078203637266]]]}},{"type":"Feature","properties":{"jobs":82,"pop":41,"pointCount":2,"homeWorkCommuteMedian":28158,"workHomeCommuteMedian":14280},"geometry":{"type":"Polygon","coordinates":[[[16.98312077817656,51.173057814549004],[16.98312077817656,51.18205101818625],[16.992113981813805,51.18205101818625],[16.992113981813805,51.173057814549004],[16.98312077817656,51.173057814549004]]]}},{"type":"Feature","properties":{"jobs":0,"pop":173,"pointCount":4,"homeWorkCommuteMedian":21225,"workHomeCommuteMedian":-1},"geometry":{"type":"Polygon","coordinates":[[[16.98312077817656,51.218023832735234],[16.98312077817656,51.22701703637248],[16.992113981813805,51.22701703637248],[16.992113981813805,51.218023832735234],[16.98312077817656,51.218023832735234]]]}},{"type":"Feature","properties":{"jobs":74,"pop":0,"pointCount":1,"homeWorkCommuteMedian":-1,"workHomeCommuteMedian":22989},"geometry":{"type":"Polygon","coordinates":[[[16.98312077817656,51.22701703637248],[16.98312077817656,51.236010240009726],[16.992113981813805,51.236010240009726],[16.992113981813805,51.22701703637248],[16.98312077817656,51.22701703637248]]]}},{"type":"Feature","properties":{"jobs":0,"pop":20,"pointCount":1,"homeWorkCommuteMedian":8710,"workHomeCommuteMedian":-1},"geometry":{"type":"Polygon","coordinates":[[[16.98312077817656,51.31694907274494],[16.98312077817656,51.325942276382186],[16.992113981813805,51.325942276382186],[16.992113981813805,51.31694907274494],[16.98312077817656,51.31694907274494]]]}},{"type":"Feature","properties":{"jobs":263,"pop":0,"pointCount":1,"homeWorkCommuteMedian":-1,"workHomeCommuteMedian":8546},"geometry":{"type":"Polygon","coordinates":[[[16.98312077817656,51.352921887293924],[16.98312077817656,51.36191509093117],[16.992113981813805,51.36191509093117],[16.992113981813805,51.352921887293924],[16.98312077817656,51.352921887293924]]]}},{"type":"Feature","properties":{"jobs":188,"pop":0,"pointCount":1,"homeWorkCommuteMedian":-1,"workHomeCommuteMedian":5045},"geometry":{"type":"Polygon","coordinates":[[[16.98312077817656,51.36191509093117],[16.98312077817656,51.370908294568416],[16.992113981813805,51.370908294568416],[16.992113981813805,51.36191509093117],[16.98312077817656,51.36191509093117]]]}},{"type":"Feature","properties":{"jobs":24,"pop":0,"pointCount":1,"homeWorkCommuteMedian":-1,"workHomeCommuteMedian":53710},"geometry":{"type":"Polygon","coordinates":[[[16.98312077817656,51.43386072002914],[16.98312077817656,51.442853923666384],[16.992113981813805,51.442853923666384],[16.992113981813805,51.43386072002914],[16.98312077817656,51.43386072002914]]]}},{"type":"Feature","properties":{"jobs":92,"pop":50,"pointCount":5,"homeWorkCommuteMedian":22065,"workHomeCommuteMedian":41185},"geometry":{"type":"Polygon","coordinates":[[[16.992113981813805,50.75937044723569],[16.992113981813805,50.768363650872935],[17.00110718545105,50.768363650872935],[17.00110718545105,50.75937044723569],[16.992113981813805,50.75937044723569]]]}},{"type":"Feature","properties":{"jobs":61,"pop":35,"pointCount":2,"homeWorkCommuteMedian":39305,"workHomeCommuteMedian":43827},"geometry":{"type":"Polygon","coordinates":[[[16.992113981813805,50.813329669059165],[16.992113981813805,50.82232287269641],[17.00110718545105,50.82232287269641],[17.00110718545105,50.813329669059165],[16.992113981813805,50.813329669059165]]]}},{"type":"Feature","properties":{"jobs":112,"pop":128,"pointCount":4,"homeWorkCommuteMedian":14353,"workHomeCommuteMedian":6363},"geometry":{"type":"Polygon","coordinates":[[[16.992113981813805,50.87628209451989],[16.992113981813805,50.88527529815713],[17.00110718545105,50.88527529815713],[17.00110718545105,50.87628209451989],[16.992113981813805,50.87628209451989]]]}},{"type":"Feature","properties":{"jobs":200,"pop":0,"pointCount":3,"homeWorkCommuteMedian":-1,"workHomeCommuteMedian":6216},"geometry":{"type":"Polygon","coordinates":[[[16.992113981813805,50.88527529815713],[16.992113981813805,50.89426850179438],[17.00110718545105,50.89426850179438],[17.00110718545105,50.88527529815713],[16.992113981813805,50.88527529815713]]]}},{"type":"Feature","properties":{"jobs":0,"pop":39,"pointCount":1,"homeWorkCommuteMedian":32367,"workHomeCommuteMedian":-1},"geometry":{"type":"Polygon","coordinates":[[[16.992113981813805,50.89426850179438],[16.992113981813805,50.903261705431625],[17.00110718545105,50.903261705431625],[17.00110718545105,50.89426850179438],[16.992113981813805,50.89426850179438]]]}},{"type":"Feature","properties":{"jobs":0,"pop":37,"pointCount":1,"homeWorkCommuteMedian":4242,"workHomeCommuteMedian":-1},"geometry":{"type":"Polygon","coordinates":[[[16.992113981813805,50.903261705431625],[16.992113981813805,50.91225490906887],[17.00110718545105,50.91225490906887],[17.00110718545105,50.903261705431625],[16.992113981813805,50.903261705431625]]]}},{"type":"Feature","properties":{"jobs":0,"pop":45,"pointCount":2,"homeWorkCommuteMedian":10128,"workHomeCommuteMedian":-1},"geometry":{"type":"Polygon","coordinates":[[[16.992113981813805,50.92124811270612],[16.992113981813805,50.93024131634336],[17.00110718545105,50.93024131634336],[17.00110718545105,50.92124811270612],[16.992113981813805,50.92124811270612]]]}},{"type":"Feature","properties":{"jobs":0,"pop":40,"pointCount":1,"homeWorkCommuteMedian":6594,"workHomeCommuteMedian":-1},"geometry":{"type":"Polygon","coordinates":[[[16.992113981813805,50.96621413089235],[16.992113981813805,50.97520733452959],[17.00110718545105,50.97520733452959],[17.00110718545105,50.96621413089235],[16.992113981813805,50.96621413089235]]]}},{"type":"Feature","properties":{"jobs":0,"pop":41,"pointCount":2,"homeWorkCommuteMedian":17402,"workHomeCommuteMedian":-1},"geometry":{"type":"Polygon","coordinates":[[[16.992113981813805,50.97520733452959],[16.992113981813805,50.98420053816684],[17.00110718545105,50.98420053816684],[17.00110718545105,50.97520733452959],[16.992113981813805,50.97520733452959]]]}},{"type":"Feature","properties":{"jobs":22,"pop":70,"pointCount":2,"homeWorkCommuteMedian":6963,"workHomeCommuteMedian":11292},"geometry":{"type":"Polygon","coordinates":[[[16.992113981813805,50.98420053816684],[16.992113981813805,50.993193741804085],[17.00110718545105,50.993193741804085],[17.00110718545105,50.98420053816684],[16.992113981813805,50.98420053816684]]]}},{"type":"Feature","properties":{"jobs":0,"pop":282,"pointCount":3,"homeWorkCommuteMedian":9296,"workHomeCommuteMedian":-1},"geometry":{"type":"Polygon","coordinates":[[[16.992113981813805,51.01118014907858],[16.992113981813805,51.02017335271582],[17.00110718545105,51.02017335271582],[17.00110718545105,51.01118014907858],[16.992113981813805,51.01118014907858]]]}},{"type":"Feature","properties":{"jobs":32,"pop":294,"pointCount":6,"homeWorkCommuteMedian":12557,"workHomeCommuteMedian":9953},"geometry":{"type":"Polygon","coordinates":[[[16.992113981813805,51.02916655635307],[16.992113981813805,51.038159759990315],[17.00110718545105,51.038159759990315],[17.00110718545105,51.02916655635307],[16.992113981813805,51.02916655635307]]]}},{"type":"Feature","properties":{"jobs":0,"pop":38,"pointCount":1,"homeWorkCommuteMedian":11855,"workHomeCommuteMedian":-1},"geometry":{"type":"Polygon","coordinates":[[[16.992113981813805,51.038159759990315],[16.992113981813805,51.04715296362756],[17.00110718545105,51.04715296362756],[17.00110718545105,51.038159759990315],[16.992113981813805,51.038159759990315]]]}},{"type":"Feature","properties":{"jobs":0,"pop":88,"pointCount":1,"homeWorkCommuteMedian":7827,"workHomeCommuteMedian":-1},"geometry":{"type":"Polygon","coordinates":[[[16.992113981813805,51.04715296362756],[16.992113981813805,51.05614616726481],[17.00110718545105,51.05614616726481],[17.00110718545105,51.04715296362756],[16.992113981813805,51.04715296362756]]]}},{"type":"Feature","properties":{"jobs":983,"pop":1225,"pointCount":9,"homeWorkCommuteMedian":8854,"workHomeCommuteMedian":5476},"geometry":{"type":"Polygon","coordinates":[[[16.992113981813805,51.05614616726481],[16.992113981813805,51.06513937090205],[17.00110718545105,51.06513937090205],[17.00110718545105,51.05614616726481],[16.992113981813805,51.05614616726481]]]}},{"type":"Feature","properties":{"jobs":353,"pop":3995,"pointCount":15,"homeWorkCommuteMedian":7803,"workHomeCommuteMedian":7932},"geometry":{"type":"Polygon","coordinates":[[[16.992113981813805,51.06513937090205],[16.992113981813805,51.0741325745393],[17.00110718545105,51.0741325745393],[17.00110718545105,51.06513937090205],[16.992113981813805,51.06513937090205]]]}},{"type":"Feature","properties":{"jobs":775,"pop":1883,"pointCount":8,"homeWorkCommuteMedian":9182,"workHomeCommuteMedian":6184},"geometry":{"type":"Polygon","coordinates":[[[16.992113981813805,51.0741325745393],[16.992113981813805,51.083125778176544],[17.00110718545105,51.083125778176544],[17.00110718545105,51.0741325745393],[16.992113981813805,51.0741325745393]]]}},{"type":"Feature","properties":{"jobs":820,"pop":1369,"pointCount":10,"homeWorkCommuteMedian":6955,"workHomeCommuteMedian":5328},"geometry":{"type":"Polygon","coordinates":[[[16.992113981813805,51.083125778176544],[16.992113981813805,51.09211898181379],[17.00110718545105,51.09211898181379],[17.00110718545105,51.083125778176544],[16.992113981813805,51.083125778176544]]]}},{"type":"Feature","properties":{"jobs":629,"pop":2415,"pointCount":12,"homeWorkCommuteMedian":4830,"workHomeCommuteMedian":6099},"geometry":{"type":"Polygon","coordinates":[[[16.992113981813805,51.09211898181379],[16.992113981813805,51.101112185451036],[17.00110718545105,51.101112185451036],[17.00110718545105,51.09211898181379],[16.992113981813805,51.09211898181379]]]}},{"type":"Feature","properties":{"jobs":751,"pop":1238,"pointCount":7,"homeWorkCommuteMedian":5965,"workHomeCommuteMedian":4615},"geometry":{"type":"Polygon","coordinates":[[[16.992113981813805,51.101112185451036],[16.992113981813805,51.11010538908828],[17.00110718545105,51.11010538908828],[17.00110718545105,51.101112185451036],[16.992113981813805,51.101112185451036]]]}},{"type":"Feature","properties":{"jobs":10247,"pop":1366,"pointCount":13,"homeWorkCommuteMedian":5176,"workHomeCommuteMedian":5761},"geometry":{"type":"Polygon","coordinates":[[[16.992113981813805,51.11010538908828],[16.992113981813805,51.11909859272553],[17.00110718545105,51.11909859272553],[17.00110718545105,51.11010538908828],[16.992113981813805,51.11010538908828]]]}},{"type":"Feature","properties":{"jobs":1066,"pop":3021,"pointCount":17,"homeWorkCommuteMedian":6366,"workHomeCommuteMedian":5264},"geometry":{"type":"Polygon","coordinates":[[[16.992113981813805,51.11909859272553],[16.992113981813805,51.128091796362774],[17.00110718545105,51.128091796362774],[17.00110718545105,51.11909859272553],[16.992113981813805,51.11909859272553]]]}},{"type":"Feature","properties":{"jobs":74,"pop":28,"pointCount":2,"homeWorkCommuteMedian":2767,"workHomeCommuteMedian":8027},"geometry":{"type":"Polygon","coordinates":[[[16.992113981813805,51.128091796362774],[16.992113981813805,51.13708500000002],[17.00110718545105,51.13708500000002],[17.00110718545105,51.128091796362774],[16.992113981813805,51.128091796362774]]]}},{"type":"Feature","properties":{"jobs":33,"pop":307,"pointCount":5,"homeWorkCommuteMedian":5528,"workHomeCommuteMedian":7684},"geometry":{"type":"Polygon","coordinates":[[[16.992113981813805,51.13708500000002],[16.992113981813805,51.146078203637266],[17.00110718545105,51.146078203637266],[17.00110718545105,51.13708500000002],[16.992113981813805,51.13708500000002]]]}},{"type":"Feature","properties":{"jobs":69,"pop":29,"pointCount":2,"homeWorkCommuteMedian":8742,"workHomeCommuteMedian":12164},"geometry":{"type":"Polygon","coordinates":[[[16.992113981813805,51.146078203637266],[16.992113981813805,51.15507140727451],[17.00110718545105,51.15507140727451],[17.00110718545105,51.146078203637266],[16.992113981813805,51.146078203637266]]]}},{"type":"Feature","properties":{"jobs":42,"pop":66,"pointCount":2,"homeWorkCommuteMedian":26761,"workHomeCommuteMedian":10020},"geometry":{"type":"Polygon","coordinates":[[[16.992113981813805,51.16406461091176],[16.992113981813805,51.173057814549004],[17.00110718545105,51.173057814549004],[17.00110718545105,51.16406461091176],[16.992113981813805,51.16406461091176]]]}},{"type":"Feature","properties":{"jobs":51,"pop":1075,"pointCount":6,"homeWorkCommuteMedian":12460,"workHomeCommuteMedian":7896},"geometry":{"type":"Polygon","coordinates":[[[16.992113981813805,51.173057814549004],[16.992113981813805,51.18205101818625],[17.00110718545105,51.18205101818625],[17.00110718545105,51.173057814549004],[16.992113981813805,51.173057814549004]]]}},{"type":"Feature","properties":{"jobs":92,"pop":0,"pointCount":1,"homeWorkCommuteMedian":-1,"workHomeCommuteMedian":20270},"geometry":{"type":"Polygon","coordinates":[[[16.992113981813805,51.20003742546074],[16.992113981813805,51.20903062909799],[17.00110718545105,51.20903062909799],[17.00110718545105,51.20003742546074],[16.992113981813805,51.20003742546074]]]}},{"type":"Feature","properties":{"jobs":0,"pop":41,"pointCount":1,"homeWorkCommuteMedian":6034,"workHomeCommuteMedian":-1},"geometry":{"type":"Polygon","coordinates":[[[16.992113981813805,51.2899694618332],[16.992113981813805,51.29896266547045],[17.00110718545105,51.29896266547045],[17.00110718545105,51.2899694618332],[16.992113981813805,51.2899694618332]]]}},{"type":"Feature","properties":{"jobs":224,"pop":0,"pointCount":2,"homeWorkCommuteMedian":-1,"workHomeCommuteMedian":8659},"geometry":{"type":"Polygon","coordinates":[[[16.992113981813805,51.352921887293924],[16.992113981813805,51.36191509093117],[17.00110718545105,51.36191509093117],[17.00110718545105,51.352921887293924],[16.992113981813805,51.352921887293924]]]}},{"type":"Feature","properties":{"jobs":35,"pop":132,"pointCount":4,"homeWorkCommuteMedian":3078,"workHomeCommuteMedian":42356},"geometry":{"type":"Polygon","coordinates":[[[16.992113981813805,51.36191509093117],[16.992113981813805,51.370908294568416],[17.00110718545105,51.370908294568416],[17.00110718545105,51.36191509093117],[16.992113981813805,51.36191509093117]]]}},{"type":"Feature","properties":{"jobs":36,"pop":47,"pointCount":3,"homeWorkCommuteMedian":18912,"workHomeCommuteMedian":13764},"geometry":{"type":"Polygon","coordinates":[[[16.992113981813805,51.370908294568416],[16.992113981813805,51.37990149820566],[17.00110718545105,51.37990149820566],[17.00110718545105,51.370908294568416],[16.992113981813805,51.370908294568416]]]}},{"type":"Feature","properties":{"jobs":0,"pop":107,"pointCount":3,"homeWorkCommuteMedian":7000,"workHomeCommuteMedian":-1},"geometry":{"type":"Polygon","coordinates":[[[17.00110718545105,50.78635005814743],[17.00110718545105,50.79534326178467],[17.010100389088297,50.79534326178467],[17.010100389088297,50.78635005814743],[17.00110718545105,50.78635005814743]]]}},{"type":"Feature","properties":{"jobs":40,"pop":26,"pointCount":2,"homeWorkCommuteMedian":1348,"workHomeCommuteMedian":32011},"geometry":{"type":"Polygon","coordinates":[[[17.00110718545105,50.88527529815713],[17.00110718545105,50.89426850179438],[17.010100389088297,50.89426850179438],[17.010100389088297,50.88527529815713],[17.00110718545105,50.88527529815713]]]}},{"type":"Feature","properties":{"jobs":0,"pop":42,"pointCount":1,"homeWorkCommuteMedian":9104,"workHomeCommuteMedian":-1},"geometry":{"type":"Polygon","coordinates":[[[17.00110718545105,50.89426850179438],[17.00110718545105,50.903261705431625],[17.010100389088297,50.903261705431625],[17.010100389088297,50.89426850179438],[17.00110718545105,50.89426850179438]]]}},{"type":"Feature","properties":{"jobs":0,"pop":43,"pointCount":1,"homeWorkCommuteMedian":31660,"workHomeCommuteMedian":-1},"geometry":{"type":"Polygon","coordinates":[[[17.00110718545105,50.903261705431625],[17.00110718545105,50.91225490906887],[17.010100389088297,50.91225490906887],[17.010100389088297,50.903261705431625],[17.00110718545105,50.903261705431625]]]}},{"type":"Feature","properties":{"jobs":66,"pop":52,"pointCount":2,"homeWorkCommuteMedian":4754,"workHomeCommuteMedian":3122},"geometry":{"type":"Polygon","coordinates":[[[17.00110718545105,50.97520733452959],[17.00110718545105,50.98420053816684],[17.010100389088297,50.98420053816684],[17.010100389088297,50.97520733452959],[17.00110718545105,50.97520733452959]]]}},{"type":"Feature","properties":{"jobs":0,"pop":55,"pointCount":2,"homeWorkCommuteMedian":4199,"workHomeCommuteMedian":-1},"geometry":{"type":"Polygon","coordinates":[[[17.00110718545105,50.98420053816684],[17.00110718545105,50.993193741804085],[17.010100389088297,50.993193741804085],[17.010100389088297,50.98420053816684],[17.00110718545105,50.98420053816684]]]}},{"type":"Feature","properties":{"jobs":0,"pop":61,"pointCount":1,"homeWorkCommuteMedian":6967,"workHomeCommuteMedian":-1},"geometry":{"type":"Polygon","coordinates":[[[17.00110718545105,50.993193741804085],[17.00110718545105,51.00218694544133],[17.010100389088297,51.00218694544133],[17.010100389088297,50.993193741804085],[17.00110718545105,50.993193741804085]]]}},{"type":"Feature","properties":{"jobs":180,"pop":451,"pointCount":8,"homeWorkCommuteMedian":6091,"workHomeCommuteMedian":14164},"geometry":{"type":"Polygon","coordinates":[[[17.00110718545105,51.01118014907858],[17.00110718545105,51.02017335271582],[17.010100389088297,51.02017335271582],[17.010100389088297,51.01118014907858],[17.00110718545105,51.01118014907858]]]}},{"type":"Feature","properties":{"jobs":0,"pop":178,"pointCount":3,"homeWorkCommuteMedian":9144,"workHomeCommuteMedian":-1},"geometry":{"type":"Polygon","coordinates":[[[17.00110718545105,51.02017335271582],[17.00110718545105,51.02916655635307],[17.010100389088297,51.02916655635307],[17.010100389088297,51.02017335271582],[17.00110718545105,51.02017335271582]]]}},{"type":"Feature","properties":{"jobs":0,"pop":96,"pointCount":1,"homeWorkCommuteMedian":11337,"workHomeCommuteMedian":-1},"geometry":{"type":"Polygon","coordinates":[[[17.00110718545105,51.02916655635307],[17.00110718545105,51.038159759990315],[17.010100389088297,51.038159759990315],[17.010100389088297,51.02916655635307],[17.00110718545105,51.02916655635307]]]}},{"type":"Feature","properties":{"jobs":28,"pop":0,"pointCount":1,"homeWorkCommuteMedian":-1,"workHomeCommuteMedian":8300},"geometry":{"type":"Polygon","coordinates":[[[17.00110718545105,51.038159759990315],[17.00110718545105,51.04715296362756],[17.010100389088297,51.04715296362756],[17.010100389088297,51.038159759990315],[17.00110718545105,51.038159759990315]]]}},{"type":"Feature","properties":{"jobs":92,"pop":3186,"pointCount":16,"homeWorkCommuteMedian":8911,"workHomeCommuteMedian":7395},"geometry":{"type":"Polygon","coordinates":[[[17.00110718545105,51.04715296362756],[17.00110718545105,51.05614616726481],[17.010100389088297,51.05614616726481],[17.010100389088297,51.04715296362756],[17.00110718545105,51.04715296362756]]]}},{"type":"Feature","properties":{"jobs":1591,"pop":1625,"pointCount":11,"homeWorkCommuteMedian":11835,"workHomeCommuteMedian":8190},"geometry":{"type":"Polygon","coordinates":[[[17.00110718545105,51.05614616726481],[17.00110718545105,51.06513937090205],[17.010100389088297,51.06513937090205],[17.010100389088297,51.05614616726481],[17.00110718545105,51.05614616726481]]]}},{"type":"Feature","properties":{"jobs":1541,"pop":1548,"pointCount":9,"homeWorkCommuteMedian":6240,"workHomeCommuteMedian":5090},"geometry":{"type":"Polygon","coordinates":[[[17.00110718545105,51.06513937090205],[17.00110718545105,51.0741325745393],[17.010100389088297,51.0741325745393],[17.010100389088297,51.06513937090205],[17.00110718545105,51.06513937090205]]]}},{"type":"Feature","properties":{"jobs":1324,"pop":934,"pointCount":12,"homeWorkCommuteMedian":7635,"workHomeCommuteMedian":6721},"geometry":{"type":"Polygon","coordinates":[[[17.00110718545105,51.0741325745393],[17.00110718545105,51.083125778176544],[17.010100389088297,51.083125778176544],[17.010100389088297,51.0741325745393],[17.00110718545105,51.0741325745393]]]}},{"type":"Feature","properties":{"jobs":1719,"pop":4527,"pointCount":18,"homeWorkCommuteMedian":6100,"workHomeCommuteMedian":5232},"geometry":{"type":"Polygon","coordinates":[[[17.00110718545105,51.083125778176544],[17.00110718545105,51.09211898181379],[17.010100389088297,51.09211898181379],[17.010100389088297,51.083125778176544],[17.00110718545105,51.083125778176544]]]}},{"type":"Feature","properties":{"jobs":1240,"pop":6230,"pointCount":31,"homeWorkCommuteMedian":4791,"workHomeCommuteMedian":4749},"geometry":{"type":"Polygon","coordinates":[[[17.00110718545105,51.09211898181379],[17.00110718545105,51.101112185451036],[17.010100389088297,51.101112185451036],[17.010100389088297,51.09211898181379],[17.00110718545105,51.09211898181379]]]}},{"type":"Feature","properties":{"jobs":3015,"pop":1692,"pointCount":10,"homeWorkCommuteMedian":12451,"workHomeCommuteMedian":6197},"geometry":{"type":"Polygon","coordinates":[[[17.00110718545105,51.101112185451036],[17.00110718545105,51.11010538908828],[17.010100389088297,51.11010538908828],[17.010100389088297,51.101112185451036],[17.00110718545105,51.101112185451036]]]}},{"type":"Feature","properties":{"jobs":3516,"pop":4321,"pointCount":24,"homeWorkCommuteMedian":5111,"workHomeCommuteMedian":4900},"geometry":{"type":"Polygon","coordinates":[[[17.00110718545105,51.11010538908828],[17.00110718545105,51.11909859272553],[17.010100389088297,51.11909859272553],[17.010100389088297,51.11010538908828],[17.00110718545105,51.11010538908828]]]}},{"type":"Feature","properties":{"jobs":1899,"pop":1680,"pointCount":7,"homeWorkCommuteMedian":4483,"workHomeCommuteMedian":7451},"geometry":{"type":"Polygon","coordinates":[[[17.00110718545105,51.11909859272553],[17.00110718545105,51.128091796362774],[17.010100389088297,51.128091796362774],[17.010100389088297,51.11909859272553],[17.00110718545105,51.11909859272553]]]}},{"type":"Feature","properties":{"jobs":1232,"pop":38,"pointCount":4,"homeWorkCommuteMedian":16801,"workHomeCommuteMedian":6324},"geometry":{"type":"Polygon","coordinates":[[[17.00110718545105,51.15507140727451],[17.00110718545105,51.16406461091176],[17.010100389088297,51.16406461091176],[17.010100389088297,51.15507140727451],[17.00110718545105,51.15507140727451]]]}},{"type":"Feature","properties":{"jobs":296,"pop":438,"pointCount":8,"homeWorkCommuteMedian":10861,"workHomeCommuteMedian":12546},"geometry":{"type":"Polygon","coordinates":[[[17.00110718545105,51.16406461091176],[17.00110718545105,51.173057814549004],[17.010100389088297,51.173057814549004],[17.010100389088297,51.16406461091176],[17.00110718545105,51.16406461091176]]]}},{"type":"Feature","properties":{"jobs":228,"pop":1559,"pointCount":10,"homeWorkCommuteMedian":10570,"workHomeCommuteMedian":9661},"geometry":{"type":"Polygon","coordinates":[[[17.00110718545105,51.173057814549004],[17.00110718545105,51.18205101818625],[17.010100389088297,51.18205101818625],[17.010100389088297,51.173057814549004],[17.00110718545105,51.173057814549004]]]}},{"type":"Feature","properties":{"jobs":0,"pop":158,"pointCount":2,"homeWorkCommuteMedian":13424,"workHomeCommuteMedian":-1},"geometry":{"type":"Polygon","coordinates":[[[17.00110718545105,51.18205101818625],[17.00110718545105,51.191044221823496],[17.010100389088297,51.191044221823496],[17.010100389088297,51.18205101818625],[17.00110718545105,51.18205101818625]]]}},{"type":"Feature","properties":{"jobs":25,"pop":0,"pointCount":1,"homeWorkCommuteMedian":-1,"workHomeCommuteMedian":841},"geometry":{"type":"Polygon","coordinates":[[[17.00110718545105,51.191044221823496],[17.00110718545105,51.20003742546074],[17.010100389088297,51.20003742546074],[17.010100389088297,51.191044221823496],[17.00110718545105,51.191044221823496]]]}},{"type":"Feature","properties":{"jobs":34,"pop":154,"pointCount":6,"homeWorkCommuteMedian":13563,"workHomeCommuteMedian":28832},"geometry":{"type":"Polygon","coordinates":[[[17.00110718545105,51.236010240009726],[17.00110718545105,51.24500344364697],[17.010100389088297,51.24500344364697],[17.010100389088297,51.236010240009726],[17.00110718545105,51.236010240009726]]]}},{"type":"Feature","properties":{"jobs":67,"pop":102,"pointCount":6,"homeWorkCommuteMedian":9924,"workHomeCommuteMedian":26623},"geometry":{"type":"Polygon","coordinates":[[[17.00110718545105,51.27198305455871],[17.00110718545105,51.280976258195956],[17.010100389088297,51.280976258195956],[17.010100389088297,51.27198305455871],[17.00110718545105,51.27198305455871]]]}},{"type":"Feature","properties":{"jobs":0,"pop":48,"pointCount":1,"homeWorkCommuteMedian":19534,"workHomeCommuteMedian":-1},"geometry":{"type":"Polygon","coordinates":[[[17.00110718545105,51.29896266547045],[17.00110718545105,51.307955869107694],[17.010100389088297,51.307955869107694],[17.010100389088297,51.29896266547045],[17.00110718545105,51.29896266547045]]]}},{"type":"Feature","properties":{"jobs":21,"pop":46,"pointCount":2,"homeWorkCommuteMedian":6553,"workHomeCommuteMedian":4565},"geometry":{"type":"Polygon","coordinates":[[[17.00110718545105,51.307955869107694],[17.00110718545105,51.31694907274494],[17.010100389088297,51.31694907274494],[17.010100389088297,51.307955869107694],[17.00110718545105,51.307955869107694]]]}},{"type":"Feature","properties":{"jobs":25,"pop":50,"pointCount":2,"homeWorkCommuteMedian":7403,"workHomeCommuteMedian":7055},"geometry":{"type":"Polygon","coordinates":[[[17.00110718545105,51.31694907274494],[17.00110718545105,51.325942276382186],[17.010100389088297,51.325942276382186],[17.010100389088297,51.31694907274494],[17.00110718545105,51.31694907274494]]]}},{"type":"Feature","properties":{"jobs":27,"pop":0,"pointCount":1,"homeWorkCommuteMedian":-1,"workHomeCommuteMedian":35970},"geometry":{"type":"Polygon","coordinates":[[[17.00110718545105,51.370908294568416],[17.00110718545105,51.37990149820566],[17.010100389088297,51.37990149820566],[17.010100389088297,51.370908294568416],[17.00110718545105,51.370908294568416]]]}},{"type":"Feature","properties":{"jobs":31,"pop":59,"pointCount":1,"homeWorkCommuteMedian":16614,"workHomeCommuteMedian":17275},"geometry":{"type":"Polygon","coordinates":[[[17.00110718545105,51.415874312754646],[17.00110718545105,51.42486751639189],[17.010100389088297,51.42486751639189],[17.010100389088297,51.415874312754646],[17.00110718545105,51.415874312754646]]]}},{"type":"Feature","properties":{"jobs":40,"pop":129,"pointCount":2,"homeWorkCommuteMedian":12748,"workHomeCommuteMedian":3308},"geometry":{"type":"Polygon","coordinates":[[[17.00110718545105,51.42486751639189],[17.00110718545105,51.43386072002914],[17.010100389088297,51.43386072002914],[17.010100389088297,51.42486751639189],[17.00110718545105,51.42486751639189]]]}},{"type":"Feature","properties":{"jobs":66,"pop":48,"pointCount":2,"homeWorkCommuteMedian":11265,"workHomeCommuteMedian":85532},"geometry":{"type":"Polygon","coordinates":[[[17.00110718545105,51.45184712730363],[17.00110718545105,51.460840330940876],[17.010100389088297,51.460840330940876],[17.010100389088297,51.45184712730363],[17.00110718545105,51.45184712730363]]]}},{"type":"Feature","properties":{"jobs":0,"pop":34,"pointCount":1,"homeWorkCommuteMedian":17946,"workHomeCommuteMedian":-1},"geometry":{"type":"Polygon","coordinates":[[[17.00110718545105,51.460840330940876],[17.00110718545105,51.46983353457812],[17.010100389088297,51.46983353457812],[17.010100389088297,51.460840330940876],[17.00110718545105,51.460840330940876]]]}},{"type":"Feature","properties":{"jobs":0,"pop":20,"pointCount":1,"homeWorkCommuteMedian":8397,"workHomeCommuteMedian":-1},"geometry":{"type":"Polygon","coordinates":[[[17.010100389088297,50.71440442904946],[17.010100389088297,50.723397632686705],[17.019093592725543,50.723397632686705],[17.019093592725543,50.71440442904946],[17.010100389088297,50.71440442904946]]]}},{"type":"Feature","properties":{"jobs":33,"pop":25,"pointCount":2,"homeWorkCommuteMedian":2354,"workHomeCommuteMedian":47187},"geometry":{"type":"Polygon","coordinates":[[[17.010100389088297,50.723397632686705],[17.010100389088297,50.73239083632395],[17.019093592725543,50.73239083632395],[17.019093592725543,50.723397632686705],[17.010100389088297,50.723397632686705]]]}},{"type":"Feature","properties":{"jobs":20,"pop":55,"pointCount":3,"homeWorkCommuteMedian":6052,"workHomeCommuteMedian":8342},"geometry":{"type":"Polygon","coordinates":[[[17.010100389088297,50.75937044723569],[17.010100389088297,50.768363650872935],[17.019093592725543,50.768363650872935],[17.019093592725543,50.75937044723569],[17.010100389088297,50.75937044723569]]]}},{"type":"Feature","properties":{"jobs":0,"pop":34,"pointCount":1,"homeWorkCommuteMedian":5423,"workHomeCommuteMedian":-1},"geometry":{"type":"Polygon","coordinates":[[[17.010100389088297,50.80433646542192],[17.010100389088297,50.813329669059165],[17.019093592725543,50.813329669059165],[17.019093592725543,50.80433646542192],[17.010100389088297,50.80433646542192]]]}},{"type":"Feature","properties":{"jobs":29,"pop":51,"pointCount":2,"homeWorkCommuteMedian":3119,"workHomeCommuteMedian":31387},"geometry":{"type":"Polygon","coordinates":[[[17.010100389088297,50.83131607633366],[17.010100389088297,50.8403092799709],[17.019093592725543,50.8403092799709],[17.019093592725543,50.83131607633366],[17.010100389088297,50.83131607633366]]]}},{"type":"Feature","properties":{"jobs":0,"pop":39,"pointCount":1,"homeWorkCommuteMedian":3868,"workHomeCommuteMedian":-1},"geometry":{"type":"Polygon","coordinates":[[[17.010100389088297,50.86728889088264],[17.010100389088297,50.87628209451989],[17.019093592725543,50.87628209451989],[17.019093592725543,50.86728889088264],[17.010100389088297,50.86728889088264]]]}},{"type":"Feature","properties":{"jobs":20,"pop":0,"pointCount":1,"homeWorkCommuteMedian":-1,"workHomeCommuteMedian":25338},"geometry":{"type":"Polygon","coordinates":[[[17.010100389088297,50.96621413089235],[17.010100389088297,50.97520733452959],[17.019093592725543,50.97520733452959],[17.019093592725543,50.96621413089235],[17.010100389088297,50.96621413089235]]]}},{"type":"Feature","properties":{"jobs":73,"pop":87,"pointCount":4,"homeWorkCommuteMedian":6388,"workHomeCommuteMedian":4381},"geometry":{"type":"Polygon","coordinates":[[[17.010100389088297,50.98420053816684],[17.010100389088297,50.993193741804085],[17.019093592725543,50.993193741804085],[17.019093592725543,50.98420053816684],[17.010100389088297,50.98420053816684]]]}},{"type":"Feature","properties":{"jobs":0,"pop":174,"pointCount":2,"homeWorkCommuteMedian":8602,"workHomeCommuteMedian":-1},"geometry":{"type":"Polygon","coordinates":[[[17.010100389088297,50.993193741804085],[17.010100389088297,51.00218694544133],[17.019093592725543,51.00218694544133],[17.019093592725543,50.993193741804085],[17.010100389088297,50.993193741804085]]]}},{"type":"Feature","properties":{"jobs":52,"pop":0,"pointCount":2,"homeWorkCommuteMedian":-1,"workHomeCommuteMedian":26046},"geometry":{"type":"Polygon","coordinates":[[[17.010100389088297,51.00218694544133],[17.010100389088297,51.01118014907858],[17.019093592725543,51.01118014907858],[17.019093592725543,51.00218694544133],[17.010100389088297,51.00218694544133]]]}},{"type":"Feature","properties":{"jobs":0,"pop":624,"pointCount":3,"homeWorkCommuteMedian":10864,"workHomeCommuteMedian":-1},"geometry":{"type":"Polygon","coordinates":[[[17.010100389088297,51.01118014907858],[17.010100389088297,51.02017335271582],[17.019093592725543,51.02017335271582],[17.019093592725543,51.01118014907858],[17.010100389088297,51.01118014907858]]]}},{"type":"Feature","properties":{"jobs":53,"pop":36,"pointCount":1,"homeWorkCommuteMedian":11384,"workHomeCommuteMedian":12404},"geometry":{"type":"Polygon","coordinates":[[[17.010100389088297,51.02017335271582],[17.010100389088297,51.02916655635307],[17.019093592725543,51.02916655635307],[17.019093592725543,51.02017335271582],[17.010100389088297,51.02017335271582]]]}},{"type":"Feature","properties":{"jobs":0,"pop":166,"pointCount":4,"homeWorkCommuteMedian":10706,"workHomeCommuteMedian":-1},"geometry":{"type":"Polygon","coordinates":[[[17.010100389088297,51.038159759990315],[17.010100389088297,51.04715296362756],[17.019093592725543,51.04715296362756],[17.019093592725543,51.038159759990315],[17.010100389088297,51.038159759990315]]]}},{"type":"Feature","properties":{"jobs":69,"pop":1219,"pointCount":5,"homeWorkCommuteMedian":9015,"workHomeCommuteMedian":5991},"geometry":{"type":"Polygon","coordinates":[[[17.010100389088297,51.04715296362756],[17.010100389088297,51.05614616726481],[17.019093592725543,51.05614616726481],[17.019093592725543,51.04715296362756],[17.010100389088297,51.04715296362756]]]}},{"type":"Feature","properties":{"jobs":1290,"pop":1405,"pointCount":10,"homeWorkCommuteMedian":6488,"workHomeCommuteMedian":5355},"geometry":{"type":"Polygon","coordinates":[[[17.010100389088297,51.05614616726481],[17.010100389088297,51.06513937090205],[17.019093592725543,51.06513937090205],[17.019093592725543,51.05614616726481],[17.010100389088297,51.05614616726481]]]}},{"type":"Feature","properties":{"jobs":77,"pop":479,"pointCount":5,"homeWorkCommuteMedian":8026,"workHomeCommuteMedian":3613},"geometry":{"type":"Polygon","coordinates":[[[17.010100389088297,51.06513937090205],[17.010100389088297,51.0741325745393],[17.019093592725543,51.0741325745393],[17.019093592725543,51.06513937090205],[17.010100389088297,51.06513937090205]]]}},{"type":"Feature","properties":{"jobs":679,"pop":1062,"pointCount":7,"homeWorkCommuteMedian":5213,"workHomeCommuteMedian":6668},"geometry":{"type":"Polygon","coordinates":[[[17.010100389088297,51.0741325745393],[17.010100389088297,51.083125778176544],[17.019093592725543,51.083125778176544],[17.019093592725543,51.0741325745393],[17.010100389088297,51.0741325745393]]]}},{"type":"Feature","properties":{"jobs":4126,"pop":3359,"pointCount":19,"homeWorkCommuteMedian":4825,"workHomeCommuteMedian":5354},"geometry":{"type":"Polygon","coordinates":[[[17.010100389088297,51.083125778176544],[17.010100389088297,51.09211898181379],[17.019093592725543,51.09211898181379],[17.019093592725543,51.083125778176544],[17.010100389088297,51.083125778176544]]]}},{"type":"Feature","properties":{"jobs":1336,"pop":5397,"pointCount":24,"homeWorkCommuteMedian":4991,"workHomeCommuteMedian":5204},"geometry":{"type":"Polygon","coordinates":[[[17.010100389088297,51.09211898181379],[17.010100389088297,51.101112185451036],[17.019093592725543,51.101112185451036],[17.019093592725543,51.09211898181379],[17.010100389088297,51.09211898181379]]]}},{"type":"Feature","properties":{"jobs":2436,"pop":4258,"pointCount":19,"homeWorkCommuteMedian":4142,"workHomeCommuteMedian":5722},"geometry":{"type":"Polygon","coordinates":[[[17.010100389088297,51.101112185451036],[17.010100389088297,51.11010538908828],[17.019093592725543,51.11010538908828],[17.019093592725543,51.101112185451036],[17.010100389088297,51.101112185451036]]]}},{"type":"Feature","properties":{"jobs":3470,"pop":4607,"pointCount":24,"homeWorkCommuteMedian":4222,"workHomeCommuteMedian":5493},"geometry":{"type":"Polygon","coordinates":[[[17.010100389088297,51.11010538908828],[17.010100389088297,51.11909859272553],[17.019093592725543,51.11909859272553],[17.019093592725543,51.11010538908828],[17.010100389088297,51.11010538908828]]]}},{"type":"Feature","properties":{"jobs":1425,"pop":0,"pointCount":4,"homeWorkCommuteMedian":-1,"workHomeCommuteMedian":5430},"geometry":{"type":"Polygon","coordinates":[[[17.010100389088297,51.11909859272553],[17.010100389088297,51.128091796362774],[17.019093592725543,51.128091796362774],[17.019093592725543,51.11909859272553],[17.010100389088297,51.11909859272553]]]}},{"type":"Feature","properties":{"jobs":162,"pop":202,"pointCount":4,"homeWorkCommuteMedian":4272,"workHomeCommuteMedian":5500},"geometry":{"type":"Polygon","coordinates":[[[17.010100389088297,51.128091796362774],[17.010100389088297,51.13708500000002],[17.019093592725543,51.13708500000002],[17.019093592725543,51.128091796362774],[17.010100389088297,51.128091796362774]]]}},{"type":"Feature","properties":{"jobs":57,"pop":117,"pointCount":1,"homeWorkCommuteMedian":6676,"workHomeCommuteMedian":14831},"geometry":{"type":"Polygon","coordinates":[[[17.010100389088297,51.13708500000002],[17.010100389088297,51.146078203637266],[17.019093592725543,51.146078203637266],[17.019093592725543,51.13708500000002],[17.010100389088297,51.13708500000002]]]}},{"type":"Feature","properties":{"jobs":1278,"pop":0,"pointCount":4,"homeWorkCommuteMedian":-1,"workHomeCommuteMedian":7066},"geometry":{"type":"Polygon","coordinates":[[[17.010100389088297,51.146078203637266],[17.010100389088297,51.15507140727451],[17.019093592725543,51.15507140727451],[17.019093592725543,51.146078203637266],[17.010100389088297,51.146078203637266]]]}},{"type":"Feature","properties":{"jobs":221,"pop":0,"pointCount":2,"homeWorkCommuteMedian":-1,"workHomeCommuteMedian":12720},"geometry":{"type":"Polygon","coordinates":[[[17.010100389088297,51.15507140727451],[17.010100389088297,51.16406461091176],[17.019093592725543,51.16406461091176],[17.019093592725543,51.15507140727451],[17.010100389088297,51.15507140727451]]]}},{"type":"Feature","properties":{"jobs":0,"pop":84,"pointCount":1,"homeWorkCommuteMedian":4175,"workHomeCommuteMedian":-1},"geometry":{"type":"Polygon","coordinates":[[[17.010100389088297,51.16406461091176],[17.010100389088297,51.173057814549004],[17.019093592725543,51.173057814549004],[17.019093592725543,51.16406461091176],[17.010100389088297,51.16406461091176]]]}},{"type":"Feature","properties":{"jobs":142,"pop":261,"pointCount":3,"homeWorkCommuteMedian":21897,"workHomeCommuteMedian":14475},"geometry":{"type":"Polygon","coordinates":[[[17.010100389088297,51.173057814549004],[17.010100389088297,51.18205101818625],[17.019093592725543,51.18205101818625],[17.019093592725543,51.173057814549004],[17.010100389088297,51.173057814549004]]]}},{"type":"Feature","properties":{"jobs":147,"pop":521,"pointCount":11,"homeWorkCommuteMedian":6037,"workHomeCommuteMedian":12264},"geometry":{"type":"Polygon","coordinates":[[[17.010100389088297,51.191044221823496],[17.010100389088297,51.20003742546074],[17.019093592725543,51.20003742546074],[17.019093592725543,51.191044221823496],[17.010100389088297,51.191044221823496]]]}},{"type":"Feature","properties":{"jobs":124,"pop":397,"pointCount":6,"homeWorkCommuteMedian":5078,"workHomeCommuteMedian":23358},"geometry":{"type":"Polygon","coordinates":[[[17.010100389088297,51.236010240009726],[17.010100389088297,51.24500344364697],[17.019093592725543,51.24500344364697],[17.019093592725543,51.236010240009726],[17.010100389088297,51.236010240009726]]]}},{"type":"Feature","properties":{"jobs":88,"pop":31,"pointCount":3,"homeWorkCommuteMedian":8886,"workHomeCommuteMedian":10242},"geometry":{"type":"Polygon","coordinates":[[[17.010100389088297,51.24500344364697],[17.010100389088297,51.25399664728422],[17.019093592725543,51.25399664728422],[17.019093592725543,51.24500344364697],[17.010100389088297,51.24500344364697]]]}},{"type":"Feature","properties":{"jobs":0,"pop":23,"pointCount":1,"homeWorkCommuteMedian":6189,"workHomeCommuteMedian":-1},"geometry":{"type":"Polygon","coordinates":[[[17.010100389088297,51.280976258195956],[17.010100389088297,51.2899694618332],[17.019093592725543,51.2899694618332],[17.019093592725543,51.280976258195956],[17.010100389088297,51.280976258195956]]]}},{"type":"Feature","properties":{"jobs":0,"pop":29,"pointCount":1,"homeWorkCommuteMedian":9903,"workHomeCommuteMedian":-1},"geometry":{"type":"Polygon","coordinates":[[[17.019093592725543,50.69641802177497],[17.019093592725543,50.70541122541221],[17.02808679636279,50.70541122541221],[17.02808679636279,50.69641802177497],[17.019093592725543,50.69641802177497]]]}},{"type":"Feature","properties":{"jobs":23,"pop":39,"pointCount":1,"homeWorkCommuteMedian":11638,"workHomeCommuteMedian":4691},"geometry":{"type":"Polygon","coordinates":[[[17.019093592725543,50.70541122541221],[17.019093592725543,50.71440442904946],[17.02808679636279,50.71440442904946],[17.02808679636279,50.70541122541221],[17.019093592725543,50.70541122541221]]]}},{"type":"Feature","properties":{"jobs":0,"pop":30,"pointCount":1,"homeWorkCommuteMedian":4773,"workHomeCommuteMedian":-1},"geometry":{"type":"Polygon","coordinates":[[[17.019093592725543,50.75937044723569],[17.019093592725543,50.768363650872935],[17.02808679636279,50.768363650872935],[17.02808679636279,50.75937044723569],[17.019093592725543,50.75937044723569]]]}},{"type":"Feature","properties":{"jobs":0,"pop":31,"pointCount":1,"homeWorkCommuteMedian":16553,"workHomeCommuteMedian":-1},"geometry":{"type":"Polygon","coordinates":[[[17.019093592725543,50.80433646542192],[17.019093592725543,50.813329669059165],[17.02808679636279,50.813329669059165],[17.02808679636279,50.80433646542192],[17.019093592725543,50.80433646542192]]]}},{"type":"Feature","properties":{"jobs":21,"pop":41,"pointCount":2,"homeWorkCommuteMedian":6080,"workHomeCommuteMedian":43470},"geometry":{"type":"Polygon","coordinates":[[[17.019093592725543,50.813329669059165],[17.019093592725543,50.82232287269641],[17.02808679636279,50.82232287269641],[17.02808679636279,50.813329669059165],[17.019093592725543,50.813329669059165]]]}},{"type":"Feature","properties":{"jobs":74,"pop":121,"pointCount":3,"homeWorkCommuteMedian":34635,"workHomeCommuteMedian":7078},"geometry":{"type":"Polygon","coordinates":[[[17.019093592725543,50.8403092799709],[17.019093592725543,50.84930248360815],[17.02808679636279,50.84930248360815],[17.02808679636279,50.8403092799709],[17.019093592725543,50.8403092799709]]]}},{"type":"Feature","properties":{"jobs":41,"pop":29,"pointCount":2,"homeWorkCommuteMedian":605,"workHomeCommuteMedian":41336},"geometry":{"type":"Polygon","coordinates":[[[17.019093592725543,50.84930248360815],[17.019093592725543,50.858295687245395],[17.02808679636279,50.858295687245395],[17.02808679636279,50.84930248360815],[17.019093592725543,50.84930248360815]]]}},{"type":"Feature","properties":{"jobs":53,"pop":0,"pointCount":1,"homeWorkCommuteMedian":-1,"workHomeCommuteMedian":4096},"geometry":{"type":"Polygon","coordinates":[[[17.019093592725543,50.87628209451989],[17.019093592725543,50.88527529815713],[17.02808679636279,50.88527529815713],[17.02808679636279,50.87628209451989],[17.019093592725543,50.87628209451989]]]}},{"type":"Feature","properties":{"jobs":41,"pop":118,"pointCount":3,"homeWorkCommuteMedian":5232,"workHomeCommuteMedian":8736},"geometry":{"type":"Polygon","coordinates":[[[17.019093592725543,50.93923451998061],[17.019093592725543,50.948227723617855],[17.02808679636279,50.948227723617855],[17.02808679636279,50.93923451998061],[17.019093592725543,50.93923451998061]]]}},{"type":"Feature","properties":{"jobs":31,"pop":68,"pointCount":3,"homeWorkCommuteMedian":7465,"workHomeCommuteMedian":12683},"geometry":{"type":"Polygon","coordinates":[[[17.019093592725543,50.9572209272551],[17.019093592725543,50.96621413089235],[17.02808679636279,50.96621413089235],[17.02808679636279,50.9572209272551],[17.019093592725543,50.9572209272551]]]}},{"type":"Feature","properties":{"jobs":147,"pop":0,"pointCount":1,"homeWorkCommuteMedian":-1,"workHomeCommuteMedian":18259},"geometry":{"type":"Polygon","coordinates":[[[17.019093592725543,50.98420053816684],[17.019093592725543,50.993193741804085],[17.02808679636279,50.993193741804085],[17.02808679636279,50.98420053816684],[17.019093592725543,50.98420053816684]]]}},{"type":"Feature","properties":{"jobs":23,"pop":71,"pointCount":2,"homeWorkCommuteMedian":64173,"workHomeCommuteMedian":10674},"geometry":{"type":"Polygon","coordinates":[[[17.019093592725543,51.00218694544133],[17.019093592725543,51.01118014907858],[17.02808679636279,51.01118014907858],[17.02808679636279,51.00218694544133],[17.019093592725543,51.00218694544133]]]}},{"type":"Feature","properties":{"jobs":0,"pop":35,"pointCount":1,"homeWorkCommuteMedian":18736,"workHomeCommuteMedian":-1},"geometry":{"type":"Polygon","coordinates":[[[17.019093592725543,51.02017335271582],[17.019093592725543,51.02916655635307],[17.02808679636279,51.02916655635307],[17.02808679636279,51.02017335271582],[17.019093592725543,51.02017335271582]]]}},{"type":"Feature","properties":{"jobs":47,"pop":325,"pointCount":2,"homeWorkCommuteMedian":6391,"workHomeCommuteMedian":5420},"geometry":{"type":"Polygon","coordinates":[[[17.019093592725543,51.038159759990315],[17.019093592725543,51.04715296362756],[17.02808679636279,51.04715296362756],[17.02808679636279,51.038159759990315],[17.019093592725543,51.038159759990315]]]}},{"type":"Feature","properties":{"jobs":176,"pop":849,"pointCount":6,"homeWorkCommuteMedian":8008,"workHomeCommuteMedian":5881},"geometry":{"type":"Polygon","coordinates":[[[17.019093592725543,51.04715296362756],[17.019093592725543,51.05614616726481],[17.02808679636279,51.05614616726481],[17.02808679636279,51.04715296362756],[17.019093592725543,51.04715296362756]]]}},{"type":"Feature","properties":{"jobs":413,"pop":1166,"pointCount":5,"homeWorkCommuteMedian":11656,"workHomeCommuteMedian":4196},"geometry":{"type":"Polygon","coordinates":[[[17.019093592725543,51.05614616726481],[17.019093592725543,51.06513937090205],[17.02808679636279,51.06513937090205],[17.02808679636279,51.05614616726481],[17.019093592725543,51.05614616726481]]]}},{"type":"Feature","properties":{"jobs":1830,"pop":70,"pointCount":2,"homeWorkCommuteMedian":368,"workHomeCommuteMedian":6702},"geometry":{"type":"Polygon","coordinates":[[[17.019093592725543,51.06513937090205],[17.019093592725543,51.0741325745393],[17.02808679636279,51.0741325745393],[17.02808679636279,51.06513937090205],[17.019093592725543,51.06513937090205]]]}},{"type":"Feature","properties":{"jobs":941,"pop":1470,"pointCount":9,"homeWorkCommuteMedian":5867,"workHomeCommuteMedian":5174},"geometry":{"type":"Polygon","coordinates":[[[17.019093592725543,51.0741325745393],[17.019093592725543,51.083125778176544],[17.02808679636279,51.083125778176544],[17.02808679636279,51.0741325745393],[17.019093592725543,51.0741325745393]]]}},{"type":"Feature","properties":{"jobs":7750,"pop":4181,"pointCount":25,"homeWorkCommuteMedian":5714,"workHomeCommuteMedian":5333},"geometry":{"type":"Polygon","coordinates":[[[17.019093592725543,51.083125778176544],[17.019093592725543,51.09211898181379],[17.02808679636279,51.09211898181379],[17.02808679636279,51.083125778176544],[17.019093592725543,51.083125778176544]]]}},{"type":"Feature","properties":{"jobs":10323,"pop":5213,"pointCount":23,"homeWorkCommuteMedian":4234,"workHomeCommuteMedian":5648},"geometry":{"type":"Polygon","coordinates":[[[17.019093592725543,51.09211898181379],[17.019093592725543,51.101112185451036],[17.02808679636279,51.101112185451036],[17.02808679636279,51.09211898181379],[17.019093592725543,51.09211898181379]]]}},{"type":"Feature","properties":{"jobs":9339,"pop":3857,"pointCount":25,"homeWorkCommuteMedian":5535,"workHomeCommuteMedian":4294},"geometry":{"type":"Polygon","coordinates":[[[17.019093592725543,51.101112185451036],[17.019093592725543,51.11010538908828],[17.02808679636279,51.11010538908828],[17.02808679636279,51.101112185451036],[17.019093592725543,51.101112185451036]]]}},{"type":"Feature","properties":{"jobs":4678,"pop":3492,"pointCount":18,"homeWorkCommuteMedian":4044,"workHomeCommuteMedian":6992},"geometry":{"type":"Polygon","coordinates":[[[17.019093592725543,51.11010538908828],[17.019093592725543,51.11909859272553],[17.02808679636279,51.11909859272553],[17.02808679636279,51.11010538908828],[17.019093592725543,51.11010538908828]]]}},{"type":"Feature","properties":{"jobs":3187,"pop":1468,"pointCount":10,"homeWorkCommuteMedian":4439,"workHomeCommuteMedian":5867},"geometry":{"type":"Polygon","coordinates":[[[17.019093592725543,51.11909859272553],[17.019093592725543,51.128091796362774],[17.02808679636279,51.128091796362774],[17.02808679636279,51.11909859272553],[17.019093592725543,51.11909859272553]]]}},{"type":"Feature","properties":{"jobs":1051,"pop":678,"pointCount":7,"homeWorkCommuteMedian":5044,"workHomeCommuteMedian":6635},"geometry":{"type":"Polygon","coordinates":[[[17.019093592725543,51.128091796362774],[17.019093592725543,51.13708500000002],[17.02808679636279,51.13708500000002],[17.02808679636279,51.128091796362774],[17.019093592725543,51.128091796362774]]]}},{"type":"Feature","properties":{"jobs":1016,"pop":4220,"pointCount":18,"homeWorkCommuteMedian":6373,"workHomeCommuteMedian":6218},"geometry":{"type":"Polygon","coordinates":[[[17.019093592725543,51.13708500000002],[17.019093592725543,51.146078203637266],[17.02808679636279,51.146078203637266],[17.02808679636279,51.13708500000002],[17.019093592725543,51.13708500000002]]]}},{"type":"Feature","properties":{"jobs":2613,"pop":0,"pointCount":4,"homeWorkCommuteMedian":-1,"workHomeCommuteMedian":7322},"geometry":{"type":"Polygon","coordinates":[[[17.019093592725543,51.146078203637266],[17.019093592725543,51.15507140727451],[17.02808679636279,51.15507140727451],[17.02808679636279,51.146078203637266],[17.019093592725543,51.146078203637266]]]}},{"type":"Feature","properties":{"jobs":966,"pop":0,"pointCount":2,"homeWorkCommuteMedian":-1,"workHomeCommuteMedian":7874},"geometry":{"type":"Polygon","coordinates":[[[17.019093592725543,51.15507140727451],[17.019093592725543,51.16406461091176],[17.02808679636279,51.16406461091176],[17.02808679636279,51.15507140727451],[17.019093592725543,51.15507140727451]]]}},{"type":"Feature","properties":{"jobs":315,"pop":200,"pointCount":5,"homeWorkCommuteMedian":4020,"workHomeCommuteMedian":15648},"geometry":{"type":"Polygon","coordinates":[[[17.019093592725543,51.16406461091176],[17.019093592725543,51.173057814549004],[17.02808679636279,51.173057814549004],[17.02808679636279,51.16406461091176],[17.019093592725543,51.16406461091176]]]}},{"type":"Feature","properties":{"jobs":288,"pop":251,"pointCount":3,"homeWorkCommuteMedian":11197,"workHomeCommuteMedian":10180},"geometry":{"type":"Polygon","coordinates":[[[17.019093592725543,51.173057814549004],[17.019093592725543,51.18205101818625],[17.02808679636279,51.18205101818625],[17.02808679636279,51.173057814549004],[17.019093592725543,51.173057814549004]]]}},{"type":"Feature","properties":{"jobs":233,"pop":195,"pointCount":7,"homeWorkCommuteMedian":10242,"workHomeCommuteMedian":11445},"geometry":{"type":"Polygon","coordinates":[[[17.019093592725543,51.18205101818625],[17.019093592725543,51.191044221823496],[17.02808679636279,51.191044221823496],[17.02808679636279,51.18205101818625],[17.019093592725543,51.18205101818625]]]}},{"type":"Feature","properties":{"jobs":85,"pop":70,"pointCount":3,"homeWorkCommuteMedian":9290,"workHomeCommuteMedian":11225},"geometry":{"type":"Polygon","coordinates":[[[17.019093592725543,51.191044221823496],[17.019093592725543,51.20003742546074],[17.02808679636279,51.20003742546074],[17.02808679636279,51.191044221823496],[17.019093592725543,51.191044221823496]]]}},{"type":"Feature","properties":{"jobs":37,"pop":100,"pointCount":4,"homeWorkCommuteMedian":4816,"workHomeCommuteMedian":10103},"geometry":{"type":"Polygon","coordinates":[[[17.019093592725543,51.20903062909799],[17.019093592725543,51.218023832735234],[17.02808679636279,51.218023832735234],[17.02808679636279,51.20903062909799],[17.019093592725543,51.20903062909799]]]}},{"type":"Feature","properties":{"jobs":0,"pop":44,"pointCount":1,"homeWorkCommuteMedian":9107,"workHomeCommuteMedian":-1},"geometry":{"type":"Polygon","coordinates":[[[17.019093592725543,51.218023832735234],[17.019093592725543,51.22701703637248],[17.02808679636279,51.22701703637248],[17.02808679636279,51.218023832735234],[17.019093592725543,51.218023832735234]]]}},{"type":"Feature","properties":{"jobs":67,"pop":205,"pointCount":3,"homeWorkCommuteMedian":10300,"workHomeCommuteMedian":17220},"geometry":{"type":"Polygon","coordinates":[[[17.019093592725543,51.262989850921464],[17.019093592725543,51.27198305455871],[17.02808679636279,51.27198305455871],[17.02808679636279,51.262989850921464],[17.019093592725543,51.262989850921464]]]}},{"type":"Feature","properties":{"jobs":65,"pop":65,"pointCount":3,"homeWorkCommuteMedian":5862,"workHomeCommuteMedian":14697},"geometry":{"type":"Polygon","coordinates":[[[17.019093592725543,51.31694907274494],[17.019093592725543,51.325942276382186],[17.02808679636279,51.325942276382186],[17.02808679636279,51.31694907274494],[17.019093592725543,51.31694907274494]]]}},{"type":"Feature","properties":{"jobs":0,"pop":27,"pointCount":1,"homeWorkCommuteMedian":5023,"workHomeCommuteMedian":-1},"geometry":{"type":"Polygon","coordinates":[[[17.019093592725543,51.325942276382186],[17.019093592725543,51.33493548001943],[17.02808679636279,51.33493548001943],[17.02808679636279,51.325942276382186],[17.019093592725543,51.325942276382186]]]}},{"type":"Feature","properties":{"jobs":50,"pop":59,"pointCount":1,"homeWorkCommuteMedian":4176,"workHomeCommuteMedian":7931},"geometry":{"type":"Polygon","coordinates":[[[17.019093592725543,51.34392868365668],[17.019093592725543,51.352921887293924],[17.02808679636279,51.352921887293924],[17.02808679636279,51.34392868365668],[17.019093592725543,51.34392868365668]]]}},{"type":"Feature","properties":{"jobs":25,"pop":78,"pointCount":3,"homeWorkCommuteMedian":10589,"workHomeCommuteMedian":2786},"geometry":{"type":"Polygon","coordinates":[[[17.019093592725543,51.352921887293924],[17.019093592725543,51.36191509093117],[17.02808679636279,51.36191509093117],[17.02808679636279,51.352921887293924],[17.019093592725543,51.352921887293924]]]}},{"type":"Feature","properties":{"jobs":51,"pop":107,"pointCount":3,"homeWorkCommuteMedian":7530,"workHomeCommuteMedian":18738},"geometry":{"type":"Polygon","coordinates":[[[17.019093592725543,51.4068811091174],[17.019093592725543,51.415874312754646],[17.02808679636279,51.415874312754646],[17.02808679636279,51.4068811091174],[17.019093592725543,51.4068811091174]]]}},{"type":"Feature","properties":{"jobs":0,"pop":50,"pointCount":1,"homeWorkCommuteMedian":10315,"workHomeCommuteMedian":-1},"geometry":{"type":"Polygon","coordinates":[[[17.019093592725543,51.415874312754646],[17.019093592725543,51.42486751639189],[17.02808679636279,51.42486751639189],[17.02808679636279,51.415874312754646],[17.019093592725543,51.415874312754646]]]}},{"type":"Feature","properties":{"jobs":0,"pop":29,"pointCount":1,"homeWorkCommuteMedian":11385,"workHomeCommuteMedian":-1},"geometry":{"type":"Polygon","coordinates":[[[17.019093592725543,51.45184712730363],[17.019093592725543,51.460840330940876],[17.02808679636279,51.460840330940876],[17.02808679636279,51.45184712730363],[17.019093592725543,51.45184712730363]]]}},{"type":"Feature","properties":{"jobs":41,"pop":81,"pointCount":3,"homeWorkCommuteMedian":8743,"workHomeCommuteMedian":4108},"geometry":{"type":"Polygon","coordinates":[[[17.019093592725543,51.487819941852614],[17.019093592725543,51.49681314548986],[17.02808679636279,51.49681314548986],[17.02808679636279,51.487819941852614],[17.019093592725543,51.487819941852614]]]}},{"type":"Feature","properties":{"jobs":43,"pop":58,"pointCount":3,"homeWorkCommuteMedian":7026,"workHomeCommuteMedian":8415},"geometry":{"type":"Polygon","coordinates":[[[17.02808679636279,50.723397632686705],[17.02808679636279,50.73239083632395],[17.037080000000035,50.73239083632395],[17.037080000000035,50.723397632686705],[17.02808679636279,50.723397632686705]]]}},{"type":"Feature","properties":{"jobs":30,"pop":48,"pointCount":2,"homeWorkCommuteMedian":5611,"workHomeCommuteMedian":9519},"geometry":{"type":"Polygon","coordinates":[[[17.02808679636279,50.73239083632395],[17.02808679636279,50.7413840399612],[17.037080000000035,50.7413840399612],[17.037080000000035,50.73239083632395],[17.02808679636279,50.73239083632395]]]}},{"type":"Feature","properties":{"jobs":83,"pop":0,"pointCount":1,"homeWorkCommuteMedian":-1,"workHomeCommuteMedian":5554},"geometry":{"type":"Polygon","coordinates":[[[17.02808679636279,50.768363650872935],[17.02808679636279,50.77735685451018],[17.037080000000035,50.77735685451018],[17.037080000000035,50.768363650872935],[17.02808679636279,50.768363650872935]]]}},{"type":"Feature","properties":{"jobs":72,"pop":67,"pointCount":2,"homeWorkCommuteMedian":3804,"workHomeCommuteMedian":5561},"geometry":{"type":"Polygon","coordinates":[[[17.02808679636279,50.77735685451018],[17.02808679636279,50.78635005814743],[17.037080000000035,50.78635005814743],[17.037080000000035,50.77735685451018],[17.02808679636279,50.77735685451018]]]}},{"type":"Feature","properties":{"jobs":39,"pop":33,"pointCount":2,"homeWorkCommuteMedian":2032,"workHomeCommuteMedian":3930},"geometry":{"type":"Polygon","coordinates":[[[17.02808679636279,50.78635005814743],[17.02808679636279,50.79534326178467],[17.037080000000035,50.79534326178467],[17.037080000000035,50.78635005814743],[17.02808679636279,50.78635005814743]]]}},{"type":"Feature","properties":{"jobs":0,"pop":28,"pointCount":1,"homeWorkCommuteMedian":29550,"workHomeCommuteMedian":-1},"geometry":{"type":"Polygon","coordinates":[[[17.02808679636279,50.8403092799709],[17.02808679636279,50.84930248360815],[17.037080000000035,50.84930248360815],[17.037080000000035,50.8403092799709],[17.02808679636279,50.8403092799709]]]}},{"type":"Feature","properties":{"jobs":27,"pop":63,"pointCount":1,"homeWorkCommuteMedian":46484,"workHomeCommuteMedian":34805},"geometry":{"type":"Polygon","coordinates":[[[17.02808679636279,50.87628209451989],[17.02808679636279,50.88527529815713],[17.037080000000035,50.88527529815713],[17.037080000000035,50.87628209451989],[17.02808679636279,50.87628209451989]]]}},{"type":"Feature","properties":{"jobs":49,"pop":87,"pointCount":4,"homeWorkCommuteMedian":27036,"workHomeCommuteMedian":20840},"geometry":{"type":"Polygon","coordinates":[[[17.02808679636279,50.92124811270612],[17.02808679636279,50.93024131634336],[17.037080000000035,50.93024131634336],[17.037080000000035,50.92124811270612],[17.02808679636279,50.92124811270612]]]}},{"type":"Feature","properties":{"jobs":0,"pop":22,"pointCount":1,"homeWorkCommuteMedian":2622,"workHomeCommuteMedian":-1},"geometry":{"type":"Polygon","coordinates":[[[17.02808679636279,50.9572209272551],[17.02808679636279,50.96621413089235],[17.037080000000035,50.96621413089235],[17.037080000000035,50.9572209272551],[17.02808679636279,50.9572209272551]]]}},{"type":"Feature","properties":{"jobs":136,"pop":154,"pointCount":6,"homeWorkCommuteMedian":4807,"workHomeCommuteMedian":4501},"geometry":{"type":"Polygon","coordinates":[[[17.02808679636279,50.97520733452959],[17.02808679636279,50.98420053816684],[17.037080000000035,50.98420053816684],[17.037080000000035,50.97520733452959],[17.02808679636279,50.97520733452959]]]}},{"type":"Feature","properties":{"jobs":0,"pop":111,"pointCount":4,"homeWorkCommuteMedian":5469,"workHomeCommuteMedian":-1},"geometry":{"type":"Polygon","coordinates":[[[17.02808679636279,50.98420053816684],[17.02808679636279,50.993193741804085],[17.037080000000035,50.993193741804085],[17.037080000000035,50.98420053816684],[17.02808679636279,50.98420053816684]]]}},{"type":"Feature","properties":{"jobs":0,"pop":41,"pointCount":1,"homeWorkCommuteMedian":30387,"workHomeCommuteMedian":-1},"geometry":{"type":"Polygon","coordinates":[[[17.02808679636279,50.993193741804085],[17.02808679636279,51.00218694544133],[17.037080000000035,51.00218694544133],[17.037080000000035,50.993193741804085],[17.02808679636279,50.993193741804085]]]}},{"type":"Feature","properties":{"jobs":634,"pop":0,"pointCount":5,"homeWorkCommuteMedian":-1,"workHomeCommuteMedian":7914},"geometry":{"type":"Polygon","coordinates":[[[17.02808679636279,51.00218694544133],[17.02808679636279,51.01118014907858],[17.037080000000035,51.01118014907858],[17.037080000000035,51.00218694544133],[17.02808679636279,51.00218694544133]]]}},{"type":"Feature","properties":{"jobs":149,"pop":89,"pointCount":4,"homeWorkCommuteMedian":1578,"workHomeCommuteMedian":2706},"geometry":{"type":"Polygon","coordinates":[[[17.02808679636279,51.01118014907858],[17.02808679636279,51.02017335271582],[17.037080000000035,51.02017335271582],[17.037080000000035,51.01118014907858],[17.02808679636279,51.01118014907858]]]}},{"type":"Feature","properties":{"jobs":117,"pop":53,"pointCount":3,"homeWorkCommuteMedian":12486,"workHomeCommuteMedian":8496},"geometry":{"type":"Polygon","coordinates":[[[17.02808679636279,51.02017335271582],[17.02808679636279,51.02916655635307],[17.037080000000035,51.02916655635307],[17.037080000000035,51.02017335271582],[17.02808679636279,51.02017335271582]]]}},{"type":"Feature","properties":{"jobs":149,"pop":180,"pointCount":3,"homeWorkCommuteMedian":11232,"workHomeCommuteMedian":2626},"geometry":{"type":"Polygon","coordinates":[[[17.02808679636279,51.02916655635307],[17.02808679636279,51.038159759990315],[17.037080000000035,51.038159759990315],[17.037080000000035,51.02916655635307],[17.02808679636279,51.02916655635307]]]}},{"type":"Feature","properties":{"jobs":0,"pop":96,"pointCount":2,"homeWorkCommuteMedian":11112,"workHomeCommuteMedian":-1},"geometry":{"type":"Polygon","coordinates":[[[17.02808679636279,51.038159759990315],[17.02808679636279,51.04715296362756],[17.037080000000035,51.04715296362756],[17.037080000000035,51.038159759990315],[17.02808679636279,51.038159759990315]]]}},{"type":"Feature","properties":{"jobs":143,"pop":960,"pointCount":6,"homeWorkCommuteMedian":7163,"workHomeCommuteMedian":13123},"geometry":{"type":"Polygon","coordinates":[[[17.02808679636279,51.04715296362756],[17.02808679636279,51.05614616726481],[17.037080000000035,51.05614616726481],[17.037080000000035,51.04715296362756],[17.02808679636279,51.04715296362756]]]}},{"type":"Feature","properties":{"jobs":109,"pop":1177,"pointCount":5,"homeWorkCommuteMedian":14674,"workHomeCommuteMedian":25023},"geometry":{"type":"Polygon","coordinates":[[[17.02808679636279,51.05614616726481],[17.02808679636279,51.06513937090205],[17.037080000000035,51.06513937090205],[17.037080000000035,51.05614616726481],[17.02808679636279,51.05614616726481]]]}},{"type":"Feature","properties":{"jobs":2068,"pop":1628,"pointCount":10,"homeWorkCommuteMedian":5882,"workHomeCommuteMedian":6120},"geometry":{"type":"Polygon","coordinates":[[[17.02808679636279,51.06513937090205],[17.02808679636279,51.0741325745393],[17.037080000000035,51.0741325745393],[17.037080000000035,51.06513937090205],[17.02808679636279,51.06513937090205]]]}},{"type":"Feature","properties":{"jobs":4234,"pop":1376,"pointCount":12,"homeWorkCommuteMedian":5247,"workHomeCommuteMedian":6315},"geometry":{"type":"Polygon","coordinates":[[[17.02808679636279,51.0741325745393],[17.02808679636279,51.083125778176544],[17.037080000000035,51.083125778176544],[17.037080000000035,51.0741325745393],[17.02808679636279,51.0741325745393]]]}},{"type":"Feature","properties":{"jobs":8052,"pop":1986,"pointCount":11,"homeWorkCommuteMedian":3233,"workHomeCommuteMedian":4755},"geometry":{"type":"Polygon","coordinates":[[[17.02808679636279,51.083125778176544],[17.02808679636279,51.09211898181379],[17.037080000000035,51.09211898181379],[17.037080000000035,51.083125778176544],[17.02808679636279,51.083125778176544]]]}},{"type":"Feature","properties":{"jobs":13173,"pop":4071,"pointCount":26,"homeWorkCommuteMedian":5228,"workHomeCommuteMedian":5023},"geometry":{"type":"Polygon","coordinates":[[[17.02808679636279,51.09211898181379],[17.02808679636279,51.101112185451036],[17.037080000000035,51.101112185451036],[17.037080000000035,51.09211898181379],[17.02808679636279,51.09211898181379]]]}},{"type":"Feature","properties":{"jobs":13222,"pop":2371,"pointCount":23,"homeWorkCommuteMedian":3577,"workHomeCommuteMedian":5395},"geometry":{"type":"Polygon","coordinates":[[[17.02808679636279,51.101112185451036],[17.02808679636279,51.11010538908828],[17.037080000000035,51.11010538908828],[17.037080000000035,51.101112185451036],[17.02808679636279,51.101112185451036]]]}},{"type":"Feature","properties":{"jobs":17720,"pop":5189,"pointCount":27,"homeWorkCommuteMedian":3945,"workHomeCommuteMedian":4841},"geometry":{"type":"Polygon","coordinates":[[[17.02808679636279,51.11010538908828],[17.02808679636279,51.11909859272553],[17.037080000000035,51.11909859272553],[17.037080000000035,51.11010538908828],[17.02808679636279,51.11010538908828]]]}},{"type":"Feature","properties":{"jobs":1189,"pop":7645,"pointCount":42,"homeWorkCommuteMedian":4491,"workHomeCommuteMedian":3836},"geometry":{"type":"Polygon","coordinates":[[[17.02808679636279,51.11909859272553],[17.02808679636279,51.128091796362774],[17.037080000000035,51.128091796362774],[17.037080000000035,51.11909859272553],[17.02808679636279,51.11909859272553]]]}},{"type":"Feature","properties":{"jobs":1272,"pop":3848,"pointCount":15,"homeWorkCommuteMedian":4735,"workHomeCommuteMedian":7364},"geometry":{"type":"Polygon","coordinates":[[[17.02808679636279,51.128091796362774],[17.02808679636279,51.13708500000002],[17.037080000000035,51.13708500000002],[17.037080000000035,51.128091796362774],[17.02808679636279,51.128091796362774]]]}},{"type":"Feature","properties":{"jobs":830,"pop":3648,"pointCount":16,"homeWorkCommuteMedian":6522,"workHomeCommuteMedian":6229},"geometry":{"type":"Polygon","coordinates":[[[17.02808679636279,51.13708500000002],[17.02808679636279,51.146078203637266],[17.037080000000035,51.146078203637266],[17.037080000000035,51.13708500000002],[17.02808679636279,51.13708500000002]]]}},{"type":"Feature","properties":{"jobs":1886,"pop":275,"pointCount":6,"homeWorkCommuteMedian":7234,"workHomeCommuteMedian":5847},"geometry":{"type":"Polygon","coordinates":[[[17.02808679636279,51.146078203637266],[17.02808679636279,51.15507140727451],[17.037080000000035,51.15507140727451],[17.037080000000035,51.146078203637266],[17.02808679636279,51.146078203637266]]]}},{"type":"Feature","properties":{"jobs":1422,"pop":129,"pointCount":5,"homeWorkCommuteMedian":5698,"workHomeCommuteMedian":8425},"geometry":{"type":"Polygon","coordinates":[[[17.02808679636279,51.15507140727451],[17.02808679636279,51.16406461091176],[17.037080000000035,51.16406461091176],[17.037080000000035,51.15507140727451],[17.02808679636279,51.15507140727451]]]}},{"type":"Feature","properties":{"jobs":40,"pop":0,"pointCount":1,"homeWorkCommuteMedian":-1,"workHomeCommuteMedian":15662},"geometry":{"type":"Polygon","coordinates":[[[17.02808679636279,51.16406461091176],[17.02808679636279,51.173057814549004],[17.037080000000035,51.173057814549004],[17.037080000000035,51.16406461091176],[17.02808679636279,51.16406461091176]]]}},{"type":"Feature","properties":{"jobs":441,"pop":413,"pointCount":11,"homeWorkCommuteMedian":10731,"workHomeCommuteMedian":11080},"geometry":{"type":"Polygon","coordinates":[[[17.02808679636279,51.18205101818625],[17.02808679636279,51.191044221823496],[17.037080000000035,51.191044221823496],[17.037080000000035,51.18205101818625],[17.02808679636279,51.18205101818625]]]}},{"type":"Feature","properties":{"jobs":873,"pop":0,"pointCount":3,"homeWorkCommuteMedian":-1,"workHomeCommuteMedian":5206},"geometry":{"type":"Polygon","coordinates":[[[17.02808679636279,51.191044221823496],[17.02808679636279,51.20003742546074],[17.037080000000035,51.20003742546074],[17.037080000000035,51.191044221823496],[17.02808679636279,51.191044221823496]]]}},{"type":"Feature","properties":{"jobs":79,"pop":85,"pointCount":3,"homeWorkCommuteMedian":734,"workHomeCommuteMedian":16572},"geometry":{"type":"Polygon","coordinates":[[[17.02808679636279,51.20003742546074],[17.02808679636279,51.20903062909799],[17.037080000000035,51.20903062909799],[17.037080000000035,51.20003742546074],[17.02808679636279,51.20003742546074]]]}},{"type":"Feature","properties":{"jobs":0,"pop":124,"pointCount":3,"homeWorkCommuteMedian":19630,"workHomeCommuteMedian":-1},"geometry":{"type":"Polygon","coordinates":[[[17.02808679636279,51.20903062909799],[17.02808679636279,51.218023832735234],[17.037080000000035,51.218023832735234],[17.037080000000035,51.20903062909799],[17.02808679636279,51.20903062909799]]]}},{"type":"Feature","properties":{"jobs":0,"pop":25,"pointCount":1,"homeWorkCommuteMedian":2659,"workHomeCommuteMedian":-1},"geometry":{"type":"Polygon","coordinates":[[[17.02808679636279,51.262989850921464],[17.02808679636279,51.27198305455871],[17.037080000000035,51.27198305455871],[17.037080000000035,51.262989850921464],[17.02808679636279,51.262989850921464]]]}},{"type":"Feature","properties":{"jobs":0,"pop":22,"pointCount":1,"homeWorkCommuteMedian":5045,"workHomeCommuteMedian":-1},"geometry":{"type":"Polygon","coordinates":[[[17.02808679636279,51.352921887293924],[17.02808679636279,51.36191509093117],[17.037080000000035,51.36191509093117],[17.037080000000035,51.352921887293924],[17.02808679636279,51.352921887293924]]]}},{"type":"Feature","properties":{"jobs":36,"pop":21,"pointCount":1,"homeWorkCommuteMedian":39072,"workHomeCommuteMedian":29738},"geometry":{"type":"Polygon","coordinates":[[[17.02808679636279,51.36191509093117],[17.02808679636279,51.370908294568416],[17.037080000000035,51.370908294568416],[17.037080000000035,51.36191509093117],[17.02808679636279,51.36191509093117]]]}},{"type":"Feature","properties":{"jobs":0,"pop":23,"pointCount":1,"homeWorkCommuteMedian":20460,"workHomeCommuteMedian":-1},"geometry":{"type":"Polygon","coordinates":[[[17.02808679636279,51.505806349127106],[17.02808679636279,51.51479955276435],[17.037080000000035,51.51479955276435],[17.037080000000035,51.505806349127106],[17.02808679636279,51.505806349127106]]]}},{"type":"Feature","properties":{"jobs":0,"pop":42,"pointCount":1,"homeWorkCommuteMedian":72127,"workHomeCommuteMedian":-1},"geometry":{"type":"Polygon","coordinates":[[[17.02808679636279,51.51479955276435],[17.02808679636279,51.5237927564016],[17.037080000000035,51.5237927564016],[17.037080000000035,51.51479955276435],[17.02808679636279,51.51479955276435]]]}},{"type":"Feature","properties":{"jobs":21,"pop":20,"pointCount":2,"homeWorkCommuteMedian":10407,"workHomeCommuteMedian":45991},"geometry":{"type":"Polygon","coordinates":[[[17.037080000000035,50.70541122541221],[17.037080000000035,50.71440442904946],[17.04607320363728,50.71440442904946],[17.04607320363728,50.70541122541221],[17.037080000000035,50.70541122541221]]]}},{"type":"Feature","properties":{"jobs":0,"pop":146,"pointCount":1,"homeWorkCommuteMedian":54336,"workHomeCommuteMedian":-1},"geometry":{"type":"Polygon","coordinates":[[[17.037080000000035,50.71440442904946],[17.037080000000035,50.723397632686705],[17.04607320363728,50.723397632686705],[17.04607320363728,50.71440442904946],[17.037080000000035,50.71440442904946]]]}},{"type":"Feature","properties":{"jobs":105,"pop":86,"pointCount":3,"homeWorkCommuteMedian":13075,"workHomeCommuteMedian":43499},"geometry":{"type":"Polygon","coordinates":[[[17.037080000000035,50.723397632686705],[17.037080000000035,50.73239083632395],[17.04607320363728,50.73239083632395],[17.04607320363728,50.723397632686705],[17.037080000000035,50.723397632686705]]]}},{"type":"Feature","properties":{"jobs":41,"pop":97,"pointCount":3,"homeWorkCommuteMedian":6617,"workHomeCommuteMedian":45490},"geometry":{"type":"Polygon","coordinates":[[[17.037080000000035,50.75037724359844],[17.037080000000035,50.75937044723569],[17.04607320363728,50.75937044723569],[17.04607320363728,50.75037724359844],[17.037080000000035,50.75037724359844]]]}},{"type":"Feature","properties":{"jobs":71,"pop":27,"pointCount":1,"homeWorkCommuteMedian":2406,"workHomeCommuteMedian":3106},"geometry":{"type":"Polygon","coordinates":[[[17.037080000000035,50.768363650872935],[17.037080000000035,50.77735685451018],[17.04607320363728,50.77735685451018],[17.04607320363728,50.768363650872935],[17.037080000000035,50.768363650872935]]]}},{"type":"Feature","properties":{"jobs":0,"pop":63,"pointCount":2,"homeWorkCommuteMedian":3776,"workHomeCommuteMedian":-1},"geometry":{"type":"Polygon","coordinates":[[[17.037080000000035,50.78635005814743],[17.037080000000035,50.79534326178467],[17.04607320363728,50.79534326178467],[17.04607320363728,50.78635005814743],[17.037080000000035,50.78635005814743]]]}},{"type":"Feature","properties":{"jobs":30,"pop":27,"pointCount":2,"homeWorkCommuteMedian":3848,"workHomeCommuteMedian":8562},"geometry":{"type":"Polygon","coordinates":[[[17.037080000000035,50.813329669059165],[17.037080000000035,50.82232287269641],[17.04607320363728,50.82232287269641],[17.04607320363728,50.813329669059165],[17.037080000000035,50.813329669059165]]]}},{"type":"Feature","properties":{"jobs":28,"pop":0,"pointCount":1,"homeWorkCommuteMedian":-1,"workHomeCommuteMedian":29945},"geometry":{"type":"Polygon","coordinates":[[[17.037080000000035,50.858295687245395],[17.037080000000035,50.86728889088264],[17.04607320363728,50.86728889088264],[17.04607320363728,50.858295687245395],[17.037080000000035,50.858295687245395]]]}},{"type":"Feature","properties":{"jobs":32,"pop":34,"pointCount":2,"homeWorkCommuteMedian":35202,"workHomeCommuteMedian":33070},"geometry":{"type":"Polygon","coordinates":[[[17.037080000000035,50.88527529815713],[17.037080000000035,50.89426850179438],[17.04607320363728,50.89426850179438],[17.04607320363728,50.88527529815713],[17.037080000000035,50.88527529815713]]]}},{"type":"Feature","properties":{"jobs":0,"pop":39,"pointCount":1,"homeWorkCommuteMedian":9699,"workHomeCommuteMedian":-1},"geometry":{"type":"Polygon","coordinates":[[[17.037080000000035,50.89426850179438],[17.037080000000035,50.903261705431625],[17.04607320363728,50.903261705431625],[17.04607320363728,50.89426850179438],[17.037080000000035,50.89426850179438]]]}},{"type":"Feature","properties":{"jobs":42,"pop":26,"pointCount":2,"homeWorkCommuteMedian":6894,"workHomeCommuteMedian":7572},"geometry":{"type":"Polygon","coordinates":[[[17.037080000000035,50.903261705431625],[17.037080000000035,50.91225490906887],[17.04607320363728,50.91225490906887],[17.04607320363728,50.903261705431625],[17.037080000000035,50.903261705431625]]]}},{"type":"Feature","properties":{"jobs":108,"pop":127,"pointCount":4,"homeWorkCommuteMedian":24030,"workHomeCommuteMedian":20101},"geometry":{"type":"Polygon","coordinates":[[[17.037080000000035,50.92124811270612],[17.037080000000035,50.93024131634336],[17.04607320363728,50.93024131634336],[17.04607320363728,50.92124811270612],[17.037080000000035,50.92124811270612]]]}},{"type":"Feature","properties":{"jobs":0,"pop":87,"pointCount":3,"homeWorkCommuteMedian":7179,"workHomeCommuteMedian":-1},"geometry":{"type":"Polygon","coordinates":[[[17.037080000000035,50.93024131634336],[17.037080000000035,50.93923451998061],[17.04607320363728,50.93923451998061],[17.04607320363728,50.93024131634336],[17.037080000000035,50.93024131634336]]]}},{"type":"Feature","properties":{"jobs":94,"pop":0,"pointCount":1,"homeWorkCommuteMedian":-1,"workHomeCommuteMedian":4283},"geometry":{"type":"Polygon","coordinates":[[[17.037080000000035,50.9572209272551],[17.037080000000035,50.96621413089235],[17.04607320363728,50.96621413089235],[17.04607320363728,50.9572209272551],[17.037080000000035,50.9572209272551]]]}},{"type":"Feature","properties":{"jobs":295,"pop":386,"pointCount":8,"homeWorkCommuteMedian":3651,"workHomeCommuteMedian":5232},"geometry":{"type":"Polygon","coordinates":[[[17.037080000000035,50.97520733452959],[17.037080000000035,50.98420053816684],[17.04607320363728,50.98420053816684],[17.04607320363728,50.97520733452959],[17.037080000000035,50.97520733452959]]]}},{"type":"Feature","properties":{"jobs":0,"pop":238,"pointCount":6,"homeWorkCommuteMedian":4940,"workHomeCommuteMedian":-1},"geometry":{"type":"Polygon","coordinates":[[[17.037080000000035,50.98420053816684],[17.037080000000035,50.993193741804085],[17.04607320363728,50.993193741804085],[17.04607320363728,50.98420053816684],[17.037080000000035,50.98420053816684]]]}},{"type":"Feature","properties":{"jobs":0,"pop":33,"pointCount":1,"homeWorkCommuteMedian":13484,"workHomeCommuteMedian":-1},"geometry":{"type":"Polygon","coordinates":[[[17.037080000000035,51.00218694544133],[17.037080000000035,51.01118014907858],[17.04607320363728,51.01118014907858],[17.04607320363728,51.00218694544133],[17.037080000000035,51.00218694544133]]]}},{"type":"Feature","properties":{"jobs":0,"pop":121,"pointCount":2,"homeWorkCommuteMedian":13119,"workHomeCommuteMedian":-1},"geometry":{"type":"Polygon","coordinates":[[[17.037080000000035,51.01118014907858],[17.037080000000035,51.02017335271582],[17.04607320363728,51.02017335271582],[17.04607320363728,51.01118014907858],[17.037080000000035,51.01118014907858]]]}},{"type":"Feature","properties":{"jobs":0,"pop":107,"pointCount":2,"homeWorkCommuteMedian":11844,"workHomeCommuteMedian":-1},"geometry":{"type":"Polygon","coordinates":[[[17.037080000000035,51.02916655635307],[17.037080000000035,51.038159759990315],[17.04607320363728,51.038159759990315],[17.04607320363728,51.02916655635307],[17.037080000000035,51.02916655635307]]]}},{"type":"Feature","properties":{"jobs":40,"pop":164,"pointCount":4,"homeWorkCommuteMedian":9943,"workHomeCommuteMedian":340},"geometry":{"type":"Polygon","coordinates":[[[17.037080000000035,51.038159759990315],[17.037080000000035,51.04715296362756],[17.04607320363728,51.04715296362756],[17.04607320363728,51.038159759990315],[17.037080000000035,51.038159759990315]]]}},{"type":"Feature","properties":{"jobs":419,"pop":2123,"pointCount":9,"homeWorkCommuteMedian":11055,"workHomeCommuteMedian":4375},"geometry":{"type":"Polygon","coordinates":[[[17.037080000000035,51.05614616726481],[17.037080000000035,51.06513937090205],[17.04607320363728,51.06513937090205],[17.04607320363728,51.05614616726481],[17.037080000000035,51.05614616726481]]]}},{"type":"Feature","properties":{"jobs":457,"pop":2837,"pointCount":15,"homeWorkCommuteMedian":7152,"workHomeCommuteMedian":7618},"geometry":{"type":"Polygon","coordinates":[[[17.037080000000035,51.06513937090205],[17.037080000000035,51.0741325745393],[17.04607320363728,51.0741325745393],[17.04607320363728,51.06513937090205],[17.037080000000035,51.06513937090205]]]}},{"type":"Feature","properties":{"jobs":821,"pop":3907,"pointCount":20,"homeWorkCommuteMedian":5439,"workHomeCommuteMedian":5287},"geometry":{"type":"Polygon","coordinates":[[[17.037080000000035,51.0741325745393],[17.037080000000035,51.083125778176544],[17.04607320363728,51.083125778176544],[17.04607320363728,51.0741325745393],[17.037080000000035,51.0741325745393]]]}},{"type":"Feature","properties":{"jobs":1279,"pop":7251,"pointCount":31,"homeWorkCommuteMedian":7104,"workHomeCommuteMedian":4469},"geometry":{"type":"Polygon","coordinates":[[[17.037080000000035,51.083125778176544],[17.037080000000035,51.09211898181379],[17.04607320363728,51.09211898181379],[17.04607320363728,51.083125778176544],[17.037080000000035,51.083125778176544]]]}},{"type":"Feature","properties":{"jobs":2921,"pop":3107,"pointCount":18,"homeWorkCommuteMedian":3258,"workHomeCommuteMedian":4634},"geometry":{"type":"Polygon","coordinates":[[[17.037080000000035,51.09211898181379],[17.037080000000035,51.101112185451036],[17.04607320363728,51.101112185451036],[17.04607320363728,51.09211898181379],[17.037080000000035,51.09211898181379]]]}},{"type":"Feature","properties":{"jobs":9145,"pop":4243,"pointCount":27,"homeWorkCommuteMedian":3156,"workHomeCommuteMedian":4925},"geometry":{"type":"Polygon","coordinates":[[[17.037080000000035,51.101112185451036],[17.037080000000035,51.11010538908828],[17.04607320363728,51.11010538908828],[17.04607320363728,51.101112185451036],[17.037080000000035,51.101112185451036]]]}},{"type":"Feature","properties":{"jobs":8154,"pop":2419,"pointCount":25,"homeWorkCommuteMedian":6668,"workHomeCommuteMedian":4328},"geometry":{"type":"Polygon","coordinates":[[[17.037080000000035,51.11010538908828],[17.037080000000035,51.11909859272553],[17.04607320363728,51.11909859272553],[17.04607320363728,51.11010538908828],[17.037080000000035,51.11010538908828]]]}},{"type":"Feature","properties":{"jobs":1792,"pop":7508,"pointCount":33,"homeWorkCommuteMedian":4432,"workHomeCommuteMedian":4756},"geometry":{"type":"Polygon","coordinates":[[[17.037080000000035,51.11909859272553],[17.037080000000035,51.128091796362774],[17.04607320363728,51.128091796362774],[17.04607320363728,51.11909859272553],[17.037080000000035,51.11909859272553]]]}},{"type":"Feature","properties":{"jobs":2088,"pop":1700,"pointCount":9,"homeWorkCommuteMedian":6004,"workHomeCommuteMedian":5111},"geometry":{"type":"Polygon","coordinates":[[[17.037080000000035,51.128091796362774],[17.037080000000035,51.13708500000002],[17.04607320363728,51.13708500000002],[17.04607320363728,51.128091796362774],[17.037080000000035,51.128091796362774]]]}},{"type":"Feature","properties":{"jobs":255,"pop":1419,"pointCount":9,"homeWorkCommuteMedian":6057,"workHomeCommuteMedian":6076},"geometry":{"type":"Polygon","coordinates":[[[17.037080000000035,51.13708500000002],[17.037080000000035,51.146078203637266],[17.04607320363728,51.146078203637266],[17.04607320363728,51.13708500000002],[17.037080000000035,51.13708500000002]]]}},{"type":"Feature","properties":{"jobs":2397,"pop":2499,"pointCount":11,"homeWorkCommuteMedian":7818,"workHomeCommuteMedian":8873},"geometry":{"type":"Polygon","coordinates":[[[17.037080000000035,51.146078203637266],[17.037080000000035,51.15507140727451],[17.04607320363728,51.15507140727451],[17.04607320363728,51.146078203637266],[17.037080000000035,51.146078203637266]]]}},{"type":"Feature","properties":{"jobs":36,"pop":1120,"pointCount":7,"homeWorkCommuteMedian":7613,"workHomeCommuteMedian":13637},"geometry":{"type":"Polygon","coordinates":[[[17.037080000000035,51.15507140727451],[17.037080000000035,51.16406461091176],[17.04607320363728,51.16406461091176],[17.04607320363728,51.15507140727451],[17.037080000000035,51.15507140727451]]]}},{"type":"Feature","properties":{"jobs":62,"pop":106,"pointCount":3,"homeWorkCommuteMedian":12810,"workHomeCommuteMedian":15186},"geometry":{"type":"Polygon","coordinates":[[[17.037080000000035,51.16406461091176],[17.037080000000035,51.173057814549004],[17.04607320363728,51.173057814549004],[17.04607320363728,51.16406461091176],[17.037080000000035,51.16406461091176]]]}},{"type":"Feature","properties":{"jobs":187,"pop":134,"pointCount":4,"homeWorkCommuteMedian":2575,"workHomeCommuteMedian":9276},"geometry":{"type":"Polygon","coordinates":[[[17.037080000000035,51.173057814549004],[17.037080000000035,51.18205101818625],[17.04607320363728,51.18205101818625],[17.04607320363728,51.173057814549004],[17.037080000000035,51.173057814549004]]]}},{"type":"Feature","properties":{"jobs":59,"pop":24,"pointCount":2,"homeWorkCommuteMedian":1944,"workHomeCommuteMedian":14604},"geometry":{"type":"Polygon","coordinates":[[[17.037080000000035,51.18205101818625],[17.037080000000035,51.191044221823496],[17.04607320363728,51.191044221823496],[17.04607320363728,51.18205101818625],[17.037080000000035,51.18205101818625]]]}},{"type":"Feature","properties":{"jobs":161,"pop":92,"pointCount":4,"homeWorkCommuteMedian":3182,"workHomeCommuteMedian":10252},"geometry":{"type":"Polygon","coordinates":[[[17.037080000000035,51.20003742546074],[17.037080000000035,51.20903062909799],[17.04607320363728,51.20903062909799],[17.04607320363728,51.20003742546074],[17.037080000000035,51.20003742546074]]]}},{"type":"Feature","properties":{"jobs":0,"pop":24,"pointCount":1,"homeWorkCommuteMedian":12775,"workHomeCommuteMedian":-1},"geometry":{"type":"Polygon","coordinates":[[[17.037080000000035,51.218023832735234],[17.037080000000035,51.22701703637248],[17.04607320363728,51.22701703637248],[17.04607320363728,51.218023832735234],[17.037080000000035,51.218023832735234]]]}},{"type":"Feature","properties":{"jobs":137,"pop":99,"pointCount":7,"homeWorkCommuteMedian":4846,"workHomeCommuteMedian":7496},"geometry":{"type":"Polygon","coordinates":[[[17.037080000000035,51.22701703637248],[17.037080000000035,51.236010240009726],[17.04607320363728,51.236010240009726],[17.04607320363728,51.22701703637248],[17.037080000000035,51.22701703637248]]]}},{"type":"Feature","properties":{"jobs":358,"pop":120,"pointCount":2,"homeWorkCommuteMedian":18951,"workHomeCommuteMedian":3296},"geometry":{"type":"Polygon","coordinates":[[[17.037080000000035,51.236010240009726],[17.037080000000035,51.24500344364697],[17.04607320363728,51.24500344364697],[17.04607320363728,51.236010240009726],[17.037080000000035,51.236010240009726]]]}},{"type":"Feature","properties":{"jobs":90,"pop":60,"pointCount":3,"homeWorkCommuteMedian":892,"workHomeCommuteMedian":17170},"geometry":{"type":"Polygon","coordinates":[[[17.037080000000035,51.24500344364697],[17.037080000000035,51.25399664728422],[17.04607320363728,51.25399664728422],[17.04607320363728,51.24500344364697],[17.037080000000035,51.24500344364697]]]}},{"type":"Feature","properties":{"jobs":81,"pop":0,"pointCount":2,"homeWorkCommuteMedian":-1,"workHomeCommuteMedian":10851},"geometry":{"type":"Polygon","coordinates":[[[17.037080000000035,51.25399664728422],[17.037080000000035,51.262989850921464],[17.04607320363728,51.262989850921464],[17.04607320363728,51.25399664728422],[17.037080000000035,51.25399664728422]]]}},{"type":"Feature","properties":{"jobs":47,"pop":55,"pointCount":2,"homeWorkCommuteMedian":4571,"workHomeCommuteMedian":5781},"geometry":{"type":"Polygon","coordinates":[[[17.037080000000035,51.280976258195956],[17.037080000000035,51.2899694618332],[17.04607320363728,51.2899694618332],[17.04607320363728,51.280976258195956],[17.037080000000035,51.280976258195956]]]}},{"type":"Feature","properties":{"jobs":0,"pop":48,"pointCount":1,"homeWorkCommuteMedian":7055,"workHomeCommuteMedian":-1},"geometry":{"type":"Polygon","coordinates":[[[17.037080000000035,51.2899694618332],[17.037080000000035,51.29896266547045],[17.04607320363728,51.29896266547045],[17.04607320363728,51.2899694618332],[17.037080000000035,51.2899694618332]]]}},{"type":"Feature","properties":{"jobs":0,"pop":42,"pointCount":1,"homeWorkCommuteMedian":2229,"workHomeCommuteMedian":-1},"geometry":{"type":"Polygon","coordinates":[[[17.037080000000035,51.325942276382186],[17.037080000000035,51.33493548001943],[17.04607320363728,51.33493548001943],[17.04607320363728,51.325942276382186],[17.037080000000035,51.325942276382186]]]}},{"type":"Feature","properties":{"jobs":37,"pop":0,"pointCount":1,"homeWorkCommuteMedian":-1,"workHomeCommuteMedian":8225},"geometry":{"type":"Polygon","coordinates":[[[17.037080000000035,51.33493548001943],[17.037080000000035,51.34392868365668],[17.04607320363728,51.34392868365668],[17.04607320363728,51.33493548001943],[17.037080000000035,51.33493548001943]]]}},{"type":"Feature","properties":{"jobs":0,"pop":35,"pointCount":1,"homeWorkCommuteMedian":3027,"workHomeCommuteMedian":-1},"geometry":{"type":"Polygon","coordinates":[[[17.037080000000035,51.460840330940876],[17.037080000000035,51.46983353457812],[17.04607320363728,51.46983353457812],[17.04607320363728,51.460840330940876],[17.037080000000035,51.460840330940876]]]}},{"type":"Feature","properties":{"jobs":101,"pop":26,"pointCount":2,"homeWorkCommuteMedian":4108,"workHomeCommuteMedian":21992},"geometry":{"type":"Polygon","coordinates":[[[17.037080000000035,51.51479955276435],[17.037080000000035,51.5237927564016],[17.04607320363728,51.5237927564016],[17.04607320363728,51.51479955276435],[17.037080000000035,51.51479955276435]]]}},{"type":"Feature","properties":{"jobs":0,"pop":35,"pointCount":1,"homeWorkCommuteMedian":13100,"workHomeCommuteMedian":-1},"geometry":{"type":"Polygon","coordinates":[[[17.04607320363728,50.69641802177497],[17.04607320363728,50.70541122541221],[17.055066407274527,50.70541122541221],[17.055066407274527,50.69641802177497],[17.04607320363728,50.69641802177497]]]}},{"type":"Feature","properties":{"jobs":61,"pop":31,"pointCount":3,"homeWorkCommuteMedian":4691,"workHomeCommuteMedian":48454},"geometry":{"type":"Polygon","coordinates":[[[17.04607320363728,50.723397632686705],[17.04607320363728,50.73239083632395],[17.055066407274527,50.73239083632395],[17.055066407274527,50.723397632686705],[17.04607320363728,50.723397632686705]]]}},{"type":"Feature","properties":{"jobs":0,"pop":21,"pointCount":1,"homeWorkCommuteMedian":35467,"workHomeCommuteMedian":-1},"geometry":{"type":"Polygon","coordinates":[[[17.04607320363728,50.73239083632395],[17.04607320363728,50.7413840399612],[17.055066407274527,50.7413840399612],[17.055066407274527,50.73239083632395],[17.04607320363728,50.73239083632395]]]}},{"type":"Feature","properties":{"jobs":282,"pop":65,"pointCount":4,"homeWorkCommuteMedian":4605,"workHomeCommuteMedian":4565},"geometry":{"type":"Polygon","coordinates":[[[17.04607320363728,50.768363650872935],[17.04607320363728,50.77735685451018],[17.055066407274527,50.77735685451018],[17.055066407274527,50.768363650872935],[17.04607320363728,50.768363650872935]]]}},{"type":"Feature","properties":{"jobs":505,"pop":81,"pointCount":5,"homeWorkCommuteMedian":1786,"workHomeCommuteMedian":4473},"geometry":{"type":"Polygon","coordinates":[[[17.04607320363728,50.77735685451018],[17.04607320363728,50.78635005814743],[17.055066407274527,50.78635005814743],[17.055066407274527,50.77735685451018],[17.04607320363728,50.77735685451018]]]}},{"type":"Feature","properties":{"jobs":379,"pop":0,"pointCount":3,"homeWorkCommuteMedian":-1,"workHomeCommuteMedian":2883},"geometry":{"type":"Polygon","coordinates":[[[17.04607320363728,50.78635005814743],[17.04607320363728,50.79534326178467],[17.055066407274527,50.79534326178467],[17.055066407274527,50.78635005814743],[17.04607320363728,50.78635005814743]]]}},{"type":"Feature","properties":{"jobs":0,"pop":35,"pointCount":1,"homeWorkCommuteMedian":4436,"workHomeCommuteMedian":-1},"geometry":{"type":"Polygon","coordinates":[[[17.04607320363728,50.813329669059165],[17.04607320363728,50.82232287269641],[17.055066407274527,50.82232287269641],[17.055066407274527,50.813329669059165],[17.04607320363728,50.813329669059165]]]}},{"type":"Feature","properties":{"jobs":0,"pop":52,"pointCount":1,"homeWorkCommuteMedian":5019,"workHomeCommuteMedian":-1},"geometry":{"type":"Polygon","coordinates":[[[17.04607320363728,50.858295687245395],[17.04607320363728,50.86728889088264],[17.055066407274527,50.86728889088264],[17.055066407274527,50.858295687245395],[17.04607320363728,50.858295687245395]]]}},{"type":"Feature","properties":{"jobs":476,"pop":372,"pointCount":10,"homeWorkCommuteMedian":3812,"workHomeCommuteMedian":16537},"geometry":{"type":"Polygon","coordinates":[[[17.04607320363728,50.97520733452959],[17.04607320363728,50.98420053816684],[17.055066407274527,50.98420053816684],[17.055066407274527,50.97520733452959],[17.04607320363728,50.97520733452959]]]}},{"type":"Feature","properties":{"jobs":165,"pop":0,"pointCount":2,"homeWorkCommuteMedian":-1,"workHomeCommuteMedian":8196},"geometry":{"type":"Polygon","coordinates":[[[17.04607320363728,50.98420053816684],[17.04607320363728,50.993193741804085],[17.055066407274527,50.993193741804085],[17.055066407274527,50.98420053816684],[17.04607320363728,50.98420053816684]]]}},{"type":"Feature","properties":{"jobs":0,"pop":350,"pointCount":6,"homeWorkCommuteMedian":5661,"workHomeCommuteMedian":-1},"geometry":{"type":"Polygon","coordinates":[[[17.04607320363728,51.00218694544133],[17.04607320363728,51.01118014907858],[17.055066407274527,51.01118014907858],[17.055066407274527,51.00218694544133],[17.04607320363728,51.00218694544133]]]}},{"type":"Feature","properties":{"jobs":0,"pop":48,"pointCount":1,"homeWorkCommuteMedian":5260,"workHomeCommuteMedian":-1},"geometry":{"type":"Polygon","coordinates":[[[17.04607320363728,51.01118014907858],[17.04607320363728,51.02017335271582],[17.055066407274527,51.02017335271582],[17.055066407274527,51.01118014907858],[17.04607320363728,51.01118014907858]]]}},{"type":"Feature","properties":{"jobs":0,"pop":106,"pointCount":2,"homeWorkCommuteMedian":10692,"workHomeCommuteMedian":-1},"geometry":{"type":"Polygon","coordinates":[[[17.04607320363728,51.02017335271582],[17.04607320363728,51.02916655635307],[17.055066407274527,51.02916655635307],[17.055066407274527,51.02017335271582],[17.04607320363728,51.02017335271582]]]}},{"type":"Feature","properties":{"jobs":38,"pop":148,"pointCount":4,"homeWorkCommuteMedian":11257,"workHomeCommuteMedian":11710},"geometry":{"type":"Polygon","coordinates":[[[17.04607320363728,51.02916655635307],[17.04607320363728,51.038159759990315],[17.055066407274527,51.038159759990315],[17.055066407274527,51.02916655635307],[17.04607320363728,51.02916655635307]]]}},{"type":"Feature","properties":{"jobs":0,"pop":175,"pointCount":2,"homeWorkCommuteMedian":10093,"workHomeCommuteMedian":-1},"geometry":{"type":"Polygon","coordinates":[[[17.04607320363728,51.038159759990315],[17.04607320363728,51.04715296362756],[17.055066407274527,51.04715296362756],[17.055066407274527,51.038159759990315],[17.04607320363728,51.038159759990315]]]}},{"type":"Feature","properties":{"jobs":7,"pop":1174,"pointCount":2,"homeWorkCommuteMedian":8265,"workHomeCommuteMedian":8847},"geometry":{"type":"Polygon","coordinates":[[[17.04607320363728,51.04715296362756],[17.04607320363728,51.05614616726481],[17.055066407274527,51.05614616726481],[17.055066407274527,51.04715296362756],[17.04607320363728,51.04715296362756]]]}},{"type":"Feature","properties":{"jobs":0,"pop":118,"pointCount":1,"homeWorkCommuteMedian":5518,"workHomeCommuteMedian":-1},"geometry":{"type":"Polygon","coordinates":[[[17.04607320363728,51.05614616726481],[17.04607320363728,51.06513937090205],[17.055066407274527,51.06513937090205],[17.055066407274527,51.05614616726481],[17.04607320363728,51.05614616726481]]]}},{"type":"Feature","properties":{"jobs":74,"pop":656,"pointCount":2,"homeWorkCommuteMedian":6925,"workHomeCommuteMedian":7162},"geometry":{"type":"Polygon","coordinates":[[[17.04607320363728,51.06513937090205],[17.04607320363728,51.0741325745393],[17.055066407274527,51.0741325745393],[17.055066407274527,51.06513937090205],[17.04607320363728,51.06513937090205]]]}},{"type":"Feature","properties":{"jobs":1623,"pop":3074,"pointCount":17,"homeWorkCommuteMedian":5314,"workHomeCommuteMedian":6028},"geometry":{"type":"Polygon","coordinates":[[[17.04607320363728,51.0741325745393],[17.04607320363728,51.083125778176544],[17.055066407274527,51.083125778176544],[17.055066407274527,51.0741325745393],[17.04607320363728,51.0741325745393]]]}},{"type":"Feature","properties":{"jobs":1536,"pop":3537,"pointCount":17,"homeWorkCommuteMedian":4918,"workHomeCommuteMedian":7346},"geometry":{"type":"Polygon","coordinates":[[[17.04607320363728,51.083125778176544],[17.04607320363728,51.09211898181379],[17.055066407274527,51.09211898181379],[17.055066407274527,51.083125778176544],[17.04607320363728,51.083125778176544]]]}},{"type":"Feature","properties":{"jobs":1633,"pop":7598,"pointCount":25,"homeWorkCommuteMedian":3410,"workHomeCommuteMedian":3888},"geometry":{"type":"Polygon","coordinates":[[[17.04607320363728,51.09211898181379],[17.04607320363728,51.101112185451036],[17.055066407274527,51.101112185451036],[17.055066407274527,51.09211898181379],[17.04607320363728,51.09211898181379]]]}},{"type":"Feature","properties":{"jobs":4036,"pop":2999,"pointCount":20,"homeWorkCommuteMedian":5500,"workHomeCommuteMedian":5924},"geometry":{"type":"Polygon","coordinates":[[[17.04607320363728,51.101112185451036],[17.04607320363728,51.11010538908828],[17.055066407274527,51.11010538908828],[17.055066407274527,51.101112185451036],[17.04607320363728,51.101112185451036]]]}},{"type":"Feature","properties":{"jobs":5646,"pop":4596,"pointCount":30,"homeWorkCommuteMedian":3474,"workHomeCommuteMedian":5209},"geometry":{"type":"Polygon","coordinates":[[[17.04607320363728,51.11010538908828],[17.04607320363728,51.11909859272553],[17.055066407274527,51.11909859272553],[17.055066407274527,51.11010538908828],[17.04607320363728,51.11010538908828]]]}},{"type":"Feature","properties":{"jobs":1048,"pop":9146,"pointCount":46,"homeWorkCommuteMedian":4472,"workHomeCommuteMedian":6776},"geometry":{"type":"Polygon","coordinates":[[[17.04607320363728,51.11909859272553],[17.04607320363728,51.128091796362774],[17.055066407274527,51.128091796362774],[17.055066407274527,51.11909859272553],[17.04607320363728,51.11909859272553]]]}},{"type":"Feature","properties":{"jobs":249,"pop":1760,"pointCount":7,"homeWorkCommuteMedian":5135,"workHomeCommuteMedian":6357},"geometry":{"type":"Polygon","coordinates":[[[17.04607320363728,51.128091796362774],[17.04607320363728,51.13708500000002],[17.055066407274527,51.13708500000002],[17.055066407274527,51.128091796362774],[17.04607320363728,51.128091796362774]]]}},{"type":"Feature","properties":{"jobs":1024,"pop":819,"pointCount":10,"homeWorkCommuteMedian":5438,"workHomeCommuteMedian":9041},"geometry":{"type":"Polygon","coordinates":[[[17.04607320363728,51.13708500000002],[17.04607320363728,51.146078203637266],[17.055066407274527,51.146078203637266],[17.055066407274527,51.13708500000002],[17.04607320363728,51.13708500000002]]]}},{"type":"Feature","properties":{"jobs":86,"pop":221,"pointCount":3,"homeWorkCommuteMedian":7138,"workHomeCommuteMedian":7587},"geometry":{"type":"Polygon","coordinates":[[[17.04607320363728,51.146078203637266],[17.04607320363728,51.15507140727451],[17.055066407274527,51.15507140727451],[17.055066407274527,51.146078203637266],[17.04607320363728,51.146078203637266]]]}},{"type":"Feature","properties":{"jobs":68,"pop":804,"pointCount":8,"homeWorkCommuteMedian":8533,"workHomeCommuteMedian":11959},"geometry":{"type":"Polygon","coordinates":[[[17.04607320363728,51.15507140727451],[17.04607320363728,51.16406461091176],[17.055066407274527,51.16406461091176],[17.055066407274527,51.15507140727451],[17.04607320363728,51.15507140727451]]]}},{"type":"Feature","properties":{"jobs":0,"pop":48,"pointCount":1,"homeWorkCommuteMedian":7564,"workHomeCommuteMedian":-1},"geometry":{"type":"Polygon","coordinates":[[[17.04607320363728,51.16406461091176],[17.04607320363728,51.173057814549004],[17.055066407274527,51.173057814549004],[17.055066407274527,51.16406461091176],[17.04607320363728,51.16406461091176]]]}},{"type":"Feature","properties":{"jobs":41,"pop":190,"pointCount":5,"homeWorkCommuteMedian":3394,"workHomeCommuteMedian":10039},"geometry":{"type":"Polygon","coordinates":[[[17.04607320363728,51.173057814549004],[17.04607320363728,51.18205101818625],[17.055066407274527,51.18205101818625],[17.055066407274527,51.173057814549004],[17.04607320363728,51.173057814549004]]]}},{"type":"Feature","properties":{"jobs":25,"pop":40,"pointCount":2,"homeWorkCommuteMedian":7873,"workHomeCommuteMedian":9869},"geometry":{"type":"Polygon","coordinates":[[[17.04607320363728,51.20003742546074],[17.04607320363728,51.20903062909799],[17.055066407274527,51.20903062909799],[17.055066407274527,51.20003742546074],[17.04607320363728,51.20003742546074]]]}},{"type":"Feature","properties":{"jobs":0,"pop":80,"pointCount":1,"homeWorkCommuteMedian":17328,"workHomeCommuteMedian":-1},"geometry":{"type":"Polygon","coordinates":[[[17.04607320363728,51.20903062909799],[17.04607320363728,51.218023832735234],[17.055066407274527,51.218023832735234],[17.055066407274527,51.20903062909799],[17.04607320363728,51.20903062909799]]]}},{"type":"Feature","properties":{"jobs":39,"pop":215,"pointCount":2,"homeWorkCommuteMedian":15037,"workHomeCommuteMedian":12997},"geometry":{"type":"Polygon","coordinates":[[[17.04607320363728,51.218023832735234],[17.04607320363728,51.22701703637248],[17.055066407274527,51.22701703637248],[17.055066407274527,51.218023832735234],[17.04607320363728,51.218023832735234]]]}},{"type":"Feature","properties":{"jobs":52,"pop":127,"pointCount":4,"homeWorkCommuteMedian":3841,"workHomeCommuteMedian":4009},"geometry":{"type":"Polygon","coordinates":[[[17.04607320363728,51.22701703637248],[17.04607320363728,51.236010240009726],[17.055066407274527,51.236010240009726],[17.055066407274527,51.22701703637248],[17.04607320363728,51.22701703637248]]]}},{"type":"Feature","properties":{"jobs":65,"pop":230,"pointCount":6,"homeWorkCommuteMedian":6110,"workHomeCommuteMedian":1694},"geometry":{"type":"Polygon","coordinates":[[[17.04607320363728,51.236010240009726],[17.04607320363728,51.24500344364697],[17.055066407274527,51.24500344364697],[17.055066407274527,51.236010240009726],[17.04607320363728,51.236010240009726]]]}},{"type":"Feature","properties":{"jobs":0,"pop":112,"pointCount":3,"homeWorkCommuteMedian":19417,"workHomeCommuteMedian":-1},"geometry":{"type":"Polygon","coordinates":[[[17.04607320363728,51.24500344364697],[17.04607320363728,51.25399664728422],[17.055066407274527,51.25399664728422],[17.055066407274527,51.24500344364697],[17.04607320363728,51.24500344364697]]]}},{"type":"Feature","properties":{"jobs":86,"pop":153,"pointCount":5,"homeWorkCommuteMedian":9276,"workHomeCommuteMedian":5416},"geometry":{"type":"Polygon","coordinates":[[[17.04607320363728,51.25399664728422],[17.04607320363728,51.262989850921464],[17.055066407274527,51.262989850921464],[17.055066407274527,51.25399664728422],[17.04607320363728,51.25399664728422]]]}},{"type":"Feature","properties":{"jobs":41,"pop":107,"pointCount":2,"homeWorkCommuteMedian":5414,"workHomeCommuteMedian":12696},"geometry":{"type":"Polygon","coordinates":[[[17.04607320363728,51.262989850921464],[17.04607320363728,51.27198305455871],[17.055066407274527,51.27198305455871],[17.055066407274527,51.262989850921464],[17.04607320363728,51.262989850921464]]]}},{"type":"Feature","properties":{"jobs":155,"pop":0,"pointCount":1,"homeWorkCommuteMedian":-1,"workHomeCommuteMedian":8492},"geometry":{"type":"Polygon","coordinates":[[[17.04607320363728,51.280976258195956],[17.04607320363728,51.2899694618332],[17.055066407274527,51.2899694618332],[17.055066407274527,51.280976258195956],[17.04607320363728,51.280976258195956]]]}},{"type":"Feature","properties":{"jobs":294,"pop":359,"pointCount":6,"homeWorkCommuteMedian":1705,"workHomeCommuteMedian":2833},"geometry":{"type":"Polygon","coordinates":[[[17.04607320363728,51.29896266547045],[17.04607320363728,51.307955869107694],[17.055066407274527,51.307955869107694],[17.055066407274527,51.29896266547045],[17.04607320363728,51.29896266547045]]]}},{"type":"Feature","properties":{"jobs":66,"pop":24,"pointCount":1,"homeWorkCommuteMedian":3942,"workHomeCommuteMedian":34350},"geometry":{"type":"Polygon","coordinates":[[[17.04607320363728,51.307955869107694],[17.04607320363728,51.31694907274494],[17.055066407274527,51.31694907274494],[17.055066407274527,51.307955869107694],[17.04607320363728,51.307955869107694]]]}},{"type":"Feature","properties":{"jobs":0,"pop":29,"pointCount":1,"homeWorkCommuteMedian":3310,"workHomeCommuteMedian":-1},"geometry":{"type":"Polygon","coordinates":[[[17.04607320363728,51.325942276382186],[17.04607320363728,51.33493548001943],[17.055066407274527,51.33493548001943],[17.055066407274527,51.325942276382186],[17.04607320363728,51.325942276382186]]]}},{"type":"Feature","properties":{"jobs":0,"pop":32,"pointCount":1,"homeWorkCommuteMedian":12009,"workHomeCommuteMedian":-1},"geometry":{"type":"Polygon","coordinates":[[[17.04607320363728,51.397887905480154],[17.04607320363728,51.4068811091174],[17.055066407274527,51.4068811091174],[17.055066407274527,51.397887905480154],[17.04607320363728,51.397887905480154]]]}},{"type":"Feature","properties":{"jobs":64,"pop":136,"pointCount":4,"homeWorkCommuteMedian":11627,"workHomeCommuteMedian":13290},"geometry":{"type":"Polygon","coordinates":[[[17.04607320363728,51.4068811091174],[17.04607320363728,51.415874312754646],[17.055066407274527,51.415874312754646],[17.055066407274527,51.4068811091174],[17.04607320363728,51.4068811091174]]]}},{"type":"Feature","properties":{"jobs":48,"pop":30,"pointCount":1,"homeWorkCommuteMedian":11830,"workHomeCommuteMedian":19330},"geometry":{"type":"Polygon","coordinates":[[[17.055066407274527,50.69641802177497],[17.055066407274527,50.70541122541221],[17.064059610911773,50.70541122541221],[17.064059610911773,50.69641802177497],[17.055066407274527,50.69641802177497]]]}},{"type":"Feature","properties":{"jobs":27,"pop":63,"pointCount":2,"homeWorkCommuteMedian":8956,"workHomeCommuteMedian":9814},"geometry":{"type":"Polygon","coordinates":[[[17.055066407274527,50.71440442904946],[17.055066407274527,50.723397632686705],[17.064059610911773,50.723397632686705],[17.064059610911773,50.71440442904946],[17.055066407274527,50.71440442904946]]]}},{"type":"Feature","properties":{"jobs":0,"pop":69,"pointCount":1,"homeWorkCommuteMedian":44183,"workHomeCommuteMedian":-1},"geometry":{"type":"Polygon","coordinates":[[[17.055066407274527,50.73239083632395],[17.055066407274527,50.7413840399612],[17.064059610911773,50.7413840399612],[17.064059610911773,50.73239083632395],[17.055066407274527,50.73239083632395]]]}},{"type":"Feature","properties":{"jobs":124,"pop":82,"pointCount":1,"homeWorkCommuteMedian":2802,"workHomeCommuteMedian":2706},"geometry":{"type":"Polygon","coordinates":[[[17.055066407274527,50.768363650872935],[17.055066407274527,50.77735685451018],[17.064059610911773,50.77735685451018],[17.064059610911773,50.768363650872935],[17.055066407274527,50.768363650872935]]]}},{"type":"Feature","properties":{"jobs":668,"pop":506,"pointCount":8,"homeWorkCommuteMedian":1845,"workHomeCommuteMedian":6229},"geometry":{"type":"Polygon","coordinates":[[[17.055066407274527,50.77735685451018],[17.055066407274527,50.78635005814743],[17.064059610911773,50.78635005814743],[17.064059610911773,50.77735685451018],[17.055066407274527,50.77735685451018]]]}},{"type":"Feature","properties":{"jobs":232,"pop":106,"pointCount":7,"homeWorkCommuteMedian":3052,"workHomeCommuteMedian":3770},"geometry":{"type":"Polygon","coordinates":[[[17.055066407274527,50.78635005814743],[17.055066407274527,50.79534326178467],[17.064059610911773,50.79534326178467],[17.064059610911773,50.78635005814743],[17.055066407274527,50.78635005814743]]]}},{"type":"Feature","properties":{"jobs":0,"pop":80,"pointCount":2,"homeWorkCommuteMedian":2085,"workHomeCommuteMedian":-1},"geometry":{"type":"Polygon","coordinates":[[[17.055066407274527,50.79534326178467],[17.055066407274527,50.80433646542192],[17.064059610911773,50.80433646542192],[17.064059610911773,50.79534326178467],[17.055066407274527,50.79534326178467]]]}},{"type":"Feature","properties":{"jobs":166,"pop":97,"pointCount":4,"homeWorkCommuteMedian":6414,"workHomeCommuteMedian":5940},"geometry":{"type":"Polygon","coordinates":[[[17.055066407274527,50.82232287269641],[17.055066407274527,50.83131607633366],[17.064059610911773,50.83131607633366],[17.064059610911773,50.82232287269641],[17.055066407274527,50.82232287269641]]]}},{"type":"Feature","properties":{"jobs":0,"pop":35,"pointCount":1,"homeWorkCommuteMedian":39686,"workHomeCommuteMedian":-1},"geometry":{"type":"Polygon","coordinates":[[[17.055066407274527,50.8403092799709],[17.055066407274527,50.84930248360815],[17.064059610911773,50.84930248360815],[17.064059610911773,50.8403092799709],[17.055066407274527,50.8403092799709]]]}},{"type":"Feature","properties":{"jobs":337,"pop":50,"pointCount":6,"homeWorkCommuteMedian":3425,"workHomeCommuteMedian":7083},"geometry":{"type":"Polygon","coordinates":[[[17.055066407274527,50.858295687245395],[17.055066407274527,50.86728889088264],[17.064059610911773,50.86728889088264],[17.064059610911773,50.858295687245395],[17.055066407274527,50.858295687245395]]]}},{"type":"Feature","properties":{"jobs":42,"pop":0,"pointCount":1,"homeWorkCommuteMedian":-1,"workHomeCommuteMedian":5019},"geometry":{"type":"Polygon","coordinates":[[[17.055066407274527,50.88527529815713],[17.055066407274527,50.89426850179438],[17.064059610911773,50.89426850179438],[17.064059610911773,50.88527529815713],[17.055066407274527,50.88527529815713]]]}},{"type":"Feature","properties":{"jobs":24,"pop":31,"pointCount":1,"homeWorkCommuteMedian":7078,"workHomeCommuteMedian":26437},"geometry":{"type":"Polygon","coordinates":[[[17.055066407274527,50.89426850179438],[17.055066407274527,50.903261705431625],[17.064059610911773,50.903261705431625],[17.064059610911773,50.89426850179438],[17.055066407274527,50.89426850179438]]]}},{"type":"Feature","properties":{"jobs":0,"pop":33,"pointCount":1,"homeWorkCommuteMedian":14104,"workHomeCommuteMedian":-1},"geometry":{"type":"Polygon","coordinates":[[[17.055066407274527,50.903261705431625],[17.055066407274527,50.91225490906887],[17.064059610911773,50.91225490906887],[17.064059610911773,50.903261705431625],[17.055066407274527,50.903261705431625]]]}},{"type":"Feature","properties":{"jobs":30,"pop":76,"pointCount":3,"homeWorkCommuteMedian":4381,"workHomeCommuteMedian":2217},"geometry":{"type":"Polygon","coordinates":[[[17.055066407274527,50.93923451998061],[17.055066407274527,50.948227723617855],[17.064059610911773,50.948227723617855],[17.064059610911773,50.93923451998061],[17.055066407274527,50.93923451998061]]]}},{"type":"Feature","properties":{"jobs":0,"pop":33,"pointCount":1,"homeWorkCommuteMedian":1072,"workHomeCommuteMedian":-1},"geometry":{"type":"Polygon","coordinates":[[[17.055066407274527,50.9572209272551],[17.055066407274527,50.96621413089235],[17.064059610911773,50.96621413089235],[17.064059610911773,50.9572209272551],[17.055066407274527,50.9572209272551]]]}},{"type":"Feature","properties":{"jobs":0,"pop":35,"pointCount":1,"homeWorkCommuteMedian":7445,"workHomeCommuteMedian":-1},"geometry":{"type":"Polygon","coordinates":[[[17.055066407274527,50.97520733452959],[17.055066407274527,50.98420053816684],[17.064059610911773,50.98420053816684],[17.064059610911773,50.97520733452959],[17.055066407274527,50.97520733452959]]]}},{"type":"Feature","properties":{"jobs":0,"pop":38,"pointCount":1,"homeWorkCommuteMedian":3453,"workHomeCommuteMedian":-1},"geometry":{"type":"Polygon","coordinates":[[[17.055066407274527,50.993193741804085],[17.055066407274527,51.00218694544133],[17.064059610911773,51.00218694544133],[17.064059610911773,50.993193741804085],[17.055066407274527,50.993193741804085]]]}},{"type":"Feature","properties":{"jobs":197,"pop":213,"pointCount":5,"homeWorkCommuteMedian":4663,"workHomeCommuteMedian":5260},"geometry":{"type":"Polygon","coordinates":[[[17.055066407274527,51.02017335271582],[17.055066407274527,51.02916655635307],[17.064059610911773,51.02916655635307],[17.064059610911773,51.02017335271582],[17.055066407274527,51.02017335271582]]]}},{"type":"Feature","properties":{"jobs":407,"pop":485,"pointCount":13,"homeWorkCommuteMedian":7691,"workHomeCommuteMedian":3295},"geometry":{"type":"Polygon","coordinates":[[[17.055066407274527,51.02916655635307],[17.055066407274527,51.038159759990315],[17.064059610911773,51.038159759990315],[17.064059610911773,51.02916655635307],[17.055066407274527,51.02916655635307]]]}},{"type":"Feature","properties":{"jobs":427,"pop":664,"pointCount":7,"homeWorkCommuteMedian":7791,"workHomeCommuteMedian":8642},"geometry":{"type":"Polygon","coordinates":[[[17.055066407274527,51.038159759990315],[17.055066407274527,51.04715296362756],[17.064059610911773,51.04715296362756],[17.064059610911773,51.038159759990315],[17.055066407274527,51.038159759990315]]]}},{"type":"Feature","properties":{"jobs":238,"pop":2721,"pointCount":13,"homeWorkCommuteMedian":7646,"workHomeCommuteMedian":10246},"geometry":{"type":"Polygon","coordinates":[[[17.055066407274527,51.04715296362756],[17.055066407274527,51.05614616726481],[17.064059610911773,51.05614616726481],[17.064059610911773,51.04715296362756],[17.055066407274527,51.04715296362756]]]}},{"type":"Feature","properties":{"jobs":139,"pop":1080,"pointCount":10,"homeWorkCommuteMedian":7010,"workHomeCommuteMedian":6492},"geometry":{"type":"Polygon","coordinates":[[[17.055066407274527,51.05614616726481],[17.055066407274527,51.06513937090205],[17.064059610911773,51.06513937090205],[17.064059610911773,51.05614616726481],[17.055066407274527,51.05614616726481]]]}},{"type":"Feature","properties":{"jobs":563,"pop":433,"pointCount":4,"homeWorkCommuteMedian":24254,"workHomeCommuteMedian":6531},"geometry":{"type":"Polygon","coordinates":[[[17.055066407274527,51.06513937090205],[17.055066407274527,51.0741325745393],[17.064059610911773,51.0741325745393],[17.064059610911773,51.06513937090205],[17.055066407274527,51.06513937090205]]]}},{"type":"Feature","properties":{"jobs":1616,"pop":1388,"pointCount":11,"homeWorkCommuteMedian":6714,"workHomeCommuteMedian":6473},"geometry":{"type":"Polygon","coordinates":[[[17.055066407274527,51.0741325745393],[17.055066407274527,51.083125778176544],[17.064059610911773,51.083125778176544],[17.064059610911773,51.0741325745393],[17.055066407274527,51.0741325745393]]]}},{"type":"Feature","properties":{"jobs":2989,"pop":2551,"pointCount":12,"homeWorkCommuteMedian":5790,"workHomeCommuteMedian":7751},"geometry":{"type":"Polygon","coordinates":[[[17.055066407274527,51.083125778176544],[17.055066407274527,51.09211898181379],[17.064059610911773,51.09211898181379],[17.064059610911773,51.083125778176544],[17.055066407274527,51.083125778176544]]]}},{"type":"Feature","properties":{"jobs":3201,"pop":1722,"pointCount":9,"homeWorkCommuteMedian":4227,"workHomeCommuteMedian":5499},"geometry":{"type":"Polygon","coordinates":[[[17.055066407274527,51.09211898181379],[17.055066407274527,51.101112185451036],[17.064059610911773,51.101112185451036],[17.064059610911773,51.09211898181379],[17.055066407274527,51.09211898181379]]]}},{"type":"Feature","properties":{"jobs":17123,"pop":751,"pointCount":10,"homeWorkCommuteMedian":3433,"workHomeCommuteMedian":5506},"geometry":{"type":"Polygon","coordinates":[[[17.055066407274527,51.101112185451036],[17.055066407274527,51.11010538908828],[17.064059610911773,51.11010538908828],[17.064059610911773,51.101112185451036],[17.055066407274527,51.101112185451036]]]}},{"type":"Feature","properties":{"jobs":8328,"pop":6556,"pointCount":33,"homeWorkCommuteMedian":6364,"workHomeCommuteMedian":5366},"geometry":{"type":"Polygon","coordinates":[[[17.055066407274527,51.11010538908828],[17.055066407274527,51.11909859272553],[17.064059610911773,51.11909859272553],[17.064059610911773,51.11010538908828],[17.055066407274527,51.11010538908828]]]}},{"type":"Feature","properties":{"jobs":416,"pop":4471,"pointCount":22,"homeWorkCommuteMedian":5827,"workHomeCommuteMedian":4678},"geometry":{"type":"Polygon","coordinates":[[[17.055066407274527,51.11909859272553],[17.055066407274527,51.128091796362774],[17.064059610911773,51.128091796362774],[17.064059610911773,51.11909859272553],[17.055066407274527,51.11909859272553]]]}},{"type":"Feature","properties":{"jobs":1140,"pop":1243,"pointCount":11,"homeWorkCommuteMedian":6798,"workHomeCommuteMedian":3622},"geometry":{"type":"Polygon","coordinates":[[[17.055066407274527,51.128091796362774],[17.055066407274527,51.13708500000002],[17.064059610911773,51.13708500000002],[17.064059610911773,51.128091796362774],[17.055066407274527,51.128091796362774]]]}},{"type":"Feature","properties":{"jobs":1122,"pop":872,"pointCount":7,"homeWorkCommuteMedian":5714,"workHomeCommuteMedian":7405},"geometry":{"type":"Polygon","coordinates":[[[17.055066407274527,51.13708500000002],[17.055066407274527,51.146078203637266],[17.064059610911773,51.146078203637266],[17.064059610911773,51.13708500000002],[17.055066407274527,51.13708500000002]]]}},{"type":"Feature","properties":{"jobs":0,"pop":25,"pointCount":1,"homeWorkCommuteMedian":6762,"workHomeCommuteMedian":-1},"geometry":{"type":"Polygon","coordinates":[[[17.055066407274527,51.146078203637266],[17.055066407274527,51.15507140727451],[17.064059610911773,51.15507140727451],[17.064059610911773,51.146078203637266],[17.055066407274527,51.146078203637266]]]}},{"type":"Feature","properties":{"jobs":0,"pop":54,"pointCount":1,"homeWorkCommuteMedian":3593,"workHomeCommuteMedian":-1},"geometry":{"type":"Polygon","coordinates":[[[17.055066407274527,51.16406461091176],[17.055066407274527,51.173057814549004],[17.064059610911773,51.173057814549004],[17.064059610911773,51.16406461091176],[17.055066407274527,51.16406461091176]]]}},{"type":"Feature","properties":{"jobs":0,"pop":32,"pointCount":1,"homeWorkCommuteMedian":11334,"workHomeCommuteMedian":-1},"geometry":{"type":"Polygon","coordinates":[[[17.055066407274527,51.173057814549004],[17.055066407274527,51.18205101818625],[17.064059610911773,51.18205101818625],[17.064059610911773,51.173057814549004],[17.055066407274527,51.173057814549004]]]}},{"type":"Feature","properties":{"jobs":70,"pop":50,"pointCount":2,"homeWorkCommuteMedian":5892,"workHomeCommuteMedian":12836},"geometry":{"type":"Polygon","coordinates":[[[17.055066407274527,51.191044221823496],[17.055066407274527,51.20003742546074],[17.064059610911773,51.20003742546074],[17.064059610911773,51.191044221823496],[17.055066407274527,51.191044221823496]]]}},{"type":"Feature","properties":{"jobs":0,"pop":83,"pointCount":3,"homeWorkCommuteMedian":14075,"workHomeCommuteMedian":-1},"geometry":{"type":"Polygon","coordinates":[[[17.055066407274527,51.20903062909799],[17.055066407274527,51.218023832735234],[17.064059610911773,51.218023832735234],[17.064059610911773,51.20903062909799],[17.055066407274527,51.20903062909799]]]}},{"type":"Feature","properties":{"jobs":41,"pop":32,"pointCount":2,"homeWorkCommuteMedian":8793,"workHomeCommuteMedian":23524},"geometry":{"type":"Polygon","coordinates":[[[17.055066407274527,51.218023832735234],[17.055066407274527,51.22701703637248],[17.064059610911773,51.22701703637248],[17.064059610911773,51.218023832735234],[17.055066407274527,51.218023832735234]]]}},{"type":"Feature","properties":{"jobs":0,"pop":23,"pointCount":1,"homeWorkCommuteMedian":4864,"workHomeCommuteMedian":-1},"geometry":{"type":"Polygon","coordinates":[[[17.055066407274527,51.25399664728422],[17.055066407274527,51.262989850921464],[17.064059610911773,51.262989850921464],[17.064059610911773,51.25399664728422],[17.055066407274527,51.25399664728422]]]}},{"type":"Feature","properties":{"jobs":0,"pop":26,"pointCount":1,"homeWorkCommuteMedian":24085,"workHomeCommuteMedian":-1},"geometry":{"type":"Polygon","coordinates":[[[17.055066407274527,51.262989850921464],[17.055066407274527,51.27198305455871],[17.064059610911773,51.27198305455871],[17.064059610911773,51.262989850921464],[17.055066407274527,51.262989850921464]]]}},{"type":"Feature","properties":{"jobs":57,"pop":38,"pointCount":2,"homeWorkCommuteMedian":4236,"workHomeCommuteMedian":28329},"geometry":{"type":"Polygon","coordinates":[[[17.055066407274527,51.27198305455871],[17.055066407274527,51.280976258195956],[17.064059610911773,51.280976258195956],[17.064059610911773,51.27198305455871],[17.055066407274527,51.27198305455871]]]}},{"type":"Feature","properties":{"jobs":239,"pop":0,"pointCount":1,"homeWorkCommuteMedian":-1,"workHomeCommuteMedian":8919},"geometry":{"type":"Polygon","coordinates":[[[17.055066407274527,51.2899694618332],[17.055066407274527,51.29896266547045],[17.064059610911773,51.29896266547045],[17.064059610911773,51.2899694618332],[17.055066407274527,51.2899694618332]]]}},{"type":"Feature","properties":{"jobs":1171,"pop":1800,"pointCount":13,"homeWorkCommuteMedian":2224,"workHomeCommuteMedian":4269},"geometry":{"type":"Polygon","coordinates":[[[17.055066407274527,51.29896266547045],[17.055066407274527,51.307955869107694],[17.064059610911773,51.307955869107694],[17.064059610911773,51.29896266547045],[17.055066407274527,51.29896266547045]]]}},{"type":"Feature","properties":{"jobs":1420,"pop":1665,"pointCount":16,"homeWorkCommuteMedian":1804,"workHomeCommuteMedian":2066},"geometry":{"type":"Polygon","coordinates":[[[17.055066407274527,51.307955869107694],[17.055066407274527,51.31694907274494],[17.064059610911773,51.31694907274494],[17.064059610911773,51.307955869107694],[17.055066407274527,51.307955869107694]]]}},{"type":"Feature","properties":{"jobs":1338,"pop":212,"pointCount":10,"homeWorkCommuteMedian":2833,"workHomeCommuteMedian":2724},"geometry":{"type":"Polygon","coordinates":[[[17.055066407274527,51.31694907274494],[17.055066407274527,51.325942276382186],[17.064059610911773,51.325942276382186],[17.064059610911773,51.31694907274494],[17.055066407274527,51.31694907274494]]]}},{"type":"Feature","properties":{"jobs":28,"pop":44,"pointCount":2,"homeWorkCommuteMedian":2085,"workHomeCommuteMedian":9276},"geometry":{"type":"Polygon","coordinates":[[[17.055066407274527,51.325942276382186],[17.055066407274527,51.33493548001943],[17.064059610911773,51.33493548001943],[17.064059610911773,51.325942276382186],[17.055066407274527,51.325942276382186]]]}},{"type":"Feature","properties":{"jobs":45,"pop":94,"pointCount":3,"homeWorkCommuteMedian":12267,"workHomeCommuteMedian":3626},"geometry":{"type":"Polygon","coordinates":[[[17.055066407274527,51.352921887293924],[17.055066407274527,51.36191509093117],[17.064059610911773,51.36191509093117],[17.064059610911773,51.352921887293924],[17.055066407274527,51.352921887293924]]]}},{"type":"Feature","properties":{"jobs":0,"pop":30,"pointCount":1,"homeWorkCommuteMedian":6499,"workHomeCommuteMedian":-1},"geometry":{"type":"Polygon","coordinates":[[[17.064059610911773,50.73239083632395],[17.064059610911773,50.7413840399612],[17.07305281454902,50.7413840399612],[17.07305281454902,50.73239083632395],[17.064059610911773,50.73239083632395]]]}},{"type":"Feature","properties":{"jobs":0,"pop":30,"pointCount":1,"homeWorkCommuteMedian":4479,"workHomeCommuteMedian":-1},"geometry":{"type":"Polygon","coordinates":[[[17.064059610911773,50.75037724359844],[17.064059610911773,50.75937044723569],[17.07305281454902,50.75937044723569],[17.07305281454902,50.75037724359844],[17.064059610911773,50.75037724359844]]]}},{"type":"Feature","properties":{"jobs":26,"pop":136,"pointCount":4,"homeWorkCommuteMedian":3770,"workHomeCommuteMedian":2888},"geometry":{"type":"Polygon","coordinates":[[[17.064059610911773,50.75937044723569],[17.064059610911773,50.768363650872935],[17.07305281454902,50.768363650872935],[17.07305281454902,50.75937044723569],[17.064059610911773,50.75937044723569]]]}},{"type":"Feature","properties":{"jobs":118,"pop":179,"pointCount":4,"homeWorkCommuteMedian":2793,"workHomeCommuteMedian":5641},"geometry":{"type":"Polygon","coordinates":[[[17.064059610911773,50.768363650872935],[17.064059610911773,50.77735685451018],[17.07305281454902,50.77735685451018],[17.07305281454902,50.768363650872935],[17.064059610911773,50.768363650872935]]]}},{"type":"Feature","properties":{"jobs":1681,"pop":1448,"pointCount":15,"homeWorkCommuteMedian":2121,"workHomeCommuteMedian":3008},"geometry":{"type":"Polygon","coordinates":[[[17.064059610911773,50.77735685451018],[17.064059610911773,50.78635005814743],[17.07305281454902,50.78635005814743],[17.07305281454902,50.77735685451018],[17.064059610911773,50.77735685451018]]]}},{"type":"Feature","properties":{"jobs":1212,"pop":699,"pointCount":9,"homeWorkCommuteMedian":2923,"workHomeCommuteMedian":2334},"geometry":{"type":"Polygon","coordinates":[[[17.064059610911773,50.78635005814743],[17.064059610911773,50.79534326178467],[17.07305281454902,50.79534326178467],[17.07305281454902,50.78635005814743],[17.064059610911773,50.78635005814743]]]}},{"type":"Feature","properties":{"jobs":0,"pop":68,"pointCount":1,"homeWorkCommuteMedian":3988,"workHomeCommuteMedian":-1},"geometry":{"type":"Polygon","coordinates":[[[17.064059610911773,50.80433646542192],[17.064059610911773,50.813329669059165],[17.07305281454902,50.813329669059165],[17.07305281454902,50.80433646542192],[17.064059610911773,50.80433646542192]]]}},{"type":"Feature","properties":{"jobs":89,"pop":201,"pointCount":3,"homeWorkCommuteMedian":4096,"workHomeCommuteMedian":6894},"geometry":{"type":"Polygon","coordinates":[[[17.064059610911773,50.858295687245395],[17.064059610911773,50.86728889088264],[17.07305281454902,50.86728889088264],[17.07305281454902,50.858295687245395],[17.064059610911773,50.858295687245395]]]}},{"type":"Feature","properties":{"jobs":111,"pop":111,"pointCount":3,"homeWorkCommuteMedian":6216,"workHomeCommuteMedian":10098},"geometry":{"type":"Polygon","coordinates":[[[17.064059610911773,50.86728889088264],[17.064059610911773,50.87628209451989],[17.07305281454902,50.87628209451989],[17.07305281454902,50.86728889088264],[17.064059610911773,50.86728889088264]]]}},{"type":"Feature","properties":{"jobs":32,"pop":24,"pointCount":2,"homeWorkCommuteMedian":27347,"workHomeCommuteMedian":24660},"geometry":{"type":"Polygon","coordinates":[[[17.064059610911773,50.903261705431625],[17.064059610911773,50.91225490906887],[17.07305281454902,50.91225490906887],[17.07305281454902,50.903261705431625],[17.064059610911773,50.903261705431625]]]}},{"type":"Feature","properties":{"jobs":0,"pop":37,"pointCount":1,"homeWorkCommuteMedian":6361,"workHomeCommuteMedian":-1},"geometry":{"type":"Polygon","coordinates":[[[17.064059610911773,50.91225490906887],[17.064059610911773,50.92124811270612],[17.07305281454902,50.92124811270612],[17.07305281454902,50.91225490906887],[17.064059610911773,50.91225490906887]]]}},{"type":"Feature","properties":{"jobs":43,"pop":86,"pointCount":3,"homeWorkCommuteMedian":22161,"workHomeCommuteMedian":18623},"geometry":{"type":"Polygon","coordinates":[[[17.064059610911773,50.93923451998061],[17.064059610911773,50.948227723617855],[17.07305281454902,50.948227723617855],[17.07305281454902,50.93923451998061],[17.064059610911773,50.93923451998061]]]}},{"type":"Feature","properties":{"jobs":314,"pop":113,"pointCount":4,"homeWorkCommuteMedian":19773,"workHomeCommuteMedian":12546},"geometry":{"type":"Polygon","coordinates":[[[17.064059610911773,50.9572209272551],[17.064059610911773,50.96621413089235],[17.07305281454902,50.96621413089235],[17.07305281454902,50.9572209272551],[17.064059610911773,50.9572209272551]]]}},{"type":"Feature","properties":{"jobs":2157,"pop":0,"pointCount":3,"homeWorkCommuteMedian":-1,"workHomeCommuteMedian":6361},"geometry":{"type":"Polygon","coordinates":[[[17.064059610911773,50.96621413089235],[17.064059610911773,50.97520733452959],[17.07305281454902,50.97520733452959],[17.07305281454902,50.96621413089235],[17.064059610911773,50.96621413089235]]]}},{"type":"Feature","properties":{"jobs":106,"pop":61,"pointCount":4,"homeWorkCommuteMedian":19006,"workHomeCommuteMedian":11656},"geometry":{"type":"Polygon","coordinates":[[[17.064059610911773,50.97520733452959],[17.064059610911773,50.98420053816684],[17.07305281454902,50.98420053816684],[17.07305281454902,50.97520733452959],[17.064059610911773,50.97520733452959]]]}},{"type":"Feature","properties":{"jobs":0,"pop":96,"pointCount":2,"homeWorkCommuteMedian":3172,"workHomeCommuteMedian":-1},"geometry":{"type":"Polygon","coordinates":[[[17.064059610911773,50.98420053816684],[17.064059610911773,50.993193741804085],[17.07305281454902,50.993193741804085],[17.07305281454902,50.98420053816684],[17.064059610911773,50.98420053816684]]]}},{"type":"Feature","properties":{"jobs":30,"pop":21,"pointCount":2,"homeWorkCommuteMedian":16275,"workHomeCommuteMedian":1904},"geometry":{"type":"Polygon","coordinates":[[[17.064059610911773,50.993193741804085],[17.064059610911773,51.00218694544133],[17.07305281454902,51.00218694544133],[17.07305281454902,50.993193741804085],[17.064059610911773,50.993193741804085]]]}},{"type":"Feature","properties":{"jobs":337,"pop":0,"pointCount":3,"homeWorkCommuteMedian":-1,"workHomeCommuteMedian":3569},"geometry":{"type":"Polygon","coordinates":[[[17.064059610911773,51.02916655635307],[17.064059610911773,51.038159759990315],[17.07305281454902,51.038159759990315],[17.07305281454902,51.02916655635307],[17.064059610911773,51.02916655635307]]]}},{"type":"Feature","properties":{"jobs":0,"pop":200,"pointCount":5,"homeWorkCommuteMedian":5590,"workHomeCommuteMedian":-1},"geometry":{"type":"Polygon","coordinates":[[[17.064059610911773,51.038159759990315],[17.064059610911773,51.04715296362756],[17.07305281454902,51.04715296362756],[17.07305281454902,51.038159759990315],[17.064059610911773,51.038159759990315]]]}},{"type":"Feature","properties":{"jobs":43,"pop":723,"pointCount":5,"homeWorkCommuteMedian":10275,"workHomeCommuteMedian":3551},"geometry":{"type":"Polygon","coordinates":[[[17.064059610911773,51.04715296362756],[17.064059610911773,51.05614616726481],[17.07305281454902,51.05614616726481],[17.07305281454902,51.04715296362756],[17.064059610911773,51.04715296362756]]]}},{"type":"Feature","properties":{"jobs":109,"pop":594,"pointCount":4,"homeWorkCommuteMedian":9061,"workHomeCommuteMedian":9322},"geometry":{"type":"Polygon","coordinates":[[[17.064059610911773,51.05614616726481],[17.064059610911773,51.06513937090205],[17.07305281454902,51.06513937090205],[17.07305281454902,51.05614616726481],[17.064059610911773,51.05614616726481]]]}},{"type":"Feature","properties":{"jobs":1076,"pop":2256,"pointCount":12,"homeWorkCommuteMedian":13093,"workHomeCommuteMedian":5657},"geometry":{"type":"Polygon","coordinates":[[[17.064059610911773,51.0741325745393],[17.064059610911773,51.083125778176544],[17.07305281454902,51.083125778176544],[17.07305281454902,51.0741325745393],[17.064059610911773,51.0741325745393]]]}},{"type":"Feature","properties":{"jobs":1403,"pop":63,"pointCount":4,"homeWorkCommuteMedian":3875,"workHomeCommuteMedian":5549},"geometry":{"type":"Polygon","coordinates":[[[17.064059610911773,51.083125778176544],[17.064059610911773,51.09211898181379],[17.07305281454902,51.09211898181379],[17.07305281454902,51.083125778176544],[17.064059610911773,51.083125778176544]]]}},{"type":"Feature","properties":{"jobs":461,"pop":514,"pointCount":6,"homeWorkCommuteMedian":3551,"workHomeCommuteMedian":5175},"geometry":{"type":"Polygon","coordinates":[[[17.064059610911773,51.09211898181379],[17.064059610911773,51.101112185451036],[17.07305281454902,51.101112185451036],[17.07305281454902,51.09211898181379],[17.064059610911773,51.09211898181379]]]}},{"type":"Feature","properties":{"jobs":4491,"pop":378,"pointCount":5,"homeWorkCommuteMedian":8059,"workHomeCommuteMedian":5470},"geometry":{"type":"Polygon","coordinates":[[[17.064059610911773,51.101112185451036],[17.064059610911773,51.11010538908828],[17.07305281454902,51.11010538908828],[17.07305281454902,51.101112185451036],[17.064059610911773,51.101112185451036]]]}},{"type":"Feature","properties":{"jobs":6221,"pop":1496,"pointCount":18,"homeWorkCommuteMedian":4620,"workHomeCommuteMedian":6427},"geometry":{"type":"Polygon","coordinates":[[[17.064059610911773,51.11010538908828],[17.064059610911773,51.11909859272553],[17.07305281454902,51.11909859272553],[17.07305281454902,51.11010538908828],[17.064059610911773,51.11010538908828]]]}},{"type":"Feature","properties":{"jobs":313,"pop":226,"pointCount":4,"homeWorkCommuteMedian":9188,"workHomeCommuteMedian":4325},"geometry":{"type":"Polygon","coordinates":[[[17.064059610911773,51.11909859272553],[17.064059610911773,51.128091796362774],[17.07305281454902,51.128091796362774],[17.07305281454902,51.11909859272553],[17.064059610911773,51.11909859272553]]]}},{"type":"Feature","properties":{"jobs":1623,"pop":752,"pointCount":12,"homeWorkCommuteMedian":5044,"workHomeCommuteMedian":7715},"geometry":{"type":"Polygon","coordinates":[[[17.064059610911773,51.128091796362774],[17.064059610911773,51.13708500000002],[17.07305281454902,51.13708500000002],[17.07305281454902,51.128091796362774],[17.064059610911773,51.128091796362774]]]}},{"type":"Feature","properties":{"jobs":3313,"pop":1585,"pointCount":14,"homeWorkCommuteMedian":6941,"workHomeCommuteMedian":9123},"geometry":{"type":"Polygon","coordinates":[[[17.064059610911773,51.13708500000002],[17.064059610911773,51.146078203637266],[17.07305281454902,51.146078203637266],[17.07305281454902,51.13708500000002],[17.064059610911773,51.13708500000002]]]}},{"type":"Feature","properties":{"jobs":127,"pop":1866,"pointCount":6,"homeWorkCommuteMedian":6522,"workHomeCommuteMedian":8855},"geometry":{"type":"Polygon","coordinates":[[[17.064059610911773,51.146078203637266],[17.064059610911773,51.15507140727451],[17.07305281454902,51.15507140727451],[17.07305281454902,51.146078203637266],[17.064059610911773,51.146078203637266]]]}},{"type":"Feature","properties":{"jobs":50,"pop":81,"pointCount":1,"homeWorkCommuteMedian":9007,"workHomeCommuteMedian":13264},"geometry":{"type":"Polygon","coordinates":[[[17.064059610911773,51.15507140727451],[17.064059610911773,51.16406461091176],[17.07305281454902,51.16406461091176],[17.07305281454902,51.15507140727451],[17.064059610911773,51.15507140727451]]]}},{"type":"Feature","properties":{"jobs":118,"pop":0,"pointCount":2,"homeWorkCommuteMedian":-1,"workHomeCommuteMedian":9650},"geometry":{"type":"Polygon","coordinates":[[[17.064059610911773,51.191044221823496],[17.064059610911773,51.20003742546074],[17.07305281454902,51.20003742546074],[17.07305281454902,51.191044221823496],[17.064059610911773,51.191044221823496]]]}},{"type":"Feature","properties":{"jobs":0,"pop":21,"pointCount":1,"homeWorkCommuteMedian":17074,"workHomeCommuteMedian":-1},"geometry":{"type":"Polygon","coordinates":[[[17.064059610911773,51.20903062909799],[17.064059610911773,51.218023832735234],[17.07305281454902,51.218023832735234],[17.07305281454902,51.20903062909799],[17.064059610911773,51.20903062909799]]]}},{"type":"Feature","properties":{"jobs":0,"pop":120,"pointCount":1,"homeWorkCommuteMedian":19273,"workHomeCommuteMedian":-1},"geometry":{"type":"Polygon","coordinates":[[[17.064059610911773,51.218023832735234],[17.064059610911773,51.22701703637248],[17.07305281454902,51.22701703637248],[17.07305281454902,51.218023832735234],[17.064059610911773,51.218023832735234]]]}},{"type":"Feature","properties":{"jobs":60,"pop":0,"pointCount":1,"homeWorkCommuteMedian":-1,"workHomeCommuteMedian":22748},"geometry":{"type":"Polygon","coordinates":[[[17.064059610911773,51.24500344364697],[17.064059610911773,51.25399664728422],[17.07305281454902,51.25399664728422],[17.07305281454902,51.24500344364697],[17.064059610911773,51.24500344364697]]]}},{"type":"Feature","properties":{"jobs":126,"pop":0,"pointCount":2,"homeWorkCommuteMedian":-1,"workHomeCommuteMedian":5460},"geometry":{"type":"Polygon","coordinates":[[[17.064059610911773,51.2899694618332],[17.064059610911773,51.29896266547045],[17.07305281454902,51.29896266547045],[17.07305281454902,51.2899694618332],[17.064059610911773,51.2899694618332]]]}},{"type":"Feature","properties":{"jobs":1388,"pop":1060,"pointCount":10,"homeWorkCommuteMedian":1710,"workHomeCommuteMedian":1759},"geometry":{"type":"Polygon","coordinates":[[[17.064059610911773,51.29896266547045],[17.064059610911773,51.307955869107694],[17.07305281454902,51.307955869107694],[17.07305281454902,51.29896266547045],[17.064059610911773,51.29896266547045]]]}},{"type":"Feature","properties":{"jobs":590,"pop":370,"pointCount":6,"homeWorkCommuteMedian":1570,"workHomeCommuteMedian":1518},"geometry":{"type":"Polygon","coordinates":[[[17.064059610911773,51.307955869107694],[17.064059610911773,51.31694907274494],[17.07305281454902,51.31694907274494],[17.07305281454902,51.307955869107694],[17.064059610911773,51.307955869107694]]]}},{"type":"Feature","properties":{"jobs":443,"pop":49,"pointCount":2,"homeWorkCommuteMedian":2279,"workHomeCommuteMedian":2479},"geometry":{"type":"Polygon","coordinates":[[[17.064059610911773,51.31694907274494],[17.064059610911773,51.325942276382186],[17.07305281454902,51.325942276382186],[17.07305281454902,51.31694907274494],[17.064059610911773,51.31694907274494]]]}},{"type":"Feature","properties":{"jobs":50,"pop":0,"pointCount":1,"homeWorkCommuteMedian":-1,"workHomeCommuteMedian":3167},"geometry":{"type":"Polygon","coordinates":[[[17.064059610911773,51.325942276382186],[17.064059610911773,51.33493548001943],[17.07305281454902,51.33493548001943],[17.07305281454902,51.325942276382186],[17.064059610911773,51.325942276382186]]]}},{"type":"Feature","properties":{"jobs":0,"pop":47,"pointCount":1,"homeWorkCommuteMedian":4269,"workHomeCommuteMedian":-1},"geometry":{"type":"Polygon","coordinates":[[[17.064059610911773,51.33493548001943],[17.064059610911773,51.34392868365668],[17.07305281454902,51.34392868365668],[17.07305281454902,51.33493548001943],[17.064059610911773,51.33493548001943]]]}},{"type":"Feature","properties":{"jobs":40,"pop":24,"pointCount":1,"homeWorkCommuteMedian":10063,"workHomeCommuteMedian":24180},"geometry":{"type":"Polygon","coordinates":[[[17.064059610911773,51.42486751639189],[17.064059610911773,51.43386072002914],[17.07305281454902,51.43386072002914],[17.07305281454902,51.42486751639189],[17.064059610911773,51.42486751639189]]]}},{"type":"Feature","properties":{"jobs":101,"pop":0,"pointCount":1,"homeWorkCommuteMedian":-1,"workHomeCommuteMedian":5675},"geometry":{"type":"Polygon","coordinates":[[[17.064059610911773,51.442853923666384],[17.064059610911773,51.45184712730363],[17.07305281454902,51.45184712730363],[17.07305281454902,51.442853923666384],[17.064059610911773,51.442853923666384]]]}},{"type":"Feature","properties":{"jobs":31,"pop":0,"pointCount":1,"homeWorkCommuteMedian":-1,"workHomeCommuteMedian":3463},"geometry":{"type":"Polygon","coordinates":[[[17.07305281454902,50.73239083632395],[17.07305281454902,50.7413840399612],[17.082046018186265,50.7413840399612],[17.082046018186265,50.73239083632395],[17.07305281454902,50.73239083632395]]]}},{"type":"Feature","properties":{"jobs":0,"pop":59,"pointCount":1,"homeWorkCommuteMedian":4588,"workHomeCommuteMedian":-1},"geometry":{"type":"Polygon","coordinates":[[[17.07305281454902,50.75037724359844],[17.07305281454902,50.75937044723569],[17.082046018186265,50.75937044723569],[17.082046018186265,50.75037724359844],[17.07305281454902,50.75037724359844]]]}},{"type":"Feature","properties":{"jobs":0,"pop":55,"pointCount":1,"homeWorkCommuteMedian":50649,"workHomeCommuteMedian":-1},"geometry":{"type":"Polygon","coordinates":[[[17.07305281454902,50.75937044723569],[17.07305281454902,50.768363650872935],[17.082046018186265,50.768363650872935],[17.082046018186265,50.75937044723569],[17.07305281454902,50.75937044723569]]]}},{"type":"Feature","properties":{"jobs":126,"pop":282,"pointCount":7,"homeWorkCommuteMedian":2369,"workHomeCommuteMedian":2082},"geometry":{"type":"Polygon","coordinates":[[[17.07305281454902,50.768363650872935],[17.07305281454902,50.77735685451018],[17.082046018186265,50.77735685451018],[17.082046018186265,50.768363650872935],[17.07305281454902,50.768363650872935]]]}},{"type":"Feature","properties":{"jobs":271,"pop":1138,"pointCount":10,"homeWorkCommuteMedian":2169,"workHomeCommuteMedian":3776},"geometry":{"type":"Polygon","coordinates":[[[17.07305281454902,50.77735685451018],[17.07305281454902,50.78635005814743],[17.082046018186265,50.78635005814743],[17.082046018186265,50.77735685451018],[17.07305281454902,50.77735685451018]]]}},{"type":"Feature","properties":{"jobs":118,"pop":155,"pointCount":3,"homeWorkCommuteMedian":2883,"workHomeCommuteMedian":1788},"geometry":{"type":"Polygon","coordinates":[[[17.07305281454902,50.78635005814743],[17.07305281454902,50.79534326178467],[17.082046018186265,50.79534326178467],[17.082046018186265,50.78635005814743],[17.07305281454902,50.78635005814743]]]}},{"type":"Feature","properties":{"jobs":109,"pop":45,"pointCount":2,"homeWorkCommuteMedian":47772,"workHomeCommuteMedian":4653},"geometry":{"type":"Polygon","coordinates":[[[17.07305281454902,50.80433646542192],[17.07305281454902,50.813329669059165],[17.082046018186265,50.813329669059165],[17.082046018186265,50.80433646542192],[17.07305281454902,50.80433646542192]]]}},{"type":"Feature","properties":{"jobs":0,"pop":36,"pointCount":1,"homeWorkCommuteMedian":2603,"workHomeCommuteMedian":-1},"geometry":{"type":"Polygon","coordinates":[[[17.07305281454902,50.8403092799709],[17.07305281454902,50.84930248360815],[17.082046018186265,50.84930248360815],[17.082046018186265,50.8403092799709],[17.07305281454902,50.8403092799709]]]}},{"type":"Feature","properties":{"jobs":46,"pop":29,"pointCount":2,"homeWorkCommuteMedian":8518,"workHomeCommuteMedian":2318},"geometry":{"type":"Polygon","coordinates":[[[17.07305281454902,50.84930248360815],[17.07305281454902,50.858295687245395],[17.082046018186265,50.858295687245395],[17.082046018186265,50.84930248360815],[17.07305281454902,50.84930248360815]]]}},{"type":"Feature","properties":{"jobs":0,"pop":38,"pointCount":1,"homeWorkCommuteMedian":19726,"workHomeCommuteMedian":-1},"geometry":{"type":"Polygon","coordinates":[[[17.07305281454902,50.858295687245395],[17.07305281454902,50.86728889088264],[17.082046018186265,50.86728889088264],[17.082046018186265,50.858295687245395],[17.07305281454902,50.858295687245395]]]}},{"type":"Feature","properties":{"jobs":33,"pop":132,"pointCount":3,"homeWorkCommuteMedian":5166,"workHomeCommuteMedian":2866},"geometry":{"type":"Polygon","coordinates":[[[17.07305281454902,50.93024131634336],[17.07305281454902,50.93923451998061],[17.082046018186265,50.93923451998061],[17.082046018186265,50.93024131634336],[17.07305281454902,50.93024131634336]]]}},{"type":"Feature","properties":{"jobs":0,"pop":58,"pointCount":2,"homeWorkCommuteMedian":865,"workHomeCommuteMedian":-1},"geometry":{"type":"Polygon","coordinates":[[[17.07305281454902,50.97520733452959],[17.07305281454902,50.98420053816684],[17.082046018186265,50.98420053816684],[17.082046018186265,50.97520733452959],[17.07305281454902,50.97520733452959]]]}},{"type":"Feature","properties":{"jobs":20,"pop":27,"pointCount":2,"homeWorkCommuteMedian":7842,"workHomeCommuteMedian":27469},"geometry":{"type":"Polygon","coordinates":[[[17.07305281454902,50.993193741804085],[17.07305281454902,51.00218694544133],[17.082046018186265,51.00218694544133],[17.082046018186265,50.993193741804085],[17.07305281454902,50.993193741804085]]]}},{"type":"Feature","properties":{"jobs":0,"pop":40,"pointCount":1,"homeWorkCommuteMedian":13325,"workHomeCommuteMedian":-1},"geometry":{"type":"Polygon","coordinates":[[[17.07305281454902,51.00218694544133],[17.07305281454902,51.01118014907858],[17.082046018186265,51.01118014907858],[17.082046018186265,51.00218694544133],[17.07305281454902,51.00218694544133]]]}},{"type":"Feature","properties":{"jobs":0,"pop":45,"pointCount":1,"homeWorkCommuteMedian":10946,"workHomeCommuteMedian":-1},"geometry":{"type":"Polygon","coordinates":[[[17.07305281454902,51.02017335271582],[17.07305281454902,51.02916655635307],[17.082046018186265,51.02916655635307],[17.082046018186265,51.02017335271582],[17.07305281454902,51.02017335271582]]]}},{"type":"Feature","properties":{"jobs":149,"pop":187,"pointCount":6,"homeWorkCommuteMedian":7728,"workHomeCommuteMedian":7714},"geometry":{"type":"Polygon","coordinates":[[[17.07305281454902,51.038159759990315],[17.07305281454902,51.04715296362756],[17.082046018186265,51.04715296362756],[17.082046018186265,51.038159759990315],[17.07305281454902,51.038159759990315]]]}},{"type":"Feature","properties":{"jobs":32,"pop":322,"pointCount":4,"homeWorkCommuteMedian":8819,"workHomeCommuteMedian":9171},"geometry":{"type":"Polygon","coordinates":[[[17.07305281454902,51.04715296362756],[17.07305281454902,51.05614616726481],[17.082046018186265,51.05614616726481],[17.082046018186265,51.04715296362756],[17.07305281454902,51.04715296362756]]]}},{"type":"Feature","properties":{"jobs":926,"pop":971,"pointCount":10,"homeWorkCommuteMedian":8800,"workHomeCommuteMedian":8827},"geometry":{"type":"Polygon","coordinates":[[[17.07305281454902,51.05614616726481],[17.07305281454902,51.06513937090205],[17.082046018186265,51.06513937090205],[17.082046018186265,51.05614616726481],[17.07305281454902,51.05614616726481]]]}},{"type":"Feature","properties":{"jobs":0,"pop":1318,"pointCount":7,"homeWorkCommuteMedian":6415,"workHomeCommuteMedian":-1},"geometry":{"type":"Polygon","coordinates":[[[17.07305281454902,51.06513937090205],[17.07305281454902,51.0741325745393],[17.082046018186265,51.0741325745393],[17.082046018186265,51.06513937090205],[17.07305281454902,51.06513937090205]]]}},{"type":"Feature","properties":{"jobs":863,"pop":798,"pointCount":5,"homeWorkCommuteMedian":5862,"workHomeCommuteMedian":6183},"geometry":{"type":"Polygon","coordinates":[[[17.07305281454902,51.0741325745393],[17.07305281454902,51.083125778176544],[17.082046018186265,51.083125778176544],[17.082046018186265,51.0741325745393],[17.07305281454902,51.0741325745393]]]}},{"type":"Feature","properties":{"jobs":115,"pop":0,"pointCount":1,"homeWorkCommuteMedian":-1,"workHomeCommuteMedian":4022},"geometry":{"type":"Polygon","coordinates":[[[17.07305281454902,51.083125778176544],[17.07305281454902,51.09211898181379],[17.082046018186265,51.09211898181379],[17.082046018186265,51.083125778176544],[17.07305281454902,51.083125778176544]]]}},{"type":"Feature","properties":{"jobs":0,"pop":36,"pointCount":1,"homeWorkCommuteMedian":5633,"workHomeCommuteMedian":-1},"geometry":{"type":"Polygon","coordinates":[[[17.07305281454902,51.09211898181379],[17.07305281454902,51.101112185451036],[17.082046018186265,51.101112185451036],[17.082046018186265,51.09211898181379],[17.07305281454902,51.09211898181379]]]}},{"type":"Feature","properties":{"jobs":7869,"pop":155,"pointCount":9,"homeWorkCommuteMedian":34469,"workHomeCommuteMedian":6693},"geometry":{"type":"Polygon","coordinates":[[[17.07305281454902,51.101112185451036],[17.07305281454902,51.11010538908828],[17.082046018186265,51.11010538908828],[17.082046018186265,51.101112185451036],[17.07305281454902,51.101112185451036]]]}},{"type":"Feature","properties":{"jobs":548,"pop":226,"pointCount":4,"homeWorkCommuteMedian":5947,"workHomeCommuteMedian":6433},"geometry":{"type":"Polygon","coordinates":[[[17.07305281454902,51.11010538908828],[17.07305281454902,51.11909859272553],[17.082046018186265,51.11909859272553],[17.082046018186265,51.11010538908828],[17.07305281454902,51.11010538908828]]]}},{"type":"Feature","properties":{"jobs":140,"pop":636,"pointCount":5,"homeWorkCommuteMedian":4292,"workHomeCommuteMedian":4744},"geometry":{"type":"Polygon","coordinates":[[[17.07305281454902,51.11909859272553],[17.07305281454902,51.128091796362774],[17.082046018186265,51.128091796362774],[17.082046018186265,51.11909859272553],[17.07305281454902,51.11909859272553]]]}},{"type":"Feature","properties":{"jobs":890,"pop":1246,"pointCount":8,"homeWorkCommuteMedian":14052,"workHomeCommuteMedian":9190},"geometry":{"type":"Polygon","coordinates":[[[17.07305281454902,51.128091796362774],[17.07305281454902,51.13708500000002],[17.082046018186265,51.13708500000002],[17.082046018186265,51.128091796362774],[17.07305281454902,51.128091796362774]]]}},{"type":"Feature","properties":{"jobs":851,"pop":700,"pointCount":8,"homeWorkCommuteMedian":6444,"workHomeCommuteMedian":6453},"geometry":{"type":"Polygon","coordinates":[[[17.07305281454902,51.13708500000002],[17.07305281454902,51.146078203637266],[17.082046018186265,51.146078203637266],[17.082046018186265,51.13708500000002],[17.07305281454902,51.13708500000002]]]}},{"type":"Feature","properties":{"jobs":201,"pop":1026,"pointCount":9,"homeWorkCommuteMedian":7334,"workHomeCommuteMedian":11032},"geometry":{"type":"Polygon","coordinates":[[[17.07305281454902,51.146078203637266],[17.07305281454902,51.15507140727451],[17.082046018186265,51.15507140727451],[17.082046018186265,51.146078203637266],[17.07305281454902,51.146078203637266]]]}},{"type":"Feature","properties":{"jobs":0,"pop":63,"pointCount":1,"homeWorkCommuteMedian":27498,"workHomeCommuteMedian":-1},"geometry":{"type":"Polygon","coordinates":[[[17.07305281454902,51.24500344364697],[17.07305281454902,51.25399664728422],[17.082046018186265,51.25399664728422],[17.082046018186265,51.24500344364697],[17.07305281454902,51.24500344364697]]]}},{"type":"Feature","properties":{"jobs":0,"pop":42,"pointCount":1,"homeWorkCommuteMedian":18727,"workHomeCommuteMedian":-1},"geometry":{"type":"Polygon","coordinates":[[[17.07305281454902,51.280976258195956],[17.07305281454902,51.2899694618332],[17.082046018186265,51.2899694618332],[17.082046018186265,51.280976258195956],[17.07305281454902,51.280976258195956]]]}},{"type":"Feature","properties":{"jobs":0,"pop":466,"pointCount":4,"homeWorkCommuteMedian":2005,"workHomeCommuteMedian":-1},"geometry":{"type":"Polygon","coordinates":[[[17.07305281454902,51.29896266547045],[17.07305281454902,51.307955869107694],[17.082046018186265,51.307955869107694],[17.082046018186265,51.29896266547045],[17.07305281454902,51.29896266547045]]]}},{"type":"Feature","properties":{"jobs":0,"pop":75,"pointCount":1,"homeWorkCommuteMedian":1518,"workHomeCommuteMedian":-1},"geometry":{"type":"Polygon","coordinates":[[[17.07305281454902,51.307955869107694],[17.07305281454902,51.31694907274494],[17.082046018186265,51.31694907274494],[17.082046018186265,51.307955869107694],[17.07305281454902,51.307955869107694]]]}},{"type":"Feature","properties":{"jobs":110,"pop":117,"pointCount":5,"homeWorkCommuteMedian":2948,"workHomeCommuteMedian":3295},"geometry":{"type":"Polygon","coordinates":[[[17.07305281454902,51.325942276382186],[17.07305281454902,51.33493548001943],[17.082046018186265,51.33493548001943],[17.082046018186265,51.325942276382186],[17.07305281454902,51.325942276382186]]]}},{"type":"Feature","properties":{"jobs":0,"pop":77,"pointCount":1,"homeWorkCommuteMedian":5460,"workHomeCommuteMedian":-1},"geometry":{"type":"Polygon","coordinates":[[[17.07305281454902,51.33493548001943],[17.07305281454902,51.34392868365668],[17.082046018186265,51.34392868365668],[17.082046018186265,51.33493548001943],[17.07305281454902,51.33493548001943]]]}},{"type":"Feature","properties":{"jobs":68,"pop":97,"pointCount":3,"homeWorkCommuteMedian":4688,"workHomeCommuteMedian":5944},"geometry":{"type":"Polygon","coordinates":[[[17.07305281454902,51.34392868365668],[17.07305281454902,51.352921887293924],[17.082046018186265,51.352921887293924],[17.082046018186265,51.34392868365668],[17.07305281454902,51.34392868365668]]]}},{"type":"Feature","properties":{"jobs":26,"pop":54,"pointCount":3,"homeWorkCommuteMedian":6729,"workHomeCommuteMedian":7794},"geometry":{"type":"Polygon","coordinates":[[[17.07305281454902,51.352921887293924],[17.07305281454902,51.36191509093117],[17.082046018186265,51.36191509093117],[17.082046018186265,51.352921887293924],[17.07305281454902,51.352921887293924]]]}},{"type":"Feature","properties":{"jobs":0,"pop":68,"pointCount":2,"homeWorkCommuteMedian":9231,"workHomeCommuteMedian":-1},"geometry":{"type":"Polygon","coordinates":[[[17.07305281454902,51.37990149820566],[17.07305281454902,51.38889470184291],[17.082046018186265,51.38889470184291],[17.082046018186265,51.37990149820566],[17.07305281454902,51.37990149820566]]]}},{"type":"Feature","properties":{"jobs":0,"pop":96,"pointCount":2,"homeWorkCommuteMedian":14059,"workHomeCommuteMedian":-1},"geometry":{"type":"Polygon","coordinates":[[[17.07305281454902,51.42486751639189],[17.07305281454902,51.43386072002914],[17.082046018186265,51.43386072002914],[17.082046018186265,51.42486751639189],[17.07305281454902,51.42486751639189]]]}},{"type":"Feature","properties":{"jobs":0,"pop":44,"pointCount":1,"homeWorkCommuteMedian":1063,"workHomeCommuteMedian":-1},"geometry":{"type":"Polygon","coordinates":[[[17.07305281454902,51.442853923666384],[17.07305281454902,51.45184712730363],[17.082046018186265,51.45184712730363],[17.082046018186265,51.442853923666384],[17.07305281454902,51.442853923666384]]]}},{"type":"Feature","properties":{"jobs":32,"pop":114,"pointCount":4,"homeWorkCommuteMedian":5561,"workHomeCommuteMedian":3606},"geometry":{"type":"Polygon","coordinates":[[[17.082046018186265,50.75037724359844],[17.082046018186265,50.75937044723569],[17.09103922182351,50.75937044723569],[17.09103922182351,50.75037724359844],[17.082046018186265,50.75037724359844]]]}},{"type":"Feature","properties":{"jobs":0,"pop":102,"pointCount":2,"homeWorkCommuteMedian":2981,"workHomeCommuteMedian":-1},"geometry":{"type":"Polygon","coordinates":[[[17.082046018186265,50.768363650872935],[17.082046018186265,50.77735685451018],[17.09103922182351,50.77735685451018],[17.09103922182351,50.768363650872935],[17.082046018186265,50.768363650872935]]]}},{"type":"Feature","properties":{"jobs":79,"pop":161,"pointCount":3,"homeWorkCommuteMedian":2059,"workHomeCommuteMedian":6617},"geometry":{"type":"Polygon","coordinates":[[[17.082046018186265,50.77735685451018],[17.082046018186265,50.78635005814743],[17.09103922182351,50.78635005814743],[17.09103922182351,50.77735685451018],[17.082046018186265,50.77735685451018]]]}},{"type":"Feature","properties":{"jobs":63,"pop":0,"pointCount":1,"homeWorkCommuteMedian":-1,"workHomeCommuteMedian":1654},"geometry":{"type":"Polygon","coordinates":[[[17.082046018186265,50.78635005814743],[17.082046018186265,50.79534326178467],[17.09103922182351,50.79534326178467],[17.09103922182351,50.78635005814743],[17.082046018186265,50.78635005814743]]]}},{"type":"Feature","properties":{"jobs":60,"pop":54,"pointCount":2,"homeWorkCommuteMedian":15593,"workHomeCommuteMedian":3866},"geometry":{"type":"Polygon","coordinates":[[[17.082046018186265,50.83131607633366],[17.082046018186265,50.8403092799709],[17.09103922182351,50.8403092799709],[17.09103922182351,50.83131607633366],[17.082046018186265,50.83131607633366]]]}},{"type":"Feature","properties":{"jobs":0,"pop":27,"pointCount":1,"homeWorkCommuteMedian":2754,"workHomeCommuteMedian":-1},"geometry":{"type":"Polygon","coordinates":[[[17.082046018186265,50.858295687245395],[17.082046018186265,50.86728889088264],[17.09103922182351,50.86728889088264],[17.09103922182351,50.858295687245395],[17.082046018186265,50.858295687245395]]]}},{"type":"Feature","properties":{"jobs":0,"pop":48,"pointCount":1,"homeWorkCommuteMedian":25476,"workHomeCommuteMedian":-1},"geometry":{"type":"Polygon","coordinates":[[[17.082046018186265,50.88527529815713],[17.082046018186265,50.89426850179438],[17.09103922182351,50.89426850179438],[17.09103922182351,50.88527529815713],[17.082046018186265,50.88527529815713]]]}},{"type":"Feature","properties":{"jobs":20,"pop":29,"pointCount":2,"homeWorkCommuteMedian":7592,"workHomeCommuteMedian":32647},"geometry":{"type":"Polygon","coordinates":[[[17.082046018186265,50.903261705431625],[17.082046018186265,50.91225490906887],[17.09103922182351,50.91225490906887],[17.09103922182351,50.903261705431625],[17.082046018186265,50.903261705431625]]]}},{"type":"Feature","properties":{"jobs":0,"pop":22,"pointCount":1,"homeWorkCommuteMedian":25944,"workHomeCommuteMedian":-1},"geometry":{"type":"Polygon","coordinates":[[[17.082046018186265,50.92124811270612],[17.082046018186265,50.93024131634336],[17.09103922182351,50.93024131634336],[17.09103922182351,50.92124811270612],[17.082046018186265,50.92124811270612]]]}},{"type":"Feature","properties":{"jobs":77,"pop":30,"pointCount":3,"homeWorkCommuteMedian":3274,"workHomeCommuteMedian":11630},"geometry":{"type":"Polygon","coordinates":[[[17.082046018186265,50.9572209272551],[17.082046018186265,50.96621413089235],[17.09103922182351,50.96621413089235],[17.09103922182351,50.9572209272551],[17.082046018186265,50.9572209272551]]]}},{"type":"Feature","properties":{"jobs":0,"pop":104,"pointCount":3,"homeWorkCommuteMedian":4058,"workHomeCommuteMedian":-1},"geometry":{"type":"Polygon","coordinates":[[[17.082046018186265,50.97520733452959],[17.082046018186265,50.98420053816684],[17.09103922182351,50.98420053816684],[17.09103922182351,50.97520733452959],[17.082046018186265,50.97520733452959]]]}},{"type":"Feature","properties":{"jobs":21,"pop":118,"pointCount":3,"homeWorkCommuteMedian":8642,"workHomeCommuteMedian":7966},"geometry":{"type":"Polygon","coordinates":[[[17.082046018186265,50.993193741804085],[17.082046018186265,51.00218694544133],[17.09103922182351,51.00218694544133],[17.09103922182351,50.993193741804085],[17.082046018186265,50.993193741804085]]]}},{"type":"Feature","properties":{"jobs":0,"pop":27,"pointCount":1,"homeWorkCommuteMedian":8754,"workHomeCommuteMedian":-1},"geometry":{"type":"Polygon","coordinates":[[[17.082046018186265,51.00218694544133],[17.082046018186265,51.01118014907858],[17.09103922182351,51.01118014907858],[17.09103922182351,51.00218694544133],[17.082046018186265,51.00218694544133]]]}},{"type":"Feature","properties":{"jobs":30,"pop":60,"pointCount":3,"homeWorkCommuteMedian":7062,"workHomeCommuteMedian":15869},"geometry":{"type":"Polygon","coordinates":[[[17.082046018186265,51.01118014907858],[17.082046018186265,51.02017335271582],[17.09103922182351,51.02017335271582],[17.09103922182351,51.01118014907858],[17.082046018186265,51.01118014907858]]]}},{"type":"Feature","properties":{"jobs":55,"pop":239,"pointCount":4,"homeWorkCommuteMedian":7825,"workHomeCommuteMedian":8759},"geometry":{"type":"Polygon","coordinates":[[[17.082046018186265,51.02017335271582],[17.082046018186265,51.02916655635307],[17.09103922182351,51.02916655635307],[17.09103922182351,51.02017335271582],[17.082046018186265,51.02017335271582]]]}},{"type":"Feature","properties":{"jobs":0,"pop":36,"pointCount":1,"homeWorkCommuteMedian":5337,"workHomeCommuteMedian":-1},"geometry":{"type":"Polygon","coordinates":[[[17.082046018186265,51.02916655635307],[17.082046018186265,51.038159759990315],[17.09103922182351,51.038159759990315],[17.09103922182351,51.02916655635307],[17.082046018186265,51.02916655635307]]]}},{"type":"Feature","properties":{"jobs":77,"pop":58,"pointCount":3,"homeWorkCommuteMedian":10114,"workHomeCommuteMedian":5201},"geometry":{"type":"Polygon","coordinates":[[[17.082046018186265,51.038159759990315],[17.082046018186265,51.04715296362756],[17.09103922182351,51.04715296362756],[17.09103922182351,51.038159759990315],[17.082046018186265,51.038159759990315]]]}},{"type":"Feature","properties":{"jobs":37,"pop":791,"pointCount":4,"homeWorkCommuteMedian":9113,"workHomeCommuteMedian":36848},"geometry":{"type":"Polygon","coordinates":[[[17.082046018186265,51.04715296362756],[17.082046018186265,51.05614616726481],[17.09103922182351,51.05614616726481],[17.09103922182351,51.04715296362756],[17.082046018186265,51.04715296362756]]]}},{"type":"Feature","properties":{"jobs":624,"pop":1579,"pointCount":9,"homeWorkCommuteMedian":9492,"workHomeCommuteMedian":11776},"geometry":{"type":"Polygon","coordinates":[[[17.082046018186265,51.05614616726481],[17.082046018186265,51.06513937090205],[17.09103922182351,51.06513937090205],[17.09103922182351,51.05614616726481],[17.082046018186265,51.05614616726481]]]}},{"type":"Feature","properties":{"jobs":542,"pop":1810,"pointCount":10,"homeWorkCommuteMedian":7745,"workHomeCommuteMedian":9331},"geometry":{"type":"Polygon","coordinates":[[[17.082046018186265,51.06513937090205],[17.082046018186265,51.0741325745393],[17.09103922182351,51.0741325745393],[17.09103922182351,51.06513937090205],[17.082046018186265,51.06513937090205]]]}},{"type":"Feature","properties":{"jobs":631,"pop":1696,"pointCount":13,"homeWorkCommuteMedian":6567,"workHomeCommuteMedian":8536},"geometry":{"type":"Polygon","coordinates":[[[17.082046018186265,51.0741325745393],[17.082046018186265,51.083125778176544],[17.09103922182351,51.083125778176544],[17.09103922182351,51.0741325745393],[17.082046018186265,51.0741325745393]]]}},{"type":"Feature","properties":{"jobs":448,"pop":359,"pointCount":2,"homeWorkCommuteMedian":5544,"workHomeCommuteMedian":6882},"geometry":{"type":"Polygon","coordinates":[[[17.082046018186265,51.09211898181379],[17.082046018186265,51.101112185451036],[17.09103922182351,51.101112185451036],[17.09103922182351,51.09211898181379],[17.082046018186265,51.09211898181379]]]}},{"type":"Feature","properties":{"jobs":500,"pop":678,"pointCount":8,"homeWorkCommuteMedian":4399,"workHomeCommuteMedian":4740},"geometry":{"type":"Polygon","coordinates":[[[17.082046018186265,51.101112185451036],[17.082046018186265,51.11010538908828],[17.09103922182351,51.11010538908828],[17.09103922182351,51.101112185451036],[17.082046018186265,51.101112185451036]]]}},{"type":"Feature","properties":{"jobs":216,"pop":249,"pointCount":5,"homeWorkCommuteMedian":3942,"workHomeCommuteMedian":8178},"geometry":{"type":"Polygon","coordinates":[[[17.082046018186265,51.11010538908828],[17.082046018186265,51.11909859272553],[17.09103922182351,51.11909859272553],[17.09103922182351,51.11010538908828],[17.082046018186265,51.11010538908828]]]}},{"type":"Feature","properties":{"jobs":282,"pop":494,"pointCount":5,"homeWorkCommuteMedian":4779,"workHomeCommuteMedian":5333},"geometry":{"type":"Polygon","coordinates":[[[17.082046018186265,51.11909859272553],[17.082046018186265,51.128091796362774],[17.09103922182351,51.128091796362774],[17.09103922182351,51.11909859272553],[17.082046018186265,51.11909859272553]]]}},{"type":"Feature","properties":{"jobs":1390,"pop":877,"pointCount":6,"homeWorkCommuteMedian":7396,"workHomeCommuteMedian":5874},"geometry":{"type":"Polygon","coordinates":[[[17.082046018186265,51.128091796362774],[17.082046018186265,51.13708500000002],[17.09103922182351,51.13708500000002],[17.09103922182351,51.128091796362774],[17.082046018186265,51.128091796362774]]]}},{"type":"Feature","properties":{"jobs":1282,"pop":0,"pointCount":3,"homeWorkCommuteMedian":-1,"workHomeCommuteMedian":9569},"geometry":{"type":"Polygon","coordinates":[[[17.082046018186265,51.13708500000002],[17.082046018186265,51.146078203637266],[17.09103922182351,51.146078203637266],[17.09103922182351,51.13708500000002],[17.082046018186265,51.13708500000002]]]}},{"type":"Feature","properties":{"jobs":0,"pop":153,"pointCount":1,"homeWorkCommuteMedian":6581,"workHomeCommuteMedian":-1},"geometry":{"type":"Polygon","coordinates":[[[17.082046018186265,51.146078203637266],[17.082046018186265,51.15507140727451],[17.09103922182351,51.15507140727451],[17.09103922182351,51.146078203637266],[17.082046018186265,51.146078203637266]]]}},{"type":"Feature","properties":{"jobs":0,"pop":31,"pointCount":1,"homeWorkCommuteMedian":12390,"workHomeCommuteMedian":-1},"geometry":{"type":"Polygon","coordinates":[[[17.082046018186265,51.15507140727451],[17.082046018186265,51.16406461091176],[17.09103922182351,51.16406461091176],[17.09103922182351,51.15507140727451],[17.082046018186265,51.15507140727451]]]}},{"type":"Feature","properties":{"jobs":32,"pop":0,"pointCount":1,"homeWorkCommuteMedian":-1,"workHomeCommuteMedian":27077},"geometry":{"type":"Polygon","coordinates":[[[17.082046018186265,51.236010240009726],[17.082046018186265,51.24500344364697],[17.09103922182351,51.24500344364697],[17.09103922182351,51.236010240009726],[17.082046018186265,51.236010240009726]]]}},{"type":"Feature","properties":{"jobs":0,"pop":43,"pointCount":1,"homeWorkCommuteMedian":25672,"workHomeCommuteMedian":-1},"geometry":{"type":"Polygon","coordinates":[[[17.082046018186265,51.24500344364697],[17.082046018186265,51.25399664728422],[17.09103922182351,51.25399664728422],[17.09103922182351,51.24500344364697],[17.082046018186265,51.24500344364697]]]}},{"type":"Feature","properties":{"jobs":52,"pop":69,"pointCount":2,"homeWorkCommuteMedian":9299,"workHomeCommuteMedian":7406},"geometry":{"type":"Polygon","coordinates":[[[17.082046018186265,51.27198305455871],[17.082046018186265,51.280976258195956],[17.09103922182351,51.280976258195956],[17.09103922182351,51.27198305455871],[17.082046018186265,51.27198305455871]]]}},{"type":"Feature","properties":{"jobs":0,"pop":73,"pointCount":2,"homeWorkCommuteMedian":4157,"workHomeCommuteMedian":-1},"geometry":{"type":"Polygon","coordinates":[[[17.082046018186265,51.280976258195956],[17.082046018186265,51.2899694618332],[17.09103922182351,51.2899694618332],[17.09103922182351,51.280976258195956],[17.082046018186265,51.280976258195956]]]}},{"type":"Feature","properties":{"jobs":0,"pop":62,"pointCount":1,"homeWorkCommuteMedian":8420,"workHomeCommuteMedian":-1},"geometry":{"type":"Polygon","coordinates":[[[17.082046018186265,51.2899694618332],[17.082046018186265,51.29896266547045],[17.09103922182351,51.29896266547045],[17.09103922182351,51.2899694618332],[17.082046018186265,51.2899694618332]]]}},{"type":"Feature","properties":{"jobs":52,"pop":162,"pointCount":5,"homeWorkCommuteMedian":3114,"workHomeCommuteMedian":3570},"geometry":{"type":"Polygon","coordinates":[[[17.082046018186265,51.307955869107694],[17.082046018186265,51.31694907274494],[17.09103922182351,51.31694907274494],[17.09103922182351,51.307955869107694],[17.082046018186265,51.307955869107694]]]}},{"type":"Feature","properties":{"jobs":41,"pop":0,"pointCount":1,"homeWorkCommuteMedian":-1,"workHomeCommuteMedian":5912},"geometry":{"type":"Polygon","coordinates":[[[17.082046018186265,51.31694907274494],[17.082046018186265,51.325942276382186],[17.09103922182351,51.325942276382186],[17.09103922182351,51.31694907274494],[17.082046018186265,51.31694907274494]]]}},{"type":"Feature","properties":{"jobs":0,"pop":58,"pointCount":2,"homeWorkCommuteMedian":4746,"workHomeCommuteMedian":-1},"geometry":{"type":"Polygon","coordinates":[[[17.082046018186265,51.325942276382186],[17.082046018186265,51.33493548001943],[17.09103922182351,51.33493548001943],[17.09103922182351,51.325942276382186],[17.082046018186265,51.325942276382186]]]}},{"type":"Feature","properties":{"jobs":36,"pop":148,"pointCount":4,"homeWorkCommuteMedian":7057,"workHomeCommuteMedian":15312},"geometry":{"type":"Polygon","coordinates":[[[17.082046018186265,51.33493548001943],[17.082046018186265,51.34392868365668],[17.09103922182351,51.34392868365668],[17.09103922182351,51.33493548001943],[17.082046018186265,51.33493548001943]]]}},{"type":"Feature","properties":{"jobs":97,"pop":88,"pointCount":3,"homeWorkCommuteMedian":8225,"workHomeCommuteMedian":10415},"geometry":{"type":"Polygon","coordinates":[[[17.082046018186265,51.352921887293924],[17.082046018186265,51.36191509093117],[17.09103922182351,51.36191509093117],[17.09103922182351,51.352921887293924],[17.082046018186265,51.352921887293924]]]}},{"type":"Feature","properties":{"jobs":20,"pop":44,"pointCount":1,"homeWorkCommuteMedian":6862,"workHomeCommuteMedian":7865},"geometry":{"type":"Polygon","coordinates":[[[17.082046018186265,51.36191509093117],[17.082046018186265,51.370908294568416],[17.09103922182351,51.370908294568416],[17.09103922182351,51.36191509093117],[17.082046018186265,51.36191509093117]]]}},{"type":"Feature","properties":{"jobs":37,"pop":22,"pointCount":2,"homeWorkCommuteMedian":11283,"workHomeCommuteMedian":431},"geometry":{"type":"Polygon","coordinates":[[[17.082046018186265,51.370908294568416],[17.082046018186265,51.37990149820566],[17.09103922182351,51.37990149820566],[17.09103922182351,51.370908294568416],[17.082046018186265,51.370908294568416]]]}},{"type":"Feature","properties":{"jobs":23,"pop":0,"pointCount":1,"homeWorkCommuteMedian":-1,"workHomeCommuteMedian":7944},"geometry":{"type":"Polygon","coordinates":[[[17.082046018186265,51.4068811091174],[17.082046018186265,51.415874312754646],[17.09103922182351,51.415874312754646],[17.09103922182351,51.4068811091174],[17.082046018186265,51.4068811091174]]]}},{"type":"Feature","properties":{"jobs":0,"pop":39,"pointCount":1,"homeWorkCommuteMedian":6236,"workHomeCommuteMedian":-1},"geometry":{"type":"Polygon","coordinates":[[[17.09103922182351,50.7413840399612],[17.09103922182351,50.75037724359844],[17.100032425460757,50.75037724359844],[17.100032425460757,50.7413840399612],[17.09103922182351,50.7413840399612]]]}},{"type":"Feature","properties":{"jobs":0,"pop":39,"pointCount":1,"homeWorkCommuteMedian":4565,"workHomeCommuteMedian":-1},"geometry":{"type":"Polygon","coordinates":[[[17.09103922182351,50.75037724359844],[17.09103922182351,50.75937044723569],[17.100032425460757,50.75937044723569],[17.100032425460757,50.75037724359844],[17.09103922182351,50.75037724359844]]]}},{"type":"Feature","properties":{"jobs":32,"pop":112,"pointCount":4,"homeWorkCommuteMedian":5788,"workHomeCommuteMedian":3590},"geometry":{"type":"Polygon","coordinates":[[[17.09103922182351,50.75937044723569],[17.09103922182351,50.768363650872935],[17.100032425460757,50.768363650872935],[17.100032425460757,50.75937044723569],[17.09103922182351,50.75937044723569]]]}},{"type":"Feature","properties":{"jobs":53,"pop":75,"pointCount":2,"homeWorkCommuteMedian":3114,"workHomeCommuteMedian":2690},"geometry":{"type":"Polygon","coordinates":[[[17.09103922182351,50.768363650872935],[17.09103922182351,50.77735685451018],[17.100032425460757,50.77735685451018],[17.100032425460757,50.768363650872935],[17.09103922182351,50.768363650872935]]]}},{"type":"Feature","properties":{"jobs":34,"pop":0,"pointCount":1,"homeWorkCommuteMedian":-1,"workHomeCommuteMedian":13100},"geometry":{"type":"Polygon","coordinates":[[[17.09103922182351,50.77735685451018],[17.09103922182351,50.78635005814743],[17.100032425460757,50.78635005814743],[17.100032425460757,50.77735685451018],[17.09103922182351,50.77735685451018]]]}},{"type":"Feature","properties":{"jobs":44,"pop":0,"pointCount":1,"homeWorkCommuteMedian":-1,"workHomeCommuteMedian":2133},"geometry":{"type":"Polygon","coordinates":[[[17.09103922182351,50.78635005814743],[17.09103922182351,50.79534326178467],[17.100032425460757,50.79534326178467],[17.100032425460757,50.78635005814743],[17.09103922182351,50.78635005814743]]]}},{"type":"Feature","properties":{"jobs":57,"pop":106,"pointCount":3,"homeWorkCommuteMedian":4987,"workHomeCommuteMedian":2588},"geometry":{"type":"Polygon","coordinates":[[[17.09103922182351,50.79534326178467],[17.09103922182351,50.80433646542192],[17.100032425460757,50.80433646542192],[17.100032425460757,50.79534326178467],[17.09103922182351,50.79534326178467]]]}},{"type":"Feature","properties":{"jobs":51,"pop":0,"pointCount":1,"homeWorkCommuteMedian":-1,"workHomeCommuteMedian":5582},"geometry":{"type":"Polygon","coordinates":[[[17.09103922182351,50.80433646542192],[17.09103922182351,50.813329669059165],[17.100032425460757,50.813329669059165],[17.100032425460757,50.80433646542192],[17.09103922182351,50.80433646542192]]]}},{"type":"Feature","properties":{"jobs":91,"pop":0,"pointCount":2,"homeWorkCommuteMedian":-1,"workHomeCommuteMedian":6260},"geometry":{"type":"Polygon","coordinates":[[[17.09103922182351,50.813329669059165],[17.09103922182351,50.82232287269641],[17.100032425460757,50.82232287269641],[17.100032425460757,50.813329669059165],[17.09103922182351,50.813329669059165]]]}},{"type":"Feature","properties":{"jobs":0,"pop":83,"pointCount":3,"homeWorkCommuteMedian":8577,"workHomeCommuteMedian":-1},"geometry":{"type":"Polygon","coordinates":[[[17.09103922182351,50.82232287269641],[17.09103922182351,50.83131607633366],[17.100032425460757,50.83131607633366],[17.100032425460757,50.82232287269641],[17.09103922182351,50.82232287269641]]]}},{"type":"Feature","properties":{"jobs":0,"pop":68,"pointCount":2,"homeWorkCommuteMedian":7626,"workHomeCommuteMedian":-1},"geometry":{"type":"Polygon","coordinates":[[[17.09103922182351,50.83131607633366],[17.09103922182351,50.8403092799709],[17.100032425460757,50.8403092799709],[17.100032425460757,50.83131607633366],[17.09103922182351,50.83131607633366]]]}},{"type":"Feature","properties":{"jobs":21,"pop":0,"pointCount":1,"homeWorkCommuteMedian":-1,"workHomeCommuteMedian":25438},"geometry":{"type":"Polygon","coordinates":[[[17.09103922182351,50.84930248360815],[17.09103922182351,50.858295687245395],[17.100032425460757,50.858295687245395],[17.100032425460757,50.84930248360815],[17.09103922182351,50.84930248360815]]]}},{"type":"Feature","properties":{"jobs":40,"pop":35,"pointCount":1,"homeWorkCommuteMedian":0,"workHomeCommuteMedian":19995},"geometry":{"type":"Polygon","coordinates":[[[17.09103922182351,50.87628209451989],[17.09103922182351,50.88527529815713],[17.100032425460757,50.88527529815713],[17.100032425460757,50.87628209451989],[17.09103922182351,50.87628209451989]]]}},{"type":"Feature","properties":{"jobs":0,"pop":21,"pointCount":1,"homeWorkCommuteMedian":18510,"workHomeCommuteMedian":-1},"geometry":{"type":"Polygon","coordinates":[[[17.09103922182351,50.903261705431625],[17.09103922182351,50.91225490906887],[17.100032425460757,50.91225490906887],[17.100032425460757,50.903261705431625],[17.09103922182351,50.903261705431625]]]}},{"type":"Feature","properties":{"jobs":0,"pop":35,"pointCount":1,"homeWorkCommuteMedian":18814,"workHomeCommuteMedian":-1},"geometry":{"type":"Polygon","coordinates":[[[17.09103922182351,50.91225490906887],[17.09103922182351,50.92124811270612],[17.100032425460757,50.92124811270612],[17.100032425460757,50.91225490906887],[17.09103922182351,50.91225490906887]]]}},{"type":"Feature","properties":{"jobs":0,"pop":26,"pointCount":1,"homeWorkCommuteMedian":23678,"workHomeCommuteMedian":-1},"geometry":{"type":"Polygon","coordinates":[[[17.09103922182351,50.948227723617855],[17.09103922182351,50.9572209272551],[17.100032425460757,50.9572209272551],[17.100032425460757,50.948227723617855],[17.09103922182351,50.948227723617855]]]}},{"type":"Feature","properties":{"jobs":0,"pop":53,"pointCount":1,"homeWorkCommuteMedian":2339,"workHomeCommuteMedian":-1},"geometry":{"type":"Polygon","coordinates":[[[17.09103922182351,50.9572209272551],[17.09103922182351,50.96621413089235],[17.100032425460757,50.96621413089235],[17.100032425460757,50.9572209272551],[17.09103922182351,50.9572209272551]]]}},{"type":"Feature","properties":{"jobs":39,"pop":81,"pointCount":2,"homeWorkCommuteMedian":3896,"workHomeCommuteMedian":22267},"geometry":{"type":"Polygon","coordinates":[[[17.09103922182351,50.97520733452959],[17.09103922182351,50.98420053816684],[17.100032425460757,50.98420053816684],[17.100032425460757,50.97520733452959],[17.09103922182351,50.97520733452959]]]}},{"type":"Feature","properties":{"jobs":0,"pop":150,"pointCount":1,"homeWorkCommuteMedian":6526,"workHomeCommuteMedian":-1},"geometry":{"type":"Polygon","coordinates":[[[17.09103922182351,51.038159759990315],[17.09103922182351,51.04715296362756],[17.100032425460757,51.04715296362756],[17.100032425460757,51.038159759990315],[17.09103922182351,51.038159759990315]]]}},{"type":"Feature","properties":{"jobs":0,"pop":152,"pointCount":4,"homeWorkCommuteMedian":9291,"workHomeCommuteMedian":-1},"geometry":{"type":"Polygon","coordinates":[[[17.09103922182351,51.04715296362756],[17.09103922182351,51.05614616726481],[17.100032425460757,51.05614616726481],[17.100032425460757,51.04715296362756],[17.09103922182351,51.04715296362756]]]}},{"type":"Feature","properties":{"jobs":0,"pop":149,"pointCount":1,"homeWorkCommuteMedian":8087,"workHomeCommuteMedian":-1},"geometry":{"type":"Polygon","coordinates":[[[17.09103922182351,51.05614616726481],[17.09103922182351,51.06513937090205],[17.100032425460757,51.06513937090205],[17.100032425460757,51.05614616726481],[17.09103922182351,51.05614616726481]]]}},{"type":"Feature","properties":{"jobs":1053,"pop":691,"pointCount":4,"homeWorkCommuteMedian":10527,"workHomeCommuteMedian":9571},"geometry":{"type":"Polygon","coordinates":[[[17.09103922182351,51.06513937090205],[17.09103922182351,51.0741325745393],[17.100032425460757,51.0741325745393],[17.100032425460757,51.06513937090205],[17.09103922182351,51.06513937090205]]]}},{"type":"Feature","properties":{"jobs":316,"pop":346,"pointCount":6,"homeWorkCommuteMedian":8681,"workHomeCommuteMedian":11484},"geometry":{"type":"Polygon","coordinates":[[[17.09103922182351,51.0741325745393],[17.09103922182351,51.083125778176544],[17.100032425460757,51.083125778176544],[17.100032425460757,51.0741325745393],[17.09103922182351,51.0741325745393]]]}},{"type":"Feature","properties":{"jobs":56,"pop":0,"pointCount":1,"homeWorkCommuteMedian":-1,"workHomeCommuteMedian":9761},"geometry":{"type":"Polygon","coordinates":[[[17.09103922182351,51.083125778176544],[17.09103922182351,51.09211898181379],[17.100032425460757,51.09211898181379],[17.100032425460757,51.083125778176544],[17.09103922182351,51.083125778176544]]]}},{"type":"Feature","properties":{"jobs":776,"pop":394,"pointCount":6,"homeWorkCommuteMedian":5946,"workHomeCommuteMedian":7492},"geometry":{"type":"Polygon","coordinates":[[[17.09103922182351,51.09211898181379],[17.09103922182351,51.101112185451036],[17.100032425460757,51.101112185451036],[17.100032425460757,51.09211898181379],[17.09103922182351,51.09211898181379]]]}},{"type":"Feature","properties":{"jobs":400,"pop":1996,"pointCount":13,"homeWorkCommuteMedian":7616,"workHomeCommuteMedian":7427},"geometry":{"type":"Polygon","coordinates":[[[17.09103922182351,51.101112185451036],[17.09103922182351,51.11010538908828],[17.100032425460757,51.11010538908828],[17.100032425460757,51.101112185451036],[17.09103922182351,51.101112185451036]]]}},{"type":"Feature","properties":{"jobs":1831,"pop":801,"pointCount":6,"homeWorkCommuteMedian":5543,"workHomeCommuteMedian":7239},"geometry":{"type":"Polygon","coordinates":[[[17.09103922182351,51.11010538908828],[17.09103922182351,51.11909859272553],[17.100032425460757,51.11909859272553],[17.100032425460757,51.11010538908828],[17.09103922182351,51.11010538908828]]]}},{"type":"Feature","properties":{"jobs":1424,"pop":0,"pointCount":2,"homeWorkCommuteMedian":-1,"workHomeCommuteMedian":7818},"geometry":{"type":"Polygon","coordinates":[[[17.09103922182351,51.11909859272553],[17.09103922182351,51.128091796362774],[17.100032425460757,51.128091796362774],[17.100032425460757,51.11909859272553],[17.09103922182351,51.11909859272553]]]}},{"type":"Feature","properties":{"jobs":1355,"pop":111,"pointCount":4,"homeWorkCommuteMedian":7689,"workHomeCommuteMedian":8089},"geometry":{"type":"Polygon","coordinates":[[[17.09103922182351,51.128091796362774],[17.09103922182351,51.13708500000002],[17.100032425460757,51.13708500000002],[17.100032425460757,51.128091796362774],[17.09103922182351,51.128091796362774]]]}},{"type":"Feature","properties":{"jobs":442,"pop":0,"pointCount":2,"homeWorkCommuteMedian":-1,"workHomeCommuteMedian":4412},"geometry":{"type":"Polygon","coordinates":[[[17.09103922182351,51.13708500000002],[17.09103922182351,51.146078203637266],[17.100032425460757,51.146078203637266],[17.100032425460757,51.13708500000002],[17.09103922182351,51.13708500000002]]]}},{"type":"Feature","properties":{"jobs":0,"pop":129,"pointCount":2,"homeWorkCommuteMedian":11153,"workHomeCommuteMedian":-1},"geometry":{"type":"Polygon","coordinates":[[[17.09103922182351,51.15507140727451],[17.09103922182351,51.16406461091176],[17.100032425460757,51.16406461091176],[17.100032425460757,51.15507140727451],[17.09103922182351,51.15507140727451]]]}},{"type":"Feature","properties":{"jobs":0,"pop":107,"pointCount":1,"homeWorkCommuteMedian":13458,"workHomeCommuteMedian":-1},"geometry":{"type":"Polygon","coordinates":[[[17.09103922182351,51.16406461091176],[17.09103922182351,51.173057814549004],[17.100032425460757,51.173057814549004],[17.100032425460757,51.16406461091176],[17.09103922182351,51.16406461091176]]]}},{"type":"Feature","properties":{"jobs":0,"pop":25,"pointCount":1,"homeWorkCommuteMedian":8233,"workHomeCommuteMedian":-1},"geometry":{"type":"Polygon","coordinates":[[[17.09103922182351,51.20003742546074],[17.09103922182351,51.20903062909799],[17.100032425460757,51.20903062909799],[17.100032425460757,51.20003742546074],[17.09103922182351,51.20003742546074]]]}},{"type":"Feature","properties":{"jobs":92,"pop":0,"pointCount":1,"homeWorkCommuteMedian":-1,"workHomeCommuteMedian":5414},"geometry":{"type":"Polygon","coordinates":[[[17.09103922182351,51.25399664728422],[17.09103922182351,51.262989850921464],[17.100032425460757,51.262989850921464],[17.100032425460757,51.25399664728422],[17.09103922182351,51.25399664728422]]]}},{"type":"Feature","properties":{"jobs":41,"pop":0,"pointCount":1,"homeWorkCommuteMedian":-1,"workHomeCommuteMedian":6126},"geometry":{"type":"Polygon","coordinates":[[[17.09103922182351,51.27198305455871],[17.09103922182351,51.280976258195956],[17.100032425460757,51.280976258195956],[17.100032425460757,51.27198305455871],[17.09103922182351,51.27198305455871]]]}},{"type":"Feature","properties":{"jobs":0,"pop":36,"pointCount":1,"homeWorkCommuteMedian":2747,"workHomeCommuteMedian":-1},"geometry":{"type":"Polygon","coordinates":[[[17.09103922182351,51.29896266547045],[17.09103922182351,51.307955869107694],[17.100032425460757,51.307955869107694],[17.100032425460757,51.29896266547045],[17.09103922182351,51.29896266547045]]]}},{"type":"Feature","properties":{"jobs":25,"pop":0,"pointCount":1,"homeWorkCommuteMedian":-1,"workHomeCommuteMedian":7200},"geometry":{"type":"Polygon","coordinates":[[[17.09103922182351,51.307955869107694],[17.09103922182351,51.31694907274494],[17.100032425460757,51.31694907274494],[17.100032425460757,51.307955869107694],[17.09103922182351,51.307955869107694]]]}},{"type":"Feature","properties":{"jobs":0,"pop":82,"pointCount":2,"homeWorkCommuteMedian":12957,"workHomeCommuteMedian":-1},"geometry":{"type":"Polygon","coordinates":[[[17.09103922182351,51.325942276382186],[17.09103922182351,51.33493548001943],[17.100032425460757,51.33493548001943],[17.100032425460757,51.325942276382186],[17.09103922182351,51.325942276382186]]]}},{"type":"Feature","properties":{"jobs":0,"pop":81,"pointCount":1,"homeWorkCommuteMedian":5096,"workHomeCommuteMedian":-1},"geometry":{"type":"Polygon","coordinates":[[[17.09103922182351,51.33493548001943],[17.09103922182351,51.34392868365668],[17.100032425460757,51.34392868365668],[17.100032425460757,51.33493548001943],[17.09103922182351,51.33493548001943]]]}},{"type":"Feature","properties":{"jobs":0,"pop":42,"pointCount":1,"homeWorkCommuteMedian":7783,"workHomeCommuteMedian":-1},"geometry":{"type":"Polygon","coordinates":[[[17.09103922182351,51.37990149820566],[17.09103922182351,51.38889470184291],[17.100032425460757,51.38889470184291],[17.100032425460757,51.37990149820566],[17.09103922182351,51.37990149820566]]]}},{"type":"Feature","properties":{"jobs":0,"pop":25,"pointCount":1,"homeWorkCommuteMedian":3188,"workHomeCommuteMedian":-1},"geometry":{"type":"Polygon","coordinates":[[[17.09103922182351,51.397887905480154],[17.09103922182351,51.4068811091174],[17.100032425460757,51.4068811091174],[17.100032425460757,51.397887905480154],[17.09103922182351,51.397887905480154]]]}},{"type":"Feature","properties":{"jobs":209,"pop":96,"pointCount":5,"homeWorkCommuteMedian":2062,"workHomeCommuteMedian":35463},"geometry":{"type":"Polygon","coordinates":[[[17.09103922182351,51.4068811091174],[17.09103922182351,51.415874312754646],[17.100032425460757,51.415874312754646],[17.100032425460757,51.4068811091174],[17.09103922182351,51.4068811091174]]]}},{"type":"Feature","properties":{"jobs":0,"pop":57,"pointCount":1,"homeWorkCommuteMedian":8462,"workHomeCommuteMedian":-1},"geometry":{"type":"Polygon","coordinates":[[[17.100032425460757,50.73239083632395],[17.100032425460757,50.7413840399612],[17.109025629098003,50.7413840399612],[17.109025629098003,50.73239083632395],[17.100032425460757,50.73239083632395]]]}},{"type":"Feature","properties":{"jobs":109,"pop":132,"pointCount":5,"homeWorkCommuteMedian":7214,"workHomeCommuteMedian":6696},"geometry":{"type":"Polygon","coordinates":[[[17.100032425460757,50.7413840399612],[17.100032425460757,50.75037724359844],[17.109025629098003,50.75037724359844],[17.109025629098003,50.7413840399612],[17.100032425460757,50.7413840399612]]]}},{"type":"Feature","properties":{"jobs":0,"pop":29,"pointCount":1,"homeWorkCommuteMedian":4385,"workHomeCommuteMedian":-1},"geometry":{"type":"Polygon","coordinates":[[[17.100032425460757,50.80433646542192],[17.100032425460757,50.813329669059165],[17.109025629098003,50.813329669059165],[17.109025629098003,50.80433646542192],[17.100032425460757,50.80433646542192]]]}},{"type":"Feature","properties":{"jobs":451,"pop":0,"pointCount":2,"homeWorkCommuteMedian":-1,"workHomeCommuteMedian":6280},"geometry":{"type":"Polygon","coordinates":[[[17.100032425460757,50.813329669059165],[17.100032425460757,50.82232287269641],[17.109025629098003,50.82232287269641],[17.109025629098003,50.813329669059165],[17.100032425460757,50.813329669059165]]]}},{"type":"Feature","properties":{"jobs":0,"pop":22,"pointCount":1,"homeWorkCommuteMedian":3303,"workHomeCommuteMedian":-1},"geometry":{"type":"Polygon","coordinates":[[[17.100032425460757,50.82232287269641],[17.100032425460757,50.83131607633366],[17.109025629098003,50.83131607633366],[17.109025629098003,50.82232287269641],[17.100032425460757,50.82232287269641]]]}},{"type":"Feature","properties":{"jobs":36,"pop":0,"pointCount":1,"homeWorkCommuteMedian":-1,"workHomeCommuteMedian":22779},"geometry":{"type":"Polygon","coordinates":[[[17.100032425460757,50.903261705431625],[17.100032425460757,50.91225490906887],[17.109025629098003,50.91225490906887],[17.109025629098003,50.903261705431625],[17.100032425460757,50.903261705431625]]]}},{"type":"Feature","properties":{"jobs":31,"pop":62,"pointCount":2,"homeWorkCommuteMedian":7253,"workHomeCommuteMedian":20806},"geometry":{"type":"Polygon","coordinates":[[[17.100032425460757,50.93024131634336],[17.100032425460757,50.93923451998061],[17.109025629098003,50.93923451998061],[17.109025629098003,50.93024131634336],[17.100032425460757,50.93024131634336]]]}},{"type":"Feature","properties":{"jobs":21,"pop":69,"pointCount":3,"homeWorkCommuteMedian":9288,"workHomeCommuteMedian":11841},"geometry":{"type":"Polygon","coordinates":[[[17.100032425460757,50.993193741804085],[17.100032425460757,51.00218694544133],[17.109025629098003,51.00218694544133],[17.109025629098003,50.993193741804085],[17.100032425460757,50.993193741804085]]]}},{"type":"Feature","properties":{"jobs":0,"pop":344,"pointCount":3,"homeWorkCommuteMedian":6052,"workHomeCommuteMedian":-1},"geometry":{"type":"Polygon","coordinates":[[[17.100032425460757,51.02017335271582],[17.100032425460757,51.02916655635307],[17.109025629098003,51.02916655635307],[17.109025629098003,51.02017335271582],[17.100032425460757,51.02017335271582]]]}},{"type":"Feature","properties":{"jobs":0,"pop":94,"pointCount":2,"homeWorkCommuteMedian":8684,"workHomeCommuteMedian":-1},"geometry":{"type":"Polygon","coordinates":[[[17.100032425460757,51.02916655635307],[17.100032425460757,51.038159759990315],[17.109025629098003,51.038159759990315],[17.109025629098003,51.02916655635307],[17.100032425460757,51.02916655635307]]]}},{"type":"Feature","properties":{"jobs":28,"pop":0,"pointCount":1,"homeWorkCommuteMedian":-1,"workHomeCommuteMedian":9058},"geometry":{"type":"Polygon","coordinates":[[[17.100032425460757,51.038159759990315],[17.100032425460757,51.04715296362756],[17.109025629098003,51.04715296362756],[17.109025629098003,51.038159759990315],[17.100032425460757,51.038159759990315]]]}},{"type":"Feature","properties":{"jobs":150,"pop":349,"pointCount":6,"homeWorkCommuteMedian":5944,"workHomeCommuteMedian":12282},"geometry":{"type":"Polygon","coordinates":[[[17.100032425460757,51.04715296362756],[17.100032425460757,51.05614616726481],[17.109025629098003,51.05614616726481],[17.109025629098003,51.04715296362756],[17.100032425460757,51.04715296362756]]]}},{"type":"Feature","properties":{"jobs":264,"pop":592,"pointCount":7,"homeWorkCommuteMedian":6205,"workHomeCommuteMedian":5496},"geometry":{"type":"Polygon","coordinates":[[[17.100032425460757,51.05614616726481],[17.100032425460757,51.06513937090205],[17.109025629098003,51.06513937090205],[17.109025629098003,51.05614616726481],[17.100032425460757,51.05614616726481]]]}},{"type":"Feature","properties":{"jobs":44,"pop":892,"pointCount":5,"homeWorkCommuteMedian":14164,"workHomeCommuteMedian":5952},"geometry":{"type":"Polygon","coordinates":[[[17.100032425460757,51.09211898181379],[17.100032425460757,51.101112185451036],[17.109025629098003,51.101112185451036],[17.109025629098003,51.09211898181379],[17.100032425460757,51.09211898181379]]]}},{"type":"Feature","properties":{"jobs":251,"pop":1744,"pointCount":12,"homeWorkCommuteMedian":6430,"workHomeCommuteMedian":6714},"geometry":{"type":"Polygon","coordinates":[[[17.100032425460757,51.101112185451036],[17.100032425460757,51.11010538908828],[17.109025629098003,51.11010538908828],[17.109025629098003,51.101112185451036],[17.100032425460757,51.101112185451036]]]}},{"type":"Feature","properties":{"jobs":557,"pop":1330,"pointCount":11,"homeWorkCommuteMedian":7248,"workHomeCommuteMedian":10007},"geometry":{"type":"Polygon","coordinates":[[[17.100032425460757,51.11010538908828],[17.100032425460757,51.11909859272553],[17.109025629098003,51.11909859272553],[17.109025629098003,51.11010538908828],[17.100032425460757,51.11010538908828]]]}},{"type":"Feature","properties":{"jobs":1487,"pop":24,"pointCount":3,"homeWorkCommuteMedian":6663,"workHomeCommuteMedian":8159},"geometry":{"type":"Polygon","coordinates":[[[17.100032425460757,51.11909859272553],[17.100032425460757,51.128091796362774],[17.109025629098003,51.128091796362774],[17.109025629098003,51.11909859272553],[17.100032425460757,51.11909859272553]]]}},{"type":"Feature","properties":{"jobs":243,"pop":382,"pointCount":7,"homeWorkCommuteMedian":11593,"workHomeCommuteMedian":8088},"geometry":{"type":"Polygon","coordinates":[[[17.100032425460757,51.128091796362774],[17.100032425460757,51.13708500000002],[17.109025629098003,51.13708500000002],[17.109025629098003,51.128091796362774],[17.100032425460757,51.128091796362774]]]}},{"type":"Feature","properties":{"jobs":238,"pop":572,"pointCount":5,"homeWorkCommuteMedian":5787,"workHomeCommuteMedian":9992},"geometry":{"type":"Polygon","coordinates":[[[17.100032425460757,51.13708500000002],[17.100032425460757,51.146078203637266],[17.109025629098003,51.146078203637266],[17.109025629098003,51.13708500000002],[17.100032425460757,51.13708500000002]]]}},{"type":"Feature","properties":{"jobs":102,"pop":158,"pointCount":3,"homeWorkCommuteMedian":13620,"workHomeCommuteMedian":17195},"geometry":{"type":"Polygon","coordinates":[[[17.100032425460757,51.146078203637266],[17.100032425460757,51.15507140727451],[17.109025629098003,51.15507140727451],[17.109025629098003,51.146078203637266],[17.100032425460757,51.146078203637266]]]}},{"type":"Feature","properties":{"jobs":69,"pop":253,"pointCount":4,"homeWorkCommuteMedian":11872,"workHomeCommuteMedian":9857},"geometry":{"type":"Polygon","coordinates":[[[17.100032425460757,51.15507140727451],[17.100032425460757,51.16406461091176],[17.109025629098003,51.16406461091176],[17.109025629098003,51.15507140727451],[17.100032425460757,51.15507140727451]]]}},{"type":"Feature","properties":{"jobs":107,"pop":430,"pointCount":5,"homeWorkCommuteMedian":12502,"workHomeCommuteMedian":14784},"geometry":{"type":"Polygon","coordinates":[[[17.100032425460757,51.16406461091176],[17.100032425460757,51.173057814549004],[17.109025629098003,51.173057814549004],[17.109025629098003,51.16406461091176],[17.100032425460757,51.16406461091176]]]}},{"type":"Feature","properties":{"jobs":0,"pop":26,"pointCount":1,"homeWorkCommuteMedian":10907,"workHomeCommuteMedian":-1},"geometry":{"type":"Polygon","coordinates":[[[17.100032425460757,51.173057814549004],[17.100032425460757,51.18205101818625],[17.109025629098003,51.18205101818625],[17.109025629098003,51.173057814549004],[17.100032425460757,51.173057814549004]]]}},{"type":"Feature","properties":{"jobs":33,"pop":53,"pointCount":3,"homeWorkCommuteMedian":17279,"workHomeCommuteMedian":15579},"geometry":{"type":"Polygon","coordinates":[[[17.100032425460757,51.18205101818625],[17.100032425460757,51.191044221823496],[17.109025629098003,51.191044221823496],[17.109025629098003,51.18205101818625],[17.100032425460757,51.18205101818625]]]}},{"type":"Feature","properties":{"jobs":0,"pop":60,"pointCount":1,"homeWorkCommuteMedian":14964,"workHomeCommuteMedian":-1},"geometry":{"type":"Polygon","coordinates":[[[17.100032425460757,51.191044221823496],[17.100032425460757,51.20003742546074],[17.109025629098003,51.20003742546074],[17.109025629098003,51.191044221823496],[17.100032425460757,51.191044221823496]]]}},{"type":"Feature","properties":{"jobs":41,"pop":146,"pointCount":3,"homeWorkCommuteMedian":22031,"workHomeCommuteMedian":21498},"geometry":{"type":"Polygon","coordinates":[[[17.100032425460757,51.20003742546074],[17.100032425460757,51.20903062909799],[17.109025629098003,51.20903062909799],[17.109025629098003,51.20003742546074],[17.100032425460757,51.20003742546074]]]}},{"type":"Feature","properties":{"jobs":117,"pop":140,"pointCount":5,"homeWorkCommuteMedian":14392,"workHomeCommuteMedian":9190},"geometry":{"type":"Polygon","coordinates":[[[17.100032425460757,51.20903062909799],[17.100032425460757,51.218023832735234],[17.109025629098003,51.218023832735234],[17.109025629098003,51.20903062909799],[17.100032425460757,51.20903062909799]]]}},{"type":"Feature","properties":{"jobs":0,"pop":72,"pointCount":3,"homeWorkCommuteMedian":15439,"workHomeCommuteMedian":-1},"geometry":{"type":"Polygon","coordinates":[[[17.100032425460757,51.22701703637248],[17.100032425460757,51.236010240009726],[17.109025629098003,51.236010240009726],[17.109025629098003,51.22701703637248],[17.100032425460757,51.22701703637248]]]}},{"type":"Feature","properties":{"jobs":0,"pop":105,"pointCount":2,"homeWorkCommuteMedian":13140,"workHomeCommuteMedian":-1},"geometry":{"type":"Polygon","coordinates":[[[17.100032425460757,51.236010240009726],[17.100032425460757,51.24500344364697],[17.109025629098003,51.24500344364697],[17.109025629098003,51.236010240009726],[17.100032425460757,51.236010240009726]]]}},{"type":"Feature","properties":{"jobs":0,"pop":44,"pointCount":1,"homeWorkCommuteMedian":12622,"workHomeCommuteMedian":-1},"geometry":{"type":"Polygon","coordinates":[[[17.100032425460757,51.262989850921464],[17.100032425460757,51.27198305455871],[17.109025629098003,51.27198305455871],[17.109025629098003,51.262989850921464],[17.100032425460757,51.262989850921464]]]}},{"type":"Feature","properties":{"jobs":0,"pop":54,"pointCount":1,"homeWorkCommuteMedian":6223,"workHomeCommuteMedian":-1},"geometry":{"type":"Polygon","coordinates":[[[17.100032425460757,51.27198305455871],[17.100032425460757,51.280976258195956],[17.109025629098003,51.280976258195956],[17.109025629098003,51.27198305455871],[17.100032425460757,51.27198305455871]]]}},{"type":"Feature","properties":{"jobs":0,"pop":70,"pointCount":1,"homeWorkCommuteMedian":5781,"workHomeCommuteMedian":-1},"geometry":{"type":"Polygon","coordinates":[[[17.100032425460757,51.29896266547045],[17.100032425460757,51.307955869107694],[17.109025629098003,51.307955869107694],[17.109025629098003,51.29896266547045],[17.100032425460757,51.29896266547045]]]}},{"type":"Feature","properties":{"jobs":0,"pop":74,"pointCount":1,"homeWorkCommuteMedian":36752,"workHomeCommuteMedian":-1},"geometry":{"type":"Polygon","coordinates":[[[17.100032425460757,51.325942276382186],[17.100032425460757,51.33493548001943],[17.109025629098003,51.33493548001943],[17.109025629098003,51.325942276382186],[17.100032425460757,51.325942276382186]]]}},{"type":"Feature","properties":{"jobs":0,"pop":25,"pointCount":1,"homeWorkCommuteMedian":5299,"workHomeCommuteMedian":-1},"geometry":{"type":"Polygon","coordinates":[[[17.100032425460757,51.33493548001943],[17.100032425460757,51.34392868365668],[17.109025629098003,51.34392868365668],[17.109025629098003,51.33493548001943],[17.100032425460757,51.33493548001943]]]}},{"type":"Feature","properties":{"jobs":0,"pop":27,"pointCount":1,"homeWorkCommuteMedian":4216,"workHomeCommuteMedian":-1},"geometry":{"type":"Polygon","coordinates":[[[17.100032425460757,51.397887905480154],[17.100032425460757,51.4068811091174],[17.109025629098003,51.4068811091174],[17.109025629098003,51.397887905480154],[17.100032425460757,51.397887905480154]]]}},{"type":"Feature","properties":{"jobs":361,"pop":0,"pointCount":1,"homeWorkCommuteMedian":-1,"workHomeCommuteMedian":14810},"geometry":{"type":"Polygon","coordinates":[[[17.100032425460757,51.415874312754646],[17.100032425460757,51.42486751639189],[17.109025629098003,51.42486751639189],[17.109025629098003,51.415874312754646],[17.100032425460757,51.415874312754646]]]}},{"type":"Feature","properties":{"jobs":940,"pop":56,"pointCount":2,"homeWorkCommuteMedian":1071,"workHomeCommuteMedian":11180},"geometry":{"type":"Polygon","coordinates":[[[17.100032425460757,51.42486751639189],[17.100032425460757,51.43386072002914],[17.109025629098003,51.43386072002914],[17.109025629098003,51.42486751639189],[17.100032425460757,51.42486751639189]]]}},{"type":"Feature","properties":{"jobs":0,"pop":24,"pointCount":1,"homeWorkCommuteMedian":14522,"workHomeCommuteMedian":-1},"geometry":{"type":"Polygon","coordinates":[[[17.100032425460757,51.43386072002914],[17.100032425460757,51.442853923666384],[17.109025629098003,51.442853923666384],[17.109025629098003,51.43386072002914],[17.100032425460757,51.43386072002914]]]}},{"type":"Feature","properties":{"jobs":0,"pop":24,"pointCount":1,"homeWorkCommuteMedian":8174,"workHomeCommuteMedian":-1},"geometry":{"type":"Polygon","coordinates":[[[17.109025629098003,50.73239083632395],[17.109025629098003,50.7413840399612],[17.11801883273525,50.7413840399612],[17.11801883273525,50.73239083632395],[17.109025629098003,50.73239083632395]]]}},{"type":"Feature","properties":{"jobs":0,"pop":40,"pointCount":1,"homeWorkCommuteMedian":7666,"workHomeCommuteMedian":-1},"geometry":{"type":"Polygon","coordinates":[[[17.109025629098003,50.7413840399612],[17.109025629098003,50.75037724359844],[17.11801883273525,50.75037724359844],[17.11801883273525,50.7413840399612],[17.109025629098003,50.7413840399612]]]}},{"type":"Feature","properties":{"jobs":20,"pop":47,"pointCount":1,"homeWorkCommuteMedian":59371,"workHomeCommuteMedian":3354},"geometry":{"type":"Polygon","coordinates":[[[17.109025629098003,50.75037724359844],[17.109025629098003,50.75937044723569],[17.11801883273525,50.75937044723569],[17.11801883273525,50.75037724359844],[17.109025629098003,50.75037724359844]]]}},{"type":"Feature","properties":{"jobs":0,"pop":25,"pointCount":1,"homeWorkCommuteMedian":5302,"workHomeCommuteMedian":-1},"geometry":{"type":"Polygon","coordinates":[[[17.109025629098003,50.768363650872935],[17.109025629098003,50.77735685451018],[17.11801883273525,50.77735685451018],[17.11801883273525,50.768363650872935],[17.109025629098003,50.768363650872935]]]}},{"type":"Feature","properties":{"jobs":91,"pop":96,"pointCount":3,"homeWorkCommuteMedian":11132,"workHomeCommuteMedian":17164},"geometry":{"type":"Polygon","coordinates":[[[17.109025629098003,50.86728889088264],[17.109025629098003,50.87628209451989],[17.11801883273525,50.87628209451989],[17.11801883273525,50.86728889088264],[17.109025629098003,50.86728889088264]]]}},{"type":"Feature","properties":{"jobs":0,"pop":24,"pointCount":1,"homeWorkCommuteMedian":36544,"workHomeCommuteMedian":-1},"geometry":{"type":"Polygon","coordinates":[[[17.109025629098003,50.903261705431625],[17.109025629098003,50.91225490906887],[17.11801883273525,50.91225490906887],[17.11801883273525,50.903261705431625],[17.109025629098003,50.903261705431625]]]}},{"type":"Feature","properties":{"jobs":50,"pop":0,"pointCount":1,"homeWorkCommuteMedian":-1,"workHomeCommuteMedian":29944},"geometry":{"type":"Polygon","coordinates":[[[17.109025629098003,50.948227723617855],[17.109025629098003,50.9572209272551],[17.11801883273525,50.9572209272551],[17.11801883273525,50.948227723617855],[17.109025629098003,50.948227723617855]]]}},{"type":"Feature","properties":{"jobs":0,"pop":31,"pointCount":1,"homeWorkCommuteMedian":6425,"workHomeCommuteMedian":-1},"geometry":{"type":"Polygon","coordinates":[[[17.109025629098003,50.98420053816684],[17.109025629098003,50.993193741804085],[17.11801883273525,50.993193741804085],[17.11801883273525,50.98420053816684],[17.109025629098003,50.98420053816684]]]}},{"type":"Feature","properties":{"jobs":118,"pop":56,"pointCount":2,"homeWorkCommuteMedian":5534,"workHomeCommuteMedian":7019},"geometry":{"type":"Polygon","coordinates":[[[17.109025629098003,51.01118014907858],[17.109025629098003,51.02017335271582],[17.11801883273525,51.02017335271582],[17.11801883273525,51.01118014907858],[17.109025629098003,51.01118014907858]]]}},{"type":"Feature","properties":{"jobs":423,"pop":423,"pointCount":13,"homeWorkCommuteMedian":4221,"workHomeCommuteMedian":4864},"geometry":{"type":"Polygon","coordinates":[[[17.109025629098003,51.02017335271582],[17.109025629098003,51.02916655635307],[17.11801883273525,51.02916655635307],[17.11801883273525,51.02017335271582],[17.109025629098003,51.02017335271582]]]}},{"type":"Feature","properties":{"jobs":0,"pop":107,"pointCount":3,"homeWorkCommuteMedian":4248,"workHomeCommuteMedian":-1},"geometry":{"type":"Polygon","coordinates":[[[17.109025629098003,51.02916655635307],[17.109025629098003,51.038159759990315],[17.11801883273525,51.038159759990315],[17.11801883273525,51.02916655635307],[17.109025629098003,51.02916655635307]]]}},{"type":"Feature","properties":{"jobs":226,"pop":230,"pointCount":6,"homeWorkCommuteMedian":3990,"workHomeCommuteMedian":3854},"geometry":{"type":"Polygon","coordinates":[[[17.109025629098003,51.038159759990315],[17.109025629098003,51.04715296362756],[17.11801883273525,51.04715296362756],[17.11801883273525,51.038159759990315],[17.109025629098003,51.038159759990315]]]}},{"type":"Feature","properties":{"jobs":165,"pop":520,"pointCount":9,"homeWorkCommuteMedian":4490,"workHomeCommuteMedian":3252},"geometry":{"type":"Polygon","coordinates":[[[17.109025629098003,51.04715296362756],[17.109025629098003,51.05614616726481],[17.11801883273525,51.05614616726481],[17.11801883273525,51.04715296362756],[17.109025629098003,51.04715296362756]]]}},{"type":"Feature","properties":{"jobs":374,"pop":0,"pointCount":2,"homeWorkCommuteMedian":-1,"workHomeCommuteMedian":9213},"geometry":{"type":"Polygon","coordinates":[[[17.109025629098003,51.0741325745393],[17.109025629098003,51.083125778176544],[17.11801883273525,51.083125778176544],[17.11801883273525,51.0741325745393],[17.109025629098003,51.0741325745393]]]}},{"type":"Feature","properties":{"jobs":20,"pop":423,"pointCount":3,"homeWorkCommuteMedian":5107,"workHomeCommuteMedian":7843},"geometry":{"type":"Polygon","coordinates":[[[17.109025629098003,51.09211898181379],[17.109025629098003,51.101112185451036],[17.11801883273525,51.101112185451036],[17.11801883273525,51.09211898181379],[17.109025629098003,51.09211898181379]]]}},{"type":"Feature","properties":{"jobs":417,"pop":2810,"pointCount":16,"homeWorkCommuteMedian":6588,"workHomeCommuteMedian":7963},"geometry":{"type":"Polygon","coordinates":[[[17.109025629098003,51.101112185451036],[17.109025629098003,51.11010538908828],[17.11801883273525,51.11010538908828],[17.11801883273525,51.101112185451036],[17.109025629098003,51.101112185451036]]]}},{"type":"Feature","properties":{"jobs":1098,"pop":123,"pointCount":4,"homeWorkCommuteMedian":5726,"workHomeCommuteMedian":8964},"geometry":{"type":"Polygon","coordinates":[[[17.109025629098003,51.11010538908828],[17.109025629098003,51.11909859272553],[17.11801883273525,51.11909859272553],[17.11801883273525,51.11010538908828],[17.109025629098003,51.11010538908828]]]}},{"type":"Feature","properties":{"jobs":3768,"pop":0,"pointCount":2,"homeWorkCommuteMedian":-1,"workHomeCommuteMedian":8695},"geometry":{"type":"Polygon","coordinates":[[[17.109025629098003,51.11909859272553],[17.109025629098003,51.128091796362774],[17.11801883273525,51.128091796362774],[17.11801883273525,51.11909859272553],[17.109025629098003,51.11909859272553]]]}},{"type":"Feature","properties":{"jobs":62,"pop":260,"pointCount":5,"homeWorkCommuteMedian":10721,"workHomeCommuteMedian":11943},"geometry":{"type":"Polygon","coordinates":[[[17.109025629098003,51.128091796362774],[17.109025629098003,51.13708500000002],[17.11801883273525,51.13708500000002],[17.11801883273525,51.128091796362774],[17.109025629098003,51.128091796362774]]]}},{"type":"Feature","properties":{"jobs":68,"pop":948,"pointCount":6,"homeWorkCommuteMedian":9020,"workHomeCommuteMedian":13645},"geometry":{"type":"Polygon","coordinates":[[[17.109025629098003,51.13708500000002],[17.109025629098003,51.146078203637266],[17.11801883273525,51.146078203637266],[17.11801883273525,51.13708500000002],[17.109025629098003,51.13708500000002]]]}},{"type":"Feature","properties":{"jobs":814,"pop":1146,"pointCount":9,"homeWorkCommuteMedian":8631,"workHomeCommuteMedian":9387},"geometry":{"type":"Polygon","coordinates":[[[17.109025629098003,51.146078203637266],[17.109025629098003,51.15507140727451],[17.11801883273525,51.15507140727451],[17.11801883273525,51.146078203637266],[17.109025629098003,51.146078203637266]]]}},{"type":"Feature","properties":{"jobs":2263,"pop":47,"pointCount":2,"homeWorkCommuteMedian":18842,"workHomeCommuteMedian":9252},"geometry":{"type":"Polygon","coordinates":[[[17.109025629098003,51.15507140727451],[17.109025629098003,51.16406461091176],[17.11801883273525,51.16406461091176],[17.11801883273525,51.15507140727451],[17.109025629098003,51.15507140727451]]]}},{"type":"Feature","properties":{"jobs":248,"pop":403,"pointCount":11,"homeWorkCommuteMedian":13895,"workHomeCommuteMedian":15572},"geometry":{"type":"Polygon","coordinates":[[[17.109025629098003,51.16406461091176],[17.109025629098003,51.173057814549004],[17.11801883273525,51.173057814549004],[17.11801883273525,51.16406461091176],[17.109025629098003,51.16406461091176]]]}},{"type":"Feature","properties":{"jobs":0,"pop":70,"pointCount":2,"homeWorkCommuteMedian":6485,"workHomeCommuteMedian":-1},"geometry":{"type":"Polygon","coordinates":[[[17.109025629098003,51.173057814549004],[17.109025629098003,51.18205101818625],[17.11801883273525,51.18205101818625],[17.11801883273525,51.173057814549004],[17.109025629098003,51.173057814549004]]]}},{"type":"Feature","properties":{"jobs":76,"pop":88,"pointCount":2,"homeWorkCommuteMedian":9485,"workHomeCommuteMedian":18874},"geometry":{"type":"Polygon","coordinates":[[[17.109025629098003,51.20903062909799],[17.109025629098003,51.218023832735234],[17.11801883273525,51.218023832735234],[17.11801883273525,51.20903062909799],[17.109025629098003,51.20903062909799]]]}},{"type":"Feature","properties":{"jobs":262,"pop":124,"pointCount":8,"homeWorkCommuteMedian":20044,"workHomeCommuteMedian":24367},"geometry":{"type":"Polygon","coordinates":[[[17.109025629098003,51.22701703637248],[17.109025629098003,51.236010240009726],[17.11801883273525,51.236010240009726],[17.11801883273525,51.22701703637248],[17.109025629098003,51.22701703637248]]]}},{"type":"Feature","properties":{"jobs":75,"pop":78,"pointCount":3,"homeWorkCommuteMedian":6782,"workHomeCommuteMedian":5868},"geometry":{"type":"Polygon","coordinates":[[[17.109025629098003,51.34392868365668],[17.109025629098003,51.352921887293924],[17.11801883273525,51.352921887293924],[17.11801883273525,51.34392868365668],[17.109025629098003,51.34392868365668]]]}},{"type":"Feature","properties":{"jobs":36,"pop":0,"pointCount":1,"homeWorkCommuteMedian":-1,"workHomeCommuteMedian":10063},"geometry":{"type":"Polygon","coordinates":[[[17.109025629098003,51.370908294568416],[17.109025629098003,51.37990149820566],[17.11801883273525,51.37990149820566],[17.11801883273525,51.370908294568416],[17.109025629098003,51.370908294568416]]]}},{"type":"Feature","properties":{"jobs":0,"pop":20,"pointCount":1,"homeWorkCommuteMedian":12254,"workHomeCommuteMedian":-1},"geometry":{"type":"Polygon","coordinates":[[[17.109025629098003,51.37990149820566],[17.109025629098003,51.38889470184291],[17.11801883273525,51.38889470184291],[17.11801883273525,51.37990149820566],[17.109025629098003,51.37990149820566]]]}},{"type":"Feature","properties":{"jobs":0,"pop":23,"pointCount":1,"homeWorkCommuteMedian":5000,"workHomeCommuteMedian":-1},"geometry":{"type":"Polygon","coordinates":[[[17.109025629098003,51.38889470184291],[17.109025629098003,51.397887905480154],[17.11801883273525,51.397887905480154],[17.11801883273525,51.38889470184291],[17.109025629098003,51.38889470184291]]]}},{"type":"Feature","properties":{"jobs":31,"pop":0,"pointCount":1,"homeWorkCommuteMedian":-1,"workHomeCommuteMedian":60918},"geometry":{"type":"Polygon","coordinates":[[[17.109025629098003,51.42486751639189],[17.109025629098003,51.43386072002914],[17.11801883273525,51.43386072002914],[17.11801883273525,51.42486751639189],[17.109025629098003,51.42486751639189]]]}},{"type":"Feature","properties":{"jobs":0,"pop":186,"pointCount":2,"homeWorkCommuteMedian":5675,"workHomeCommuteMedian":-1},"geometry":{"type":"Polygon","coordinates":[[[17.109025629098003,51.43386072002914],[17.109025629098003,51.442853923666384],[17.11801883273525,51.442853923666384],[17.11801883273525,51.43386072002914],[17.109025629098003,51.43386072002914]]]}},{"type":"Feature","properties":{"jobs":57,"pop":90,"pointCount":3,"homeWorkCommuteMedian":48490,"workHomeCommuteMedian":4461},"geometry":{"type":"Polygon","coordinates":[[[17.11801883273525,50.768363650872935],[17.11801883273525,50.77735685451018],[17.127012036372495,50.77735685451018],[17.127012036372495,50.768363650872935],[17.11801883273525,50.768363650872935]]]}},{"type":"Feature","properties":{"jobs":44,"pop":76,"pointCount":5,"homeWorkCommuteMedian":6261,"workHomeCommuteMedian":48631},"geometry":{"type":"Polygon","coordinates":[[[17.11801883273525,50.78635005814743],[17.11801883273525,50.79534326178467],[17.127012036372495,50.79534326178467],[17.127012036372495,50.78635005814743],[17.11801883273525,50.78635005814743]]]}},{"type":"Feature","properties":{"jobs":27,"pop":0,"pointCount":1,"homeWorkCommuteMedian":-1,"workHomeCommuteMedian":42736},"geometry":{"type":"Polygon","coordinates":[[[17.11801883273525,50.8403092799709],[17.11801883273525,50.84930248360815],[17.127012036372495,50.84930248360815],[17.127012036372495,50.8403092799709],[17.11801883273525,50.8403092799709]]]}},{"type":"Feature","properties":{"jobs":52,"pop":78,"pointCount":3,"homeWorkCommuteMedian":8658,"workHomeCommuteMedian":26204},"geometry":{"type":"Polygon","coordinates":[[[17.11801883273525,50.88527529815713],[17.11801883273525,50.89426850179438],[17.127012036372495,50.89426850179438],[17.127012036372495,50.88527529815713],[17.11801883273525,50.88527529815713]]]}},{"type":"Feature","properties":{"jobs":31,"pop":141,"pointCount":5,"homeWorkCommuteMedian":2909,"workHomeCommuteMedian":32039},"geometry":{"type":"Polygon","coordinates":[[[17.11801883273525,50.903261705431625],[17.11801883273525,50.91225490906887],[17.127012036372495,50.91225490906887],[17.127012036372495,50.903261705431625],[17.11801883273525,50.903261705431625]]]}},{"type":"Feature","properties":{"jobs":0,"pop":26,"pointCount":1,"homeWorkCommuteMedian":7401,"workHomeCommuteMedian":-1},"geometry":{"type":"Polygon","coordinates":[[[17.11801883273525,50.93923451998061],[17.11801883273525,50.948227723617855],[17.127012036372495,50.948227723617855],[17.127012036372495,50.93923451998061],[17.11801883273525,50.93923451998061]]]}},{"type":"Feature","properties":{"jobs":22,"pop":45,"pointCount":1,"homeWorkCommuteMedian":5512,"workHomeCommuteMedian":24020},"geometry":{"type":"Polygon","coordinates":[[[17.11801883273525,50.948227723617855],[17.11801883273525,50.9572209272551],[17.127012036372495,50.9572209272551],[17.127012036372495,50.948227723617855],[17.11801883273525,50.948227723617855]]]}},{"type":"Feature","properties":{"jobs":0,"pop":24,"pointCount":1,"homeWorkCommuteMedian":4925,"workHomeCommuteMedian":-1},"geometry":{"type":"Polygon","coordinates":[[[17.11801883273525,50.9572209272551],[17.11801883273525,50.96621413089235],[17.127012036372495,50.96621413089235],[17.127012036372495,50.9572209272551],[17.11801883273525,50.9572209272551]]]}},{"type":"Feature","properties":{"jobs":33,"pop":39,"pointCount":2,"homeWorkCommuteMedian":15065,"workHomeCommuteMedian":19814},"geometry":{"type":"Polygon","coordinates":[[[17.11801883273525,50.97520733452959],[17.11801883273525,50.98420053816684],[17.127012036372495,50.98420053816684],[17.127012036372495,50.97520733452959],[17.11801883273525,50.97520733452959]]]}},{"type":"Feature","properties":{"jobs":112,"pop":0,"pointCount":2,"homeWorkCommuteMedian":-1,"workHomeCommuteMedian":7768},"geometry":{"type":"Polygon","coordinates":[[[17.11801883273525,50.993193741804085],[17.11801883273525,51.00218694544133],[17.127012036372495,51.00218694544133],[17.127012036372495,50.993193741804085],[17.11801883273525,50.993193741804085]]]}},{"type":"Feature","properties":{"jobs":28,"pop":333,"pointCount":6,"homeWorkCommuteMedian":5371,"workHomeCommuteMedian":1272},"geometry":{"type":"Polygon","coordinates":[[[17.11801883273525,51.02017335271582],[17.11801883273525,51.02916655635307],[17.127012036372495,51.02916655635307],[17.127012036372495,51.02017335271582],[17.11801883273525,51.02017335271582]]]}},{"type":"Feature","properties":{"jobs":356,"pop":250,"pointCount":5,"homeWorkCommuteMedian":4448,"workHomeCommuteMedian":4564},"geometry":{"type":"Polygon","coordinates":[[[17.11801883273525,51.02916655635307],[17.11801883273525,51.038159759990315],[17.127012036372495,51.038159759990315],[17.127012036372495,51.02916655635307],[17.11801883273525,51.02916655635307]]]}},{"type":"Feature","properties":{"jobs":325,"pop":299,"pointCount":3,"homeWorkCommuteMedian":4557,"workHomeCommuteMedian":7189},"geometry":{"type":"Polygon","coordinates":[[[17.11801883273525,51.038159759990315],[17.11801883273525,51.04715296362756],[17.127012036372495,51.04715296362756],[17.127012036372495,51.038159759990315],[17.11801883273525,51.038159759990315]]]}},{"type":"Feature","properties":{"jobs":0,"pop":21,"pointCount":1,"homeWorkCommuteMedian":5040,"workHomeCommuteMedian":-1},"geometry":{"type":"Polygon","coordinates":[[[17.11801883273525,51.04715296362756],[17.11801883273525,51.05614616726481],[17.127012036372495,51.05614616726481],[17.127012036372495,51.04715296362756],[17.11801883273525,51.04715296362756]]]}},{"type":"Feature","properties":{"jobs":78,"pop":179,"pointCount":3,"homeWorkCommuteMedian":12260,"workHomeCommuteMedian":11974},"geometry":{"type":"Polygon","coordinates":[[[17.11801883273525,51.06513937090205],[17.11801883273525,51.0741325745393],[17.127012036372495,51.0741325745393],[17.127012036372495,51.06513937090205],[17.11801883273525,51.06513937090205]]]}},{"type":"Feature","properties":{"jobs":191,"pop":0,"pointCount":1,"homeWorkCommuteMedian":-1,"workHomeCommuteMedian":9448},"geometry":{"type":"Polygon","coordinates":[[[17.11801883273525,51.0741325745393],[17.11801883273525,51.083125778176544],[17.127012036372495,51.083125778176544],[17.127012036372495,51.0741325745393],[17.11801883273525,51.0741325745393]]]}},{"type":"Feature","properties":{"jobs":41,"pop":0,"pointCount":1,"homeWorkCommuteMedian":-1,"workHomeCommuteMedian":4482},"geometry":{"type":"Polygon","coordinates":[[[17.11801883273525,51.09211898181379],[17.11801883273525,51.101112185451036],[17.127012036372495,51.101112185451036],[17.127012036372495,51.09211898181379],[17.11801883273525,51.09211898181379]]]}},{"type":"Feature","properties":{"jobs":97,"pop":580,"pointCount":4,"homeWorkCommuteMedian":10397,"workHomeCommuteMedian":9977},"geometry":{"type":"Polygon","coordinates":[[[17.11801883273525,51.101112185451036],[17.11801883273525,51.11010538908828],[17.127012036372495,51.11010538908828],[17.127012036372495,51.101112185451036],[17.11801883273525,51.101112185451036]]]}},{"type":"Feature","properties":{"jobs":867,"pop":1623,"pointCount":10,"homeWorkCommuteMedian":8244,"workHomeCommuteMedian":8624},"geometry":{"type":"Polygon","coordinates":[[[17.11801883273525,51.11010538908828],[17.11801883273525,51.11909859272553],[17.127012036372495,51.11909859272553],[17.127012036372495,51.11010538908828],[17.11801883273525,51.11010538908828]]]}},{"type":"Feature","properties":{"jobs":28,"pop":46,"pointCount":2,"homeWorkCommuteMedian":14376,"workHomeCommuteMedian":28383},"geometry":{"type":"Polygon","coordinates":[[[17.11801883273525,51.11909859272553],[17.11801883273525,51.128091796362774],[17.127012036372495,51.128091796362774],[17.127012036372495,51.11909859272553],[17.11801883273525,51.11909859272553]]]}},{"type":"Feature","properties":{"jobs":0,"pop":79,"pointCount":2,"homeWorkCommuteMedian":12192,"workHomeCommuteMedian":-1},"geometry":{"type":"Polygon","coordinates":[[[17.11801883273525,51.128091796362774],[17.11801883273525,51.13708500000002],[17.127012036372495,51.13708500000002],[17.127012036372495,51.128091796362774],[17.11801883273525,51.128091796362774]]]}},{"type":"Feature","properties":{"jobs":618,"pop":3855,"pointCount":15,"homeWorkCommuteMedian":9099,"workHomeCommuteMedian":9894},"geometry":{"type":"Polygon","coordinates":[[[17.11801883273525,51.13708500000002],[17.11801883273525,51.146078203637266],[17.127012036372495,51.146078203637266],[17.127012036372495,51.13708500000002],[17.11801883273525,51.13708500000002]]]}},{"type":"Feature","properties":{"jobs":906,"pop":535,"pointCount":8,"homeWorkCommuteMedian":10635,"workHomeCommuteMedian":12169},"geometry":{"type":"Polygon","coordinates":[[[17.11801883273525,51.146078203637266],[17.11801883273525,51.15507140727451],[17.127012036372495,51.15507140727451],[17.127012036372495,51.146078203637266],[17.11801883273525,51.146078203637266]]]}},{"type":"Feature","properties":{"jobs":1236,"pop":956,"pointCount":7,"homeWorkCommuteMedian":10780,"workHomeCommuteMedian":9935},"geometry":{"type":"Polygon","coordinates":[[[17.11801883273525,51.15507140727451],[17.11801883273525,51.16406461091176],[17.127012036372495,51.16406461091176],[17.127012036372495,51.15507140727451],[17.11801883273525,51.15507140727451]]]}},{"type":"Feature","properties":{"jobs":0,"pop":159,"pointCount":2,"homeWorkCommuteMedian":8089,"workHomeCommuteMedian":-1},"geometry":{"type":"Polygon","coordinates":[[[17.11801883273525,51.16406461091176],[17.11801883273525,51.173057814549004],[17.127012036372495,51.173057814549004],[17.127012036372495,51.16406461091176],[17.11801883273525,51.16406461091176]]]}},{"type":"Feature","properties":{"jobs":0,"pop":26,"pointCount":1,"homeWorkCommuteMedian":10573,"workHomeCommuteMedian":-1},"geometry":{"type":"Polygon","coordinates":[[[17.11801883273525,51.173057814549004],[17.11801883273525,51.18205101818625],[17.127012036372495,51.18205101818625],[17.127012036372495,51.173057814549004],[17.11801883273525,51.173057814549004]]]}},{"type":"Feature","properties":{"jobs":44,"pop":0,"pointCount":1,"homeWorkCommuteMedian":-1,"workHomeCommuteMedian":22458},"geometry":{"type":"Polygon","coordinates":[[[17.11801883273525,51.20903062909799],[17.11801883273525,51.218023832735234],[17.127012036372495,51.218023832735234],[17.127012036372495,51.20903062909799],[17.11801883273525,51.20903062909799]]]}},{"type":"Feature","properties":{"jobs":193,"pop":315,"pointCount":7,"homeWorkCommuteMedian":18918,"workHomeCommuteMedian":19601},"geometry":{"type":"Polygon","coordinates":[[[17.11801883273525,51.22701703637248],[17.11801883273525,51.236010240009726],[17.127012036372495,51.236010240009726],[17.127012036372495,51.22701703637248],[17.11801883273525,51.22701703637248]]]}},{"type":"Feature","properties":{"jobs":26,"pop":0,"pointCount":1,"homeWorkCommuteMedian":-1,"workHomeCommuteMedian":3638},"geometry":{"type":"Polygon","coordinates":[[[17.11801883273525,51.262989850921464],[17.11801883273525,51.27198305455871],[17.127012036372495,51.27198305455871],[17.127012036372495,51.262989850921464],[17.11801883273525,51.262989850921464]]]}},{"type":"Feature","properties":{"jobs":0,"pop":119,"pointCount":2,"homeWorkCommuteMedian":26920,"workHomeCommuteMedian":-1},"geometry":{"type":"Polygon","coordinates":[[[17.11801883273525,51.280976258195956],[17.11801883273525,51.2899694618332],[17.127012036372495,51.2899694618332],[17.127012036372495,51.280976258195956],[17.11801883273525,51.280976258195956]]]}},{"type":"Feature","properties":{"jobs":21,"pop":58,"pointCount":3,"homeWorkCommuteMedian":9107,"workHomeCommuteMedian":9497},"geometry":{"type":"Polygon","coordinates":[[[17.11801883273525,51.307955869107694],[17.11801883273525,51.31694907274494],[17.127012036372495,51.31694907274494],[17.127012036372495,51.307955869107694],[17.11801883273525,51.307955869107694]]]}},{"type":"Feature","properties":{"jobs":0,"pop":34,"pointCount":1,"homeWorkCommuteMedian":7406,"workHomeCommuteMedian":-1},"geometry":{"type":"Polygon","coordinates":[[[17.11801883273525,51.31694907274494],[17.11801883273525,51.325942276382186],[17.127012036372495,51.325942276382186],[17.127012036372495,51.31694907274494],[17.11801883273525,51.31694907274494]]]}},{"type":"Feature","properties":{"jobs":61,"pop":166,"pointCount":3,"homeWorkCommuteMedian":7435,"workHomeCommuteMedian":5834},"geometry":{"type":"Polygon","coordinates":[[[17.11801883273525,51.33493548001943],[17.11801883273525,51.34392868365668],[17.127012036372495,51.34392868365668],[17.127012036372495,51.33493548001943],[17.11801883273525,51.33493548001943]]]}},{"type":"Feature","properties":{"jobs":0,"pop":31,"pointCount":1,"homeWorkCommuteMedian":5016,"workHomeCommuteMedian":-1},"geometry":{"type":"Polygon","coordinates":[[[17.11801883273525,51.397887905480154],[17.11801883273525,51.4068811091174],[17.127012036372495,51.4068811091174],[17.127012036372495,51.397887905480154],[17.11801883273525,51.397887905480154]]]}},{"type":"Feature","properties":{"jobs":0,"pop":54,"pointCount":1,"homeWorkCommuteMedian":6229,"workHomeCommuteMedian":-1},"geometry":{"type":"Polygon","coordinates":[[[17.127012036372495,50.79534326178467],[17.127012036372495,50.80433646542192],[17.13600524000974,50.80433646542192],[17.13600524000974,50.79534326178467],[17.127012036372495,50.79534326178467]]]}},{"type":"Feature","properties":{"jobs":83,"pop":128,"pointCount":3,"homeWorkCommuteMedian":5977,"workHomeCommuteMedian":49040},"geometry":{"type":"Polygon","coordinates":[[[17.127012036372495,50.813329669059165],[17.127012036372495,50.82232287269641],[17.13600524000974,50.82232287269641],[17.13600524000974,50.813329669059165],[17.127012036372495,50.813329669059165]]]}},{"type":"Feature","properties":{"jobs":185,"pop":139,"pointCount":5,"homeWorkCommuteMedian":5770,"workHomeCommuteMedian":6126},"geometry":{"type":"Polygon","coordinates":[[[17.127012036372495,50.88527529815713],[17.127012036372495,50.89426850179438],[17.13600524000974,50.89426850179438],[17.13600524000974,50.88527529815713],[17.127012036372495,50.88527529815713]]]}},{"type":"Feature","properties":{"jobs":246,"pop":73,"pointCount":7,"homeWorkCommuteMedian":6666,"workHomeCommuteMedian":35688},"geometry":{"type":"Polygon","coordinates":[[[17.127012036372495,50.89426850179438],[17.127012036372495,50.903261705431625],[17.13600524000974,50.903261705431625],[17.13600524000974,50.89426850179438],[17.127012036372495,50.89426850179438]]]}},{"type":"Feature","properties":{"jobs":79,"pop":110,"pointCount":3,"homeWorkCommuteMedian":15705,"workHomeCommuteMedian":7592},"geometry":{"type":"Polygon","coordinates":[[[17.127012036372495,50.93923451998061],[17.127012036372495,50.948227723617855],[17.13600524000974,50.948227723617855],[17.13600524000974,50.93923451998061],[17.127012036372495,50.93923451998061]]]}},{"type":"Feature","properties":{"jobs":0,"pop":116,"pointCount":1,"homeWorkCommuteMedian":14958,"workHomeCommuteMedian":-1},"geometry":{"type":"Polygon","coordinates":[[[17.127012036372495,50.98420053816684],[17.127012036372495,50.993193741804085],[17.13600524000974,50.993193741804085],[17.13600524000974,50.98420053816684],[17.127012036372495,50.98420053816684]]]}},{"type":"Feature","properties":{"jobs":0,"pop":72,"pointCount":1,"homeWorkCommuteMedian":6735,"workHomeCommuteMedian":-1},"geometry":{"type":"Polygon","coordinates":[[[17.127012036372495,50.993193741804085],[17.127012036372495,51.00218694544133],[17.13600524000974,51.00218694544133],[17.13600524000974,50.993193741804085],[17.127012036372495,50.993193741804085]]]}},{"type":"Feature","properties":{"jobs":0,"pop":45,"pointCount":1,"homeWorkCommuteMedian":6749,"workHomeCommuteMedian":-1},"geometry":{"type":"Polygon","coordinates":[[[17.127012036372495,51.00218694544133],[17.127012036372495,51.01118014907858],[17.13600524000974,51.01118014907858],[17.13600524000974,51.00218694544133],[17.127012036372495,51.00218694544133]]]}},{"type":"Feature","properties":{"jobs":116,"pop":1356,"pointCount":9,"homeWorkCommuteMedian":18850,"workHomeCommuteMedian":6548},"geometry":{"type":"Polygon","coordinates":[[[17.127012036372495,51.02916655635307],[17.127012036372495,51.038159759990315],[17.13600524000974,51.038159759990315],[17.13600524000974,51.02916655635307],[17.127012036372495,51.02916655635307]]]}},{"type":"Feature","properties":{"jobs":226,"pop":0,"pointCount":1,"homeWorkCommuteMedian":-1,"workHomeCommuteMedian":3370},"geometry":{"type":"Polygon","coordinates":[[[17.127012036372495,51.038159759990315],[17.127012036372495,51.04715296362756],[17.13600524000974,51.04715296362756],[17.13600524000974,51.038159759990315],[17.127012036372495,51.038159759990315]]]}},{"type":"Feature","properties":{"jobs":55,"pop":0,"pointCount":1,"homeWorkCommuteMedian":-1,"workHomeCommuteMedian":10293},"geometry":{"type":"Polygon","coordinates":[[[17.127012036372495,51.09211898181379],[17.127012036372495,51.101112185451036],[17.13600524000974,51.101112185451036],[17.13600524000974,51.09211898181379],[17.127012036372495,51.09211898181379]]]}},{"type":"Feature","properties":{"jobs":159,"pop":679,"pointCount":5,"homeWorkCommuteMedian":14087,"workHomeCommuteMedian":8906},"geometry":{"type":"Polygon","coordinates":[[[17.127012036372495,51.11010538908828],[17.127012036372495,51.11909859272553],[17.13600524000974,51.11909859272553],[17.13600524000974,51.11010538908828],[17.127012036372495,51.11010538908828]]]}},{"type":"Feature","properties":{"jobs":0,"pop":128,"pointCount":2,"homeWorkCommuteMedian":9952,"workHomeCommuteMedian":-1},"geometry":{"type":"Polygon","coordinates":[[[17.127012036372495,51.11909859272553],[17.127012036372495,51.128091796362774],[17.13600524000974,51.128091796362774],[17.13600524000974,51.11909859272553],[17.127012036372495,51.11909859272553]]]}},{"type":"Feature","properties":{"jobs":51,"pop":99,"pointCount":1,"homeWorkCommuteMedian":15539,"workHomeCommuteMedian":22577},"geometry":{"type":"Polygon","coordinates":[[[17.127012036372495,51.128091796362774],[17.127012036372495,51.13708500000002],[17.13600524000974,51.13708500000002],[17.13600524000974,51.128091796362774],[17.127012036372495,51.128091796362774]]]}},{"type":"Feature","properties":{"jobs":459,"pop":2031,"pointCount":14,"homeWorkCommuteMedian":9063,"workHomeCommuteMedian":12984},"geometry":{"type":"Polygon","coordinates":[[[17.127012036372495,51.13708500000002],[17.127012036372495,51.146078203637266],[17.13600524000974,51.146078203637266],[17.13600524000974,51.13708500000002],[17.127012036372495,51.13708500000002]]]}},{"type":"Feature","properties":{"jobs":3097,"pop":75,"pointCount":4,"homeWorkCommuteMedian":8964,"workHomeCommuteMedian":12199},"geometry":{"type":"Polygon","coordinates":[[[17.127012036372495,51.146078203637266],[17.127012036372495,51.15507140727451],[17.13600524000974,51.15507140727451],[17.13600524000974,51.146078203637266],[17.127012036372495,51.146078203637266]]]}},{"type":"Feature","properties":{"jobs":150,"pop":2405,"pointCount":15,"homeWorkCommuteMedian":9110,"workHomeCommuteMedian":22838},"geometry":{"type":"Polygon","coordinates":[[[17.127012036372495,51.15507140727451],[17.127012036372495,51.16406461091176],[17.13600524000974,51.16406461091176],[17.13600524000974,51.15507140727451],[17.127012036372495,51.15507140727451]]]}},{"type":"Feature","properties":{"jobs":47,"pop":141,"pointCount":3,"homeWorkCommuteMedian":17145,"workHomeCommuteMedian":20020},"geometry":{"type":"Polygon","coordinates":[[[17.127012036372495,51.16406461091176],[17.127012036372495,51.173057814549004],[17.13600524000974,51.173057814549004],[17.13600524000974,51.16406461091176],[17.127012036372495,51.16406461091176]]]}},{"type":"Feature","properties":{"jobs":44,"pop":142,"pointCount":5,"homeWorkCommuteMedian":6458,"workHomeCommuteMedian":6643},"geometry":{"type":"Polygon","coordinates":[[[17.127012036372495,51.18205101818625],[17.127012036372495,51.191044221823496],[17.13600524000974,51.191044221823496],[17.13600524000974,51.18205101818625],[17.127012036372495,51.18205101818625]]]}},{"type":"Feature","properties":{"jobs":0,"pop":47,"pointCount":1,"homeWorkCommuteMedian":4647,"workHomeCommuteMedian":-1},"geometry":{"type":"Polygon","coordinates":[[[17.127012036372495,51.191044221823496],[17.127012036372495,51.20003742546074],[17.13600524000974,51.20003742546074],[17.13600524000974,51.191044221823496],[17.127012036372495,51.191044221823496]]]}},{"type":"Feature","properties":{"jobs":0,"pop":66,"pointCount":2,"homeWorkCommuteMedian":14442,"workHomeCommuteMedian":-1},"geometry":{"type":"Polygon","coordinates":[[[17.127012036372495,51.22701703637248],[17.127012036372495,51.236010240009726],[17.13600524000974,51.236010240009726],[17.13600524000974,51.22701703637248],[17.127012036372495,51.22701703637248]]]}},{"type":"Feature","properties":{"jobs":54,"pop":107,"pointCount":3,"homeWorkCommuteMedian":14042,"workHomeCommuteMedian":29563},"geometry":{"type":"Polygon","coordinates":[[[17.127012036372495,51.236010240009726],[17.127012036372495,51.24500344364697],[17.13600524000974,51.24500344364697],[17.13600524000974,51.236010240009726],[17.127012036372495,51.236010240009726]]]}},{"type":"Feature","properties":{"jobs":0,"pop":97,"pointCount":2,"homeWorkCommuteMedian":8208,"workHomeCommuteMedian":-1},"geometry":{"type":"Polygon","coordinates":[[[17.127012036372495,51.262989850921464],[17.127012036372495,51.27198305455871],[17.13600524000974,51.27198305455871],[17.13600524000974,51.262989850921464],[17.127012036372495,51.262989850921464]]]}},{"type":"Feature","properties":{"jobs":47,"pop":76,"pointCount":2,"homeWorkCommuteMedian":7445,"workHomeCommuteMedian":8269},"geometry":{"type":"Polygon","coordinates":[[[17.127012036372495,51.27198305455871],[17.127012036372495,51.280976258195956],[17.13600524000974,51.280976258195956],[17.13600524000974,51.27198305455871],[17.127012036372495,51.27198305455871]]]}},{"type":"Feature","properties":{"jobs":134,"pop":154,"pointCount":4,"homeWorkCommuteMedian":18944,"workHomeCommuteMedian":14724},"geometry":{"type":"Polygon","coordinates":[[[17.127012036372495,51.2899694618332],[17.127012036372495,51.29896266547045],[17.13600524000974,51.29896266547045],[17.13600524000974,51.2899694618332],[17.127012036372495,51.2899694618332]]]}},{"type":"Feature","properties":{"jobs":36,"pop":98,"pointCount":3,"homeWorkCommuteMedian":8492,"workHomeCommuteMedian":5982},"geometry":{"type":"Polygon","coordinates":[[[17.127012036372495,51.307955869107694],[17.127012036372495,51.31694907274494],[17.13600524000974,51.31694907274494],[17.13600524000974,51.307955869107694],[17.127012036372495,51.307955869107694]]]}},{"type":"Feature","properties":{"jobs":0,"pop":68,"pointCount":2,"homeWorkCommuteMedian":8919,"workHomeCommuteMedian":-1},"geometry":{"type":"Polygon","coordinates":[[[17.127012036372495,51.33493548001943],[17.127012036372495,51.34392868365668],[17.13600524000974,51.34392868365668],[17.13600524000974,51.33493548001943],[17.127012036372495,51.33493548001943]]]}},{"type":"Feature","properties":{"jobs":0,"pop":31,"pointCount":1,"homeWorkCommuteMedian":10049,"workHomeCommuteMedian":-1},"geometry":{"type":"Polygon","coordinates":[[[17.127012036372495,51.36191509093117],[17.127012036372495,51.370908294568416],[17.13600524000974,51.370908294568416],[17.13600524000974,51.36191509093117],[17.127012036372495,51.36191509093117]]]}},{"type":"Feature","properties":{"jobs":0,"pop":42,"pointCount":1,"homeWorkCommuteMedian":3657,"workHomeCommuteMedian":-1},"geometry":{"type":"Polygon","coordinates":[[[17.127012036372495,51.370908294568416],[17.127012036372495,51.37990149820566],[17.13600524000974,51.37990149820566],[17.13600524000974,51.370908294568416],[17.127012036372495,51.370908294568416]]]}},{"type":"Feature","properties":{"jobs":0,"pop":68,"pointCount":1,"homeWorkCommuteMedian":17453,"workHomeCommuteMedian":-1},"geometry":{"type":"Polygon","coordinates":[[[17.127012036372495,51.397887905480154],[17.127012036372495,51.4068811091174],[17.13600524000974,51.4068811091174],[17.13600524000974,51.397887905480154],[17.127012036372495,51.397887905480154]]]}},{"type":"Feature","properties":{"jobs":40,"pop":90,"pointCount":2,"homeWorkCommuteMedian":48561,"workHomeCommuteMedian":13232},"geometry":{"type":"Polygon","coordinates":[[[17.13600524000974,50.768363650872935],[17.13600524000974,50.77735685451018],[17.144998443646987,50.77735685451018],[17.144998443646987,50.768363650872935],[17.13600524000974,50.768363650872935]]]}},{"type":"Feature","properties":{"jobs":78,"pop":30,"pointCount":2,"homeWorkCommuteMedian":41578,"workHomeCommuteMedian":35871},"geometry":{"type":"Polygon","coordinates":[[[17.13600524000974,50.89426850179438],[17.13600524000974,50.903261705431625],[17.144998443646987,50.903261705431625],[17.144998443646987,50.89426850179438],[17.13600524000974,50.89426850179438]]]}},{"type":"Feature","properties":{"jobs":77,"pop":87,"pointCount":4,"homeWorkCommuteMedian":11423,"workHomeCommuteMedian":32202},"geometry":{"type":"Polygon","coordinates":[[[17.13600524000974,50.92124811270612],[17.13600524000974,50.93024131634336],[17.144998443646987,50.93024131634336],[17.144998443646987,50.92124811270612],[17.13600524000974,50.92124811270612]]]}},{"type":"Feature","properties":{"jobs":0,"pop":42,"pointCount":1,"homeWorkCommuteMedian":22587,"workHomeCommuteMedian":-1},"geometry":{"type":"Polygon","coordinates":[[[17.13600524000974,50.93024131634336],[17.13600524000974,50.93923451998061],[17.144998443646987,50.93923451998061],[17.144998443646987,50.93024131634336],[17.13600524000974,50.93024131634336]]]}},{"type":"Feature","properties":{"jobs":0,"pop":28,"pointCount":1,"homeWorkCommuteMedian":6442,"workHomeCommuteMedian":-1},"geometry":{"type":"Polygon","coordinates":[[[17.13600524000974,50.93923451998061],[17.13600524000974,50.948227723617855],[17.144998443646987,50.948227723617855],[17.144998443646987,50.93923451998061],[17.13600524000974,50.93923451998061]]]}},{"type":"Feature","properties":{"jobs":0,"pop":129,"pointCount":1,"homeWorkCommuteMedian":1882,"workHomeCommuteMedian":-1},"geometry":{"type":"Polygon","coordinates":[[[17.13600524000974,51.02017335271582],[17.13600524000974,51.02916655635307],[17.144998443646987,51.02916655635307],[17.144998443646987,51.02017335271582],[17.13600524000974,51.02017335271582]]]}},{"type":"Feature","properties":{"jobs":95,"pop":449,"pointCount":4,"homeWorkCommuteMedian":3252,"workHomeCommuteMedian":12613},"geometry":{"type":"Polygon","coordinates":[[[17.13600524000974,51.02916655635307],[17.13600524000974,51.038159759990315],[17.144998443646987,51.038159759990315],[17.144998443646987,51.02916655635307],[17.13600524000974,51.02916655635307]]]}},{"type":"Feature","properties":{"jobs":653,"pop":49,"pointCount":4,"homeWorkCommuteMedian":3522,"workHomeCommuteMedian":2317},"geometry":{"type":"Polygon","coordinates":[[[17.13600524000974,51.038159759990315],[17.13600524000974,51.04715296362756],[17.144998443646987,51.04715296362756],[17.144998443646987,51.038159759990315],[17.13600524000974,51.038159759990315]]]}},{"type":"Feature","properties":{"jobs":146,"pop":677,"pointCount":5,"homeWorkCommuteMedian":9280,"workHomeCommuteMedian":12095},"geometry":{"type":"Polygon","coordinates":[[[17.13600524000974,51.101112185451036],[17.13600524000974,51.11010538908828],[17.144998443646987,51.11010538908828],[17.144998443646987,51.101112185451036],[17.13600524000974,51.101112185451036]]]}},{"type":"Feature","properties":{"jobs":158,"pop":384,"pointCount":6,"homeWorkCommuteMedian":9491,"workHomeCommuteMedian":8734},"geometry":{"type":"Polygon","coordinates":[[[17.13600524000974,51.11010538908828],[17.13600524000974,51.11909859272553],[17.144998443646987,51.11909859272553],[17.144998443646987,51.11010538908828],[17.13600524000974,51.11010538908828]]]}},{"type":"Feature","properties":{"jobs":21,"pop":46,"pointCount":1,"homeWorkCommuteMedian":3710,"workHomeCommuteMedian":12910},"geometry":{"type":"Polygon","coordinates":[[[17.13600524000974,51.128091796362774],[17.13600524000974,51.13708500000002],[17.144998443646987,51.13708500000002],[17.144998443646987,51.128091796362774],[17.13600524000974,51.128091796362774]]]}},{"type":"Feature","properties":{"jobs":323,"pop":913,"pointCount":6,"homeWorkCommuteMedian":14580,"workHomeCommuteMedian":15520},"geometry":{"type":"Polygon","coordinates":[[[17.13600524000974,51.13708500000002],[17.13600524000974,51.146078203637266],[17.144998443646987,51.146078203637266],[17.144998443646987,51.13708500000002],[17.13600524000974,51.13708500000002]]]}},{"type":"Feature","properties":{"jobs":1368,"pop":0,"pointCount":3,"homeWorkCommuteMedian":-1,"workHomeCommuteMedian":6857},"geometry":{"type":"Polygon","coordinates":[[[17.13600524000974,51.146078203637266],[17.13600524000974,51.15507140727451],[17.144998443646987,51.15507140727451],[17.144998443646987,51.146078203637266],[17.13600524000974,51.146078203637266]]]}},{"type":"Feature","properties":{"jobs":806,"pop":2336,"pointCount":14,"homeWorkCommuteMedian":12047,"workHomeCommuteMedian":10766},"geometry":{"type":"Polygon","coordinates":[[[17.13600524000974,51.15507140727451],[17.13600524000974,51.16406461091176],[17.144998443646987,51.16406461091176],[17.144998443646987,51.15507140727451],[17.13600524000974,51.15507140727451]]]}},{"type":"Feature","properties":{"jobs":0,"pop":47,"pointCount":1,"homeWorkCommuteMedian":12787,"workHomeCommuteMedian":-1},"geometry":{"type":"Polygon","coordinates":[[[17.13600524000974,51.18205101818625],[17.13600524000974,51.191044221823496],[17.144998443646987,51.191044221823496],[17.144998443646987,51.18205101818625],[17.13600524000974,51.18205101818625]]]}},{"type":"Feature","properties":{"jobs":0,"pop":63,"pointCount":1,"homeWorkCommuteMedian":23507,"workHomeCommuteMedian":-1},"geometry":{"type":"Polygon","coordinates":[[[17.13600524000974,51.191044221823496],[17.13600524000974,51.20003742546074],[17.144998443646987,51.20003742546074],[17.144998443646987,51.191044221823496],[17.13600524000974,51.191044221823496]]]}},{"type":"Feature","properties":{"jobs":82,"pop":235,"pointCount":4,"homeWorkCommuteMedian":21367,"workHomeCommuteMedian":40547},"geometry":{"type":"Polygon","coordinates":[[[17.13600524000974,51.20903062909799],[17.13600524000974,51.218023832735234],[17.144998443646987,51.218023832735234],[17.144998443646987,51.20903062909799],[17.13600524000974,51.20903062909799]]]}},{"type":"Feature","properties":{"jobs":64,"pop":97,"pointCount":3,"homeWorkCommuteMedian":26448,"workHomeCommuteMedian":27597},"geometry":{"type":"Polygon","coordinates":[[[17.13600524000974,51.22701703637248],[17.13600524000974,51.236010240009726],[17.144998443646987,51.236010240009726],[17.144998443646987,51.22701703637248],[17.13600524000974,51.22701703637248]]]}},{"type":"Feature","properties":{"jobs":0,"pop":105,"pointCount":1,"homeWorkCommuteMedian":13809,"workHomeCommuteMedian":-1},"geometry":{"type":"Polygon","coordinates":[[[17.13600524000974,51.236010240009726],[17.13600524000974,51.24500344364697],[17.144998443646987,51.24500344364697],[17.144998443646987,51.236010240009726],[17.13600524000974,51.236010240009726]]]}},{"type":"Feature","properties":{"jobs":30,"pop":27,"pointCount":2,"homeWorkCommuteMedian":37909,"workHomeCommuteMedian":23254},"geometry":{"type":"Polygon","coordinates":[[[17.13600524000974,51.29896266547045],[17.13600524000974,51.307955869107694],[17.144998443646987,51.307955869107694],[17.144998443646987,51.29896266547045],[17.13600524000974,51.29896266547045]]]}},{"type":"Feature","properties":{"jobs":103,"pop":0,"pointCount":3,"homeWorkCommuteMedian":-1,"workHomeCommuteMedian":28885},"geometry":{"type":"Polygon","coordinates":[[[17.13600524000974,51.307955869107694],[17.13600524000974,51.31694907274494],[17.144998443646987,51.31694907274494],[17.144998443646987,51.307955869107694],[17.13600524000974,51.307955869107694]]]}},{"type":"Feature","properties":{"jobs":25,"pop":35,"pointCount":1,"homeWorkCommuteMedian":17220,"workHomeCommuteMedian":2343},"geometry":{"type":"Polygon","coordinates":[[[17.13600524000974,51.325942276382186],[17.13600524000974,51.33493548001943],[17.144998443646987,51.33493548001943],[17.144998443646987,51.325942276382186],[17.13600524000974,51.325942276382186]]]}},{"type":"Feature","properties":{"jobs":0,"pop":28,"pointCount":1,"homeWorkCommuteMedian":39443,"workHomeCommuteMedian":-1},"geometry":{"type":"Polygon","coordinates":[[[17.13600524000974,51.33493548001943],[17.13600524000974,51.34392868365668],[17.144998443646987,51.34392868365668],[17.144998443646987,51.33493548001943],[17.13600524000974,51.33493548001943]]]}},{"type":"Feature","properties":{"jobs":0,"pop":77,"pointCount":2,"homeWorkCommuteMedian":40552,"workHomeCommuteMedian":-1},"geometry":{"type":"Polygon","coordinates":[[[17.13600524000974,51.36191509093117],[17.13600524000974,51.370908294568416],[17.144998443646987,51.370908294568416],[17.144998443646987,51.36191509093117],[17.13600524000974,51.36191509093117]]]}},{"type":"Feature","properties":{"jobs":20,"pop":71,"pointCount":3,"homeWorkCommuteMedian":7226,"workHomeCommuteMedian":35146},"geometry":{"type":"Polygon","coordinates":[[[17.144998443646987,50.75937044723569],[17.144998443646987,50.768363650872935],[17.153991647284233,50.768363650872935],[17.153991647284233,50.75937044723569],[17.144998443646987,50.75937044723569]]]}},{"type":"Feature","properties":{"jobs":0,"pop":56,"pointCount":1,"homeWorkCommuteMedian":14106,"workHomeCommuteMedian":-1},"geometry":{"type":"Polygon","coordinates":[[[17.144998443646987,50.858295687245395],[17.144998443646987,50.86728889088264],[17.153991647284233,50.86728889088264],[17.153991647284233,50.858295687245395],[17.144998443646987,50.858295687245395]]]}},{"type":"Feature","properties":{"jobs":0,"pop":34,"pointCount":1,"homeWorkCommuteMedian":14719,"workHomeCommuteMedian":-1},"geometry":{"type":"Polygon","coordinates":[[[17.144998443646987,50.96621413089235],[17.144998443646987,50.97520733452959],[17.153991647284233,50.97520733452959],[17.153991647284233,50.96621413089235],[17.144998443646987,50.96621413089235]]]}},{"type":"Feature","properties":{"jobs":0,"pop":62,"pointCount":2,"homeWorkCommuteMedian":16100,"workHomeCommuteMedian":-1},"geometry":{"type":"Polygon","coordinates":[[[17.144998443646987,50.98420053816684],[17.144998443646987,50.993193741804085],[17.153991647284233,50.993193741804085],[17.153991647284233,50.98420053816684],[17.144998443646987,50.98420053816684]]]}},{"type":"Feature","properties":{"jobs":0,"pop":21,"pointCount":1,"homeWorkCommuteMedian":8261,"workHomeCommuteMedian":-1},"geometry":{"type":"Polygon","coordinates":[[[17.144998443646987,50.993193741804085],[17.144998443646987,51.00218694544133],[17.153991647284233,51.00218694544133],[17.153991647284233,50.993193741804085],[17.144998443646987,50.993193741804085]]]}},{"type":"Feature","properties":{"jobs":36,"pop":82,"pointCount":2,"homeWorkCommuteMedian":5932,"workHomeCommuteMedian":4327},"geometry":{"type":"Polygon","coordinates":[[[17.144998443646987,51.00218694544133],[17.144998443646987,51.01118014907858],[17.153991647284233,51.01118014907858],[17.153991647284233,51.00218694544133],[17.144998443646987,51.00218694544133]]]}},{"type":"Feature","properties":{"jobs":300,"pop":42,"pointCount":2,"homeWorkCommuteMedian":3121,"workHomeCommuteMedian":7825},"geometry":{"type":"Polygon","coordinates":[[[17.144998443646987,51.01118014907858],[17.144998443646987,51.02017335271582],[17.153991647284233,51.02017335271582],[17.153991647284233,51.01118014907858],[17.144998443646987,51.01118014907858]]]}},{"type":"Feature","properties":{"jobs":1086,"pop":499,"pointCount":10,"homeWorkCommuteMedian":1966,"workHomeCommuteMedian":3705},"geometry":{"type":"Polygon","coordinates":[[[17.144998443646987,51.02017335271582],[17.144998443646987,51.02916655635307],[17.153991647284233,51.02916655635307],[17.153991647284233,51.02017335271582],[17.144998443646987,51.02017335271582]]]}},{"type":"Feature","properties":{"jobs":1240,"pop":1238,"pointCount":16,"homeWorkCommuteMedian":2275,"workHomeCommuteMedian":4152},"geometry":{"type":"Polygon","coordinates":[[[17.144998443646987,51.02916655635307],[17.144998443646987,51.038159759990315],[17.153991647284233,51.038159759990315],[17.153991647284233,51.02916655635307],[17.144998443646987,51.02916655635307]]]}},{"type":"Feature","properties":{"jobs":23,"pop":0,"pointCount":1,"homeWorkCommuteMedian":-1,"workHomeCommuteMedian":4668},"geometry":{"type":"Polygon","coordinates":[[[17.144998443646987,51.038159759990315],[17.144998443646987,51.04715296362756],[17.153991647284233,51.04715296362756],[17.153991647284233,51.038159759990315],[17.144998443646987,51.038159759990315]]]}},{"type":"Feature","properties":{"jobs":0,"pop":43,"pointCount":1,"homeWorkCommuteMedian":9058,"workHomeCommuteMedian":-1},"geometry":{"type":"Polygon","coordinates":[[[17.144998443646987,51.0741325745393],[17.144998443646987,51.083125778176544],[17.153991647284233,51.083125778176544],[17.153991647284233,51.0741325745393],[17.144998443646987,51.0741325745393]]]}},{"type":"Feature","properties":{"jobs":0,"pop":87,"pointCount":1,"homeWorkCommuteMedian":18747,"workHomeCommuteMedian":-1},"geometry":{"type":"Polygon","coordinates":[[[17.144998443646987,51.09211898181379],[17.144998443646987,51.101112185451036],[17.153991647284233,51.101112185451036],[17.153991647284233,51.09211898181379],[17.144998443646987,51.09211898181379]]]}},{"type":"Feature","properties":{"jobs":0,"pop":428,"pointCount":5,"homeWorkCommuteMedian":11706,"workHomeCommuteMedian":-1},"geometry":{"type":"Polygon","coordinates":[[[17.144998443646987,51.101112185451036],[17.144998443646987,51.11010538908828],[17.153991647284233,51.11010538908828],[17.153991647284233,51.101112185451036],[17.144998443646987,51.101112185451036]]]}},{"type":"Feature","properties":{"jobs":0,"pop":182,"pointCount":2,"homeWorkCommuteMedian":11738,"workHomeCommuteMedian":-1},"geometry":{"type":"Polygon","coordinates":[[[17.144998443646987,51.11909859272553],[17.144998443646987,51.128091796362774],[17.153991647284233,51.128091796362774],[17.153991647284233,51.11909859272553],[17.144998443646987,51.11909859272553]]]}},{"type":"Feature","properties":{"jobs":308,"pop":430,"pointCount":9,"homeWorkCommuteMedian":8345,"workHomeCommuteMedian":11514},"geometry":{"type":"Polygon","coordinates":[[[17.144998443646987,51.128091796362774],[17.144998443646987,51.13708500000002],[17.153991647284233,51.13708500000002],[17.153991647284233,51.128091796362774],[17.144998443646987,51.128091796362774]]]}},{"type":"Feature","properties":{"jobs":56,"pop":314,"pointCount":4,"homeWorkCommuteMedian":4166,"workHomeCommuteMedian":11084},"geometry":{"type":"Polygon","coordinates":[[[17.144998443646987,51.13708500000002],[17.144998443646987,51.146078203637266],[17.153991647284233,51.146078203637266],[17.153991647284233,51.13708500000002],[17.144998443646987,51.13708500000002]]]}},{"type":"Feature","properties":{"jobs":466,"pop":0,"pointCount":2,"homeWorkCommuteMedian":-1,"workHomeCommuteMedian":11105},"geometry":{"type":"Polygon","coordinates":[[[17.144998443646987,51.146078203637266],[17.144998443646987,51.15507140727451],[17.153991647284233,51.15507140727451],[17.153991647284233,51.146078203637266],[17.144998443646987,51.146078203637266]]]}},{"type":"Feature","properties":{"jobs":416,"pop":41,"pointCount":3,"homeWorkCommuteMedian":15451,"workHomeCommuteMedian":10125},"geometry":{"type":"Polygon","coordinates":[[[17.144998443646987,51.15507140727451],[17.144998443646987,51.16406461091176],[17.153991647284233,51.16406461091176],[17.153991647284233,51.15507140727451],[17.144998443646987,51.15507140727451]]]}},{"type":"Feature","properties":{"jobs":22,"pop":80,"pointCount":3,"homeWorkCommuteMedian":7065,"workHomeCommuteMedian":32421},"geometry":{"type":"Polygon","coordinates":[[[17.144998443646987,51.18205101818625],[17.144998443646987,51.191044221823496],[17.153991647284233,51.191044221823496],[17.153991647284233,51.18205101818625],[17.144998443646987,51.18205101818625]]]}},{"type":"Feature","properties":{"jobs":0,"pop":77,"pointCount":3,"homeWorkCommuteMedian":4419,"workHomeCommuteMedian":-1},"geometry":{"type":"Polygon","coordinates":[[[17.144998443646987,51.191044221823496],[17.144998443646987,51.20003742546074],[17.153991647284233,51.20003742546074],[17.153991647284233,51.191044221823496],[17.144998443646987,51.191044221823496]]]}},{"type":"Feature","properties":{"jobs":0,"pop":35,"pointCount":1,"homeWorkCommuteMedian":51255,"workHomeCommuteMedian":-1},"geometry":{"type":"Polygon","coordinates":[[[17.144998443646987,51.29896266547045],[17.144998443646987,51.307955869107694],[17.153991647284233,51.307955869107694],[17.153991647284233,51.29896266547045],[17.144998443646987,51.29896266547045]]]}},{"type":"Feature","properties":{"jobs":0,"pop":62,"pointCount":1,"homeWorkCommuteMedian":2450,"workHomeCommuteMedian":-1},"geometry":{"type":"Polygon","coordinates":[[[17.144998443646987,51.307955869107694],[17.144998443646987,51.31694907274494],[17.153991647284233,51.31694907274494],[17.153991647284233,51.307955869107694],[17.144998443646987,51.307955869107694]]]}},{"type":"Feature","properties":{"jobs":0,"pop":22,"pointCount":1,"homeWorkCommuteMedian":3247,"workHomeCommuteMedian":-1},"geometry":{"type":"Polygon","coordinates":[[[17.144998443646987,51.31694907274494],[17.144998443646987,51.325942276382186],[17.153991647284233,51.325942276382186],[17.153991647284233,51.31694907274494],[17.144998443646987,51.31694907274494]]]}},{"type":"Feature","properties":{"jobs":0,"pop":20,"pointCount":1,"homeWorkCommuteMedian":2680,"workHomeCommuteMedian":-1},"geometry":{"type":"Polygon","coordinates":[[[17.144998443646987,51.33493548001943],[17.144998443646987,51.34392868365668],[17.153991647284233,51.34392868365668],[17.153991647284233,51.33493548001943],[17.144998443646987,51.33493548001943]]]}},{"type":"Feature","properties":{"jobs":60,"pop":37,"pointCount":2,"homeWorkCommuteMedian":6170,"workHomeCommuteMedian":22696},"geometry":{"type":"Polygon","coordinates":[[[17.144998443646987,51.397887905480154],[17.144998443646987,51.4068811091174],[17.153991647284233,51.4068811091174],[17.153991647284233,51.397887905480154],[17.144998443646987,51.397887905480154]]]}},{"type":"Feature","properties":{"jobs":42,"pop":131,"pointCount":3,"homeWorkCommuteMedian":17499,"workHomeCommuteMedian":14957},"geometry":{"type":"Polygon","coordinates":[[[17.144998443646987,51.4068811091174],[17.144998443646987,51.415874312754646],[17.153991647284233,51.415874312754646],[17.153991647284233,51.4068811091174],[17.144998443646987,51.4068811091174]]]}},{"type":"Feature","properties":{"jobs":0,"pop":23,"pointCount":1,"homeWorkCommuteMedian":3162,"workHomeCommuteMedian":-1},"geometry":{"type":"Polygon","coordinates":[[[17.153991647284233,50.858295687245395],[17.153991647284233,50.86728889088264],[17.16298485092148,50.86728889088264],[17.16298485092148,50.858295687245395],[17.153991647284233,50.858295687245395]]]}},{"type":"Feature","properties":{"jobs":46,"pop":24,"pointCount":2,"homeWorkCommuteMedian":3604,"workHomeCommuteMedian":36800},"geometry":{"type":"Polygon","coordinates":[[[17.153991647284233,50.86728889088264],[17.153991647284233,50.87628209451989],[17.16298485092148,50.87628209451989],[17.16298485092148,50.86728889088264],[17.153991647284233,50.86728889088264]]]}},{"type":"Feature","properties":{"jobs":0,"pop":20,"pointCount":1,"homeWorkCommuteMedian":16072,"workHomeCommuteMedian":-1},"geometry":{"type":"Polygon","coordinates":[[[17.153991647284233,50.87628209451989],[17.153991647284233,50.88527529815713],[17.16298485092148,50.88527529815713],[17.16298485092148,50.87628209451989],[17.153991647284233,50.87628209451989]]]}},{"type":"Feature","properties":{"jobs":38,"pop":0,"pointCount":1,"homeWorkCommuteMedian":-1,"workHomeCommuteMedian":13746},"geometry":{"type":"Polygon","coordinates":[[[17.153991647284233,50.9572209272551],[17.153991647284233,50.96621413089235],[17.16298485092148,50.96621413089235],[17.16298485092148,50.9572209272551],[17.153991647284233,50.9572209272551]]]}},{"type":"Feature","properties":{"jobs":0,"pop":25,"pointCount":1,"homeWorkCommuteMedian":5829,"workHomeCommuteMedian":-1},"geometry":{"type":"Polygon","coordinates":[[[17.153991647284233,50.993193741804085],[17.153991647284233,51.00218694544133],[17.16298485092148,51.00218694544133],[17.16298485092148,50.993193741804085],[17.153991647284233,50.993193741804085]]]}},{"type":"Feature","properties":{"jobs":44,"pop":0,"pointCount":1,"homeWorkCommuteMedian":-1,"workHomeCommuteMedian":9154},"geometry":{"type":"Polygon","coordinates":[[[17.153991647284233,51.00218694544133],[17.153991647284233,51.01118014907858],[17.16298485092148,51.01118014907858],[17.16298485092148,51.00218694544133],[17.153991647284233,51.00218694544133]]]}},{"type":"Feature","properties":{"jobs":773,"pop":0,"pointCount":1,"homeWorkCommuteMedian":-1,"workHomeCommuteMedian":5119},"geometry":{"type":"Polygon","coordinates":[[[17.153991647284233,51.01118014907858],[17.153991647284233,51.02017335271582],[17.16298485092148,51.02017335271582],[17.16298485092148,51.01118014907858],[17.153991647284233,51.01118014907858]]]}},{"type":"Feature","properties":{"jobs":1759,"pop":593,"pointCount":11,"homeWorkCommuteMedian":1442,"workHomeCommuteMedian":5040},"geometry":{"type":"Polygon","coordinates":[[[17.153991647284233,51.02017335271582],[17.153991647284233,51.02916655635307],[17.16298485092148,51.02916655635307],[17.16298485092148,51.02017335271582],[17.153991647284233,51.02017335271582]]]}},{"type":"Feature","properties":{"jobs":1152,"pop":1292,"pointCount":9,"homeWorkCommuteMedian":2148,"workHomeCommuteMedian":5828},"geometry":{"type":"Polygon","coordinates":[[[17.153991647284233,51.02916655635307],[17.153991647284233,51.038159759990315],[17.16298485092148,51.038159759990315],[17.16298485092148,51.02916655635307],[17.153991647284233,51.02916655635307]]]}},{"type":"Feature","properties":{"jobs":69,"pop":98,"pointCount":2,"homeWorkCommuteMedian":8843,"workHomeCommuteMedian":2046},"geometry":{"type":"Polygon","coordinates":[[[17.153991647284233,51.038159759990315],[17.153991647284233,51.04715296362756],[17.16298485092148,51.04715296362756],[17.16298485092148,51.038159759990315],[17.153991647284233,51.038159759990315]]]}},{"type":"Feature","properties":{"jobs":85,"pop":90,"pointCount":2,"homeWorkCommuteMedian":6823,"workHomeCommuteMedian":6927},"geometry":{"type":"Polygon","coordinates":[[[17.153991647284233,51.06513937090205],[17.153991647284233,51.0741325745393],[17.16298485092148,51.0741325745393],[17.16298485092148,51.06513937090205],[17.153991647284233,51.06513937090205]]]}},{"type":"Feature","properties":{"jobs":53,"pop":92,"pointCount":2,"homeWorkCommuteMedian":10049,"workHomeCommuteMedian":22233},"geometry":{"type":"Polygon","coordinates":[[[17.153991647284233,51.0741325745393],[17.153991647284233,51.083125778176544],[17.16298485092148,51.083125778176544],[17.16298485092148,51.0741325745393],[17.153991647284233,51.0741325745393]]]}},{"type":"Feature","properties":{"jobs":61,"pop":683,"pointCount":9,"homeWorkCommuteMedian":10630,"workHomeCommuteMedian":11425},"geometry":{"type":"Polygon","coordinates":[[[17.153991647284233,51.09211898181379],[17.153991647284233,51.101112185451036],[17.16298485092148,51.101112185451036],[17.16298485092148,51.09211898181379],[17.153991647284233,51.09211898181379]]]}},{"type":"Feature","properties":{"jobs":271,"pop":608,"pointCount":9,"homeWorkCommuteMedian":12068,"workHomeCommuteMedian":10584},"geometry":{"type":"Polygon","coordinates":[[[17.153991647284233,51.101112185451036],[17.153991647284233,51.11010538908828],[17.16298485092148,51.11010538908828],[17.16298485092148,51.101112185451036],[17.153991647284233,51.101112185451036]]]}},{"type":"Feature","properties":{"jobs":31,"pop":367,"pointCount":4,"homeWorkCommuteMedian":9662,"workHomeCommuteMedian":12921},"geometry":{"type":"Polygon","coordinates":[[[17.153991647284233,51.11909859272553],[17.153991647284233,51.128091796362774],[17.16298485092148,51.128091796362774],[17.16298485092148,51.11909859272553],[17.153991647284233,51.11909859272553]]]}},{"type":"Feature","properties":{"jobs":0,"pop":196,"pointCount":3,"homeWorkCommuteMedian":8109,"workHomeCommuteMedian":-1},"geometry":{"type":"Polygon","coordinates":[[[17.153991647284233,51.128091796362774],[17.153991647284233,51.13708500000002],[17.16298485092148,51.13708500000002],[17.16298485092148,51.128091796362774],[17.153991647284233,51.128091796362774]]]}},{"type":"Feature","properties":{"jobs":111,"pop":688,"pointCount":7,"homeWorkCommuteMedian":6689,"workHomeCommuteMedian":14508},"geometry":{"type":"Polygon","coordinates":[[[17.153991647284233,51.13708500000002],[17.153991647284233,51.146078203637266],[17.16298485092148,51.146078203637266],[17.16298485092148,51.13708500000002],[17.153991647284233,51.13708500000002]]]}},{"type":"Feature","properties":{"jobs":0,"pop":280,"pointCount":3,"homeWorkCommuteMedian":9299,"workHomeCommuteMedian":-1},"geometry":{"type":"Polygon","coordinates":[[[17.153991647284233,51.146078203637266],[17.153991647284233,51.15507140727451],[17.16298485092148,51.15507140727451],[17.16298485092148,51.146078203637266],[17.153991647284233,51.146078203637266]]]}},{"type":"Feature","properties":{"jobs":2166,"pop":44,"pointCount":4,"homeWorkCommuteMedian":2850,"workHomeCommuteMedian":7834},"geometry":{"type":"Polygon","coordinates":[[[17.153991647284233,51.15507140727451],[17.153991647284233,51.16406461091176],[17.16298485092148,51.16406461091176],[17.16298485092148,51.15507140727451],[17.153991647284233,51.15507140727451]]]}},{"type":"Feature","properties":{"jobs":552,"pop":690,"pointCount":8,"homeWorkCommuteMedian":3828,"workHomeCommuteMedian":5772},"geometry":{"type":"Polygon","coordinates":[[[17.153991647284233,51.16406461091176],[17.153991647284233,51.173057814549004],[17.16298485092148,51.173057814549004],[17.16298485092148,51.16406461091176],[17.153991647284233,51.16406461091176]]]}},{"type":"Feature","properties":{"jobs":288,"pop":0,"pointCount":1,"homeWorkCommuteMedian":-1,"workHomeCommuteMedian":13919},"geometry":{"type":"Polygon","coordinates":[[[17.153991647284233,51.173057814549004],[17.153991647284233,51.18205101818625],[17.16298485092148,51.18205101818625],[17.16298485092148,51.173057814549004],[17.153991647284233,51.173057814549004]]]}},{"type":"Feature","properties":{"jobs":0,"pop":229,"pointCount":4,"homeWorkCommuteMedian":6062,"workHomeCommuteMedian":-1},"geometry":{"type":"Polygon","coordinates":[[[17.153991647284233,51.18205101818625],[17.153991647284233,51.191044221823496],[17.16298485092148,51.191044221823496],[17.16298485092148,51.18205101818625],[17.153991647284233,51.18205101818625]]]}},{"type":"Feature","properties":{"jobs":0,"pop":79,"pointCount":1,"homeWorkCommuteMedian":22643,"workHomeCommuteMedian":-1},"geometry":{"type":"Polygon","coordinates":[[[17.153991647284233,51.20003742546074],[17.153991647284233,51.20903062909799],[17.16298485092148,51.20903062909799],[17.16298485092148,51.20003742546074],[17.153991647284233,51.20003742546074]]]}},{"type":"Feature","properties":{"jobs":0,"pop":54,"pointCount":1,"homeWorkCommuteMedian":18482,"workHomeCommuteMedian":-1},"geometry":{"type":"Polygon","coordinates":[[[17.153991647284233,51.20903062909799],[17.153991647284233,51.218023832735234],[17.16298485092148,51.218023832735234],[17.16298485092148,51.20903062909799],[17.153991647284233,51.20903062909799]]]}},{"type":"Feature","properties":{"jobs":0,"pop":142,"pointCount":3,"homeWorkCommuteMedian":10604,"workHomeCommuteMedian":-1},"geometry":{"type":"Polygon","coordinates":[[[17.153991647284233,51.24500344364697],[17.153991647284233,51.25399664728422],[17.16298485092148,51.25399664728422],[17.16298485092148,51.24500344364697],[17.153991647284233,51.24500344364697]]]}},{"type":"Feature","properties":{"jobs":110,"pop":42,"pointCount":2,"homeWorkCommuteMedian":13702,"workHomeCommuteMedian":10443},"geometry":{"type":"Polygon","coordinates":[[[17.153991647284233,51.25399664728422],[17.153991647284233,51.262989850921464],[17.16298485092148,51.262989850921464],[17.16298485092148,51.25399664728422],[17.153991647284233,51.25399664728422]]]}},{"type":"Feature","properties":{"jobs":57,"pop":0,"pointCount":1,"homeWorkCommuteMedian":-1,"workHomeCommuteMedian":40966},"geometry":{"type":"Polygon","coordinates":[[[17.153991647284233,51.262989850921464],[17.153991647284233,51.27198305455871],[17.16298485092148,51.27198305455871],[17.16298485092148,51.262989850921464],[17.153991647284233,51.262989850921464]]]}},{"type":"Feature","properties":{"jobs":25,"pop":76,"pointCount":3,"homeWorkCommuteMedian":27242,"workHomeCommuteMedian":17333},"geometry":{"type":"Polygon","coordinates":[[[17.153991647284233,51.27198305455871],[17.153991647284233,51.280976258195956],[17.16298485092148,51.280976258195956],[17.16298485092148,51.27198305455871],[17.153991647284233,51.27198305455871]]]}},{"type":"Feature","properties":{"jobs":33,"pop":39,"pointCount":1,"homeWorkCommuteMedian":26557,"workHomeCommuteMedian":7075},"geometry":{"type":"Polygon","coordinates":[[[17.153991647284233,51.280976258195956],[17.153991647284233,51.2899694618332],[17.16298485092148,51.2899694618332],[17.16298485092148,51.280976258195956],[17.153991647284233,51.280976258195956]]]}},{"type":"Feature","properties":{"jobs":0,"pop":61,"pointCount":1,"homeWorkCommuteMedian":16570,"workHomeCommuteMedian":-1},"geometry":{"type":"Polygon","coordinates":[[[17.153991647284233,51.31694907274494],[17.153991647284233,51.325942276382186],[17.16298485092148,51.325942276382186],[17.16298485092148,51.31694907274494],[17.153991647284233,51.31694907274494]]]}},{"type":"Feature","properties":{"jobs":0,"pop":132,"pointCount":3,"homeWorkCommuteMedian":10637,"workHomeCommuteMedian":-1},"geometry":{"type":"Polygon","coordinates":[[[17.153991647284233,51.36191509093117],[17.153991647284233,51.370908294568416],[17.16298485092148,51.370908294568416],[17.16298485092148,51.36191509093117],[17.153991647284233,51.36191509093117]]]}},{"type":"Feature","properties":{"jobs":0,"pop":38,"pointCount":1,"homeWorkCommuteMedian":13916,"workHomeCommuteMedian":-1},"geometry":{"type":"Polygon","coordinates":[[[17.153991647284233,51.37990149820566],[17.153991647284233,51.38889470184291],[17.16298485092148,51.38889470184291],[17.16298485092148,51.37990149820566],[17.153991647284233,51.37990149820566]]]}},{"type":"Feature","properties":{"jobs":0,"pop":39,"pointCount":1,"homeWorkCommuteMedian":7330,"workHomeCommuteMedian":-1},"geometry":{"type":"Polygon","coordinates":[[[17.153991647284233,51.4068811091174],[17.153991647284233,51.415874312754646],[17.16298485092148,51.415874312754646],[17.16298485092148,51.4068811091174],[17.153991647284233,51.4068811091174]]]}},{"type":"Feature","properties":{"jobs":28,"pop":42,"pointCount":2,"homeWorkCommuteMedian":11522,"workHomeCommuteMedian":26949},"geometry":{"type":"Polygon","coordinates":[[[17.16298485092148,50.903261705431625],[17.16298485092148,50.91225490906887],[17.171978054558725,50.91225490906887],[17.171978054558725,50.903261705431625],[17.16298485092148,50.903261705431625]]]}},{"type":"Feature","properties":{"jobs":43,"pop":62,"pointCount":3,"homeWorkCommuteMedian":14197,"workHomeCommuteMedian":26845},"geometry":{"type":"Polygon","coordinates":[[[17.16298485092148,50.93923451998061],[17.16298485092148,50.948227723617855],[17.171978054558725,50.948227723617855],[17.171978054558725,50.93923451998061],[17.16298485092148,50.93923451998061]]]}},{"type":"Feature","properties":{"jobs":24,"pop":55,"pointCount":2,"homeWorkCommuteMedian":6788,"workHomeCommuteMedian":26811},"geometry":{"type":"Polygon","coordinates":[[[17.16298485092148,50.9572209272551],[17.16298485092148,50.96621413089235],[17.171978054558725,50.96621413089235],[17.171978054558725,50.9572209272551],[17.16298485092148,50.9572209272551]]]}},{"type":"Feature","properties":{"jobs":49,"pop":36,"pointCount":2,"homeWorkCommuteMedian":8759,"workHomeCommuteMedian":5086},"geometry":{"type":"Polygon","coordinates":[[[17.16298485092148,50.993193741804085],[17.16298485092148,51.00218694544133],[17.171978054558725,51.00218694544133],[17.171978054558725,50.993193741804085],[17.16298485092148,50.993193741804085]]]}},{"type":"Feature","properties":{"jobs":106,"pop":126,"pointCount":4,"homeWorkCommuteMedian":3986,"workHomeCommuteMedian":5672},"geometry":{"type":"Polygon","coordinates":[[[17.16298485092148,51.00218694544133],[17.16298485092148,51.01118014907858],[17.171978054558725,51.01118014907858],[17.171978054558725,51.00218694544133],[17.16298485092148,51.00218694544133]]]}},{"type":"Feature","properties":{"jobs":32,"pop":256,"pointCount":5,"homeWorkCommuteMedian":2642,"workHomeCommuteMedian":17693},"geometry":{"type":"Polygon","coordinates":[[[17.16298485092148,51.01118014907858],[17.16298485092148,51.02017335271582],[17.171978054558725,51.02017335271582],[17.171978054558725,51.01118014907858],[17.16298485092148,51.01118014907858]]]}},{"type":"Feature","properties":{"jobs":1099,"pop":0,"pointCount":2,"homeWorkCommuteMedian":-1,"workHomeCommuteMedian":3783},"geometry":{"type":"Polygon","coordinates":[[[17.16298485092148,51.02017335271582],[17.16298485092148,51.02916655635307],[17.171978054558725,51.02916655635307],[17.171978054558725,51.02017335271582],[17.16298485092148,51.02017335271582]]]}},{"type":"Feature","properties":{"jobs":197,"pop":53,"pointCount":2,"homeWorkCommuteMedian":4564,"workHomeCommuteMedian":2886},"geometry":{"type":"Polygon","coordinates":[[[17.16298485092148,51.02916655635307],[17.16298485092148,51.038159759990315],[17.171978054558725,51.038159759990315],[17.171978054558725,51.02916655635307],[17.16298485092148,51.02916655635307]]]}},{"type":"Feature","properties":{"jobs":52,"pop":61,"pointCount":2,"homeWorkCommuteMedian":34580,"workHomeCommuteMedian":21653},"geometry":{"type":"Polygon","coordinates":[[[17.16298485092148,51.0741325745393],[17.16298485092148,51.083125778176544],[17.171978054558725,51.083125778176544],[17.171978054558725,51.0741325745393],[17.16298485092148,51.0741325745393]]]}},{"type":"Feature","properties":{"jobs":905,"pop":44,"pointCount":6,"homeWorkCommuteMedian":9812,"workHomeCommuteMedian":8045},"geometry":{"type":"Polygon","coordinates":[[[17.16298485092148,51.083125778176544],[17.16298485092148,51.09211898181379],[17.171978054558725,51.09211898181379],[17.171978054558725,51.083125778176544],[17.16298485092148,51.083125778176544]]]}},{"type":"Feature","properties":{"jobs":273,"pop":143,"pointCount":3,"homeWorkCommuteMedian":15393,"workHomeCommuteMedian":9563},"geometry":{"type":"Polygon","coordinates":[[[17.16298485092148,51.09211898181379],[17.16298485092148,51.101112185451036],[17.171978054558725,51.101112185451036],[17.171978054558725,51.09211898181379],[17.16298485092148,51.09211898181379]]]}},{"type":"Feature","properties":{"jobs":290,"pop":59,"pointCount":2,"homeWorkCommuteMedian":4813,"workHomeCommuteMedian":4086},"geometry":{"type":"Polygon","coordinates":[[[17.16298485092148,51.11010538908828],[17.16298485092148,51.11909859272553],[17.171978054558725,51.11909859272553],[17.171978054558725,51.11010538908828],[17.16298485092148,51.11010538908828]]]}},{"type":"Feature","properties":{"jobs":0,"pop":517,"pointCount":4,"homeWorkCommuteMedian":9553,"workHomeCommuteMedian":-1},"geometry":{"type":"Polygon","coordinates":[[[17.16298485092148,51.128091796362774],[17.16298485092148,51.13708500000002],[17.171978054558725,51.13708500000002],[17.171978054558725,51.128091796362774],[17.16298485092148,51.128091796362774]]]}},{"type":"Feature","properties":{"jobs":264,"pop":693,"pointCount":6,"homeWorkCommuteMedian":9188,"workHomeCommuteMedian":20252},"geometry":{"type":"Polygon","coordinates":[[[17.16298485092148,51.13708500000002],[17.16298485092148,51.146078203637266],[17.171978054558725,51.146078203637266],[17.171978054558725,51.13708500000002],[17.16298485092148,51.13708500000002]]]}},{"type":"Feature","properties":{"jobs":0,"pop":433,"pointCount":3,"homeWorkCommuteMedian":11103,"workHomeCommuteMedian":-1},"geometry":{"type":"Polygon","coordinates":[[[17.16298485092148,51.146078203637266],[17.16298485092148,51.15507140727451],[17.171978054558725,51.15507140727451],[17.171978054558725,51.146078203637266],[17.16298485092148,51.146078203637266]]]}},{"type":"Feature","properties":{"jobs":45,"pop":537,"pointCount":5,"homeWorkCommuteMedian":13191,"workHomeCommuteMedian":4956},"geometry":{"type":"Polygon","coordinates":[[[17.16298485092148,51.15507140727451],[17.16298485092148,51.16406461091176],[17.171978054558725,51.16406461091176],[17.171978054558725,51.15507140727451],[17.16298485092148,51.15507140727451]]]}},{"type":"Feature","properties":{"jobs":975,"pop":113,"pointCount":3,"homeWorkCommuteMedian":3084,"workHomeCommuteMedian":7075},"geometry":{"type":"Polygon","coordinates":[[[17.16298485092148,51.16406461091176],[17.16298485092148,51.173057814549004],[17.171978054558725,51.173057814549004],[17.171978054558725,51.16406461091176],[17.16298485092148,51.16406461091176]]]}},{"type":"Feature","properties":{"jobs":49,"pop":497,"pointCount":6,"homeWorkCommuteMedian":6690,"workHomeCommuteMedian":5584},"geometry":{"type":"Polygon","coordinates":[[[17.16298485092148,51.173057814549004],[17.16298485092148,51.18205101818625],[17.171978054558725,51.18205101818625],[17.171978054558725,51.173057814549004],[17.16298485092148,51.173057814549004]]]}},{"type":"Feature","properties":{"jobs":110,"pop":164,"pointCount":6,"homeWorkCommuteMedian":5858,"workHomeCommuteMedian":9032},"geometry":{"type":"Polygon","coordinates":[[[17.16298485092148,51.18205101818625],[17.16298485092148,51.191044221823496],[17.171978054558725,51.191044221823496],[17.171978054558725,51.18205101818625],[17.16298485092148,51.18205101818625]]]}},{"type":"Feature","properties":{"jobs":79,"pop":143,"pointCount":5,"homeWorkCommuteMedian":10505,"workHomeCommuteMedian":22578},"geometry":{"type":"Polygon","coordinates":[[[17.16298485092148,51.22701703637248],[17.16298485092148,51.236010240009726],[17.171978054558725,51.236010240009726],[17.171978054558725,51.22701703637248],[17.16298485092148,51.22701703637248]]]}},{"type":"Feature","properties":{"jobs":0,"pop":76,"pointCount":1,"homeWorkCommuteMedian":24750,"workHomeCommuteMedian":-1},"geometry":{"type":"Polygon","coordinates":[[[17.16298485092148,51.24500344364697],[17.16298485092148,51.25399664728422],[17.171978054558725,51.25399664728422],[17.171978054558725,51.24500344364697],[17.16298485092148,51.24500344364697]]]}},{"type":"Feature","properties":{"jobs":0,"pop":69,"pointCount":2,"homeWorkCommuteMedian":24180,"workHomeCommuteMedian":-1},"geometry":{"type":"Polygon","coordinates":[[[17.16298485092148,51.25399664728422],[17.16298485092148,51.262989850921464],[17.171978054558725,51.262989850921464],[17.171978054558725,51.25399664728422],[17.16298485092148,51.25399664728422]]]}},{"type":"Feature","properties":{"jobs":33,"pop":52,"pointCount":2,"homeWorkCommuteMedian":25726,"workHomeCommuteMedian":50566},"geometry":{"type":"Polygon","coordinates":[[[17.16298485092148,51.262989850921464],[17.16298485092148,51.27198305455871],[17.171978054558725,51.27198305455871],[17.171978054558725,51.262989850921464],[17.16298485092148,51.262989850921464]]]}},{"type":"Feature","properties":{"jobs":77,"pop":0,"pointCount":1,"homeWorkCommuteMedian":-1,"workHomeCommuteMedian":2680},"geometry":{"type":"Polygon","coordinates":[[[17.16298485092148,51.31694907274494],[17.16298485092148,51.325942276382186],[17.171978054558725,51.325942276382186],[17.171978054558725,51.31694907274494],[17.16298485092148,51.31694907274494]]]}},{"type":"Feature","properties":{"jobs":65,"pop":0,"pointCount":1,"homeWorkCommuteMedian":-1,"workHomeCommuteMedian":14308},"geometry":{"type":"Polygon","coordinates":[[[17.16298485092148,51.36191509093117],[17.16298485092148,51.370908294568416],[17.171978054558725,51.370908294568416],[17.171978054558725,51.36191509093117],[17.16298485092148,51.36191509093117]]]}},{"type":"Feature","properties":{"jobs":0,"pop":97,"pointCount":1,"homeWorkCommuteMedian":49003,"workHomeCommuteMedian":-1},"geometry":{"type":"Polygon","coordinates":[[[17.16298485092148,51.370908294568416],[17.16298485092148,51.37990149820566],[17.171978054558725,51.37990149820566],[17.171978054558725,51.370908294568416],[17.16298485092148,51.370908294568416]]]}},{"type":"Feature","properties":{"jobs":0,"pop":27,"pointCount":1,"homeWorkCommuteMedian":5256,"workHomeCommuteMedian":-1},"geometry":{"type":"Polygon","coordinates":[[[17.16298485092148,51.38889470184291],[17.16298485092148,51.397887905480154],[17.171978054558725,51.397887905480154],[17.171978054558725,51.38889470184291],[17.16298485092148,51.38889470184291]]]}},{"type":"Feature","properties":{"jobs":94,"pop":51,"pointCount":2,"homeWorkCommuteMedian":11181,"workHomeCommuteMedian":63108},"geometry":{"type":"Polygon","coordinates":[[[17.171978054558725,50.73239083632395],[17.171978054558725,50.7413840399612],[17.18097125819597,50.7413840399612],[17.18097125819597,50.73239083632395],[17.171978054558725,50.73239083632395]]]}},{"type":"Feature","properties":{"jobs":0,"pop":42,"pointCount":1,"homeWorkCommuteMedian":9602,"workHomeCommuteMedian":-1},"geometry":{"type":"Polygon","coordinates":[[[17.171978054558725,50.75037724359844],[17.171978054558725,50.75937044723569],[17.18097125819597,50.75937044723569],[17.18097125819597,50.75037724359844],[17.171978054558725,50.75037724359844]]]}},{"type":"Feature","properties":{"jobs":50,"pop":63,"pointCount":2,"homeWorkCommuteMedian":3762,"workHomeCommuteMedian":56193},"geometry":{"type":"Polygon","coordinates":[[[17.171978054558725,50.88527529815713],[17.171978054558725,50.89426850179438],[17.18097125819597,50.89426850179438],[17.18097125819597,50.88527529815713],[17.171978054558725,50.88527529815713]]]}},{"type":"Feature","properties":{"jobs":115,"pop":55,"pointCount":2,"homeWorkCommuteMedian":6126,"workHomeCommuteMedian":7401},"geometry":{"type":"Polygon","coordinates":[[[17.171978054558725,50.903261705431625],[17.171978054558725,50.91225490906887],[17.18097125819597,50.91225490906887],[17.18097125819597,50.903261705431625],[17.171978054558725,50.903261705431625]]]}},{"type":"Feature","properties":{"jobs":35,"pop":0,"pointCount":1,"homeWorkCommuteMedian":-1,"workHomeCommuteMedian":2364},"geometry":{"type":"Polygon","coordinates":[[[17.171978054558725,50.91225490906887],[17.171978054558725,50.92124811270612],[17.18097125819597,50.92124811270612],[17.18097125819597,50.91225490906887],[17.171978054558725,50.91225490906887]]]}},{"type":"Feature","properties":{"jobs":286,"pop":171,"pointCount":4,"homeWorkCommuteMedian":11241,"workHomeCommuteMedian":11132},"geometry":{"type":"Polygon","coordinates":[[[17.171978054558725,50.93024131634336],[17.171978054558725,50.93923451998061],[17.18097125819597,50.93923451998061],[17.18097125819597,50.93024131634336],[17.171978054558725,50.93024131634336]]]}},{"type":"Feature","properties":{"jobs":0,"pop":25,"pointCount":1,"homeWorkCommuteMedian":8926,"workHomeCommuteMedian":-1},"geometry":{"type":"Polygon","coordinates":[[[17.171978054558725,50.93923451998061],[17.171978054558725,50.948227723617855],[17.18097125819597,50.948227723617855],[17.18097125819597,50.93923451998061],[17.171978054558725,50.93923451998061]]]}},{"type":"Feature","properties":{"jobs":30,"pop":344,"pointCount":4,"homeWorkCommuteMedian":3886,"workHomeCommuteMedian":11867},"geometry":{"type":"Polygon","coordinates":[[[17.171978054558725,51.00218694544133],[17.171978054558725,51.01118014907858],[17.18097125819597,51.01118014907858],[17.18097125819597,51.00218694544133],[17.171978054558725,51.00218694544133]]]}},{"type":"Feature","properties":{"jobs":94,"pop":137,"pointCount":3,"homeWorkCommuteMedian":3450,"workHomeCommuteMedian":6247},"geometry":{"type":"Polygon","coordinates":[[[17.171978054558725,51.01118014907858],[17.171978054558725,51.02017335271582],[17.18097125819597,51.02017335271582],[17.18097125819597,51.01118014907858],[17.171978054558725,51.01118014907858]]]}},{"type":"Feature","properties":{"jobs":255,"pop":532,"pointCount":8,"homeWorkCommuteMedian":9773,"workHomeCommuteMedian":14497},"geometry":{"type":"Polygon","coordinates":[[[17.171978054558725,51.06513937090205],[17.171978054558725,51.0741325745393],[17.18097125819597,51.0741325745393],[17.18097125819597,51.06513937090205],[17.171978054558725,51.06513937090205]]]}},{"type":"Feature","properties":{"jobs":388,"pop":588,"pointCount":9,"homeWorkCommuteMedian":4666,"workHomeCommuteMedian":12996},"geometry":{"type":"Polygon","coordinates":[[[17.171978054558725,51.0741325745393],[17.171978054558725,51.083125778176544],[17.18097125819597,51.083125778176544],[17.18097125819597,51.0741325745393],[17.171978054558725,51.0741325745393]]]}},{"type":"Feature","properties":{"jobs":0,"pop":76,"pointCount":2,"homeWorkCommuteMedian":3749,"workHomeCommuteMedian":-1},"geometry":{"type":"Polygon","coordinates":[[[17.171978054558725,51.083125778176544],[17.171978054558725,51.09211898181379],[17.18097125819597,51.09211898181379],[17.18097125819597,51.083125778176544],[17.171978054558725,51.083125778176544]]]}},{"type":"Feature","properties":{"jobs":716,"pop":0,"pointCount":3,"homeWorkCommuteMedian":-1,"workHomeCommuteMedian":5541},"geometry":{"type":"Polygon","coordinates":[[[17.171978054558725,51.09211898181379],[17.171978054558725,51.101112185451036],[17.18097125819597,51.101112185451036],[17.18097125819597,51.09211898181379],[17.171978054558725,51.09211898181379]]]}},{"type":"Feature","properties":{"jobs":20,"pop":123,"pointCount":3,"homeWorkCommuteMedian":20653,"workHomeCommuteMedian":15987},"geometry":{"type":"Polygon","coordinates":[[[17.171978054558725,51.11010538908828],[17.171978054558725,51.11909859272553],[17.18097125819597,51.11909859272553],[17.18097125819597,51.11010538908828],[17.171978054558725,51.11010538908828]]]}},{"type":"Feature","properties":{"jobs":28,"pop":23,"pointCount":1,"homeWorkCommuteMedian":13876,"workHomeCommuteMedian":18960},"geometry":{"type":"Polygon","coordinates":[[[17.171978054558725,51.11909859272553],[17.171978054558725,51.128091796362774],[17.18097125819597,51.128091796362774],[17.18097125819597,51.11909859272553],[17.171978054558725,51.11909859272553]]]}},{"type":"Feature","properties":{"jobs":530,"pop":1160,"pointCount":10,"homeWorkCommuteMedian":9879,"workHomeCommuteMedian":11186},"geometry":{"type":"Polygon","coordinates":[[[17.171978054558725,51.128091796362774],[17.171978054558725,51.13708500000002],[17.18097125819597,51.13708500000002],[17.18097125819597,51.128091796362774],[17.171978054558725,51.128091796362774]]]}},{"type":"Feature","properties":{"jobs":533,"pop":1105,"pointCount":11,"homeWorkCommuteMedian":7559,"workHomeCommuteMedian":8795},"geometry":{"type":"Polygon","coordinates":[[[17.171978054558725,51.13708500000002],[17.171978054558725,51.146078203637266],[17.18097125819597,51.146078203637266],[17.18097125819597,51.13708500000002],[17.171978054558725,51.13708500000002]]]}},{"type":"Feature","properties":{"jobs":0,"pop":284,"pointCount":4,"homeWorkCommuteMedian":3200,"workHomeCommuteMedian":-1},"geometry":{"type":"Polygon","coordinates":[[[17.171978054558725,51.15507140727451],[17.171978054558725,51.16406461091176],[17.18097125819597,51.16406461091176],[17.18097125819597,51.15507140727451],[17.171978054558725,51.15507140727451]]]}},{"type":"Feature","properties":{"jobs":669,"pop":0,"pointCount":1,"homeWorkCommuteMedian":-1,"workHomeCommuteMedian":7098},"geometry":{"type":"Polygon","coordinates":[[[17.171978054558725,51.16406461091176],[17.171978054558725,51.173057814549004],[17.18097125819597,51.173057814549004],[17.18097125819597,51.16406461091176],[17.171978054558725,51.16406461091176]]]}},{"type":"Feature","properties":{"jobs":1804,"pop":202,"pointCount":7,"homeWorkCommuteMedian":15374,"workHomeCommuteMedian":9452},"geometry":{"type":"Polygon","coordinates":[[[17.171978054558725,51.173057814549004],[17.171978054558725,51.18205101818625],[17.18097125819597,51.18205101818625],[17.18097125819597,51.173057814549004],[17.171978054558725,51.173057814549004]]]}},{"type":"Feature","properties":{"jobs":0,"pop":74,"pointCount":2,"homeWorkCommuteMedian":2598,"workHomeCommuteMedian":-1},"geometry":{"type":"Polygon","coordinates":[[[17.171978054558725,51.18205101818625],[17.171978054558725,51.191044221823496],[17.18097125819597,51.191044221823496],[17.18097125819597,51.18205101818625],[17.171978054558725,51.18205101818625]]]}},{"type":"Feature","properties":{"jobs":0,"pop":132,"pointCount":2,"homeWorkCommuteMedian":9591,"workHomeCommuteMedian":-1},"geometry":{"type":"Polygon","coordinates":[[[17.171978054558725,51.191044221823496],[17.171978054558725,51.20003742546074],[17.18097125819597,51.20003742546074],[17.18097125819597,51.191044221823496],[17.171978054558725,51.191044221823496]]]}},{"type":"Feature","properties":{"jobs":187,"pop":150,"pointCount":7,"homeWorkCommuteMedian":22184,"workHomeCommuteMedian":19010},"geometry":{"type":"Polygon","coordinates":[[[17.171978054558725,51.22701703637248],[17.171978054558725,51.236010240009726],[17.18097125819597,51.236010240009726],[17.18097125819597,51.22701703637248],[17.171978054558725,51.22701703637248]]]}},{"type":"Feature","properties":{"jobs":0,"pop":89,"pointCount":1,"homeWorkCommuteMedian":26528,"workHomeCommuteMedian":-1},"geometry":{"type":"Polygon","coordinates":[[[17.171978054558725,51.236010240009726],[17.171978054558725,51.24500344364697],[17.18097125819597,51.24500344364697],[17.18097125819597,51.236010240009726],[17.171978054558725,51.236010240009726]]]}},{"type":"Feature","properties":{"jobs":0,"pop":22,"pointCount":1,"homeWorkCommuteMedian":13974,"workHomeCommuteMedian":-1},"geometry":{"type":"Polygon","coordinates":[[[17.171978054558725,51.325942276382186],[17.171978054558725,51.33493548001943],[17.18097125819597,51.33493548001943],[17.18097125819597,51.325942276382186],[17.171978054558725,51.325942276382186]]]}},{"type":"Feature","properties":{"jobs":30,"pop":0,"pointCount":1,"homeWorkCommuteMedian":-1,"workHomeCommuteMedian":11941},"geometry":{"type":"Polygon","coordinates":[[[17.18097125819597,50.858295687245395],[17.18097125819597,50.86728889088264],[17.189964461833217,50.86728889088264],[17.189964461833217,50.858295687245395],[17.18097125819597,50.858295687245395]]]}},{"type":"Feature","properties":{"jobs":29,"pop":88,"pointCount":3,"homeWorkCommuteMedian":12335,"workHomeCommuteMedian":11943},"geometry":{"type":"Polygon","coordinates":[[[17.18097125819597,50.88527529815713],[17.18097125819597,50.89426850179438],[17.189964461833217,50.89426850179438],[17.189964461833217,50.88527529815713],[17.18097125819597,50.88527529815713]]]}},{"type":"Feature","properties":{"jobs":0,"pop":28,"pointCount":1,"homeWorkCommuteMedian":6944,"workHomeCommuteMedian":-1},"geometry":{"type":"Polygon","coordinates":[[[17.18097125819597,50.89426850179438],[17.18097125819597,50.903261705431625],[17.189964461833217,50.903261705431625],[17.189964461833217,50.89426850179438],[17.18097125819597,50.89426850179438]]]}},{"type":"Feature","properties":{"jobs":22,"pop":179,"pointCount":3,"homeWorkCommuteMedian":8828,"workHomeCommuteMedian":33923},"geometry":{"type":"Polygon","coordinates":[[[17.18097125819597,50.93024131634336],[17.18097125819597,50.93923451998061],[17.189964461833217,50.93923451998061],[17.189964461833217,50.93024131634336],[17.18097125819597,50.93024131634336]]]}},{"type":"Feature","properties":{"jobs":0,"pop":108,"pointCount":2,"homeWorkCommuteMedian":6104,"workHomeCommuteMedian":-1},"geometry":{"type":"Polygon","coordinates":[[[17.18097125819597,51.00218694544133],[17.18097125819597,51.01118014907858],[17.189964461833217,51.01118014907858],[17.189964461833217,51.00218694544133],[17.18097125819597,51.00218694544133]]]}},{"type":"Feature","properties":{"jobs":84,"pop":221,"pointCount":8,"homeWorkCommuteMedian":3534,"workHomeCommuteMedian":3969},"geometry":{"type":"Polygon","coordinates":[[[17.18097125819597,51.05614616726481],[17.18097125819597,51.06513937090205],[17.189964461833217,51.06513937090205],[17.189964461833217,51.05614616726481],[17.18097125819597,51.05614616726481]]]}},{"type":"Feature","properties":{"jobs":301,"pop":364,"pointCount":10,"homeWorkCommuteMedian":5995,"workHomeCommuteMedian":4545},"geometry":{"type":"Polygon","coordinates":[[[17.18097125819597,51.06513937090205],[17.18097125819597,51.0741325745393],[17.189964461833217,51.0741325745393],[17.189964461833217,51.06513937090205],[17.18097125819597,51.06513937090205]]]}},{"type":"Feature","properties":{"jobs":61,"pop":154,"pointCount":3,"homeWorkCommuteMedian":3759,"workHomeCommuteMedian":20107},"geometry":{"type":"Polygon","coordinates":[[[17.18097125819597,51.0741325745393],[17.18097125819597,51.083125778176544],[17.189964461833217,51.083125778176544],[17.189964461833217,51.0741325745393],[17.18097125819597,51.0741325745393]]]}},{"type":"Feature","properties":{"jobs":704,"pop":32,"pointCount":3,"homeWorkCommuteMedian":2545,"workHomeCommuteMedian":3318},"geometry":{"type":"Polygon","coordinates":[[[17.18097125819597,51.083125778176544],[17.18097125819597,51.09211898181379],[17.189964461833217,51.09211898181379],[17.189964461833217,51.083125778176544],[17.18097125819597,51.083125778176544]]]}},{"type":"Feature","properties":{"jobs":36,"pop":219,"pointCount":3,"homeWorkCommuteMedian":4545,"workHomeCommuteMedian":13279},"geometry":{"type":"Polygon","coordinates":[[[17.18097125819597,51.09211898181379],[17.18097125819597,51.101112185451036],[17.189964461833217,51.101112185451036],[17.189964461833217,51.09211898181379],[17.18097125819597,51.09211898181379]]]}},{"type":"Feature","properties":{"jobs":363,"pop":0,"pointCount":1,"homeWorkCommuteMedian":-1,"workHomeCommuteMedian":9140},"geometry":{"type":"Polygon","coordinates":[[[17.18097125819597,51.101112185451036],[17.18097125819597,51.11010538908828],[17.189964461833217,51.11010538908828],[17.189964461833217,51.101112185451036],[17.18097125819597,51.101112185451036]]]}},{"type":"Feature","properties":{"jobs":66,"pop":77,"pointCount":2,"homeWorkCommuteMedian":10487,"workHomeCommuteMedian":51198},"geometry":{"type":"Polygon","coordinates":[[[17.18097125819597,51.11010538908828],[17.18097125819597,51.11909859272553],[17.189964461833217,51.11909859272553],[17.189964461833217,51.11010538908828],[17.18097125819597,51.11010538908828]]]}},{"type":"Feature","properties":{"jobs":23,"pop":31,"pointCount":1,"homeWorkCommuteMedian":9200,"workHomeCommuteMedian":16092},"geometry":{"type":"Polygon","coordinates":[[[17.18097125819597,51.11909859272553],[17.18097125819597,51.128091796362774],[17.189964461833217,51.128091796362774],[17.189964461833217,51.11909859272553],[17.18097125819597,51.11909859272553]]]}},{"type":"Feature","properties":{"jobs":0,"pop":769,"pointCount":6,"homeWorkCommuteMedian":9157,"workHomeCommuteMedian":-1},"geometry":{"type":"Polygon","coordinates":[[[17.18097125819597,51.128091796362774],[17.18097125819597,51.13708500000002],[17.189964461833217,51.13708500000002],[17.189964461833217,51.128091796362774],[17.18097125819597,51.128091796362774]]]}},{"type":"Feature","properties":{"jobs":0,"pop":482,"pointCount":7,"homeWorkCommuteMedian":9378,"workHomeCommuteMedian":-1},"geometry":{"type":"Polygon","coordinates":[[[17.18097125819597,51.13708500000002],[17.18097125819597,51.146078203637266],[17.189964461833217,51.146078203637266],[17.189964461833217,51.13708500000002],[17.18097125819597,51.13708500000002]]]}},{"type":"Feature","properties":{"jobs":44,"pop":273,"pointCount":3,"homeWorkCommuteMedian":5382,"workHomeCommuteMedian":24051},"geometry":{"type":"Polygon","coordinates":[[[17.18097125819597,51.16406461091176],[17.18097125819597,51.173057814549004],[17.189964461833217,51.173057814549004],[17.189964461833217,51.16406461091176],[17.18097125819597,51.16406461091176]]]}},{"type":"Feature","properties":{"jobs":1346,"pop":295,"pointCount":6,"homeWorkCommuteMedian":4830,"workHomeCommuteMedian":7323},"geometry":{"type":"Polygon","coordinates":[[[17.18097125819597,51.173057814549004],[17.18097125819597,51.18205101818625],[17.189964461833217,51.18205101818625],[17.189964461833217,51.173057814549004],[17.18097125819597,51.173057814549004]]]}},{"type":"Feature","properties":{"jobs":87,"pop":511,"pointCount":5,"homeWorkCommuteMedian":8708,"workHomeCommuteMedian":3459},"geometry":{"type":"Polygon","coordinates":[[[17.18097125819597,51.18205101818625],[17.18097125819597,51.191044221823496],[17.189964461833217,51.191044221823496],[17.189964461833217,51.18205101818625],[17.18097125819597,51.18205101818625]]]}},{"type":"Feature","properties":{"jobs":185,"pop":182,"pointCount":7,"homeWorkCommuteMedian":4417,"workHomeCommuteMedian":17467},"geometry":{"type":"Polygon","coordinates":[[[17.18097125819597,51.191044221823496],[17.18097125819597,51.20003742546074],[17.189964461833217,51.20003742546074],[17.189964461833217,51.191044221823496],[17.18097125819597,51.191044221823496]]]}},{"type":"Feature","properties":{"jobs":0,"pop":51,"pointCount":2,"homeWorkCommuteMedian":10330,"workHomeCommuteMedian":-1},"geometry":{"type":"Polygon","coordinates":[[[17.18097125819597,51.218023832735234],[17.18097125819597,51.22701703637248],[17.189964461833217,51.22701703637248],[17.189964461833217,51.218023832735234],[17.18097125819597,51.218023832735234]]]}},{"type":"Feature","properties":{"jobs":80,"pop":89,"pointCount":5,"homeWorkCommuteMedian":22500,"workHomeCommuteMedian":25062},"geometry":{"type":"Polygon","coordinates":[[[17.18097125819597,51.22701703637248],[17.18097125819597,51.236010240009726],[17.189964461833217,51.236010240009726],[17.189964461833217,51.22701703637248],[17.18097125819597,51.22701703637248]]]}},{"type":"Feature","properties":{"jobs":41,"pop":85,"pointCount":3,"homeWorkCommuteMedian":14124,"workHomeCommuteMedian":25785},"geometry":{"type":"Polygon","coordinates":[[[17.18097125819597,51.236010240009726],[17.18097125819597,51.24500344364697],[17.189964461833217,51.24500344364697],[17.189964461833217,51.236010240009726],[17.18097125819597,51.236010240009726]]]}},{"type":"Feature","properties":{"jobs":0,"pop":38,"pointCount":1,"homeWorkCommuteMedian":13744,"workHomeCommuteMedian":-1},"geometry":{"type":"Polygon","coordinates":[[[17.18097125819597,51.25399664728422],[17.18097125819597,51.262989850921464],[17.189964461833217,51.262989850921464],[17.189964461833217,51.25399664728422],[17.18097125819597,51.25399664728422]]]}},{"type":"Feature","properties":{"jobs":21,"pop":41,"pointCount":2,"homeWorkCommuteMedian":16685,"workHomeCommuteMedian":31787},"geometry":{"type":"Polygon","coordinates":[[[17.18097125819597,51.262989850921464],[17.18097125819597,51.27198305455871],[17.189964461833217,51.27198305455871],[17.189964461833217,51.262989850921464],[17.18097125819597,51.262989850921464]]]}},{"type":"Feature","properties":{"jobs":26,"pop":79,"pointCount":2,"homeWorkCommuteMedian":8984,"workHomeCommuteMedian":35790},"geometry":{"type":"Polygon","coordinates":[[[17.18097125819597,51.29896266547045],[17.18097125819597,51.307955869107694],[17.189964461833217,51.307955869107694],[17.189964461833217,51.29896266547045],[17.18097125819597,51.29896266547045]]]}},{"type":"Feature","properties":{"jobs":36,"pop":0,"pointCount":1,"homeWorkCommuteMedian":-1,"workHomeCommuteMedian":47034},"geometry":{"type":"Polygon","coordinates":[[[17.18097125819597,51.307955869107694],[17.18097125819597,51.31694907274494],[17.189964461833217,51.31694907274494],[17.189964461833217,51.307955869107694],[17.18097125819597,51.307955869107694]]]}},{"type":"Feature","properties":{"jobs":0,"pop":32,"pointCount":1,"homeWorkCommuteMedian":4628,"workHomeCommuteMedian":-1},"geometry":{"type":"Polygon","coordinates":[[[17.18097125819597,51.31694907274494],[17.18097125819597,51.325942276382186],[17.189964461833217,51.325942276382186],[17.189964461833217,51.31694907274494],[17.18097125819597,51.31694907274494]]]}},{"type":"Feature","properties":{"jobs":0,"pop":30,"pointCount":1,"homeWorkCommuteMedian":2543,"workHomeCommuteMedian":-1},"geometry":{"type":"Polygon","coordinates":[[[17.18097125819597,51.325942276382186],[17.18097125819597,51.33493548001943],[17.189964461833217,51.33493548001943],[17.189964461833217,51.325942276382186],[17.18097125819597,51.325942276382186]]]}},{"type":"Feature","properties":{"jobs":27,"pop":45,"pointCount":2,"homeWorkCommuteMedian":5760,"workHomeCommuteMedian":4425},"geometry":{"type":"Polygon","coordinates":[[[17.18097125819597,51.34392868365668],[17.18097125819597,51.352921887293924],[17.189964461833217,51.352921887293924],[17.189964461833217,51.34392868365668],[17.18097125819597,51.34392868365668]]]}},{"type":"Feature","properties":{"jobs":57,"pop":157,"pointCount":3,"homeWorkCommuteMedian":12509,"workHomeCommuteMedian":6782},"geometry":{"type":"Polygon","coordinates":[[[17.18097125819597,51.370908294568416],[17.18097125819597,51.37990149820566],[17.189964461833217,51.37990149820566],[17.189964461833217,51.370908294568416],[17.18097125819597,51.370908294568416]]]}},{"type":"Feature","properties":{"jobs":65,"pop":56,"pointCount":3,"homeWorkCommuteMedian":13410,"workHomeCommuteMedian":12009},"geometry":{"type":"Polygon","coordinates":[[[17.18097125819597,51.37990149820566],[17.18097125819597,51.38889470184291],[17.189964461833217,51.38889470184291],[17.189964461833217,51.37990149820566],[17.18097125819597,51.37990149820566]]]}},{"type":"Feature","properties":{"jobs":87,"pop":87,"pointCount":3,"homeWorkCommuteMedian":13636,"workHomeCommuteMedian":6666},"geometry":{"type":"Polygon","coordinates":[[[17.189964461833217,50.858295687245395],[17.189964461833217,50.86728889088264],[17.198957665470463,50.86728889088264],[17.198957665470463,50.858295687245395],[17.189964461833217,50.858295687245395]]]}},{"type":"Feature","properties":{"jobs":116,"pop":0,"pointCount":1,"homeWorkCommuteMedian":-1,"workHomeCommuteMedian":11423},"geometry":{"type":"Polygon","coordinates":[[[17.189964461833217,50.86728889088264],[17.189964461833217,50.87628209451989],[17.198957665470463,50.87628209451989],[17.198957665470463,50.86728889088264],[17.189964461833217,50.86728889088264]]]}},{"type":"Feature","properties":{"jobs":55,"pop":0,"pointCount":1,"homeWorkCommuteMedian":-1,"workHomeCommuteMedian":88753},"geometry":{"type":"Polygon","coordinates":[[[17.189964461833217,50.87628209451989],[17.189964461833217,50.88527529815713],[17.198957665470463,50.88527529815713],[17.198957665470463,50.87628209451989],[17.189964461833217,50.87628209451989]]]}},{"type":"Feature","properties":{"jobs":28,"pop":0,"pointCount":1,"homeWorkCommuteMedian":-1,"workHomeCommuteMedian":36210},"geometry":{"type":"Polygon","coordinates":[[[17.189964461833217,50.88527529815713],[17.189964461833217,50.89426850179438],[17.198957665470463,50.89426850179438],[17.198957665470463,50.88527529815713],[17.189964461833217,50.88527529815713]]]}},{"type":"Feature","properties":{"jobs":97,"pop":153,"pointCount":5,"homeWorkCommuteMedian":11977,"workHomeCommuteMedian":26460},"geometry":{"type":"Polygon","coordinates":[[[17.189964461833217,50.9572209272551],[17.189964461833217,50.96621413089235],[17.198957665470463,50.96621413089235],[17.198957665470463,50.9572209272551],[17.189964461833217,50.9572209272551]]]}},{"type":"Feature","properties":{"jobs":0,"pop":54,"pointCount":1,"homeWorkCommuteMedian":4738,"workHomeCommuteMedian":-1},"geometry":{"type":"Polygon","coordinates":[[[17.189964461833217,50.98420053816684],[17.189964461833217,50.993193741804085],[17.198957665470463,50.993193741804085],[17.198957665470463,50.98420053816684],[17.189964461833217,50.98420053816684]]]}},{"type":"Feature","properties":{"jobs":48,"pop":120,"pointCount":4,"homeWorkCommuteMedian":6657,"workHomeCommuteMedian":3583},"geometry":{"type":"Polygon","coordinates":[[[17.189964461833217,50.993193741804085],[17.189964461833217,51.00218694544133],[17.198957665470463,51.00218694544133],[17.198957665470463,50.993193741804085],[17.189964461833217,50.993193741804085]]]}},{"type":"Feature","properties":{"jobs":0,"pop":127,"pointCount":1,"homeWorkCommuteMedian":18554,"workHomeCommuteMedian":-1},"geometry":{"type":"Polygon","coordinates":[[[17.189964461833217,51.04715296362756],[17.189964461833217,51.05614616726481],[17.198957665470463,51.05614616726481],[17.198957665470463,51.04715296362756],[17.189964461833217,51.04715296362756]]]}},{"type":"Feature","properties":{"jobs":74,"pop":217,"pointCount":8,"homeWorkCommuteMedian":5279,"workHomeCommuteMedian":6535},"geometry":{"type":"Polygon","coordinates":[[[17.189964461833217,51.05614616726481],[17.189964461833217,51.06513937090205],[17.198957665470463,51.06513937090205],[17.198957665470463,51.05614616726481],[17.189964461833217,51.05614616726481]]]}},{"type":"Feature","properties":{"jobs":674,"pop":60,"pointCount":4,"homeWorkCommuteMedian":5244,"workHomeCommuteMedian":8159},"geometry":{"type":"Polygon","coordinates":[[[17.189964461833217,51.06513937090205],[17.189964461833217,51.0741325745393],[17.198957665470463,51.0741325745393],[17.198957665470463,51.06513937090205],[17.189964461833217,51.06513937090205]]]}},{"type":"Feature","properties":{"jobs":0,"pop":181,"pointCount":4,"homeWorkCommuteMedian":2872,"workHomeCommuteMedian":-1},"geometry":{"type":"Polygon","coordinates":[[[17.189964461833217,51.083125778176544],[17.189964461833217,51.09211898181379],[17.198957665470463,51.09211898181379],[17.198957665470463,51.083125778176544],[17.189964461833217,51.083125778176544]]]}},{"type":"Feature","properties":{"jobs":257,"pop":445,"pointCount":10,"homeWorkCommuteMedian":2500,"workHomeCommuteMedian":14446},"geometry":{"type":"Polygon","coordinates":[[[17.189964461833217,51.09211898181379],[17.189964461833217,51.101112185451036],[17.198957665470463,51.101112185451036],[17.198957665470463,51.09211898181379],[17.189964461833217,51.09211898181379]]]}},{"type":"Feature","properties":{"jobs":75,"pop":115,"pointCount":3,"homeWorkCommuteMedian":10676,"workHomeCommuteMedian":7541},"geometry":{"type":"Polygon","coordinates":[[[17.189964461833217,51.101112185451036],[17.189964461833217,51.11010538908828],[17.198957665470463,51.11010538908828],[17.198957665470463,51.101112185451036],[17.189964461833217,51.101112185451036]]]}},{"type":"Feature","properties":{"jobs":0,"pop":191,"pointCount":1,"homeWorkCommuteMedian":39245,"workHomeCommuteMedian":-1},"geometry":{"type":"Polygon","coordinates":[[[17.189964461833217,51.128091796362774],[17.189964461833217,51.13708500000002],[17.198957665470463,51.13708500000002],[17.198957665470463,51.128091796362774],[17.189964461833217,51.128091796362774]]]}},{"type":"Feature","properties":{"jobs":199,"pop":107,"pointCount":4,"homeWorkCommuteMedian":12488,"workHomeCommuteMedian":15196},"geometry":{"type":"Polygon","coordinates":[[[17.189964461833217,51.13708500000002],[17.189964461833217,51.146078203637266],[17.198957665470463,51.146078203637266],[17.198957665470463,51.13708500000002],[17.189964461833217,51.13708500000002]]]}},{"type":"Feature","properties":{"jobs":51,"pop":283,"pointCount":4,"homeWorkCommuteMedian":3396,"workHomeCommuteMedian":10295},"geometry":{"type":"Polygon","coordinates":[[[17.189964461833217,51.16406461091176],[17.189964461833217,51.173057814549004],[17.198957665470463,51.173057814549004],[17.198957665470463,51.16406461091176],[17.189964461833217,51.16406461091176]]]}},{"type":"Feature","properties":{"jobs":1277,"pop":515,"pointCount":8,"homeWorkCommuteMedian":4490,"workHomeCommuteMedian":9534},"geometry":{"type":"Polygon","coordinates":[[[17.189964461833217,51.173057814549004],[17.189964461833217,51.18205101818625],[17.198957665470463,51.18205101818625],[17.198957665470463,51.173057814549004],[17.189964461833217,51.173057814549004]]]}},{"type":"Feature","properties":{"jobs":76,"pop":0,"pointCount":1,"homeWorkCommuteMedian":-1,"workHomeCommuteMedian":20909},"geometry":{"type":"Polygon","coordinates":[[[17.189964461833217,51.191044221823496],[17.189964461833217,51.20003742546074],[17.198957665470463,51.20003742546074],[17.198957665470463,51.191044221823496],[17.189964461833217,51.191044221823496]]]}},{"type":"Feature","properties":{"jobs":44,"pop":34,"pointCount":2,"homeWorkCommuteMedian":31052,"workHomeCommuteMedian":32038},"geometry":{"type":"Polygon","coordinates":[[[17.189964461833217,51.24500344364697],[17.189964461833217,51.25399664728422],[17.198957665470463,51.25399664728422],[17.198957665470463,51.24500344364697],[17.189964461833217,51.24500344364697]]]}},{"type":"Feature","properties":{"jobs":66,"pop":24,"pointCount":2,"homeWorkCommuteMedian":36857,"workHomeCommuteMedian":9186},"geometry":{"type":"Polygon","coordinates":[[[17.189964461833217,51.29896266547045],[17.189964461833217,51.307955869107694],[17.198957665470463,51.307955869107694],[17.198957665470463,51.29896266547045],[17.189964461833217,51.29896266547045]]]}},{"type":"Feature","properties":{"jobs":510,"pop":222,"pointCount":10,"homeWorkCommuteMedian":1164,"workHomeCommuteMedian":5326},"geometry":{"type":"Polygon","coordinates":[[[17.189964461833217,51.307955869107694],[17.189964461833217,51.31694907274494],[17.198957665470463,51.31694907274494],[17.198957665470463,51.307955869107694],[17.189964461833217,51.307955869107694]]]}},{"type":"Feature","properties":{"jobs":102,"pop":97,"pointCount":6,"homeWorkCommuteMedian":22989,"workHomeCommuteMedian":37764},"geometry":{"type":"Polygon","coordinates":[[[17.189964461833217,51.31694907274494],[17.189964461833217,51.325942276382186],[17.198957665470463,51.325942276382186],[17.198957665470463,51.31694907274494],[17.189964461833217,51.31694907274494]]]}},{"type":"Feature","properties":{"jobs":0,"pop":27,"pointCount":1,"homeWorkCommuteMedian":6227,"workHomeCommuteMedian":-1},"geometry":{"type":"Polygon","coordinates":[[[17.189964461833217,51.352921887293924],[17.189964461833217,51.36191509093117],[17.198957665470463,51.36191509093117],[17.198957665470463,51.352921887293924],[17.189964461833217,51.352921887293924]]]}},{"type":"Feature","properties":{"jobs":106,"pop":35,"pointCount":2,"homeWorkCommuteMedian":16198,"workHomeCommuteMedian":21900},"geometry":{"type":"Polygon","coordinates":[[[17.189964461833217,51.397887905480154],[17.189964461833217,51.4068811091174],[17.198957665470463,51.4068811091174],[17.198957665470463,51.397887905480154],[17.189964461833217,51.397887905480154]]]}},{"type":"Feature","properties":{"jobs":50,"pop":0,"pointCount":2,"homeWorkCommuteMedian":-1,"workHomeCommuteMedian":45864},"geometry":{"type":"Polygon","coordinates":[[[17.189964461833217,51.4068811091174],[17.189964461833217,51.415874312754646],[17.198957665470463,51.415874312754646],[17.198957665470463,51.4068811091174],[17.189964461833217,51.4068811091174]]]}},{"type":"Feature","properties":{"jobs":23,"pop":30,"pointCount":2,"homeWorkCommuteMedian":13325,"workHomeCommuteMedian":2382},"geometry":{"type":"Polygon","coordinates":[[[17.198957665470463,50.88527529815713],[17.198957665470463,50.89426850179438],[17.20795086910771,50.89426850179438],[17.20795086910771,50.88527529815713],[17.198957665470463,50.88527529815713]]]}},{"type":"Feature","properties":{"jobs":0,"pop":36,"pointCount":1,"homeWorkCommuteMedian":5237,"workHomeCommuteMedian":-1},"geometry":{"type":"Polygon","coordinates":[[[17.198957665470463,50.9572209272551],[17.198957665470463,50.96621413089235],[17.20795086910771,50.96621413089235],[17.20795086910771,50.9572209272551],[17.198957665470463,50.9572209272551]]]}},{"type":"Feature","properties":{"jobs":93,"pop":0,"pointCount":1,"homeWorkCommuteMedian":-1,"workHomeCommuteMedian":23052},"geometry":{"type":"Polygon","coordinates":[[[17.198957665470463,50.97520733452959],[17.198957665470463,50.98420053816684],[17.20795086910771,50.98420053816684],[17.20795086910771,50.97520733452959],[17.198957665470463,50.97520733452959]]]}},{"type":"Feature","properties":{"jobs":44,"pop":72,"pointCount":2,"homeWorkCommuteMedian":3392,"workHomeCommuteMedian":5237},"geometry":{"type":"Polygon","coordinates":[[[17.198957665470463,50.993193741804085],[17.198957665470463,51.00218694544133],[17.20795086910771,51.00218694544133],[17.20795086910771,50.993193741804085],[17.198957665470463,50.993193741804085]]]}},{"type":"Feature","properties":{"jobs":33,"pop":0,"pointCount":1,"homeWorkCommuteMedian":-1,"workHomeCommuteMedian":5547},"geometry":{"type":"Polygon","coordinates":[[[17.198957665470463,51.02017335271582],[17.198957665470463,51.02916655635307],[17.20795086910771,51.02916655635307],[17.20795086910771,51.02017335271582],[17.198957665470463,51.02017335271582]]]}},{"type":"Feature","properties":{"jobs":153,"pop":160,"pointCount":4,"homeWorkCommuteMedian":4220,"workHomeCommuteMedian":12728},"geometry":{"type":"Polygon","coordinates":[[[17.198957665470463,51.04715296362756],[17.198957665470463,51.05614616726481],[17.20795086910771,51.05614616726481],[17.20795086910771,51.04715296362756],[17.198957665470463,51.04715296362756]]]}},{"type":"Feature","properties":{"jobs":415,"pop":202,"pointCount":6,"homeWorkCommuteMedian":5220,"workHomeCommuteMedian":7451},"geometry":{"type":"Polygon","coordinates":[[[17.198957665470463,51.05614616726481],[17.198957665470463,51.06513937090205],[17.20795086910771,51.06513937090205],[17.20795086910771,51.05614616726481],[17.198957665470463,51.05614616726481]]]}},{"type":"Feature","properties":{"jobs":20,"pop":0,"pointCount":1,"homeWorkCommuteMedian":-1,"workHomeCommuteMedian":19296},"geometry":{"type":"Polygon","coordinates":[[[17.198957665470463,51.06513937090205],[17.198957665470463,51.0741325745393],[17.20795086910771,51.0741325745393],[17.20795086910771,51.06513937090205],[17.198957665470463,51.06513937090205]]]}},{"type":"Feature","properties":{"jobs":71,"pop":369,"pointCount":2,"homeWorkCommuteMedian":15541,"workHomeCommuteMedian":17288},"geometry":{"type":"Polygon","coordinates":[[[17.198957665470463,51.083125778176544],[17.198957665470463,51.09211898181379],[17.20795086910771,51.09211898181379],[17.20795086910771,51.083125778176544],[17.198957665470463,51.083125778176544]]]}},{"type":"Feature","properties":{"jobs":0,"pop":215,"pointCount":5,"homeWorkCommuteMedian":6586,"workHomeCommuteMedian":-1},"geometry":{"type":"Polygon","coordinates":[[[17.198957665470463,51.09211898181379],[17.198957665470463,51.101112185451036],[17.20795086910771,51.101112185451036],[17.20795086910771,51.09211898181379],[17.198957665470463,51.09211898181379]]]}},{"type":"Feature","properties":{"jobs":0,"pop":140,"pointCount":3,"homeWorkCommuteMedian":14161,"workHomeCommuteMedian":-1},"geometry":{"type":"Polygon","coordinates":[[[17.198957665470463,51.101112185451036],[17.198957665470463,51.11010538908828],[17.20795086910771,51.11010538908828],[17.20795086910771,51.101112185451036],[17.198957665470463,51.101112185451036]]]}},{"type":"Feature","properties":{"jobs":0,"pop":53,"pointCount":1,"homeWorkCommuteMedian":9112,"workHomeCommuteMedian":-1},"geometry":{"type":"Polygon","coordinates":[[[17.198957665470463,51.11909859272553],[17.198957665470463,51.128091796362774],[17.20795086910771,51.128091796362774],[17.20795086910771,51.11909859272553],[17.198957665470463,51.11909859272553]]]}},{"type":"Feature","properties":{"jobs":0,"pop":148,"pointCount":2,"homeWorkCommuteMedian":4477,"workHomeCommuteMedian":-1},"geometry":{"type":"Polygon","coordinates":[[[17.198957665470463,51.16406461091176],[17.198957665470463,51.173057814549004],[17.20795086910771,51.173057814549004],[17.20795086910771,51.16406461091176],[17.198957665470463,51.16406461091176]]]}},{"type":"Feature","properties":{"jobs":691,"pop":299,"pointCount":6,"homeWorkCommuteMedian":3685,"workHomeCommuteMedian":8582},"geometry":{"type":"Polygon","coordinates":[[[17.198957665470463,51.173057814549004],[17.198957665470463,51.18205101818625],[17.20795086910771,51.18205101818625],[17.20795086910771,51.173057814549004],[17.198957665470463,51.173057814549004]]]}},{"type":"Feature","properties":{"jobs":39,"pop":0,"pointCount":1,"homeWorkCommuteMedian":-1,"workHomeCommuteMedian":16302},"geometry":{"type":"Polygon","coordinates":[[[17.198957665470463,51.20003742546074],[17.198957665470463,51.20903062909799],[17.20795086910771,51.20903062909799],[17.20795086910771,51.20003742546074],[17.198957665470463,51.20003742546074]]]}},{"type":"Feature","properties":{"jobs":154,"pop":42,"pointCount":2,"homeWorkCommuteMedian":395,"workHomeCommuteMedian":10780},"geometry":{"type":"Polygon","coordinates":[[[17.198957665470463,51.20903062909799],[17.198957665470463,51.218023832735234],[17.20795086910771,51.218023832735234],[17.20795086910771,51.20903062909799],[17.198957665470463,51.20903062909799]]]}},{"type":"Feature","properties":{"jobs":75,"pop":113,"pointCount":3,"homeWorkCommuteMedian":7088,"workHomeCommuteMedian":26331},"geometry":{"type":"Polygon","coordinates":[[[17.198957665470463,51.218023832735234],[17.198957665470463,51.22701703637248],[17.20795086910771,51.22701703637248],[17.20795086910771,51.218023832735234],[17.198957665470463,51.218023832735234]]]}},{"type":"Feature","properties":{"jobs":0,"pop":146,"pointCount":2,"homeWorkCommuteMedian":27778,"workHomeCommuteMedian":-1},"geometry":{"type":"Polygon","coordinates":[[[17.198957665470463,51.236010240009726],[17.198957665470463,51.24500344364697],[17.20795086910771,51.24500344364697],[17.20795086910771,51.236010240009726],[17.198957665470463,51.236010240009726]]]}},{"type":"Feature","properties":{"jobs":0,"pop":25,"pointCount":1,"homeWorkCommuteMedian":14244,"workHomeCommuteMedian":-1},"geometry":{"type":"Polygon","coordinates":[[[17.198957665470463,51.24500344364697],[17.198957665470463,51.25399664728422],[17.20795086910771,51.25399664728422],[17.20795086910771,51.24500344364697],[17.198957665470463,51.24500344364697]]]}},{"type":"Feature","properties":{"jobs":39,"pop":117,"pointCount":4,"homeWorkCommuteMedian":1655,"workHomeCommuteMedian":26497},"geometry":{"type":"Polygon","coordinates":[[[17.198957665470463,51.307955869107694],[17.198957665470463,51.31694907274494],[17.20795086910771,51.31694907274494],[17.20795086910771,51.307955869107694],[17.198957665470463,51.307955869107694]]]}},{"type":"Feature","properties":{"jobs":215,"pop":43,"pointCount":2,"homeWorkCommuteMedian":1440,"workHomeCommuteMedian":4617},"geometry":{"type":"Polygon","coordinates":[[[17.198957665470463,51.31694907274494],[17.198957665470463,51.325942276382186],[17.20795086910771,51.325942276382186],[17.20795086910771,51.31694907274494],[17.198957665470463,51.31694907274494]]]}},{"type":"Feature","properties":{"jobs":0,"pop":42,"pointCount":1,"homeWorkCommuteMedian":24133,"workHomeCommuteMedian":-1},"geometry":{"type":"Polygon","coordinates":[[[17.198957665470463,51.325942276382186],[17.198957665470463,51.33493548001943],[17.20795086910771,51.33493548001943],[17.20795086910771,51.325942276382186],[17.198957665470463,51.325942276382186]]]}},{"type":"Feature","properties":{"jobs":0,"pop":32,"pointCount":1,"homeWorkCommuteMedian":3398,"workHomeCommuteMedian":-1},"geometry":{"type":"Polygon","coordinates":[[[17.198957665470463,51.397887905480154],[17.198957665470463,51.4068811091174],[17.20795086910771,51.4068811091174],[17.20795086910771,51.397887905480154],[17.198957665470463,51.397887905480154]]]}},{"type":"Feature","properties":{"jobs":46,"pop":27,"pointCount":2,"homeWorkCommuteMedian":12922,"workHomeCommuteMedian":15933},"geometry":{"type":"Polygon","coordinates":[[[17.198957665470463,51.4068811091174],[17.198957665470463,51.415874312754646],[17.20795086910771,51.415874312754646],[17.20795086910771,51.4068811091174],[17.198957665470463,51.4068811091174]]]}},{"type":"Feature","properties":{"jobs":76,"pop":108,"pointCount":2,"homeWorkCommuteMedian":28495,"workHomeCommuteMedian":7388},"geometry":{"type":"Polygon","coordinates":[[[17.20795086910771,50.92124811270612],[17.20795086910771,50.93024131634336],[17.216944072744955,50.93024131634336],[17.216944072744955,50.92124811270612],[17.20795086910771,50.92124811270612]]]}},{"type":"Feature","properties":{"jobs":0,"pop":42,"pointCount":1,"homeWorkCommuteMedian":2519,"workHomeCommuteMedian":-1},"geometry":{"type":"Polygon","coordinates":[[[17.20795086910771,50.96621413089235],[17.20795086910771,50.97520733452959],[17.216944072744955,50.97520733452959],[17.216944072744955,50.96621413089235],[17.20795086910771,50.96621413089235]]]}},{"type":"Feature","properties":{"jobs":37,"pop":0,"pointCount":1,"homeWorkCommuteMedian":-1,"workHomeCommuteMedian":6051},"geometry":{"type":"Polygon","coordinates":[[[17.20795086910771,50.97520733452959],[17.20795086910771,50.98420053816684],[17.216944072744955,50.98420053816684],[17.216944072744955,50.97520733452959],[17.20795086910771,50.97520733452959]]]}},{"type":"Feature","properties":{"jobs":53,"pop":84,"pointCount":3,"homeWorkCommuteMedian":17124,"workHomeCommuteMedian":1787},"geometry":{"type":"Polygon","coordinates":[[[17.20795086910771,50.98420053816684],[17.20795086910771,50.993193741804085],[17.216944072744955,50.993193741804085],[17.216944072744955,50.98420053816684],[17.20795086910771,50.98420053816684]]]}},{"type":"Feature","properties":{"jobs":0,"pop":108,"pointCount":3,"homeWorkCommuteMedian":8046,"workHomeCommuteMedian":-1},"geometry":{"type":"Polygon","coordinates":[[[17.20795086910771,51.02017335271582],[17.20795086910771,51.02916655635307],[17.216944072744955,51.02916655635307],[17.216944072744955,51.02017335271582],[17.20795086910771,51.02017335271582]]]}},{"type":"Feature","properties":{"jobs":81,"pop":67,"pointCount":3,"homeWorkCommuteMedian":17535,"workHomeCommuteMedian":7436},"geometry":{"type":"Polygon","coordinates":[[[17.20795086910771,51.04715296362756],[17.20795086910771,51.05614616726481],[17.216944072744955,51.05614616726481],[17.216944072744955,51.04715296362756],[17.20795086910771,51.04715296362756]]]}},{"type":"Feature","properties":{"jobs":36,"pop":289,"pointCount":5,"homeWorkCommuteMedian":9905,"workHomeCommuteMedian":36525},"geometry":{"type":"Polygon","coordinates":[[[17.20795086910771,51.083125778176544],[17.20795086910771,51.09211898181379],[17.216944072744955,51.09211898181379],[17.216944072744955,51.083125778176544],[17.20795086910771,51.083125778176544]]]}},{"type":"Feature","properties":{"jobs":0,"pop":321,"pointCount":7,"homeWorkCommuteMedian":4163,"workHomeCommuteMedian":-1},"geometry":{"type":"Polygon","coordinates":[[[17.20795086910771,51.09211898181379],[17.20795086910771,51.101112185451036],[17.216944072744955,51.101112185451036],[17.216944072744955,51.09211898181379],[17.20795086910771,51.09211898181379]]]}},{"type":"Feature","properties":{"jobs":138,"pop":129,"pointCount":6,"homeWorkCommuteMedian":7901,"workHomeCommuteMedian":21245},"geometry":{"type":"Polygon","coordinates":[[[17.20795086910771,51.11909859272553],[17.20795086910771,51.128091796362774],[17.216944072744955,51.128091796362774],[17.216944072744955,51.11909859272553],[17.20795086910771,51.11909859272553]]]}},{"type":"Feature","properties":{"jobs":0,"pop":55,"pointCount":2,"homeWorkCommuteMedian":9515,"workHomeCommuteMedian":-1},"geometry":{"type":"Polygon","coordinates":[[[17.20795086910771,51.128091796362774],[17.20795086910771,51.13708500000002],[17.216944072744955,51.13708500000002],[17.216944072744955,51.128091796362774],[17.20795086910771,51.128091796362774]]]}},{"type":"Feature","properties":{"jobs":163,"pop":108,"pointCount":5,"homeWorkCommuteMedian":15490,"workHomeCommuteMedian":18862},"geometry":{"type":"Polygon","coordinates":[[[17.20795086910771,51.13708500000002],[17.20795086910771,51.146078203637266],[17.216944072744955,51.146078203637266],[17.216944072744955,51.13708500000002],[17.20795086910771,51.13708500000002]]]}},{"type":"Feature","properties":{"jobs":0,"pop":33,"pointCount":1,"homeWorkCommuteMedian":8964,"workHomeCommuteMedian":-1},"geometry":{"type":"Polygon","coordinates":[[[17.20795086910771,51.15507140727451],[17.20795086910771,51.16406461091176],[17.216944072744955,51.16406461091176],[17.216944072744955,51.15507140727451],[17.20795086910771,51.15507140727451]]]}},{"type":"Feature","properties":{"jobs":103,"pop":81,"pointCount":4,"homeWorkCommuteMedian":18464,"workHomeCommuteMedian":10464},"geometry":{"type":"Polygon","coordinates":[[[17.20795086910771,51.16406461091176],[17.20795086910771,51.173057814549004],[17.216944072744955,51.173057814549004],[17.216944072744955,51.16406461091176],[17.20795086910771,51.16406461091176]]]}},{"type":"Feature","properties":{"jobs":1391,"pop":0,"pointCount":4,"homeWorkCommuteMedian":-1,"workHomeCommuteMedian":8312},"geometry":{"type":"Polygon","coordinates":[[[17.20795086910771,51.173057814549004],[17.20795086910771,51.18205101818625],[17.216944072744955,51.18205101818625],[17.216944072744955,51.173057814549004],[17.20795086910771,51.173057814549004]]]}},{"type":"Feature","properties":{"jobs":119,"pop":0,"pointCount":2,"homeWorkCommuteMedian":-1,"workHomeCommuteMedian":17384},"geometry":{"type":"Polygon","coordinates":[[[17.20795086910771,51.18205101818625],[17.20795086910771,51.191044221823496],[17.216944072744955,51.191044221823496],[17.216944072744955,51.18205101818625],[17.20795086910771,51.18205101818625]]]}},{"type":"Feature","properties":{"jobs":51,"pop":0,"pointCount":1,"homeWorkCommuteMedian":-1,"workHomeCommuteMedian":6495},"geometry":{"type":"Polygon","coordinates":[[[17.20795086910771,51.20903062909799],[17.20795086910771,51.218023832735234],[17.216944072744955,51.218023832735234],[17.216944072744955,51.20903062909799],[17.20795086910771,51.20903062909799]]]}},{"type":"Feature","properties":{"jobs":39,"pop":41,"pointCount":2,"homeWorkCommuteMedian":4040,"workHomeCommuteMedian":27993},"geometry":{"type":"Polygon","coordinates":[[[17.20795086910771,51.22701703637248],[17.20795086910771,51.236010240009726],[17.216944072744955,51.236010240009726],[17.216944072744955,51.22701703637248],[17.20795086910771,51.22701703637248]]]}},{"type":"Feature","properties":{"jobs":20,"pop":35,"pointCount":2,"homeWorkCommuteMedian":40091,"workHomeCommuteMedian":24572},"geometry":{"type":"Polygon","coordinates":[[[17.20795086910771,51.236010240009726],[17.20795086910771,51.24500344364697],[17.216944072744955,51.24500344364697],[17.216944072744955,51.236010240009726],[17.20795086910771,51.236010240009726]]]}},{"type":"Feature","properties":{"jobs":0,"pop":73,"pointCount":2,"homeWorkCommuteMedian":8090,"workHomeCommuteMedian":-1},"geometry":{"type":"Polygon","coordinates":[[[17.20795086910771,51.27198305455871],[17.20795086910771,51.280976258195956],[17.216944072744955,51.280976258195956],[17.216944072744955,51.27198305455871],[17.20795086910771,51.27198305455871]]]}},{"type":"Feature","properties":{"jobs":24,"pop":57,"pointCount":2,"homeWorkCommuteMedian":19403,"workHomeCommuteMedian":36693},"geometry":{"type":"Polygon","coordinates":[[[17.20795086910771,51.2899694618332],[17.20795086910771,51.29896266547045],[17.216944072744955,51.29896266547045],[17.216944072744955,51.2899694618332],[17.20795086910771,51.2899694618332]]]}},{"type":"Feature","properties":{"jobs":63,"pop":71,"pointCount":2,"homeWorkCommuteMedian":35828,"workHomeCommuteMedian":41178},"geometry":{"type":"Polygon","coordinates":[[[17.20795086910771,51.307955869107694],[17.20795086910771,51.31694907274494],[17.216944072744955,51.31694907274494],[17.216944072744955,51.307955869107694],[17.20795086910771,51.307955869107694]]]}},{"type":"Feature","properties":{"jobs":42,"pop":36,"pointCount":1,"homeWorkCommuteMedian":9111,"workHomeCommuteMedian":36960},"geometry":{"type":"Polygon","coordinates":[[[17.216944072744955,50.903261705431625],[17.216944072744955,50.91225490906887],[17.2259372763822,50.91225490906887],[17.2259372763822,50.903261705431625],[17.216944072744955,50.903261705431625]]]}},{"type":"Feature","properties":{"jobs":30,"pop":123,"pointCount":3,"homeWorkCommuteMedian":21282,"workHomeCommuteMedian":24744},"geometry":{"type":"Polygon","coordinates":[[[17.216944072744955,50.948227723617855],[17.216944072744955,50.9572209272551],[17.2259372763822,50.9572209272551],[17.2259372763822,50.948227723617855],[17.216944072744955,50.948227723617855]]]}},{"type":"Feature","properties":{"jobs":0,"pop":46,"pointCount":2,"homeWorkCommuteMedian":25513,"workHomeCommuteMedian":-1},"geometry":{"type":"Polygon","coordinates":[[[17.216944072744955,50.96621413089235],[17.216944072744955,50.97520733452959],[17.2259372763822,50.97520733452959],[17.2259372763822,50.96621413089235],[17.216944072744955,50.96621413089235]]]}},{"type":"Feature","properties":{"jobs":0,"pop":21,"pointCount":1,"homeWorkCommuteMedian":1205,"workHomeCommuteMedian":-1},"geometry":{"type":"Polygon","coordinates":[[[17.216944072744955,50.97520733452959],[17.216944072744955,50.98420053816684],[17.2259372763822,50.98420053816684],[17.2259372763822,50.97520733452959],[17.216944072744955,50.97520733452959]]]}},{"type":"Feature","properties":{"jobs":65,"pop":277,"pointCount":6,"homeWorkCommuteMedian":21003,"workHomeCommuteMedian":41909},"geometry":{"type":"Polygon","coordinates":[[[17.216944072744955,50.98420053816684],[17.216944072744955,50.993193741804085],[17.2259372763822,50.993193741804085],[17.2259372763822,50.98420053816684],[17.216944072744955,50.98420053816684]]]}},{"type":"Feature","properties":{"jobs":54,"pop":77,"pointCount":4,"homeWorkCommuteMedian":7029,"workHomeCommuteMedian":11470},"geometry":{"type":"Polygon","coordinates":[[[17.216944072744955,51.02017335271582],[17.216944072744955,51.02916655635307],[17.2259372763822,51.02916655635307],[17.2259372763822,51.02017335271582],[17.216944072744955,51.02017335271582]]]}},{"type":"Feature","properties":{"jobs":216,"pop":75,"pointCount":5,"homeWorkCommuteMedian":4649,"workHomeCommuteMedian":18347},"geometry":{"type":"Polygon","coordinates":[[[17.216944072744955,51.04715296362756],[17.216944072744955,51.05614616726481],[17.2259372763822,51.05614616726481],[17.2259372763822,51.04715296362756],[17.216944072744955,51.04715296362756]]]}},{"type":"Feature","properties":{"jobs":90,"pop":195,"pointCount":5,"homeWorkCommuteMedian":5329,"workHomeCommuteMedian":16998},"geometry":{"type":"Polygon","coordinates":[[[17.216944072744955,51.05614616726481],[17.216944072744955,51.06513937090205],[17.2259372763822,51.06513937090205],[17.2259372763822,51.05614616726481],[17.216944072744955,51.05614616726481]]]}},{"type":"Feature","properties":{"jobs":60,"pop":51,"pointCount":3,"homeWorkCommuteMedian":6002,"workHomeCommuteMedian":20175},"geometry":{"type":"Polygon","coordinates":[[[17.216944072744955,51.06513937090205],[17.216944072744955,51.0741325745393],[17.2259372763822,51.0741325745393],[17.2259372763822,51.06513937090205],[17.216944072744955,51.06513937090205]]]}},{"type":"Feature","properties":{"jobs":20,"pop":68,"pointCount":1,"homeWorkCommuteMedian":26845,"workHomeCommuteMedian":26128},"geometry":{"type":"Polygon","coordinates":[[[17.216944072744955,51.0741325745393],[17.216944072744955,51.083125778176544],[17.2259372763822,51.083125778176544],[17.2259372763822,51.0741325745393],[17.216944072744955,51.0741325745393]]]}},{"type":"Feature","properties":{"jobs":53,"pop":136,"pointCount":7,"homeWorkCommuteMedian":7451,"workHomeCommuteMedian":18289},"geometry":{"type":"Polygon","coordinates":[[[17.216944072744955,51.083125778176544],[17.216944072744955,51.09211898181379],[17.2259372763822,51.09211898181379],[17.2259372763822,51.083125778176544],[17.216944072744955,51.083125778176544]]]}},{"type":"Feature","properties":{"jobs":99,"pop":164,"pointCount":6,"homeWorkCommuteMedian":11122,"workHomeCommuteMedian":18780},"geometry":{"type":"Polygon","coordinates":[[[17.216944072744955,51.09211898181379],[17.216944072744955,51.101112185451036],[17.2259372763822,51.101112185451036],[17.2259372763822,51.09211898181379],[17.216944072744955,51.09211898181379]]]}},{"type":"Feature","properties":{"jobs":0,"pop":51,"pointCount":1,"homeWorkCommuteMedian":11248,"workHomeCommuteMedian":-1},"geometry":{"type":"Polygon","coordinates":[[[17.216944072744955,51.11909859272553],[17.216944072744955,51.128091796362774],[17.2259372763822,51.128091796362774],[17.2259372763822,51.11909859272553],[17.216944072744955,51.11909859272553]]]}},{"type":"Feature","properties":{"jobs":0,"pop":234,"pointCount":4,"homeWorkCommuteMedian":6727,"workHomeCommuteMedian":-1},"geometry":{"type":"Polygon","coordinates":[[[17.216944072744955,51.13708500000002],[17.216944072744955,51.146078203637266],[17.2259372763822,51.146078203637266],[17.2259372763822,51.13708500000002],[17.216944072744955,51.13708500000002]]]}},{"type":"Feature","properties":{"jobs":0,"pop":61,"pointCount":2,"homeWorkCommuteMedian":9452,"workHomeCommuteMedian":-1},"geometry":{"type":"Polygon","coordinates":[[[17.216944072744955,51.15507140727451],[17.216944072744955,51.16406461091176],[17.2259372763822,51.16406461091176],[17.2259372763822,51.15507140727451],[17.216944072744955,51.15507140727451]]]}},{"type":"Feature","properties":{"jobs":0,"pop":283,"pointCount":4,"homeWorkCommuteMedian":5584,"workHomeCommuteMedian":-1},"geometry":{"type":"Polygon","coordinates":[[[17.216944072744955,51.16406461091176],[17.216944072744955,51.173057814549004],[17.2259372763822,51.173057814549004],[17.2259372763822,51.16406461091176],[17.216944072744955,51.16406461091176]]]}},{"type":"Feature","properties":{"jobs":683,"pop":0,"pointCount":6,"homeWorkCommuteMedian":-1,"workHomeCommuteMedian":19099},"geometry":{"type":"Polygon","coordinates":[[[17.216944072744955,51.18205101818625],[17.216944072744955,51.191044221823496],[17.2259372763822,51.191044221823496],[17.2259372763822,51.18205101818625],[17.216944072744955,51.18205101818625]]]}},{"type":"Feature","properties":{"jobs":0,"pop":36,"pointCount":1,"homeWorkCommuteMedian":8679,"workHomeCommuteMedian":-1},"geometry":{"type":"Polygon","coordinates":[[[17.216944072744955,51.20903062909799],[17.216944072744955,51.218023832735234],[17.2259372763822,51.218023832735234],[17.2259372763822,51.20903062909799],[17.216944072744955,51.20903062909799]]]}},{"type":"Feature","properties":{"jobs":0,"pop":25,"pointCount":1,"homeWorkCommuteMedian":32194,"workHomeCommuteMedian":-1},"geometry":{"type":"Polygon","coordinates":[[[17.216944072744955,51.22701703637248],[17.216944072744955,51.236010240009726],[17.2259372763822,51.236010240009726],[17.2259372763822,51.22701703637248],[17.216944072744955,51.22701703637248]]]}},{"type":"Feature","properties":{"jobs":0,"pop":30,"pointCount":1,"homeWorkCommuteMedian":28252,"workHomeCommuteMedian":-1},"geometry":{"type":"Polygon","coordinates":[[[17.216944072744955,51.25399664728422],[17.216944072744955,51.262989850921464],[17.2259372763822,51.262989850921464],[17.2259372763822,51.25399664728422],[17.216944072744955,51.25399664728422]]]}},{"type":"Feature","properties":{"jobs":91,"pop":105,"pointCount":5,"homeWorkCommuteMedian":17924,"workHomeCommuteMedian":18842},"geometry":{"type":"Polygon","coordinates":[[[17.216944072744955,51.262989850921464],[17.216944072744955,51.27198305455871],[17.2259372763822,51.27198305455871],[17.2259372763822,51.262989850921464],[17.216944072744955,51.262989850921464]]]}},{"type":"Feature","properties":{"jobs":49,"pop":0,"pointCount":1,"homeWorkCommuteMedian":-1,"workHomeCommuteMedian":35091},"geometry":{"type":"Polygon","coordinates":[[[17.2259372763822,50.86728889088264],[17.2259372763822,50.87628209451989],[17.234930480019447,50.87628209451989],[17.234930480019447,50.86728889088264],[17.2259372763822,50.86728889088264]]]}},{"type":"Feature","properties":{"jobs":33,"pop":0,"pointCount":1,"homeWorkCommuteMedian":-1,"workHomeCommuteMedian":14728},"geometry":{"type":"Polygon","coordinates":[[[17.2259372763822,50.88527529815713],[17.2259372763822,50.89426850179438],[17.234930480019447,50.89426850179438],[17.234930480019447,50.88527529815713],[17.2259372763822,50.88527529815713]]]}},{"type":"Feature","properties":{"jobs":0,"pop":70,"pointCount":2,"homeWorkCommuteMedian":17100,"workHomeCommuteMedian":-1},"geometry":{"type":"Polygon","coordinates":[[[17.2259372763822,50.89426850179438],[17.2259372763822,50.903261705431625],[17.234930480019447,50.903261705431625],[17.234930480019447,50.89426850179438],[17.2259372763822,50.89426850179438]]]}},{"type":"Feature","properties":{"jobs":38,"pop":236,"pointCount":5,"homeWorkCommuteMedian":1787,"workHomeCommuteMedian":11217},"geometry":{"type":"Polygon","coordinates":[[[17.2259372763822,50.97520733452959],[17.2259372763822,50.98420053816684],[17.234930480019447,50.98420053816684],[17.234930480019447,50.97520733452959],[17.2259372763822,50.97520733452959]]]}},{"type":"Feature","properties":{"jobs":117,"pop":248,"pointCount":10,"homeWorkCommuteMedian":3766,"workHomeCommuteMedian":15196},"geometry":{"type":"Polygon","coordinates":[[[17.2259372763822,50.98420053816684],[17.2259372763822,50.993193741804085],[17.234930480019447,50.993193741804085],[17.234930480019447,50.98420053816684],[17.2259372763822,50.98420053816684]]]}},{"type":"Feature","properties":{"jobs":48,"pop":136,"pointCount":6,"homeWorkCommuteMedian":9680,"workHomeCommuteMedian":19009},"geometry":{"type":"Polygon","coordinates":[[[17.2259372763822,51.02017335271582],[17.2259372763822,51.02916655635307],[17.234930480019447,51.02916655635307],[17.234930480019447,51.02017335271582],[17.2259372763822,51.02017335271582]]]}},{"type":"Feature","properties":{"jobs":0,"pop":63,"pointCount":2,"homeWorkCommuteMedian":3583,"workHomeCommuteMedian":-1},"geometry":{"type":"Polygon","coordinates":[[[17.2259372763822,51.038159759990315],[17.2259372763822,51.04715296362756],[17.234930480019447,51.04715296362756],[17.234930480019447,51.038159759990315],[17.2259372763822,51.038159759990315]]]}},{"type":"Feature","properties":{"jobs":42,"pop":39,"pointCount":2,"homeWorkCommuteMedian":6875,"workHomeCommuteMedian":4628},"geometry":{"type":"Polygon","coordinates":[[[17.2259372763822,51.04715296362756],[17.2259372763822,51.05614616726481],[17.234930480019447,51.05614616726481],[17.234930480019447,51.04715296362756],[17.2259372763822,51.04715296362756]]]}},{"type":"Feature","properties":{"jobs":58,"pop":27,"pointCount":3,"homeWorkCommuteMedian":24101,"workHomeCommuteMedian":3772},"geometry":{"type":"Polygon","coordinates":[[[17.2259372763822,51.05614616726481],[17.2259372763822,51.06513937090205],[17.234930480019447,51.06513937090205],[17.234930480019447,51.05614616726481],[17.2259372763822,51.05614616726481]]]}},{"type":"Feature","properties":{"jobs":0,"pop":65,"pointCount":2,"homeWorkCommuteMedian":18906,"workHomeCommuteMedian":-1},"geometry":{"type":"Polygon","coordinates":[[[17.2259372763822,51.06513937090205],[17.2259372763822,51.0741325745393],[17.234930480019447,51.0741325745393],[17.234930480019447,51.06513937090205],[17.2259372763822,51.06513937090205]]]}},{"type":"Feature","properties":{"jobs":0,"pop":52,"pointCount":1,"homeWorkCommuteMedian":5862,"workHomeCommuteMedian":-1},"geometry":{"type":"Polygon","coordinates":[[[17.2259372763822,51.083125778176544],[17.2259372763822,51.09211898181379],[17.234930480019447,51.09211898181379],[17.234930480019447,51.083125778176544],[17.2259372763822,51.083125778176544]]]}},{"type":"Feature","properties":{"jobs":0,"pop":244,"pointCount":7,"homeWorkCommuteMedian":8917,"workHomeCommuteMedian":-1},"geometry":{"type":"Polygon","coordinates":[[[17.2259372763822,51.09211898181379],[17.2259372763822,51.101112185451036],[17.234930480019447,51.101112185451036],[17.234930480019447,51.09211898181379],[17.2259372763822,51.09211898181379]]]}},{"type":"Feature","properties":{"jobs":0,"pop":86,"pointCount":2,"homeWorkCommuteMedian":29371,"workHomeCommuteMedian":-1},"geometry":{"type":"Polygon","coordinates":[[[17.2259372763822,51.101112185451036],[17.2259372763822,51.11010538908828],[17.234930480019447,51.11010538908828],[17.234930480019447,51.101112185451036],[17.2259372763822,51.101112185451036]]]}},{"type":"Feature","properties":{"jobs":43,"pop":40,"pointCount":2,"homeWorkCommuteMedian":14160,"workHomeCommuteMedian":23760},"geometry":{"type":"Polygon","coordinates":[[[17.2259372763822,51.11909859272553],[17.2259372763822,51.128091796362774],[17.234930480019447,51.128091796362774],[17.234930480019447,51.11909859272553],[17.2259372763822,51.11909859272553]]]}},{"type":"Feature","properties":{"jobs":131,"pop":0,"pointCount":3,"homeWorkCommuteMedian":-1,"workHomeCommuteMedian":26112},"geometry":{"type":"Polygon","coordinates":[[[17.2259372763822,51.16406461091176],[17.2259372763822,51.173057814549004],[17.234930480019447,51.173057814549004],[17.234930480019447,51.16406461091176],[17.2259372763822,51.16406461091176]]]}},{"type":"Feature","properties":{"jobs":433,"pop":168,"pointCount":6,"homeWorkCommuteMedian":6596,"workHomeCommuteMedian":16259},"geometry":{"type":"Polygon","coordinates":[[[17.2259372763822,51.18205101818625],[17.2259372763822,51.191044221823496],[17.234930480019447,51.191044221823496],[17.234930480019447,51.18205101818625],[17.2259372763822,51.18205101818625]]]}},{"type":"Feature","properties":{"jobs":28,"pop":0,"pointCount":1,"homeWorkCommuteMedian":-1,"workHomeCommuteMedian":23622},"geometry":{"type":"Polygon","coordinates":[[[17.2259372763822,51.191044221823496],[17.2259372763822,51.20003742546074],[17.234930480019447,51.20003742546074],[17.234930480019447,51.191044221823496],[17.2259372763822,51.191044221823496]]]}},{"type":"Feature","properties":{"jobs":55,"pop":173,"pointCount":6,"homeWorkCommuteMedian":7666,"workHomeCommuteMedian":9893},"geometry":{"type":"Polygon","coordinates":[[[17.2259372763822,51.20903062909799],[17.2259372763822,51.218023832735234],[17.234930480019447,51.218023832735234],[17.234930480019447,51.20903062909799],[17.2259372763822,51.20903062909799]]]}},{"type":"Feature","properties":{"jobs":0,"pop":34,"pointCount":1,"homeWorkCommuteMedian":14724,"workHomeCommuteMedian":-1},"geometry":{"type":"Polygon","coordinates":[[[17.2259372763822,51.27198305455871],[17.2259372763822,51.280976258195956],[17.234930480019447,51.280976258195956],[17.234930480019447,51.27198305455871],[17.2259372763822,51.27198305455871]]]}},{"type":"Feature","properties":{"jobs":177,"pop":0,"pointCount":2,"homeWorkCommuteMedian":-1,"workHomeCommuteMedian":10050},"geometry":{"type":"Polygon","coordinates":[[[17.2259372763822,51.280976258195956],[17.2259372763822,51.2899694618332],[17.234930480019447,51.2899694618332],[17.234930480019447,51.280976258195956],[17.2259372763822,51.280976258195956]]]}},{"type":"Feature","properties":{"jobs":0,"pop":82,"pointCount":2,"homeWorkCommuteMedian":15843,"workHomeCommuteMedian":-1},"geometry":{"type":"Polygon","coordinates":[[[17.234930480019447,50.86728889088264],[17.234930480019447,50.87628209451989],[17.243923683656693,50.87628209451989],[17.243923683656693,50.86728889088264],[17.234930480019447,50.86728889088264]]]}},{"type":"Feature","properties":{"jobs":43,"pop":87,"pointCount":2,"homeWorkCommuteMedian":48186,"workHomeCommuteMedian":12577},"geometry":{"type":"Polygon","coordinates":[[[17.234930480019447,50.87628209451989],[17.234930480019447,50.88527529815713],[17.243923683656693,50.88527529815713],[17.243923683656693,50.87628209451989],[17.234930480019447,50.87628209451989]]]}},{"type":"Feature","properties":{"jobs":196,"pop":0,"pointCount":2,"homeWorkCommuteMedian":-1,"workHomeCommuteMedian":11405},"geometry":{"type":"Polygon","coordinates":[[[17.234930480019447,50.91225490906887],[17.234930480019447,50.92124811270612],[17.243923683656693,50.92124811270612],[17.243923683656693,50.91225490906887],[17.234930480019447,50.91225490906887]]]}},{"type":"Feature","properties":{"jobs":81,"pop":0,"pointCount":1,"homeWorkCommuteMedian":-1,"workHomeCommuteMedian":12915},"geometry":{"type":"Polygon","coordinates":[[[17.234930480019447,50.96621413089235],[17.234930480019447,50.97520733452959],[17.243923683656693,50.97520733452959],[17.243923683656693,50.96621413089235],[17.234930480019447,50.96621413089235]]]}},{"type":"Feature","properties":{"jobs":618,"pop":123,"pointCount":6,"homeWorkCommuteMedian":7386,"workHomeCommuteMedian":5421},"geometry":{"type":"Polygon","coordinates":[[[17.234930480019447,50.97520733452959],[17.234930480019447,50.98420053816684],[17.243923683656693,50.98420053816684],[17.243923683656693,50.97520733452959],[17.234930480019447,50.97520733452959]]]}},{"type":"Feature","properties":{"jobs":0,"pop":129,"pointCount":4,"homeWorkCommuteMedian":10237,"workHomeCommuteMedian":-1},"geometry":{"type":"Polygon","coordinates":[[[17.234930480019447,50.98420053816684],[17.234930480019447,50.993193741804085],[17.243923683656693,50.993193741804085],[17.243923683656693,50.98420053816684],[17.234930480019447,50.98420053816684]]]}},{"type":"Feature","properties":{"jobs":0,"pop":30,"pointCount":1,"homeWorkCommuteMedian":8671,"workHomeCommuteMedian":-1},"geometry":{"type":"Polygon","coordinates":[[[17.234930480019447,51.01118014907858],[17.234930480019447,51.02017335271582],[17.243923683656693,51.02017335271582],[17.243923683656693,51.01118014907858],[17.234930480019447,51.01118014907858]]]}},{"type":"Feature","properties":{"jobs":47,"pop":138,"pointCount":5,"homeWorkCommuteMedian":18577,"workHomeCommuteMedian":21850},"geometry":{"type":"Polygon","coordinates":[[[17.234930480019447,51.038159759990315],[17.234930480019447,51.04715296362756],[17.243923683656693,51.04715296362756],[17.243923683656693,51.038159759990315],[17.234930480019447,51.038159759990315]]]}},{"type":"Feature","properties":{"jobs":1010,"pop":21,"pointCount":5,"homeWorkCommuteMedian":10917,"workHomeCommuteMedian":6258},"geometry":{"type":"Polygon","coordinates":[[[17.234930480019447,51.04715296362756],[17.234930480019447,51.05614616726481],[17.243923683656693,51.05614616726481],[17.243923683656693,51.04715296362756],[17.234930480019447,51.04715296362756]]]}},{"type":"Feature","properties":{"jobs":0,"pop":47,"pointCount":1,"homeWorkCommuteMedian":2911,"workHomeCommuteMedian":-1},"geometry":{"type":"Polygon","coordinates":[[[17.234930480019447,51.06513937090205],[17.234930480019447,51.0741325745393],[17.243923683656693,51.0741325745393],[17.243923683656693,51.06513937090205],[17.234930480019447,51.06513937090205]]]}},{"type":"Feature","properties":{"jobs":0,"pop":130,"pointCount":3,"homeWorkCommuteMedian":5226,"workHomeCommuteMedian":-1},"geometry":{"type":"Polygon","coordinates":[[[17.234930480019447,51.0741325745393],[17.234930480019447,51.083125778176544],[17.243923683656693,51.083125778176544],[17.243923683656693,51.0741325745393],[17.234930480019447,51.0741325745393]]]}},{"type":"Feature","properties":{"jobs":318,"pop":372,"pointCount":12,"homeWorkCommuteMedian":9225,"workHomeCommuteMedian":8537},"geometry":{"type":"Polygon","coordinates":[[[17.234930480019447,51.083125778176544],[17.234930480019447,51.09211898181379],[17.243923683656693,51.09211898181379],[17.243923683656693,51.083125778176544],[17.234930480019447,51.083125778176544]]]}},{"type":"Feature","properties":{"jobs":0,"pop":271,"pointCount":4,"homeWorkCommuteMedian":6825,"workHomeCommuteMedian":-1},"geometry":{"type":"Polygon","coordinates":[[[17.234930480019447,51.09211898181379],[17.234930480019447,51.101112185451036],[17.243923683656693,51.101112185451036],[17.243923683656693,51.09211898181379],[17.234930480019447,51.09211898181379]]]}},{"type":"Feature","properties":{"jobs":84,"pop":209,"pointCount":6,"homeWorkCommuteMedian":10568,"workHomeCommuteMedian":19888},"geometry":{"type":"Polygon","coordinates":[[[17.234930480019447,51.11909859272553],[17.234930480019447,51.128091796362774],[17.243923683656693,51.128091796362774],[17.243923683656693,51.11909859272553],[17.234930480019447,51.11909859272553]]]}},{"type":"Feature","properties":{"jobs":0,"pop":38,"pointCount":1,"homeWorkCommuteMedian":11328,"workHomeCommuteMedian":-1},"geometry":{"type":"Polygon","coordinates":[[[17.234930480019447,51.15507140727451],[17.234930480019447,51.16406461091176],[17.243923683656693,51.16406461091176],[17.243923683656693,51.15507140727451],[17.234930480019447,51.15507140727451]]]}},{"type":"Feature","properties":{"jobs":28,"pop":0,"pointCount":1,"homeWorkCommuteMedian":-1,"workHomeCommuteMedian":15710},"geometry":{"type":"Polygon","coordinates":[[[17.234930480019447,51.16406461091176],[17.234930480019447,51.173057814549004],[17.243923683656693,51.173057814549004],[17.243923683656693,51.16406461091176],[17.234930480019447,51.16406461091176]]]}},{"type":"Feature","properties":{"jobs":0,"pop":81,"pointCount":2,"homeWorkCommuteMedian":11186,"workHomeCommuteMedian":-1},"geometry":{"type":"Polygon","coordinates":[[[17.234930480019447,51.18205101818625],[17.234930480019447,51.191044221823496],[17.243923683656693,51.191044221823496],[17.243923683656693,51.18205101818625],[17.234930480019447,51.18205101818625]]]}},{"type":"Feature","properties":{"jobs":116,"pop":108,"pointCount":5,"homeWorkCommuteMedian":3992,"workHomeCommuteMedian":9902},"geometry":{"type":"Polygon","coordinates":[[[17.234930480019447,51.191044221823496],[17.234930480019447,51.20003742546074],[17.243923683656693,51.20003742546074],[17.243923683656693,51.191044221823496],[17.234930480019447,51.191044221823496]]]}},{"type":"Feature","properties":{"jobs":128,"pop":135,"pointCount":4,"homeWorkCommuteMedian":11043,"workHomeCommuteMedian":22867},"geometry":{"type":"Polygon","coordinates":[[[17.234930480019447,51.218023832735234],[17.234930480019447,51.22701703637248],[17.243923683656693,51.22701703637248],[17.243923683656693,51.218023832735234],[17.234930480019447,51.218023832735234]]]}},{"type":"Feature","properties":{"jobs":0,"pop":22,"pointCount":1,"homeWorkCommuteMedian":14061,"workHomeCommuteMedian":-1},"geometry":{"type":"Polygon","coordinates":[[[17.234930480019447,51.236010240009726],[17.234930480019447,51.24500344364697],[17.243923683656693,51.24500344364697],[17.243923683656693,51.236010240009726],[17.234930480019447,51.236010240009726]]]}},{"type":"Feature","properties":{"jobs":52,"pop":90,"pointCount":2,"homeWorkCommuteMedian":30667,"workHomeCommuteMedian":28883},"geometry":{"type":"Polygon","coordinates":[[[17.234930480019447,51.24500344364697],[17.234930480019447,51.25399664728422],[17.243923683656693,51.25399664728422],[17.243923683656693,51.24500344364697],[17.234930480019447,51.24500344364697]]]}},{"type":"Feature","properties":{"jobs":0,"pop":40,"pointCount":1,"homeWorkCommuteMedian":25467,"workHomeCommuteMedian":-1},"geometry":{"type":"Polygon","coordinates":[[[17.234930480019447,51.25399664728422],[17.234930480019447,51.262989850921464],[17.243923683656693,51.262989850921464],[17.243923683656693,51.25399664728422],[17.234930480019447,51.25399664728422]]]}},{"type":"Feature","properties":{"jobs":0,"pop":47,"pointCount":1,"homeWorkCommuteMedian":8646,"workHomeCommuteMedian":-1},"geometry":{"type":"Polygon","coordinates":[[[17.234930480019447,51.27198305455871],[17.234930480019447,51.280976258195956],[17.243923683656693,51.280976258195956],[17.243923683656693,51.27198305455871],[17.234930480019447,51.27198305455871]]]}},{"type":"Feature","properties":{"jobs":59,"pop":44,"pointCount":2,"homeWorkCommuteMedian":12971,"workHomeCommuteMedian":12762},"geometry":{"type":"Polygon","coordinates":[[[17.234930480019447,51.280976258195956],[17.234930480019447,51.2899694618332],[17.243923683656693,51.2899694618332],[17.243923683656693,51.280976258195956],[17.234930480019447,51.280976258195956]]]}},{"type":"Feature","properties":{"jobs":0,"pop":71,"pointCount":2,"homeWorkCommuteMedian":5074,"workHomeCommuteMedian":-1},"geometry":{"type":"Polygon","coordinates":[[[17.234930480019447,51.307955869107694],[17.234930480019447,51.31694907274494],[17.243923683656693,51.31694907274494],[17.243923683656693,51.307955869107694],[17.234930480019447,51.307955869107694]]]}},{"type":"Feature","properties":{"jobs":31,"pop":67,"pointCount":2,"homeWorkCommuteMedian":10374,"workHomeCommuteMedian":48617},"geometry":{"type":"Polygon","coordinates":[[[17.234930480019447,51.31694907274494],[17.234930480019447,51.325942276382186],[17.243923683656693,51.325942276382186],[17.243923683656693,51.31694907274494],[17.234930480019447,51.31694907274494]]]}},{"type":"Feature","properties":{"jobs":45,"pop":0,"pointCount":1,"homeWorkCommuteMedian":-1,"workHomeCommuteMedian":47862},"geometry":{"type":"Polygon","coordinates":[[[17.234930480019447,51.352921887293924],[17.234930480019447,51.36191509093117],[17.243923683656693,51.36191509093117],[17.243923683656693,51.352921887293924],[17.234930480019447,51.352921887293924]]]}},{"type":"Feature","properties":{"jobs":0,"pop":21,"pointCount":1,"homeWorkCommuteMedian":304,"workHomeCommuteMedian":-1},"geometry":{"type":"Polygon","coordinates":[[[17.234930480019447,51.370908294568416],[17.234930480019447,51.37990149820566],[17.243923683656693,51.37990149820566],[17.243923683656693,51.370908294568416],[17.234930480019447,51.370908294568416]]]}},{"type":"Feature","properties":{"jobs":87,"pop":76,"pointCount":5,"homeWorkCommuteMedian":577,"workHomeCommuteMedian":786},"geometry":{"type":"Polygon","coordinates":[[[17.234930480019447,51.37990149820566],[17.234930480019447,51.38889470184291],[17.243923683656693,51.38889470184291],[17.243923683656693,51.37990149820566],[17.234930480019447,51.37990149820566]]]}},{"type":"Feature","properties":{"jobs":0,"pop":26,"pointCount":1,"homeWorkCommuteMedian":10967,"workHomeCommuteMedian":-1},"geometry":{"type":"Polygon","coordinates":[[[17.243923683656693,50.87628209451989],[17.243923683656693,50.88527529815713],[17.25291688729394,50.88527529815713],[17.25291688729394,50.87628209451989],[17.243923683656693,50.87628209451989]]]}},{"type":"Feature","properties":{"jobs":42,"pop":0,"pointCount":1,"homeWorkCommuteMedian":-1,"workHomeCommuteMedian":10061},"geometry":{"type":"Polygon","coordinates":[[[17.243923683656693,50.88527529815713],[17.243923683656693,50.89426850179438],[17.25291688729394,50.89426850179438],[17.25291688729394,50.88527529815713],[17.243923683656693,50.88527529815713]]]}},{"type":"Feature","properties":{"jobs":29,"pop":43,"pointCount":2,"homeWorkCommuteMedian":6357,"workHomeCommuteMedian":35416},"geometry":{"type":"Polygon","coordinates":[[[17.243923683656693,50.903261705431625],[17.243923683656693,50.91225490906887],[17.25291688729394,50.91225490906887],[17.25291688729394,50.903261705431625],[17.243923683656693,50.903261705431625]]]}},{"type":"Feature","properties":{"jobs":80,"pop":123,"pointCount":3,"homeWorkCommuteMedian":8128,"workHomeCommuteMedian":3978},"geometry":{"type":"Polygon","coordinates":[[[17.243923683656693,50.92124811270612],[17.243923683656693,50.93024131634336],[17.25291688729394,50.93024131634336],[17.25291688729394,50.92124811270612],[17.243923683656693,50.92124811270612]]]}},{"type":"Feature","properties":{"jobs":222,"pop":0,"pointCount":2,"homeWorkCommuteMedian":-1,"workHomeCommuteMedian":9840},"geometry":{"type":"Polygon","coordinates":[[[17.243923683656693,50.96621413089235],[17.243923683656693,50.97520733452959],[17.25291688729394,50.97520733452959],[17.25291688729394,50.96621413089235],[17.243923683656693,50.96621413089235]]]}},{"type":"Feature","properties":{"jobs":41,"pop":69,"pointCount":2,"homeWorkCommuteMedian":38191,"workHomeCommuteMedian":24254},"geometry":{"type":"Polygon","coordinates":[[[17.243923683656693,51.00218694544133],[17.243923683656693,51.01118014907858],[17.25291688729394,51.01118014907858],[17.25291688729394,51.00218694544133],[17.243923683656693,51.00218694544133]]]}},{"type":"Feature","properties":{"jobs":0,"pop":47,"pointCount":1,"homeWorkCommuteMedian":10170,"workHomeCommuteMedian":-1},"geometry":{"type":"Polygon","coordinates":[[[17.243923683656693,51.02916655635307],[17.243923683656693,51.038159759990315],[17.25291688729394,51.038159759990315],[17.25291688729394,51.02916655635307],[17.243923683656693,51.02916655635307]]]}},{"type":"Feature","properties":{"jobs":395,"pop":178,"pointCount":4,"homeWorkCommuteMedian":4716,"workHomeCommuteMedian":7013},"geometry":{"type":"Polygon","coordinates":[[[17.243923683656693,51.038159759990315],[17.243923683656693,51.04715296362756],[17.25291688729394,51.04715296362756],[17.25291688729394,51.038159759990315],[17.243923683656693,51.038159759990315]]]}},{"type":"Feature","properties":{"jobs":300,"pop":60,"pointCount":2,"homeWorkCommuteMedian":4042,"workHomeCommuteMedian":10803},"geometry":{"type":"Polygon","coordinates":[[[17.243923683656693,51.04715296362756],[17.243923683656693,51.05614616726481],[17.25291688729394,51.05614616726481],[17.25291688729394,51.04715296362756],[17.243923683656693,51.04715296362756]]]}},{"type":"Feature","properties":{"jobs":75,"pop":61,"pointCount":2,"homeWorkCommuteMedian":2442,"workHomeCommuteMedian":9812},"geometry":{"type":"Polygon","coordinates":[[[17.243923683656693,51.05614616726481],[17.243923683656693,51.06513937090205],[17.25291688729394,51.06513937090205],[17.25291688729394,51.05614616726481],[17.243923683656693,51.05614616726481]]]}},{"type":"Feature","properties":{"jobs":0,"pop":22,"pointCount":1,"homeWorkCommuteMedian":3042,"workHomeCommuteMedian":-1},"geometry":{"type":"Polygon","coordinates":[[[17.243923683656693,51.06513937090205],[17.243923683656693,51.0741325745393],[17.25291688729394,51.0741325745393],[17.25291688729394,51.06513937090205],[17.243923683656693,51.06513937090205]]]}},{"type":"Feature","properties":{"jobs":0,"pop":139,"pointCount":3,"homeWorkCommuteMedian":17502,"workHomeCommuteMedian":-1},"geometry":{"type":"Polygon","coordinates":[[[17.243923683656693,51.0741325745393],[17.243923683656693,51.083125778176544],[17.25291688729394,51.083125778176544],[17.25291688729394,51.0741325745393],[17.243923683656693,51.0741325745393]]]}},{"type":"Feature","properties":{"jobs":0,"pop":74,"pointCount":2,"homeWorkCommuteMedian":18489,"workHomeCommuteMedian":-1},"geometry":{"type":"Polygon","coordinates":[[[17.243923683656693,51.083125778176544],[17.243923683656693,51.09211898181379],[17.25291688729394,51.09211898181379],[17.25291688729394,51.083125778176544],[17.243923683656693,51.083125778176544]]]}},{"type":"Feature","properties":{"jobs":32,"pop":98,"pointCount":2,"homeWorkCommuteMedian":10464,"workHomeCommuteMedian":6727},"geometry":{"type":"Polygon","coordinates":[[[17.243923683656693,51.11010538908828],[17.243923683656693,51.11909859272553],[17.25291688729394,51.11909859272553],[17.25291688729394,51.11010538908828],[17.243923683656693,51.11010538908828]]]}},{"type":"Feature","properties":{"jobs":208,"pop":274,"pointCount":11,"homeWorkCommuteMedian":22056,"workHomeCommuteMedian":16882},"geometry":{"type":"Polygon","coordinates":[[[17.243923683656693,51.11909859272553],[17.243923683656693,51.128091796362774],[17.25291688729394,51.128091796362774],[17.25291688729394,51.11909859272553],[17.243923683656693,51.11909859272553]]]}},{"type":"Feature","properties":{"jobs":65,"pop":125,"pointCount":4,"homeWorkCommuteMedian":9534,"workHomeCommuteMedian":39683},"geometry":{"type":"Polygon","coordinates":[[[17.243923683656693,51.15507140727451],[17.243923683656693,51.16406461091176],[17.25291688729394,51.16406461091176],[17.25291688729394,51.15507140727451],[17.243923683656693,51.15507140727451]]]}},{"type":"Feature","properties":{"jobs":90,"pop":44,"pointCount":3,"homeWorkCommuteMedian":6926,"workHomeCommuteMedian":17381},"geometry":{"type":"Polygon","coordinates":[[[17.243923683656693,51.191044221823496],[17.243923683656693,51.20003742546074],[17.25291688729394,51.20003742546074],[17.25291688729394,51.191044221823496],[17.243923683656693,51.191044221823496]]]}},{"type":"Feature","properties":{"jobs":0,"pop":79,"pointCount":2,"homeWorkCommuteMedian":22089,"workHomeCommuteMedian":-1},"geometry":{"type":"Polygon","coordinates":[[[17.243923683656693,51.218023832735234],[17.243923683656693,51.22701703637248],[17.25291688729394,51.22701703637248],[17.25291688729394,51.218023832735234],[17.243923683656693,51.218023832735234]]]}},{"type":"Feature","properties":{"jobs":32,"pop":0,"pointCount":1,"homeWorkCommuteMedian":-1,"workHomeCommuteMedian":40553},"geometry":{"type":"Polygon","coordinates":[[[17.243923683656693,51.2899694618332],[17.243923683656693,51.29896266547045],[17.25291688729394,51.29896266547045],[17.25291688729394,51.2899694618332],[17.243923683656693,51.2899694618332]]]}},{"type":"Feature","properties":{"jobs":0,"pop":26,"pointCount":1,"homeWorkCommuteMedian":32599,"workHomeCommuteMedian":-1},"geometry":{"type":"Polygon","coordinates":[[[17.243923683656693,51.34392868365668],[17.243923683656693,51.352921887293924],[17.25291688729394,51.352921887293924],[17.25291688729394,51.34392868365668],[17.243923683656693,51.34392868365668]]]}},{"type":"Feature","properties":{"jobs":99,"pop":0,"pointCount":1,"homeWorkCommuteMedian":-1,"workHomeCommuteMedian":4346},"geometry":{"type":"Polygon","coordinates":[[[17.243923683656693,51.370908294568416],[17.243923683656693,51.37990149820566],[17.25291688729394,51.37990149820566],[17.25291688729394,51.370908294568416],[17.243923683656693,51.370908294568416]]]}},{"type":"Feature","properties":{"jobs":162,"pop":205,"pointCount":7,"homeWorkCommuteMedian":3802,"workHomeCommuteMedian":10021},"geometry":{"type":"Polygon","coordinates":[[[17.243923683656693,51.37990149820566],[17.243923683656693,51.38889470184291],[17.25291688729394,51.38889470184291],[17.25291688729394,51.37990149820566],[17.243923683656693,51.37990149820566]]]}},{"type":"Feature","properties":{"jobs":24,"pop":162,"pointCount":3,"homeWorkCommuteMedian":11217,"workHomeCommuteMedian":11357},"geometry":{"type":"Polygon","coordinates":[[[17.25291688729394,50.903261705431625],[17.25291688729394,50.91225490906887],[17.261910090931185,50.91225490906887],[17.261910090931185,50.903261705431625],[17.25291688729394,50.903261705431625]]]}},{"type":"Feature","properties":{"jobs":0,"pop":25,"pointCount":1,"homeWorkCommuteMedian":1504,"workHomeCommuteMedian":-1},"geometry":{"type":"Polygon","coordinates":[[[17.25291688729394,50.91225490906887],[17.25291688729394,50.92124811270612],[17.261910090931185,50.92124811270612],[17.261910090931185,50.91225490906887],[17.25291688729394,50.91225490906887]]]}},{"type":"Feature","properties":{"jobs":34,"pop":146,"pointCount":2,"homeWorkCommuteMedian":2709,"workHomeCommuteMedian":4191},"geometry":{"type":"Polygon","coordinates":[[[17.25291688729394,50.93024131634336],[17.25291688729394,50.93923451998061],[17.261910090931185,50.93923451998061],[17.261910090931185,50.93024131634336],[17.25291688729394,50.93024131634336]]]}},{"type":"Feature","properties":{"jobs":53,"pop":266,"pointCount":5,"homeWorkCommuteMedian":6594,"workHomeCommuteMedian":11417},"geometry":{"type":"Polygon","coordinates":[[[17.25291688729394,50.93923451998061],[17.25291688729394,50.948227723617855],[17.261910090931185,50.948227723617855],[17.261910090931185,50.93923451998061],[17.25291688729394,50.93923451998061]]]}},{"type":"Feature","properties":{"jobs":57,"pop":143,"pointCount":3,"homeWorkCommuteMedian":2168,"workHomeCommuteMedian":12942},"geometry":{"type":"Polygon","coordinates":[[[17.25291688729394,50.9572209272551],[17.25291688729394,50.96621413089235],[17.261910090931185,50.96621413089235],[17.261910090931185,50.9572209272551],[17.25291688729394,50.9572209272551]]]}},{"type":"Feature","properties":{"jobs":682,"pop":45,"pointCount":3,"homeWorkCommuteMedian":1550,"workHomeCommuteMedian":4244},"geometry":{"type":"Polygon","coordinates":[[[17.25291688729394,50.96621413089235],[17.25291688729394,50.97520733452959],[17.261910090931185,50.97520733452959],[17.261910090931185,50.96621413089235],[17.25291688729394,50.96621413089235]]]}},{"type":"Feature","properties":{"jobs":307,"pop":0,"pointCount":1,"homeWorkCommuteMedian":-1,"workHomeCommuteMedian":5054},"geometry":{"type":"Polygon","coordinates":[[[17.25291688729394,50.97520733452959],[17.25291688729394,50.98420053816684],[17.261910090931185,50.98420053816684],[17.261910090931185,50.97520733452959],[17.25291688729394,50.97520733452959]]]}},{"type":"Feature","properties":{"jobs":0,"pop":35,"pointCount":1,"homeWorkCommuteMedian":27339,"workHomeCommuteMedian":-1},"geometry":{"type":"Polygon","coordinates":[[[17.25291688729394,50.993193741804085],[17.25291688729394,51.00218694544133],[17.261910090931185,51.00218694544133],[17.261910090931185,50.993193741804085],[17.25291688729394,50.993193741804085]]]}},{"type":"Feature","properties":{"jobs":0,"pop":52,"pointCount":1,"homeWorkCommuteMedian":20051,"workHomeCommuteMedian":-1},"geometry":{"type":"Polygon","coordinates":[[[17.25291688729394,51.02916655635307],[17.25291688729394,51.038159759990315],[17.261910090931185,51.038159759990315],[17.261910090931185,51.02916655635307],[17.25291688729394,51.02916655635307]]]}},{"type":"Feature","properties":{"jobs":0,"pop":69,"pointCount":2,"homeWorkCommuteMedian":1412,"workHomeCommuteMedian":-1},"geometry":{"type":"Polygon","coordinates":[[[17.25291688729394,51.04715296362756],[17.25291688729394,51.05614616726481],[17.261910090931185,51.05614616726481],[17.261910090931185,51.04715296362756],[17.25291688729394,51.04715296362756]]]}},{"type":"Feature","properties":{"jobs":70,"pop":151,"pointCount":4,"homeWorkCommuteMedian":17209,"workHomeCommuteMedian":54336},"geometry":{"type":"Polygon","coordinates":[[[17.25291688729394,51.05614616726481],[17.25291688729394,51.06513937090205],[17.261910090931185,51.06513937090205],[17.261910090931185,51.05614616726481],[17.25291688729394,51.05614616726481]]]}},{"type":"Feature","properties":{"jobs":0,"pop":24,"pointCount":1,"homeWorkCommuteMedian":42043,"workHomeCommuteMedian":-1},"geometry":{"type":"Polygon","coordinates":[[[17.25291688729394,51.06513937090205],[17.25291688729394,51.0741325745393],[17.261910090931185,51.0741325745393],[17.261910090931185,51.06513937090205],[17.25291688729394,51.06513937090205]]]}},{"type":"Feature","properties":{"jobs":196,"pop":69,"pointCount":4,"homeWorkCommuteMedian":21046,"workHomeCommuteMedian":20121},"geometry":{"type":"Polygon","coordinates":[[[17.25291688729394,51.0741325745393],[17.25291688729394,51.083125778176544],[17.261910090931185,51.083125778176544],[17.261910090931185,51.0741325745393],[17.25291688729394,51.0741325745393]]]}},{"type":"Feature","properties":{"jobs":0,"pop":27,"pointCount":1,"homeWorkCommuteMedian":10985,"workHomeCommuteMedian":-1},"geometry":{"type":"Polygon","coordinates":[[[17.25291688729394,51.11010538908828],[17.25291688729394,51.11909859272553],[17.261910090931185,51.11909859272553],[17.261910090931185,51.11010538908828],[17.25291688729394,51.11010538908828]]]}},{"type":"Feature","properties":{"jobs":0,"pop":128,"pointCount":3,"homeWorkCommuteMedian":18672,"workHomeCommuteMedian":-1},"geometry":{"type":"Polygon","coordinates":[[[17.25291688729394,51.11909859272553],[17.25291688729394,51.128091796362774],[17.261910090931185,51.128091796362774],[17.261910090931185,51.11909859272553],[17.25291688729394,51.11909859272553]]]}},{"type":"Feature","properties":{"jobs":35,"pop":74,"pointCount":3,"homeWorkCommuteMedian":10809,"workHomeCommuteMedian":23989},"geometry":{"type":"Polygon","coordinates":[[[17.25291688729394,51.15507140727451],[17.25291688729394,51.16406461091176],[17.261910090931185,51.16406461091176],[17.261910090931185,51.15507140727451],[17.25291688729394,51.15507140727451]]]}},{"type":"Feature","properties":{"jobs":20,"pop":0,"pointCount":1,"homeWorkCommuteMedian":-1,"workHomeCommuteMedian":12001},"geometry":{"type":"Polygon","coordinates":[[[17.25291688729394,51.191044221823496],[17.25291688729394,51.20003742546074],[17.261910090931185,51.20003742546074],[17.261910090931185,51.191044221823496],[17.25291688729394,51.191044221823496]]]}},{"type":"Feature","properties":{"jobs":0,"pop":22,"pointCount":1,"homeWorkCommuteMedian":19516,"workHomeCommuteMedian":-1},"geometry":{"type":"Polygon","coordinates":[[[17.25291688729394,51.262989850921464],[17.25291688729394,51.27198305455871],[17.261910090931185,51.27198305455871],[17.261910090931185,51.262989850921464],[17.25291688729394,51.262989850921464]]]}},{"type":"Feature","properties":{"jobs":0,"pop":45,"pointCount":2,"homeWorkCommuteMedian":25578,"workHomeCommuteMedian":-1},"geometry":{"type":"Polygon","coordinates":[[[17.25291688729394,51.280976258195956],[17.25291688729394,51.2899694618332],[17.261910090931185,51.2899694618332],[17.261910090931185,51.280976258195956],[17.25291688729394,51.280976258195956]]]}},{"type":"Feature","properties":{"jobs":42,"pop":31,"pointCount":1,"homeWorkCommuteMedian":33091,"workHomeCommuteMedian":5342},"geometry":{"type":"Polygon","coordinates":[[[17.25291688729394,51.29896266547045],[17.25291688729394,51.307955869107694],[17.261910090931185,51.307955869107694],[17.261910090931185,51.29896266547045],[17.25291688729394,51.29896266547045]]]}},{"type":"Feature","properties":{"jobs":36,"pop":33,"pointCount":2,"homeWorkCommuteMedian":13743,"workHomeCommuteMedian":47960},"geometry":{"type":"Polygon","coordinates":[[[17.25291688729394,51.36191509093117],[17.25291688729394,51.370908294568416],[17.261910090931185,51.370908294568416],[17.261910090931185,51.36191509093117],[17.25291688729394,51.36191509093117]]]}},{"type":"Feature","properties":{"jobs":0,"pop":72,"pointCount":2,"homeWorkCommuteMedian":14032,"workHomeCommuteMedian":-1},"geometry":{"type":"Polygon","coordinates":[[[17.25291688729394,51.37990149820566],[17.25291688729394,51.38889470184291],[17.261910090931185,51.38889470184291],[17.261910090931185,51.37990149820566],[17.25291688729394,51.37990149820566]]]}},{"type":"Feature","properties":{"jobs":55,"pop":187,"pointCount":4,"homeWorkCommuteMedian":11204,"workHomeCommuteMedian":11962},"geometry":{"type":"Polygon","coordinates":[[[17.261910090931185,50.858295687245395],[17.261910090931185,50.86728889088264],[17.27090329456843,50.86728889088264],[17.27090329456843,50.858295687245395],[17.261910090931185,50.858295687245395]]]}},{"type":"Feature","properties":{"jobs":0,"pop":26,"pointCount":1,"homeWorkCommuteMedian":6270,"workHomeCommuteMedian":-1},"geometry":{"type":"Polygon","coordinates":[[[17.261910090931185,50.91225490906887],[17.261910090931185,50.92124811270612],[17.27090329456843,50.92124811270612],[17.27090329456843,50.91225490906887],[17.261910090931185,50.91225490906887]]]}},{"type":"Feature","properties":{"jobs":475,"pop":362,"pointCount":7,"homeWorkCommuteMedian":3734,"workHomeCommuteMedian":3882},"geometry":{"type":"Polygon","coordinates":[[[17.261910090931185,50.93024131634336],[17.261910090931185,50.93923451998061],[17.27090329456843,50.93923451998061],[17.27090329456843,50.93024131634336],[17.261910090931185,50.93024131634336]]]}},{"type":"Feature","properties":{"jobs":0,"pop":595,"pointCount":5,"homeWorkCommuteMedian":3351,"workHomeCommuteMedian":-1},"geometry":{"type":"Polygon","coordinates":[[[17.261910090931185,50.948227723617855],[17.261910090931185,50.9572209272551],[17.27090329456843,50.9572209272551],[17.27090329456843,50.948227723617855],[17.261910090931185,50.948227723617855]]]}},{"type":"Feature","properties":{"jobs":0,"pop":144,"pointCount":4,"homeWorkCommuteMedian":9190,"workHomeCommuteMedian":-1},"geometry":{"type":"Polygon","coordinates":[[[17.261910090931185,50.9572209272551],[17.261910090931185,50.96621413089235],[17.27090329456843,50.96621413089235],[17.27090329456843,50.9572209272551],[17.261910090931185,50.9572209272551]]]}},{"type":"Feature","properties":{"jobs":273,"pop":284,"pointCount":9,"homeWorkCommuteMedian":5570,"workHomeCommuteMedian":23592},"geometry":{"type":"Polygon","coordinates":[[[17.261910090931185,51.02916655635307],[17.261910090931185,51.038159759990315],[17.27090329456843,51.038159759990315],[17.27090329456843,51.02916655635307],[17.261910090931185,51.02916655635307]]]}},{"type":"Feature","properties":{"jobs":133,"pop":46,"pointCount":2,"homeWorkCommuteMedian":7420,"workHomeCommuteMedian":9905},"geometry":{"type":"Polygon","coordinates":[[[17.261910090931185,51.038159759990315],[17.261910090931185,51.04715296362756],[17.27090329456843,51.04715296362756],[17.27090329456843,51.038159759990315],[17.261910090931185,51.038159759990315]]]}},{"type":"Feature","properties":{"jobs":80,"pop":277,"pointCount":7,"homeWorkCommuteMedian":9533,"workHomeCommuteMedian":5570},"geometry":{"type":"Polygon","coordinates":[[[17.261910090931185,51.05614616726481],[17.261910090931185,51.06513937090205],[17.27090329456843,51.06513937090205],[17.27090329456843,51.05614616726481],[17.261910090931185,51.05614616726481]]]}},{"type":"Feature","properties":{"jobs":31,"pop":0,"pointCount":1,"homeWorkCommuteMedian":-1,"workHomeCommuteMedian":39542},"geometry":{"type":"Polygon","coordinates":[[[17.261910090931185,51.06513937090205],[17.261910090931185,51.0741325745393],[17.27090329456843,51.0741325745393],[17.27090329456843,51.06513937090205],[17.261910090931185,51.06513937090205]]]}},{"type":"Feature","properties":{"jobs":421,"pop":53,"pointCount":2,"homeWorkCommuteMedian":39002,"workHomeCommuteMedian":15654},"geometry":{"type":"Polygon","coordinates":[[[17.261910090931185,51.0741325745393],[17.261910090931185,51.083125778176544],[17.27090329456843,51.083125778176544],[17.27090329456843,51.0741325745393],[17.261910090931185,51.0741325745393]]]}},{"type":"Feature","properties":{"jobs":0,"pop":175,"pointCount":2,"homeWorkCommuteMedian":13226,"workHomeCommuteMedian":-1},"geometry":{"type":"Polygon","coordinates":[[[17.261910090931185,51.11909859272553],[17.261910090931185,51.128091796362774],[17.27090329456843,51.128091796362774],[17.27090329456843,51.11909859272553],[17.261910090931185,51.11909859272553]]]}},{"type":"Feature","properties":{"jobs":80,"pop":0,"pointCount":1,"homeWorkCommuteMedian":-1,"workHomeCommuteMedian":12942},"geometry":{"type":"Polygon","coordinates":[[[17.261910090931185,51.15507140727451],[17.261910090931185,51.16406461091176],[17.27090329456843,51.16406461091176],[17.27090329456843,51.15507140727451],[17.261910090931185,51.15507140727451]]]}},{"type":"Feature","properties":{"jobs":221,"pop":39,"pointCount":4,"homeWorkCommuteMedian":11117,"workHomeCommuteMedian":16100},"geometry":{"type":"Polygon","coordinates":[[[17.261910090931185,51.16406461091176],[17.261910090931185,51.173057814549004],[17.27090329456843,51.173057814549004],[17.27090329456843,51.16406461091176],[17.261910090931185,51.16406461091176]]]}},{"type":"Feature","properties":{"jobs":0,"pop":40,"pointCount":2,"homeWorkCommuteMedian":21970,"workHomeCommuteMedian":-1},"geometry":{"type":"Polygon","coordinates":[[[17.261910090931185,51.262989850921464],[17.261910090931185,51.27198305455871],[17.27090329456843,51.27198305455871],[17.27090329456843,51.262989850921464],[17.261910090931185,51.262989850921464]]]}},{"type":"Feature","properties":{"jobs":0,"pop":50,"pointCount":1,"homeWorkCommuteMedian":54881,"workHomeCommuteMedian":-1},"geometry":{"type":"Polygon","coordinates":[[[17.261910090931185,51.27198305455871],[17.261910090931185,51.280976258195956],[17.27090329456843,51.280976258195956],[17.27090329456843,51.27198305455871],[17.261910090931185,51.27198305455871]]]}},{"type":"Feature","properties":{"jobs":0,"pop":21,"pointCount":1,"homeWorkCommuteMedian":1396,"workHomeCommuteMedian":-1},"geometry":{"type":"Polygon","coordinates":[[[17.261910090931185,51.352921887293924],[17.261910090931185,51.36191509093117],[17.27090329456843,51.36191509093117],[17.27090329456843,51.352921887293924],[17.261910090931185,51.352921887293924]]]}},{"type":"Feature","properties":{"jobs":194,"pop":157,"pointCount":5,"homeWorkCommuteMedian":29583,"workHomeCommuteMedian":17252},"geometry":{"type":"Polygon","coordinates":[[[17.27090329456843,50.8403092799709],[17.27090329456843,50.84930248360815],[17.279896498205677,50.84930248360815],[17.279896498205677,50.8403092799709],[17.27090329456843,50.8403092799709]]]}},{"type":"Feature","properties":{"jobs":0,"pop":78,"pointCount":1,"homeWorkCommuteMedian":10303,"workHomeCommuteMedian":-1},"geometry":{"type":"Polygon","coordinates":[[[17.27090329456843,50.903261705431625],[17.27090329456843,50.91225490906887],[17.279896498205677,50.91225490906887],[17.279896498205677,50.903261705431625],[17.27090329456843,50.903261705431625]]]}},{"type":"Feature","properties":{"jobs":0,"pop":59,"pointCount":2,"homeWorkCommuteMedian":4361,"workHomeCommuteMedian":-1},"geometry":{"type":"Polygon","coordinates":[[[17.27090329456843,50.91225490906887],[17.27090329456843,50.92124811270612],[17.279896498205677,50.92124811270612],[17.279896498205677,50.91225490906887],[17.27090329456843,50.91225490906887]]]}},{"type":"Feature","properties":{"jobs":116,"pop":431,"pointCount":6,"homeWorkCommuteMedian":4768,"workHomeCommuteMedian":2650},"geometry":{"type":"Polygon","coordinates":[[[17.27090329456843,50.93024131634336],[17.27090329456843,50.93923451998061],[17.279896498205677,50.93923451998061],[17.279896498205677,50.93024131634336],[17.27090329456843,50.93024131634336]]]}},{"type":"Feature","properties":{"jobs":464,"pop":2633,"pointCount":16,"homeWorkCommuteMedian":3703,"workHomeCommuteMedian":3401},"geometry":{"type":"Polygon","coordinates":[[[17.27090329456843,50.93923451998061],[17.27090329456843,50.948227723617855],[17.279896498205677,50.948227723617855],[17.279896498205677,50.93923451998061],[17.27090329456843,50.93923451998061]]]}},{"type":"Feature","properties":{"jobs":491,"pop":949,"pointCount":10,"homeWorkCommuteMedian":3852,"workHomeCommuteMedian":6435},"geometry":{"type":"Polygon","coordinates":[[[17.27090329456843,50.948227723617855],[17.27090329456843,50.9572209272551],[17.279896498205677,50.9572209272551],[17.279896498205677,50.948227723617855],[17.27090329456843,50.948227723617855]]]}},{"type":"Feature","properties":{"jobs":0,"pop":102,"pointCount":1,"homeWorkCommuteMedian":3819,"workHomeCommuteMedian":-1},"geometry":{"type":"Polygon","coordinates":[[[17.27090329456843,50.9572209272551],[17.27090329456843,50.96621413089235],[17.279896498205677,50.96621413089235],[17.279896498205677,50.9572209272551],[17.27090329456843,50.9572209272551]]]}},{"type":"Feature","properties":{"jobs":109,"pop":106,"pointCount":4,"homeWorkCommuteMedian":14728,"workHomeCommuteMedian":9190},"geometry":{"type":"Polygon","coordinates":[[[17.27090329456843,50.993193741804085],[17.27090329456843,51.00218694544133],[17.279896498205677,51.00218694544133],[17.279896498205677,50.993193741804085],[17.27090329456843,50.993193741804085]]]}},{"type":"Feature","properties":{"jobs":188,"pop":296,"pointCount":6,"homeWorkCommuteMedian":20252,"workHomeCommuteMedian":32084},"geometry":{"type":"Polygon","coordinates":[[[17.27090329456843,51.02916655635307],[17.27090329456843,51.038159759990315],[17.279896498205677,51.038159759990315],[17.279896498205677,51.02916655635307],[17.27090329456843,51.02916655635307]]]}},{"type":"Feature","properties":{"jobs":28,"pop":0,"pointCount":1,"homeWorkCommuteMedian":-1,"workHomeCommuteMedian":1137},"geometry":{"type":"Polygon","coordinates":[[[17.27090329456843,51.038159759990315],[17.27090329456843,51.04715296362756],[17.279896498205677,51.04715296362756],[17.279896498205677,51.038159759990315],[17.27090329456843,51.038159759990315]]]}},{"type":"Feature","properties":{"jobs":0,"pop":21,"pointCount":1,"homeWorkCommuteMedian":3581,"workHomeCommuteMedian":-1},"geometry":{"type":"Polygon","coordinates":[[[17.27090329456843,51.06513937090205],[17.27090329456843,51.0741325745393],[17.279896498205677,51.0741325745393],[17.279896498205677,51.06513937090205],[17.27090329456843,51.06513937090205]]]}},{"type":"Feature","properties":{"jobs":0,"pop":197,"pointCount":5,"homeWorkCommuteMedian":12012,"workHomeCommuteMedian":-1},"geometry":{"type":"Polygon","coordinates":[[[17.27090329456843,51.0741325745393],[17.27090329456843,51.083125778176544],[17.279896498205677,51.083125778176544],[17.279896498205677,51.0741325745393],[17.27090329456843,51.0741325745393]]]}},{"type":"Feature","properties":{"jobs":0,"pop":30,"pointCount":1,"homeWorkCommuteMedian":24386,"workHomeCommuteMedian":-1},"geometry":{"type":"Polygon","coordinates":[[[17.27090329456843,51.13708500000002],[17.27090329456843,51.146078203637266],[17.279896498205677,51.146078203637266],[17.279896498205677,51.13708500000002],[17.27090329456843,51.13708500000002]]]}},{"type":"Feature","properties":{"jobs":0,"pop":42,"pointCount":1,"homeWorkCommuteMedian":19906,"workHomeCommuteMedian":-1},"geometry":{"type":"Polygon","coordinates":[[[17.27090329456843,51.146078203637266],[17.27090329456843,51.15507140727451],[17.279896498205677,51.15507140727451],[17.279896498205677,51.146078203637266],[17.27090329456843,51.146078203637266]]]}},{"type":"Feature","properties":{"jobs":23,"pop":57,"pointCount":3,"homeWorkCommuteMedian":15879,"workHomeCommuteMedian":25648},"geometry":{"type":"Polygon","coordinates":[[[17.27090329456843,51.15507140727451],[17.27090329456843,51.16406461091176],[17.279896498205677,51.16406461091176],[17.279896498205677,51.15507140727451],[17.27090329456843,51.15507140727451]]]}},{"type":"Feature","properties":{"jobs":43,"pop":24,"pointCount":2,"homeWorkCommuteMedian":12297,"workHomeCommuteMedian":26440},"geometry":{"type":"Polygon","coordinates":[[[17.27090329456843,51.16406461091176],[17.27090329456843,51.173057814549004],[17.279896498205677,51.173057814549004],[17.279896498205677,51.16406461091176],[17.27090329456843,51.16406461091176]]]}},{"type":"Feature","properties":{"jobs":631,"pop":166,"pointCount":6,"homeWorkCommuteMedian":21396,"workHomeCommuteMedian":12787},"geometry":{"type":"Polygon","coordinates":[[[17.27090329456843,51.18205101818625],[17.27090329456843,51.191044221823496],[17.279896498205677,51.191044221823496],[17.279896498205677,51.18205101818625],[17.27090329456843,51.18205101818625]]]}},{"type":"Feature","properties":{"jobs":117,"pop":89,"pointCount":3,"homeWorkCommuteMedian":7286,"workHomeCommuteMedian":20323},"geometry":{"type":"Polygon","coordinates":[[[17.27090329456843,51.191044221823496],[17.27090329456843,51.20003742546074],[17.279896498205677,51.20003742546074],[17.279896498205677,51.191044221823496],[17.27090329456843,51.191044221823496]]]}},{"type":"Feature","properties":{"jobs":0,"pop":23,"pointCount":1,"homeWorkCommuteMedian":38317,"workHomeCommuteMedian":-1},"geometry":{"type":"Polygon","coordinates":[[[17.27090329456843,51.20903062909799],[17.27090329456843,51.218023832735234],[17.279896498205677,51.218023832735234],[17.279896498205677,51.20903062909799],[17.27090329456843,51.20903062909799]]]}},{"type":"Feature","properties":{"jobs":0,"pop":21,"pointCount":1,"homeWorkCommuteMedian":5251,"workHomeCommuteMedian":-1},"geometry":{"type":"Polygon","coordinates":[[[17.27090329456843,51.236010240009726],[17.27090329456843,51.24500344364697],[17.279896498205677,51.24500344364697],[17.279896498205677,51.236010240009726],[17.27090329456843,51.236010240009726]]]}},{"type":"Feature","properties":{"jobs":53,"pop":49,"pointCount":2,"homeWorkCommuteMedian":9622,"workHomeCommuteMedian":37537},"geometry":{"type":"Polygon","coordinates":[[[17.27090329456843,51.27198305455871],[17.27090329456843,51.280976258195956],[17.279896498205677,51.280976258195956],[17.279896498205677,51.27198305455871],[17.27090329456843,51.27198305455871]]]}},{"type":"Feature","properties":{"jobs":0,"pop":35,"pointCount":1,"homeWorkCommuteMedian":34292,"workHomeCommuteMedian":-1},"geometry":{"type":"Polygon","coordinates":[[[17.27090329456843,51.280976258195956],[17.27090329456843,51.2899694618332],[17.279896498205677,51.2899694618332],[17.279896498205677,51.280976258195956],[17.27090329456843,51.280976258195956]]]}},{"type":"Feature","properties":{"jobs":0,"pop":56,"pointCount":2,"homeWorkCommuteMedian":8110,"workHomeCommuteMedian":-1},"geometry":{"type":"Polygon","coordinates":[[[17.27090329456843,51.2899694618332],[17.27090329456843,51.29896266547045],[17.279896498205677,51.29896266547045],[17.279896498205677,51.2899694618332],[17.27090329456843,51.2899694618332]]]}},{"type":"Feature","properties":{"jobs":31,"pop":23,"pointCount":2,"homeWorkCommuteMedian":3458,"workHomeCommuteMedian":13974},"geometry":{"type":"Polygon","coordinates":[[[17.27090329456843,51.352921887293924],[17.27090329456843,51.36191509093117],[17.279896498205677,51.36191509093117],[17.279896498205677,51.352921887293924],[17.27090329456843,51.352921887293924]]]}},{"type":"Feature","properties":{"jobs":124,"pop":77,"pointCount":4,"homeWorkCommuteMedian":6158,"workHomeCommuteMedian":7892},"geometry":{"type":"Polygon","coordinates":[[[17.279896498205677,50.91225490906887],[17.279896498205677,50.92124811270612],[17.288889701842923,50.92124811270612],[17.288889701842923,50.91225490906887],[17.279896498205677,50.91225490906887]]]}},{"type":"Feature","properties":{"jobs":0,"pop":51,"pointCount":2,"homeWorkCommuteMedian":4448,"workHomeCommuteMedian":-1},"geometry":{"type":"Polygon","coordinates":[[[17.279896498205677,50.92124811270612],[17.279896498205677,50.93024131634336],[17.288889701842923,50.93024131634336],[17.288889701842923,50.92124811270612],[17.279896498205677,50.92124811270612]]]}},{"type":"Feature","properties":{"jobs":0,"pop":122,"pointCount":2,"homeWorkCommuteMedian":1856,"workHomeCommuteMedian":-1},"geometry":{"type":"Polygon","coordinates":[[[17.279896498205677,50.93024131634336],[17.279896498205677,50.93923451998061],[17.288889701842923,50.93923451998061],[17.288889701842923,50.93024131634336],[17.279896498205677,50.93024131634336]]]}},{"type":"Feature","properties":{"jobs":870,"pop":1212,"pointCount":10,"homeWorkCommuteMedian":3664,"workHomeCommuteMedian":1994},"geometry":{"type":"Polygon","coordinates":[[[17.279896498205677,50.93923451998061],[17.279896498205677,50.948227723617855],[17.288889701842923,50.948227723617855],[17.288889701842923,50.93923451998061],[17.279896498205677,50.93923451998061]]]}},{"type":"Feature","properties":{"jobs":1360,"pop":467,"pointCount":14,"homeWorkCommuteMedian":2933,"workHomeCommuteMedian":2396},"geometry":{"type":"Polygon","coordinates":[[[17.279896498205677,50.948227723617855],[17.279896498205677,50.9572209272551],[17.288889701842923,50.9572209272551],[17.288889701842923,50.948227723617855],[17.279896498205677,50.948227723617855]]]}},{"type":"Feature","properties":{"jobs":0,"pop":41,"pointCount":1,"homeWorkCommuteMedian":2825,"workHomeCommuteMedian":-1},"geometry":{"type":"Polygon","coordinates":[[[17.279896498205677,50.9572209272551],[17.279896498205677,50.96621413089235],[17.288889701842923,50.96621413089235],[17.288889701842923,50.9572209272551],[17.279896498205677,50.9572209272551]]]}},{"type":"Feature","properties":{"jobs":0,"pop":88,"pointCount":1,"homeWorkCommuteMedian":7513,"workHomeCommuteMedian":-1},"geometry":{"type":"Polygon","coordinates":[[[17.279896498205677,50.98420053816684],[17.279896498205677,50.993193741804085],[17.288889701842923,50.993193741804085],[17.288889701842923,50.98420053816684],[17.279896498205677,50.98420053816684]]]}},{"type":"Feature","properties":{"jobs":0,"pop":26,"pointCount":1,"homeWorkCommuteMedian":6264,"workHomeCommuteMedian":-1},"geometry":{"type":"Polygon","coordinates":[[[17.279896498205677,51.02916655635307],[17.279896498205677,51.038159759990315],[17.288889701842923,51.038159759990315],[17.288889701842923,51.02916655635307],[17.279896498205677,51.02916655635307]]]}},{"type":"Feature","properties":{"jobs":0,"pop":64,"pointCount":2,"homeWorkCommuteMedian":6468,"workHomeCommuteMedian":-1},"geometry":{"type":"Polygon","coordinates":[[[17.279896498205677,51.06513937090205],[17.279896498205677,51.0741325745393],[17.288889701842923,51.0741325745393],[17.288889701842923,51.06513937090205],[17.279896498205677,51.06513937090205]]]}},{"type":"Feature","properties":{"jobs":123,"pop":215,"pointCount":7,"homeWorkCommuteMedian":9140,"workHomeCommuteMedian":8257},"geometry":{"type":"Polygon","coordinates":[[[17.279896498205677,51.0741325745393],[17.279896498205677,51.083125778176544],[17.288889701842923,51.083125778176544],[17.288889701842923,51.0741325745393],[17.279896498205677,51.0741325745393]]]}},{"type":"Feature","properties":{"jobs":119,"pop":46,"pointCount":3,"homeWorkCommuteMedian":42612,"workHomeCommuteMedian":10655},"geometry":{"type":"Polygon","coordinates":[[[17.279896498205677,51.083125778176544],[17.279896498205677,51.09211898181379],[17.288889701842923,51.09211898181379],[17.288889701842923,51.083125778176544],[17.279896498205677,51.083125778176544]]]}},{"type":"Feature","properties":{"jobs":65,"pop":186,"pointCount":4,"homeWorkCommuteMedian":12181,"workHomeCommuteMedian":25258},"geometry":{"type":"Polygon","coordinates":[[[17.279896498205677,51.128091796362774],[17.279896498205677,51.13708500000002],[17.288889701842923,51.13708500000002],[17.288889701842923,51.128091796362774],[17.279896498205677,51.128091796362774]]]}},{"type":"Feature","properties":{"jobs":38,"pop":0,"pointCount":1,"homeWorkCommuteMedian":-1,"workHomeCommuteMedian":35493},"geometry":{"type":"Polygon","coordinates":[[[17.279896498205677,51.13708500000002],[17.279896498205677,51.146078203637266],[17.288889701842923,51.146078203637266],[17.288889701842923,51.13708500000002],[17.279896498205677,51.13708500000002]]]}},{"type":"Feature","properties":{"jobs":0,"pop":25,"pointCount":1,"homeWorkCommuteMedian":9030,"workHomeCommuteMedian":-1},"geometry":{"type":"Polygon","coordinates":[[[17.279896498205677,51.146078203637266],[17.279896498205677,51.15507140727451],[17.288889701842923,51.15507140727451],[17.288889701842923,51.146078203637266],[17.279896498205677,51.146078203637266]]]}},{"type":"Feature","properties":{"jobs":0,"pop":59,"pointCount":1,"homeWorkCommuteMedian":9710,"workHomeCommuteMedian":-1},"geometry":{"type":"Polygon","coordinates":[[[17.279896498205677,51.16406461091176],[17.279896498205677,51.173057814549004],[17.288889701842923,51.173057814549004],[17.288889701842923,51.16406461091176],[17.279896498205677,51.16406461091176]]]}},{"type":"Feature","properties":{"jobs":0,"pop":263,"pointCount":4,"homeWorkCommuteMedian":14340,"workHomeCommuteMedian":-1},"geometry":{"type":"Polygon","coordinates":[[[17.279896498205677,51.18205101818625],[17.279896498205677,51.191044221823496],[17.288889701842923,51.191044221823496],[17.288889701842923,51.18205101818625],[17.279896498205677,51.18205101818625]]]}},{"type":"Feature","properties":{"jobs":22,"pop":60,"pointCount":2,"homeWorkCommuteMedian":20925,"workHomeCommuteMedian":39661},"geometry":{"type":"Polygon","coordinates":[[[17.279896498205677,51.191044221823496],[17.279896498205677,51.20003742546074],[17.288889701842923,51.20003742546074],[17.288889701842923,51.191044221823496],[17.279896498205677,51.191044221823496]]]}},{"type":"Feature","properties":{"jobs":0,"pop":37,"pointCount":1,"homeWorkCommuteMedian":34148,"workHomeCommuteMedian":-1},"geometry":{"type":"Polygon","coordinates":[[[17.279896498205677,51.20003742546074],[17.279896498205677,51.20903062909799],[17.288889701842923,51.20903062909799],[17.288889701842923,51.20003742546074],[17.279896498205677,51.20003742546074]]]}},{"type":"Feature","properties":{"jobs":138,"pop":147,"pointCount":5,"homeWorkCommuteMedian":9903,"workHomeCommuteMedian":25015},"geometry":{"type":"Polygon","coordinates":[[[17.279896498205677,51.20903062909799],[17.279896498205677,51.218023832735234],[17.288889701842923,51.218023832735234],[17.288889701842923,51.20903062909799],[17.279896498205677,51.20903062909799]]]}},{"type":"Feature","properties":{"jobs":124,"pop":191,"pointCount":8,"homeWorkCommuteMedian":9923,"workHomeCommuteMedian":24376},"geometry":{"type":"Polygon","coordinates":[[[17.279896498205677,51.236010240009726],[17.279896498205677,51.24500344364697],[17.288889701842923,51.24500344364697],[17.288889701842923,51.236010240009726],[17.279896498205677,51.236010240009726]]]}},{"type":"Feature","properties":{"jobs":0,"pop":65,"pointCount":2,"homeWorkCommuteMedian":33696,"workHomeCommuteMedian":-1},"geometry":{"type":"Polygon","coordinates":[[[17.279896498205677,51.262989850921464],[17.279896498205677,51.27198305455871],[17.288889701842923,51.27198305455871],[17.288889701842923,51.262989850921464],[17.279896498205677,51.262989850921464]]]}},{"type":"Feature","properties":{"jobs":47,"pop":50,"pointCount":3,"homeWorkCommuteMedian":15352,"workHomeCommuteMedian":46689},"geometry":{"type":"Polygon","coordinates":[[[17.279896498205677,51.2899694618332],[17.279896498205677,51.29896266547045],[17.288889701842923,51.29896266547045],[17.288889701842923,51.2899694618332],[17.279896498205677,51.2899694618332]]]}},{"type":"Feature","properties":{"jobs":0,"pop":97,"pointCount":2,"homeWorkCommuteMedian":8784,"workHomeCommuteMedian":-1},"geometry":{"type":"Polygon","coordinates":[[[17.279896498205677,51.29896266547045],[17.279896498205677,51.307955869107694],[17.288889701842923,51.307955869107694],[17.288889701842923,51.29896266547045],[17.279896498205677,51.29896266547045]]]}},{"type":"Feature","properties":{"jobs":86,"pop":151,"pointCount":6,"homeWorkCommuteMedian":10050,"workHomeCommuteMedian":10374},"geometry":{"type":"Polygon","coordinates":[[[17.279896498205677,51.352921887293924],[17.279896498205677,51.36191509093117],[17.288889701842923,51.36191509093117],[17.288889701842923,51.352921887293924],[17.279896498205677,51.352921887293924]]]}},{"type":"Feature","properties":{"jobs":79,"pop":186,"pointCount":7,"homeWorkCommuteMedian":9843,"workHomeCommuteMedian":33635},"geometry":{"type":"Polygon","coordinates":[[[17.288889701842923,50.87628209451989],[17.288889701842923,50.88527529815713],[17.29788290548017,50.88527529815713],[17.29788290548017,50.87628209451989],[17.288889701842923,50.87628209451989]]]}},{"type":"Feature","properties":{"jobs":37,"pop":75,"pointCount":3,"homeWorkCommuteMedian":8822,"workHomeCommuteMedian":11460},"geometry":{"type":"Polygon","coordinates":[[[17.288889701842923,50.88527529815713],[17.288889701842923,50.89426850179438],[17.29788290548017,50.89426850179438],[17.29788290548017,50.88527529815713],[17.288889701842923,50.88527529815713]]]}},{"type":"Feature","properties":{"jobs":32,"pop":31,"pointCount":2,"homeWorkCommuteMedian":3021,"workHomeCommuteMedian":39731},"geometry":{"type":"Polygon","coordinates":[[[17.288889701842923,50.92124811270612],[17.288889701842923,50.93024131634336],[17.29788290548017,50.93024131634336],[17.29788290548017,50.92124811270612],[17.288889701842923,50.92124811270612]]]}},{"type":"Feature","properties":{"jobs":298,"pop":127,"pointCount":3,"homeWorkCommuteMedian":2396,"workHomeCommuteMedian":2176},"geometry":{"type":"Polygon","coordinates":[[[17.288889701842923,50.93024131634336],[17.288889701842923,50.93923451998061],[17.29788290548017,50.93923451998061],[17.29788290548017,50.93024131634336],[17.288889701842923,50.93024131634336]]]}},{"type":"Feature","properties":{"jobs":1314,"pop":1872,"pointCount":16,"homeWorkCommuteMedian":2219,"workHomeCommuteMedian":1673},"geometry":{"type":"Polygon","coordinates":[[[17.288889701842923,50.93923451998061],[17.288889701842923,50.948227723617855],[17.29788290548017,50.948227723617855],[17.29788290548017,50.93923451998061],[17.288889701842923,50.93923451998061]]]}},{"type":"Feature","properties":{"jobs":76,"pop":522,"pointCount":8,"homeWorkCommuteMedian":5915,"workHomeCommuteMedian":14651},"geometry":{"type":"Polygon","coordinates":[[[17.288889701842923,50.948227723617855],[17.288889701842923,50.9572209272551],[17.29788290548017,50.9572209272551],[17.29788290548017,50.948227723617855],[17.288889701842923,50.948227723617855]]]}},{"type":"Feature","properties":{"jobs":680,"pop":32,"pointCount":2,"homeWorkCommuteMedian":2435,"workHomeCommuteMedian":3447},"geometry":{"type":"Polygon","coordinates":[[[17.288889701842923,51.02916655635307],[17.288889701842923,51.038159759990315],[17.29788290548017,51.038159759990315],[17.29788290548017,51.02916655635307],[17.288889701842923,51.02916655635307]]]}},{"type":"Feature","properties":{"jobs":44,"pop":38,"pointCount":2,"homeWorkCommuteMedian":5127,"workHomeCommuteMedian":6135},"geometry":{"type":"Polygon","coordinates":[[[17.288889701842923,51.038159759990315],[17.288889701842923,51.04715296362756],[17.29788290548017,51.04715296362756],[17.29788290548017,51.038159759990315],[17.288889701842923,51.038159759990315]]]}},{"type":"Feature","properties":{"jobs":0,"pop":27,"pointCount":1,"homeWorkCommuteMedian":21549,"workHomeCommuteMedian":-1},"geometry":{"type":"Polygon","coordinates":[[[17.288889701842923,51.06513937090205],[17.288889701842923,51.0741325745393],[17.29788290548017,51.0741325745393],[17.29788290548017,51.06513937090205],[17.288889701842923,51.06513937090205]]]}},{"type":"Feature","properties":{"jobs":0,"pop":165,"pointCount":2,"homeWorkCommuteMedian":7013,"workHomeCommuteMedian":-1},"geometry":{"type":"Polygon","coordinates":[[[17.288889701842923,51.0741325745393],[17.288889701842923,51.083125778176544],[17.29788290548017,51.083125778176544],[17.29788290548017,51.0741325745393],[17.288889701842923,51.0741325745393]]]}},{"type":"Feature","properties":{"jobs":96,"pop":151,"pointCount":5,"homeWorkCommuteMedian":12996,"workHomeCommuteMedian":7939},"geometry":{"type":"Polygon","coordinates":[[[17.288889701842923,51.083125778176544],[17.288889701842923,51.09211898181379],[17.29788290548017,51.09211898181379],[17.29788290548017,51.083125778176544],[17.288889701842923,51.083125778176544]]]}},{"type":"Feature","properties":{"jobs":168,"pop":91,"pointCount":3,"homeWorkCommuteMedian":25084,"workHomeCommuteMedian":2628},"geometry":{"type":"Polygon","coordinates":[[[17.288889701842923,51.09211898181379],[17.288889701842923,51.101112185451036],[17.29788290548017,51.101112185451036],[17.29788290548017,51.09211898181379],[17.288889701842923,51.09211898181379]]]}},{"type":"Feature","properties":{"jobs":0,"pop":65,"pointCount":1,"homeWorkCommuteMedian":14141,"workHomeCommuteMedian":-1},"geometry":{"type":"Polygon","coordinates":[[[17.288889701842923,51.128091796362774],[17.288889701842923,51.13708500000002],[17.29788290548017,51.13708500000002],[17.29788290548017,51.128091796362774],[17.288889701842923,51.128091796362774]]]}},{"type":"Feature","properties":{"jobs":0,"pop":33,"pointCount":1,"homeWorkCommuteMedian":11474,"workHomeCommuteMedian":-1},"geometry":{"type":"Polygon","coordinates":[[[17.288889701842923,51.146078203637266],[17.288889701842923,51.15507140727451],[17.29788290548017,51.15507140727451],[17.29788290548017,51.146078203637266],[17.288889701842923,51.146078203637266]]]}},{"type":"Feature","properties":{"jobs":74,"pop":130,"pointCount":4,"homeWorkCommuteMedian":28722,"workHomeCommuteMedian":9783},"geometry":{"type":"Polygon","coordinates":[[[17.288889701842923,51.236010240009726],[17.288889701842923,51.24500344364697],[17.29788290548017,51.24500344364697],[17.29788290548017,51.236010240009726],[17.288889701842923,51.236010240009726]]]}},{"type":"Feature","properties":{"jobs":34,"pop":0,"pointCount":1,"homeWorkCommuteMedian":-1,"workHomeCommuteMedian":11610},"geometry":{"type":"Polygon","coordinates":[[[17.29788290548017,50.903261705431625],[17.29788290548017,50.91225490906887],[17.306876109117415,50.91225490906887],[17.306876109117415,50.903261705431625],[17.29788290548017,50.903261705431625]]]}},{"type":"Feature","properties":{"jobs":299,"pop":91,"pointCount":4,"homeWorkCommuteMedian":3263,"workHomeCommuteMedian":5332},"geometry":{"type":"Polygon","coordinates":[[[17.29788290548017,50.91225490906887],[17.29788290548017,50.92124811270612],[17.306876109117415,50.92124811270612],[17.306876109117415,50.91225490906887],[17.29788290548017,50.91225490906887]]]}},{"type":"Feature","properties":{"jobs":976,"pop":537,"pointCount":10,"homeWorkCommuteMedian":3530,"workHomeCommuteMedian":4806},"geometry":{"type":"Polygon","coordinates":[[[17.29788290548017,50.92124811270612],[17.29788290548017,50.93024131634336],[17.306876109117415,50.93024131634336],[17.306876109117415,50.92124811270612],[17.29788290548017,50.92124811270612]]]}},{"type":"Feature","properties":{"jobs":2172,"pop":1259,"pointCount":10,"homeWorkCommuteMedian":2342,"workHomeCommuteMedian":2860},"geometry":{"type":"Polygon","coordinates":[[[17.29788290548017,50.93024131634336],[17.29788290548017,50.93923451998061],[17.306876109117415,50.93923451998061],[17.306876109117415,50.93024131634336],[17.29788290548017,50.93024131634336]]]}},{"type":"Feature","properties":{"jobs":1509,"pop":3458,"pointCount":22,"homeWorkCommuteMedian":2217,"workHomeCommuteMedian":2296},"geometry":{"type":"Polygon","coordinates":[[[17.29788290548017,50.93923451998061],[17.29788290548017,50.948227723617855],[17.306876109117415,50.948227723617855],[17.306876109117415,50.93923451998061],[17.29788290548017,50.93923451998061]]]}},{"type":"Feature","properties":{"jobs":89,"pop":35,"pointCount":3,"homeWorkCommuteMedian":2251,"workHomeCommuteMedian":2833},"geometry":{"type":"Polygon","coordinates":[[[17.29788290548017,50.948227723617855],[17.29788290548017,50.9572209272551],[17.306876109117415,50.9572209272551],[17.306876109117415,50.948227723617855],[17.29788290548017,50.948227723617855]]]}},{"type":"Feature","properties":{"jobs":68,"pop":72,"pointCount":3,"homeWorkCommuteMedian":1907,"workHomeCommuteMedian":2670},"geometry":{"type":"Polygon","coordinates":[[[17.29788290548017,51.02017335271582],[17.29788290548017,51.02916655635307],[17.306876109117415,51.02916655635307],[17.306876109117415,51.02017335271582],[17.29788290548017,51.02017335271582]]]}},{"type":"Feature","properties":{"jobs":841,"pop":0,"pointCount":3,"homeWorkCommuteMedian":-1,"workHomeCommuteMedian":3802},"geometry":{"type":"Polygon","coordinates":[[[17.29788290548017,51.02916655635307],[17.29788290548017,51.038159759990315],[17.306876109117415,51.038159759990315],[17.306876109117415,51.02916655635307],[17.29788290548017,51.02916655635307]]]}},{"type":"Feature","properties":{"jobs":43,"pop":156,"pointCount":4,"homeWorkCommuteMedian":2453,"workHomeCommuteMedian":3004},"geometry":{"type":"Polygon","coordinates":[[[17.29788290548017,51.038159759990315],[17.29788290548017,51.04715296362756],[17.306876109117415,51.04715296362756],[17.306876109117415,51.038159759990315],[17.29788290548017,51.038159759990315]]]}},{"type":"Feature","properties":{"jobs":0,"pop":40,"pointCount":1,"homeWorkCommuteMedian":3004,"workHomeCommuteMedian":-1},"geometry":{"type":"Polygon","coordinates":[[[17.29788290548017,51.04715296362756],[17.29788290548017,51.05614616726481],[17.306876109117415,51.05614616726481],[17.306876109117415,51.04715296362756],[17.29788290548017,51.04715296362756]]]}},{"type":"Feature","properties":{"jobs":0,"pop":80,"pointCount":2,"homeWorkCommuteMedian":4271,"workHomeCommuteMedian":-1},"geometry":{"type":"Polygon","coordinates":[[[17.29788290548017,51.05614616726481],[17.29788290548017,51.06513937090205],[17.306876109117415,51.06513937090205],[17.306876109117415,51.05614616726481],[17.29788290548017,51.05614616726481]]]}},{"type":"Feature","properties":{"jobs":0,"pop":134,"pointCount":1,"homeWorkCommuteMedian":11515,"workHomeCommuteMedian":-1},"geometry":{"type":"Polygon","coordinates":[[[17.29788290548017,51.083125778176544],[17.29788290548017,51.09211898181379],[17.306876109117415,51.09211898181379],[17.306876109117415,51.083125778176544],[17.29788290548017,51.083125778176544]]]}},{"type":"Feature","properties":{"jobs":43,"pop":167,"pointCount":5,"homeWorkCommuteMedian":22249,"workHomeCommuteMedian":25558},"geometry":{"type":"Polygon","coordinates":[[[17.29788290548017,51.09211898181379],[17.29788290548017,51.101112185451036],[17.306876109117415,51.101112185451036],[17.306876109117415,51.09211898181379],[17.29788290548017,51.09211898181379]]]}},{"type":"Feature","properties":{"jobs":0,"pop":180,"pointCount":5,"homeWorkCommuteMedian":13385,"workHomeCommuteMedian":-1},"geometry":{"type":"Polygon","coordinates":[[[17.29788290548017,51.101112185451036],[17.29788290548017,51.11010538908828],[17.306876109117415,51.11010538908828],[17.306876109117415,51.101112185451036],[17.29788290548017,51.101112185451036]]]}},{"type":"Feature","properties":{"jobs":39,"pop":53,"pointCount":1,"homeWorkCommuteMedian":11112,"workHomeCommuteMedian":12694},"geometry":{"type":"Polygon","coordinates":[[[17.29788290548017,51.146078203637266],[17.29788290548017,51.15507140727451],[17.306876109117415,51.15507140727451],[17.306876109117415,51.146078203637266],[17.29788290548017,51.146078203637266]]]}},{"type":"Feature","properties":{"jobs":0,"pop":29,"pointCount":1,"homeWorkCommuteMedian":17212,"workHomeCommuteMedian":-1},"geometry":{"type":"Polygon","coordinates":[[[17.29788290548017,51.15507140727451],[17.29788290548017,51.16406461091176],[17.306876109117415,51.16406461091176],[17.306876109117415,51.15507140727451],[17.29788290548017,51.15507140727451]]]}},{"type":"Feature","properties":{"jobs":58,"pop":29,"pointCount":2,"homeWorkCommuteMedian":6620,"workHomeCommuteMedian":43876},"geometry":{"type":"Polygon","coordinates":[[[17.29788290548017,51.22701703637248],[17.29788290548017,51.236010240009726],[17.306876109117415,51.236010240009726],[17.306876109117415,51.22701703637248],[17.29788290548017,51.22701703637248]]]}},{"type":"Feature","properties":{"jobs":0,"pop":21,"pointCount":1,"homeWorkCommuteMedian":20138,"workHomeCommuteMedian":-1},"geometry":{"type":"Polygon","coordinates":[[[17.306876109117415,50.83131607633366],[17.306876109117415,50.8403092799709],[17.31586931275466,50.8403092799709],[17.31586931275466,50.83131607633366],[17.306876109117415,50.83131607633366]]]}},{"type":"Feature","properties":{"jobs":71,"pop":23,"pointCount":3,"homeWorkCommuteMedian":5435,"workHomeCommuteMedian":17124},"geometry":{"type":"Polygon","coordinates":[[[17.306876109117415,50.86728889088264],[17.306876109117415,50.87628209451989],[17.31586931275466,50.87628209451989],[17.31586931275466,50.86728889088264],[17.306876109117415,50.86728889088264]]]}},{"type":"Feature","properties":{"jobs":117,"pop":200,"pointCount":6,"homeWorkCommuteMedian":2730,"workHomeCommuteMedian":41691},"geometry":{"type":"Polygon","coordinates":[[[17.306876109117415,50.903261705431625],[17.306876109117415,50.91225490906887],[17.31586931275466,50.91225490906887],[17.31586931275466,50.903261705431625],[17.306876109117415,50.903261705431625]]]}},{"type":"Feature","properties":{"jobs":135,"pop":0,"pointCount":3,"homeWorkCommuteMedian":-1,"workHomeCommuteMedian":4992},"geometry":{"type":"Polygon","coordinates":[[[17.306876109117415,50.91225490906887],[17.306876109117415,50.92124811270612],[17.31586931275466,50.92124811270612],[17.31586931275466,50.91225490906887],[17.306876109117415,50.91225490906887]]]}},{"type":"Feature","properties":{"jobs":1464,"pop":0,"pointCount":1,"homeWorkCommuteMedian":-1,"workHomeCommuteMedian":4262},"geometry":{"type":"Polygon","coordinates":[[[17.306876109117415,50.92124811270612],[17.306876109117415,50.93024131634336],[17.31586931275466,50.93024131634336],[17.31586931275466,50.92124811270612],[17.306876109117415,50.92124811270612]]]}},{"type":"Feature","properties":{"jobs":1538,"pop":0,"pointCount":3,"homeWorkCommuteMedian":-1,"workHomeCommuteMedian":3830},"geometry":{"type":"Polygon","coordinates":[[[17.306876109117415,50.93024131634336],[17.306876109117415,50.93923451998061],[17.31586931275466,50.93923451998061],[17.31586931275466,50.93024131634336],[17.306876109117415,50.93024131634336]]]}},{"type":"Feature","properties":{"jobs":617,"pop":272,"pointCount":6,"homeWorkCommuteMedian":3618,"workHomeCommuteMedian":3058},"geometry":{"type":"Polygon","coordinates":[[[17.306876109117415,50.93923451998061],[17.306876109117415,50.948227723617855],[17.31586931275466,50.948227723617855],[17.31586931275466,50.93923451998061],[17.306876109117415,50.93923451998061]]]}},{"type":"Feature","properties":{"jobs":87,"pop":0,"pointCount":1,"homeWorkCommuteMedian":-1,"workHomeCommuteMedian":1870},"geometry":{"type":"Polygon","coordinates":[[[17.306876109117415,50.948227723617855],[17.306876109117415,50.9572209272551],[17.31586931275466,50.9572209272551],[17.31586931275466,50.948227723617855],[17.306876109117415,50.948227723617855]]]}},{"type":"Feature","properties":{"jobs":83,"pop":145,"pointCount":5,"homeWorkCommuteMedian":3290,"workHomeCommuteMedian":8332},"geometry":{"type":"Polygon","coordinates":[[[17.306876109117415,51.01118014907858],[17.306876109117415,51.02017335271582],[17.31586931275466,51.02017335271582],[17.31586931275466,51.01118014907858],[17.306876109117415,51.01118014907858]]]}},{"type":"Feature","properties":{"jobs":1152,"pop":106,"pointCount":10,"homeWorkCommuteMedian":2189,"workHomeCommuteMedian":3036},"geometry":{"type":"Polygon","coordinates":[[[17.306876109117415,51.02017335271582],[17.306876109117415,51.02916655635307],[17.31586931275466,51.02916655635307],[17.31586931275466,51.02017335271582],[17.306876109117415,51.02017335271582]]]}},{"type":"Feature","properties":{"jobs":3459,"pop":55,"pointCount":5,"homeWorkCommuteMedian":2430,"workHomeCommuteMedian":3620},"geometry":{"type":"Polygon","coordinates":[[[17.306876109117415,51.02916655635307],[17.306876109117415,51.038159759990315],[17.31586931275466,51.038159759990315],[17.31586931275466,51.02916655635307],[17.306876109117415,51.02916655635307]]]}},{"type":"Feature","properties":{"jobs":0,"pop":172,"pointCount":5,"homeWorkCommuteMedian":2216,"workHomeCommuteMedian":-1},"geometry":{"type":"Polygon","coordinates":[[[17.306876109117415,51.038159759990315],[17.306876109117415,51.04715296362756],[17.31586931275466,51.04715296362756],[17.31586931275466,51.038159759990315],[17.306876109117415,51.038159759990315]]]}},{"type":"Feature","properties":{"jobs":177,"pop":251,"pointCount":10,"homeWorkCommuteMedian":3109,"workHomeCommuteMedian":4994},"geometry":{"type":"Polygon","coordinates":[[[17.306876109117415,51.04715296362756],[17.306876109117415,51.05614616726481],[17.31586931275466,51.05614616726481],[17.31586931275466,51.04715296362756],[17.306876109117415,51.04715296362756]]]}},{"type":"Feature","properties":{"jobs":28,"pop":0,"pointCount":1,"homeWorkCommuteMedian":-1,"workHomeCommuteMedian":15955},"geometry":{"type":"Polygon","coordinates":[[[17.306876109117415,51.05614616726481],[17.306876109117415,51.06513937090205],[17.31586931275466,51.06513937090205],[17.31586931275466,51.05614616726481],[17.306876109117415,51.05614616726481]]]}},{"type":"Feature","properties":{"jobs":51,"pop":167,"pointCount":3,"homeWorkCommuteMedian":21832,"workHomeCommuteMedian":24190},"geometry":{"type":"Polygon","coordinates":[[[17.306876109117415,51.09211898181379],[17.306876109117415,51.101112185451036],[17.31586931275466,51.101112185451036],[17.31586931275466,51.09211898181379],[17.306876109117415,51.09211898181379]]]}},{"type":"Feature","properties":{"jobs":0,"pop":73,"pointCount":2,"homeWorkCommuteMedian":11680,"workHomeCommuteMedian":-1},"geometry":{"type":"Polygon","coordinates":[[[17.306876109117415,51.146078203637266],[17.306876109117415,51.15507140727451],[17.31586931275466,51.15507140727451],[17.31586931275466,51.146078203637266],[17.306876109117415,51.146078203637266]]]}},{"type":"Feature","properties":{"jobs":0,"pop":21,"pointCount":1,"homeWorkCommuteMedian":11971,"workHomeCommuteMedian":-1},"geometry":{"type":"Polygon","coordinates":[[[17.306876109117415,51.18205101818625],[17.306876109117415,51.191044221823496],[17.31586931275466,51.191044221823496],[17.31586931275466,51.18205101818625],[17.306876109117415,51.18205101818625]]]}},{"type":"Feature","properties":{"jobs":97,"pop":0,"pointCount":2,"homeWorkCommuteMedian":-1,"workHomeCommuteMedian":27955},"geometry":{"type":"Polygon","coordinates":[[[17.306876109117415,51.191044221823496],[17.306876109117415,51.20003742546074],[17.31586931275466,51.20003742546074],[17.31586931275466,51.191044221823496],[17.306876109117415,51.191044221823496]]]}},{"type":"Feature","properties":{"jobs":0,"pop":92,"pointCount":2,"homeWorkCommuteMedian":35188,"workHomeCommuteMedian":-1},"geometry":{"type":"Polygon","coordinates":[[[17.306876109117415,51.236010240009726],[17.306876109117415,51.24500344364697],[17.31586931275466,51.24500344364697],[17.31586931275466,51.236010240009726],[17.306876109117415,51.236010240009726]]]}},{"type":"Feature","properties":{"jobs":24,"pop":73,"pointCount":3,"homeWorkCommuteMedian":58294,"workHomeCommuteMedian":20106},"geometry":{"type":"Polygon","coordinates":[[[17.306876109117415,51.24500344364697],[17.306876109117415,51.25399664728422],[17.31586931275466,51.25399664728422],[17.31586931275466,51.24500344364697],[17.306876109117415,51.24500344364697]]]}},{"type":"Feature","properties":{"jobs":0,"pop":67,"pointCount":1,"homeWorkCommuteMedian":6072,"workHomeCommuteMedian":-1},"geometry":{"type":"Polygon","coordinates":[[[17.306876109117415,51.29896266547045],[17.306876109117415,51.307955869107694],[17.31586931275466,51.307955869107694],[17.31586931275466,51.29896266547045],[17.306876109117415,51.29896266547045]]]}},{"type":"Feature","properties":{"jobs":103,"pop":139,"pointCount":5,"homeWorkCommuteMedian":13761,"workHomeCommuteMedian":14909},"geometry":{"type":"Polygon","coordinates":[[[17.31586931275466,50.83131607633366],[17.31586931275466,50.8403092799709],[17.324862516391907,50.8403092799709],[17.324862516391907,50.83131607633366],[17.31586931275466,50.83131607633366]]]}},{"type":"Feature","properties":{"jobs":0,"pop":54,"pointCount":1,"homeWorkCommuteMedian":9944,"workHomeCommuteMedian":-1},"geometry":{"type":"Polygon","coordinates":[[[17.31586931275466,50.84930248360815],[17.31586931275466,50.858295687245395],[17.324862516391907,50.858295687245395],[17.324862516391907,50.84930248360815],[17.31586931275466,50.84930248360815]]]}},{"type":"Feature","properties":{"jobs":41,"pop":76,"pointCount":2,"homeWorkCommuteMedian":6523,"workHomeCommuteMedian":54964},"geometry":{"type":"Polygon","coordinates":[[[17.31586931275466,50.858295687245395],[17.31586931275466,50.86728889088264],[17.324862516391907,50.86728889088264],[17.324862516391907,50.858295687245395],[17.31586931275466,50.858295687245395]]]}},{"type":"Feature","properties":{"jobs":0,"pop":33,"pointCount":1,"homeWorkCommuteMedian":38904,"workHomeCommuteMedian":-1},"geometry":{"type":"Polygon","coordinates":[[[17.31586931275466,50.86728889088264],[17.31586931275466,50.87628209451989],[17.324862516391907,50.87628209451989],[17.324862516391907,50.86728889088264],[17.31586931275466,50.86728889088264]]]}},{"type":"Feature","properties":{"jobs":274,"pop":0,"pointCount":1,"homeWorkCommuteMedian":-1,"workHomeCommuteMedian":5713},"geometry":{"type":"Polygon","coordinates":[[[17.31586931275466,50.89426850179438],[17.31586931275466,50.903261705431625],[17.324862516391907,50.903261705431625],[17.324862516391907,50.89426850179438],[17.31586931275466,50.89426850179438]]]}},{"type":"Feature","properties":{"jobs":49,"pop":70,"pointCount":3,"homeWorkCommuteMedian":2533,"workHomeCommuteMedian":8430},"geometry":{"type":"Polygon","coordinates":[[[17.31586931275466,50.903261705431625],[17.31586931275466,50.91225490906887],[17.324862516391907,50.91225490906887],[17.324862516391907,50.903261705431625],[17.31586931275466,50.903261705431625]]]}},{"type":"Feature","properties":{"jobs":1304,"pop":67,"pointCount":6,"homeWorkCommuteMedian":1064,"workHomeCommuteMedian":3889},"geometry":{"type":"Polygon","coordinates":[[[17.31586931275466,50.93024131634336],[17.31586931275466,50.93923451998061],[17.324862516391907,50.93923451998061],[17.324862516391907,50.93024131634336],[17.31586931275466,50.93024131634336]]]}},{"type":"Feature","properties":{"jobs":262,"pop":609,"pointCount":7,"homeWorkCommuteMedian":4262,"workHomeCommuteMedian":4930},"geometry":{"type":"Polygon","coordinates":[[[17.31586931275466,50.93923451998061],[17.31586931275466,50.948227723617855],[17.324862516391907,50.948227723617855],[17.324862516391907,50.93923451998061],[17.31586931275466,50.93923451998061]]]}},{"type":"Feature","properties":{"jobs":0,"pop":92,"pointCount":1,"homeWorkCommuteMedian":27607,"workHomeCommuteMedian":-1},"geometry":{"type":"Polygon","coordinates":[[[17.31586931275466,51.01118014907858],[17.31586931275466,51.02017335271582],[17.324862516391907,51.02017335271582],[17.324862516391907,51.01118014907858],[17.31586931275466,51.01118014907858]]]}},{"type":"Feature","properties":{"jobs":1582,"pop":392,"pointCount":11,"homeWorkCommuteMedian":3269,"workHomeCommuteMedian":3095},"geometry":{"type":"Polygon","coordinates":[[[17.31586931275466,51.02017335271582],[17.31586931275466,51.02916655635307],[17.324862516391907,51.02916655635307],[17.324862516391907,51.02017335271582],[17.31586931275466,51.02017335271582]]]}},{"type":"Feature","properties":{"jobs":319,"pop":843,"pointCount":6,"homeWorkCommuteMedian":1560,"workHomeCommuteMedian":2412},"geometry":{"type":"Polygon","coordinates":[[[17.31586931275466,51.02916655635307],[17.31586931275466,51.038159759990315],[17.324862516391907,51.038159759990315],[17.324862516391907,51.02916655635307],[17.31586931275466,51.02916655635307]]]}},{"type":"Feature","properties":{"jobs":138,"pop":154,"pointCount":5,"homeWorkCommuteMedian":3926,"workHomeCommuteMedian":5300},"geometry":{"type":"Polygon","coordinates":[[[17.31586931275466,51.04715296362756],[17.31586931275466,51.05614616726481],[17.324862516391907,51.05614616726481],[17.324862516391907,51.04715296362756],[17.31586931275466,51.04715296362756]]]}},{"type":"Feature","properties":{"jobs":0,"pop":25,"pointCount":1,"homeWorkCommuteMedian":2948,"workHomeCommuteMedian":-1},"geometry":{"type":"Polygon","coordinates":[[[17.31586931275466,51.05614616726481],[17.31586931275466,51.06513937090205],[17.324862516391907,51.06513937090205],[17.324862516391907,51.05614616726481],[17.31586931275466,51.05614616726481]]]}},{"type":"Feature","properties":{"jobs":0,"pop":83,"pointCount":3,"homeWorkCommuteMedian":24901,"workHomeCommuteMedian":-1},"geometry":{"type":"Polygon","coordinates":[[[17.31586931275466,51.09211898181379],[17.31586931275466,51.101112185451036],[17.324862516391907,51.101112185451036],[17.324862516391907,51.09211898181379],[17.31586931275466,51.09211898181379]]]}},{"type":"Feature","properties":{"jobs":0,"pop":32,"pointCount":1,"homeWorkCommuteMedian":8391,"workHomeCommuteMedian":-1},"geometry":{"type":"Polygon","coordinates":[[[17.31586931275466,51.101112185451036],[17.31586931275466,51.11010538908828],[17.324862516391907,51.11010538908828],[17.324862516391907,51.101112185451036],[17.31586931275466,51.101112185451036]]]}},{"type":"Feature","properties":{"jobs":0,"pop":48,"pointCount":1,"homeWorkCommuteMedian":17554,"workHomeCommuteMedian":-1},"geometry":{"type":"Polygon","coordinates":[[[17.31586931275466,51.173057814549004],[17.31586931275466,51.18205101818625],[17.324862516391907,51.18205101818625],[17.324862516391907,51.173057814549004],[17.31586931275466,51.173057814549004]]]}},{"type":"Feature","properties":{"jobs":0,"pop":109,"pointCount":3,"homeWorkCommuteMedian":11271,"workHomeCommuteMedian":-1},"geometry":{"type":"Polygon","coordinates":[[[17.31586931275466,51.18205101818625],[17.31586931275466,51.191044221823496],[17.324862516391907,51.191044221823496],[17.324862516391907,51.18205101818625],[17.31586931275466,51.18205101818625]]]}},{"type":"Feature","properties":{"jobs":337,"pop":102,"pointCount":6,"homeWorkCommuteMedian":1165,"workHomeCommuteMedian":13418},"geometry":{"type":"Polygon","coordinates":[[[17.31586931275466,51.20003742546074],[17.31586931275466,51.20903062909799],[17.324862516391907,51.20903062909799],[17.324862516391907,51.20003742546074],[17.31586931275466,51.20003742546074]]]}},{"type":"Feature","properties":{"jobs":148,"pop":252,"pointCount":6,"homeWorkCommuteMedian":26328,"workHomeCommuteMedian":42394},"geometry":{"type":"Polygon","coordinates":[[[17.31586931275466,51.22701703637248],[17.31586931275466,51.236010240009726],[17.324862516391907,51.236010240009726],[17.324862516391907,51.22701703637248],[17.31586931275466,51.22701703637248]]]}},{"type":"Feature","properties":{"jobs":183,"pop":0,"pointCount":2,"homeWorkCommuteMedian":-1,"workHomeCommuteMedian":2618},"geometry":{"type":"Polygon","coordinates":[[[17.31586931275466,51.24500344364697],[17.31586931275466,51.25399664728422],[17.324862516391907,51.25399664728422],[17.324862516391907,51.24500344364697],[17.31586931275466,51.24500344364697]]]}},{"type":"Feature","properties":{"jobs":38,"pop":47,"pointCount":2,"homeWorkCommuteMedian":3891,"workHomeCommuteMedian":6251},"geometry":{"type":"Polygon","coordinates":[[[17.31586931275466,51.280976258195956],[17.31586931275466,51.2899694618332],[17.324862516391907,51.2899694618332],[17.324862516391907,51.280976258195956],[17.31586931275466,51.280976258195956]]]}},{"type":"Feature","properties":{"jobs":68,"pop":97,"pointCount":3,"homeWorkCommuteMedian":5396,"workHomeCommuteMedian":46746},"geometry":{"type":"Polygon","coordinates":[[[17.31586931275466,51.29896266547045],[17.31586931275466,51.307955869107694],[17.324862516391907,51.307955869107694],[17.324862516391907,51.29896266547045],[17.31586931275466,51.29896266547045]]]}},{"type":"Feature","properties":{"jobs":0,"pop":33,"pointCount":1,"homeWorkCommuteMedian":13603,"workHomeCommuteMedian":-1},"geometry":{"type":"Polygon","coordinates":[[[17.31586931275466,51.36191509093117],[17.31586931275466,51.370908294568416],[17.324862516391907,51.370908294568416],[17.324862516391907,51.36191509093117],[17.31586931275466,51.36191509093117]]]}},{"type":"Feature","properties":{"jobs":0,"pop":36,"pointCount":1,"homeWorkCommuteMedian":16493,"workHomeCommuteMedian":-1},"geometry":{"type":"Polygon","coordinates":[[[17.324862516391907,50.83131607633366],[17.324862516391907,50.8403092799709],[17.333855720029153,50.8403092799709],[17.333855720029153,50.83131607633366],[17.324862516391907,50.83131607633366]]]}},{"type":"Feature","properties":{"jobs":67,"pop":0,"pointCount":1,"homeWorkCommuteMedian":-1,"workHomeCommuteMedian":13260},"geometry":{"type":"Polygon","coordinates":[[[17.324862516391907,50.89426850179438],[17.324862516391907,50.903261705431625],[17.333855720029153,50.903261705431625],[17.333855720029153,50.89426850179438],[17.324862516391907,50.89426850179438]]]}},{"type":"Feature","properties":{"jobs":303,"pop":45,"pointCount":5,"homeWorkCommuteMedian":5697,"workHomeCommuteMedian":4340},"geometry":{"type":"Polygon","coordinates":[[[17.324862516391907,50.93024131634336],[17.324862516391907,50.93923451998061],[17.333855720029153,50.93923451998061],[17.333855720029153,50.93024131634336],[17.324862516391907,50.93024131634336]]]}},{"type":"Feature","properties":{"jobs":0,"pop":265,"pointCount":4,"homeWorkCommuteMedian":4275,"workHomeCommuteMedian":-1},"geometry":{"type":"Polygon","coordinates":[[[17.324862516391907,50.93923451998061],[17.324862516391907,50.948227723617855],[17.333855720029153,50.948227723617855],[17.333855720029153,50.93923451998061],[17.324862516391907,50.93923451998061]]]}},{"type":"Feature","properties":{"jobs":0,"pop":42,"pointCount":1,"homeWorkCommuteMedian":11148,"workHomeCommuteMedian":-1},"geometry":{"type":"Polygon","coordinates":[[[17.324862516391907,50.96621413089235],[17.324862516391907,50.97520733452959],[17.333855720029153,50.97520733452959],[17.333855720029153,50.96621413089235],[17.324862516391907,50.96621413089235]]]}},{"type":"Feature","properties":{"jobs":277,"pop":60,"pointCount":6,"homeWorkCommuteMedian":5586,"workHomeCommuteMedian":1847},"geometry":{"type":"Polygon","coordinates":[[[17.324862516391907,51.02017335271582],[17.324862516391907,51.02916655635307],[17.333855720029153,51.02916655635307],[17.333855720029153,51.02017335271582],[17.324862516391907,51.02017335271582]]]}},{"type":"Feature","properties":{"jobs":453,"pop":1491,"pointCount":7,"homeWorkCommuteMedian":2434,"workHomeCommuteMedian":2216},"geometry":{"type":"Polygon","coordinates":[[[17.324862516391907,51.02916655635307],[17.324862516391907,51.038159759990315],[17.333855720029153,51.038159759990315],[17.333855720029153,51.02916655635307],[17.324862516391907,51.02916655635307]]]}},{"type":"Feature","properties":{"jobs":0,"pop":109,"pointCount":3,"homeWorkCommuteMedian":3483,"workHomeCommuteMedian":-1},"geometry":{"type":"Polygon","coordinates":[[[17.324862516391907,51.04715296362756],[17.324862516391907,51.05614616726481],[17.333855720029153,51.05614616726481],[17.333855720029153,51.04715296362756],[17.324862516391907,51.04715296362756]]]}},{"type":"Feature","properties":{"jobs":35,"pop":33,"pointCount":2,"homeWorkCommuteMedian":4756,"workHomeCommuteMedian":15775},"geometry":{"type":"Polygon","coordinates":[[[17.324862516391907,51.05614616726481],[17.324862516391907,51.06513937090205],[17.333855720029153,51.06513937090205],[17.333855720029153,51.05614616726481],[17.324862516391907,51.05614616726481]]]}},{"type":"Feature","properties":{"jobs":0,"pop":60,"pointCount":2,"homeWorkCommuteMedian":14181,"workHomeCommuteMedian":-1},"geometry":{"type":"Polygon","coordinates":[[[17.324862516391907,51.13708500000002],[17.324862516391907,51.146078203637266],[17.333855720029153,51.146078203637266],[17.333855720029153,51.13708500000002],[17.324862516391907,51.13708500000002]]]}},{"type":"Feature","properties":{"jobs":45,"pop":84,"pointCount":3,"homeWorkCommuteMedian":43213,"workHomeCommuteMedian":14938},"geometry":{"type":"Polygon","coordinates":[[[17.324862516391907,51.146078203637266],[17.324862516391907,51.15507140727451],[17.333855720029153,51.15507140727451],[17.333855720029153,51.146078203637266],[17.324862516391907,51.146078203637266]]]}},{"type":"Feature","properties":{"jobs":26,"pop":39,"pointCount":2,"homeWorkCommuteMedian":9783,"workHomeCommuteMedian":23253},"geometry":{"type":"Polygon","coordinates":[[[17.324862516391907,51.173057814549004],[17.324862516391907,51.18205101818625],[17.333855720029153,51.18205101818625],[17.333855720029153,51.173057814549004],[17.324862516391907,51.173057814549004]]]}},{"type":"Feature","properties":{"jobs":66,"pop":81,"pointCount":2,"homeWorkCommuteMedian":30280,"workHomeCommuteMedian":26165},"geometry":{"type":"Polygon","coordinates":[[[17.324862516391907,51.18205101818625],[17.324862516391907,51.191044221823496],[17.333855720029153,51.191044221823496],[17.333855720029153,51.18205101818625],[17.324862516391907,51.18205101818625]]]}},{"type":"Feature","properties":{"jobs":0,"pop":130,"pointCount":1,"homeWorkCommuteMedian":9877,"workHomeCommuteMedian":-1},"geometry":{"type":"Polygon","coordinates":[[[17.324862516391907,51.191044221823496],[17.324862516391907,51.20003742546074],[17.333855720029153,51.20003742546074],[17.333855720029153,51.191044221823496],[17.324862516391907,51.191044221823496]]]}},{"type":"Feature","properties":{"jobs":150,"pop":138,"pointCount":5,"homeWorkCommuteMedian":14429,"workHomeCommuteMedian":15460},"geometry":{"type":"Polygon","coordinates":[[[17.324862516391907,51.20003742546074],[17.324862516391907,51.20903062909799],[17.333855720029153,51.20903062909799],[17.333855720029153,51.20003742546074],[17.324862516391907,51.20003742546074]]]}},{"type":"Feature","properties":{"jobs":43,"pop":78,"pointCount":3,"homeWorkCommuteMedian":10632,"workHomeCommuteMedian":1310},"geometry":{"type":"Polygon","coordinates":[[[17.324862516391907,51.25399664728422],[17.324862516391907,51.262989850921464],[17.333855720029153,51.262989850921464],[17.333855720029153,51.25399664728422],[17.324862516391907,51.25399664728422]]]}},{"type":"Feature","properties":{"jobs":41,"pop":118,"pointCount":4,"homeWorkCommuteMedian":3334,"workHomeCommuteMedian":46010},"geometry":{"type":"Polygon","coordinates":[[[17.324862516391907,51.280976258195956],[17.324862516391907,51.2899694618332],[17.333855720029153,51.2899694618332],[17.333855720029153,51.280976258195956],[17.324862516391907,51.280976258195956]]]}},{"type":"Feature","properties":{"jobs":0,"pop":20,"pointCount":1,"homeWorkCommuteMedian":22946,"workHomeCommuteMedian":-1},"geometry":{"type":"Polygon","coordinates":[[[17.324862516391907,51.307955869107694],[17.324862516391907,51.31694907274494],[17.333855720029153,51.31694907274494],[17.333855720029153,51.307955869107694],[17.324862516391907,51.307955869107694]]]}},{"type":"Feature","properties":{"jobs":0,"pop":35,"pointCount":1,"homeWorkCommuteMedian":12936,"workHomeCommuteMedian":-1},"geometry":{"type":"Polygon","coordinates":[[[17.324862516391907,51.352921887293924],[17.324862516391907,51.36191509093117],[17.333855720029153,51.36191509093117],[17.333855720029153,51.352921887293924],[17.324862516391907,51.352921887293924]]]}},{"type":"Feature","properties":{"jobs":0,"pop":27,"pointCount":1,"homeWorkCommuteMedian":21844,"workHomeCommuteMedian":-1},"geometry":{"type":"Polygon","coordinates":[[[17.324862516391907,51.36191509093117],[17.324862516391907,51.370908294568416],[17.333855720029153,51.370908294568416],[17.333855720029153,51.36191509093117],[17.324862516391907,51.36191509093117]]]}},{"type":"Feature","properties":{"jobs":0,"pop":27,"pointCount":1,"homeWorkCommuteMedian":14307,"workHomeCommuteMedian":-1},"geometry":{"type":"Polygon","coordinates":[[[17.333855720029153,50.87628209451989],[17.333855720029153,50.88527529815713],[17.3428489236664,50.88527529815713],[17.3428489236664,50.87628209451989],[17.333855720029153,50.87628209451989]]]}},{"type":"Feature","properties":{"jobs":547,"pop":0,"pointCount":2,"homeWorkCommuteMedian":-1,"workHomeCommuteMedian":9606},"geometry":{"type":"Polygon","coordinates":[[[17.333855720029153,50.89426850179438],[17.333855720029153,50.903261705431625],[17.3428489236664,50.903261705431625],[17.3428489236664,50.89426850179438],[17.333855720029153,50.89426850179438]]]}},{"type":"Feature","properties":{"jobs":37,"pop":90,"pointCount":3,"homeWorkCommuteMedian":8875,"workHomeCommuteMedian":6658},"geometry":{"type":"Polygon","coordinates":[[[17.333855720029153,50.91225490906887],[17.333855720029153,50.92124811270612],[17.3428489236664,50.92124811270612],[17.3428489236664,50.91225490906887],[17.333855720029153,50.91225490906887]]]}},{"type":"Feature","properties":{"jobs":33,"pop":35,"pointCount":2,"homeWorkCommuteMedian":30839,"workHomeCommuteMedian":31122},"geometry":{"type":"Polygon","coordinates":[[[17.333855720029153,50.92124811270612],[17.333855720029153,50.93024131634336],[17.3428489236664,50.93024131634336],[17.3428489236664,50.92124811270612],[17.333855720029153,50.92124811270612]]]}},{"type":"Feature","properties":{"jobs":0,"pop":130,"pointCount":3,"homeWorkCommuteMedian":3830,"workHomeCommuteMedian":-1},"geometry":{"type":"Polygon","coordinates":[[[17.333855720029153,50.93024131634336],[17.333855720029153,50.93923451998061],[17.3428489236664,50.93923451998061],[17.3428489236664,50.93024131634336],[17.333855720029153,50.93024131634336]]]}},{"type":"Feature","properties":{"jobs":39,"pop":34,"pointCount":2,"homeWorkCommuteMedian":5265,"workHomeCommuteMedian":5647},"geometry":{"type":"Polygon","coordinates":[[[17.333855720029153,50.948227723617855],[17.333855720029153,50.9572209272551],[17.3428489236664,50.9572209272551],[17.3428489236664,50.948227723617855],[17.333855720029153,50.948227723617855]]]}},{"type":"Feature","properties":{"jobs":0,"pop":46,"pointCount":1,"homeWorkCommuteMedian":7892,"workHomeCommuteMedian":-1},"geometry":{"type":"Polygon","coordinates":[[[17.333855720029153,50.9572209272551],[17.333855720029153,50.96621413089235],[17.3428489236664,50.96621413089235],[17.3428489236664,50.9572209272551],[17.333855720029153,50.9572209272551]]]}},{"type":"Feature","properties":{"jobs":0,"pop":34,"pointCount":1,"homeWorkCommuteMedian":1791,"workHomeCommuteMedian":-1},"geometry":{"type":"Polygon","coordinates":[[[17.333855720029153,51.02017335271582],[17.333855720029153,51.02916655635307],[17.3428489236664,51.02916655635307],[17.3428489236664,51.02017335271582],[17.333855720029153,51.02017335271582]]]}},{"type":"Feature","properties":{"jobs":539,"pop":1185,"pointCount":12,"homeWorkCommuteMedian":2661,"workHomeCommuteMedian":1002},"geometry":{"type":"Polygon","coordinates":[[[17.333855720029153,51.02916655635307],[17.333855720029153,51.038159759990315],[17.3428489236664,51.038159759990315],[17.3428489236664,51.02916655635307],[17.333855720029153,51.02916655635307]]]}},{"type":"Feature","properties":{"jobs":27,"pop":232,"pointCount":6,"homeWorkCommuteMedian":3367,"workHomeCommuteMedian":11592},"geometry":{"type":"Polygon","coordinates":[[[17.333855720029153,51.038159759990315],[17.333855720029153,51.04715296362756],[17.3428489236664,51.04715296362756],[17.3428489236664,51.038159759990315],[17.333855720029153,51.038159759990315]]]}},{"type":"Feature","properties":{"jobs":0,"pop":112,"pointCount":1,"homeWorkCommuteMedian":4694,"workHomeCommuteMedian":-1},"geometry":{"type":"Polygon","coordinates":[[[17.333855720029153,51.05614616726481],[17.333855720029153,51.06513937090205],[17.3428489236664,51.06513937090205],[17.3428489236664,51.05614616726481],[17.333855720029153,51.05614616726481]]]}},{"type":"Feature","properties":{"jobs":0,"pop":147,"pointCount":3,"homeWorkCommuteMedian":7788,"workHomeCommuteMedian":-1},"geometry":{"type":"Polygon","coordinates":[[[17.333855720029153,51.06513937090205],[17.333855720029153,51.0741325745393],[17.3428489236664,51.0741325745393],[17.3428489236664,51.06513937090205],[17.333855720029153,51.06513937090205]]]}},{"type":"Feature","properties":{"jobs":0,"pop":62,"pointCount":1,"homeWorkCommuteMedian":6155,"workHomeCommuteMedian":-1},"geometry":{"type":"Polygon","coordinates":[[[17.333855720029153,51.13708500000002],[17.333855720029153,51.146078203637266],[17.3428489236664,51.146078203637266],[17.3428489236664,51.13708500000002],[17.333855720029153,51.13708500000002]]]}},{"type":"Feature","properties":{"jobs":77,"pop":109,"pointCount":3,"homeWorkCommuteMedian":27782,"workHomeCommuteMedian":43060},"geometry":{"type":"Polygon","coordinates":[[[17.333855720029153,51.146078203637266],[17.333855720029153,51.15507140727451],[17.3428489236664,51.15507140727451],[17.3428489236664,51.146078203637266],[17.333855720029153,51.146078203637266]]]}},{"type":"Feature","properties":{"jobs":94,"pop":256,"pointCount":3,"homeWorkCommuteMedian":3145,"workHomeCommuteMedian":8600},"geometry":{"type":"Polygon","coordinates":[[[17.333855720029153,51.25399664728422],[17.333855720029153,51.262989850921464],[17.3428489236664,51.262989850921464],[17.3428489236664,51.25399664728422],[17.333855720029153,51.25399664728422]]]}},{"type":"Feature","properties":{"jobs":167,"pop":452,"pointCount":9,"homeWorkCommuteMedian":8154,"workHomeCommuteMedian":43177},"geometry":{"type":"Polygon","coordinates":[[[17.333855720029153,51.262989850921464],[17.333855720029153,51.27198305455871],[17.3428489236664,51.27198305455871],[17.3428489236664,51.262989850921464],[17.333855720029153,51.262989850921464]]]}},{"type":"Feature","properties":{"jobs":0,"pop":67,"pointCount":3,"homeWorkCommuteMedian":4638,"workHomeCommuteMedian":-1},"geometry":{"type":"Polygon","coordinates":[[[17.3428489236664,50.91225490906887],[17.3428489236664,50.92124811270612],[17.351842127303645,50.92124811270612],[17.351842127303645,50.91225490906887],[17.3428489236664,50.91225490906887]]]}},{"type":"Feature","properties":{"jobs":0,"pop":42,"pointCount":1,"homeWorkCommuteMedian":4534,"workHomeCommuteMedian":-1},"geometry":{"type":"Polygon","coordinates":[[[17.3428489236664,50.92124811270612],[17.3428489236664,50.93024131634336],[17.351842127303645,50.93024131634336],[17.351842127303645,50.92124811270612],[17.3428489236664,50.92124811270612]]]}},{"type":"Feature","properties":{"jobs":40,"pop":0,"pointCount":1,"homeWorkCommuteMedian":-1,"workHomeCommuteMedian":10847},"geometry":{"type":"Polygon","coordinates":[[[17.3428489236664,50.98420053816684],[17.3428489236664,50.993193741804085],[17.351842127303645,50.993193741804085],[17.351842127303645,50.98420053816684],[17.3428489236664,50.98420053816684]]]}},{"type":"Feature","properties":{"jobs":251,"pop":2295,"pointCount":17,"homeWorkCommuteMedian":3299,"workHomeCommuteMedian":1755},"geometry":{"type":"Polygon","coordinates":[[[17.3428489236664,51.02916655635307],[17.3428489236664,51.038159759990315],[17.351842127303645,51.038159759990315],[17.351842127303645,51.02916655635307],[17.3428489236664,51.02916655635307]]]}},{"type":"Feature","properties":{"jobs":398,"pop":396,"pointCount":11,"homeWorkCommuteMedian":3905,"workHomeCommuteMedian":4617},"geometry":{"type":"Polygon","coordinates":[[[17.3428489236664,51.038159759990315],[17.3428489236664,51.04715296362756],[17.351842127303645,51.04715296362756],[17.351842127303645,51.038159759990315],[17.3428489236664,51.038159759990315]]]}},{"type":"Feature","properties":{"jobs":68,"pop":0,"pointCount":1,"homeWorkCommuteMedian":-1,"workHomeCommuteMedian":36043},"geometry":{"type":"Polygon","coordinates":[[[17.3428489236664,51.083125778176544],[17.3428489236664,51.09211898181379],[17.351842127303645,51.09211898181379],[17.351842127303645,51.083125778176544],[17.3428489236664,51.083125778176544]]]}},{"type":"Feature","properties":{"jobs":0,"pop":25,"pointCount":1,"homeWorkCommuteMedian":1242,"workHomeCommuteMedian":-1},"geometry":{"type":"Polygon","coordinates":[[[17.3428489236664,51.128091796362774],[17.3428489236664,51.13708500000002],[17.351842127303645,51.13708500000002],[17.351842127303645,51.128091796362774],[17.3428489236664,51.128091796362774]]]}},{"type":"Feature","properties":{"jobs":35,"pop":0,"pointCount":1,"homeWorkCommuteMedian":-1,"workHomeCommuteMedian":5580},"geometry":{"type":"Polygon","coordinates":[[[17.3428489236664,51.20903062909799],[17.3428489236664,51.218023832735234],[17.351842127303645,51.218023832735234],[17.351842127303645,51.20903062909799],[17.3428489236664,51.20903062909799]]]}},{"type":"Feature","properties":{"jobs":0,"pop":24,"pointCount":1,"homeWorkCommuteMedian":9229,"workHomeCommuteMedian":-1},"geometry":{"type":"Polygon","coordinates":[[[17.3428489236664,51.22701703637248],[17.3428489236664,51.236010240009726],[17.351842127303645,51.236010240009726],[17.351842127303645,51.22701703637248],[17.3428489236664,51.22701703637248]]]}},{"type":"Feature","properties":{"jobs":0,"pop":20,"pointCount":1,"homeWorkCommuteMedian":3378,"workHomeCommuteMedian":-1},"geometry":{"type":"Polygon","coordinates":[[[17.3428489236664,51.236010240009726],[17.3428489236664,51.24500344364697],[17.351842127303645,51.24500344364697],[17.351842127303645,51.236010240009726],[17.3428489236664,51.236010240009726]]]}},{"type":"Feature","properties":{"jobs":0,"pop":129,"pointCount":3,"homeWorkCommuteMedian":3554,"workHomeCommuteMedian":-1},"geometry":{"type":"Polygon","coordinates":[[[17.3428489236664,51.25399664728422],[17.3428489236664,51.262989850921464],[17.351842127303645,51.262989850921464],[17.351842127303645,51.25399664728422],[17.3428489236664,51.25399664728422]]]}},{"type":"Feature","properties":{"jobs":233,"pop":231,"pointCount":9,"homeWorkCommuteMedian":2840,"workHomeCommuteMedian":3048},"geometry":{"type":"Polygon","coordinates":[[[17.3428489236664,51.262989850921464],[17.3428489236664,51.27198305455871],[17.351842127303645,51.27198305455871],[17.351842127303645,51.262989850921464],[17.3428489236664,51.262989850921464]]]}},{"type":"Feature","properties":{"jobs":0,"pop":44,"pointCount":1,"homeWorkCommuteMedian":16011,"workHomeCommuteMedian":-1},"geometry":{"type":"Polygon","coordinates":[[[17.3428489236664,51.27198305455871],[17.3428489236664,51.280976258195956],[17.351842127303645,51.280976258195956],[17.351842127303645,51.27198305455871],[17.3428489236664,51.27198305455871]]]}},{"type":"Feature","properties":{"jobs":0,"pop":45,"pointCount":1,"homeWorkCommuteMedian":9173,"workHomeCommuteMedian":-1},"geometry":{"type":"Polygon","coordinates":[[[17.3428489236664,51.307955869107694],[17.3428489236664,51.31694907274494],[17.351842127303645,51.31694907274494],[17.351842127303645,51.307955869107694],[17.3428489236664,51.307955869107694]]]}},{"type":"Feature","properties":{"jobs":36,"pop":284,"pointCount":4,"homeWorkCommuteMedian":20222,"workHomeCommuteMedian":2918},"geometry":{"type":"Polygon","coordinates":[[[17.351842127303645,50.86728889088264],[17.351842127303645,50.87628209451989],[17.36083533094089,50.87628209451989],[17.36083533094089,50.86728889088264],[17.351842127303645,50.86728889088264]]]}},{"type":"Feature","properties":{"jobs":0,"pop":46,"pointCount":1,"homeWorkCommuteMedian":8987,"workHomeCommuteMedian":-1},"geometry":{"type":"Polygon","coordinates":[[[17.351842127303645,50.88527529815713],[17.351842127303645,50.89426850179438],[17.36083533094089,50.89426850179438],[17.36083533094089,50.88527529815713],[17.351842127303645,50.88527529815713]]]}},{"type":"Feature","properties":{"jobs":81,"pop":88,"pointCount":2,"homeWorkCommuteMedian":5683,"workHomeCommuteMedian":2184},"geometry":{"type":"Polygon","coordinates":[[[17.351842127303645,51.02916655635307],[17.351842127303645,51.038159759990315],[17.36083533094089,51.038159759990315],[17.36083533094089,51.02916655635307],[17.351842127303645,51.02916655635307]]]}},{"type":"Feature","properties":{"jobs":111,"pop":325,"pointCount":4,"homeWorkCommuteMedian":21688,"workHomeCommuteMedian":2341},"geometry":{"type":"Polygon","coordinates":[[[17.351842127303645,51.038159759990315],[17.351842127303645,51.04715296362756],[17.36083533094089,51.04715296362756],[17.36083533094089,51.038159759990315],[17.351842127303645,51.038159759990315]]]}},{"type":"Feature","properties":{"jobs":0,"pop":46,"pointCount":1,"homeWorkCommuteMedian":9806,"workHomeCommuteMedian":-1},"geometry":{"type":"Polygon","coordinates":[[[17.351842127303645,51.083125778176544],[17.351842127303645,51.09211898181379],[17.36083533094089,51.09211898181379],[17.36083533094089,51.083125778176544],[17.351842127303645,51.083125778176544]]]}},{"type":"Feature","properties":{"jobs":0,"pop":65,"pointCount":1,"homeWorkCommuteMedian":31025,"workHomeCommuteMedian":-1},"geometry":{"type":"Polygon","coordinates":[[[17.351842127303645,51.128091796362774],[17.351842127303645,51.13708500000002],[17.36083533094089,51.13708500000002],[17.36083533094089,51.128091796362774],[17.351842127303645,51.128091796362774]]]}},{"type":"Feature","properties":{"jobs":0,"pop":67,"pointCount":2,"homeWorkCommuteMedian":5151,"workHomeCommuteMedian":-1},"geometry":{"type":"Polygon","coordinates":[[[17.351842127303645,51.18205101818625],[17.351842127303645,51.191044221823496],[17.36083533094089,51.191044221823496],[17.36083533094089,51.18205101818625],[17.351842127303645,51.18205101818625]]]}},{"type":"Feature","properties":{"jobs":80,"pop":111,"pointCount":3,"homeWorkCommuteMedian":18965,"workHomeCommuteMedian":28948},"geometry":{"type":"Polygon","coordinates":[[[17.351842127303645,51.191044221823496],[17.351842127303645,51.20003742546074],[17.36083533094089,51.20003742546074],[17.36083533094089,51.191044221823496],[17.351842127303645,51.191044221823496]]]}},{"type":"Feature","properties":{"jobs":112,"pop":338,"pointCount":4,"homeWorkCommuteMedian":5809,"workHomeCommuteMedian":39658},"geometry":{"type":"Polygon","coordinates":[[[17.351842127303645,51.20003742546074],[17.351842127303645,51.20903062909799],[17.36083533094089,51.20903062909799],[17.36083533094089,51.20003742546074],[17.351842127303645,51.20003742546074]]]}},{"type":"Feature","properties":{"jobs":36,"pop":66,"pointCount":2,"homeWorkCommuteMedian":30642,"workHomeCommuteMedian":35080},"geometry":{"type":"Polygon","coordinates":[[[17.351842127303645,51.22701703637248],[17.351842127303645,51.236010240009726],[17.36083533094089,51.236010240009726],[17.36083533094089,51.22701703637248],[17.351842127303645,51.22701703637248]]]}},{"type":"Feature","properties":{"jobs":46,"pop":68,"pointCount":3,"homeWorkCommuteMedian":3048,"workHomeCommuteMedian":28080},"geometry":{"type":"Polygon","coordinates":[[[17.351842127303645,51.24500344364697],[17.351842127303645,51.25399664728422],[17.36083533094089,51.25399664728422],[17.36083533094089,51.24500344364697],[17.351842127303645,51.24500344364697]]]}},{"type":"Feature","properties":{"jobs":365,"pop":50,"pointCount":4,"homeWorkCommuteMedian":3869,"workHomeCommuteMedian":6620},"geometry":{"type":"Polygon","coordinates":[[[17.351842127303645,51.25399664728422],[17.351842127303645,51.262989850921464],[17.36083533094089,51.262989850921464],[17.36083533094089,51.25399664728422],[17.351842127303645,51.25399664728422]]]}},{"type":"Feature","properties":{"jobs":49,"pop":205,"pointCount":5,"homeWorkCommuteMedian":2576,"workHomeCommuteMedian":40274},"geometry":{"type":"Polygon","coordinates":[[[17.351842127303645,51.262989850921464],[17.351842127303645,51.27198305455871],[17.36083533094089,51.27198305455871],[17.36083533094089,51.262989850921464],[17.351842127303645,51.262989850921464]]]}},{"type":"Feature","properties":{"jobs":1405,"pop":0,"pointCount":3,"homeWorkCommuteMedian":-1,"workHomeCommuteMedian":7212},"geometry":{"type":"Polygon","coordinates":[[[17.351842127303645,51.27198305455871],[17.351842127303645,51.280976258195956],[17.36083533094089,51.280976258195956],[17.36083533094089,51.27198305455871],[17.351842127303645,51.27198305455871]]]}},{"type":"Feature","properties":{"jobs":28,"pop":0,"pointCount":1,"homeWorkCommuteMedian":-1,"workHomeCommuteMedian":10466},"geometry":{"type":"Polygon","coordinates":[[[17.351842127303645,51.280976258195956],[17.351842127303645,51.2899694618332],[17.36083533094089,51.2899694618332],[17.36083533094089,51.280976258195956],[17.351842127303645,51.280976258195956]]]}},{"type":"Feature","properties":{"jobs":0,"pop":88,"pointCount":2,"homeWorkCommuteMedian":9026,"workHomeCommuteMedian":-1},"geometry":{"type":"Polygon","coordinates":[[[17.351842127303645,51.2899694618332],[17.351842127303645,51.29896266547045],[17.36083533094089,51.29896266547045],[17.36083533094089,51.2899694618332],[17.351842127303645,51.2899694618332]]]}},{"type":"Feature","properties":{"jobs":0,"pop":40,"pointCount":1,"homeWorkCommuteMedian":9410,"workHomeCommuteMedian":-1},"geometry":{"type":"Polygon","coordinates":[[[17.351842127303645,51.325942276382186],[17.351842127303645,51.33493548001943],[17.36083533094089,51.33493548001943],[17.36083533094089,51.325942276382186],[17.351842127303645,51.325942276382186]]]}},{"type":"Feature","properties":{"jobs":0,"pop":31,"pointCount":1,"homeWorkCommuteMedian":4832,"workHomeCommuteMedian":-1},"geometry":{"type":"Polygon","coordinates":[[[17.36083533094089,50.86728889088264],[17.36083533094089,50.87628209451989],[17.369828534578136,50.87628209451989],[17.369828534578136,50.86728889088264],[17.36083533094089,50.86728889088264]]]}},{"type":"Feature","properties":{"jobs":174,"pop":114,"pointCount":4,"homeWorkCommuteMedian":3758,"workHomeCommuteMedian":9944},"geometry":{"type":"Polygon","coordinates":[[[17.36083533094089,50.88527529815713],[17.36083533094089,50.89426850179438],[17.369828534578136,50.89426850179438],[17.369828534578136,50.88527529815713],[17.36083533094089,50.88527529815713]]]}},{"type":"Feature","properties":{"jobs":0,"pop":130,"pointCount":2,"homeWorkCommuteMedian":11238,"workHomeCommuteMedian":-1},"geometry":{"type":"Polygon","coordinates":[[[17.36083533094089,51.01118014907858],[17.36083533094089,51.02017335271582],[17.369828534578136,51.02017335271582],[17.369828534578136,51.01118014907858],[17.36083533094089,51.01118014907858]]]}},{"type":"Feature","properties":{"jobs":29,"pop":139,"pointCount":4,"homeWorkCommuteMedian":3020,"workHomeCommuteMedian":3765},"geometry":{"type":"Polygon","coordinates":[[[17.36083533094089,51.02916655635307],[17.36083533094089,51.038159759990315],[17.369828534578136,51.038159759990315],[17.369828534578136,51.02916655635307],[17.36083533094089,51.02916655635307]]]}},{"type":"Feature","properties":{"jobs":0,"pop":43,"pointCount":1,"homeWorkCommuteMedian":14505,"workHomeCommuteMedian":-1},"geometry":{"type":"Polygon","coordinates":[[[17.36083533094089,51.11909859272553],[17.36083533094089,51.128091796362774],[17.369828534578136,51.128091796362774],[17.369828534578136,51.11909859272553],[17.36083533094089,51.11909859272553]]]}},{"type":"Feature","properties":{"jobs":233,"pop":63,"pointCount":4,"homeWorkCommuteMedian":13677,"workHomeCommuteMedian":8046},"geometry":{"type":"Polygon","coordinates":[[[17.36083533094089,51.128091796362774],[17.36083533094089,51.13708500000002],[17.369828534578136,51.13708500000002],[17.369828534578136,51.128091796362774],[17.36083533094089,51.128091796362774]]]}},{"type":"Feature","properties":{"jobs":146,"pop":109,"pointCount":6,"homeWorkCommuteMedian":21318,"workHomeCommuteMedian":24521},"geometry":{"type":"Polygon","coordinates":[[[17.36083533094089,51.13708500000002],[17.36083533094089,51.146078203637266],[17.369828534578136,51.146078203637266],[17.369828534578136,51.13708500000002],[17.36083533094089,51.13708500000002]]]}},{"type":"Feature","properties":{"jobs":0,"pop":25,"pointCount":1,"homeWorkCommuteMedian":12094,"workHomeCommuteMedian":-1},"geometry":{"type":"Polygon","coordinates":[[[17.36083533094089,51.146078203637266],[17.36083533094089,51.15507140727451],[17.369828534578136,51.15507140727451],[17.369828534578136,51.146078203637266],[17.36083533094089,51.146078203637266]]]}},{"type":"Feature","properties":{"jobs":71,"pop":157,"pointCount":4,"homeWorkCommuteMedian":8904,"workHomeCommuteMedian":10981},"geometry":{"type":"Polygon","coordinates":[[[17.36083533094089,51.173057814549004],[17.36083533094089,51.18205101818625],[17.369828534578136,51.18205101818625],[17.369828534578136,51.173057814549004],[17.36083533094089,51.173057814549004]]]}},{"type":"Feature","properties":{"jobs":0,"pop":39,"pointCount":1,"homeWorkCommuteMedian":4215,"workHomeCommuteMedian":-1},"geometry":{"type":"Polygon","coordinates":[[[17.36083533094089,51.18205101818625],[17.36083533094089,51.191044221823496],[17.369828534578136,51.191044221823496],[17.369828534578136,51.18205101818625],[17.36083533094089,51.18205101818625]]]}},{"type":"Feature","properties":{"jobs":0,"pop":105,"pointCount":3,"homeWorkCommuteMedian":28873,"workHomeCommuteMedian":-1},"geometry":{"type":"Polygon","coordinates":[[[17.36083533094089,51.191044221823496],[17.36083533094089,51.20003742546074],[17.369828534578136,51.20003742546074],[17.369828534578136,51.191044221823496],[17.36083533094089,51.191044221823496]]]}},{"type":"Feature","properties":{"jobs":231,"pop":421,"pointCount":6,"homeWorkCommuteMedian":24047,"workHomeCommuteMedian":23900},"geometry":{"type":"Polygon","coordinates":[[[17.36083533094089,51.20003742546074],[17.36083533094089,51.20903062909799],[17.369828534578136,51.20903062909799],[17.369828534578136,51.20003742546074],[17.36083533094089,51.20003742546074]]]}},{"type":"Feature","properties":{"jobs":321,"pop":437,"pointCount":8,"homeWorkCommuteMedian":4069,"workHomeCommuteMedian":2995},"geometry":{"type":"Polygon","coordinates":[[[17.36083533094089,51.20903062909799],[17.36083533094089,51.218023832735234],[17.369828534578136,51.218023832735234],[17.369828534578136,51.20903062909799],[17.36083533094089,51.20903062909799]]]}},{"type":"Feature","properties":{"jobs":160,"pop":0,"pointCount":2,"homeWorkCommuteMedian":-1,"workHomeCommuteMedian":3266},"geometry":{"type":"Polygon","coordinates":[[[17.36083533094089,51.218023832735234],[17.36083533094089,51.22701703637248],[17.369828534578136,51.22701703637248],[17.369828534578136,51.218023832735234],[17.36083533094089,51.218023832735234]]]}},{"type":"Feature","properties":{"jobs":117,"pop":152,"pointCount":6,"homeWorkCommuteMedian":11018,"workHomeCommuteMedian":37058},"geometry":{"type":"Polygon","coordinates":[[[17.36083533094089,51.22701703637248],[17.36083533094089,51.236010240009726],[17.369828534578136,51.236010240009726],[17.369828534578136,51.22701703637248],[17.36083533094089,51.22701703637248]]]}},{"type":"Feature","properties":{"jobs":146,"pop":68,"pointCount":5,"homeWorkCommuteMedian":42777,"workHomeCommuteMedian":8784},"geometry":{"type":"Polygon","coordinates":[[[17.36083533094089,51.262989850921464],[17.36083533094089,51.27198305455871],[17.369828534578136,51.27198305455871],[17.369828534578136,51.262989850921464],[17.36083533094089,51.262989850921464]]]}},{"type":"Feature","properties":{"jobs":32,"pop":0,"pointCount":1,"homeWorkCommuteMedian":-1,"workHomeCommuteMedian":38334},"geometry":{"type":"Polygon","coordinates":[[[17.36083533094089,51.27198305455871],[17.36083533094089,51.280976258195956],[17.369828534578136,51.280976258195956],[17.369828534578136,51.27198305455871],[17.36083533094089,51.27198305455871]]]}},{"type":"Feature","properties":{"jobs":24,"pop":0,"pointCount":1,"homeWorkCommuteMedian":-1,"workHomeCommuteMedian":35403},"geometry":{"type":"Polygon","coordinates":[[[17.369828534578136,50.88527529815713],[17.369828534578136,50.89426850179438],[17.378821738215382,50.89426850179438],[17.378821738215382,50.88527529815713],[17.369828534578136,50.88527529815713]]]}},{"type":"Feature","properties":{"jobs":0,"pop":43,"pointCount":1,"homeWorkCommuteMedian":31492,"workHomeCommuteMedian":-1},"geometry":{"type":"Polygon","coordinates":[[[17.369828534578136,50.96621413089235],[17.369828534578136,50.97520733452959],[17.378821738215382,50.97520733452959],[17.378821738215382,50.96621413089235],[17.369828534578136,50.96621413089235]]]}},{"type":"Feature","properties":{"jobs":29,"pop":63,"pointCount":3,"homeWorkCommuteMedian":8038,"workHomeCommuteMedian":12902},"geometry":{"type":"Polygon","coordinates":[[[17.369828534578136,51.01118014907858],[17.369828534578136,51.02017335271582],[17.378821738215382,51.02017335271582],[17.378821738215382,51.01118014907858],[17.369828534578136,51.01118014907858]]]}},{"type":"Feature","properties":{"jobs":0,"pop":89,"pointCount":2,"homeWorkCommuteMedian":5631,"workHomeCommuteMedian":-1},"geometry":{"type":"Polygon","coordinates":[[[17.369828534578136,51.02916655635307],[17.369828534578136,51.038159759990315],[17.378821738215382,51.038159759990315],[17.378821738215382,51.02916655635307],[17.369828534578136,51.02916655635307]]]}},{"type":"Feature","properties":{"jobs":0,"pop":136,"pointCount":4,"homeWorkCommuteMedian":5010,"workHomeCommuteMedian":-1},"geometry":{"type":"Polygon","coordinates":[[[17.369828534578136,51.038159759990315],[17.369828534578136,51.04715296362756],[17.378821738215382,51.04715296362756],[17.378821738215382,51.038159759990315],[17.369828534578136,51.038159759990315]]]}},{"type":"Feature","properties":{"jobs":0,"pop":42,"pointCount":1,"homeWorkCommuteMedian":7731,"workHomeCommuteMedian":-1},"geometry":{"type":"Polygon","coordinates":[[[17.369828534578136,51.04715296362756],[17.369828534578136,51.05614616726481],[17.378821738215382,51.05614616726481],[17.378821738215382,51.04715296362756],[17.369828534578136,51.04715296362756]]]}},{"type":"Feature","properties":{"jobs":39,"pop":32,"pointCount":2,"homeWorkCommuteMedian":10082,"workHomeCommuteMedian":15103},"geometry":{"type":"Polygon","coordinates":[[[17.369828534578136,51.083125778176544],[17.369828534578136,51.09211898181379],[17.378821738215382,51.09211898181379],[17.378821738215382,51.083125778176544],[17.369828534578136,51.083125778176544]]]}},{"type":"Feature","properties":{"jobs":0,"pop":52,"pointCount":2,"homeWorkCommuteMedian":23009,"workHomeCommuteMedian":-1},"geometry":{"type":"Polygon","coordinates":[[[17.369828534578136,51.128091796362774],[17.369828534578136,51.13708500000002],[17.378821738215382,51.13708500000002],[17.378821738215382,51.128091796362774],[17.369828534578136,51.128091796362774]]]}},{"type":"Feature","properties":{"jobs":31,"pop":164,"pointCount":3,"homeWorkCommuteMedian":6935,"workHomeCommuteMedian":60140},"geometry":{"type":"Polygon","coordinates":[[[17.369828534578136,51.173057814549004],[17.369828534578136,51.18205101818625],[17.378821738215382,51.18205101818625],[17.378821738215382,51.173057814549004],[17.369828534578136,51.173057814549004]]]}},{"type":"Feature","properties":{"jobs":309,"pop":151,"pointCount":6,"homeWorkCommuteMedian":8893,"workHomeCommuteMedian":3424},"geometry":{"type":"Polygon","coordinates":[[[17.369828534578136,51.191044221823496],[17.369828534578136,51.20003742546074],[17.378821738215382,51.20003742546074],[17.378821738215382,51.191044221823496],[17.369828534578136,51.191044221823496]]]}},{"type":"Feature","properties":{"jobs":1594,"pop":1051,"pointCount":12,"homeWorkCommuteMedian":2320,"workHomeCommuteMedian":6658},"geometry":{"type":"Polygon","coordinates":[[[17.369828534578136,51.20003742546074],[17.369828534578136,51.20903062909799],[17.378821738215382,51.20903062909799],[17.378821738215382,51.20003742546074],[17.369828534578136,51.20003742546074]]]}},{"type":"Feature","properties":{"jobs":479,"pop":740,"pointCount":12,"homeWorkCommuteMedian":2647,"workHomeCommuteMedian":13803},"geometry":{"type":"Polygon","coordinates":[[[17.369828534578136,51.20903062909799],[17.369828534578136,51.218023832735234],[17.378821738215382,51.218023832735234],[17.378821738215382,51.20903062909799],[17.369828534578136,51.20903062909799]]]}},{"type":"Feature","properties":{"jobs":73,"pop":502,"pointCount":7,"homeWorkCommuteMedian":27041,"workHomeCommuteMedian":40527},"geometry":{"type":"Polygon","coordinates":[[[17.369828534578136,51.218023832735234],[17.369828534578136,51.22701703637248],[17.378821738215382,51.22701703637248],[17.378821738215382,51.218023832735234],[17.369828534578136,51.218023832735234]]]}},{"type":"Feature","properties":{"jobs":37,"pop":0,"pointCount":1,"homeWorkCommuteMedian":-1,"workHomeCommuteMedian":21898},"geometry":{"type":"Polygon","coordinates":[[[17.369828534578136,51.22701703637248],[17.369828534578136,51.236010240009726],[17.378821738215382,51.236010240009726],[17.378821738215382,51.22701703637248],[17.369828534578136,51.22701703637248]]]}},{"type":"Feature","properties":{"jobs":0,"pop":44,"pointCount":1,"homeWorkCommuteMedian":4602,"workHomeCommuteMedian":-1},"geometry":{"type":"Polygon","coordinates":[[[17.369828534578136,51.262989850921464],[17.369828534578136,51.27198305455871],[17.378821738215382,51.27198305455871],[17.378821738215382,51.262989850921464],[17.369828534578136,51.262989850921464]]]}},{"type":"Feature","properties":{"jobs":30,"pop":340,"pointCount":6,"homeWorkCommuteMedian":14711,"workHomeCommuteMedian":8162},"geometry":{"type":"Polygon","coordinates":[[[17.378821738215382,50.9572209272551],[17.378821738215382,50.96621413089235],[17.38781494185263,50.96621413089235],[17.38781494185263,50.9572209272551],[17.378821738215382,50.9572209272551]]]}},{"type":"Feature","properties":{"jobs":43,"pop":63,"pointCount":2,"homeWorkCommuteMedian":13090,"workHomeCommuteMedian":11318},"geometry":{"type":"Polygon","coordinates":[[[17.378821738215382,50.96621413089235],[17.378821738215382,50.97520733452959],[17.38781494185263,50.97520733452959],[17.38781494185263,50.96621413089235],[17.378821738215382,50.96621413089235]]]}},{"type":"Feature","properties":{"jobs":0,"pop":44,"pointCount":1,"homeWorkCommuteMedian":10262,"workHomeCommuteMedian":-1},"geometry":{"type":"Polygon","coordinates":[[[17.378821738215382,51.00218694544133],[17.378821738215382,51.01118014907858],[17.38781494185263,51.01118014907858],[17.38781494185263,51.00218694544133],[17.378821738215382,51.00218694544133]]]}},{"type":"Feature","properties":{"jobs":39,"pop":70,"pointCount":2,"homeWorkCommuteMedian":10847,"workHomeCommuteMedian":6185},"geometry":{"type":"Polygon","coordinates":[[[17.378821738215382,51.038159759990315],[17.378821738215382,51.04715296362756],[17.38781494185263,51.04715296362756],[17.38781494185263,51.038159759990315],[17.378821738215382,51.038159759990315]]]}},{"type":"Feature","properties":{"jobs":0,"pop":22,"pointCount":1,"homeWorkCommuteMedian":7118,"workHomeCommuteMedian":-1},"geometry":{"type":"Polygon","coordinates":[[[17.378821738215382,51.04715296362756],[17.378821738215382,51.05614616726481],[17.38781494185263,51.05614616726481],[17.38781494185263,51.04715296362756],[17.378821738215382,51.04715296362756]]]}},{"type":"Feature","properties":{"jobs":26,"pop":54,"pointCount":2,"homeWorkCommuteMedian":7620,"workHomeCommuteMedian":7733},"geometry":{"type":"Polygon","coordinates":[[[17.378821738215382,51.05614616726481],[17.378821738215382,51.06513937090205],[17.38781494185263,51.06513937090205],[17.38781494185263,51.05614616726481],[17.378821738215382,51.05614616726481]]]}},{"type":"Feature","properties":{"jobs":0,"pop":26,"pointCount":1,"homeWorkCommuteMedian":32793,"workHomeCommuteMedian":-1},"geometry":{"type":"Polygon","coordinates":[[[17.378821738215382,51.13708500000002],[17.378821738215382,51.146078203637266],[17.38781494185263,51.146078203637266],[17.38781494185263,51.13708500000002],[17.378821738215382,51.13708500000002]]]}},{"type":"Feature","properties":{"jobs":0,"pop":35,"pointCount":1,"homeWorkCommuteMedian":6272,"workHomeCommuteMedian":-1},"geometry":{"type":"Polygon","coordinates":[[[17.378821738215382,51.16406461091176],[17.378821738215382,51.173057814549004],[17.38781494185263,51.173057814549004],[17.38781494185263,51.16406461091176],[17.378821738215382,51.16406461091176]]]}},{"type":"Feature","properties":{"jobs":0,"pop":25,"pointCount":1,"homeWorkCommuteMedian":5604,"workHomeCommuteMedian":-1},"geometry":{"type":"Polygon","coordinates":[[[17.378821738215382,51.173057814549004],[17.378821738215382,51.18205101818625],[17.38781494185263,51.18205101818625],[17.38781494185263,51.173057814549004],[17.378821738215382,51.173057814549004]]]}},{"type":"Feature","properties":{"jobs":1511,"pop":136,"pointCount":10,"homeWorkCommuteMedian":2588,"workHomeCommuteMedian":2812},"geometry":{"type":"Polygon","coordinates":[[[17.378821738215382,51.191044221823496],[17.378821738215382,51.20003742546074],[17.38781494185263,51.20003742546074],[17.38781494185263,51.191044221823496],[17.378821738215382,51.191044221823496]]]}},{"type":"Feature","properties":{"jobs":1428,"pop":2421,"pointCount":17,"homeWorkCommuteMedian":2387,"workHomeCommuteMedian":2454},"geometry":{"type":"Polygon","coordinates":[[[17.378821738215382,51.20003742546074],[17.378821738215382,51.20903062909799],[17.38781494185263,51.20903062909799],[17.38781494185263,51.20003742546074],[17.378821738215382,51.20003742546074]]]}},{"type":"Feature","properties":{"jobs":1344,"pop":1847,"pointCount":12,"homeWorkCommuteMedian":1622,"workHomeCommuteMedian":2313},"geometry":{"type":"Polygon","coordinates":[[[17.378821738215382,51.20903062909799],[17.378821738215382,51.218023832735234],[17.38781494185263,51.218023832735234],[17.38781494185263,51.20903062909799],[17.378821738215382,51.20903062909799]]]}},{"type":"Feature","properties":{"jobs":0,"pop":78,"pointCount":2,"homeWorkCommuteMedian":30347,"workHomeCommuteMedian":-1},"geometry":{"type":"Polygon","coordinates":[[[17.378821738215382,51.218023832735234],[17.378821738215382,51.22701703637248],[17.38781494185263,51.22701703637248],[17.38781494185263,51.218023832735234],[17.378821738215382,51.218023832735234]]]}},{"type":"Feature","properties":{"jobs":0,"pop":52,"pointCount":1,"homeWorkCommuteMedian":3273,"workHomeCommuteMedian":-1},"geometry":{"type":"Polygon","coordinates":[[[17.378821738215382,51.22701703637248],[17.378821738215382,51.236010240009726],[17.38781494185263,51.236010240009726],[17.38781494185263,51.22701703637248],[17.378821738215382,51.22701703637248]]]}},{"type":"Feature","properties":{"jobs":223,"pop":65,"pointCount":2,"homeWorkCommuteMedian":14070,"workHomeCommuteMedian":11206},"geometry":{"type":"Polygon","coordinates":[[[17.378821738215382,51.24500344364697],[17.378821738215382,51.25399664728422],[17.38781494185263,51.25399664728422],[17.38781494185263,51.24500344364697],[17.378821738215382,51.24500344364697]]]}},{"type":"Feature","properties":{"jobs":45,"pop":0,"pointCount":1,"homeWorkCommuteMedian":-1,"workHomeCommuteMedian":10590},"geometry":{"type":"Polygon","coordinates":[[[17.378821738215382,51.25399664728422],[17.378821738215382,51.262989850921464],[17.38781494185263,51.262989850921464],[17.38781494185263,51.25399664728422],[17.378821738215382,51.25399664728422]]]}},{"type":"Feature","properties":{"jobs":0,"pop":39,"pointCount":1,"homeWorkCommuteMedian":13735,"workHomeCommuteMedian":-1},"geometry":{"type":"Polygon","coordinates":[[[17.378821738215382,51.262989850921464],[17.378821738215382,51.27198305455871],[17.38781494185263,51.27198305455871],[17.38781494185263,51.262989850921464],[17.378821738215382,51.262989850921464]]]}},{"type":"Feature","properties":{"jobs":0,"pop":44,"pointCount":1,"homeWorkCommuteMedian":15184,"workHomeCommuteMedian":-1},"geometry":{"type":"Polygon","coordinates":[[[17.378821738215382,51.33493548001943],[17.378821738215382,51.34392868365668],[17.38781494185263,51.34392868365668],[17.38781494185263,51.33493548001943],[17.378821738215382,51.33493548001943]]]}},{"type":"Feature","properties":{"jobs":138,"pop":0,"pointCount":1,"homeWorkCommuteMedian":-1,"workHomeCommuteMedian":12097},"geometry":{"type":"Polygon","coordinates":[[[17.38781494185263,50.88527529815713],[17.38781494185263,50.89426850179438],[17.396808145489874,50.89426850179438],[17.396808145489874,50.88527529815713],[17.38781494185263,50.88527529815713]]]}},{"type":"Feature","properties":{"jobs":108,"pop":267,"pointCount":9,"homeWorkCommuteMedian":14318,"workHomeCommuteMedian":10207},"geometry":{"type":"Polygon","coordinates":[[[17.38781494185263,50.9572209272551],[17.38781494185263,50.96621413089235],[17.396808145489874,50.96621413089235],[17.396808145489874,50.9572209272551],[17.38781494185263,50.9572209272551]]]}},{"type":"Feature","properties":{"jobs":0,"pop":75,"pointCount":1,"homeWorkCommuteMedian":10944,"workHomeCommuteMedian":-1},"geometry":{"type":"Polygon","coordinates":[[[17.38781494185263,50.96621413089235],[17.38781494185263,50.97520733452959],[17.396808145489874,50.97520733452959],[17.396808145489874,50.96621413089235],[17.38781494185263,50.96621413089235]]]}},{"type":"Feature","properties":{"jobs":37,"pop":0,"pointCount":1,"homeWorkCommuteMedian":-1,"workHomeCommuteMedian":7788},"geometry":{"type":"Polygon","coordinates":[[[17.38781494185263,51.02017335271582],[17.38781494185263,51.02916655635307],[17.396808145489874,51.02916655635307],[17.396808145489874,51.02017335271582],[17.38781494185263,51.02017335271582]]]}},{"type":"Feature","properties":{"jobs":0,"pop":42,"pointCount":1,"homeWorkCommuteMedian":3550,"workHomeCommuteMedian":-1},"geometry":{"type":"Polygon","coordinates":[[[17.38781494185263,51.038159759990315],[17.38781494185263,51.04715296362756],[17.396808145489874,51.04715296362756],[17.396808145489874,51.038159759990315],[17.38781494185263,51.038159759990315]]]}},{"type":"Feature","properties":{"jobs":0,"pop":55,"pointCount":1,"homeWorkCommuteMedian":8371,"workHomeCommuteMedian":-1},"geometry":{"type":"Polygon","coordinates":[[[17.38781494185263,51.04715296362756],[17.38781494185263,51.05614616726481],[17.396808145489874,51.05614616726481],[17.396808145489874,51.04715296362756],[17.38781494185263,51.04715296362756]]]}},{"type":"Feature","properties":{"jobs":0,"pop":27,"pointCount":1,"homeWorkCommuteMedian":7295,"workHomeCommuteMedian":-1},"geometry":{"type":"Polygon","coordinates":[[[17.38781494185263,51.05614616726481],[17.38781494185263,51.06513937090205],[17.396808145489874,51.06513937090205],[17.396808145489874,51.05614616726481],[17.38781494185263,51.05614616726481]]]}},{"type":"Feature","properties":{"jobs":27,"pop":43,"pointCount":2,"homeWorkCommuteMedian":10423,"workHomeCommuteMedian":9554},"geometry":{"type":"Polygon","coordinates":[[[17.38781494185263,51.083125778176544],[17.38781494185263,51.09211898181379],[17.396808145489874,51.09211898181379],[17.396808145489874,51.083125778176544],[17.38781494185263,51.083125778176544]]]}},{"type":"Feature","properties":{"jobs":0,"pop":23,"pointCount":1,"homeWorkCommuteMedian":7483,"workHomeCommuteMedian":-1},"geometry":{"type":"Polygon","coordinates":[[[17.38781494185263,51.09211898181379],[17.38781494185263,51.101112185451036],[17.396808145489874,51.101112185451036],[17.396808145489874,51.09211898181379],[17.38781494185263,51.09211898181379]]]}},{"type":"Feature","properties":{"jobs":0,"pop":27,"pointCount":1,"homeWorkCommuteMedian":5827,"workHomeCommuteMedian":-1},"geometry":{"type":"Polygon","coordinates":[[[17.38781494185263,51.146078203637266],[17.38781494185263,51.15507140727451],[17.396808145489874,51.15507140727451],[17.396808145489874,51.146078203637266],[17.38781494185263,51.146078203637266]]]}},{"type":"Feature","properties":{"jobs":0,"pop":28,"pointCount":1,"homeWorkCommuteMedian":6729,"workHomeCommuteMedian":-1},"geometry":{"type":"Polygon","coordinates":[[[17.38781494185263,51.15507140727451],[17.38781494185263,51.16406461091176],[17.396808145489874,51.16406461091176],[17.396808145489874,51.15507140727451],[17.38781494185263,51.15507140727451]]]}},{"type":"Feature","properties":{"jobs":149,"pop":113,"pointCount":6,"homeWorkCommuteMedian":31784,"workHomeCommuteMedian":10594},"geometry":{"type":"Polygon","coordinates":[[[17.38781494185263,51.16406461091176],[17.38781494185263,51.173057814549004],[17.396808145489874,51.173057814549004],[17.396808145489874,51.16406461091176],[17.38781494185263,51.16406461091176]]]}},{"type":"Feature","properties":{"jobs":0,"pop":35,"pointCount":1,"homeWorkCommuteMedian":35020,"workHomeCommuteMedian":-1},"geometry":{"type":"Polygon","coordinates":[[[17.38781494185263,51.18205101818625],[17.38781494185263,51.191044221823496],[17.396808145489874,51.191044221823496],[17.396808145489874,51.18205101818625],[17.38781494185263,51.18205101818625]]]}},{"type":"Feature","properties":{"jobs":426,"pop":48,"pointCount":3,"homeWorkCommuteMedian":2516,"workHomeCommuteMedian":2940},"geometry":{"type":"Polygon","coordinates":[[[17.38781494185263,51.191044221823496],[17.38781494185263,51.20003742546074],[17.396808145489874,51.20003742546074],[17.396808145489874,51.191044221823496],[17.38781494185263,51.191044221823496]]]}},{"type":"Feature","properties":{"jobs":1775,"pop":2323,"pointCount":16,"homeWorkCommuteMedian":1904,"workHomeCommuteMedian":2678},"geometry":{"type":"Polygon","coordinates":[[[17.38781494185263,51.20003742546074],[17.38781494185263,51.20903062909799],[17.396808145489874,51.20903062909799],[17.396808145489874,51.20003742546074],[17.38781494185263,51.20003742546074]]]}},{"type":"Feature","properties":{"jobs":1706,"pop":1511,"pointCount":13,"homeWorkCommuteMedian":2311,"workHomeCommuteMedian":2756},"geometry":{"type":"Polygon","coordinates":[[[17.38781494185263,51.20903062909799],[17.38781494185263,51.218023832735234],[17.396808145489874,51.218023832735234],[17.396808145489874,51.20903062909799],[17.38781494185263,51.20903062909799]]]}},{"type":"Feature","properties":{"jobs":36,"pop":0,"pointCount":1,"homeWorkCommuteMedian":-1,"workHomeCommuteMedian":43505},"geometry":{"type":"Polygon","coordinates":[[[17.38781494185263,51.22701703637248],[17.38781494185263,51.236010240009726],[17.396808145489874,51.236010240009726],[17.396808145489874,51.22701703637248],[17.38781494185263,51.22701703637248]]]}},{"type":"Feature","properties":{"jobs":0,"pop":116,"pointCount":3,"homeWorkCommuteMedian":10876,"workHomeCommuteMedian":-1},"geometry":{"type":"Polygon","coordinates":[[[17.38781494185263,51.236010240009726],[17.38781494185263,51.24500344364697],[17.396808145489874,51.24500344364697],[17.396808145489874,51.236010240009726],[17.38781494185263,51.236010240009726]]]}},{"type":"Feature","properties":{"jobs":50,"pop":49,"pointCount":3,"homeWorkCommuteMedian":6454,"workHomeCommuteMedian":46999},"geometry":{"type":"Polygon","coordinates":[[[17.38781494185263,51.24500344364697],[17.38781494185263,51.25399664728422],[17.396808145489874,51.25399664728422],[17.396808145489874,51.24500344364697],[17.38781494185263,51.24500344364697]]]}},{"type":"Feature","properties":{"jobs":161,"pop":212,"pointCount":9,"homeWorkCommuteMedian":15055,"workHomeCommuteMedian":33941},"geometry":{"type":"Polygon","coordinates":[[[17.396808145489874,50.9572209272551],[17.396808145489874,50.96621413089235],[17.40580134912712,50.96621413089235],[17.40580134912712,50.9572209272551],[17.396808145489874,50.9572209272551]]]}},{"type":"Feature","properties":{"jobs":0,"pop":25,"pointCount":1,"homeWorkCommuteMedian":41739,"workHomeCommuteMedian":-1},"geometry":{"type":"Polygon","coordinates":[[[17.396808145489874,50.96621413089235],[17.396808145489874,50.97520733452959],[17.40580134912712,50.97520733452959],[17.40580134912712,50.96621413089235],[17.396808145489874,50.96621413089235]]]}},{"type":"Feature","properties":{"jobs":0,"pop":50,"pointCount":1,"homeWorkCommuteMedian":9075,"workHomeCommuteMedian":-1},"geometry":{"type":"Polygon","coordinates":[[[17.396808145489874,51.04715296362756],[17.396808145489874,51.05614616726481],[17.40580134912712,51.05614616726481],[17.40580134912712,51.04715296362756],[17.396808145489874,51.04715296362756]]]}},{"type":"Feature","properties":{"jobs":32,"pop":25,"pointCount":2,"homeWorkCommuteMedian":7456,"workHomeCommuteMedian":56064},"geometry":{"type":"Polygon","coordinates":[[[17.396808145489874,51.15507140727451],[17.396808145489874,51.16406461091176],[17.40580134912712,51.16406461091176],[17.40580134912712,51.15507140727451],[17.396808145489874,51.15507140727451]]]}},{"type":"Feature","properties":{"jobs":0,"pop":89,"pointCount":2,"homeWorkCommuteMedian":10075,"workHomeCommuteMedian":-1},"geometry":{"type":"Polygon","coordinates":[[[17.396808145489874,51.16406461091176],[17.396808145489874,51.173057814549004],[17.40580134912712,51.173057814549004],[17.40580134912712,51.16406461091176],[17.396808145489874,51.16406461091176]]]}},{"type":"Feature","properties":{"jobs":834,"pop":1052,"pointCount":10,"homeWorkCommuteMedian":2441,"workHomeCommuteMedian":2537},"geometry":{"type":"Polygon","coordinates":[[[17.396808145489874,51.20003742546074],[17.396808145489874,51.20903062909799],[17.40580134912712,51.20903062909799],[17.40580134912712,51.20003742546074],[17.396808145489874,51.20003742546074]]]}},{"type":"Feature","properties":{"jobs":1331,"pop":1668,"pointCount":14,"homeWorkCommuteMedian":2678,"workHomeCommuteMedian":7185},"geometry":{"type":"Polygon","coordinates":[[[17.396808145489874,51.20903062909799],[17.396808145489874,51.218023832735234],[17.40580134912712,51.218023832735234],[17.40580134912712,51.20903062909799],[17.396808145489874,51.20903062909799]]]}},{"type":"Feature","properties":{"jobs":123,"pop":297,"pointCount":4,"homeWorkCommuteMedian":12694,"workHomeCommuteMedian":14505},"geometry":{"type":"Polygon","coordinates":[[[17.396808145489874,51.218023832735234],[17.396808145489874,51.22701703637248],[17.40580134912712,51.22701703637248],[17.40580134912712,51.218023832735234],[17.396808145489874,51.218023832735234]]]}},{"type":"Feature","properties":{"jobs":130,"pop":55,"pointCount":5,"homeWorkCommuteMedian":7862,"workHomeCommuteMedian":38585},"geometry":{"type":"Polygon","coordinates":[[[17.396808145489874,51.22701703637248],[17.396808145489874,51.236010240009726],[17.40580134912712,51.236010240009726],[17.40580134912712,51.22701703637248],[17.396808145489874,51.22701703637248]]]}},{"type":"Feature","properties":{"jobs":52,"pop":103,"pointCount":3,"homeWorkCommuteMedian":9106,"workHomeCommuteMedian":7414},"geometry":{"type":"Polygon","coordinates":[[[17.396808145489874,51.236010240009726],[17.396808145489874,51.24500344364697],[17.40580134912712,51.24500344364697],[17.40580134912712,51.236010240009726],[17.396808145489874,51.236010240009726]]]}},{"type":"Feature","properties":{"jobs":57,"pop":50,"pointCount":2,"homeWorkCommuteMedian":8156,"workHomeCommuteMedian":8976},"geometry":{"type":"Polygon","coordinates":[[[17.40580134912712,50.9572209272551],[17.40580134912712,50.96621413089235],[17.414794552764366,50.96621413089235],[17.414794552764366,50.9572209272551],[17.40580134912712,50.9572209272551]]]}},{"type":"Feature","properties":{"jobs":64,"pop":32,"pointCount":2,"homeWorkCommuteMedian":11370,"workHomeCommuteMedian":77220},"geometry":{"type":"Polygon","coordinates":[[[17.40580134912712,50.96621413089235],[17.40580134912712,50.97520733452959],[17.414794552764366,50.97520733452959],[17.414794552764366,50.96621413089235],[17.40580134912712,50.96621413089235]]]}},{"type":"Feature","properties":{"jobs":0,"pop":41,"pointCount":1,"homeWorkCommuteMedian":6411,"workHomeCommuteMedian":-1},"geometry":{"type":"Polygon","coordinates":[[[17.40580134912712,51.02017335271582],[17.40580134912712,51.02916655635307],[17.414794552764366,51.02916655635307],[17.414794552764366,51.02017335271582],[17.40580134912712,51.02017335271582]]]}},{"type":"Feature","properties":{"jobs":41,"pop":76,"pointCount":3,"homeWorkCommuteMedian":5741,"workHomeCommuteMedian":8294},"geometry":{"type":"Polygon","coordinates":[[[17.40580134912712,51.02916655635307],[17.40580134912712,51.038159759990315],[17.414794552764366,51.038159759990315],[17.414794552764366,51.02916655635307],[17.40580134912712,51.02916655635307]]]}},{"type":"Feature","properties":{"jobs":0,"pop":115,"pointCount":2,"homeWorkCommuteMedian":8332,"workHomeCommuteMedian":-1},"geometry":{"type":"Polygon","coordinates":[[[17.40580134912712,51.04715296362756],[17.40580134912712,51.05614616726481],[17.414794552764366,51.05614616726481],[17.414794552764366,51.04715296362756],[17.40580134912712,51.04715296362756]]]}},{"type":"Feature","properties":{"jobs":0,"pop":20,"pointCount":1,"homeWorkCommuteMedian":10881,"workHomeCommuteMedian":-1},"geometry":{"type":"Polygon","coordinates":[[[17.40580134912712,51.083125778176544],[17.40580134912712,51.09211898181379],[17.414794552764366,51.09211898181379],[17.414794552764366,51.083125778176544],[17.40580134912712,51.083125778176544]]]}},{"type":"Feature","properties":{"jobs":0,"pop":57,"pointCount":2,"homeWorkCommuteMedian":42046,"workHomeCommuteMedian":-1},"geometry":{"type":"Polygon","coordinates":[[[17.40580134912712,51.128091796362774],[17.40580134912712,51.13708500000002],[17.414794552764366,51.13708500000002],[17.414794552764366,51.128091796362774],[17.40580134912712,51.128091796362774]]]}},{"type":"Feature","properties":{"jobs":0,"pop":24,"pointCount":1,"homeWorkCommuteMedian":52661,"workHomeCommuteMedian":-1},"geometry":{"type":"Polygon","coordinates":[[[17.40580134912712,51.16406461091176],[17.40580134912712,51.173057814549004],[17.414794552764366,51.173057814549004],[17.414794552764366,51.16406461091176],[17.40580134912712,51.16406461091176]]]}},{"type":"Feature","properties":{"jobs":1016,"pop":0,"pointCount":3,"homeWorkCommuteMedian":-1,"workHomeCommuteMedian":3722},"geometry":{"type":"Polygon","coordinates":[[[17.40580134912712,51.191044221823496],[17.40580134912712,51.20003742546074],[17.414794552764366,51.20003742546074],[17.414794552764366,51.191044221823496],[17.40580134912712,51.191044221823496]]]}},{"type":"Feature","properties":{"jobs":84,"pop":381,"pointCount":6,"homeWorkCommuteMedian":3478,"workHomeCommuteMedian":42056},"geometry":{"type":"Polygon","coordinates":[[[17.40580134912712,51.20003742546074],[17.40580134912712,51.20903062909799],[17.414794552764366,51.20903062909799],[17.414794552764366,51.20003742546074],[17.40580134912712,51.20003742546074]]]}},{"type":"Feature","properties":{"jobs":895,"pop":263,"pointCount":11,"homeWorkCommuteMedian":6256,"workHomeCommuteMedian":7174},"geometry":{"type":"Polygon","coordinates":[[[17.40580134912712,51.20903062909799],[17.40580134912712,51.218023832735234],[17.414794552764366,51.218023832735234],[17.414794552764366,51.20903062909799],[17.40580134912712,51.20903062909799]]]}},{"type":"Feature","properties":{"jobs":0,"pop":86,"pointCount":3,"homeWorkCommuteMedian":4526,"workHomeCommuteMedian":-1},"geometry":{"type":"Polygon","coordinates":[[[17.40580134912712,51.218023832735234],[17.40580134912712,51.22701703637248],[17.414794552764366,51.22701703637248],[17.414794552764366,51.218023832735234],[17.40580134912712,51.218023832735234]]]}},{"type":"Feature","properties":{"jobs":0,"pop":56,"pointCount":1,"homeWorkCommuteMedian":8504,"workHomeCommuteMedian":-1},"geometry":{"type":"Polygon","coordinates":[[[17.414794552764366,51.02017335271582],[17.414794552764366,51.02916655635307],[17.423787756401612,51.02916655635307],[17.423787756401612,51.02017335271582],[17.414794552764366,51.02017335271582]]]}},{"type":"Feature","properties":{"jobs":0,"pop":35,"pointCount":1,"homeWorkCommuteMedian":10404,"workHomeCommuteMedian":-1},"geometry":{"type":"Polygon","coordinates":[[[17.414794552764366,51.038159759990315],[17.414794552764366,51.04715296362756],[17.423787756401612,51.04715296362756],[17.423787756401612,51.038159759990315],[17.414794552764366,51.038159759990315]]]}},{"type":"Feature","properties":{"jobs":0,"pop":53,"pointCount":1,"homeWorkCommuteMedian":12700,"workHomeCommuteMedian":-1},"geometry":{"type":"Polygon","coordinates":[[[17.414794552764366,51.083125778176544],[17.414794552764366,51.09211898181379],[17.423787756401612,51.09211898181379],[17.423787756401612,51.083125778176544],[17.414794552764366,51.083125778176544]]]}},{"type":"Feature","properties":{"jobs":70,"pop":116,"pointCount":4,"homeWorkCommuteMedian":12742,"workHomeCommuteMedian":5744},"geometry":{"type":"Polygon","coordinates":[[[17.414794552764366,51.15507140727451],[17.414794552764366,51.16406461091176],[17.423787756401612,51.16406461091176],[17.423787756401612,51.15507140727451],[17.414794552764366,51.15507140727451]]]}},{"type":"Feature","properties":{"jobs":22,"pop":0,"pointCount":1,"homeWorkCommuteMedian":-1,"workHomeCommuteMedian":44912},"geometry":{"type":"Polygon","coordinates":[[[17.414794552764366,51.20003742546074],[17.414794552764366,51.20903062909799],[17.423787756401612,51.20903062909799],[17.423787756401612,51.20003742546074],[17.414794552764366,51.20003742546074]]]}},{"type":"Feature","properties":{"jobs":72,"pop":39,"pointCount":2,"homeWorkCommuteMedian":2260,"workHomeCommuteMedian":9919},"geometry":{"type":"Polygon","coordinates":[[[17.414794552764366,51.20903062909799],[17.414794552764366,51.218023832735234],[17.423787756401612,51.218023832735234],[17.423787756401612,51.20903062909799],[17.414794552764366,51.20903062909799]]]}},{"type":"Feature","properties":{"jobs":0,"pop":194,"pointCount":5,"homeWorkCommuteMedian":3190,"workHomeCommuteMedian":-1},"geometry":{"type":"Polygon","coordinates":[[[17.414794552764366,51.218023832735234],[17.414794552764366,51.22701703637248],[17.423787756401612,51.22701703637248],[17.423787756401612,51.218023832735234],[17.414794552764366,51.218023832735234]]]}},{"type":"Feature","properties":{"jobs":0,"pop":29,"pointCount":1,"homeWorkCommuteMedian":60506,"workHomeCommuteMedian":-1},"geometry":{"type":"Polygon","coordinates":[[[17.414794552764366,51.280976258195956],[17.414794552764366,51.2899694618332],[17.423787756401612,51.2899694618332],[17.423787756401612,51.280976258195956],[17.414794552764366,51.280976258195956]]]}},{"type":"Feature","properties":{"jobs":91,"pop":136,"pointCount":4,"homeWorkCommuteMedian":11484,"workHomeCommuteMedian":34469},"geometry":{"type":"Polygon","coordinates":[[[17.423787756401612,51.15507140727451],[17.423787756401612,51.16406461091176],[17.43278096003886,51.16406461091176],[17.43278096003886,51.15507140727451],[17.423787756401612,51.15507140727451]]]}},{"type":"Feature","properties":{"jobs":44,"pop":105,"pointCount":2,"homeWorkCommuteMedian":7122,"workHomeCommuteMedian":15065},"geometry":{"type":"Polygon","coordinates":[[[17.423787756401612,51.18205101818625],[17.423787756401612,51.191044221823496],[17.43278096003886,51.191044221823496],[17.43278096003886,51.18205101818625],[17.423787756401612,51.18205101818625]]]}},{"type":"Feature","properties":{"jobs":94,"pop":0,"pointCount":1,"homeWorkCommuteMedian":-1,"workHomeCommuteMedian":3637},"geometry":{"type":"Polygon","coordinates":[[[17.423787756401612,51.191044221823496],[17.423787756401612,51.20003742546074],[17.43278096003886,51.20003742546074],[17.43278096003886,51.191044221823496],[17.423787756401612,51.191044221823496]]]}},{"type":"Feature","properties":{"jobs":38,"pop":0,"pointCount":1,"homeWorkCommuteMedian":-1,"workHomeCommuteMedian":67300},"geometry":{"type":"Polygon","coordinates":[[[17.423787756401612,51.218023832735234],[17.423787756401612,51.22701703637248],[17.43278096003886,51.22701703637248],[17.43278096003886,51.218023832735234],[17.423787756401612,51.218023832735234]]]}},{"type":"Feature","properties":{"jobs":0,"pop":25,"pointCount":1,"homeWorkCommuteMedian":7896,"workHomeCommuteMedian":-1},"geometry":{"type":"Polygon","coordinates":[[[17.423787756401612,51.22701703637248],[17.423787756401612,51.236010240009726],[17.43278096003886,51.236010240009726],[17.43278096003886,51.22701703637248],[17.423787756401612,51.22701703637248]]]}},{"type":"Feature","properties":{"jobs":0,"pop":35,"pointCount":1,"homeWorkCommuteMedian":24012,"workHomeCommuteMedian":-1},"geometry":{"type":"Polygon","coordinates":[[[17.423787756401612,51.27198305455871],[17.423787756401612,51.280976258195956],[17.43278096003886,51.280976258195956],[17.43278096003886,51.27198305455871],[17.423787756401612,51.27198305455871]]]}},{"type":"Feature","properties":{"jobs":0,"pop":25,"pointCount":1,"homeWorkCommuteMedian":62052,"workHomeCommuteMedian":-1},"geometry":{"type":"Polygon","coordinates":[[[17.43278096003886,51.146078203637266],[17.43278096003886,51.15507140727451],[17.441774163676104,51.15507140727451],[17.441774163676104,51.146078203637266],[17.43278096003886,51.146078203637266]]]}},{"type":"Feature","properties":{"jobs":66,"pop":76,"pointCount":4,"homeWorkCommuteMedian":53706,"workHomeCommuteMedian":52667},"geometry":{"type":"Polygon","coordinates":[[[17.43278096003886,51.15507140727451],[17.43278096003886,51.16406461091176],[17.441774163676104,51.16406461091176],[17.441774163676104,51.15507140727451],[17.43278096003886,51.15507140727451]]]}},{"type":"Feature","properties":{"jobs":0,"pop":42,"pointCount":1,"homeWorkCommuteMedian":6028,"workHomeCommuteMedian":-1},"geometry":{"type":"Polygon","coordinates":[[[17.43278096003886,51.18205101818625],[17.43278096003886,51.191044221823496],[17.441774163676104,51.191044221823496],[17.441774163676104,51.18205101818625],[17.43278096003886,51.18205101818625]]]}},{"type":"Feature","properties":{"jobs":734,"pop":100,"pointCount":5,"homeWorkCommuteMedian":48376,"workHomeCommuteMedian":7181},"geometry":{"type":"Polygon","coordinates":[[[17.43278096003886,51.218023832735234],[17.43278096003886,51.22701703637248],[17.441774163676104,51.22701703637248],[17.441774163676104,51.218023832735234],[17.43278096003886,51.218023832735234]]]}},{"type":"Feature","properties":{"jobs":106,"pop":0,"pointCount":2,"homeWorkCommuteMedian":-1,"workHomeCommuteMedian":8912},"geometry":{"type":"Polygon","coordinates":[[[17.43278096003886,51.22701703637248],[17.43278096003886,51.236010240009726],[17.441774163676104,51.236010240009726],[17.441774163676104,51.22701703637248],[17.43278096003886,51.22701703637248]]]}},{"type":"Feature","properties":{"jobs":21,"pop":44,"pointCount":2,"homeWorkCommuteMedian":10176,"workHomeCommuteMedian":56608},"geometry":{"type":"Polygon","coordinates":[[[17.441774163676104,51.16406461091176],[17.441774163676104,51.173057814549004],[17.45076736731335,51.173057814549004],[17.45076736731335,51.16406461091176],[17.441774163676104,51.16406461091176]]]}},{"type":"Feature","properties":{"jobs":27,"pop":47,"pointCount":2,"homeWorkCommuteMedian":6852,"workHomeCommuteMedian":75025},"geometry":{"type":"Polygon","coordinates":[[[17.441774163676104,51.20003742546074],[17.441774163676104,51.20903062909799],[17.45076736731335,51.20903062909799],[17.45076736731335,51.20003742546074],[17.441774163676104,51.20003742546074]]]}},{"type":"Feature","properties":{"jobs":0,"pop":25,"pointCount":1,"homeWorkCommuteMedian":3809,"workHomeCommuteMedian":-1},"geometry":{"type":"Polygon","coordinates":[[[17.441774163676104,51.22701703637248],[17.441774163676104,51.236010240009726],[17.45076736731335,51.236010240009726],[17.45076736731335,51.22701703637248],[17.441774163676104,51.22701703637248]]]}},{"type":"Feature","properties":{"jobs":143,"pop":195,"pointCount":7,"homeWorkCommuteMedian":3177,"workHomeCommuteMedian":11426},"geometry":{"type":"Polygon","coordinates":[[[17.441774163676104,51.236010240009726],[17.441774163676104,51.24500344364697],[17.45076736731335,51.24500344364697],[17.45076736731335,51.236010240009726],[17.441774163676104,51.236010240009726]]]}},{"type":"Feature","properties":{"jobs":0,"pop":34,"pointCount":1,"homeWorkCommuteMedian":434,"workHomeCommuteMedian":-1},"geometry":{"type":"Polygon","coordinates":[[[17.441774163676104,51.24500344364697],[17.441774163676104,51.25399664728422],[17.45076736731335,51.25399664728422],[17.45076736731335,51.24500344364697],[17.441774163676104,51.24500344364697]]]}},{"type":"Feature","properties":{"jobs":22,"pop":93,"pointCount":2,"homeWorkCommuteMedian":15460,"workHomeCommuteMedian":13984},"geometry":{"type":"Polygon","coordinates":[[[17.441774163676104,51.280976258195956],[17.441774163676104,51.2899694618332],[17.45076736731335,51.2899694618332],[17.45076736731335,51.280976258195956],[17.441774163676104,51.280976258195956]]]}},{"type":"Feature","properties":{"jobs":0,"pop":249,"pointCount":7,"homeWorkCommuteMedian":10028,"workHomeCommuteMedian":-1},"geometry":{"type":"Polygon","coordinates":[[[17.45076736731335,51.01118014907858],[17.45076736731335,51.02017335271582],[17.459760570950596,51.02017335271582],[17.459760570950596,51.01118014907858],[17.45076736731335,51.01118014907858]]]}},{"type":"Feature","properties":{"jobs":0,"pop":57,"pointCount":2,"homeWorkCommuteMedian":52672,"workHomeCommuteMedian":-1},"geometry":{"type":"Polygon","coordinates":[[[17.45076736731335,51.20003742546074],[17.45076736731335,51.20903062909799],[17.459760570950596,51.20903062909799],[17.459760570950596,51.20003742546074],[17.45076736731335,51.20003742546074]]]}},{"type":"Feature","properties":{"jobs":0,"pop":28,"pointCount":1,"homeWorkCommuteMedian":5809,"workHomeCommuteMedian":-1},"geometry":{"type":"Polygon","coordinates":[[[17.45076736731335,51.20903062909799],[17.45076736731335,51.218023832735234],[17.459760570950596,51.218023832735234],[17.459760570950596,51.20903062909799],[17.45076736731335,51.20903062909799]]]}},{"type":"Feature","properties":{"jobs":260,"pop":0,"pointCount":1,"homeWorkCommuteMedian":-1,"workHomeCommuteMedian":5809},"geometry":{"type":"Polygon","coordinates":[[[17.45076736731335,51.218023832735234],[17.45076736731335,51.22701703637248],[17.459760570950596,51.22701703637248],[17.459760570950596,51.218023832735234],[17.45076736731335,51.218023832735234]]]}},{"type":"Feature","properties":{"jobs":0,"pop":51,"pointCount":1,"homeWorkCommuteMedian":13696,"workHomeCommuteMedian":-1},"geometry":{"type":"Polygon","coordinates":[[[17.45076736731335,51.22701703637248],[17.45076736731335,51.236010240009726],[17.459760570950596,51.236010240009726],[17.459760570950596,51.22701703637248],[17.45076736731335,51.22701703637248]]]}},{"type":"Feature","properties":{"jobs":48,"pop":119,"pointCount":3,"homeWorkCommuteMedian":5050,"workHomeCommuteMedian":9106},"geometry":{"type":"Polygon","coordinates":[[[17.45076736731335,51.236010240009726],[17.45076736731335,51.24500344364697],[17.459760570950596,51.24500344364697],[17.459760570950596,51.236010240009726],[17.45076736731335,51.236010240009726]]]}},{"type":"Feature","properties":{"jobs":0,"pop":26,"pointCount":1,"homeWorkCommuteMedian":4316,"workHomeCommuteMedian":-1},"geometry":{"type":"Polygon","coordinates":[[[17.45076736731335,51.24500344364697],[17.45076736731335,51.25399664728422],[17.459760570950596,51.25399664728422],[17.459760570950596,51.24500344364697],[17.45076736731335,51.24500344364697]]]}},{"type":"Feature","properties":{"jobs":111,"pop":21,"pointCount":2,"homeWorkCommuteMedian":8912,"workHomeCommuteMedian":14383},"geometry":{"type":"Polygon","coordinates":[[[17.45076736731335,51.280976258195956],[17.45076736731335,51.2899694618332],[17.459760570950596,51.2899694618332],[17.459760570950596,51.280976258195956],[17.45076736731335,51.280976258195956]]]}},{"type":"Feature","properties":{"jobs":21,"pop":203,"pointCount":5,"homeWorkCommuteMedian":14120,"workHomeCommuteMedian":17456},"geometry":{"type":"Polygon","coordinates":[[[17.459760570950596,50.97520733452959],[17.459760570950596,50.98420053816684],[17.468753774587842,50.98420053816684],[17.468753774587842,50.97520733452959],[17.459760570950596,50.97520733452959]]]}},{"type":"Feature","properties":{"jobs":104,"pop":123,"pointCount":5,"homeWorkCommuteMedian":14702,"workHomeCommuteMedian":4130},"geometry":{"type":"Polygon","coordinates":[[[17.459760570950596,51.01118014907858],[17.459760570950596,51.02017335271582],[17.468753774587842,51.02017335271582],[17.468753774587842,51.01118014907858],[17.459760570950596,51.01118014907858]]]}},{"type":"Feature","properties":{"jobs":40,"pop":0,"pointCount":1,"homeWorkCommuteMedian":-1,"workHomeCommuteMedian":10671},"geometry":{"type":"Polygon","coordinates":[[[17.459760570950596,51.02017335271582],[17.459760570950596,51.02916655635307],[17.468753774587842,51.02916655635307],[17.468753774587842,51.02017335271582],[17.459760570950596,51.02017335271582]]]}},{"type":"Feature","properties":{"jobs":0,"pop":29,"pointCount":1,"homeWorkCommuteMedian":5662,"workHomeCommuteMedian":-1},"geometry":{"type":"Polygon","coordinates":[[[17.459760570950596,51.038159759990315],[17.459760570950596,51.04715296362756],[17.468753774587842,51.04715296362756],[17.468753774587842,51.038159759990315],[17.459760570950596,51.038159759990315]]]}},{"type":"Feature","properties":{"jobs":27,"pop":146,"pointCount":5,"homeWorkCommuteMedian":10981,"workHomeCommuteMedian":52254},"geometry":{"type":"Polygon","coordinates":[[[17.459760570950596,51.18205101818625],[17.459760570950596,51.191044221823496],[17.468753774587842,51.191044221823496],[17.468753774587842,51.18205101818625],[17.459760570950596,51.18205101818625]]]}},{"type":"Feature","properties":{"jobs":0,"pop":161,"pointCount":3,"homeWorkCommuteMedian":5422,"workHomeCommuteMedian":-1},"geometry":{"type":"Polygon","coordinates":[[[17.459760570950596,51.20003742546074],[17.459760570950596,51.20903062909799],[17.468753774587842,51.20903062909799],[17.468753774587842,51.20003742546074],[17.459760570950596,51.20003742546074]]]}},{"type":"Feature","properties":{"jobs":0,"pop":42,"pointCount":2,"homeWorkCommuteMedian":6834,"workHomeCommuteMedian":-1},"geometry":{"type":"Polygon","coordinates":[[[17.459760570950596,51.218023832735234],[17.459760570950596,51.22701703637248],[17.468753774587842,51.22701703637248],[17.468753774587842,51.218023832735234],[17.459760570950596,51.218023832735234]]]}},{"type":"Feature","properties":{"jobs":0,"pop":28,"pointCount":1,"homeWorkCommuteMedian":4540,"workHomeCommuteMedian":-1},"geometry":{"type":"Polygon","coordinates":[[[17.459760570950596,51.22701703637248],[17.459760570950596,51.236010240009726],[17.468753774587842,51.236010240009726],[17.468753774587842,51.22701703637248],[17.459760570950596,51.22701703637248]]]}},{"type":"Feature","properties":{"jobs":32,"pop":63,"pointCount":2,"homeWorkCommuteMedian":49195,"workHomeCommuteMedian":42719},"geometry":{"type":"Polygon","coordinates":[[[17.468753774587842,50.97520733452959],[17.468753774587842,50.98420053816684],[17.47774697822509,50.98420053816684],[17.47774697822509,50.97520733452959],[17.468753774587842,50.97520733452959]]]}},{"type":"Feature","properties":{"jobs":0,"pop":94,"pointCount":2,"homeWorkCommuteMedian":12992,"workHomeCommuteMedian":-1},"geometry":{"type":"Polygon","coordinates":[[[17.468753774587842,51.01118014907858],[17.468753774587842,51.02017335271582],[17.47774697822509,51.02017335271582],[17.47774697822509,51.01118014907858],[17.468753774587842,51.01118014907858]]]}},{"type":"Feature","properties":{"jobs":26,"pop":0,"pointCount":1,"homeWorkCommuteMedian":-1,"workHomeCommuteMedian":6854},"geometry":{"type":"Polygon","coordinates":[[[17.468753774587842,51.02017335271582],[17.468753774587842,51.02916655635307],[17.47774697822509,51.02916655635307],[17.47774697822509,51.02017335271582],[17.468753774587842,51.02017335271582]]]}},{"type":"Feature","properties":{"jobs":0,"pop":24,"pointCount":1,"homeWorkCommuteMedian":11592,"workHomeCommuteMedian":-1},"geometry":{"type":"Polygon","coordinates":[[[17.468753774587842,51.038159759990315],[17.468753774587842,51.04715296362756],[17.47774697822509,51.04715296362756],[17.47774697822509,51.038159759990315],[17.468753774587842,51.038159759990315]]]}},{"type":"Feature","properties":{"jobs":38,"pop":112,"pointCount":3,"homeWorkCommuteMedian":7185,"workHomeCommuteMedian":6256},"geometry":{"type":"Polygon","coordinates":[[[17.468753774587842,51.191044221823496],[17.468753774587842,51.20003742546074],[17.47774697822509,51.20003742546074],[17.47774697822509,51.191044221823496],[17.468753774587842,51.191044221823496]]]}},{"type":"Feature","properties":{"jobs":167,"pop":0,"pointCount":2,"homeWorkCommuteMedian":-1,"workHomeCommuteMedian":14070},"geometry":{"type":"Polygon","coordinates":[[[17.468753774587842,51.20903062909799],[17.468753774587842,51.218023832735234],[17.47774697822509,51.218023832735234],[17.47774697822509,51.20903062909799],[17.468753774587842,51.20903062909799]]]}},{"type":"Feature","properties":{"jobs":147,"pop":90,"pointCount":6,"homeWorkCommuteMedian":5310,"workHomeCommuteMedian":8416},"geometry":{"type":"Polygon","coordinates":[[[17.468753774587842,51.218023832735234],[17.468753774587842,51.22701703637248],[17.47774697822509,51.22701703637248],[17.47774697822509,51.218023832735234],[17.468753774587842,51.218023832735234]]]}},{"type":"Feature","properties":{"jobs":61,"pop":0,"pointCount":1,"homeWorkCommuteMedian":-1,"workHomeCommuteMedian":12483},"geometry":{"type":"Polygon","coordinates":[[[17.468753774587842,51.22701703637248],[17.468753774587842,51.236010240009726],[17.47774697822509,51.236010240009726],[17.47774697822509,51.22701703637248],[17.468753774587842,51.22701703637248]]]}},{"type":"Feature","properties":{"jobs":90,"pop":65,"pointCount":3,"homeWorkCommuteMedian":43538,"workHomeCommuteMedian":47056},"geometry":{"type":"Polygon","coordinates":[[[17.468753774587842,51.24500344364697],[17.468753774587842,51.25399664728422],[17.47774697822509,51.25399664728422],[17.47774697822509,51.24500344364697],[17.468753774587842,51.24500344364697]]]}},{"type":"Feature","properties":{"jobs":0,"pop":56,"pointCount":1,"homeWorkCommuteMedian":6654,"workHomeCommuteMedian":-1},"geometry":{"type":"Polygon","coordinates":[[[17.468753774587842,51.262989850921464],[17.468753774587842,51.27198305455871],[17.47774697822509,51.27198305455871],[17.47774697822509,51.262989850921464],[17.468753774587842,51.262989850921464]]]}},{"type":"Feature","properties":{"jobs":52,"pop":79,"pointCount":3,"homeWorkCommuteMedian":15589,"workHomeCommuteMedian":5815},"geometry":{"type":"Polygon","coordinates":[[[17.47774697822509,50.97520733452959],[17.47774697822509,50.98420053816684],[17.486740181862334,50.98420053816684],[17.486740181862334,50.97520733452959],[17.47774697822509,50.97520733452959]]]}},{"type":"Feature","properties":{"jobs":99,"pop":143,"pointCount":5,"homeWorkCommuteMedian":14903,"workHomeCommuteMedian":12721},"geometry":{"type":"Polygon","coordinates":[[[17.47774697822509,51.038159759990315],[17.47774697822509,51.04715296362756],[17.486740181862334,51.04715296362756],[17.486740181862334,51.038159759990315],[17.47774697822509,51.038159759990315]]]}},{"type":"Feature","properties":{"jobs":92,"pop":53,"pointCount":2,"homeWorkCommuteMedian":8613,"workHomeCommuteMedian":17554},"geometry":{"type":"Polygon","coordinates":[[[17.47774697822509,51.191044221823496],[17.47774697822509,51.20003742546074],[17.486740181862334,51.20003742546074],[17.486740181862334,51.191044221823496],[17.47774697822509,51.191044221823496]]]}},{"type":"Feature","properties":{"jobs":114,"pop":0,"pointCount":1,"homeWorkCommuteMedian":-1,"workHomeCommuteMedian":11478},"geometry":{"type":"Polygon","coordinates":[[[17.47774697822509,51.22701703637248],[17.47774697822509,51.236010240009726],[17.486740181862334,51.236010240009726],[17.486740181862334,51.22701703637248],[17.47774697822509,51.22701703637248]]]}},{"type":"Feature","properties":{"jobs":0,"pop":64,"pointCount":2,"homeWorkCommuteMedian":17914,"workHomeCommuteMedian":-1},"geometry":{"type":"Polygon","coordinates":[[[17.486740181862334,50.97520733452959],[17.486740181862334,50.98420053816684],[17.49573338549958,50.98420053816684],[17.49573338549958,50.97520733452959],[17.486740181862334,50.97520733452959]]]}},{"type":"Feature","properties":{"jobs":0,"pop":35,"pointCount":1,"homeWorkCommuteMedian":20265,"workHomeCommuteMedian":-1},"geometry":{"type":"Polygon","coordinates":[[[17.486740181862334,51.00218694544133],[17.486740181862334,51.01118014907858],[17.49573338549958,51.01118014907858],[17.49573338549958,51.00218694544133],[17.486740181862334,51.00218694544133]]]}},{"type":"Feature","properties":{"jobs":0,"pop":115,"pointCount":4,"homeWorkCommuteMedian":15955,"workHomeCommuteMedian":-1},"geometry":{"type":"Polygon","coordinates":[[[17.486740181862334,51.038159759990315],[17.486740181862334,51.04715296362756],[17.49573338549958,51.04715296362756],[17.49573338549958,51.038159759990315],[17.486740181862334,51.038159759990315]]]}},{"type":"Feature","properties":{"jobs":0,"pop":98,"pointCount":2,"homeWorkCommuteMedian":13984,"workHomeCommuteMedian":-1},"geometry":{"type":"Polygon","coordinates":[[[17.486740181862334,51.18205101818625],[17.486740181862334,51.191044221823496],[17.49573338549958,51.191044221823496],[17.49573338549958,51.18205101818625],[17.486740181862334,51.18205101818625]]]}},{"type":"Feature","properties":{"jobs":25,"pop":0,"pointCount":1,"homeWorkCommuteMedian":-1,"workHomeCommuteMedian":44900},"geometry":{"type":"Polygon","coordinates":[[[17.486740181862334,51.191044221823496],[17.486740181862334,51.20003742546074],[17.49573338549958,51.20003742546074],[17.49573338549958,51.191044221823496],[17.486740181862334,51.191044221823496]]]}},{"type":"Feature","properties":{"jobs":94,"pop":0,"pointCount":1,"homeWorkCommuteMedian":-1,"workHomeCommuteMedian":45819},"geometry":{"type":"Polygon","coordinates":[[[17.486740181862334,51.22701703637248],[17.486740181862334,51.236010240009726],[17.49573338549958,51.236010240009726],[17.49573338549958,51.22701703637248],[17.486740181862334,51.22701703637248]]]}},{"type":"Feature","properties":{"jobs":29,"pop":0,"pointCount":1,"homeWorkCommuteMedian":-1,"workHomeCommuteMedian":14357},"geometry":{"type":"Polygon","coordinates":[[[17.49573338549958,50.993193741804085],[17.49573338549958,51.00218694544133],[17.504726589136826,51.00218694544133],[17.504726589136826,50.993193741804085],[17.49573338549958,50.993193741804085]]]}},{"type":"Feature","properties":{"jobs":0,"pop":51,"pointCount":1,"homeWorkCommuteMedian":8911,"workHomeCommuteMedian":-1},"geometry":{"type":"Polygon","coordinates":[[[17.49573338549958,51.191044221823496],[17.49573338549958,51.20003742546074],[17.504726589136826,51.20003742546074],[17.504726589136826,51.191044221823496],[17.49573338549958,51.191044221823496]]]}},{"type":"Feature","properties":{"jobs":49,"pop":113,"pointCount":3,"homeWorkCommuteMedian":19145,"workHomeCommuteMedian":13605},"geometry":{"type":"Polygon","coordinates":[[[17.504726589136826,50.993193741804085],[17.504726589136826,51.00218694544133],[17.513719792774072,51.00218694544133],[17.513719792774072,50.993193741804085],[17.504726589136826,50.993193741804085]]]}},{"type":"Feature","properties":{"jobs":40,"pop":0,"pointCount":1,"homeWorkCommuteMedian":-1,"workHomeCommuteMedian":56276},"geometry":{"type":"Polygon","coordinates":[[[17.504726589136826,51.191044221823496],[17.504726589136826,51.20003742546074],[17.513719792774072,51.20003742546074],[17.513719792774072,51.191044221823496],[17.504726589136826,51.191044221823496]]]}},{"type":"Feature","properties":{"jobs":26,"pop":28,"pointCount":1,"homeWorkCommuteMedian":14383,"workHomeCommuteMedian":66776},"geometry":{"type":"Polygon","coordinates":[[[17.504726589136826,51.20903062909799],[17.504726589136826,51.218023832735234],[17.513719792774072,51.218023832735234],[17.513719792774072,51.20903062909799],[17.504726589136826,51.20903062909799]]]}},{"type":"Feature","properties":{"jobs":0,"pop":50,"pointCount":1,"homeWorkCommuteMedian":10022,"workHomeCommuteMedian":-1},"geometry":{"type":"Polygon","coordinates":[[[17.504726589136826,51.218023832735234],[17.504726589136826,51.22701703637248],[17.513719792774072,51.22701703637248],[17.513719792774072,51.218023832735234],[17.504726589136826,51.218023832735234]]]}},{"type":"Feature","properties":{"jobs":0,"pop":31,"pointCount":1,"homeWorkCommuteMedian":8616,"workHomeCommuteMedian":-1},"geometry":{"type":"Polygon","coordinates":[[[17.504726589136826,51.22701703637248],[17.504726589136826,51.236010240009726],[17.513719792774072,51.236010240009726],[17.513719792774072,51.22701703637248],[17.504726589136826,51.22701703637248]]]}},{"type":"Feature","properties":{"jobs":76,"pop":46,"pointCount":3,"homeWorkCommuteMedian":9032,"workHomeCommuteMedian":48338},"geometry":{"type":"Polygon","coordinates":[[[17.504726589136826,51.236010240009726],[17.504726589136826,51.24500344364697],[17.513719792774072,51.24500344364697],[17.513719792774072,51.236010240009726],[17.504726589136826,51.236010240009726]]]}},{"type":"Feature","properties":{"jobs":0,"pop":30,"pointCount":1,"homeWorkCommuteMedian":20622,"workHomeCommuteMedian":-1},"geometry":{"type":"Polygon","coordinates":[[[17.513719792774072,50.993193741804085],[17.513719792774072,51.00218694544133],[17.522712996411318,51.00218694544133],[17.522712996411318,50.993193741804085],[17.513719792774072,50.993193741804085]]]}},{"type":"Feature","properties":{"jobs":0,"pop":82,"pointCount":2,"homeWorkCommuteMedian":29626,"workHomeCommuteMedian":-1},"geometry":{"type":"Polygon","coordinates":[[[17.513719792774072,51.22701703637248],[17.513719792774072,51.236010240009726],[17.522712996411318,51.236010240009726],[17.522712996411318,51.22701703637248],[17.513719792774072,51.22701703637248]]]}},{"type":"Feature","properties":{"jobs":0,"pop":57,"pointCount":1,"homeWorkCommuteMedian":52904,"workHomeCommuteMedian":-1},"geometry":{"type":"Polygon","coordinates":[[[17.513719792774072,51.280976258195956],[17.513719792774072,51.2899694618332],[17.522712996411318,51.2899694618332],[17.522712996411318,51.280976258195956],[17.513719792774072,51.280976258195956]]]}},{"type":"Feature","properties":{"jobs":71,"pop":0,"pointCount":1,"homeWorkCommuteMedian":-1,"workHomeCommuteMedian":51158},"geometry":{"type":"Polygon","coordinates":[[[17.513719792774072,51.2899694618332],[17.513719792774072,51.29896266547045],[17.522712996411318,51.29896266547045],[17.522712996411318,51.2899694618332],[17.513719792774072,51.2899694618332]]]}},{"type":"Feature","properties":{"jobs":0,"pop":44,"pointCount":1,"homeWorkCommuteMedian":12448,"workHomeCommuteMedian":-1},"geometry":{"type":"Polygon","coordinates":[[[17.522712996411318,51.22701703637248],[17.522712996411318,51.236010240009726],[17.531706200048564,51.236010240009726],[17.531706200048564,51.22701703637248],[17.522712996411318,51.22701703637248]]]}},{"type":"Feature","properties":{"jobs":31,"pop":0,"pointCount":1,"homeWorkCommuteMedian":-1,"workHomeCommuteMedian":51656},"geometry":{"type":"Polygon","coordinates":[[[17.522712996411318,51.236010240009726],[17.522712996411318,51.24500344364697],[17.531706200048564,51.24500344364697],[17.531706200048564,51.236010240009726],[17.522712996411318,51.236010240009726]]]}},{"type":"Feature","properties":{"jobs":0,"pop":71,"pointCount":2,"homeWorkCommuteMedian":18589,"workHomeCommuteMedian":-1},"geometry":{"type":"Polygon","coordinates":[[[17.522712996411318,51.280976258195956],[17.522712996411318,51.2899694618332],[17.531706200048564,51.2899694618332],[17.531706200048564,51.280976258195956],[17.522712996411318,51.280976258195956]]]}},{"type":"Feature","properties":{"jobs":25,"pop":78,"pointCount":3,"homeWorkCommuteMedian":15065,"workHomeCommuteMedian":53430},"geometry":{"type":"Polygon","coordinates":[[[17.531706200048564,51.218023832735234],[17.531706200048564,51.22701703637248],[17.54069940368581,51.22701703637248],[17.54069940368581,51.218023832735234],[17.531706200048564,51.218023832735234]]]}},{"type":"Feature","properties":{"jobs":26,"pop":81,"pointCount":3,"homeWorkCommuteMedian":15012,"workHomeCommuteMedian":45152},"geometry":{"type":"Polygon","coordinates":[[[17.531706200048564,51.22701703637248],[17.531706200048564,51.236010240009726],[17.54069940368581,51.236010240009726],[17.54069940368581,51.22701703637248],[17.531706200048564,51.22701703637248]]]}},{"type":"Feature","properties":{"jobs":45,"pop":44,"pointCount":2,"homeWorkCommuteMedian":14742,"workHomeCommuteMedian":11632},"geometry":{"type":"Polygon","coordinates":[[[17.531706200048564,51.236010240009726],[17.531706200048564,51.24500344364697],[17.54069940368581,51.24500344364697],[17.54069940368581,51.236010240009726],[17.531706200048564,51.236010240009726]]]}},{"type":"Feature","properties":{"jobs":67,"pop":95,"pointCount":1,"homeWorkCommuteMedian":8458,"workHomeCommuteMedian":9032},"geometry":{"type":"Polygon","coordinates":[[[17.531706200048564,51.280976258195956],[17.531706200048564,51.2899694618332],[17.54069940368581,51.2899694618332],[17.54069940368581,51.280976258195956],[17.531706200048564,51.280976258195956]]]}},{"type":"Feature","properties":{"jobs":174,"pop":132,"pointCount":7,"homeWorkCommuteMedian":11362,"workHomeCommuteMedian":44894},"geometry":{"type":"Polygon","coordinates":[[[17.54069940368581,51.236010240009726],[17.54069940368581,51.24500344364697],[17.549692607323056,51.24500344364697],[17.549692607323056,51.236010240009726],[17.54069940368581,51.236010240009726]]]}},{"type":"Feature","properties":{"jobs":73,"pop":88,"pointCount":5,"homeWorkCommuteMedian":10846,"workHomeCommuteMedian":52438},"geometry":{"type":"Polygon","coordinates":[[[17.54069940368581,51.24500344364697],[17.54069940368581,51.25399664728422],[17.549692607323056,51.25399664728422],[17.549692607323056,51.24500344364697],[17.54069940368581,51.24500344364697]]]}},{"type":"Feature","properties":{"jobs":106,"pop":88,"pointCount":4,"homeWorkCommuteMedian":11426,"workHomeCommuteMedian":56002},"geometry":{"type":"Polygon","coordinates":[[[17.54069940368581,51.25399664728422],[17.54069940368581,51.262989850921464],[17.549692607323056,51.262989850921464],[17.549692607323056,51.25399664728422],[17.54069940368581,51.25399664728422]]]}},{"type":"Feature","properties":{"jobs":110,"pop":21,"pointCount":1,"homeWorkCommuteMedian":8140,"workHomeCommuteMedian":39478},"geometry":{"type":"Polygon","coordinates":[[[17.549692607323056,51.236010240009726],[17.549692607323056,51.24500344364697],[17.558685810960302,51.24500344364697],[17.558685810960302,51.236010240009726],[17.549692607323056,51.236010240009726]]]}},{"type":"Feature","properties":{"jobs":0,"pop":27,"pointCount":1,"homeWorkCommuteMedian":8416,"workHomeCommuteMedian":-1},"geometry":{"type":"Polygon","coordinates":[[[17.558685810960302,51.25399664728422],[17.558685810960302,51.262989850921464],[17.567679014597548,51.262989850921464],[17.567679014597548,51.25399664728422],[17.558685810960302,51.25399664728422]]]}},{"type":"Feature","properties":{"jobs":24,"pop":22,"pointCount":1,"homeWorkCommuteMedian":24521,"workHomeCommuteMedian":47360},"geometry":{"type":"Polygon","coordinates":[[[17.576672218234794,51.236010240009726],[17.576672218234794,51.24500344364697],[17.58566542187204,51.24500344364697],[17.58566542187204,51.236010240009726],[17.576672218234794,51.236010240009726]]]}}],"properties":{"residentWeightedNearestNeighborKm":{"p10":0.09617395408004951,"p25":0.10900706028852018,"p50":0.11700950006475022,"p75":0.1770320574584822,"p90":0.2503912773305562,"mean":0.15853373205851984},"workerWeightedNearestNeighborKm":{"p10":0.10528014085721006,"p25":0.11614602295854749,"p50":0.14895736527354056,"p75":0.22703653580120045,"p90":0.31356850334204117,"mean":0.19144330579273391},"commuteDistanceKm":{"p10":1976,"p25":3577,"p50":6657,"p75":12165,"p90":24133,"mean":10354.858886894075},"residentCellDensity":{"p10":27,"p25":41,"p50":76,"p75":170,"p90":663,"mean":301.7021479713604},"workerCellDensity":{"p10":28,"p25":41,"p50":83,"p75":282,"p90":976,"mean":415.66600920447075},"detail":{"radiusKm":0.1320205546179055,"expectedPointSpacingKm":0.5419373589786212,"normalizedRadius":0.24360851384507257,"activityPerPoint":76.79521438114904,"playableAreaKm2":4060,"playableAreaPerPointKm2":0.4931373739827523,"playableCatchmentRadiusKm":0.39619502948096574,"localityScore":1,"deaggregationScore":1,"score":1},"polycentrism":{"activity":{"score":0,"continuousScore":0.7495453951286765,"detectedCenterCount":1,"effectiveCenterCount":1,"largestCenterShare":1,"bandwidthKm":1.3,"reliabilityScore":1,"supportLevel":"high","usedFallback":false,"topCenters":[{"longitude":17.039465089917172,"latitude":51.109526578220546,"massShare":1,"assignedMass":1264510,"assignedPointCount":8233,"prominenceRatio":1}],"debug":{"rawPeakCount":127,"mergedPeakCount":84,"filteredPeakCount":1,"prominenceThreshold":0.22,"minPointsPerCenter":10,"rejectedCenters":[{"longitude":17.139281507357083,"latitude":51.14492147452246,"massShare":0.06778435915888367,"assignedMass":85714,"assignedPointCount":522,"prominenceRatio":0.9999999892300786,"strongestCompetitorDistanceKm":8.28102261151115,"strongestCompetitorPotential":171941.0381642817,"localConsolidatedShare":0.06778435915888367,"localConsolidatedMass":85714,"localContributorCount":1,"localContributorDistancesKm":[],"rejectionReasons":["not_dominant_local_peak","below_relative_share_floor","too_close_for_low_share_center"]},{"longitude":17.391963407536647,"latitude":51.2081757296496,"massShare":0.031167804129662875,"assignedMass":39412,"assignedPointCount":332,"prominenceRatio":1,"strongestCompetitorDistanceKm":27.04419720244082,"strongestCompetitorPotential":171941.0381642817,"localConsolidatedShare":0.031167804129662875,"localConsolidatedMass":39412,"localContributorCount":1,"localContributorDistancesKm":[],"rejectionReasons":["below_secondary_share_floor"]},{"longitude":17.292389533488976,"latitude":50.941064752446046,"massShare":0.03132992226237831,"assignedMass":39617,"assignedPointCount":294,"prominenceRatio":1,"strongestCompetitorDistanceKm":25.896578476133886,"strongestCompetitorPotential":171941.0381642817,"localConsolidatedShare":0.03132992226237831,"localConsolidatedMass":39617,"localContributorCount":1,"localContributorDistancesKm":[],"rejectionReasons":["below_secondary_share_floor"]},{"longitude":16.915463787356586,"latitude":51.13476334188461,"massShare":0.07518564503246317,"assignedMass":95073,"assignedPointCount":507,"prominenceRatio":0.9999999999995953,"strongestCompetitorDistanceKm":10.196316398410323,"strongestCompetitorPotential":171941.0381642817,"localConsolidatedShare":0.07518564503246317,"localConsolidatedMass":95073,"localContributorCount":1,"localContributorDistancesKm":[],"rejectionReasons":["not_dominant_local_peak","below_relative_share_floor","too_close_for_low_share_center"]},{"longitude":17.324481647372057,"latitude":51.034849218748626,"massShare":0.017742050280345745,"assignedMass":22435,"assignedPointCount":202,"prominenceRatio":1,"strongestCompetitorDistanceKm":21.42954947100158,"strongestCompetitorPotential":171941.0381642817,"localConsolidatedShare":0.017742050280345745,"localConsolidatedMass":22435,"localContributorCount":1,"localContributorDistancesKm":[],"rejectionReasons":["below_secondary_share_floor"]},{"longitude":17.14262724255576,"latitude":51.03749807678769,"massShare":0.025023131489667935,"assignedMass":31642,"assignedPointCount":300,"prominenceRatio":1,"strongestCompetitorDistanceKm":11.840793298203508,"strongestCompetitorPotential":171941.0381642817,"localConsolidatedShare":0.025023131489667935,"localConsolidatedMass":31642,"localContributorCount":1,"localContributorDistancesKm":[],"rejectionReasons":["below_secondary_share_floor"]},{"longitude":17.06728626728491,"latitude":51.31121068246962,"massShare":0.014038639472997445,"assignedMass":17752,"assignedPointCount":170,"prominenceRatio":1,"strongestCompetitorDistanceKm":22.526828553394832,"strongestCompetitorPotential":171941.0381642817,"localConsolidatedShare":0.014038639472997445,"localConsolidatedMass":17752,"localContributorCount":1,"localContributorDistancesKm":[],"rejectionReasons":["below_secondary_share_floor"]},{"longitude":17.07074502101491,"latitude":50.78405492000171,"massShare":0.012181793738285976,"assignedMass":15404,"assignedPointCount":180,"prominenceRatio":1,"strongestCompetitorDistanceKm":35.83446490099532,"strongestCompetitorPotential":171941.0381642817,"localConsolidatedShare":0.012181793738285976,"localConsolidatedMass":15404,"localContributorCount":1,"localContributorDistancesKm":[],"rejectionReasons":["below_secondary_share_floor"]},{"longitude":16.603242776063425,"latitude":51.16414740007583,"massShare":0.012808123304679283,"assignedMass":16196,"assignedPointCount":166,"prominenceRatio":1,"strongestCompetitorDistanceKm":31.319072175485008,"strongestCompetitorPotential":171941.0381642817,"localConsolidatedShare":0.012808123304679283,"localConsolidatedMass":16196,"localContributorCount":1,"localContributorDistancesKm":[],"rejectionReasons":["below_secondary_share_floor"]},{"longitude":16.718881337415162,"latitude":51.270021385468354,"massShare":0.009947726787451266,"assignedMass":12579,"assignedPointCount":125,"prominenceRatio":1,"strongestCompetitorDistanceKm":28.985363114474392,"strongestCompetitorPotential":171941.0381642817,"localConsolidatedShare":0.009947726787451266,"localConsolidatedMass":12579,"localContributorCount":1,"localContributorDistancesKm":[],"rejectionReasons":["below_secondary_share_floor"]},{"longitude":16.918653451411103,"latitude":51.30398422260104,"massShare":0.008765450648867941,"assignedMass":11084,"assignedPointCount":118,"prominenceRatio":1,"strongestCompetitorDistanceKm":23.22048542625676,"strongestCompetitorPotential":171941.0381642817,"localConsolidatedShare":0.008765450648867941,"localConsolidatedMass":11084,"localContributorCount":1,"localContributorDistancesKm":[],"rejectionReasons":["below_secondary_share_floor"]},{"longitude":16.924415691661334,"latitude":51.048767397767456,"massShare":0.029393994511708092,"assignedMass":37169,"assignedPointCount":264,"prominenceRatio":0.9999999999999982,"strongestCompetitorDistanceKm":11.208852757299834,"strongestCompetitorPotential":171941.0381642817,"localConsolidatedShare":0.029393994511708092,"localConsolidatedMass":37169,"localContributorCount":1,"localContributorDistancesKm":[],"rejectionReasons":["below_secondary_share_floor"]},{"longitude":16.770267163976932,"latitude":51.036288574242825,"massShare":0.00891491565902998,"assignedMass":11273,"assignedPointCount":125,"prominenceRatio":1,"strongestCompetitorDistanceKm":20.752724333601396,"strongestCompetitorPotential":171941.0381642817,"localConsolidatedShare":0.00891491565902998,"localConsolidatedMass":11273,"localContributorCount":1,"localContributorDistancesKm":[],"rejectionReasons":["below_secondary_share_floor"]},{"longitude":16.902967963770188,"latitude":51.470651868878015,"massShare":0.0055072715913674075,"assignedMass":6964,"assignedPointCount":86,"prominenceRatio":1,"strongestCompetitorDistanceKm":41.55129300549692,"strongestCompetitorPotential":171941.0381642817,"localConsolidatedShare":0.0055072715913674075,"localConsolidatedMass":6964,"localContributorCount":1,"localContributorDistancesKm":[],"rejectionReasons":["below_secondary_share_floor"]},{"longitude":16.74130496950118,"latitude":50.894762039780986,"massShare":0.0068105432143676205,"assignedMass":8612,"assignedPointCount":126,"prominenceRatio":1,"strongestCompetitorDistanceKm":30.799553471698463,"strongestCompetitorPotential":171941.0381642817,"localConsolidatedShare":0.0068105432143676205,"localConsolidatedMass":8612,"localContributorCount":1,"localContributorDistancesKm":[],"rejectionReasons":["below_secondary_share_floor"]},{"longitude":16.80777151500683,"latitude":51.15414125244001,"massShare":0.007840191062150557,"assignedMass":9914,"assignedPointCount":152,"prominenceRatio":1,"strongestCompetitorDistanceKm":16.545313043521183,"strongestCompetitorPotential":171941.0381642817,"localConsolidatedShare":0.007840191062150557,"localConsolidatedMass":9914,"localContributorCount":1,"localContributorDistancesKm":[],"rejectionReasons":["below_secondary_share_floor"]},{"longitude":17.04994334152733,"latitude":50.988995366324076,"massShare":0.009976987133356003,"assignedMass":12616,"assignedPointCount":179,"prominenceRatio":1,"strongestCompetitorDistanceKm":14.250615353492558,"strongestCompetitorPotential":171941.0381642817,"localConsolidatedShare":0.009976987133356003,"localConsolidatedMass":12616,"localContributorCount":1,"localContributorDistancesKm":[],"rejectionReasons":["below_secondary_share_floor"]},{"longitude":17.232891041047523,"latitude":51.07107089839695,"massShare":0.011987251979027449,"assignedMass":15158,"assignedPointCount":232,"prominenceRatio":1,"strongestCompetitorDistanceKm":15.914073985827804,"strongestCompetitorPotential":171941.0381642817,"localConsolidatedShare":0.011987251979027449,"localConsolidatedMass":15158,"localContributorCount":1,"localContributorDistancesKm":[],"rejectionReasons":["below_secondary_share_floor"]},{"longitude":17.341395786828606,"latitude":51.26745122316731,"massShare":0.0051253054542866406,"assignedMass":6481,"assignedPointCount":97,"prominenceRatio":1,"strongestCompetitorDistanceKm":28.35041614435509,"strongestCompetitorPotential":171941.0381642817,"localConsolidatedShare":0.0051253054542866406,"localConsolidatedMass":6481,"localContributorCount":1,"localContributorDistancesKm":[],"rejectionReasons":["below_secondary_share_floor"]},{"longitude":16.739388267422715,"latitude":51.17407291874448,"massShare":0.005424235474610719,"assignedMass":6859,"assignedPointCount":98,"prominenceRatio":1,"strongestCompetitorDistanceKm":21.39502587072681,"strongestCompetitorPotential":171941.0381642817,"localConsolidatedShare":0.005424235474610719,"localConsolidatedMass":6859,"localContributorCount":1,"localContributorDistancesKm":[],"rejectionReasons":["below_secondary_share_floor"]},{"longitude":16.967592215304013,"latitude":51.36804992532123,"massShare":0.0037389977145297387,"assignedMass":4728,"assignedPointCount":68,"prominenceRatio":1,"strongestCompetitorDistanceKm":29.695616158400835,"strongestCompetitorPotential":171941.0381642817,"localConsolidatedShare":0.0037389977145297387,"localConsolidatedMass":4728,"localContributorCount":1,"localContributorDistancesKm":[],"rejectionReasons":["below_secondary_share_floor"]},{"longitude":16.926303251594547,"latitude":51.2504804976144,"massShare":0.002513226467169101,"assignedMass":3178,"assignedPointCount":63,"prominenceRatio":1,"strongestCompetitorDistanceKm":17.611015042892607,"strongestCompetitorPotential":171941.0381642817,"localConsolidatedShare":0.002513226467169101,"localConsolidatedMass":3178,"localContributorCount":1,"localContributorDistancesKm":[],"rejectionReasons":["below_secondary_share_floor"]},{"longitude":17.038200747712057,"latitude":51.22526364124327,"massShare":0.005057294920562115,"assignedMass":6395,"assignedPointCount":102,"prominenceRatio":1,"strongestCompetitorDistanceKm":14.685293742124413,"strongestCompetitorPotential":171941.0381642817,"localConsolidatedShare":0.005057294920562115,"localConsolidatedMass":6395,"localContributorCount":1,"localContributorDistancesKm":[],"rejectionReasons":["below_secondary_share_floor"]},{"longitude":17.094041901058812,"latitude":51.4220693008702,"massShare":0.002140750172003385,"assignedMass":2707,"assignedPointCount":31,"prominenceRatio":1,"strongestCompetitorDistanceKm":36.0368845615383,"strongestCompetitorPotential":171941.0381642817,"localConsolidatedShare":0.002140750172003385,"localConsolidatedMass":2707,"localContributorCount":1,"localContributorDistancesKm":[],"rejectionReasons":["below_secondary_share_floor"]},{"longitude":16.935188658121152,"latitude":50.968526895448214,"massShare":0.0019137847862017699,"assignedMass":2420,"assignedPointCount":44,"prominenceRatio":1,"strongestCompetitorDistanceKm":16.394066663578048,"strongestCompetitorPotential":171941.0381642817,"localConsolidatedShare":0.0019137847862017699,"localConsolidatedMass":2420,"localContributorCount":1,"localContributorDistancesKm":[],"rejectionReasons":["below_secondary_share_floor"]},{"longitude":16.967979814298513,"latitude":51.00408212978396,"massShare":0.0026959059240338154,"assignedMass":3409,"assignedPointCount":51,"prominenceRatio":1,"strongestCompetitorDistanceKm":14.121780927851695,"strongestCompetitorPotential":171941.0381642817,"localConsolidatedShare":0.0026959059240338154,"localConsolidatedMass":3409,"localContributorCount":1,"localContributorDistancesKm":[],"rejectionReasons":["below_secondary_share_floor"]},{"longitude":17.188686229583112,"latitude":51.31371880130583,"massShare":0.0021652655969505974,"assignedMass":2738,"assignedPointCount":55,"prominenceRatio":1,"strongestCompetitorDistanceKm":25.89051533835454,"strongestCompetitorPotential":171941.0381642817,"localConsolidatedShare":0.0021652655969505974,"localConsolidatedMass":2738,"localContributorCount":1,"localContributorDistancesKm":[],"rejectionReasons":["below_secondary_share_floor"]},{"longitude":17.249433455956723,"latitude":51.177454207335366,"massShare":0.006361357363721916,"assignedMass":8044,"assignedPointCount":117,"prominenceRatio":1,"strongestCompetitorDistanceKm":19.217643251253218,"strongestCompetitorPotential":171941.0381642817,"localConsolidatedShare":0.006361357363721916,"localConsolidatedMass":8044,"localContributorCount":1,"localContributorDistancesKm":[],"rejectionReasons":["below_secondary_share_floor"]},{"longitude":16.86344344004107,"latitude":50.865682021239685,"massShare":0.002540905172754664,"assignedMass":3213,"assignedPointCount":61,"prominenceRatio":1,"strongestCompetitorDistanceKm":29.57467955056273,"strongestCompetitorPotential":171941.0381642817,"localConsolidatedShare":0.002540905172754664,"localConsolidatedMass":3213,"localContributorCount":1,"localContributorDistancesKm":[],"rejectionReasons":["below_secondary_share_floor"]},{"longitude":17.11941626891975,"latitude":51.229659294007426,"massShare":0.002349526694134487,"assignedMass":2971,"assignedPointCount":53,"prominenceRatio":1,"strongestCompetitorDistanceKm":14.90619986324389,"strongestCompetitorPotential":171941.0381642817,"localConsolidatedShare":0.002349526694134487,"localConsolidatedMass":2971,"localContributorCount":1,"localContributorDistancesKm":[],"rejectionReasons":["below_secondary_share_floor"]},{"longitude":16.997536260259253,"latitude":51.1906419892028,"massShare":0.006630236217981669,"assignedMass":8384,"assignedPointCount":102,"prominenceRatio":1,"strongestCompetitorDistanceKm":13.399006033321944,"strongestCompetitorPotential":171941.0381642817,"localConsolidatedShare":0.006630236217981669,"localConsolidatedMass":8384,"localContributorCount":1,"localContributorDistancesKm":[],"rejectionReasons":["below_secondary_share_floor"]},{"longitude":17.392263274669375,"latitude":50.963472934162084,"massShare":0.0012732204569358883,"assignedMass":1610,"assignedPointCount":34,"prominenceRatio":1,"strongestCompetitorDistanceKm":29.75852322953278,"strongestCompetitorPotential":171941.0381642817,"localConsolidatedShare":0.0012732204569358883,"localConsolidatedMass":1610,"localContributorCount":1,"localContributorDistancesKm":[],"rejectionReasons":["below_secondary_share_floor"]},{"longitude":16.609395644843783,"latitude":51.04238598465857,"massShare":0.0014258487477362774,"assignedMass":1803,"assignedPointCount":33,"prominenceRatio":1,"strongestCompetitorDistanceKm":30.334457231422938,"strongestCompetitorPotential":171941.0381642817,"localConsolidatedShare":0.0014258487477362774,"localConsolidatedMass":1803,"localContributorCount":1,"localContributorDistancesKm":[],"rejectionReasons":["below_secondary_share_floor"]},{"longitude":17.18807526249126,"latitude":51.23013205277635,"massShare":0.002793176803663079,"assignedMass":3532,"assignedPointCount":73,"prominenceRatio":1,"strongestCompetitorDistanceKm":17.419456223536347,"strongestCompetitorPotential":171941.0381642817,"localConsolidatedShare":0.002793176803663079,"localConsolidatedMass":3532,"localContributorCount":1,"localContributorDistancesKm":[],"rejectionReasons":["below_secondary_share_floor"]},{"longitude":16.654751853342173,"latitude":50.97281679903505,"massShare":0.0019928668021605206,"assignedMass":2520,"assignedPointCount":52,"prominenceRatio":1,"strongestCompetitorDistanceKm":30.99762108199017,"strongestCompetitorPotential":171941.0381642817,"localConsolidatedShare":0.0019928668021605206,"localConsolidatedMass":2520,"localContributorCount":1,"localContributorDistancesKm":[],"rejectionReasons":["below_secondary_share_floor"]},{"longitude":17.06243911191072,"latitude":50.86008727514237,"massShare":0.0016251354279523294,"assignedMass":2055,"assignedPointCount":38,"prominenceRatio":1,"strongestCompetitorDistanceKm":26.848756369917332,"strongestCompetitorPotential":171941.0381642817,"localConsolidatedShare":0.0016251354279523294,"localConsolidatedMass":2055,"localContributorCount":1,"localContributorDistancesKm":[],"rejectionReasons":["below_secondary_share_floor"]},{"longitude":16.985790130145197,"latitude":50.88120911641274,"massShare":0.0017239879479007678,"assignedMass":2180,"assignedPointCount":45,"prominenceRatio":1,"strongestCompetitorDistanceKm":25.120484196364274,"strongestCompetitorPotential":171941.0381642817,"localConsolidatedShare":0.0017239879479007678,"localConsolidatedMass":2180,"localContributorCount":1,"localContributorDistancesKm":[],"rejectionReasons":["below_secondary_share_floor"]},{"longitude":16.833833386974387,"latitude":50.98970940466653,"massShare":0.0014163589058212272,"assignedMass":1791,"assignedPointCount":37,"prominenceRatio":1,"strongestCompetitorDistanceKm":19.106293375214392,"strongestCompetitorPotential":171941.0381642817,"localConsolidatedShare":0.0014163589058212272,"localConsolidatedMass":1791,"localContributorCount":1,"localContributorDistancesKm":[],"rejectionReasons":["below_secondary_share_floor"]},{"longitude":16.841157163789887,"latitude":51.39155773259168,"massShare":0.0018505191734347693,"assignedMass":2340,"assignedPointCount":44,"prominenceRatio":1,"strongestCompetitorDistanceKm":34.09721620425946,"strongestCompetitorPotential":171941.0381642817,"localConsolidatedShare":0.0018505191734347693,"localConsolidatedMass":2340,"localContributorCount":1,"localContributorDistancesKm":[],"rejectionReasons":["below_secondary_share_floor"]},{"longitude":17.137824609305287,"latitude":50.89119617938338,"massShare":0.0019738871183304207,"assignedMass":2496,"assignedPointCount":56,"prominenceRatio":1,"strongestCompetitorDistanceKm":24.35419230429169,"strongestCompetitorPotential":171941.0381642817,"localConsolidatedShare":0.0019738871183304207,"localConsolidatedMass":2496,"localContributorCount":1,"localContributorDistancesKm":[],"rejectionReasons":["below_secondary_share_floor"]},{"longitude":16.77134875009424,"latitude":50.95493689575535,"massShare":0.0018544732742327068,"assignedMass":2345,"assignedPointCount":48,"prominenceRatio":1,"strongestCompetitorDistanceKm":25.226776527867028,"strongestCompetitorPotential":171941.0381642817,"localConsolidatedShare":0.0018544732742327068,"localConsolidatedMass":2345,"localContributorCount":1,"localContributorDistancesKm":[],"rejectionReasons":["below_secondary_share_floor"]},{"longitude":17.524145269741354,"latitude":51.23578779546905,"massShare":0.0017461309123692182,"assignedMass":2208,"assignedPointCount":49,"prominenceRatio":1,"strongestCompetitorDistanceKm":38.32707676921767,"strongestCompetitorPotential":171941.0381642817,"localConsolidatedShare":0.0017461309123692182,"localConsolidatedMass":2208,"localContributorCount":1,"localContributorDistancesKm":[],"rejectionReasons":["below_secondary_share_floor"]},{"longitude":16.86760821078211,"latitude":50.949163084031305,"massShare":0.0016528141335378922,"assignedMass":2090,"assignedPointCount":44,"prominenceRatio":1,"strongestCompetitorDistanceKm":20.181475411652787,"strongestCompetitorPotential":171941.0381642817,"localConsolidatedShare":0.0016528141335378922,"localConsolidatedMass":2090,"localContributorCount":1,"localContributorDistancesKm":[],"rejectionReasons":["below_secondary_share_floor"]},{"longitude":16.838367408850544,"latitude":51.22676713379559,"massShare":0.002429399530252825,"assignedMass":3072,"assignedPointCount":66,"prominenceRatio":1,"strongestCompetitorDistanceKm":20.145827180121337,"strongestCompetitorPotential":171941.0381642817,"localConsolidatedShare":0.002429399530252825,"localConsolidatedMass":3072,"localContributorCount":1,"localContributorDistancesKm":[],"rejectionReasons":["below_secondary_share_floor"]},{"longitude":16.68328620938119,"latitude":51.036028548450915,"massShare":0.0010668163952835487,"assignedMass":1349,"assignedPointCount":25,"prominenceRatio":1,"strongestCompetitorDistanceKm":25.56934926568685,"strongestCompetitorPotential":171941.0381642817,"localConsolidatedShare":0.0010668163952835487,"localConsolidatedMass":1349,"localContributorCount":1,"localContributorDistancesKm":[],"rejectionReasons":["below_secondary_share_floor"]},{"longitude":16.840838125906423,"latitude":51.338271737496115,"massShare":0.001357047393852164,"assignedMass":1716,"assignedPointCount":33,"prominenceRatio":1,"strongestCompetitorDistanceKm":28.945880819180353,"strongestCompetitorPotential":171941.0381642817,"localConsolidatedShare":0.001357047393852164,"localConsolidatedMass":1716,"localContributorCount":1,"localContributorDistancesKm":[],"rejectionReasons":["below_secondary_share_floor"]},{"longitude":17.178952392838625,"latitude":50.93571050286605,"massShare":0.002096464243066484,"assignedMass":2651,"assignedPointCount":50,"prominenceRatio":1,"strongestCompetitorDistanceKm":21.727260543205418,"strongestCompetitorPotential":171941.0381642817,"localConsolidatedShare":0.002096464243066484,"localConsolidatedMass":2651,"localContributorCount":1,"localContributorDistancesKm":[],"rejectionReasons":["below_secondary_share_floor"]},{"longitude":17.34453641162753,"latitude":51.130618288906845,"massShare":0.0021850361009402852,"assignedMass":2763,"assignedPointCount":60,"prominenceRatio":1,"strongestCompetitorDistanceKm":23.278530183193094,"strongestCompetitorPotential":171941.0381642817,"localConsolidatedShare":0.0021850361009402852,"localConsolidatedMass":2763,"localContributorCount":1,"localContributorDistancesKm":[],"rejectionReasons":["below_secondary_share_floor"]},{"longitude":17.262391888972747,"latitude":51.37189772854787,"massShare":0.0010035507825165478,"assignedMass":1269,"assignedPointCount":32,"prominenceRatio":1,"strongestCompetitorDistanceKm":33.91364210912436,"strongestCompetitorPotential":171941.0381642817,"localConsolidatedShare":0.0010035507825165478,"localConsolidatedMass":1269,"localContributorCount":1,"localContributorDistancesKm":[],"rejectionReasons":["below_secondary_share_floor"]},{"longitude":16.870999711180023,"latitude":51.5435942717619,"massShare":0.0010913318202307614,"assignedMass":1380,"assignedPointCount":28,"prominenceRatio":1,"strongestCompetitorDistanceKm":49.978313488704785,"strongestCompetitorPotential":171941.0381642817,"localConsolidatedShare":0.0010913318202307614,"localConsolidatedMass":1380,"localContributorCount":1,"localContributorDistancesKm":[],"rejectionReasons":["below_secondary_share_floor"]},{"longitude":17.04602185543356,"latitude":50.724290593130355,"massShare":0.0009719179761330475,"assignedMass":1229,"assignedPointCount":28,"prominenceRatio":1,"strongestCompetitorDistanceKm":41.82779636195897,"strongestCompetitorPotential":171941.0381642817,"localConsolidatedShare":0.0009719179761330475,"localConsolidatedMass":1229,"localContributorCount":1,"localContributorDistancesKm":[],"rejectionReasons":["below_secondary_share_floor"]},{"longitude":16.656692792584003,"latitude":51.10461291664332,"massShare":0.0009434484503878973,"assignedMass":1193,"assignedPointCount":24,"prominenceRatio":1,"strongestCompetitorDistanceKm":26.47060939422987,"strongestCompetitorPotential":171941.0381642817,"localConsolidatedShare":0.0009434484503878973,"localConsolidatedMass":1193,"localContributorCount":1,"localContributorDistancesKm":[],"rejectionReasons":["below_secondary_share_floor"]},{"longitude":16.627176688219055,"latitude":51.25127582551252,"massShare":0.0007417893096930827,"assignedMass":938,"assignedPointCount":18,"prominenceRatio":1,"strongestCompetitorDistanceKm":33.127267626041686,"strongestCompetitorPotential":171941.0381642817,"localConsolidatedShare":0.0007417893096930827,"localConsolidatedMass":938,"localContributorCount":1,"localContributorDistancesKm":[],"rejectionReasons":["below_secondary_share_floor"]},{"longitude":17.449673343031392,"latitude":51.021758581702365,"massShare":0.0006998758412349447,"assignedMass":885,"assignedPointCount":22,"prominenceRatio":1,"strongestCompetitorDistanceKm":31.508835892531664,"strongestCompetitorPotential":171941.0381642817,"localConsolidatedShare":0.0006998758412349447,"localConsolidatedMass":885,"localContributorCount":1,"localContributorDistancesKm":[],"rejectionReasons":["below_secondary_share_floor"]},{"longitude":17.24676189712913,"latitude":51.27709234696943,"massShare":0.0011617148144340496,"assignedMass":1469,"assignedPointCount":35,"prominenceRatio":1,"strongestCompetitorDistanceKm":23.33326965999247,"strongestCompetitorPotential":171941.0381642817,"localConsolidatedShare":0.0011617148144340496,"localConsolidatedMass":1469,"localContributorCount":1,"localContributorDistancesKm":[],"rejectionReasons":["below_secondary_share_floor"]},{"longitude":16.71021021108179,"latitude":51.08391779912018,"massShare":0.0008627847941099715,"assignedMass":1091,"assignedPointCount":17,"prominenceRatio":1,"strongestCompetitorDistanceKm":25.256369313651014,"strongestCompetitorPotential":171941.0381642817,"localConsolidatedShare":0.0008627847941099715,"localConsolidatedMass":1091,"localContributorCount":1,"localContributorDistancesKm":[],"rejectionReasons":["below_secondary_share_floor"]},{"longitude":16.81955424660027,"latitude":51.299964904601005,"massShare":0.0005804619971372311,"assignedMass":734,"assignedPointCount":15,"prominenceRatio":1,"strongestCompetitorDistanceKm":25.531379691613548,"strongestCompetitorPotential":171941.0381642817,"localConsolidatedShare":0.0005804619971372311,"localConsolidatedMass":734,"localContributorCount":1,"localContributorDistancesKm":[],"rejectionReasons":["below_secondary_share_floor"]},{"longitude":16.8140569308806,"latitude":51.46914028309353,"massShare":0.0008366877288435837,"assignedMass":1058,"assignedPointCount":18,"prominenceRatio":1,"strongestCompetitorDistanceKm":44.18167632833562,"strongestCompetitorPotential":171941.0381642817,"localConsolidatedShare":0.0008366877288435837,"localConsolidatedMass":1058,"localContributorCount":1,"localContributorDistancesKm":[],"rejectionReasons":["below_secondary_share_floor"]},{"longitude":17.167948409476327,"latitude":51.37202620506097,"massShare":0.0007243912661821575,"assignedMass":916,"assignedPointCount":19,"prominenceRatio":1,"strongestCompetitorDistanceKm":31.90470921343677,"strongestCompetitorPotential":171941.0381642817,"localConsolidatedShare":0.0007243912661821575,"localConsolidatedMass":916,"localContributorCount":1,"localContributorDistancesKm":[],"rejectionReasons":["below_secondary_share_floor"]},{"longitude":16.961106503423693,"latitude":51.44052741914174,"massShare":0.0005535741117112557,"assignedMass":700,"assignedPointCount":13,"prominenceRatio":1,"strongestCompetitorDistanceKm":37.8238395615555,"strongestCompetitorPotential":171941.0381642817,"localConsolidatedShare":0.0005535741117112557,"localConsolidatedMass":700,"localContributorCount":1,"localContributorDistancesKm":[],"rejectionReasons":["below_secondary_share_floor"]},{"longitude":17.473746871765844,"latitude":50.980719429903324,"massShare":0.0004064815620279792,"assignedMass":514,"assignedPointCount":12,"prominenceRatio":1,"strongestCompetitorDistanceKm":33.64019496896117,"strongestCompetitorPotential":171941.0381642817,"localConsolidatedShare":0.0004064815620279792,"localConsolidatedMass":514,"localContributorCount":1,"localContributorDistancesKm":[],"rejectionReasons":["below_secondary_share_floor"]},{"longitude":16.960562915808637,"latitude":50.92693211897394,"massShare":0.0006500541711809318,"assignedMass":822,"assignedPointCount":20,"prominenceRatio":1,"strongestCompetitorDistanceKm":20.15888487122674,"strongestCompetitorPotential":171941.0381642817,"localConsolidatedShare":0.0006500541711809318,"localConsolidatedMass":822,"localContributorCount":1,"localContributorDistancesKm":[],"rejectionReasons":["below_secondary_share_floor"]},{"longitude":16.548816418984096,"latitude":51.01678948488857,"massShare":0.0005923242995310436,"assignedMass":749,"assignedPointCount":19,"prominenceRatio":1,"strongestCompetitorDistanceKm":35.885228898650716,"strongestCompetitorPotential":171941.0381642817,"localConsolidatedShare":0.0005923242995310436,"localConsolidatedMass":749,"localContributorCount":1,"localContributorDistancesKm":[],"rejectionReasons":["below_secondary_share_floor"]},{"longitude":17.269448155066886,"latitude":50.86451477034262,"massShare":0.0009379127092707847,"assignedMass":1186,"assignedPointCount":25,"prominenceRatio":1,"strongestCompetitorDistanceKm":33.639571715088245,"strongestCompetitorPotential":171941.0381642817,"localConsolidatedShare":0.0009379127092707847,"localConsolidatedMass":1186,"localContributorCount":1,"localContributorDistancesKm":[],"rejectionReasons":["below_secondary_share_floor"]},{"longitude":17.468105471638324,"latitude":51.05015612226512,"massShare":0.0004112264829855043,"assignedMass":520,"assignedPointCount":13,"prominenceRatio":1,"strongestCompetitorDistanceKm":31.75188423717219,"strongestCompetitorPotential":171941.0381642817,"localConsolidatedShare":0.0004112264829855043,"localConsolidatedMass":520,"localContributorCount":1,"localContributorDistancesKm":[],"rejectionReasons":["below_secondary_share_floor"]},{"longitude":16.986258318826142,"latitude":50.82829840349895,"massShare":0.0004626297933586923,"assignedMass":585,"assignedPointCount":14,"prominenceRatio":1,"strongestCompetitorDistanceKm":31.30582599045795,"strongestCompetitorPotential":171941.0381642817,"localConsolidatedShare":0.0004626297933586923,"localConsolidatedMass":585,"localContributorCount":1,"localContributorDistancesKm":[],"rejectionReasons":["below_secondary_share_floor"]},{"longitude":17.142296279126448,"latitude":51.40297645427663,"massShare":0.0003882926983574665,"assignedMass":491,"assignedPointCount":11,"prominenceRatio":1,"strongestCompetitorDistanceKm":34.61170054782478,"strongestCompetitorPotential":171941.0381642817,"localConsolidatedShare":0.0003882926983574665,"localConsolidatedMass":491,"localContributorCount":1,"localContributorDistancesKm":[],"rejectionReasons":["below_secondary_share_floor"]},{"longitude":17.012027237687366,"latitude":51.42094012847966,"massShare":0.0003693130145273663,"assignedMass":467,"assignedPointCount":7,"prominenceRatio":1,"strongestCompetitorDistanceKm":35.18305008614771,"strongestCompetitorPotential":171941.0381642817,"localConsolidatedShare":0.0003693130145273663,"localConsolidatedMass":467,"localContributorCount":1,"localContributorDistancesKm":[],"rejectionReasons":["below_min_points_per_center"]},{"longitude":16.565922126735934,"latitude":51.09019184818482,"massShare":0.000718855525065045,"assignedMass":909,"assignedPointCount":21,"prominenceRatio":1,"strongestCompetitorDistanceKm":32.15575042119446,"strongestCompetitorPotential":171941.0381642817,"localConsolidatedShare":0.000718855525065045,"localConsolidatedMass":909,"localContributorCount":1,"localContributorDistancesKm":[],"rejectionReasons":["below_secondary_share_floor"]},{"longitude":17.345779995188956,"latitude":50.86353266020979,"massShare":0.0008959992408126468,"assignedMass":1133,"assignedPointCount":19,"prominenceRatio":1,"strongestCompetitorDistanceKm":35.85882714280361,"strongestCompetitorPotential":171941.0381642817,"localConsolidatedShare":0.0008959992408126468,"localConsolidatedMass":1133,"localContributorCount":1,"localContributorDistancesKm":[],"rejectionReasons":["below_secondary_share_floor"]},{"longitude":17.197151280533888,"latitude":51.40721997520551,"massShare":0.00023408276723790243,"assignedMass":296,"assignedPointCount":7,"prominenceRatio":1,"strongestCompetitorDistanceKm":35.14136981983435,"strongestCompetitorPotential":171941.0381642817,"localConsolidatedShare":0.00023408276723790243,"localConsolidatedMass":296,"localContributorCount":1,"localContributorDistancesKm":[],"rejectionReasons":["below_min_points_per_center"]},{"longitude":17.527737326254684,"latitude":51.28926558560969,"massShare":0.00028548607761109046,"assignedMass":361,"assignedPointCount":5,"prominenceRatio":1,"strongestCompetitorDistanceKm":40.287193798413554,"strongestCompetitorPotential":171941.0381642817,"localConsolidatedShare":0.00028548607761109046,"localConsolidatedMass":361,"localContributorCount":1,"localContributorDistancesKm":[],"rejectionReasons":["below_min_points_per_center"]},{"longitude":16.97075452163418,"latitude":51.512316266812164,"massShare":0.00024278178899336502,"assignedMass":307,"assignedPointCount":5,"prominenceRatio":1,"strongestCompetitorDistanceKm":45.64333985748409,"strongestCompetitorPotential":171941.0381642817,"localConsolidatedShare":0.00024278178899336502,"localConsolidatedMass":307,"localContributorCount":1,"localContributorDistancesKm":[],"rejectionReasons":["below_min_points_per_center"]},{"longitude":17.508573343911223,"latitude":51.000378351345006,"massShare":0.0002024499608544021,"assignedMass":256,"assignedPointCount":6,"prominenceRatio":1,"strongestCompetitorDistanceKm":34.622918502231684,"strongestCompetitorPotential":171941.0381642817,"localConsolidatedShare":0.0002024499608544021,"localConsolidatedMass":256,"localContributorCount":1,"localContributorDistancesKm":[],"rejectionReasons":["below_min_points_per_center"]},{"longitude":16.597867817256805,"latitude":50.938684474378,"massShare":0.0002981392001644906,"assignedMass":377,"assignedPointCount":8,"prominenceRatio":1,"strongestCompetitorDistanceKm":36.10601965649138,"strongestCompetitorPotential":171941.0381642817,"localConsolidatedShare":0.0002981392001644906,"localConsolidatedMass":377,"localContributorCount":1,"localContributorDistancesKm":[],"rejectionReasons":["below_min_points_per_center"]},{"longitude":17.448179007633584,"latitude":51.277722391857495,"massShare":0.0003107923227178907,"assignedMass":393,"assignedPointCount":8,"prominenceRatio":1,"strongestCompetitorDistanceKm":35.0226698911285,"strongestCompetitorPotential":171941.0381642817,"localConsolidatedShare":0.0003107923227178907,"localConsolidatedMass":393,"localContributorCount":1,"localContributorDistancesKm":[],"rejectionReasons":["below_min_points_per_center"]},{"longitude":17.01391858490566,"latitude":51.45896948113207,"massShare":0.00016765387383255173,"assignedMass":212,"assignedPointCount":5,"prominenceRatio":1,"strongestCompetitorDistanceKm":39.251182831981,"strongestCompetitorPotential":171941.0381642817,"localConsolidatedShare":0.00016765387383255173,"localConsolidatedMass":212,"localContributorCount":1,"localContributorDistancesKm":[],"rejectionReasons":["below_min_points_per_center"]},{"longitude":17.03757231883257,"latitude":51.51613304793741,"massShare":0.00015183747064080158,"assignedMass":192,"assignedPointCount":4,"prominenceRatio":1,"strongestCompetitorDistanceKm":45.50068474267851,"strongestCompetitorPotential":171941.0381642817,"localConsolidatedShare":0.00015183747064080158,"localConsolidatedMass":192,"localContributorCount":1,"localContributorDistancesKm":[],"rejectionReasons":["below_min_points_per_center"]},{"longitude":16.979066474820144,"latitude":51.53605294964028,"massShare":0.00010992400218266364,"assignedMass":139,"assignedPointCount":2,"prominenceRatio":1,"strongestCompetitorDistanceKm":47.88678331611655,"strongestCompetitorPotential":171941.0381642817,"localConsolidatedShare":0.00010992400218266364,"localConsolidatedMass":139,"localContributorCount":1,"localContributorDistancesKm":[],"rejectionReasons":["below_min_points_per_center"]},{"longitude":17.169710153038185,"latitude":50.75079151879761,"massShare":0.00021984800436532727,"assignedMass":278,"assignedPointCount":6,"prominenceRatio":1,"strongestCompetitorDistanceKm":41.83082713337347,"strongestCompetitorPotential":171941.0381642817,"localConsolidatedShare":0.00021984800436532727,"localConsolidatedMass":278,"localContributorCount":1,"localContributorDistancesKm":[],"rejectionReasons":["below_min_points_per_center"]},{"longitude":16.977283614457832,"latitude":50.703597048192776,"massShare":0.00013127614649152637,"assignedMass":166,"assignedPointCount":3,"prominenceRatio":1,"strongestCompetitorDistanceKm":44.72112049508876,"strongestCompetitorPotential":171941.0381642817,"localConsolidatedShare":0.00013127614649152637,"localConsolidatedMass":166,"localContributorCount":1,"localContributorDistancesKm":[],"rejectionReasons":["below_min_points_per_center"]},{"longitude":16.573951176470587,"latitude":51.234247352941175,"massShare":0.00021510308340780222,"assignedMass":272,"assignedPointCount":6,"prominenceRatio":1,"strongestCompetitorDistanceKm":36.56618435015628,"strongestCompetitorPotential":171941.0381642817,"localConsolidatedShare":0.00021510308340780222,"localConsolidatedMass":272,"localContributorCount":1,"localContributorDistancesKm":[],"rejectionReasons":["below_min_points_per_center"]},{"longitude":17.02537918032787,"latitude":51.48932483606558,"massShare":0.00009648005946967601,"assignedMass":122,"assignedPointCount":3,"prominenceRatio":1,"strongestCompetitorDistanceKm":42.81946950397218,"strongestCompetitorPotential":171941.0381642817,"localConsolidatedShare":0.00009648005946967601,"localConsolidatedMass":122,"localContributorCount":1,"localContributorDistancesKm":[],"rejectionReasons":["below_min_points_per_center"]}]}}}}}
